path,label,prediction,prob_fake,prob_real,model1_prediction,1_prob_fake,1_prob_real,model2_prediction,2_prob_fake,2_prob_real,model3_prediction,3_prob_fake,3_prob_real
/content/Dataset/Test/Fake/fake_100.jpg,Fake,Real,0.3535864651203155,0.6464135646820068,Fake,0.9999982118606568,1.7410877717338735e-06,Fake,0.9977795481681824,0.0022204353008419,Fake,0.9999711513519288,2.882147600757889e-05
/content/Dataset/Test/Fake/fake_1004.jpg,Fake,Real,0.1472438871860504,0.852756142616272,Fake,0.999829888343811,0.0001700456341495,Fake,0.9426190257072448,0.0573809593915939,Fake,0.9999204874038696,7.950800500111654e-05
/content/Dataset/Test/Fake/fake_101.jpg,Fake,Real,0.1991448402404785,0.8008551597595215,Real,0.0081354528665542,0.9918645620346068,Real,0.2859598994255066,0.7140401601791382,Fake,0.6880088448524475,0.3119911551475525
/content/Dataset/Test/Fake/fake_1036.jpg,Fake,Real,0.4737756550312042,0.5262243151664734,Fake,0.9999635219573976,3.6507772165350616e-05,Fake,0.999991774559021,8.200748197850771e-06,Fake,0.9999605417251588,3.949509482481517e-05
/content/Dataset/Test/Fake/fake_104.jpg,Fake,Real,0.2344407886266708,0.765559196472168,Real,0.0013699436094611,0.9986300468444824,Real,0.013605423271656,0.9863945245742798,Fake,0.6968065500259399,0.30319344997406
/content/Dataset/Test/Fake/fake_105.jpg,Fake,Fake,0.7510548233985901,0.2489451318979263,Real,0.0122356386855244,0.9877644181251526,Fake,0.8348594903945923,0.1651405096054077,Fake,0.9757190346717834,0.0242809262126684
/content/Dataset/Test/Fake/fake_1071.jpg,Fake,Real,0.4750473797321319,0.5249525904655457,Fake,0.9999996423721312,3.5432390177447814e-07,Fake,0.9999979734420776,2.072395545837935e-06,Fake,0.999977707862854,2.233563645859249e-05
/content/Dataset/Test/Fake/fake_109.jpg,Fake,Real,0.1713587641716003,0.8286412358283997,Fake,0.9999974966049194,2.5389665552211227e-06,Fake,0.9995157718658448,0.0004842532798647,Fake,0.9999691247940063,3.0932158551877365e-05
/content/Dataset/Test/Fake/fake_1111.jpg,Fake,Fake,0.999620795249939,0.0003792054485529,Real,0.4943490624427795,0.5056509375572205,Fake,0.5956302285194397,0.4043698310852051,Fake,0.9463123679161072,0.0536876246333122
/content/Dataset/Test/Fake/fake_1139.jpg,Fake,Real,0.3345946073532104,0.6654053926467896,Fake,0.9999991655349731,8.175566108548082e-07,Fake,0.9999988079071044,1.2444139656508924e-06,Fake,0.999977707862854,2.234398925793357e-05
/content/Dataset/Test/Fake/fake_1147.jpg,Fake,Real,0.0007623879937455,0.9992376565933228,Fake,0.9999953508377076,4.627861926564947e-06,Fake,0.9877420663833618,0.0122578907757997,Fake,0.999970555305481,2.9407294277916662e-05
/content/Dataset/Test/Fake/fake_1158.jpg,Fake,Real,0.0723987519741058,0.9276012778282166,Fake,0.9999994039535522,5.67592962852359e-07,Fake,0.9999825954437256,1.7348707842756994e-05,Fake,0.9999721050262452,2.7953625249210745e-05
/content/Dataset/Test/Fake/fake_1164.jpg,Fake,Fake,0.9289164543151855,0.0710835605859756,Fake,0.9999935626983644,6.463086720032152e-06,Real,0.3987296521663666,0.6012703776359558,Fake,0.9935892820358276,0.0064107794314622
/content/Dataset/Test/Fake/fake_1165.jpg,Fake,Fake,0.849342942237854,0.1506570428609848,Real,0.3135005533695221,0.6864994764328003,Fake,0.8457528352737427,0.1542471945285797,Fake,0.9987020492553712,0.0012979110470041
/content/Dataset/Test/Fake/fake_1166.jpg,Fake,Real,0.0289113242179155,0.971088707447052,Fake,0.999997854232788,2.142008725058986e-06,Fake,0.9905549883842468,0.0094450302422046,Fake,0.9999721050262452,2.785532342386432e-05
/content/Dataset/Test/Fake/fake_1167.jpg,Fake,Real,0.0938803628087043,0.9061195850372314,Fake,0.9999881982803344,1.1768673175538424e-05,Fake,0.8518128991127014,0.1481871455907821,Fake,0.9998992681503296,0.0001007453174679
/content/Dataset/Test/Fake/fake_1171.jpg,Fake,Real,0.3940897285938263,0.6059102416038513,Fake,0.977916419506073,0.0220836009830236,Fake,0.9941774606704712,0.0058224815875291,Fake,0.9999668598175048,3.314784044050612e-05
/content/Dataset/Test/Fake/fake_1181.jpg,Fake,Real,0.2650834321975708,0.7349165678024292,Fake,0.9999487400054932,5.129163764650002e-05,Fake,0.9771631956100464,0.022836772724986,Fake,0.9999756813049316,2.429936102998909e-05
/content/Dataset/Test/Fake/fake_1183.jpg,Fake,Real,0.0161786116659641,0.9838213920593262,Fake,0.9947170615196228,0.0052829468622803,Fake,0.997047483921051,0.002952572191134,Fake,0.9999446868896484,5.53003883396741e-05
/content/Dataset/Test/Fake/fake_1206.jpg,Fake,Real,0.3689672946929931,0.6310327053070068,Fake,0.999998927116394,1.128840153796773e-06,Fake,0.9999840259552002,1.595604044268839e-05,Fake,0.9999706745147704,2.9382794309640303e-05
/content/Dataset/Test/Fake/fake_1235.jpg,Fake,Real,0.1699041724205017,0.8300958275794983,Fake,0.9866973757743835,0.0133025916293263,Fake,0.9999326467514038,6.736573413945735e-05,Fake,0.9999731779098512,2.6791958589456044e-05
/content/Dataset/Test/Fake/fake_1265.jpg,Fake,Real,0.043070238083601,0.9569297432899476,Fake,0.9999874830245972,1.2459573554224336e-05,Fake,0.9999910593032836,8.89451530383667e-06,Fake,0.999972939491272,2.702042729652021e-05
/content/Dataset/Test/Fake/fake_127.jpg,Fake,Real,0.4198091924190521,0.5801908373832703,Fake,0.9999746084213256,2.53780835919315e-05,Fake,0.9873065948486328,0.0126934414729475,Fake,0.9999680519104004,3.1896463042357937e-05
/content/Dataset/Test/Fake/fake_1274.jpg,Fake,Real,0.1920073479413986,0.8079926371574402,Real,1.912928382807877e-05,0.999980926513672,Real,0.0042201341129839,0.9957798719406128,Real,0.0009618450421839,0.9990382194519044
/content/Dataset/Test/Fake/fake_1290.jpg,Fake,Real,0.3537806272506714,0.6462193131446838,Fake,0.6173143982887268,0.3826856017112732,Fake,0.9962128400802612,0.0037872437387704,Fake,0.9999347925186156,6.52607559459284e-05
/content/Dataset/Test/Fake/fake_1299.jpg,Fake,Real,0.0341878496110439,0.9658121466636658,Fake,0.9991413354873656,0.0008586829644627,Fake,0.9993209838867188,0.000679082062561,Fake,0.9999614953994752,3.844473758363165e-05
/content/Dataset/Test/Fake/fake_1302.jpg,Fake,Real,0.1061352640390396,0.8938647508621216,Fake,0.9998078942298888,0.0001921357034007,Fake,0.9999185800552368,8.146213076543063e-05,Fake,0.9986265897750854,0.0013734316453337
/content/Dataset/Test/Fake/fake_1311.jpg,Fake,Real,0.2098514437675476,0.7901485562324524,Fake,0.9999159574508668,8.40781067381613e-05,Fake,0.9935237169265748,0.0064762127585709,Fake,0.9999737739562988,2.6188266929239035e-05
/content/Dataset/Test/Fake/fake_1313.jpg,Fake,Fake,0.9999088048934937,9.118713933276013e-05,Real,0.3088064789772033,0.6911935210227966,Fake,0.995448648929596,0.0045513645745813,Fake,0.9999741315841676,2.587157723610289e-05
/content/Dataset/Test/Fake/fake_1317.jpg,Fake,Real,0.0363427437841892,0.9636573195457458,Fake,0.9659966826438904,0.0340033583343029,Fake,0.9733745455741882,0.0266254656016826,Fake,0.9999676942825316,3.226683475077152e-05
/content/Dataset/Test/Fake/fake_1319.jpg,Fake,Real,0.0055096079595386,0.994490385055542,Fake,0.9984222650527954,0.0015777188818901,Fake,0.9428004026412964,0.0571996569633483,Fake,0.9999582767486572,4.167953011346981e-05
/content/Dataset/Test/Fake/fake_1331.jpg,Fake,Fake,0.99570494890213,0.0042950282804667,Real,0.2017392665147781,0.7982607483863831,Real,0.0210000835359096,0.9789999723434448,Fake,0.9989805817604064,0.0010194270871579
/content/Dataset/Test/Fake/fake_1333.jpg,Fake,Fake,0.835904061794281,0.1640959084033966,Fake,0.999997615814209,2.3353595679509453e-06,Real,0.4160791933536529,0.5839207768440247,Fake,0.9999712705612184,2.873787707358133e-05
/content/Dataset/Test/Fake/fake_1350.jpg,Fake,Real,0.0091124875470995,0.9908875226974488,Fake,0.999997854232788,2.1215689685050165e-06,Fake,0.9871628880500792,0.0128370849415659,Fake,0.9863404035568236,0.0136596234515309
/content/Dataset/Test/Fake/fake_1363.jpg,Fake,Real,0.18433678150177,0.8156632781028748,Fake,0.9999995231628418,5.019099944547634e-07,Fake,0.9999659061431884,3.406621181056835e-05,Fake,0.9999758005142212,2.4186907467083078e-05
/content/Dataset/Test/Fake/fake_1367.jpg,Fake,Real,0.0083631947636604,0.9916368126869202,Fake,0.9999910593032836,8.922371307562571e-06,Fake,0.9957879185676576,0.0042120986618101,Fake,0.9999731779098512,2.6834202799363996e-05
/content/Dataset/Test/Fake/fake_1408.jpg,Fake,Real,0.4079821109771728,0.5920178890228271,Fake,0.999997615814209,2.4319053864019224e-06,Fake,0.8677139282226562,0.1322860568761825,Fake,0.9999759197235109,2.4020164346438836e-05
/content/Dataset/Test/Fake/fake_142.jpg,Fake,Real,0.4159984588623047,0.5840016007423401,Fake,0.9999939203262328,6.084372671466554e-06,Fake,0.9219326376914978,0.0780673846602439,Fake,0.9999723434448242,2.766065335890744e-05
/content/Dataset/Test/Fake/fake_1437.jpg,Fake,Real,0.0029332360718399,0.9970667958259584,Real,0.0521804392337799,0.9478195905685424,Fake,0.8581441640853882,0.1418558359146118,Fake,0.9999504089355468,4.962383536621928e-05
/content/Dataset/Test/Fake/fake_1445.jpg,Fake,Real,0.0028153478633612,0.9971845746040344,Fake,0.8230947256088257,0.1769052594900131,Real,0.0005853999173268,0.999414563179016,Fake,0.8582770228385925,0.1417229622602462
/content/Dataset/Test/Fake/fake_1447.jpg,Fake,Real,0.3379059433937073,0.6620940566062927,Fake,0.9592713117599488,0.0407287254929542,Fake,0.9216131567955016,0.0783867761492729,Real,0.0003111816768068,0.9996888637542723
/content/Dataset/Test/Fake/fake_145.jpg,Fake,Real,0.4276887476444244,0.572311282157898,Fake,0.9999970197677612,2.93975404019875e-06,Fake,0.9999204874038696,7.947086851345375e-05,Fake,0.9999653100967408,3.463012399151921e-05
/content/Dataset/Test/Fake/fake_1453.jpg,Fake,Fake,0.9714865684509276,0.0285133998841047,Real,0.2176852524280548,0.7823147773742676,Fake,0.99976247549057,0.0002375186159042,Fake,0.9999608993530272,3.914617991540581e-05
/content/Dataset/Test/Fake/fake_1454.jpg,Fake,Real,0.0284583121538162,0.971541702747345,Real,0.2342317253351211,0.7657682299613953,Fake,0.995649755001068,0.0043502771295607,Fake,0.9998699426651,0.0001300886360695
/content/Dataset/Test/Fake/fake_1475.jpg,Fake,Fake,0.9914084076881408,0.0085915764793753,Real,0.3281188309192657,0.6718811988830566,Fake,0.9974126219749452,0.0025873710401356,Fake,0.999969244003296,3.07446789520327e-05
/content/Dataset/Test/Fake/fake_1479.jpg,Fake,Real,0.1492549479007721,0.8507450222969055,Fake,0.9971724152565002,0.0028276664670556,Fake,0.9964402318000792,0.0035597833339124,Fake,0.999969720840454,3.027161983482074e-05
/content/Dataset/Test/Fake/fake_1481.jpg,Fake,Real,0.1949967145919799,0.8050033450126648,Fake,0.9999979734420776,2.0851225599471945e-06,Fake,0.9999758005142212,2.4152677724487148e-05,Fake,0.9997270703315736,0.0002728691033553
/content/Dataset/Test/Fake/fake_1498.jpg,Fake,Real,0.0043350071646273,0.9956650137901306,Fake,0.6732181906700134,0.3267818689346313,Real,0.0767451822757721,0.9232547879219056,Fake,0.7520567774772644,0.2479432970285415
/content/Dataset/Test/Fake/fake_1504.jpg,Fake,Real,0.3406203985214233,0.6593796014785767,Fake,0.9999991655349731,8.058669891397585e-07,Fake,0.9999971389770508,2.915208369813626e-06,Fake,0.9999691247940063,3.084270065301098e-05
/content/Dataset/Test/Fake/fake_151.jpg,Fake,Real,0.2613252997398376,0.7386747002601624,Fake,0.9999901056289672,9.928265171765815e-06,Fake,0.9455848932266236,0.0544150657951831,Fake,0.9999364614486694,6.35552205494605e-05
/content/Dataset/Test/Fake/fake_1516.jpg,Fake,Real,0.3552025258541107,0.6447975039482117,Fake,0.9999979734420776,2.022447006311268e-06,Fake,0.9999914169311525,8.59533975017257e-06,Fake,0.999969482421875,3.0564078770112246e-05
/content/Dataset/Test/Fake/fake_1528.jpg,Fake,Real,0.0461495779454708,0.9538504481315612,Fake,0.9999516010284424,4.835560321225785e-05,Fake,0.9966685175895692,0.0033314877655357,Fake,0.9999130964279176,8.686367800692096e-05
/content/Dataset/Test/Fake/fake_1535.jpg,Fake,Real,0.433586984872818,0.5664130449295044,Fake,0.997298538684845,0.0027014291845262,Fake,0.9996753931045532,0.000324670370901,Fake,0.9999767541885376,2.319889063073788e-05
/content/Dataset/Test/Fake/fake_154.jpg,Fake,Real,0.0629299655556678,0.9370700716972352,Real,0.4564413130283355,0.5435587167739868,Real,0.4094280004501343,0.590571939945221,Real,0.0023314119316637,0.9976685643196106
/content/Dataset/Test/Fake/fake_1551.jpg,Fake,Fake,0.9998030066490172,0.000197060056962,Fake,0.9999991655349731,8.902839567781484e-07,Real,0.1190548911690712,0.8809451460838318,Fake,0.999974489212036,2.5521789211779836e-05
/content/Dataset/Test/Fake/fake_1561.jpg,Fake,Fake,0.7919222712516785,0.2080776542425155,Fake,0.986328661441803,0.0136713599786162,Real,0.3962063789367676,0.6037936210632324,Fake,0.9702267646789552,0.0297732017934322
/content/Dataset/Test/Fake/fake_1562.jpg,Fake,Fake,0.9998072981834412,0.0001927200792124,Real,0.4255690574645996,0.5744309425354004,Fake,0.9994425177574158,0.0005574971437454,Fake,0.9999754428863524,2.4554412448196672e-05
/content/Dataset/Test/Fake/fake_1568.jpg,Fake,Real,0.1363477855920791,0.8636521697044373,Fake,0.9999172687530518,8.269312093034387e-05,Fake,0.9998080134391784,0.0001920351642183,Fake,0.9999475479125975,5.238977610133588e-05
/content/Dataset/Test/Fake/fake_1571.jpg,Fake,Real,0.2892749905586242,0.7107250094413757,Fake,0.970769464969635,0.0292305294424295,Fake,0.9947622418403624,0.0052377432584762,Real,0.0485333614051342,0.9514666795730592
/content/Dataset/Test/Fake/fake_1601.jpg,Fake,Fake,0.984481930732727,0.015518101863563,Fake,0.9999969005584716,3.0941178010834847e-06,Fake,0.999953031539917,4.701377474702895e-05,Real,0.4368484616279602,0.5631515383720398
/content/Dataset/Test/Fake/fake_1607.jpg,Fake,Real,0.1955280005931854,0.804472029209137,Fake,0.9999982118606568,1.7937658185473992e-06,Fake,0.9999796152114868,2.042370761046186e-05,Fake,0.9999749660491944,2.499143374734558e-05
/content/Dataset/Test/Fake/fake_1611.jpg,Fake,Real,0.1608080118894577,0.8391920328140259,Fake,0.9658302068710328,0.0341697596013546,Fake,0.8435149788856506,0.1564850509166717,Fake,0.9920253753662108,0.0079746069386601
/content/Dataset/Test/Fake/fake_1612.jpg,Fake,Fake,0.9190977811813354,0.0809022039175033,Fake,0.99991774559021,8.230026287492365e-05,Real,0.3257647156715393,0.6742353439331055,Fake,0.9804343581199646,0.0195656288415193
/content/Dataset/Test/Fake/fake_1619.jpg,Fake,Real,0.4090258479118347,0.5909741520881653,Fake,0.8201285600662231,0.1798714101314544,Fake,0.9427058100700378,0.0572942607104778,Fake,0.9992063641548156,0.0007936088950373
/content/Dataset/Test/Fake/fake_1621.jpg,Fake,Real,0.0256888419389724,0.9743111729621888,Fake,0.9999921321868896,7.892257599451113e-06,Fake,0.9986457228660583,0.0013542764354497,Fake,0.9999077320098876,9.220220090355724e-05
/content/Dataset/Test/Fake/fake_1622.jpg,Fake,Real,0.0431894920766353,0.956810474395752,Fake,0.9999961853027344,3.795656311922357e-06,Fake,0.9944191575050354,0.0055807903409004,Fake,0.9965946078300476,0.003405372146517
/content/Dataset/Test/Fake/fake_163.jpg,Fake,Real,0.0530178658664226,0.9469820857048036,Fake,0.7825260162353516,0.2174739837646484,Fake,0.9928436875343324,0.0071563180536031,Fake,0.999861478805542,0.0001385271170875
/content/Dataset/Test/Fake/fake_1635.jpg,Fake,Real,0.1519109010696411,0.8480890989303589,Fake,0.9999994039535522,6.122166382738214e-07,Fake,0.999981164932251,1.8873764929594472e-05,Fake,0.9999735355377196,2.651920840435196e-05
/content/Dataset/Test/Fake/fake_1638.jpg,Fake,Real,0.0544332265853881,0.9455667734146118,Fake,0.9983643889427184,0.0016356105916202,Fake,0.9998319149017334,0.0001680113491602,Fake,0.9999759197235109,2.402809332124889e-05
/content/Dataset/Test/Fake/fake_1641.jpg,Fake,Real,0.0899483114480972,0.910051703453064,Fake,0.9999899864196776,9.971648069040384e-06,Fake,0.9982454776763916,0.0017545492155477,Fake,0.9999622106552124,3.772969648707658e-05
/content/Dataset/Test/Fake/fake_1648.jpg,Fake,Real,0.2379921674728393,0.7620078325271606,Fake,0.7893007397651672,0.2106992304325103,Fake,0.9991878867149352,0.0008121402352117,Fake,0.9999736547470092,2.6292444090358916e-05
/content/Dataset/Test/Fake/fake_1650.jpg,Fake,Real,0.221292108297348,0.7787078619003296,Fake,0.9999862909317015,1.3666359336639289e-05,Fake,0.9978109002113342,0.0021891021169722,Fake,0.9999754428863524,2.4527194909751412e-05
/content/Dataset/Test/Fake/fake_166.jpg,Fake,Fake,0.955106556415558,0.0448934957385063,Fake,0.9999808073043824,1.918255293276161e-05,Real,0.4330866038799286,0.5669134259223938,Fake,0.9999650716781616,3.496618592180312e-05
/content/Dataset/Test/Fake/fake_1666.jpg,Fake,Fake,0.9996294975280762,0.0003704392001964,Fake,0.996576726436615,0.0034232668112963,Fake,0.991792619228363,0.008207376115024,Real,0.0002598470891825,0.999740183353424
/content/Dataset/Test/Fake/fake_1668.jpg,Fake,Real,0.3648800253868103,0.6351199746131897,Fake,0.9999984502792358,1.4925772120477632e-06,Fake,0.999669313430786,0.0003307409351691,Fake,0.9999754428863524,2.453889283060562e-05
/content/Dataset/Test/Fake/fake_167.jpg,Fake,Real,0.0262870416045188,0.973712921142578,Fake,0.9996320009231568,0.0003679913352243,Fake,0.7713801264762878,0.2286197990179062,Fake,0.998362362384796,0.0016375770792365
/content/Dataset/Test/Fake/fake_168.jpg,Fake,Real,0.1145304068922996,0.8854696154594421,Fake,0.999902606010437,9.742660768097268e-05,Fake,0.9972142577171326,0.0027858207467943,Fake,0.999964475631714,3.546505467966199e-05
/content/Dataset/Test/Fake/fake_1682.jpg,Fake,Real,0.241410881280899,0.7585890889167786,Fake,0.9999845027923584,1.5535688362433575e-05,Fake,0.9999722242355348,2.7812589905806817e-05,Fake,0.9999709129333496,2.908366332121659e-05
/content/Dataset/Test/Fake/fake_1686.jpg,Fake,Real,0.1924196779727935,0.807580292224884,Fake,0.999919056892395,8.09907287475653e-05,Fake,0.9973397850990297,0.0026601748540997,Fake,0.9999746084213256,2.5405737687833607e-05
/content/Dataset/Test/Fake/fake_1697.jpg,Fake,Real,0.301323652267456,0.698676347732544,Fake,0.9999990463256836,9.129883551395324e-07,Fake,0.9991253018379213,0.0008747443207539,Fake,0.9999747276306152,2.53028792940313e-05
/content/Dataset/Test/Fake/fake_1714.jpg,Fake,Real,0.0111523503437638,0.9888476133346558,Real,0.1138069555163383,0.8861930966377258,Real,0.3181581497192383,0.6818418502807617,Fake,0.999933123588562,6.682171078864485e-05
/content/Dataset/Test/Fake/fake_1725.jpg,Fake,Real,0.0441782660782337,0.9558217525482178,Fake,0.9918506741523744,0.0081492774188518,Fake,0.9942810535430908,0.0057189995422959,Fake,0.9977495074272156,0.0022504464723169
/content/Dataset/Test/Fake/fake_1729.jpg,Fake,Fake,0.999072790145874,0.0009272409952245,Real,0.0259838085621595,0.9740161299705504,Real,0.0682278200984001,0.9317721724510192,Fake,0.9858773946762084,0.0141225922852754
/content/Dataset/Test/Fake/fake_173.jpg,Fake,Real,0.4719865024089813,0.5280135273933411,Fake,0.9548956155776978,0.0451043508946895,Fake,0.8484911918640137,0.1515088230371475,Fake,0.9409855604171752,0.0590144246816635
/content/Dataset/Test/Fake/fake_174.jpg,Fake,Fake,0.9981983304023744,0.001801740610972,Fake,0.998238444328308,0.0017615148099139,Real,0.2734521329402923,0.7265478372573853,Fake,0.9971701502799988,0.0028298343531787
/content/Dataset/Test/Fake/fake_1767.jpg,Fake,Fake,0.9058755040168762,0.0941245034337043,Real,0.4137544631958008,0.5862454771995544,Real,0.0431473925709724,0.9568526148796082,Fake,0.9636836647987366,0.0363163575530052
/content/Dataset/Test/Fake/fake_1769.jpg,Fake,Real,0.2738767564296722,0.7261232137680054,Fake,0.9990953207015992,0.0009046734194271,Fake,0.9998562335968018,0.0001437852479284,Fake,0.9999756813049316,2.425995080557186e-05
/content/Dataset/Test/Fake/fake_1772.jpg,Fake,Real,0.1739689856767654,0.8260310292243958,Real,0.4704972207546234,0.5295027494430542,Real,0.3491223454475403,0.6508777141571045,Real,0.0097390105947852,0.9902610182762146
/content/Dataset/Test/Fake/fake_1779.jpg,Fake,Real,0.0037461342290043,0.9962538480758668,Fake,0.7871199250221252,0.2128800153732299,Fake,0.824943482875824,0.175056517124176,Fake,0.9995861649513244,0.0004138051299378
/content/Dataset/Test/Fake/fake_1782.jpg,Fake,Real,0.1812300086021423,0.8187699913978577,Fake,0.9999594688415528,4.050471034133807e-05,Fake,0.9786375164985656,0.0213624872267246,Fake,0.9999464750289916,5.34825558133889e-05
/content/Dataset/Test/Fake/fake_1784.jpg,Fake,Real,0.1331021934747696,0.8668978214263916,Fake,0.9999986886978148,1.2665733493122389e-06,Fake,0.999998927116394,1.056133555721317e-06,Fake,0.9999737739562988,2.620805571496021e-05
/content/Dataset/Test/Fake/fake_179.jpg,Fake,Real,0.047767549753189,0.9522324800491332,Fake,0.953670084476471,0.046329915523529,Real,0.4154189229011535,0.5845810770988464,Fake,0.9999386072158812,6.134610885055736e-05
/content/Dataset/Test/Fake/fake_180.jpg,Fake,Real,0.00104784918949,0.9989521503448486,Fake,0.9990235567092896,0.0009764699498191,Real,0.0643282011151313,0.9356717467308044,Fake,0.7243607640266418,0.2756392359733581
/content/Dataset/Test/Fake/fake_1800.jpg,Fake,Real,0.1617436558008194,0.8382563591003418,Fake,0.9999910593032836,8.968490874394774e-06,Fake,0.9997041821479796,0.0002957365068141,Fake,0.9999746084213256,2.5435701900278215e-05
/content/Dataset/Test/Fake/fake_1808.jpg,Fake,Real,0.0699736103415489,0.930026352405548,Fake,0.999984860420227,1.5092500689206643e-05,Fake,0.9996182918548584,0.0003817114338744,Fake,0.9999412298202516,5.876058276044205e-05
/content/Dataset/Test/Fake/fake_1812.jpg,Fake,Real,0.1329925656318664,0.8670074343681335,Real,0.0013417266309261,0.998658299446106,Real,0.0012945998460054,0.9987053871154784,Fake,0.8708187937736511,0.1291811615228653
/content/Dataset/Test/Fake/fake_1813.jpg,Fake,Fake,0.9995030164718628,0.0004969199071638,Fake,0.962621808052063,0.0373782217502594,Real,0.4667394459247589,0.5332605242729187,Fake,0.7945518493652344,0.2054481953382492
/content/Dataset/Test/Fake/fake_1826.jpg,Fake,Real,0.0558281578123569,0.9441718459129332,Fake,0.999987244606018,1.2700224033324048e-05,Fake,0.9385679960250854,0.061431985348463,Fake,0.9999666213989258,3.3384025300620124e-05
/content/Dataset/Test/Fake/fake_1827.jpg,Fake,Real,0.0219691321253776,0.9780308604240416,Fake,0.9979660511016846,0.0020339379552751,Fake,0.92693430185318,0.0730657130479812,Fake,0.9999680519104004,3.196205216227099e-05
/content/Dataset/Test/Fake/fake_1833.jpg,Fake,Real,0.1442781239748001,0.8557218313217163,Fake,0.9920572638511658,0.0079427082091569,Fake,0.9696663618087769,0.0303336158394813,Fake,0.5536965727806091,0.4463034868240356
/content/Dataset/Test/Fake/fake_1841.jpg,Fake,Real,0.0082784024998545,0.9917215704917908,Fake,0.999908447265625,9.149739344138652e-05,Fake,0.99663108587265,0.0033689653500914,Fake,0.9999560117721558,4.402687773108482e-05
/content/Dataset/Test/Fake/fake_1879.jpg,Fake,Fake,0.9992594122886658,0.0007406143122352,Fake,0.9994025230407716,0.0005975150852464,Real,0.0100292470306158,0.9899707436561584,Fake,0.9997212290763856,0.0002787890553008
/content/Dataset/Test/Fake/fake_1887.jpg,Fake,Real,0.2025148570537567,0.7974851131439209,Fake,0.9999979734420776,2.070431719403132e-06,Fake,0.9998036026954652,0.0001963739196071,Fake,0.9999619722366332,3.806108725257218e-05
/content/Dataset/Test/Fake/fake_1903.jpg,Fake,Real,0.1648609191179275,0.8351390957832336,Fake,0.999929428100586,7.06185310264118e-05,Fake,0.999350130558014,0.0006498058792203,Fake,0.9999771118164062,2.2881788027007133e-05
/content/Dataset/Test/Fake/fake_192.jpg,Fake,Fake,0.9762707948684692,0.0237291511148214,Fake,0.9999790191650392,2.0984736693208102e-05,Real,0.0221629682928323,0.977837085723877,Fake,0.9999538660049438,4.6185366954887286e-05
/content/Dataset/Test/Fake/fake_193.jpg,Fake,Real,0.1006548553705215,0.8993451595306396,Fake,0.9826492071151732,0.0173508003354072,Real,0.2340069264173507,0.7659931182861328,Fake,0.9999537467956544,4.622448977897875e-05
/content/Dataset/Test/Fake/fake_1938.jpg,Fake,Real,0.1444566547870636,0.8555433750152588,Fake,0.999993085861206,6.860241683170898e-06,Fake,0.9797192215919496,0.0202807858586311,Fake,0.9999594688415528,4.053453812957741e-05
/content/Dataset/Test/Fake/fake_195.jpg,Fake,Real,0.1052670404314994,0.8947329521179199,Fake,0.9999982118606568,1.8224268387712077e-06,Fake,0.9999891519546508,1.0803918485180477e-05,Fake,0.9954419136047364,0.0045581012964248
/content/Dataset/Test/Fake/fake_1961.jpg,Fake,Fake,0.960287868976593,0.039712157100439,Fake,0.9993589520454408,0.0006410934147424,Fake,0.9491990208625792,0.0508009754121303,Real,0.3003949820995331,0.6996049880981445
/content/Dataset/Test/Fake/fake_1962.jpg,Fake,Real,0.1472829431295395,0.8527171015739441,Fake,0.9999878406524658,1.2110697753087152e-05,Fake,0.9999138116836548,8.616063132649288e-05,Fake,0.999974012374878,2.5994786483352076e-05
/content/Dataset/Test/Fake/fake_1972.jpg,Fake,Fake,0.9991983771324158,0.0008016759529709,Real,0.0065993778407573,0.9934006929397584,Real,0.0809176713228225,0.9190823435783386,Real,0.0021950011141598,0.9978049397468568
/content/Dataset/Test/Fake/fake_1977.jpg,Fake,Real,0.1275200843811035,0.8724799156188965,Fake,0.99999737739563,2.565481736382935e-06,Fake,0.9999943971633912,5.646700628858525e-06,Fake,0.9999762773513794,2.377649252593983e-05
/content/Dataset/Test/Fake/fake_1980.jpg,Fake,Real,0.2573294341564178,0.7426705360412598,Fake,0.9999940395355223,5.971438440610655e-06,Fake,0.999543070793152,0.0004569947486743,Fake,0.9999346733093262,6.535629654536024e-05
/content/Dataset/Test/Fake/fake_1986.jpg,Fake,Real,0.1621715128421783,0.837828516960144,Fake,0.9998120665550232,0.0001879670744528,Fake,0.9972336888313292,0.0027663484215736,Fake,0.9999566078186036,4.338096914580092e-05
/content/Dataset/Test/Fake/fake_2.jpg,Fake,Fake,0.5294892191886902,0.470510721206665,Real,0.3910768032073974,0.6089231967926025,Fake,0.9953357577323914,0.0046642324887216,Fake,0.9999021291732788,9.78960597421974e-05
/content/Dataset/Test/Fake/fake_2018.jpg,Fake,Real,0.2156014293432235,0.78439861536026,Real,0.3991581797599792,0.6008418202400208,Fake,0.6298697590827942,0.3701302111148834,Fake,0.9999769926071168,2.3036369384499267e-05
/content/Dataset/Test/Fake/fake_2038.jpg,Fake,Real,0.06843002140522,0.9315699934959412,Fake,0.7458709478378296,0.2541290819644928,Fake,0.9642375111579896,0.0357624627649784,Fake,0.9367676377296448,0.0632323250174522
/content/Dataset/Test/Fake/fake_2054.jpg,Fake,Real,0.1373721212148666,0.8626279234886169,Fake,0.9999958276748656,4.192433607386192e-06,Fake,0.9999924898147584,7.459027983713895e-06,Fake,0.9999629259109496,3.7031350075267255e-05
/content/Dataset/Test/Fake/fake_2055.jpg,Fake,Real,0.3109557330608368,0.6890442371368408,Fake,0.9999985694885254,1.4393208402907476e-06,Fake,0.9999748468399048,2.513906110834796e-05,Fake,0.9999648332595824,3.51242306351196e-05
/content/Dataset/Test/Fake/fake_2101.jpg,Fake,Fake,0.9914078116416932,0.0085921278223395,Fake,0.963931918144226,0.0360680222511291,Real,0.3224374055862427,0.6775625944137573,Fake,0.9991719722747804,0.0008280294714495
/content/Dataset/Test/Fake/fake_2119.jpg,Fake,Real,0.0073842359706759,0.992615818977356,Fake,0.999998927116394,1.0454850780661218e-06,Fake,0.9930805563926696,0.0069194501265883,Fake,0.9975157976150512,0.0024842729326337
/content/Dataset/Test/Fake/fake_2120.jpg,Fake,Fake,0.5873386859893799,0.4126613140106201,Fake,0.9965960383415222,0.003403979120776,Real,0.4652129709720611,0.5347870588302612,Fake,0.9999227523803712,7.720954454271123e-05
/content/Dataset/Test/Fake/fake_2146.jpg,Fake,Real,0.3940514922142029,0.6059485077857971,Fake,0.9613255858421326,0.0386743694543838,Fake,0.6710808277130127,0.3289191424846649,Fake,0.9999675750732422,3.246199412387796e-05
/content/Dataset/Test/Fake/fake_2147.jpg,Fake,Real,0.0372866094112396,0.9627134203910828,Fake,0.9829771518707277,0.017022905871272,Fake,0.9986116886138916,0.001388325006701,Fake,0.999962329864502,3.766344525502063e-05
/content/Dataset/Test/Fake/fake_2148.jpg,Fake,Real,0.0592370629310607,0.9407629370689392,Fake,0.7853339314460754,0.2146660983562469,Fake,0.9961286783218384,0.0038712418172508,Fake,0.999921441078186,7.850043766666204e-05
/content/Dataset/Test/Fake/fake_2154.jpg,Fake,Real,0.12444569170475,0.8755543231964111,Fake,0.998699188232422,0.0013007969828322,Fake,0.9999611377716064,3.887953789671883e-05,Fake,0.9999618530273438,3.817679680651054e-05
/content/Dataset/Test/Fake/fake_2156.jpg,Fake,Real,0.1414891332387924,0.8585108518600464,Fake,0.9960566759109496,0.0039433310739696,Fake,0.9724589586257936,0.027541022747755,Fake,0.9999587535858154,4.123452890780754e-05
/content/Dataset/Test/Fake/fake_216.jpg,Fake,Real,0.3272278904914856,0.6727721095085144,Fake,0.667184591293335,0.3328154385089874,Fake,0.8908754587173462,0.1091244891285896,Fake,0.9999719858169556,2.802825838443823e-05
/content/Dataset/Test/Fake/fake_2164.jpg,Fake,Real,0.1109727025032043,0.8890272974967957,Fake,0.9999266862869264,7.328943320317194e-05,Fake,0.981797218322754,0.0182027891278266,Fake,0.9999454021453856,5.461937325890176e-05
/content/Dataset/Test/Fake/fake_2182.jpg,Fake,Fake,0.99985933303833,0.0001406192313879,Fake,0.9108806848526,0.0891192778944969,Real,0.2681974470615387,0.7318025231361389,Fake,0.9999573230743408,4.263095615897328e-05
/content/Dataset/Test/Fake/fake_2195.jpg,Fake,Real,0.3079458177089691,0.6920541524887085,Fake,0.5762710571289062,0.4237290024757385,Real,0.1200057417154312,0.87999427318573,Fake,0.9999454021453856,5.463823254103772e-05
/content/Dataset/Test/Fake/fake_2218.jpg,Fake,Real,0.018263941630721,0.9817360639572144,Fake,0.993263840675354,0.0067361076362431,Fake,0.9997729659080504,0.00022698729299,Fake,0.9999451637268066,5.479654646478593e-05
/content/Dataset/Test/Fake/fake_2223.jpg,Fake,Fake,0.9889847040176392,0.0110152279958128,Fake,0.9999558925628662,4.416366937221028e-05,Real,0.4593285322189331,0.5406714677810669,Fake,0.9976584911346436,0.0023414408788084
/content/Dataset/Test/Fake/fake_2233.jpg,Fake,Real,0.1918657124042511,0.8081342577934265,Fake,0.9999972581863404,2.695235252758721e-06,Fake,0.9956941604614258,0.0043058143928647,Fake,0.9999736547470092,2.631298775668256e-05
/content/Dataset/Test/Fake/fake_2234.jpg,Fake,Real,0.275699645280838,0.7243003845214844,Fake,0.9627735018730164,0.0372264795005321,Fake,0.8743888139724731,0.1256112158298492,Fake,0.9998563528060912,0.0001436306774849
/content/Dataset/Test/Fake/fake_2238.jpg,Fake,Real,0.0135002136230468,0.9864997863769532,Fake,0.9999994039535522,6.460612667069654e-07,Fake,0.9999347925186156,6.514397682622075e-05,Fake,0.9999743700027466,2.5617448045522902e-05
/content/Dataset/Test/Fake/fake_225.jpg,Fake,Real,0.0108112758025527,0.9891886711120604,Real,0.2611769139766693,0.7388231158256531,Real,0.2559022009372711,0.7440977692604065,Fake,0.9985697269439696,0.0014302710769698
/content/Dataset/Test/Fake/fake_2250.jpg,Fake,Real,0.2366518825292587,0.7633481025695801,Fake,0.503510594367981,0.496489405632019,Real,0.0580118745565414,0.941988170146942,Real,0.2294682562351226,0.7705317139625549
/content/Dataset/Test/Fake/fake_2259.jpg,Fake,Real,0.2237664461135864,0.7762335538864136,Fake,0.9983376264572144,0.0016623075352981,Fake,0.9589148163795472,0.0410851761698722,Fake,0.9999592304229736,4.0780047129374e-05
/content/Dataset/Test/Fake/fake_226.jpg,Fake,Real,0.3567619621753692,0.6432380080223083,Real,0.0914291888475418,0.9085708260536194,Fake,0.9135158658027648,0.0864841043949127,Fake,0.9999345541000366,6.545434007421136e-05
/content/Dataset/Test/Fake/fake_2277.jpg,Fake,Fake,0.999089241027832,0.0009107496007345,Fake,0.7267347574234009,0.2732651829719543,Fake,0.8137167692184448,0.1862832009792328,Real,0.0009694009204395,0.999030590057373
/content/Dataset/Test/Fake/fake_228.jpg,Fake,Fake,0.9979172348976136,0.0020827567204833,Fake,0.9372396469116212,0.0627603232860565,Real,0.4896233677864074,0.5103765726089478,Fake,0.9999432563781738,5.668622543453239e-05
/content/Dataset/Test/Fake/fake_2284.jpg,Fake,Real,0.0994869694113731,0.9005129933357239,Fake,0.999940037727356,5.9999740187777206e-05,Fake,0.9989036321640016,0.001096305437386,Fake,0.9994997978210448,0.0005002025864087
/content/Dataset/Test/Fake/fake_229.jpg,Fake,Real,0.0086957719177007,0.9913042783737184,Real,0.049234751611948,0.9507653117179872,Fake,0.7104333639144897,0.2895666360855102,Fake,0.9416011571884156,0.0583988390862941
/content/Dataset/Test/Fake/fake_230.jpg,Fake,Real,0.0024502258747816,0.997549831867218,Fake,0.999984622001648,1.5414114386658184e-05,Fake,0.9985811710357666,0.0014188477071002,Fake,0.9999281167984008,7.183443813119084e-05
/content/Dataset/Test/Fake/fake_2300.jpg,Fake,Real,0.3795589506626129,0.6204410195350647,Fake,0.9996471405029296,0.0003528727975208,Fake,0.9949847459793092,0.0050152861513197,Fake,0.9999738931655884,2.6137720851693302e-05
/content/Dataset/Test/Fake/fake_2305.jpg,Fake,Real,0.0155677739530801,0.9844322204589844,Real,0.4792345762252807,0.5207654237747192,Fake,0.8696722388267517,0.1303277760744094,Fake,0.9992530941963196,0.0007469010888598
/content/Dataset/Test/Fake/fake_231.jpg,Fake,Real,0.0541839152574539,0.9458160400390624,Fake,0.9998785257339478,0.0001215015654452,Fake,0.9976686835289,0.0023313332349061,Fake,0.9999196529388428,8.028405136428773e-05
/content/Dataset/Test/Fake/fake_2326.jpg,Fake,Fake,0.6114098429679871,0.3885900974273681,Fake,0.511894702911377,0.488105297088623,Real,0.0263446979224681,0.9736552834510804,Fake,0.999474823474884,0.0005252327537164
/content/Dataset/Test/Fake/fake_2330.jpg,Fake,Real,0.0055254641920328,0.9944745898246764,Real,0.0763763859868049,0.9236235618591307,Real,0.1043122708797454,0.8956876993179321,Real,0.0011135134845972,0.9988865256309508
/content/Dataset/Test/Fake/fake_234.jpg,Fake,Real,0.0043801963329315,0.9956198334693908,Fake,0.999997854232788,2.137441924787709e-06,Fake,0.9985299110412598,0.0014701189938932,Fake,0.9999569654464722,4.30731161031872e-05
/content/Dataset/Test/Fake/fake_2348.jpg,Fake,Fake,0.5148781538009644,0.4851218163967132,Real,0.0952805802226066,0.9047194123268129,Real,0.3753781020641327,0.6246218681335449,Real,0.1419406831264495,0.858059287071228
/content/Dataset/Test/Fake/fake_2369.jpg,Fake,Fake,0.8457277417182922,0.1542722731828689,Fake,0.9767478108406068,0.0232521500438451,Real,0.4283223450183868,0.5716776251792908,Fake,0.9992293119430542,0.0007706427131779
/content/Dataset/Test/Fake/fake_237.jpg,Fake,Real,0.0004372410767246,0.9995627999305724,Fake,0.9771462678909302,0.0228537674993276,Fake,0.9950333833694458,0.0049666692502796,Fake,0.9999144077301024,8.558202534914017e-05
/content/Dataset/Test/Fake/fake_2371.jpg,Fake,Real,0.480376660823822,0.519623339176178,Fake,0.920623779296875,0.079376183450222,Fake,0.999696969985962,0.0003029996878467,Fake,0.5085529088973999,0.4914470911026001
/content/Dataset/Test/Fake/fake_2386.jpg,Fake,Real,0.0210821162909269,0.9789178967475892,Fake,0.9872368574142456,0.0127630680799484,Fake,0.9908825755119324,0.0091174496337771,Fake,0.9999722242355348,2.781715193123091e-05
/content/Dataset/Test/Fake/fake_239.jpg,Fake,Real,0.0331219546496868,0.966878056526184,Fake,0.9999985694885254,1.3920114270149495e-06,Fake,0.9997358918190002,0.0002641091705299,Fake,0.9999141693115234,8.581190922996029e-05
/content/Dataset/Test/Fake/fake_240.jpg,Fake,Fake,0.9994747042655944,0.000525303359609,Fake,0.600283145904541,0.3997168242931366,Fake,0.9370623230934144,0.0629376396536827,Real,0.0020771545823663,0.9979228377342224
/content/Dataset/Test/Fake/fake_2407.jpg,Fake,Real,0.435532659292221,0.5644673705101013,Fake,0.9999983310699464,1.728463303152239e-06,Fake,0.9999841451644896,1.5853551303735003e-05,Fake,0.999968647956848,3.131829362246208e-05
/content/Dataset/Test/Fake/fake_2411.jpg,Fake,Real,0.0830781087279319,0.9169219136238098,Fake,0.6737824082374573,0.3262175917625427,Fake,0.9634335041046144,0.0365664660930633,Fake,0.9999402761459352,5.9694633819162846e-05
/content/Dataset/Test/Fake/fake_2412.jpg,Fake,Real,0.4491988718509674,0.5508010983467102,Fake,0.998473584651947,0.0015263558598235,Fake,0.9369251132011414,0.0630748644471168,Fake,0.999925971031189,7.400097820209339e-05
/content/Dataset/Test/Fake/fake_244.jpg,Fake,Fake,0.9019995927810668,0.0980003848671913,Real,0.125913381576538,0.8740866780281067,Real,0.006498119328171,0.993501842021942,Real,0.075333647429943,0.9246663451194764
/content/Dataset/Test/Fake/fake_2449.jpg,Fake,Real,0.1707299500703811,0.82927006483078,Fake,0.9991816878318788,0.0008183328318409,Fake,0.9573324918746948,0.0426675342023372,Fake,0.999929428100586,7.055128662614152e-05
/content/Dataset/Test/Fake/fake_245.jpg,Fake,Real,0.2191135138273239,0.7808864712715149,Real,0.0668976753950119,0.9331023693084716,Real,0.0917383879423141,0.9082615971565248,Fake,0.9996936321258544,0.0003063987242057
/content/Dataset/Test/Fake/fake_2452.jpg,Fake,Real,0.2733249366283417,0.7266750931739807,Fake,0.999992609024048,7.387802270386601e-06,Fake,0.998920440673828,0.0010796280112117,Fake,0.9999738931655884,2.6116542358067815e-05
/content/Dataset/Test/Fake/fake_2454.jpg,Fake,Real,0.1646298170089721,0.8353701829910278,Fake,0.7780499458312988,0.2219500690698623,Real,0.1154225319623947,0.8845774531364441,Fake,0.942922592163086,0.0570773743093013
/content/Dataset/Test/Fake/fake_246.jpg,Fake,Real,0.1830839216709137,0.8169160485267639,Real,0.2129044830799102,0.7870955467224121,Real,0.4313843250274658,0.5686156749725342,Fake,0.9991263747215272,0.0008736120071262
/content/Dataset/Test/Fake/fake_247.jpg,Fake,Real,0.0034367826301604,0.9965632557868958,Fake,0.9998852014541626,0.0001148303999798,Fake,0.9989473223686218,0.0010526668047532,Fake,0.9999508857727052,4.907276525045745e-05
/content/Dataset/Test/Fake/fake_248.jpg,Fake,Real,0.3548338711261749,0.6451661586761475,Fake,0.9999990463256836,9.288021942666091e-07,Fake,0.9996265172958374,0.0003734492056537,Fake,0.9999476671218872,5.237574805505574e-05
/content/Dataset/Test/Fake/fake_249.jpg,Fake,Real,0.4724516570568084,0.5275483727455139,Fake,0.9995371103286744,0.0004628748574759,Fake,0.9405384659767152,0.0594615153968334,Fake,0.9999662637710572,3.3720014471327886e-05
/content/Dataset/Test/Fake/fake_2494.jpg,Fake,Real,0.0097401142120361,0.9902598261833192,Fake,0.9999977350234984,2.2508595520776e-06,Fake,0.9928110241889954,0.0071889027021825,Fake,0.9999544620513916,4.557936699711718e-05
/content/Dataset/Test/Fake/fake_2495.jpg,Fake,Real,0.0563046634197235,0.9436953663825988,Real,2.390608642599545e-06,0.999997615814209,Real,0.1057568937540054,0.8942431807518005,Fake,0.9624415636062622,0.0375583954155445
/content/Dataset/Test/Fake/fake_250.jpg,Fake,Fake,0.9293533563613892,0.0706466361880302,Fake,0.989832878112793,0.0101670660078525,Real,0.0952565893530845,0.9047433733940125,Fake,0.9999428987503052,5.706104275304824e-05
/content/Dataset/Test/Fake/fake_2504.jpg,Fake,Real,0.3605971336364746,0.6394029259681702,Fake,0.9999090433120728,9.09510999917984e-05,Fake,0.9814147353172302,0.0185853336006402,Fake,0.999334156513214,0.0006658152560703
/content/Dataset/Test/Fake/fake_2515.jpg,Fake,Real,0.0294875763356685,0.9705124497413636,Fake,0.9998607635498048,0.0001391965779475,Fake,0.9727227091789246,0.0272773392498493,Fake,0.9999735355377196,2.6460193112143315e-05
/content/Dataset/Test/Fake/fake_2521.jpg,Fake,Real,0.0075950613245368,0.9924048781394958,Fake,0.6789953112602234,0.321004718542099,Real,0.2824099659919739,0.7175900340080261,Fake,0.9999712705612184,2.8683225536951795e-05
/content/Dataset/Test/Fake/fake_253.jpg,Fake,Real,0.0123829813674092,0.9876170754432678,Fake,0.9970496892929076,0.0029502708930522,Fake,0.9986340403556824,0.0013659787364304,Fake,0.9999675750732422,3.247589847887866e-05
/content/Dataset/Test/Fake/fake_2533.jpg,Fake,Real,0.1880062818527221,0.8119937181472778,Fake,0.9999226331710817,7.734027167316526e-05,Fake,0.9993674159049988,0.0006325617432594,Fake,0.9951687455177308,0.0048312116414308
/content/Dataset/Test/Fake/fake_2542.jpg,Fake,Fake,0.9927573204040528,0.0072425962425768,Real,0.3368151783943176,0.6631848812103271,Real,0.3556453883647918,0.6443546414375305,Fake,0.9999620914459229,3.785905937547796e-05
/content/Dataset/Test/Fake/fake_2556.jpg,Fake,Fake,0.8944575786590576,0.1055424287915229,Real,0.0076618669554591,0.9923381209373474,Real,0.2312629073858261,0.7687370777130127,Fake,0.7550935745239258,0.2449063956737518
/content/Dataset/Test/Fake/fake_2576.jpg,Fake,Fake,0.9830020070075988,0.0169979315251112,Fake,0.922462284564972,0.0775377824902534,Real,0.1712247729301452,0.82877516746521,Fake,0.9999608993530272,3.910961459041573e-05
/content/Dataset/Test/Fake/fake_2587.jpg,Fake,Real,0.2376789301633834,0.7623209953308105,Fake,0.9999202489852904,7.972141611389816e-05,Fake,0.9999324083328248,6.757993105566129e-05,Fake,0.9999675750732422,3.240155638195574e-05
/content/Dataset/Test/Fake/fake_2591.jpg,Fake,Real,0.4506512284278869,0.5493487119674683,Fake,0.9999923706054688,7.59542945161229e-06,Fake,0.9948151707649232,0.0051847547292709,Fake,0.9999668598175048,3.313358683953993e-05
/content/Dataset/Test/Fake/fake_2596.jpg,Fake,Real,0.2691559791564941,0.7308439612388611,Fake,0.999312162399292,0.000687880674377,Fake,0.998749852180481,0.0012501457240432,Fake,0.999975085258484,2.4923983801272694e-05
/content/Dataset/Test/Fake/fake_2600.jpg,Fake,Real,0.1632729023694992,0.8367271423339844,Fake,0.999835968017578,0.0001639464026084,Fake,0.6986472010612488,0.3013527691364288,Fake,0.9999579191207886,4.203510252409615e-05
/content/Dataset/Test/Fake/fake_2611.jpg,Fake,Real,0.3511999845504761,0.6488000154495239,Fake,0.9999994039535522,5.81506526486919e-07,Fake,0.9999771118164062,2.2894428184372373e-05,Fake,0.9999672174453736,3.281632962170988e-05
/content/Dataset/Test/Fake/fake_262.jpg,Fake,Real,0.0488781668245792,0.9511218070983888,Real,0.0013356361305341,0.998664379119873,Real,0.0001292769302381,0.9998706579208374,Real,0.020263010635972,0.9797369837760924
/content/Dataset/Test/Fake/fake_2628.jpg,Fake,Real,0.0490400716662406,0.9509599804878236,Fake,0.9999934434890748,6.49765115667833e-06,Fake,0.8860626816749573,0.1139372959733009,Fake,0.992988646030426,0.0070113404653966
/content/Dataset/Test/Fake/fake_2630.jpg,Fake,Real,0.0530644953250885,0.9469354748725892,Fake,0.999751627445221,0.0002483482239767,Fake,0.9992586970329284,0.0007412921404466,Fake,0.999969720840454,3.0236133170546964e-05
/content/Dataset/Test/Fake/fake_2635.jpg,Fake,Real,0.0159930568188428,0.984006941318512,Fake,0.9999951124191284,4.884872396360152e-06,Fake,0.999537229537964,0.0004627524176612,Fake,0.9999758005142212,2.425782440695912e-05
/content/Dataset/Test/Fake/fake_2638.jpg,Fake,Real,0.3986645042896271,0.6013355255126953,Fake,0.9974218606948853,0.0025781069416552,Fake,0.7657195925712585,0.2342804074287414,Fake,0.9999278783798218,7.215072400867939e-05
/content/Dataset/Test/Fake/fake_264.jpg,Fake,Real,0.0113727273419499,0.9886272549629213,Fake,0.9999822378158568,1.77105230250163e-05,Fake,0.9973268508911132,0.0026731737889349,Fake,0.9999423027038574,5.768860864918679e-05
/content/Dataset/Test/Fake/fake_267.jpg,Fake,Fake,0.8060686588287354,0.1939313560724258,Real,0.2449493408203125,0.7550506591796875,Fake,0.8383089303970337,0.1616910547018051,Real,0.2880828380584717,0.7119171619415283
/content/Dataset/Test/Fake/fake_2671.jpg,Fake,Real,0.0381772369146347,0.9618226885795592,Fake,0.9999639987945556,3.6029367038281634e-05,Fake,0.9949329495429992,0.0050670681521296,Fake,0.9999538660049438,4.6117980673443526e-05
/content/Dataset/Test/Fake/fake_2672.jpg,Fake,Real,0.0353654250502586,0.9646345973014832,Fake,0.9999817609786988,1.8233609807793982e-05,Fake,0.9799233078956604,0.0200767144560813,Fake,0.9999618530273438,3.819544144789688e-05
/content/Dataset/Test/Fake/fake_268.jpg,Fake,Fake,0.9999504089355468,4.954042378813028e-05,Real,0.0102515826001763,0.9897484183311462,Fake,0.9858762621879578,0.0141237946227192,Fake,0.9917369484901428,0.0082630245015025
/content/Dataset/Test/Fake/fake_269.jpg,Fake,Real,0.3856829702854156,0.614316999912262,Real,0.183063268661499,0.816936731338501,Real,0.0124161196872591,0.9875839352607728,Fake,0.8198039531707764,0.1801960170269012
/content/Dataset/Test/Fake/fake_2692.jpg,Fake,Real,0.0191076286137104,0.9808923602104188,Fake,0.9169689416885376,0.0830310583114624,Real,0.0076481928117573,0.9923518300056458,Fake,0.7553924918174744,0.2446075081825256
/content/Dataset/Test/Fake/fake_2693.jpg,Fake,Real,0.0208971109241247,0.979102909564972,Fake,0.9999812841415404,1.8760010789264925e-05,Fake,0.9994357228279114,0.0005642545293085,Fake,0.9999653100967408,3.474769982858561e-05
/content/Dataset/Test/Fake/fake_2697.jpg,Fake,Real,0.2239370793104171,0.7760629057884216,Fake,0.999871015548706,0.0001290067593799,Fake,0.9898391962051392,0.0101608531549572,Fake,0.999970555305481,2.945388587249909e-05
/content/Dataset/Test/Fake/fake_2702.jpg,Fake,Fake,0.9996615648269652,0.0003384440497029,Fake,0.9270745515823364,0.0729254037141799,Real,0.3322122395038605,0.6677877306938171,Fake,0.985260009765625,0.0147400638088583
/content/Dataset/Test/Fake/fake_2705.jpg,Fake,Real,0.0028609135188162,0.9971390962600708,Real,0.3030082881450653,0.6969917416572571,Fake,0.9866026639938354,0.0133973369374871,Fake,0.9999537467956544,4.628765600500629e-05
/content/Dataset/Test/Fake/fake_2713.jpg,Fake,Real,0.495650976896286,0.5043489933013916,Fake,0.9999953508377076,4.598095983965322e-06,Fake,0.9989737272262572,0.0010262642754241,Fake,0.9999691247940063,3.087589720962569e-05
/content/Dataset/Test/Fake/fake_2718.jpg,Fake,Real,0.0002838067593984,0.9997162222862244,Fake,0.9996933937072754,0.0003066658682655,Fake,0.999474823474884,0.0005251992843113,Fake,0.9999610185623168,3.895644113072194e-05
/content/Dataset/Test/Fake/fake_2719.jpg,Fake,Real,0.2173020839691162,0.7826979160308838,Fake,0.9026708602905272,0.0973290875554084,Fake,0.9953948855400084,0.0046051247045397,Fake,0.9999617338180542,3.8315251003950834e-05
/content/Dataset/Test/Fake/fake_2721.jpg,Fake,Real,0.073234885931015,0.9267651438713074,Fake,0.9994908571243286,0.0005091011989861,Fake,0.999440610408783,0.0005593976238742,Fake,0.9999754428863524,2.452782609907445e-05
/content/Dataset/Test/Fake/fake_2728.jpg,Fake,Real,0.03083086758852,0.9691691994667052,Fake,0.9496133327484132,0.0503866635262966,Fake,0.6888338327407837,0.3111661672592163,Fake,0.9999656677246094,3.428741547395475e-05
/content/Dataset/Test/Fake/fake_2733.jpg,Fake,Real,0.3193086385726928,0.6806913614273071,Fake,0.9999897480010986,1.020200397761073e-05,Fake,0.9991112351417542,0.0008887028670869,Fake,0.9999594688415528,4.0484163037035614e-05
/content/Dataset/Test/Fake/fake_2736.jpg,Fake,Real,0.0119946869090199,0.9880053400993348,Real,0.0487455315887928,0.9512544870376588,Fake,0.9147644639015198,0.0852354988455772,Fake,0.999968647956848,3.1297808163799345e-05
/content/Dataset/Test/Fake/fake_2746.jpg,Fake,Real,0.0386067703366279,0.9613932371139526,Fake,0.8912361860275269,0.1087638065218925,Fake,0.9481916427612304,0.051808338612318,Fake,0.9999326467514038,6.730319728376344e-05
/content/Dataset/Test/Fake/fake_2762.jpg,Fake,Fake,0.563933789730072,0.4360661506652832,Fake,0.9816374182701112,0.0183625612407922,Real,0.3067646622657776,0.6932353377342224,Fake,0.7699651718139648,0.2300348132848739
/content/Dataset/Test/Fake/fake_2781.jpg,Fake,Fake,0.998149275779724,0.0018506988417357,Fake,0.9955573678016664,0.0044426396489143,Real,0.2201140224933624,0.77988600730896,Fake,0.9996780157089232,0.0003219465725123
/content/Dataset/Test/Fake/fake_2788.jpg,Fake,Fake,0.5148429870605469,0.4851569533348083,Fake,0.9999994039535522,5.640950462293404e-07,Fake,0.9996554851531982,0.0003445635375101,Real,0.002519482281059,0.997480571269989
/content/Dataset/Test/Fake/fake_2790.jpg,Fake,Real,0.232410192489624,0.767589807510376,Fake,0.9999727010726928,2.7350717573426664e-05,Fake,0.6699199676513672,0.3300800323486328,Fake,0.999963641166687,3.639754140749574e-05
/content/Dataset/Test/Fake/fake_2792.jpg,Fake,Real,0.0299224983900785,0.9700774550437928,Fake,0.9999934434890748,6.561165264429292e-06,Fake,0.9999582767486572,4.176316360826604e-05,Fake,0.9999682903289796,3.166536771459505e-05
/content/Dataset/Test/Fake/fake_2800.jpg,Fake,Real,0.0409997478127479,0.9590002298355104,Fake,0.9998828172683716,0.0001172023185063,Fake,0.9953493475914,0.0046506887301802,Fake,0.9927567839622498,0.007243248168379
/content/Dataset/Test/Fake/fake_2804.jpg,Fake,Real,0.3274986743927002,0.6725013256072998,Fake,0.9976447224617004,0.0023552242200821,Fake,0.983539342880249,0.0164606068283319,Fake,0.9999505281448364,4.947517663822509e-05
/content/Dataset/Test/Fake/fake_2807.jpg,Fake,Real,0.0964725762605667,0.9035274386405944,Fake,0.999869465827942,0.0001305020996369,Fake,0.747799277305603,0.252200722694397,Fake,0.9999558925628662,4.4124470150563866e-05
/content/Dataset/Test/Fake/fake_281.jpg,Fake,Real,0.442577451467514,0.5574225783348083,Fake,0.9965046644210817,0.0034953721333295,Fake,0.8605036735534668,0.139496311545372,Fake,0.9999622106552124,3.776793164433912e-05
/content/Dataset/Test/Fake/fake_2811.jpg,Fake,Real,0.0100355939939618,0.9899644255638124,Fake,0.9999117851257324,8.8184853666462e-05,Fake,0.9999748468399048,2.5093049771385267e-05,Fake,0.9998928308486938,0.0001071864171535
/content/Dataset/Test/Fake/fake_2818.jpg,Fake,Fake,0.7051185369491577,0.2948814034461975,Fake,0.9981335997581482,0.0018663859227672,Real,0.0451052002608776,0.9548948407173156,Fake,0.9999567270278932,4.3255633499939e-05
/content/Dataset/Test/Fake/fake_2819.jpg,Fake,Real,0.014025455340743,0.9859744906425476,Fake,0.9958832263946532,0.0041167894378304,Fake,0.9975008368492126,0.0024991158861666,Fake,0.9999725818634032,2.747214057308156e-05
/content/Dataset/Test/Fake/fake_2824.jpg,Fake,Fake,0.9997987151145936,0.0002013342891586,Real,0.3714883923530578,0.6285116076469421,Fake,0.9998961687088012,0.0001038405462168,Fake,0.5342199206352234,0.4657800197601318
/content/Dataset/Test/Fake/fake_2825.jpg,Fake,Fake,0.7867196202278137,0.2132803499698639,Fake,0.9999914169311525,8.58367457112763e-06,Real,0.1375191807746887,0.8624807596206665,Fake,0.9864152073860168,0.0135847814381122
/content/Dataset/Test/Fake/fake_2826.jpg,Fake,Real,0.0003202967345714,0.999679684638977,Real,0.4527054131031036,0.547294557094574,Fake,0.738869845867157,0.2611301243305206,Fake,0.9997535347938538,0.0002465196885168
/content/Dataset/Test/Fake/fake_2828.jpg,Fake,Fake,0.9752458333969116,0.0247542057186365,Fake,0.9892035126686096,0.0107964519411325,Real,0.2699587941169739,0.7300412058830261,Fake,0.9999756813049316,2.4328855943167586e-05
/content/Dataset/Test/Fake/fake_2846.jpg,Fake,Real,0.1229794099926948,0.8770205974578857,Fake,0.8092882633209229,0.1907117068767547,Real,0.3411987423896789,0.6588011980056763,Real,0.3093349635601043,0.6906650066375732
/content/Dataset/Test/Fake/fake_289.jpg,Fake,Fake,0.9976946711540222,0.0023053414188325,Fake,0.982580840587616,0.0174191761761903,Fake,0.8941332697868347,0.1058667078614234,Real,0.3907013535499573,0.6092986464500427
/content/Dataset/Test/Fake/fake_293.jpg,Fake,Real,0.1816750019788742,0.8183250427246094,Real,0.4626178443431854,0.5373821258544922,Fake,0.9246286153793336,0.0753714144229888,Fake,0.9999439716339112,5.6007203966146335e-05
/content/Dataset/Test/Fake/fake_2939.jpg,Fake,Fake,0.881424069404602,0.1185759380459785,Fake,0.8930549621582031,0.106945089995861,Real,0.3729074001312256,0.6270925998687744,Real,0.4192504286766052,0.5807495713233948
/content/Dataset/Test/Fake/fake_294.jpg,Fake,Real,0.0176363810896873,0.9823635816574096,Real,0.4145847856998443,0.585415244102478,Real,0.1532104909420013,0.846789538860321,Fake,0.9999518394470216,4.8123289161594585e-05
/content/Dataset/Test/Fake/fake_2940.jpg,Fake,Real,0.3165878057479858,0.6834121942520142,Real,0.2310604602098465,0.7689396142959595,Real,0.4666323959827423,0.5333675742149353,Real,0.1805773675441742,0.8194226026535034
/content/Dataset/Test/Fake/fake_304.jpg,Fake,Real,0.4176608324050903,0.5823391675949097,Fake,0.9999983310699464,1.6836670511111151e-06,Fake,0.9996583461761476,0.0003417111583985,Fake,0.9999761581420898,2.382349339313805e-05
/content/Dataset/Test/Fake/fake_3049.jpg,Fake,Real,0.27271369099617,0.7272863388061523,Real,0.1761454939842224,0.8238544464111328,Real,0.0482729859650135,0.9517270922660828,Fake,0.9547250866889954,0.0452748611569404
/content/Dataset/Test/Fake/fake_314.jpg,Fake,Fake,0.5320442318916321,0.4679557979106903,Fake,0.9497343301773072,0.0502657406032085,Real,0.0202034227550029,0.979796588420868,Fake,0.864543080329895,0.1354569047689438
/content/Dataset/Test/Fake/fake_316.jpg,Fake,Fake,0.9123621582984924,0.0876378118991851,Real,0.2093342542648315,0.7906657457351685,Fake,0.8730834126472473,0.1269165575504303,Fake,0.9793156385421752,0.0206844210624694
/content/Dataset/Test/Fake/fake_321.jpg,Fake,Real,0.0041684489697217,0.9958315491676332,Real,0.0173586327582597,0.9826413989067078,Real,0.0544697828590869,0.9455302357673644,Fake,0.9924739003181458,0.0075260298326611
/content/Dataset/Test/Fake/fake_330.jpg,Fake,Real,0.0388899929821491,0.9611100554466248,Fake,0.91004741191864,0.0899526104331016,Fake,0.9999173879623412,8.258310845121741e-05,Fake,0.9590267539024352,0.040973275899887
/content/Dataset/Test/Fake/fake_331.jpg,Fake,Real,0.0679722055792808,0.9320278167724608,Fake,0.5780707001686096,0.421929270029068,Fake,0.985496699810028,0.0145032741129398,Fake,0.7220193147659302,0.2779807150363922
/content/Dataset/Test/Fake/fake_3343.jpg,Fake,Fake,0.96917062997818,0.0308294016867876,Fake,0.9999991655349731,7.893016800153418e-07,Real,0.4806981384754181,0.5193018317222595,Fake,0.9999717473983764,2.821757516358048e-05
/content/Dataset/Test/Fake/fake_3344.jpg,Fake,Real,0.1163645610213279,0.883635401725769,Real,0.0286966562271118,0.9713033437728882,Real,0.0007957216002978,0.9992043375968932,Real,0.4106083214282989,0.5893917083740234
/content/Dataset/Test/Fake/fake_3349.jpg,Fake,Real,0.0684531554579734,0.9315468072891236,Fake,0.9999969005584716,3.048914777536993e-06,Fake,0.99967360496521,0.0003263863036409,Fake,0.999946355819702,5.358210182748735e-05
/content/Dataset/Test/Fake/fake_337.jpg,Fake,Real,0.2126218676567077,0.7873780727386475,Fake,0.9999994039535522,5.466760626404721e-07,Fake,0.9976547956466676,0.0023451640736311,Fake,0.9999756813049316,2.437702278257348e-05
/content/Dataset/Test/Fake/fake_3403.jpg,Fake,Real,0.3494792580604553,0.6505207419395447,Fake,0.9999985694885254,1.385081873195304e-06,Fake,0.999913215637207,8.6757710960228e-05,Fake,0.9999473094940186,5.268627865007147e-05
/content/Dataset/Test/Fake/fake_3465.jpg,Fake,Real,0.0465340726077556,0.95346599817276,Fake,0.9998506307601928,0.0001493388845119,Fake,0.6034680604934692,0.3965319097042084,Fake,0.9999659061431884,3.4078886528732255e-05
/content/Dataset/Test/Fake/fake_3478.jpg,Fake,Real,0.3690857589244842,0.6309142708778381,Fake,0.998798966407776,0.0012010204372927,Fake,0.8448473811149597,0.1551526039838791,Fake,0.9999468326568604,5.32130325154867e-05
/content/Dataset/Test/Fake/fake_3500.jpg,Fake,Fake,0.9997596144676208,0.0002403917605988,Real,0.3989809155464172,0.601019024848938,Real,0.3390416800975799,0.6609582901000977,Fake,0.7932303547859192,0.206769660115242
/content/Dataset/Test/Fake/fake_3509.jpg,Fake,Fake,0.7753030061721802,0.224697008728981,Fake,0.9532812237739564,0.0467187128961086,Real,0.0743689835071563,0.925631046295166,Fake,0.9695366024971008,0.0304634422063827
/content/Dataset/Test/Fake/fake_3536.jpg,Fake,Fake,0.6302174925804138,0.3697825670242309,Real,0.1086514294147491,0.8913486003875732,Fake,0.7834503054618835,0.2165496200323104,Fake,0.9407055377960204,0.0592945106327533
/content/Dataset/Test/Fake/fake_3550.jpg,Fake,Real,0.4126697778701782,0.587330162525177,Fake,0.9999939203262328,6.072859832784161e-06,Fake,0.9997370839118958,0.0002629257796797,Fake,0.9999769926071168,2.296021739311982e-05
/content/Dataset/Test/Fake/fake_3552.jpg,Fake,Real,0.3389064073562622,0.6610936522483826,Fake,0.9686362743377686,0.0313637293875217,Fake,0.9961052536964417,0.0038946708664298,Fake,0.99994957447052,5.044362842454575e-05
/content/Dataset/Test/Fake/fake_3556.jpg,Fake,Real,0.463699072599411,0.5363009572029114,Fake,0.9994296431541444,0.0005703444476239,Fake,0.9999135732650756,8.64341709529981e-05,Fake,0.9999420642852784,5.7907811424229294e-05
/content/Dataset/Test/Fake/fake_3561.jpg,Fake,Real,0.0328062772750854,0.9671937823295592,Fake,0.5913550853729248,0.4086449146270752,Real,0.0189610328525304,0.9810389280319214,Fake,0.996896743774414,0.0031032173428684
/content/Dataset/Test/Fake/fake_3562.jpg,Fake,Real,0.0438147336244583,0.9561853408813475,Fake,0.9999895095825196,1.047671503329184e-05,Fake,0.9981794357299804,0.0018206181703135,Fake,0.999974012374878,2.5976894903578795e-05
/content/Dataset/Test/Fake/fake_3563.jpg,Fake,Real,0.2805254459381103,0.7194745540618896,Fake,0.9995347261428832,0.000465354823973,Fake,0.7115243673324585,0.2884756326675415,Fake,0.999962568283081,3.746727452380583e-05
/content/Dataset/Test/Fake/fake_3571.jpg,Fake,Real,0.4031241834163666,0.5968758463859558,Fake,0.6562031507492065,0.343796819448471,Fake,0.8474196791648865,0.1525803059339523,Fake,0.8798204660415649,0.1201794669032096
/content/Dataset/Test/Fake/fake_3577.jpg,Fake,Fake,0.9765175580978394,0.0234824642539024,Fake,0.6574722528457642,0.3425277173519134,Real,0.1197183802723884,0.8802815675735474,Fake,0.9518767595291138,0.0481232479214668
/content/Dataset/Test/Fake/fake_3587.jpg,Fake,Real,0.4862621128559112,0.5137378573417664,Fake,0.99880051612854,0.0011995084350928,Fake,0.9998812675476074,0.0001187265952466,Fake,0.99997878074646,2.1251782527542676e-05
/content/Dataset/Test/Fake/fake_3588.jpg,Fake,Real,0.2736078798770904,0.7263920903205872,Fake,0.9996240139007568,0.0003759428509511,Fake,0.9897856712341307,0.010214346460998,Fake,0.9999693632125854,3.062663017772138e-05
/content/Dataset/Test/Fake/fake_3589.jpg,Fake,Real,0.0878433287143707,0.9121567010879515,Fake,0.9907955527305604,0.0092044500634074,Fake,0.6461029648780823,0.3538970649242401,Fake,0.999976634979248,2.339725506317336e-05
/content/Dataset/Test/Fake/fake_3609.jpg,Fake,Real,0.0049412548542022,0.99505877494812,Fake,0.9935497641563416,0.0064502502791583,Fake,0.998915195465088,0.0010848717065528,Fake,0.9999690055847168,3.104537972831167e-05
/content/Dataset/Test/Fake/fake_361.jpg,Fake,Real,0.0048621543683111,0.9951378703117372,Fake,0.9999982118606568,1.8142281987820752e-06,Fake,0.9999408721923828,5.915284418733791e-05,Fake,0.9999768733978271,2.308237162651494e-05
/content/Dataset/Test/Fake/fake_3619.jpg,Fake,Real,0.2526081204414367,0.7473918199539185,Fake,0.9968081116676332,0.0031919174361974,Real,0.340267151594162,0.6597328186035156,Fake,0.9999555349349976,4.4505657569970936e-05
/content/Dataset/Test/Fake/fake_3624.jpg,Fake,Real,0.4797067046165466,0.5202932357788086,Real,0.3906738758087158,0.609326183795929,Fake,0.9991822838783264,0.0008176979026757,Fake,0.9985785484313964,0.001421419205144
/content/Dataset/Test/Fake/fake_3628.jpg,Fake,Real,0.0551486015319824,0.9448513984680176,Real,0.0018510882509872,0.9981489181518556,Real,0.0759503245353698,0.92404967546463,Fake,0.864990234375,0.1350097209215164
/content/Dataset/Test/Fake/fake_3634.jpg,Fake,Fake,0.999273717403412,0.0007263193838298,Fake,0.9999954700469972,4.506281129579293e-06,Real,0.1464941203594207,0.8535059094429016,Fake,0.999923825263977,7.616746006533504e-05
/content/Dataset/Test/Fake/fake_3649.jpg,Fake,Real,0.178950622677803,0.8210493922233582,Fake,0.999624490737915,0.0003754979989025,Fake,0.9944789409637452,0.0055210245773196,Fake,0.9999743700027466,2.5673529307823628e-05
/content/Dataset/Test/Fake/fake_3656.jpg,Fake,Real,0.1665887981653213,0.8334112167358398,Real,0.0154207358136773,0.9845792055130004,Real,0.0346559658646583,0.9653440117836,Real,0.0013020811602473,0.9986978769302368
/content/Dataset/Test/Fake/fake_3659.jpg,Fake,Real,0.2511399686336517,0.7488600015640259,Fake,0.999997854232788,2.1136484065209515e-06,Fake,0.999925136566162,7.488435949198902e-05,Fake,0.9999616146087646,3.837649637716822e-05
/content/Dataset/Test/Fake/fake_3662.jpg,Fake,Fake,0.9993762373924256,0.0006238005007617,Fake,0.9997653365135192,0.0002346337132621,Fake,0.8098307847976685,0.1901691555976867,Real,0.4339551925659179,0.5660447478294373
/content/Dataset/Test/Fake/fake_3664.jpg,Fake,Real,0.0537881664931774,0.946211874485016,Real,0.4901091754436493,0.5098907947540283,Real,0.2000124305486679,0.7999875545501709,Fake,0.9184434413909912,0.081556536257267
/content/Dataset/Test/Fake/fake_3667.jpg,Fake,Fake,0.8307308554649353,0.1692691445350647,Real,0.094485193490982,0.9055148363113404,Real,0.2044556885957718,0.7955443859100342,Fake,0.9998453855514526,0.0001545838749734
/content/Dataset/Test/Fake/fake_3671.jpg,Fake,Real,0.153685063123703,0.8463149666786194,Real,0.0962045267224311,0.9037954211235046,Fake,0.9772856831550598,0.022714328020811,Fake,0.9999520778656006,4.7860863560345024e-05
/content/Dataset/Test/Fake/fake_3675.jpg,Fake,Real,0.0230972301214933,0.976902723312378,Fake,0.9999984502792358,1.539856839372078e-06,Fake,0.9993708729743958,0.0006291290628723,Fake,0.999660849571228,0.0003391300560906
/content/Dataset/Test/Fake/fake_3680.jpg,Fake,Fake,0.9377802014350892,0.0622198432683944,Fake,0.5658853054046631,0.4341147243976593,Real,0.0028727150056511,0.9971272349357604,Fake,0.9959243535995485,0.0040756035596132
/content/Dataset/Test/Fake/fake_3688.jpg,Fake,Fake,0.989007830619812,0.0109922355040907,Real,0.383537232875824,0.616462767124176,Fake,0.991076111793518,0.0089239003136754,Fake,0.9082462787628174,0.0917537659406662
/content/Dataset/Test/Fake/fake_3705.jpg,Fake,Real,0.1214249357581138,0.8785750269889832,Fake,0.9189993739128112,0.0810005739331245,Real,0.0967933908104896,0.9032065868377686,Real,0.3694260418415069,0.6305739879608154
/content/Dataset/Test/Fake/fake_3706.jpg,Fake,Fake,0.9829833507537842,0.0170165952295064,Real,0.0048334086313843,0.9951666593551636,Real,0.0068984786048531,0.9931014776229858,Real,0.0683608651161193,0.9316391348838806
/content/Dataset/Test/Fake/fake_3711.jpg,Fake,Real,0.2142289280891418,0.7857711315155029,Fake,0.9942723512649536,0.0057276170700788,Real,0.1653836369514465,0.8346163630485535,Real,0.0493114441633224,0.9506886005401612
/content/Dataset/Test/Fake/fake_3719.jpg,Fake,Real,0.0012950622476637,0.9987049102783204,Fake,0.9975507855415344,0.0024492726661264,Fake,0.9999493360519408,5.071441410109401e-05,Fake,0.9999479055404664,5.208818765822798e-05
/content/Dataset/Test/Fake/fake_3727.jpg,Fake,Fake,0.9986562728881836,0.001343707437627,Fake,0.9999797344207764,2.0324538127169944e-05,Real,0.4240350127220154,0.5759649276733398,Fake,0.9999732971191406,2.676088479347527e-05
/content/Dataset/Test/Fake/fake_3739.jpg,Fake,Real,0.1568174362182617,0.8431826233863831,Fake,0.9991914629936218,0.0008084849687293,Real,0.1008955165743827,0.8991044759750366,Fake,0.9775680303573608,0.0224319938570261
/content/Dataset/Test/Fake/fake_3745.jpg,Fake,Fake,0.998625874519348,0.0013741854345425,Fake,0.9999654293060304,3.453053068369627e-05,Real,0.2445935755968094,0.755406379699707,Fake,0.9921537041664124,0.0078463098034262
/content/Dataset/Test/Fake/fake_3753.jpg,Fake,Fake,0.8763316869735718,0.1236683055758476,Fake,0.9999994039535522,5.74963053168176e-07,Fake,0.997273862361908,0.0027261646464467,Real,0.4633045792579651,0.5366954207420349
/content/Dataset/Test/Fake/fake_3754.jpg,Fake,Real,0.1699030697345733,0.830096960067749,Fake,0.9985853433609008,0.0014146920293569,Fake,0.9675295352935792,0.0324704721570014,Fake,0.9999361038208008,6.392545037670061e-05
/content/Dataset/Test/Fake/fake_3758.jpg,Fake,Real,0.0023104215506464,0.9976896047592164,Fake,0.9999716281890868,2.838607360899914e-05,Fake,0.7263069748878479,0.2736930251121521,Fake,0.9999563694000244,4.368777081253938e-05
/content/Dataset/Test/Fake/fake_3759.jpg,Fake,Real,0.4353443682193756,0.5646556615829468,Fake,0.9999836683273317,1.6277708709822036e-05,Fake,0.9976662397384644,0.00233382335864,Fake,0.9999610185623168,3.896999987773597e-05
/content/Dataset/Test/Fake/fake_3760.jpg,Fake,Fake,0.997489333152771,0.0025106610264629,Fake,0.9999781847000122,2.1765830751974136e-05,Real,0.1220080256462097,0.8779919147491455,Fake,0.9998154044151306,0.0001845681399572
/content/Dataset/Test/Fake/fake_3761.jpg,Fake,Fake,0.9651851058006288,0.0348149575293064,Fake,0.9642350673675536,0.0357649140059948,Real,0.1696126163005828,0.8303873538970947,Fake,0.9995150566101074,0.00048495514784
/content/Dataset/Test/Fake/fake_3765.jpg,Fake,Real,0.434872418642044,0.5651275515556335,Fake,0.9999854564666748,1.455071924283402e-05,Fake,0.9997639060020448,0.0002361186925554,Fake,0.9999735355377196,2.6433963284944184e-05
/content/Dataset/Test/Fake/fake_3779.jpg,Fake,Real,0.1993138641119003,0.8006861805915833,Fake,0.9960915446281432,0.0039084046147763,Fake,0.7879725694656372,0.212027370929718,Fake,0.9575274586677552,0.0424724929034709
/content/Dataset/Test/Fake/fake_3780.jpg,Fake,Real,0.0676580071449279,0.932341992855072,Fake,0.9910988211631776,0.0089012114331126,Fake,0.7774925231933594,0.2225074172019958,Fake,0.6546558141708374,0.345344215631485
/content/Dataset/Test/Fake/fake_3788.jpg,Fake,Fake,0.9997512698173524,0.0002487558522261,Fake,0.9998090863227844,0.0001909170678118,Real,0.3202632963657379,0.6797367334365845,Fake,0.9999672174453736,3.27640118484851e-05
/content/Dataset/Test/Fake/fake_3793.jpg,Fake,Fake,0.9984309077262878,0.0015690955333411,Fake,0.9981178045272828,0.0018821831326931,Real,0.478760689496994,0.5212393403053284,Fake,0.9999730587005616,2.6901128876488656e-05
/content/Dataset/Test/Fake/fake_3797.jpg,Fake,Fake,0.9998158812522888,0.0001841208140831,Fake,0.9999986886978148,1.2731602510029916e-06,Real,0.0004723665770143,0.9995276927947998,Fake,0.9999563694000244,4.357691796030849e-05
/content/Dataset/Test/Fake/fake_3801.jpg,Fake,Real,0.3062233924865722,0.693776547908783,Fake,0.9996963739395142,0.000303693494061,Fake,0.9397876262664796,0.0602124296128749,Fake,0.999974250793457,2.570684591773897e-05
/content/Dataset/Test/Fake/fake_3804.jpg,Fake,Real,0.3810067474842071,0.6189932823181152,Fake,0.999990940093994,9.008477718452925e-06,Fake,0.9997194409370422,0.0002805285330396,Fake,0.999971866607666,2.811166996252723e-05
/content/Dataset/Test/Fake/fake_3810.jpg,Fake,Real,0.0804591551423072,0.9195408821105956,Real,0.0010433387942612,0.9989566802978516,Real,0.1091128438711166,0.8908872008323669,Fake,0.9233087301254272,0.0766912922263145
/content/Dataset/Test/Fake/fake_3826.jpg,Fake,Real,0.2995802164077759,0.7004197835922241,Fake,0.5737077593803406,0.426292210817337,Fake,0.604232907295227,0.3957671225070953,Fake,0.9999604225158693,3.952892802772112e-05
/content/Dataset/Test/Fake/fake_3828.jpg,Fake,Real,0.0496435724198818,0.950356423854828,Fake,0.9999985694885254,1.4265953041103785e-06,Fake,0.9999078512191772,9.216625767294316e-05,Fake,0.99997878074646,2.127589505107608e-05
/content/Dataset/Test/Fake/fake_3833.jpg,Fake,Real,0.4166216552257538,0.5833783149719238,Fake,0.9994955062866212,0.0005044436547905,Fake,0.9997146725654602,0.0002853299083653,Fake,0.999974489212036,2.547014446463436e-05
/content/Dataset/Test/Fake/fake_3836.jpg,Fake,Fake,0.95502769947052,0.0449723526835441,Fake,0.9980579018592834,0.0019420868484303,Fake,0.9857273697853088,0.0142726534977555,Real,0.4631028473377228,0.5368971824645996
/content/Dataset/Test/Fake/fake_3851.jpg,Fake,Real,0.416000485420227,0.5839995741844177,Fake,0.9999971389770508,2.8178478714835364e-06,Fake,0.99969482421875,0.0003051713865716,Fake,0.9999324083328248,6.755493086529896e-05
/content/Dataset/Test/Fake/fake_3852.jpg,Fake,Real,0.0017651460366323,0.9982348680496216,Fake,0.9999110698699952,8.891899778973311e-05,Fake,0.9951293468475342,0.0048706517554819,Fake,0.9999699592590332,2.999723619723227e-05
/content/Dataset/Test/Fake/fake_3854.jpg,Fake,Real,0.39106285572052,0.6089370846748352,Fake,0.9999935626983644,6.480343472503591e-06,Fake,0.9854884743690492,0.0145115442574024,Fake,0.9999732971191406,2.668092020030599e-05
/content/Dataset/Test/Fake/fake_3867.jpg,Fake,Real,0.2654733955860138,0.7345265746116638,Fake,0.9110127091407776,0.0889873057603836,Real,0.0863943174481391,0.9136056900024414,Real,0.4701856970787048,0.5298143029212952
/content/Dataset/Test/Fake/fake_3871.jpg,Fake,Real,0.0379850342869758,0.9620149731636048,Fake,0.9085398316383362,0.0914602130651474,Real,0.0006414594827219,0.999358594417572,Fake,0.999957799911499,4.2183524783467874e-05
/content/Dataset/Test/Fake/fake_3872.jpg,Fake,Real,0.2028882950544357,0.7971116900444031,Fake,0.9505048990249634,0.0494950674474239,Fake,0.9996267557144164,0.0003731684118974,Fake,0.9999734163284302,2.6581139536574483e-05
/content/Dataset/Test/Fake/fake_3878.jpg,Fake,Real,0.0789898261427879,0.921010196208954,Fake,0.9999991655349731,8.558119475310377e-07,Fake,0.999951958656311,4.801217437488958e-05,Fake,0.9999760389328004,2.39289383898722e-05
/content/Dataset/Test/Fake/fake_3882.jpg,Fake,Real,0.0427241474390029,0.9572758078575134,Fake,0.960853099822998,0.0391468852758407,Fake,0.9761342406272888,0.023865757510066,Fake,0.999974250793457,2.576486622274388e-05
/content/Dataset/Test/Fake/fake_3883.jpg,Fake,Real,0.477433830499649,0.5225661993026733,Fake,0.9999984502792358,1.579467379997368e-06,Fake,0.9994020462036132,0.0005979049601592,Fake,0.9999704360961914,2.9615102903335355e-05
/content/Dataset/Test/Fake/fake_3884.jpg,Fake,Real,0.005056511145085,0.9949434399604796,Fake,0.9906921982765198,0.0093078278005123,Real,0.1587675064802169,0.8412324786186218,Fake,0.9909679293632508,0.0090320464223623
/content/Dataset/Test/Fake/fake_3890.jpg,Fake,Real,0.3792463839054107,0.6207536458969116,Fake,0.9985326528549194,0.0014672790421172,Fake,0.9980872273445128,0.0019127468112856,Fake,0.999950647354126,4.938411075272597e-05
/content/Dataset/Test/Fake/fake_3893.jpg,Fake,Real,0.3592249453067779,0.6407750844955444,Fake,0.995958149433136,0.0040418189018964,Fake,0.9999920129776,7.990240192157216e-06,Fake,0.9999561309814452,4.391273978399113e-05
/content/Dataset/Test/Fake/fake_3895.jpg,Fake,Real,0.122654028236866,0.8773459196090698,Fake,0.999868392944336,0.0001316459529334,Fake,0.9958480596542358,0.0041519473306834,Fake,0.9999531507492064,4.68628823000472e-05
/content/Dataset/Test/Fake/fake_3914.jpg,Fake,Fake,0.7579066753387451,0.2420933544635772,Fake,0.9999927282333374,7.268619810929522e-06,Real,0.1082218363881111,0.8917782306671143,Fake,0.999972939491272,2.7103169486508705e-05
/content/Dataset/Test/Fake/fake_3931.jpg,Fake,Fake,0.8664594292640686,0.1335405856370926,Fake,0.9998340606689452,0.0001659200934227,Real,0.2681471109390259,0.7318528890609741,Fake,0.9999688863754272,3.112642662017606e-05
/content/Dataset/Test/Fake/fake_3932.jpg,Fake,Real,0.0697396472096443,0.9302603602409364,Fake,0.9963316321372986,0.0036684428341686,Fake,0.993419349193573,0.0065806130878627,Fake,0.999962568283081,3.739078238140792e-05
/content/Dataset/Test/Fake/fake_3953.jpg,Fake,Fake,0.968529462814331,0.0314705446362495,Fake,0.88614821434021,0.113851748406887,Fake,0.9986427426338196,0.0013572527095675,Real,0.4946814477443695,0.5053185820579529
/content/Dataset/Test/Fake/fake_3957.jpg,Fake,Fake,0.9716354608535768,0.028364548459649,Real,0.0731129050254821,0.9268870949745178,Real,0.0277265086770057,0.9722734093666076,Fake,0.879043459892273,0.1209564879536628
/content/Dataset/Test/Fake/fake_3972.jpg,Fake,Fake,0.9197787046432496,0.0802213251590728,Real,0.0008941055857576,0.9991058707237244,Real,0.4663581550121307,0.5336418151855469,Real,5.782520383945666e-05,0.999942183494568
/content/Dataset/Test/Fake/fake_3984.jpg,Fake,Real,0.2979939579963684,0.7020059823989868,Fake,0.9999983310699464,1.6706411543054855e-06,Fake,0.9999504089355468,4.953224924975075e-05,Fake,0.9999760389328004,2.3908545699669048e-05
/content/Dataset/Test/Fake/fake_3997.jpg,Fake,Fake,0.94031822681427,0.059681799262762,Real,0.0030881883576512,0.9969118237495422,Real,0.1348913013935089,0.8651087284088135,Real,3.5348562960280105e-05,0.9999645948410034
/content/Dataset/Test/Fake/fake_400.jpg,Fake,Real,0.1586524695158004,0.8413475155830383,Fake,0.9999994039535522,5.486430154633126e-07,Fake,0.99993097782135,6.898736319271848e-05,Fake,0.9999682903289796,3.175991150783375e-05
/content/Dataset/Test/Fake/fake_4005.jpg,Fake,Real,0.4517369866371155,0.5482630133628845,Fake,0.9999985694885254,1.4723842696184877e-06,Fake,0.9999599456787108,4.003160938736983e-05,Fake,0.9999701976776124,2.9743940103799105e-05
/content/Dataset/Test/Fake/fake_4008.jpg,Fake,Fake,0.998349905014038,0.0016501585487276,Fake,0.7655572295188904,0.2344427853822708,Fake,0.918811023235321,0.0811889767646789,Real,0.3951181173324585,0.6048818826675415
/content/Dataset/Test/Fake/fake_4009.jpg,Fake,Fake,0.9122637510299684,0.0877362638711929,Real,0.0027472735382616,0.9972527623176576,Real,0.4592902064323425,0.5407097339630127,Real,0.195342555642128,0.8046573996543884
/content/Dataset/Test/Fake/fake_4024.jpg,Fake,Fake,0.9074720144271852,0.0925279855728149,Real,0.2818909585475921,0.7181090116500854,Real,0.2142726480960846,0.7857273817062378,Fake,0.9999589920043944,4.097221972187981e-05
/content/Dataset/Test/Fake/fake_4025.jpg,Fake,Fake,0.6208993196487427,0.3791007101535797,Real,0.4252805411815643,0.5747194886207581,Fake,0.6312894225120544,0.3687105476856231,Fake,0.9997829794883728,0.0002170676743844
/content/Dataset/Test/Fake/fake_4028.jpg,Fake,Fake,0.6372554302215576,0.3627445697784424,Fake,0.9999719858169556,2.801196023938246e-05,Real,0.4902215600013733,0.5097784399986267,Fake,0.999976396560669,2.364466490689665e-05
/content/Dataset/Test/Fake/fake_4029.jpg,Fake,Fake,0.989188015460968,0.0108120264485478,Fake,0.9998927116394044,0.0001072701561497,Real,0.0908684507012367,0.9091315865516664,Fake,0.9999710321426392,2.8978322006878443e-05
/content/Dataset/Test/Fake/fake_4035.jpg,Fake,Fake,0.9523042440414428,0.0476957894861698,Real,0.2285448610782623,0.7714551091194153,Fake,0.5069113969802856,0.4930885732173919,Fake,0.999963641166687,3.631900472100824e-05
/content/Dataset/Test/Fake/fake_4036.jpg,Fake,Fake,0.9974935054779052,0.0025064607616513,Real,0.146924078464508,0.8530759215354919,Fake,0.9360308051109314,0.0639691576361656,Fake,0.9998156428337096,0.0001843630743678
/content/Dataset/Test/Fake/fake_4037.jpg,Fake,Fake,0.917550265789032,0.0824497044086456,Real,0.2999592125415802,0.7000407576560974,Fake,0.5439079403877258,0.4560921192169189,Real,0.3254638314247131,0.6745361685752869
/content/Dataset/Test/Fake/fake_404.jpg,Fake,Fake,0.9982497096061708,0.0017502218252047,Fake,0.991582214832306,0.0084178401157259,Real,0.1376822292804718,0.8623177409172058,Fake,0.9875202178955078,0.0124798184260725
/content/Dataset/Test/Fake/fake_4040.jpg,Fake,Fake,0.9432241320610046,0.0567758940160274,Real,0.0509465150535106,0.9490535259246826,Fake,0.9897634983062744,0.010236507281661,Fake,0.999970555305481,2.9442087907227688e-05
/content/Dataset/Test/Fake/fake_405.jpg,Fake,Fake,0.9933440685272216,0.0066559710539877,Fake,0.9982062578201294,0.0017937320517376,Fake,0.9985396862030028,0.0014602995943278,Real,0.0005564581369981,0.9994434714317322
/content/Dataset/Test/Fake/fake_4052.jpg,Fake,Real,0.1326648741960525,0.8673351407051086,Fake,0.9989988207817078,0.0010011451086029,Fake,0.7841678857803345,0.2158320397138595,Fake,0.8649836778640747,0.1350163370370865
/content/Dataset/Test/Fake/fake_4056.jpg,Fake,Fake,0.999866247177124,0.0001336824643658,Fake,0.9870724081993104,0.012927577830851,Real,0.0683186128735542,0.9316814541816713,Fake,0.9999597072601318,4.030288982903585e-05
/content/Dataset/Test/Fake/fake_4059.jpg,Fake,Real,0.4258311986923218,0.5741688013076782,Fake,0.9981439113616944,0.0018560896860435,Fake,0.9998093247413636,0.0001906467659864,Fake,0.9999732971191406,2.6674126274883747e-05
/content/Dataset/Test/Fake/fake_4060.jpg,Fake,Fake,0.9998295307159424,0.0001703827292658,Fake,0.999992609024048,7.410431862808764e-06,Fake,0.6915923953056335,0.3084076046943664,Real,0.1771350651979446,0.8228649497032166
/content/Dataset/Test/Fake/fake_4063.jpg,Fake,Real,0.0005422441172413,0.9994577765464784,Fake,0.9846919178962708,0.0153081445023417,Fake,0.9959037899971008,0.0040962100028991,Fake,0.9416033625602722,0.0583965890109539
/content/Dataset/Test/Fake/fake_4083.jpg,Fake,Fake,0.9852142930030824,0.0147857414558529,Fake,0.9980947375297546,0.0019052622374147,Real,0.2562915980815887,0.7437083721160889,Fake,0.9999693632125854,3.066907083848491e-05
/content/Dataset/Test/Fake/fake_4092.jpg,Fake,Fake,0.9031731486320496,0.0968268886208534,Fake,0.5190059542655945,0.4809940159320831,Fake,0.577197790145874,0.4228022694587707,Real,0.3529458940029144,0.647054135799408
/content/Dataset/Test/Fake/fake_4095.jpg,Fake,Fake,0.9832651019096376,0.0167349148541688,Fake,0.9954615235328674,0.0045385076664388,Real,0.3448368012905121,0.6551631689071655,Fake,0.9999711513519288,2.8836238925578076e-05
/content/Dataset/Test/Fake/fake_4102.jpg,Fake,Real,0.0081444196403026,0.9918556213378906,Fake,0.9825708270072936,0.0174291748553514,Fake,0.8467041850090027,0.1532958745956421,Fake,0.9999256134033204,7.441693742293864e-05
/content/Dataset/Test/Fake/fake_4113.jpg,Fake,Real,0.1294734477996826,0.8705265522003174,Real,0.2464550733566284,0.7535449266433716,Fake,0.8804663419723511,0.1195336803793907,Fake,0.99996817111969,3.183477747370489e-05
/content/Dataset/Test/Fake/fake_4117.jpg,Fake,Real,0.2560006976127624,0.7439993023872375,Fake,0.9999988079071044,1.1339307093294335e-06,Fake,0.99994957447052,5.037776281824336e-05,Fake,0.9999678134918212,3.2200932764681056e-05
/content/Dataset/Test/Fake/fake_4119.jpg,Fake,Fake,0.8962465524673462,0.103753462433815,Fake,0.9997403025627136,0.0002597301790956,Real,0.2892971336841583,0.7107028961181641,Fake,0.9999738931655884,2.6077492293552496e-05
/content/Dataset/Test/Fake/fake_4125.jpg,Fake,Real,0.1880733668804168,0.8119266033172607,Real,0.0144277429208159,0.9855722784996032,Real,0.4037683010101318,0.5962316989898682,Fake,0.658940851688385,0.3410592079162597
/content/Dataset/Test/Fake/fake_4137.jpg,Fake,Real,0.2113267332315445,0.7886732816696167,Fake,0.9988921284675598,0.0011078363750129,Real,0.0945407822728157,0.9054592251777648,Fake,0.9442177414894104,0.055782251060009
/content/Dataset/Test/Fake/fake_4141.jpg,Fake,Real,0.0985992103815078,0.9014008045196532,Fake,0.9998946189880372,0.0001054136882885,Fake,0.9773584604263306,0.022641509771347,Fake,0.942068576812744,0.05793147534132
/content/Dataset/Test/Fake/fake_4149.jpg,Fake,Fake,0.9998553991317748,0.0001446209935238,Real,0.3951693177223205,0.6048306822776794,Real,0.001891381223686,0.9981086254119872,Fake,0.9680989980697632,0.0319010131061077
/content/Dataset/Test/Fake/fake_4159.jpg,Fake,Real,0.0298192985355854,0.9701806902885436,Fake,0.6456993818283081,0.3543006181716919,Fake,0.5887309312820435,0.4112690985202789,Fake,0.9999756813049316,2.4304064936586656e-05
/content/Dataset/Test/Fake/fake_4191.jpg,Fake,Fake,0.8988065123558044,0.1011934354901313,Fake,0.9576942920684814,0.0423056744039058,Fake,0.8557843565940857,0.1442156732082367,Real,0.3038005828857422,0.6961994171142578
/content/Dataset/Test/Fake/fake_4203.jpg,Fake,Fake,0.9624444246292114,0.0375555306673049,Real,0.3312591910362243,0.6687408089637756,Fake,0.9826186895370485,0.0173813160508871,Fake,0.9999616146087646,3.844188177026808e-05
/content/Dataset/Test/Fake/fake_4208.jpg,Fake,Real,0.4158577620983124,0.58414226770401,Fake,0.9956049919128418,0.0043950332328677,Fake,0.9813053011894226,0.0186946373432874,Fake,0.9999345541000366,6.538470915984362e-05
/content/Dataset/Test/Fake/fake_421.jpg,Fake,Real,0.1622586697340011,0.8377413153648376,Fake,0.9999910593032836,8.982829058368225e-06,Fake,0.99480801820755,0.0051920497789978,Fake,0.607222855091095,0.3927771151065826
/content/Dataset/Test/Fake/fake_4210.jpg,Fake,Real,0.2513906359672546,0.7486093640327454,Fake,0.99992036819458,7.963123061927035e-05,Fake,0.9545198678970336,0.0454801432788372,Fake,0.9999428987503052,5.709664765163325e-05
/content/Dataset/Test/Fake/fake_4211.jpg,Fake,Real,0.1418339163064956,0.8581660985946655,Fake,0.999974012374878,2.6009465727838688e-05,Fake,0.8288838863372803,0.1711161434650421,Fake,0.9984560012817384,0.0015440529678016
/content/Dataset/Test/Fake/fake_4237.jpg,Fake,Real,0.1444216519594192,0.8555783629417419,Fake,0.999998927116394,1.0989763268298702e-06,Fake,0.999964952468872,3.499544254736975e-05,Fake,0.9999715089797974,2.8476768420659937e-05
/content/Dataset/Test/Fake/fake_424.jpg,Fake,Real,0.0574474036693573,0.9425526261329652,Fake,0.9999948740005492,5.108815003040945e-06,Fake,0.9999701976776124,2.9770217224722728e-05,Fake,0.9999587535858154,4.129434455535375e-05
/content/Dataset/Test/Fake/fake_4255.jpg,Fake,Real,0.2634837031364441,0.7365163564682007,Fake,0.6146153211593628,0.3853846788406372,Fake,0.9983329176902772,0.0016671313205733,Fake,0.957391321659088,0.0426086895167827
/content/Dataset/Test/Fake/fake_4265.jpg,Fake,Fake,0.9816377758979796,0.018362209200859,Fake,0.5601069331169128,0.4398930668830871,Real,0.145234152674675,0.8547658324241638,Fake,0.9999667406082152,3.3215015719179064e-05
/content/Dataset/Test/Fake/fake_4282.jpg,Fake,Fake,0.95125412940979,0.0487458519637584,Real,0.0680263563990593,0.93197363615036,Fake,0.6308332085609436,0.369166761636734,Fake,0.999909520149231,9.048241190612316e-05
/content/Dataset/Test/Fake/fake_4283.jpg,Fake,Real,0.2813875079154968,0.7186124920845032,Real,0.0001220008853124,0.9998779296875,Real,0.0011906763538718,0.9988093376159668,Fake,0.9998148083686828,0.0001852079003583
/content/Dataset/Test/Fake/fake_4289.jpg,Fake,Real,0.4059965908527374,0.594003438949585,Real,0.2615437805652618,0.7384562492370605,Real,0.0064401468262076,0.9935598373413086,Real,0.3047460615634918,0.6952539086341858
/content/Dataset/Test/Fake/fake_4291.jpg,Fake,Fake,0.8697088360786438,0.1302911788225174,Real,0.0035643985029309,0.9964356422424316,Fake,0.9997709393501282,0.0002290415141033,Fake,0.99996817111969,3.1868981750449166e-05
/content/Dataset/Test/Fake/fake_43.jpg,Fake,Real,0.4376188814640045,0.5623810887336731,Fake,0.9999970197677612,3.0157975743350107e-06,Fake,0.9989284873008728,0.0010714407544583,Fake,0.9999287128448486,7.125227421056479e-05
/content/Dataset/Test/Fake/fake_4306.jpg,Fake,Real,0.0362230390310287,0.9637770056724548,Real,0.1802750080823898,0.819724977016449,Real,0.0300199519842863,0.9699800610542296,Fake,0.9998422861099244,0.0001577076182002
/content/Dataset/Test/Fake/fake_4307.jpg,Fake,Real,0.0534380376338958,0.9465619325637816,Real,0.0038158348761498,0.9961841702461244,Real,0.2034563571214676,0.7965435981750488,Real,0.0510446391999721,0.9489553570747375
/content/Dataset/Test/Fake/fake_4320.jpg,Fake,Real,0.091689758002758,0.9083101749420166,Fake,0.9999982118606568,1.733276462800859e-06,Fake,0.9998812675476074,0.000118775977171,Fake,0.9999724626541138,2.7591129764914516e-05
/content/Dataset/Test/Fake/fake_4323.jpg,Fake,Real,0.4170507192611694,0.5829493403434753,Fake,0.9999992847442628,6.564924888152746e-07,Fake,0.999988317489624,1.1731471204257105e-05,Fake,0.9999713897705078,2.863239569705911e-05
/content/Dataset/Test/Fake/fake_4325.jpg,Fake,Real,0.1749821156263351,0.8250179290771484,Fake,0.999985694885254,1.4345614545163698e-05,Fake,0.948960542678833,0.0510394610464572,Fake,0.7069517970085144,0.293048232793808
/content/Dataset/Test/Fake/fake_4329.jpg,Fake,Fake,0.9871909618377686,0.0128089683130383,Real,0.4111268520355224,0.5888730883598328,Fake,0.9971429705619812,0.0028570301365107,Fake,0.9999785423278807,2.146266706404276e-05
/content/Dataset/Test/Fake/fake_433.jpg,Fake,Real,0.0091167334467172,0.9908832907676696,Fake,0.7287909984588623,0.2712090313434601,Fake,0.5368464589118958,0.4631535112857818,Fake,0.9999630451202391,3.696064959513024e-05
/content/Dataset/Test/Fake/fake_4339.jpg,Fake,Real,0.014011331833899,0.9859886169433594,Fake,0.9999195337295532,8.041293767746538e-05,Fake,0.9947978258132936,0.0052021699957549,Fake,0.9999669790267944,3.306912913103588e-05
/content/Dataset/Test/Fake/fake_4340.jpg,Fake,Real,0.0495396256446838,0.9504603147506714,Fake,0.9997252821922302,0.0002746871323324,Fake,0.7952096462249756,0.2047903090715408,Fake,0.9999676942825316,3.2322244805982336e-05
/content/Dataset/Test/Fake/fake_4343.jpg,Fake,Real,0.3527978956699371,0.6472021341323853,Fake,0.999716341495514,0.0002836704370565,Fake,0.995139479637146,0.0048604840412735,Fake,0.9999761581420898,2.3826743927202187e-05
/content/Dataset/Test/Fake/fake_4345.jpg,Fake,Fake,0.9348121881484984,0.065187782049179,Fake,0.9999850988388062,1.4845684745523611e-05,Real,0.3563279211521148,0.6436721086502075,Fake,0.9999761581420898,2.3851545847719532e-05
/content/Dataset/Test/Fake/fake_4348.jpg,Fake,Real,0.03389598056674,0.9661040306091307,Fake,0.9986444115638732,0.0013555752811953,Fake,0.8235809206962585,0.1764191389083862,Fake,0.9309451580047609,0.0690548792481422
/content/Dataset/Test/Fake/fake_4361.jpg,Fake,Real,0.4529963433742523,0.5470036864280701,Fake,0.995271384716034,0.0047286027111113,Fake,0.9879697561264038,0.0120302606374025,Fake,0.9999659061431884,3.405282768653706e-05
/content/Dataset/Test/Fake/fake_4386.jpg,Fake,Real,0.3818745017051697,0.6181254982948303,Fake,0.9998243451118468,0.0001757365389494,Fake,0.7738939523696899,0.2261060029268264,Fake,0.9985942244529724,0.0014058174565434
/content/Dataset/Test/Fake/fake_4392.jpg,Fake,Real,0.1422001123428344,0.8577998876571655,Fake,0.9999943971633912,5.610837433778215e-06,Fake,0.997585654258728,0.0024143205955624,Fake,0.9999769926071168,2.3027187125990167e-05
/content/Dataset/Test/Fake/fake_4397.jpg,Fake,Real,0.0180244538933038,0.9819756150245668,Real,0.4330861866474151,0.5669138431549072,Fake,0.941002368927002,0.0589975789189338,Fake,0.9978513717651368,0.002148630330339
/content/Dataset/Test/Fake/fake_4399.jpg,Fake,Fake,0.9769919514656068,0.0230080261826515,Real,0.310770183801651,0.6892298460006714,Fake,0.9801695942878724,0.0198303926736116,Fake,0.9917037487030028,0.00829619448632
/content/Dataset/Test/Fake/fake_4409.jpg,Fake,Fake,0.998651921749115,0.0013481016503646,Fake,0.9999569654464722,4.3026153434766456e-05,Real,0.4457941949367523,0.5542058348655701,Fake,0.9999793767929076,2.0633337044273503e-05
/content/Dataset/Test/Fake/fake_4413.jpg,Fake,Real,0.3857861757278442,0.6142138242721558,Fake,0.9999916553497314,8.323005204147194e-06,Fake,0.9998443126678468,0.0001556627685204,Fake,0.9999637603759766,3.618556002038531e-05
/content/Dataset/Test/Fake/fake_4414.jpg,Fake,Real,0.309303730726242,0.6906962990760803,Fake,0.999596893787384,0.0004030903510283,Fake,0.9918614625930786,0.0081385308876633,Fake,0.9999581575393676,4.180503674433567e-05
/content/Dataset/Test/Fake/fake_4420.jpg,Fake,Real,0.421409398317337,0.5785906314849854,Real,0.025573106482625,0.9744268655776978,Real,0.0007866236846894,0.9992133378982544,Real,0.0001934271713253,0.999806582927704
/content/Dataset/Test/Fake/fake_4436.jpg,Fake,Real,0.1012878939509391,0.8987120389938354,Fake,0.9999991655349731,8.260254276137857e-07,Fake,0.9999960660934448,3.967179054598091e-06,Fake,0.9999727010726928,2.735775888140779e-05
/content/Dataset/Test/Fake/fake_4437.jpg,Fake,Real,0.1126042827963829,0.8873956799507141,Fake,0.999996781349182,3.2723555705160834e-06,Fake,0.9999960660934448,3.9407645999745e-06,Fake,0.9999667406082152,3.322781412862241e-05
/content/Dataset/Test/Fake/fake_4456.jpg,Fake,Fake,0.8769158124923706,0.1230842396616935,Fake,0.9639988541603088,0.0360012091696262,Real,0.1923008412122726,0.8076992034912109,Fake,0.999962329864502,3.765726796700619e-05
/content/Dataset/Test/Fake/fake_4464.jpg,Fake,Fake,0.914263904094696,0.0857361555099487,Fake,0.9999794960021972,2.0450990632525645e-05,Real,0.0125303519889712,0.9874696731567384,Fake,0.9999767541885376,2.325193781871349e-05
/content/Dataset/Test/Fake/fake_4465.jpg,Fake,Real,0.1864567846059799,0.8135432600975037,Fake,0.9055079221725464,0.0944921225309372,Real,0.0389229506254196,0.9610770344734192,Fake,0.9999414682388306,5.851571404491551e-05
/content/Dataset/Test/Fake/fake_4470.jpg,Fake,Real,0.0007380089955404,0.999262034893036,Real,0.0027637635357677,0.9972363114356996,Real,0.0055540711618959,0.9944459199905396,Real,0.0001155485442723,0.9998844861984252
/content/Dataset/Test/Fake/fake_4476.jpg,Fake,Real,0.2354309260845184,0.764569103717804,Fake,0.9859785437583924,0.0140214012935757,Real,0.0052427696064114,0.9947572946548462,Real,3.1685849535278976e-05,0.9999682903289796
/content/Dataset/Test/Fake/fake_4490.jpg,Fake,Fake,0.9997321963310242,0.0002677954034879,Real,0.2133582383394241,0.7866417765617371,Fake,0.9594632387161256,0.0405367650091648,Fake,0.9999712705612184,2.877479164453689e-05
/content/Dataset/Test/Fake/fake_4492.jpg,Fake,Real,0.0484754219651222,0.951524555683136,Real,3.954095518565737e-05,0.9999604225158693,Real,0.0074238143861293,0.9925762414932252,Fake,0.9947975873947144,0.0052023869939148
/content/Dataset/Test/Fake/fake_4493.jpg,Fake,Real,0.0040365071035921,0.995963454246521,Real,0.006145475897938,0.993854522705078,Fake,0.7318199276924133,0.2681800723075866,Fake,0.7811093330383301,0.2188906967639923
/content/Dataset/Test/Fake/fake_4502.jpg,Fake,Real,0.0089652575552463,0.9910348057746888,Fake,0.9999984502792358,1.5408543276862474e-06,Fake,0.999915361404419,8.462329424219206e-05,Fake,0.9999788999557496,2.109348315570969e-05
/content/Dataset/Test/Fake/fake_4503.jpg,Fake,Real,0.1447098404169082,0.8552901744842529,Fake,0.978448748588562,0.0215512197464704,Fake,0.9539592266082764,0.0460408143699169,Fake,0.999953031539917,4.694575909525156e-05
/content/Dataset/Test/Fake/fake_4506.jpg,Fake,Real,0.2978109717369079,0.702189028263092,Fake,0.9990720748901368,0.0009279383230023,Fake,0.9947476983070374,0.0052522653713822,Fake,0.9999760389328004,2.3911190510261804e-05
/content/Dataset/Test/Fake/fake_4508.jpg,Fake,Real,0.0410504378378391,0.9589495658874512,Fake,0.850387454032898,0.1496125012636184,Fake,0.9537299275398254,0.0462700985372066,Fake,0.9980010390281676,0.0019990040455013
/content/Dataset/Test/Fake/fake_4509.jpg,Fake,Real,0.0099760517477989,0.9900240302085876,Real,0.1212275102734565,0.8787724375724792,Fake,0.956287682056427,0.0437122918665409,Fake,0.9979977011680604,0.0020022373646497
/content/Dataset/Test/Fake/fake_4513.jpg,Fake,Fake,0.9418821930885316,0.0581178665161132,Real,0.0039532152004539,0.9960467219352722,Real,0.3982973396778106,0.6017026901245117,Fake,0.9988118410110474,0.0011881216196343
/content/Dataset/Test/Fake/fake_4516.jpg,Fake,Real,0.0224594250321388,0.9775405526161194,Fake,0.9025418758392334,0.0974580720067024,Fake,0.9698325395584106,0.0301674492657184,Fake,0.9999555349349976,4.446226012078114e-05
/content/Dataset/Test/Fake/fake_4530.jpg,Fake,Real,0.026209769770503,0.9737902283668518,Fake,0.5525310635566711,0.4474689960479736,Fake,0.5891887545585632,0.4108112454414367,Fake,0.9999693632125854,3.0648341635242105e-05
/content/Dataset/Test/Fake/fake_4537.jpg,Fake,Real,0.327303946018219,0.672696053981781,Fake,0.9998427629470824,0.0001572581822983,Fake,0.8868638873100281,0.1131361499428749,Fake,0.9999672174453736,3.2839056075317785e-05
/content/Dataset/Test/Fake/fake_4541.jpg,Fake,Real,0.0690093114972114,0.9309906959533693,Fake,0.9999964237213136,3.6060150705452543e-06,Fake,0.6473917365074158,0.352608323097229,Fake,0.999963641166687,3.637803456513211e-05
/content/Dataset/Test/Fake/fake_4547.jpg,Fake,Real,0.1829482465982437,0.8170517086982727,Fake,0.9999833106994628,1.6670710465405136e-05,Fake,0.999969720840454,3.024250690941699e-05,Fake,0.9999748468399048,2.511241655156482e-05
/content/Dataset/Test/Fake/fake_4548.jpg,Fake,Real,0.4279602468013763,0.5720397233963013,Fake,0.9997765421867372,0.0002234866697108,Fake,0.999075174331665,0.0009247943526133,Fake,0.9999607801437378,3.918147558579221e-05
/content/Dataset/Test/Fake/fake_4550.jpg,Fake,Fake,0.8447211384773254,0.1552788317203521,Fake,0.9980313181877136,0.0019686482846736,Real,0.452416181564331,0.547583818435669,Fake,0.9999673366546632,3.2641539291944355e-05
/content/Dataset/Test/Fake/fake_4551.jpg,Fake,Real,0.1328456997871399,0.8671543002128601,Fake,0.9999510049819946,4.89349513372872e-05,Fake,0.9992604851722716,0.0007395317079499,Fake,0.9999678134918212,3.2197556720348075e-05
/content/Dataset/Test/Fake/fake_4557.jpg,Fake,Real,0.2978793978691101,0.7021206021308899,Fake,0.9999986886978148,1.341116330877412e-06,Fake,0.9999806880950928,1.936931766977068e-05,Fake,0.9999717473983764,2.821082125592511e-05
/content/Dataset/Test/Fake/fake_4558.jpg,Fake,Real,0.1449132561683654,0.8550867438316345,Fake,0.9998396635055542,0.0001602918928256,Fake,0.9996975660324096,0.0003024025645572,Fake,0.9998968839645386,0.0001031038846122
/content/Dataset/Test/Fake/fake_4560.jpg,Fake,Real,0.2985458374023437,0.7014541625976562,Fake,0.9999959468841552,3.995487986685475e-06,Fake,0.9999958276748656,4.172000444668811e-06,Fake,0.999975085258484,2.4955044864327647e-05
/content/Dataset/Test/Fake/fake_4573.jpg,Fake,Real,0.0239318665117025,0.9760681390762328,Fake,0.9999817609786988,1.824498576752376e-05,Fake,0.999841809272766,0.0001581099204486,Fake,0.9999605417251588,3.950150130549446e-05
/content/Dataset/Test/Fake/fake_4583.jpg,Fake,Real,0.0008138379780575,0.999186098575592,Fake,0.9947124719619752,0.0052875755354762,Fake,0.8772174715995789,0.1227825134992599,Fake,0.9999127388000488,8.728648390388116e-05
/content/Dataset/Test/Fake/fake_4584.jpg,Fake,Real,0.1567278802394867,0.8432721495628357,Fake,0.9995518326759338,0.0004481787036638,Real,0.2390679568052292,0.7609320878982544,Fake,0.9991452693939208,0.0008547123870812
/content/Dataset/Test/Fake/fake_4589.jpg,Fake,Real,0.4815229177474975,0.5184770822525024,Fake,0.9999996423721312,3.990477921433922e-07,Fake,0.9999746084213256,2.54149690590566e-05,Fake,0.999976634979248,2.3325739675783552e-05
/content/Dataset/Test/Fake/fake_4599.jpg,Fake,Fake,0.6581395268440247,0.3418605029582977,Real,0.0598238371312618,0.9401761293411256,Real,0.0287927724421024,0.9712072014808656,Fake,0.9955912828445436,0.0044088009744882
/content/Dataset/Test/Fake/fake_4602.jpg,Fake,Fake,0.99954092502594,0.0004591383039951,Fake,0.9714222550392152,0.0285777021199464,Real,0.1510896682739257,0.848910391330719,Fake,0.9959182143211364,0.0040817530825734
/content/Dataset/Test/Fake/fake_4603.jpg,Fake,Fake,0.9964120984077454,0.0035879262723028,Real,0.0377511754631996,0.9622488021850586,Real,0.004178789909929,0.9958212375640868,Fake,0.9999492168426514,5.075079025118612e-05
/content/Dataset/Test/Fake/fake_4623.jpg,Fake,Fake,0.8754006624221802,0.1245993748307228,Fake,0.9763625264167786,0.0236375350505113,Real,0.074171707034111,0.9258282780647278,Fake,0.9998772144317628,0.0001228007604368
/content/Dataset/Test/Fake/fake_4624.jpg,Fake,Fake,0.691371500492096,0.308628499507904,Real,0.1270642280578613,0.8729357719421387,Fake,0.9693519473075868,0.0306480266153812,Fake,0.9999387264251708,6.126847438281402e-05
/content/Dataset/Test/Fake/fake_4636.jpg,Fake,Real,0.0034387670457363,0.9965612292289734,Fake,0.9822947978973388,0.0177051834762096,Fake,0.9992344379425048,0.0007655987283214,Fake,0.9999607801437378,3.9201877370942384e-05
/content/Dataset/Test/Fake/fake_4637.jpg,Fake,Fake,0.999886393547058,0.0001136426217271,Fake,0.9999992847442628,7.273996516232728e-07,Fake,0.9789806604385376,0.0210194028913974,Real,0.2737840414047241,0.7262158989906311
/content/Dataset/Test/Fake/fake_4640.jpg,Fake,Real,0.3137494921684265,0.6862505078315735,Fake,0.999588906764984,0.0004111584858037,Fake,0.991356372833252,0.0086435973644256,Fake,0.9999771118164062,2.283588037244044e-05
/content/Dataset/Test/Fake/fake_4642.jpg,Fake,Real,0.4810856282711029,0.5189144015312195,Real,0.3302453458309173,0.669754683971405,Real,0.0360253825783729,0.9639745950698853,Fake,0.817469596862793,0.182530403137207
/content/Dataset/Test/Fake/fake_4645.jpg,Fake,Real,0.1958042532205581,0.804195761680603,Fake,0.9935646653175354,0.0064352909103035,Fake,0.99959534406662,0.0004047133261337,Real,0.0936102271080017,0.9063897132873536
/content/Dataset/Test/Fake/fake_4652.jpg,Fake,Real,0.4138303399085998,0.5861696600914001,Fake,0.7870886325836182,0.2129113525152206,Real,0.2056401371955871,0.7943598031997681,Fake,0.9999771118164062,2.2847401851322505e-05
/content/Dataset/Test/Fake/fake_4654.jpg,Fake,Real,0.3709236681461334,0.6290763020515442,Fake,0.999998927116394,1.1129129688924877e-06,Fake,0.9974206686019896,0.0025793039239943,Fake,0.9999743700027466,2.5573730454198085e-05
/content/Dataset/Test/Fake/fake_467.jpg,Fake,Fake,0.9990567564964294,0.0009432561346329,Fake,0.9131654500961304,0.0868345499038696,Fake,0.7819117903709412,0.2180881649255752,Real,0.3510168194770813,0.6489831209182739
/content/Dataset/Test/Fake/fake_4681.jpg,Fake,Fake,0.9965080618858336,0.0034919092431664,Fake,0.9994196891784668,0.0005802930099889,Real,0.0354097336530685,0.9645901918411256,Real,0.1972900182008743,0.8027099370956421
/content/Dataset/Test/Fake/fake_4687.jpg,Fake,Real,0.0870029032230377,0.91299706697464,Real,0.2377462536096573,0.7622537612915039,Real,0.296178936958313,0.703821063041687,Fake,0.9998509883880616,0.0001489784772275
/content/Dataset/Test/Fake/fake_4718.jpg,Fake,Fake,0.9610083103179932,0.038991704583168,Real,0.2225732207298278,0.7774268388748169,Fake,0.9994827508926392,0.0005172343226149,Fake,0.9999752044677734,2.482120726199355e-05
/content/Dataset/Test/Fake/fake_4719.jpg,Fake,Real,0.1744537204504013,0.8255462050437927,Fake,0.9325771331787108,0.0674228221178054,Fake,0.9991607666015624,0.0008393012103624,Fake,0.9999780654907228,2.189219230785966e-05
/content/Dataset/Test/Fake/fake_4721.jpg,Fake,Real,0.2506412267684936,0.7493587136268616,Real,0.1338635832071304,0.866136372089386,Real,0.4509845077991485,0.5490155220031738,Fake,0.9999767541885376,2.3300573957385492e-05
/content/Dataset/Test/Fake/fake_4726.jpg,Fake,Real,0.3260005712509155,0.6739994287490845,Fake,0.9999878406524658,1.218793295265641e-05,Fake,0.9999768733978271,2.3120748664950952e-05,Fake,0.9999719858169556,2.8039970857207663e-05
/content/Dataset/Test/Fake/fake_4733.jpg,Fake,Real,0.0067726597189903,0.9932273030281068,Fake,0.5870364904403687,0.4129634797573089,Real,0.0280987527221441,0.97190123796463,Real,0.0568054318428039,0.9431945085525512
/content/Dataset/Test/Fake/fake_4734.jpg,Fake,Fake,0.9871934056282043,0.0128066297620534,Fake,0.9844149351119996,0.0155850872397422,Real,0.087223544716835,0.9127764105796814,Real,0.3550840616226196,0.6449159979820251
/content/Dataset/Test/Fake/fake_4739.jpg,Fake,Real,0.0035940057132393,0.9964060187339784,Fake,0.901481866836548,0.0985180735588073,Fake,0.999563992023468,0.0004359512240625,Fake,0.9998879432678224,0.0001120605375035
/content/Dataset/Test/Fake/fake_4741.jpg,Fake,Real,0.0294646099209785,0.970535397529602,Fake,0.998798131942749,0.0012018386041745,Fake,0.951295018196106,0.0487049520015716,Fake,0.999954342842102,4.563664697343484e-05
/content/Dataset/Test/Fake/fake_4743.jpg,Fake,Real,0.0307510588318109,0.96924889087677,Fake,0.999738872051239,0.0002611126401461,Fake,0.9987486600875854,0.0012513436377048,Fake,0.9999574422836304,4.261465801391751e-05
/content/Dataset/Test/Fake/fake_4747.jpg,Fake,Real,0.0317448489367961,0.96825510263443,Fake,0.9999990463256836,9.019042863656068e-07,Fake,0.9888446927070618,0.0111553072929382,Fake,0.9999325275421144,6.744775600964203e-05
/content/Dataset/Test/Fake/fake_4748.jpg,Fake,Real,0.0042397631332278,0.9957602620124816,Fake,0.9822743535041808,0.0177256278693676,Fake,0.9565582275390624,0.0434418320655822,Fake,0.9934051632881165,0.0065948301926255
/content/Dataset/Test/Fake/fake_4755.jpg,Fake,Real,0.0770830363035202,0.9229169487953186,Fake,0.936595380306244,0.0634045898914337,Fake,0.8220333456993103,0.1779666692018509,Fake,0.9999493360519408,5.062250784249045e-05
/content/Dataset/Test/Fake/fake_4761.jpg,Fake,Real,0.0334808267652988,0.9665191173553468,Fake,0.9999268054962158,7.324345642700791e-05,Fake,0.999686598777771,0.0003134311700705,Fake,0.9881165027618408,0.0118835307657718
/content/Dataset/Test/Fake/fake_4776.jpg,Fake,Fake,0.9818261861801147,0.018173798918724,Real,0.007502463646233,0.9924975037574768,Fake,0.9718002676963806,0.028199752792716,Fake,0.9999631643295288,3.688262586365454e-05
/content/Dataset/Test/Fake/fake_4786.jpg,Fake,Fake,0.5975605845451355,0.4024394154548645,Fake,0.6511983275413513,0.348801702260971,Real,0.0898266807198524,0.9101733565330504,Fake,0.9999526739120485,4.735231050290167e-05
/content/Dataset/Test/Fake/fake_4794.jpg,Fake,Real,0.3336741030216217,0.6663258671760559,Fake,0.9753034114837646,0.0246966108679771,Fake,0.9409237504005432,0.0590762346982955,Fake,0.907703459262848,0.0922965630888938
/content/Dataset/Test/Fake/fake_4797.jpg,Fake,Real,0.003934889100492,0.996065080165863,Fake,0.9997909665107728,0.0002089980116579,Fake,0.8400694727897644,0.159930482506752,Fake,0.99816232919693,0.0018377389060333
/content/Dataset/Test/Fake/fake_4804.jpg,Fake,Real,0.0740252211689949,0.9259747266769408,Real,0.4478706419467926,0.5521293878555298,Real,0.2560337781906128,0.7439662218093872,Fake,0.9999786615371704,2.138682430086192e-05
/content/Dataset/Test/Fake/fake_4810.jpg,Fake,Fake,0.9956231713294984,0.0043767937459051,Fake,0.9712267518043518,0.0287732128053903,Real,0.1783308386802673,0.8216691613197327,Real,0.128587543964386,0.8714125156402588
/content/Dataset/Test/Fake/fake_4819.jpg,Fake,Real,0.0796302109956741,0.9203697443008424,Fake,0.9566677212715148,0.0433322452008724,Fake,0.9737202525138856,0.0262796804308891,Fake,0.999903678894043,9.63713027886115e-05
/content/Dataset/Test/Fake/fake_4820.jpg,Fake,Real,0.0070639392361044,0.992936074733734,Fake,0.999504327774048,0.0004956705961376,Fake,0.9999849796295166,1.5017527402960695e-05,Fake,0.9999704360961914,2.954108640551567e-05
/content/Dataset/Test/Fake/fake_4828.jpg,Fake,Real,0.2226045131683349,0.777395486831665,Fake,0.9999806880950928,1.9307426555315036e-05,Fake,0.9999645948410034,3.536070289555937e-05,Fake,0.9999738931655884,2.6094832719536495e-05
/content/Dataset/Test/Fake/fake_4829.jpg,Fake,Real,0.0037321778945624,0.9962678551673888,Fake,0.9999734163284302,2.652507282618899e-05,Fake,0.998983919620514,0.0010161109967157,Fake,0.9999731779098512,2.680509896890726e-05
/content/Dataset/Test/Fake/fake_4830.jpg,Fake,Real,0.4904569387435913,0.5095431208610535,Fake,0.998474895954132,0.0015250571304932,Fake,0.9986677169799804,0.0013323188759386,Fake,0.9990842342376708,0.0009158010361716
/content/Dataset/Test/Fake/fake_4848.jpg,Fake,Fake,0.8946279883384705,0.1053720563650131,Real,0.2896175980567932,0.7103824019432068,Real,0.0379966720938682,0.9620032906532288,Fake,0.9999237060546876,7.633084896951914e-05
/content/Dataset/Test/Fake/fake_4857.jpg,Fake,Real,0.2883270382881164,0.7116730213165283,Fake,0.9954606890678406,0.0045392801985144,Real,0.2366903126239776,0.7633097171783447,Real,0.2490373104810714,0.7509627342224121
/content/Dataset/Test/Fake/fake_4863.jpg,Fake,Fake,0.9551697373390198,0.0448303408920764,Fake,0.9564737677574158,0.0435261502861976,Fake,0.5001745223999023,0.4998254776000976,Real,0.0018409070326015,0.998159110546112
/content/Dataset/Test/Fake/fake_4872.jpg,Fake,Fake,0.7697280645370483,0.2302719354629516,Real,0.359464943408966,0.6405350565910339,Fake,0.906048059463501,0.0939519181847572,Fake,0.999834418296814,0.000165513032698
/content/Dataset/Test/Fake/fake_4874.jpg,Fake,Real,0.4593026638031006,0.5406973361968994,Real,0.0412252210080623,0.958774745464325,Real,0.000353304320015,0.9996466636657716,Fake,0.9999451637268066,5.481985499500297e-05
/content/Dataset/Test/Fake/fake_4877.jpg,Fake,Fake,0.9579899907112122,0.042009986937046,Fake,0.5494065880775452,0.4505934417247772,Real,0.0788910314440727,0.921108901500702,Fake,0.993488311767578,0.006511737126857
/content/Dataset/Test/Fake/fake_4898.jpg,Fake,Real,0.1205214485526084,0.8794785737991333,Fake,0.9999405145645142,5.948806938249618e-05,Fake,0.9128947257995604,0.087105244398117,Fake,0.9999574422836304,4.2603649490047246e-05
/content/Dataset/Test/Fake/fake_4901.jpg,Fake,Real,0.3177569508552551,0.6822430491447449,Fake,0.9999958276748656,4.20933565692394e-06,Fake,0.971956193447113,0.0280437543988227,Fake,0.9999678134918212,3.2169686164706945e-05
/content/Dataset/Test/Fake/fake_4902.jpg,Fake,Real,0.0125690912827849,0.9874309301376344,Fake,0.9999938011169434,6.149244654807262e-06,Fake,0.9998751878738404,0.0001248341723112,Fake,0.9999668598175048,3.309591193101369e-05
/content/Dataset/Test/Fake/fake_4910.jpg,Fake,Real,0.4235863089561462,0.5764136910438538,Fake,0.9999922513961792,7.708199518674519e-06,Fake,0.9999797344207764,2.020895954046864e-05,Fake,0.9999464750289916,5.349296043277718e-05
/content/Dataset/Test/Fake/fake_4914.jpg,Fake,Real,0.2472278475761413,0.7527721524238586,Fake,0.9999954700469972,4.526852990238695e-06,Fake,0.9993566870689392,0.0006433129892684,Fake,0.9999339580535888,6.598515756195411e-05
/content/Dataset/Test/Fake/fake_4917.jpg,Fake,Real,0.029600465670228,0.9703994989395142,Fake,0.9999771118164062,2.291830605827272e-05,Fake,0.9977551102638244,0.0022448610980063,Fake,0.9999594688415528,4.05611062888056e-05
/content/Dataset/Test/Fake/fake_4920.jpg,Fake,Real,0.0385551899671554,0.9614447951316832,Fake,0.9978557229042052,0.0021442221477627,Real,0.0138100078329443,0.9861899614334106,Fake,0.9999706745147704,2.93015345960157e-05
/content/Dataset/Test/Fake/fake_4921.jpg,Fake,Fake,0.9995086193084716,0.000491335755214,Fake,0.9991965889930724,0.0008034111815504,Real,0.0811071768403053,0.9188928008079528,Real,0.4789989590644836,0.5210010409355164
/content/Dataset/Test/Fake/fake_4925.jpg,Fake,Real,0.2608391940593719,0.7391608357429504,Fake,0.9999957084655762,4.309867563279113e-06,Fake,0.9999619722366332,3.804007792496122e-05,Fake,0.999971866607666,2.8075286536477503e-05
/content/Dataset/Test/Fake/fake_4928.jpg,Fake,Real,0.1874568313360214,0.8125431537628174,Fake,0.997533917427063,0.0024660830385982,Fake,0.9989474415779114,0.001052628736943,Fake,0.9999655485153198,3.441711305640638e-05
/content/Dataset/Test/Fake/fake_4943.jpg,Fake,Fake,0.992134690284729,0.0078653376549482,Fake,0.9999949932098388,5.032135049987119e-06,Real,0.3071731626987457,0.6928268074989319,Fake,0.9999656677246094,3.4386997867841274e-05
/content/Dataset/Test/Fake/fake_4947.jpg,Fake,Fake,0.7982155084609985,0.2017844915390014,Real,0.2680279016494751,0.7319720983505249,Fake,0.5221342444419861,0.4778657853603363,Fake,0.9999594688415528,4.052132135257125e-05
/content/Dataset/Test/Fake/fake_4954.jpg,Fake,Fake,0.9999717473983764,2.828080505423713e-05,Fake,0.9998761415481568,0.0001238090917468,Fake,0.9998798370361328,0.0001201627164846,Real,0.0086892917752265,0.991310715675354
/content/Dataset/Test/Fake/fake_4958.jpg,Fake,Real,0.0553474202752113,0.9446526169776917,Fake,0.9998039603233336,0.000196026318008,Fake,0.999788463115692,0.000211535312701,Fake,0.9989036321640016,0.0010963932145386
/content/Dataset/Test/Fake/fake_4961.jpg,Fake,Real,0.011459669098258,0.9885403513908386,Fake,0.999996542930603,3.452717692198348e-06,Fake,0.9978626370429992,0.00213742419146,Fake,0.9999679327011108,3.210835711797699e-05
/content/Dataset/Test/Fake/fake_4972.jpg,Fake,Real,0.0543527565896511,0.9456472396850586,Fake,0.998178243637085,0.0018217725446447,Fake,0.995422661304474,0.0045773042365908,Fake,0.9999752044677734,2.478688111295924e-05
/content/Dataset/Test/Fake/fake_4985.jpg,Fake,Real,0.3103050589561462,0.6896949410438538,Fake,0.999975323677063,2.4681447030161507e-05,Fake,0.980679988861084,0.0193200260400772,Fake,0.9967252612113952,0.0032748109661042
/content/Dataset/Test/Fake/fake_4986.jpg,Fake,Real,0.4620570242404938,0.5379429459571838,Real,2.651124304975383e-05,0.9999735355377196,Real,5.433261321741156e-05,0.9999456405639648,Real,2.7766105631599203e-05,0.9999722242355348
/content/Dataset/Test/Fake/fake_5002.jpg,Fake,Fake,0.6769605875015259,0.3230393826961517,Fake,0.9999806880950928,1.93098203453701e-05,Real,0.1649535149335861,0.8350464701652527,Fake,0.9999382495880128,6.172106805024669e-05
/content/Dataset/Test/Fake/fake_5011.jpg,Fake,Real,0.0692856609821319,0.9307143092155457,Real,0.0069355405867099,0.9930644631385804,Real,0.0181220285594463,0.9818779826164246,Real,0.0049532996490597,0.9950467348098756
/content/Dataset/Test/Fake/fake_5015.jpg,Fake,Fake,0.9514629244804382,0.0485370531678199,Real,0.2953548431396484,0.7046452164649963,Fake,0.9838206768035888,0.0161792710423469,Fake,0.9999673366546632,3.2632480724714696e-05
/content/Dataset/Test/Fake/fake_5020.jpg,Fake,Real,0.0348959155380725,0.965104043483734,Fake,0.9997512698173524,0.0002487430465407,Fake,0.6734113097190857,0.3265886902809143,Fake,0.9999208450317384,7.915939931990579e-05
/content/Dataset/Test/Fake/fake_5028.jpg,Fake,Real,0.4402619302272796,0.5597380995750427,Fake,0.9999984502792358,1.5775450492583332e-06,Fake,0.999994158744812,5.86672967983759e-06,Fake,0.99994158744812,5.83515502512455e-05
/content/Dataset/Test/Fake/fake_5029.jpg,Fake,Real,0.0577927008271217,0.9422072768211364,Real,0.3542968034744262,0.6457031965255737,Fake,0.999772608280182,0.0002273787249578,Fake,0.999953269958496,4.6683075197506696e-05
/content/Dataset/Test/Fake/fake_5034.jpg,Fake,Real,0.4976015388965606,0.5023984909057617,Fake,0.7763286232948303,0.223671406507492,Real,0.2222854048013687,0.7777145504951477,Fake,0.9998526573181152,0.0001472804433433
/content/Dataset/Test/Fake/fake_5037.jpg,Fake,Real,0.04916987195611,0.950830101966858,Real,0.0676591768860817,0.9323408603668212,Real,0.0024285551626235,0.9975714087486268,Fake,0.9999576807022096,4.23283527197782e-05
/content/Dataset/Test/Fake/fake_5046.jpg,Fake,Real,0.0774656385183334,0.92253440618515,Real,0.00390838785097,0.9960915446281432,Real,0.0928149595856666,0.9071850776672364,Real,0.2348244041204452,0.7651756405830383
/content/Dataset/Test/Fake/fake_5047.jpg,Fake,Real,0.1910903304815292,0.8089097142219543,Fake,0.9992175102233888,0.0007825114298611,Real,0.4204989969730377,0.5795010328292847,Fake,0.9998249411582948,0.0001751244853949
/content/Dataset/Test/Fake/fake_5048.jpg,Fake,Fake,0.7831903696060181,0.2168096303939819,Real,0.0005436118808574,0.9994563460350036,Real,0.0073128924705088,0.9926871061325072,Real,0.0033259000629186,0.9966740608215332
/content/Dataset/Test/Fake/fake_5049.jpg,Fake,Real,0.4047921299934387,0.5952078700065613,Fake,0.6395622491836548,0.3604377508163452,Fake,0.991033971309662,0.0089659858494997,Fake,0.9999767541885376,2.330186180188321e-05
/content/Dataset/Test/Fake/fake_5051.jpg,Fake,Fake,0.999568521976471,0.0004314971738494,Fake,0.9999017715454102,9.822446008911356e-05,Real,0.305526465177536,0.6944735646247864,Fake,0.999964714050293,3.531298352754675e-05
/content/Dataset/Test/Fake/fake_5052.jpg,Fake,Fake,0.9864916205406188,0.0135083766654133,Fake,0.9747595191001892,0.0252404250204563,Fake,0.734468936920166,0.2655310034751892,Real,0.1206162944436073,0.8793836832046509
/content/Dataset/Test/Fake/fake_5053.jpg,Fake,Fake,0.6857907772064209,0.3142092227935791,Fake,0.9985752105712892,0.0014247734798118,Real,0.054669801145792,0.9453302025794984,Fake,0.8968402743339539,0.1031596884131431
/content/Dataset/Test/Fake/fake_5057.jpg,Fake,Real,0.3587317764759063,0.641268253326416,Fake,0.9999985694885254,1.4641495909017976e-06,Fake,0.9999891519546508,1.087622240447672e-05,Fake,0.9999598264694214,4.019863627036102e-05
/content/Dataset/Test/Fake/fake_5060.jpg,Fake,Real,0.1602425873279571,0.8397573828697205,Fake,0.9999945163726808,5.506839443114586e-06,Fake,0.9999710321426392,2.8939823096152395e-05,Fake,0.9999582767486572,4.170780084677972e-05
/content/Dataset/Test/Fake/fake_5061.jpg,Fake,Real,0.006907794624567,0.9930921792984008,Real,0.0266563929617404,0.9733436107635498,Fake,0.9898696541786194,0.0101303299888968,Fake,0.9999061822891236,9.386191959492862e-05
/content/Dataset/Test/Fake/fake_5081.jpg,Fake,Real,0.0788668692111969,0.9211331009864808,Fake,0.999915361404419,8.46279799588956e-05,Fake,0.9998028874397278,0.0001971735619008,Fake,0.9999758005142212,2.422638499410823e-05
/content/Dataset/Test/Fake/fake_5082.jpg,Fake,Real,0.2303434610366821,0.7696565389633179,Fake,0.9999972581863404,2.781263219731045e-06,Fake,0.9998834133148192,0.000116523442557,Fake,0.9999783039093018,2.164928082493134e-05
/content/Dataset/Test/Fake/fake_5083.jpg,Fake,Fake,0.6342712640762329,0.3657287657260895,Fake,0.9999884366989136,1.1615868970693556e-05,Real,0.2065403014421463,0.7934596538543701,Fake,0.9999550580978394,4.4882515794597566e-05
/content/Dataset/Test/Fake/fake_5085.jpg,Fake,Fake,0.7356547713279724,0.26434525847435,Real,0.4708147644996643,0.5291852355003357,Fake,0.7328325510025024,0.2671674489974975,Fake,0.9999655485153198,3.4471446269890293e-05
/content/Dataset/Test/Fake/fake_5105.jpg,Fake,Fake,0.5956806540489197,0.4043193459510803,Real,0.3788906931877136,0.6211093068122864,Fake,0.984069049358368,0.0159309841692447,Fake,0.9999407529830932,5.9211648476775736e-05
/content/Dataset/Test/Fake/fake_5115.jpg,Fake,Fake,0.5318463444709778,0.4681536853313446,Real,0.4348122477531433,0.5651877522468567,Real,0.327116310596466,0.6728836894035339,Real,0.0016402495093643,0.998359739780426
/content/Dataset/Test/Fake/fake_5116.jpg,Fake,Real,0.4899474680423736,0.510052502155304,Fake,0.9744437336921692,0.0255562700331211,Fake,0.9407777786254884,0.0592221803963184,Fake,0.99996817111969,3.187998663634062e-05
/content/Dataset/Test/Fake/fake_5118.jpg,Fake,Real,0.0074919783510267,0.9925079941749572,Fake,0.9999736547470092,2.637901889102068e-05,Fake,0.9987407326698304,0.0012592478888109,Fake,0.9999668598175048,3.312413900857791e-05
/content/Dataset/Test/Fake/fake_5121.jpg,Fake,Real,0.2300466895103454,0.7699533104896545,Fake,0.9997974038124084,0.0002026035217568,Fake,0.9903028607368468,0.0096971374005079,Fake,0.9999700784683228,2.9966357033117678e-05
/content/Dataset/Test/Fake/fake_5125.jpg,Fake,Fake,0.8973157405853271,0.1026843339204788,Fake,0.9995562434196472,0.0004437316965777,Real,0.1048358231782913,0.8951641917228699,Fake,0.9999635219573976,3.650234066299163e-05
/content/Dataset/Test/Fake/fake_5128.jpg,Fake,Real,0.0113440472632646,0.988655924797058,Fake,0.9944369792938232,0.0055629801936447,Fake,0.5968348979949951,0.4031650722026825,Fake,0.999964714050293,3.533151175361127e-05
/content/Dataset/Test/Fake/fake_5133.jpg,Fake,Real,0.0013428246602416,0.9986571073532104,Fake,0.9999992847442628,7.409262252622284e-07,Fake,0.999936580657959,6.347290764097124e-05,Fake,0.9999772310256958,2.2822143364464864e-05
/content/Dataset/Test/Fake/fake_5137.jpg,Fake,Real,0.1429728418588638,0.8570272326469421,Fake,0.9999994039535522,6.115584483268321e-07,Fake,0.9999994039535522,6.360881457112555e-07,Fake,0.9999746084213256,2.535323983465787e-05
/content/Dataset/Test/Fake/fake_5138.jpg,Fake,Real,0.0576889067888259,0.9423111081123352,Fake,0.9973416924476624,0.0026582642458379,Fake,0.5556213855743408,0.4443785846233368,Fake,0.9929118752479552,0.0070881145074963
/content/Dataset/Test/Fake/fake_5139.jpg,Fake,Real,0.2694752514362335,0.7305247187614441,Fake,0.9937381744384766,0.0062618060037493,Fake,0.9735673666000366,0.0264325812458992,Fake,0.999970316886902,2.9718055884586647e-05
/content/Dataset/Test/Fake/fake_5140.jpg,Fake,Real,0.0086807692423462,0.9913192391395568,Fake,0.9889323711395264,0.0110676353797316,Fake,0.999498724937439,0.0005013100453652,Fake,0.9998594522476196,0.0001404959184583
/content/Dataset/Test/Fake/fake_5142.jpg,Fake,Fake,0.9666019678115844,0.033397976309061,Fake,0.6720758676528931,0.3279240727424621,Real,0.1271765232086181,0.8728234767913818,Fake,0.8276718258857727,0.1723281890153885
/content/Dataset/Test/Fake/fake_5150.jpg,Fake,Fake,0.9962796568870544,0.0037203475367277,Fake,0.9990744590759276,0.0009255617624148,Real,0.3257313668727875,0.6742686033248901,Fake,0.9999704360961914,2.9553542844951156e-05
/content/Dataset/Test/Fake/fake_5154.jpg,Fake,Fake,0.6272046566009521,0.3727952837944031,Real,0.4292540550231933,0.5707459449768066,Fake,0.5321332216262817,0.4678667783737182,Real,0.430919885635376,0.5690801739692688
/content/Dataset/Test/Fake/fake_5180.jpg,Fake,Real,0.0177047010511159,0.9822952747344972,Real,0.4600884020328522,0.5399115681648254,Fake,0.8231812715530396,0.1768187433481216,Fake,0.9643634557724,0.0356365442276001
/content/Dataset/Test/Fake/fake_5184.jpg,Fake,Fake,0.99882310628891,0.0011768534313887,Real,0.4704174995422363,0.5295825004577637,Fake,0.7968491315841675,0.2031508386135101,Fake,0.9999599456787108,4.003924550488591e-05
/content/Dataset/Test/Fake/fake_5200.jpg,Fake,Real,0.2878396213054657,0.7121603488922119,Fake,0.9999964237213136,3.604089670261601e-06,Fake,0.9994006156921388,0.0005994410603307,Fake,0.9999450445175172,5.493346907314845e-05
/content/Dataset/Test/Fake/fake_5214.jpg,Fake,Fake,0.9646421074867249,0.0353578925132751,Real,0.4719536006450653,0.5280464291572571,Fake,0.9778001308441162,0.0221998933702707,Fake,0.9999303817749025,6.958039739402011e-05
/content/Dataset/Test/Fake/fake_5218.jpg,Fake,Real,0.3222747445106506,0.6777252554893494,Fake,0.9860134720802308,0.0139865316450595,Fake,0.9863877296447754,0.0136122982949018,Fake,0.999953031539917,4.693304799729958e-05
/content/Dataset/Test/Fake/fake_5223.jpg,Fake,Fake,0.9564996361732484,0.0435003526508808,Fake,0.9992399215698242,0.0007600384415127,Real,0.37824147939682,0.6217585206031799,Fake,0.9999594688415528,4.0476905269315466e-05
/content/Dataset/Test/Fake/fake_5224.jpg,Fake,Real,0.0640899911522865,0.9359099864959716,Fake,0.9998630285263062,0.000136911869049,Fake,0.995681643486023,0.0043183360248804,Fake,0.9999674558639526,3.259932782384567e-05
/content/Dataset/Test/Fake/fake_5240.jpg,Fake,Real,0.001771755516529,0.9982282519340516,Fake,0.9660606384277344,0.0339392870664596,Fake,0.9951702952384948,0.0048297173343598,Fake,0.9999610185623168,3.903676770278253e-05
/content/Dataset/Test/Fake/fake_5241.jpg,Fake,Fake,0.970359981060028,0.0296399928629398,Fake,0.9991393089294434,0.0008607067284174,Real,0.2796266973018646,0.7203733325004578,Fake,0.9881623387336732,0.0118376044556498
/content/Dataset/Test/Fake/fake_5244.jpg,Fake,Real,0.1281003355979919,0.8718997240066528,Fake,0.8259170055389404,0.1740829348564148,Fake,0.7663713693618774,0.2336286604404449,Fake,0.9998356103897096,0.0001643073046579
/content/Dataset/Test/Fake/fake_5246.jpg,Fake,Real,0.0063997963443398,0.9936002492904664,Real,0.2272252887487411,0.7727747559547424,Real,0.009102133102715,0.9908978343009948,Fake,0.9604604840278624,0.039539523422718
/content/Dataset/Test/Fake/fake_531.jpg,Fake,Fake,0.9997931122779846,0.0002069310867227,Fake,0.9999988079071044,1.1403310509194853e-06,Real,0.1562388390302658,0.8437612056732178,Fake,0.9925791621208192,0.0074208881705999
/content/Dataset/Test/Fake/fake_5310.jpg,Fake,Real,0.4607835710048675,0.5392164587974548,Fake,0.9984301924705504,0.0015698346542194,Fake,0.9999898672103882,1.0175382158195134e-05,Fake,0.999974250793457,2.570191827544477e-05
/content/Dataset/Test/Fake/fake_5332.jpg,Fake,Real,0.1120397448539733,0.8879603147506714,Fake,0.9997771382331848,0.0002228551311418,Fake,0.9978912472724916,0.002108767395839,Fake,0.9999159574508668,8.400709339184687e-05
/content/Dataset/Test/Fake/fake_5340.jpg,Fake,Real,0.0023250619415193,0.9976750016212464,Fake,0.9999805688858032,1.9432649423833936e-05,Fake,0.9940510392189026,0.0059488858096301,Fake,0.9999672174453736,3.275932613178156e-05
/content/Dataset/Test/Fake/fake_5367.jpg,Fake,Fake,0.998927891254425,0.0010720504214987,Real,0.0840503200888633,0.9159497022628784,Fake,0.9927166104316713,0.0072834277525544,Fake,0.9999688863754272,3.111099431407638e-05
/content/Dataset/Test/Fake/fake_5390.jpg,Fake,Real,0.4053992629051208,0.5946007370948792,Fake,0.999997615814209,2.4216851670644246e-06,Fake,0.9991138577461244,0.0008861264795996,Fake,0.9999488592147828,5.114890882396139e-05
/content/Dataset/Test/Fake/fake_5391.jpg,Fake,Real,0.0356789454817771,0.9643210768699646,Fake,0.9999994039535522,5.468700123856252e-07,Fake,0.9999887943267822,1.1196580999239814e-05,Fake,0.9999747276306152,2.5303990696556863e-05
/content/Dataset/Test/Fake/fake_54.jpg,Fake,Fake,0.9995705485343932,0.0004294548125471,Fake,0.9999017715454102,9.821172716328874e-05,Real,0.2714748084545135,0.7285252213478088,Fake,0.9969419836997986,0.0030579636804759
/content/Dataset/Test/Fake/fake_5400.jpg,Fake,Fake,0.9994342923164368,0.0005656338180415,Fake,0.9890528321266174,0.0109472004696726,Fake,0.9935399889945984,0.0064600519835948,Real,0.0730489566922187,0.9269511103630066
/content/Dataset/Test/Fake/fake_5446.jpg,Fake,Real,0.0122160241007804,0.9877839684486388,Fake,0.9999823570251464,1.76972880581161e-05,Fake,0.5261780023574829,0.4738219380378723,Fake,0.999968647956848,3.135792212560773e-05
/content/Dataset/Test/Fake/fake_5487.jpg,Fake,Real,0.2723495662212372,0.7276504039764404,Real,0.2764707505702972,0.7235292196273804,Fake,0.9930211901664734,0.0069788582623004,Fake,0.999935507774353,6.449827924370766e-05
/content/Dataset/Test/Fake/fake_554.jpg,Fake,Real,0.0171126779168844,0.982887327671051,Real,0.0082897245883941,0.9917102456092834,Real,0.0038158679381012,0.9961841702461244,Fake,0.9999659061431884,3.404844392207451e-05
/content/Dataset/Test/Fake/fake_660.jpg,Fake,Real,0.2100395411252975,0.7899604439735413,Fake,0.99999737739563,2.665812189661665e-06,Fake,0.9999815225601196,1.8447113689035177e-05,Fake,0.9999723434448242,2.7658015824272297e-05
/content/Dataset/Test/Fake/fake_694.jpg,Fake,Real,0.4458523392677307,0.5541476607322693,Fake,0.9999983310699464,1.6750761915318435e-06,Fake,0.9999837875366212,1.6211126421694644e-05,Fake,0.999975085258484,2.4880475393729284e-05
/content/Dataset/Test/Fake/fake_706.jpg,Fake,Fake,0.7390682697296143,0.2609317302703857,Real,0.0731428191065788,0.9268571734428406,Real,0.4072256088256836,0.5927743911743164,Real,0.4411601424217224,0.5588398575782776
/content/Dataset/Test/Fake/fake_755.jpg,Fake,Fake,0.9994174242019652,0.0005825639818795,Real,0.3040026724338531,0.6959972977638245,Fake,0.7317101955413818,0.2682897746562958,Fake,0.7661486864089966,0.2338513135910034
/content/Dataset/Test/Fake/fake_760.jpg,Fake,Real,0.4978685975074768,0.5021314024925232,Fake,0.9999979734420776,1.9702158624568256e-06,Fake,0.9988182187080384,0.0011817850172519,Fake,0.9999639987945556,3.596898022806272e-05
/content/Dataset/Test/Fake/fake_82.jpg,Fake,Real,0.3524337708950043,0.6475662589073181,Fake,0.9999903440475464,9.68630047282204e-06,Fake,0.9999924898147584,7.518009624618571e-06,Fake,0.999976634979248,2.334545752091799e-05
/content/Dataset/Test/Fake/fake_86.jpg,Fake,Real,0.0129769388586282,0.9870229959487916,Fake,0.9989513158798218,0.0010486451210454,Real,0.2655209600925445,0.7344790101051331,Fake,0.5175051093101501,0.4824948608875274
/content/Dataset/Test/Fake/fake_900.jpg,Fake,Real,0.1270373314619064,0.8729626536369324,Fake,0.9999949932098388,4.975225692760432e-06,Fake,0.9998317956924438,0.0001681642606854,Fake,0.9999749660491944,2.5085419110837396e-05
/content/Dataset/Test/Fake/fake_916.jpg,Fake,Real,0.175940528512001,0.8240594267845154,Fake,0.99999737739563,2.573310894149472e-06,Fake,0.9998801946640016,0.0001198151221615,Fake,0.9958273768424988,0.0041725761257112
/content/Dataset/Test/Fake/fake_92.jpg,Fake,Real,0.4566026031970978,0.5433973670005798,Real,0.398903340101242,0.6010966300964355,Real,0.1145085617899894,0.8854913711547852,Fake,0.999964475631714,3.552232374204323e-05
/content/Dataset/Test/Fake/fake_934.jpg,Fake,Real,0.296296626329422,0.7037033438682556,Fake,0.9999991655349731,8.087827154668048e-07,Fake,0.9999879598617554,1.2010988029942382e-05,Fake,0.9999775886535645,2.2448344680015e-05
/content/Dataset/Test/Fake/fake_967.jpg,Fake,Real,0.4127737879753113,0.587226152420044,Fake,0.9908679723739624,0.0091319773346185,Fake,0.9570670127868652,0.0429330579936504,Fake,0.9999616146087646,3.837243639281951e-05
/content/Dataset/Test/Real/real_10.jpg,Real,Fake,0.990833818912506,0.0091661438345909,Real,0.034200046211481,0.9657999277114868,Fake,0.9937123656272888,0.0062876641750335,Real,0.0084938574582338,0.9915061593055724
/content/Dataset/Test/Real/real_1007.jpg,Real,Fake,0.7337201237678528,0.2662798762321472,Fake,0.8376805782318115,0.1623194068670272,Fake,0.8898062109947205,0.1101937815546989,Real,0.0089924214407801,0.9910076260566713
/content/Dataset/Test/Real/real_1013.jpg,Real,Fake,0.6716617941856384,0.3283381760120392,Real,1.875571797427256e-05,0.9999812841415404,Real,5.097837492940016e-05,0.9999489784240724,Real,0.0030614484567195,0.9969385862350464
/content/Dataset/Test/Real/real_1015.jpg,Real,Real,6.437452248064801e-05,0.9999356269836426,Real,0.2887852191925049,0.7112148404121399,Fake,0.8323782086372375,0.1676217764616012,Real,0.0001105198753066,0.9998894929885864
/content/Dataset/Test/Real/real_1020.jpg,Real,Real,0.4397214949131012,0.5602785348892212,Real,5.0120288506150246e-06,0.9999949932098388,Fake,0.9996929168701172,0.0003071463142987,Real,0.0007633970235474,0.9992365837097168
/content/Dataset/Test/Real/real_1047.jpg,Real,Real,0.0165710933506488,0.9834288954734802,Real,0.0111715709790587,0.988828420639038,Real,0.0025465942453593,0.9974533915519714,Fake,0.9998453855514526,0.0001545742998132
/content/Dataset/Test/Real/real_1048.jpg,Real,Fake,0.5072032809257507,0.4927967190742492,Fake,0.9999158382415771,8.414949115831405e-05,Fake,0.9897186756134032,0.010281360708177,Fake,0.9999737739562988,2.6216830519842915e-05
/content/Dataset/Test/Real/real_1054.jpg,Real,Real,0.3306279182434082,0.669372022151947,Real,0.0014703542692586,0.9985296726226808,Fake,0.6095674633979797,0.3904325067996979,Real,5.148319178260863e-05,0.999948501586914
/content/Dataset/Test/Real/real_1058.jpg,Real,Real,0.0018065235344693,0.9981934428215028,Real,0.355106383562088,0.6448935866355896,Fake,0.9007189273834229,0.0992810204625129,Fake,0.9999164342880248,8.352199802175164e-05
/content/Dataset/Test/Real/real_1059.jpg,Real,Real,0.0001900275674415,0.9998100399971008,Real,0.0017844134708866,0.9982155561447144,Real,0.0201160479336977,0.979883909225464,Fake,0.8175968527793884,0.1824032068252563
/content/Dataset/Test/Real/real_1062.jpg,Real,Real,0.2073539346456527,0.792646050453186,Fake,0.5458855032920837,0.4541144967079162,Real,0.0259043760597705,0.9740956425666808,Real,7.974187610670924e-05,0.9999202489852904
/content/Dataset/Test/Real/real_1064.jpg,Real,Fake,0.7428823113441467,0.2571176290512085,Real,8.804198841971811e-06,0.9999911785125732,Real,0.0133476229384541,0.9866523146629332,Real,2.824630246323068e-05,0.9999717473983764
/content/Dataset/Test/Real/real_1066.jpg,Real,Real,0.0019605259876698,0.9980395436286926,Real,2.5618352083256468e-05,0.9999743700027466,Real,3.586302000258001e-06,0.9999964237213136,Fake,0.9994990825653076,0.000500961265061
/content/Dataset/Test/Real/real_1081.jpg,Real,Real,0.0013475521700456,0.9986525177955629,Fake,0.8351336717605591,0.1648662984371185,Real,0.1220264956355094,0.8779734373092651,Real,4.003485446446575e-05,0.9999599456787108
/content/Dataset/Test/Real/real_1082.jpg,Real,Real,0.2017100006341934,0.7982900142669678,Real,0.0056988694705069,0.9943010807037354,Fake,0.786228597164154,0.2137714326381683,Real,0.000534356047865,0.9994656443595886
/content/Dataset/Test/Real/real_1084.jpg,Real,Fake,0.942731499671936,0.0572685115039348,Real,0.0002503637806512,0.9997496008872986,Real,0.0611395537853241,0.9388604164123536,Real,0.000123357749544,0.9998766183853148
/content/Dataset/Test/Real/real_1090.jpg,Real,Fake,0.5537971258163452,0.4462028741836548,Fake,0.7845540642738342,0.2154459506273269,Real,3.676898268167861e-05,0.9999632835388184,Fake,0.9999648332595824,3.516076321830042e-05
/content/Dataset/Test/Real/real_1095.jpg,Real,Real,0.0016568856080994,0.9983431100845336,Fake,0.7849084734916687,0.2150915265083313,Real,0.0007941195508465,0.9992058873176576,Real,8.439764496870339e-05,0.999915599822998
/content/Dataset/Test/Real/real_110.jpg,Real,Real,0.0127501217648386,0.9872499108314514,Real,0.0183815583586692,0.9816184639930724,Fake,0.6942797899246216,0.3057202100753784,Fake,0.9914621710777284,0.0085377814248204
/content/Dataset/Test/Real/real_111.jpg,Real,Real,0.087997205555439,0.9120028018951416,Real,0.2713683545589447,0.7286316752433777,Real,0.0233305059373378,0.976669430732727,Fake,0.8370921015739441,0.1629078984260559
/content/Dataset/Test/Real/real_1115.jpg,Real,Real,0.004810741636902,0.9951893091201782,Real,0.1237485483288765,0.8762515187263489,Real,0.0125143127515912,0.9874857068061828,Fake,0.9098981022834778,0.0901019498705864
/content/Dataset/Test/Real/real_1116.jpg,Real,Fake,0.8697766661643982,0.1302233636379242,Real,0.0170313827693462,0.9829686284065248,Real,2.11001042771386e-05,0.9999788999557496,Fake,0.577638566493988,0.4223614037036896
/content/Dataset/Test/Real/real_1124.jpg,Real,Fake,0.8314236402511597,0.1685763299465179,Fake,0.9459086060523988,0.0540914162993431,Real,0.224112868309021,0.775887131690979,Real,0.0263221003115177,0.9736778736114502
/content/Dataset/Test/Real/real_1126.jpg,Real,Real,0.0672257915139198,0.9327741861343384,Real,0.0124261612072587,0.9875738024711608,Real,0.0001159131570602,0.9998841285705566,Fake,0.997927188873291,0.0020728439558297
/content/Dataset/Test/Real/real_1127.jpg,Real,Real,0.0017682185862213,0.998231828212738,Real,0.1354073286056518,0.8645926117897034,Real,0.2594063878059387,0.7405936121940613,Fake,0.8231959342956543,0.1768040508031845
/content/Dataset/Test/Real/real_1130.jpg,Real,Fake,0.9988620281219482,0.0011380452197045,Real,0.0001772720715962,0.9998227953910828,Real,0.0408541783690452,0.9591458439826964,Real,0.0012291037710383,0.9987708926200868
/content/Dataset/Test/Real/real_114.jpg,Real,Fake,0.8827908635139465,0.117209106683731,Real,0.2962516844272613,0.7037482857704163,Fake,0.700146496295929,0.2998534739017486,Fake,0.8348438739776611,0.1651561409235
/content/Dataset/Test/Real/real_1140.jpg,Real,Real,0.1235400736331939,0.8764599561691284,Real,0.4964766502380371,0.5035234093666077,Fake,0.6755913496017456,0.324408620595932,Real,0.0004775768029503,0.9995224475860596
/content/Dataset/Test/Real/real_1142.jpg,Real,Real,0.096512034535408,0.903488039970398,Real,0.3416200578212738,0.6583799123764038,Fake,0.7055127620697021,0.2944872379302978,Real,2.824299008352682e-05,0.9999717473983764
/content/Dataset/Test/Real/real_1143.jpg,Real,Fake,0.957581341266632,0.0424186326563358,Real,0.0123328827321529,0.9876670837402344,Real,0.0006666152621619,0.9993333220481871,Real,4.166267899563536e-05,0.9999582767486572
/content/Dataset/Test/Real/real_1150.jpg,Real,Fake,0.778548002243042,0.2214520126581192,Real,0.009474859572947,0.9905251860618592,Real,0.1002197414636612,0.8997802138328552,Real,0.4780367910861969,0.5219631791114807
/content/Dataset/Test/Real/real_116.jpg,Real,Fake,0.989207684993744,0.0107922460883855,Fake,0.999195396900177,0.0008045833674259,Fake,0.8975093364715576,0.102490596473217,Fake,0.999933123588562,6.685688276775181e-05
/content/Dataset/Test/Real/real_1165.jpg,Real,Real,0.020183702930808,0.9798163175582886,Real,0.0003964296774938,0.9996035695075988,Fake,0.7631215453147888,0.2368784993886947,Real,7.459028711309657e-05,0.9999253749847412
/content/Dataset/Test/Real/real_1166.jpg,Real,Fake,0.9718086123466492,0.0281914006918668,Real,0.0019811692181974,0.9980188608169556,Real,0.0672083646059036,0.9327915906906128,Real,6.359280814649537e-05,0.9999364614486694
/content/Dataset/Test/Real/real_117.jpg,Real,Real,0.3402934074401855,0.6597065925598145,Real,0.0023568584583699,0.9976431727409364,Real,0.007134711369872,0.9928653240203856,Fake,0.9991389513015748,0.0008609662181697
/content/Dataset/Test/Real/real_1173.jpg,Real,Real,0.0086038010194897,0.9913962483406068,Fake,0.9308009147644044,0.0691990330815315,Real,0.0140755334869027,0.9859244227409364,Real,0.4460177719593048,0.5539821982383728
/content/Dataset/Test/Real/real_118.jpg,Real,Fake,0.6140323877334595,0.3859676420688629,Real,0.0027585534844547,0.9972414970397948,Real,0.0050678951665759,0.9949321150779724,Real,2.531531026761513e-05,0.9999747276306152
/content/Dataset/Test/Real/real_1184.jpg,Real,Fake,0.8513303399085999,0.1486696749925613,Real,0.0004358874866738,0.9995641112327576,Real,3.633916639955714e-05,0.999963641166687,Real,2.5677789381006733e-05,0.9999743700027466
/content/Dataset/Test/Real/real_1188.jpg,Real,Real,0.0035252452362328,0.9964746832847596,Real,0.4973555505275726,0.502644419670105,Real,0.3568706512451172,0.6431293487548828,Fake,0.9999560117721558,4.403523416840471e-05
/content/Dataset/Test/Real/real_1195.jpg,Real,Real,0.0012517983559519,0.9987481832504272,Fake,0.9966042041778564,0.0033957650884985,Fake,0.9969334602355956,0.003066532080993,Fake,0.9999113082885742,8.873104525264353e-05
/content/Dataset/Test/Real/real_1196.jpg,Real,Real,0.0004479036433622,0.9995520710945128,Real,0.0095133334398269,0.9904866814613342,Fake,0.8061724901199341,0.1938274502754211,Fake,0.999744474887848,0.0002554987440817
/content/Dataset/Test/Real/real_120.jpg,Real,Real,0.0076765716075897,0.992323398590088,Fake,0.8589966297149658,0.1410034149885177,Real,0.4614884853363037,0.5385115146636963,Fake,0.9161707758903505,0.0838292092084884
/content/Dataset/Test/Real/real_1201.jpg,Real,Real,0.0003907861828338,0.9996092915534972,Real,0.0001867378450697,0.9998132586479188,Real,0.0182605627924203,0.9817394018173218,Fake,0.969773530960083,0.0302264746278524
/content/Dataset/Test/Real/real_1202.jpg,Real,Real,0.2112606465816497,0.7887393832206726,Real,0.4954966306686401,0.5045033097267151,Fake,0.9755961894989014,0.0244038179516792,Fake,0.9999455213546752,5.444443740998395e-05
/content/Dataset/Test/Real/real_1206.jpg,Real,Real,0.4297117292881012,0.5702883005142212,Fake,0.7623512744903564,0.2376486957073211,Real,0.0079550528898835,0.9920449256896972,Real,0.0022374687250703,0.9977625608444214
/content/Dataset/Test/Real/real_1209.jpg,Real,Real,0.0004719039425253,0.999528169631958,Real,6.768741059204331e-06,0.9999932050704956,Real,0.0001449465198675,0.9998550415039062,Fake,0.9500596523284912,0.0499403104186058
/content/Dataset/Test/Real/real_1214.jpg,Real,Real,0.0001705522736301,0.9998294115066528,Fake,0.7522755861282349,0.2477243989706039,Real,0.0014662083704024,0.9985337257385254,Fake,0.9984471201896667,0.0015529254451394
/content/Dataset/Test/Real/real_1215.jpg,Real,Real,0.2185044437646865,0.7814955711364746,Fake,0.7345556616783142,0.2654443383216858,Real,0.1390637159347534,0.8609363436698914,Fake,0.9644374251365662,0.0355626456439495
/content/Dataset/Test/Real/real_1216.jpg,Real,Real,0.001810498884879,0.9981895089149476,Real,0.0179378632456064,0.9820621609687804,Real,0.0016247837338596,0.9983751773834229,Fake,0.9983073472976683,0.0016926852986216
/content/Dataset/Test/Real/real_122.jpg,Real,Real,0.0051326085813343,0.9948673248291016,Real,0.1707190722227096,0.8292809724807739,Fake,0.8374965786933899,0.1625033617019653,Fake,0.9963068962097168,0.0036930670030415
/content/Dataset/Test/Real/real_1225.jpg,Real,Fake,0.6086300611495972,0.3913699090480804,Real,4.1627131395216566e-06,0.9999958276748656,Real,6.952263356652111e-05,0.999930500984192,Real,2.2045527657610364e-05,0.9999779462814332
/content/Dataset/Test/Real/real_1239.jpg,Real,Fake,0.9927377104759216,0.0072622997686266,Real,1.4924825336493086e-05,0.9999850988388062,Real,0.0087541155517101,0.9912459254264832,Real,6.392654904630035e-05,0.9999361038208008
/content/Dataset/Test/Real/real_124.jpg,Real,Real,0.0110798915848135,0.9889201521873474,Real,0.09198509901762,0.908014953136444,Fake,0.9581957459449768,0.041804239153862,Fake,0.999942421913147,5.752857759944163e-05
/content/Dataset/Test/Real/real_1241.jpg,Real,Fake,0.5705530643463135,0.4294468760490417,Real,0.113036036491394,0.886963963508606,Real,0.0107735395431518,0.9892265200614928,Fake,0.9948721528053284,0.0051277703605592
/content/Dataset/Test/Real/real_1245.jpg,Real,Fake,0.8578767776489258,0.142123281955719,Fake,0.942269504070282,0.0577305257320404,Fake,0.5854433178901672,0.414556622505188,Real,0.0005878623342141,0.9994121789932252
/content/Dataset/Test/Real/real_1246.jpg,Real,Fake,0.916546642780304,0.0834533348679542,Real,0.0004619621904566,0.9995380640029908,Real,0.006659054197371,0.9933409094810486,Real,0.357837826013565,0.6421621441841125
/content/Dataset/Test/Real/real_1249.jpg,Real,Real,0.0960526019334793,0.9039473533630372,Real,0.4733595848083496,0.5266403555870056,Fake,0.5910103917121887,0.4089896082878113,Real,0.0003867476480081,0.9996132254600524
/content/Dataset/Test/Real/real_1256.jpg,Real,Fake,0.9646530151367188,0.0353469960391521,Real,1.5951856767060235e-05,0.9999840259552002,Real,0.0030894731171429,0.9969105124473572,Real,3.122721318504773e-05,0.9999687671661376
/content/Dataset/Test/Real/real_1259.jpg,Real,Fake,0.8976655006408691,0.1023344621062278,Real,0.0120375053957104,0.987962543964386,Real,0.0010719813872128,0.9989280104637146,Real,2.709456202865113e-05,0.999972939491272
/content/Dataset/Test/Real/real_126.jpg,Real,Real,0.0422971323132514,0.9577028155326844,Real,0.0080568753182888,0.9919431209564208,Real,0.3903081715106964,0.6096917986869812,Fake,0.7625066041946411,0.2374933660030365
/content/Dataset/Test/Real/real_1264.jpg,Real,Real,0.0003420944267418,0.9996578693389891,Fake,0.6902614831924438,0.3097384572029114,Real,0.0001288243220187,0.9998711347579956,Real,0.0002740342461038,0.9997259974479676
/content/Dataset/Test/Real/real_1269.jpg,Real,Fake,0.9624700546264648,0.0375299639999866,Fake,0.9086005091667176,0.0913994386792182,Fake,0.9822154641151428,0.0177845377475023,Real,0.0002835633640643,0.9997164607048036
/content/Dataset/Test/Real/real_1273.jpg,Real,Fake,0.7277328968048096,0.2722670435905456,Real,0.0004429152177181,0.999557077884674,Real,0.0002097852557199,0.9997902512550354,Real,2.1718307834817097e-05,0.9999783039093018
/content/Dataset/Test/Real/real_128.jpg,Real,Fake,0.5115641355514526,0.488435834646225,Fake,0.9847698211669922,0.0152302253991365,Real,0.492335170507431,0.5076648592948914,Fake,0.6871507167816162,0.3128492534160614
/content/Dataset/Test/Real/real_1290.jpg,Real,Fake,0.9096381068229676,0.0903619453310966,Real,1.4644282600784209e-05,0.9999853372573853,Real,0.00437574647367,0.9956242442131042,Real,0.2722506523132324,0.7277493476867676
/content/Dataset/Test/Real/real_130.jpg,Real,Fake,0.8514899015426636,0.1485100388526916,Real,0.0502607077360153,0.9497392773628236,Real,0.0001407002419,0.99985933303833,Real,0.0002559429558459,0.9997439980506896
/content/Dataset/Test/Real/real_1300.jpg,Real,Fake,0.988902747631073,0.0110972607508301,Real,0.1568123251199722,0.843187689781189,Real,0.1308697611093521,0.8691302537918091,Real,0.0478533841669559,0.9521466493606568
/content/Dataset/Test/Real/real_1303.jpg,Real,Fake,0.9784391522407532,0.0215608961880207,Fake,0.8452940583229065,0.1547059565782547,Fake,0.5483843684196472,0.4516156017780304,Fake,0.6625334024429321,0.3374665677547455
/content/Dataset/Test/Real/real_131.jpg,Real,Fake,0.5578188300132751,0.4421811699867248,Fake,0.6449617147445679,0.3550382852554321,Real,0.0007605397840961,0.999239444732666,Fake,0.59360671043396,0.40639328956604
/content/Dataset/Test/Real/real_1314.jpg,Real,Fake,0.8811946511268616,0.1188053786754608,Real,2.488220707164146e-05,0.999975085258484,Real,0.0001821509504225,0.9998179078102112,Real,2.2036048903828487e-05,0.9999779462814332
/content/Dataset/Test/Real/real_132.jpg,Real,Fake,0.9738696217536926,0.0261303838342428,Fake,0.7202203869819641,0.2797796130180359,Fake,0.8438716530799866,0.156128391623497,Fake,0.9745467305183412,0.0254532340914011
/content/Dataset/Test/Real/real_1326.jpg,Real,Fake,0.9961488246917723,0.0038511774037033,Real,0.0003506788925733,0.9996492862701416,Real,0.087881900370121,0.912118136882782,Real,0.0007111083832569,0.9992889165878296
/content/Dataset/Test/Real/real_1334.jpg,Real,Real,0.0006300659733824,0.9993699193000792,Fake,0.6372953653335571,0.3627046346664428,Fake,0.5370996594429016,0.4629003405570984,Fake,0.9944739937782288,0.0055259726941585
/content/Dataset/Test/Real/real_1338.jpg,Real,Fake,0.8840222358703613,0.1159778013825416,Real,2.3574910301249478e-05,0.999976396560669,Real,0.0009817763930186,0.9990181922912598,Real,3.09474125970155e-05,0.9999690055847168
/content/Dataset/Test/Real/real_1342.jpg,Real,Fake,0.9249019026756288,0.0750980526208877,Fake,0.9874461889266968,0.0125537840649485,Fake,0.8183093667030334,0.1816906481981277,Fake,0.99850594997406,0.0014940389664843
/content/Dataset/Test/Real/real_1348.jpg,Real,Real,0.0038880943320691,0.9961119294166564,Fake,0.645013153553009,0.3549868762493133,Real,0.000306764995912,0.9996932744979858,Real,0.0001296020345762,0.9998704195022584
/content/Dataset/Test/Real/real_1349.jpg,Real,Fake,0.9835597276687622,0.0164402015507221,Real,0.0001663503353483,0.9998335838317872,Real,0.0001606735459063,0.9998393058776855,Real,5.908135790377855e-05,0.9999408721923828
/content/Dataset/Test/Real/real_1362.jpg,Real,Fake,0.9979833364486694,0.0020166537724435,Fake,0.8596281409263611,0.1403718739748001,Fake,0.9296209812164308,0.0703790485858917,Real,0.2544045150279999,0.7455954551696777
/content/Dataset/Test/Real/real_1363.jpg,Real,Fake,0.9579577445983888,0.042042288929224,Real,0.0301893576979637,0.969810664653778,Real,0.0028223791159689,0.9971776008605956,Real,0.0008157884003594,0.9991841912269592
/content/Dataset/Test/Real/real_1364.jpg,Real,Fake,0.5573666095733643,0.4426334500312805,Fake,0.8514358401298523,0.1485642045736313,Real,0.0154155027121305,0.9845845103263856,Real,2.284894799231552e-05,0.9999771118164062
/content/Dataset/Test/Real/real_1367.jpg,Real,Real,0.0015086554922163,0.9984912872314452,Real,0.0004533360479399,0.9995465874671936,Real,0.0012340748216956,0.9987659454345704,Fake,0.5922790169715881,0.4077209234237671
/content/Dataset/Test/Real/real_1372.jpg,Real,Real,0.0004530250444076,0.9995469450950624,Fake,0.8316808938980103,0.1683191210031509,Fake,0.9352732300758362,0.0647267997264862,Fake,0.9795977473258972,0.0204021967947483
/content/Dataset/Test/Real/real_139.jpg,Real,Real,0.0063629769720137,0.9936370849609376,Real,0.0005618368741124,0.9994381070137024,Fake,0.7880529761314392,0.2119470536708831,Fake,0.9272745847702026,0.0727253705263137
/content/Dataset/Test/Real/real_1392.jpg,Real,Fake,0.9970583915710448,0.0029416687320917,Fake,0.9842257499694824,0.015774268656969,Real,5.003470505471341e-06,0.9999949932098388,Real,0.0001483314117649,0.9998517036437988
/content/Dataset/Test/Real/real_1398.jpg,Real,Real,0.0001455526071367,0.9998544454574584,Real,0.001433580648154,0.9985664486885072,Real,0.391728788614273,0.6082711815834045,Fake,0.9986671209335328,0.001332881161943
/content/Dataset/Test/Real/real_1402.jpg,Real,Fake,0.522570788860321,0.4774292409420013,Real,9.214376041200012e-05,0.9999078512191772,Real,0.0835705995559692,0.9164294004440308,Real,0.1196054443717002,0.8803945779800415
/content/Dataset/Test/Real/real_1403.jpg,Real,Fake,0.9989022016525269,0.0010977287311106,Real,0.2671520411968231,0.7328479290008545,Fake,0.929739773273468,0.0702602341771125,Real,0.0163979642093181,0.9836020469665528
/content/Dataset/Test/Real/real_1405.jpg,Real,Fake,0.9780289530754088,0.0219710525125265,Real,0.00117862096522,0.9988213181495668,Real,3.852856752928346e-05,0.9999614953994752,Real,0.0019254613434895,0.9980745315551758
/content/Dataset/Test/Real/real_1417.jpg,Real,Real,0.0015072011156007,0.9984928369522096,Real,0.0050271954387426,0.994972825050354,Real,0.0939375907182693,0.9060624837875366,Fake,0.9994944334030152,0.0005055039655417
/content/Dataset/Test/Real/real_1424.jpg,Real,Fake,0.8386187553405762,0.1613811999559402,Real,4.662859282689169e-06,0.9999953508377076,Real,0.0460286810994148,0.9539713859558104,Real,6.767060403944924e-05,0.9999322891235352
/content/Dataset/Test/Real/real_1440.jpg,Real,Real,0.0009271517046727,0.999072790145874,Real,5.492162381415256e-05,0.9999450445175172,Real,0.0009966485667973,0.9990033507347108,Fake,0.7220011949539185,0.2779987454414367
/content/Dataset/Test/Real/real_1447.jpg,Real,Fake,0.9878770112991332,0.0121229961514472,Real,1.8615957060319488e-06,0.9999980926513672,Real,0.0001147023649537,0.999885320663452,Real,5.174380930839106e-05,0.999948263168335
/content/Dataset/Test/Real/real_1448.jpg,Real,Real,0.002062153769657,0.9979378581047058,Real,0.3285622894763946,0.671437680721283,Real,0.0015629878034815,0.9984369874000548,Fake,0.6713401079177856,0.3286598622798919
/content/Dataset/Test/Real/real_1456.jpg,Real,Real,0.2353401333093643,0.7646598815917969,Real,0.003583783050999,0.9964162111282348,Real,9.044279977388214e-06,0.999990940093994,Fake,0.998996913433075,0.001003107172437
/content/Dataset/Test/Real/real_146.jpg,Real,Real,9.87057646852918e-05,0.999901294708252,Fake,0.9159755110740662,0.084024541079998,Real,0.0074330042116343,0.99256694316864,Real,0.0002118804986821,0.9997881054878236
/content/Dataset/Test/Real/real_1461.jpg,Real,Fake,0.94972163438797,0.0502783358097076,Real,0.0264650899916887,0.9735349416732788,Real,0.1241194456815719,0.8758805990219116,Real,0.0047486689873039,0.9952512979507446
/content/Dataset/Test/Real/real_1465.jpg,Real,Real,0.2074638158082962,0.792536199092865,Real,0.0767454802989959,0.9232545495033264,Fake,0.5215790271759033,0.4784209430217743,Real,0.0003804289153777,0.9996196031570436
/content/Dataset/Test/Real/real_1472.jpg,Real,Real,0.3525296151638031,0.6474703550338745,Real,4.990743764210493e-05,0.9999500513076782,Fake,0.6930389404296875,0.3069610595703125,Real,5.761592910857871e-05,0.999942421913147
/content/Dataset/Test/Real/real_1481.jpg,Real,Real,0.0001093789614969,0.9998905658721924,Real,0.0058095948770642,0.9941904544830322,Real,9.96338712866418e-06,0.9999899864196776,Fake,0.598170280456543,0.401829719543457
/content/Dataset/Test/Real/real_1484.jpg,Real,Fake,0.9785085320472716,0.0214914847165346,Real,0.0009289963636547,0.9990710020065308,Real,0.0005153354140929,0.999484658241272,Real,0.000322565290844,0.9996774196624756
/content/Dataset/Test/Real/real_149.jpg,Real,Real,0.2204061150550842,0.7795938849449158,Fake,0.6634722352027893,0.3365277647972107,Real,0.039000678807497,0.960999310016632,Real,0.0968588143587112,0.9031411409378052
/content/Dataset/Test/Real/real_1493.jpg,Real,Fake,0.8081386685371399,0.1918613463640213,Real,0.1188013404607772,0.8811987042427063,Real,0.431090772151947,0.568909227848053,Real,0.00587895559147,0.9941210150718688
/content/Dataset/Test/Real/real_1498.jpg,Real,Real,0.0043535684235394,0.9956464171409608,Real,3.189426024619024e-06,0.999996781349182,Real,0.0029989304021,0.9970009922981262,Fake,0.9682958126068116,0.031704157590866
/content/Dataset/Test/Real/real_1499.jpg,Real,Real,0.0051812510937452,0.9948187470436096,Real,2.1304969777702357e-05,0.9999786615371704,Real,0.000225102980039,0.9997748732566832,Fake,0.7601125836372375,0.2398873716592788
/content/Dataset/Test/Real/real_15.jpg,Real,Fake,0.8091647624969482,0.1908352673053741,Real,1.6173631593119353e-05,0.9999837875366212,Real,0.002299299929291,0.9977007508277892,Real,0.0175673011690378,0.9824327230453492
/content/Dataset/Test/Real/real_1500.jpg,Real,Real,0.0012606045929715,0.9987394213676452,Real,0.0977101475000381,0.902289867401123,Fake,0.9814128875732422,0.0185871068388223,Fake,0.999964714050293,3.529743480612524e-05
/content/Dataset/Test/Real/real_1503.jpg,Real,Fake,0.6306769251823425,0.3693230748176574,Real,0.4485637247562408,0.5514363050460815,Real,0.1879601925611496,0.8120397925376892,Real,0.0003540437610354,0.9996459484100342
/content/Dataset/Test/Real/real_1504.jpg,Real,Fake,0.8183396458625793,0.1816603392362594,Real,0.1809746325016021,0.8190253973007202,Fake,0.9953629970550536,0.0046369754709303,Real,0.1489305645227432,0.851069450378418
/content/Dataset/Test/Real/real_1508.jpg,Real,Real,0.0230087507516145,0.9769912362098694,Fake,0.9892565608024596,0.0107434308156371,Fake,0.9735678434371948,0.0264321826398372,Fake,0.9857580661773682,0.0142418863251805
/content/Dataset/Test/Real/real_1509.jpg,Real,Real,0.2257245182991027,0.7742754817008972,Fake,0.9856839179992676,0.014316001906991,Fake,0.672256588935852,0.3277434408664703,Fake,0.999942421913147,5.755837628385052e-05
/content/Dataset/Test/Real/real_151.jpg,Real,Fake,0.6844519972801208,0.3155480623245239,Real,0.0540889091789722,0.9459110498428344,Real,9.385458542965353e-05,0.9999061822891236,Real,0.0003145219234284,0.999685525894165
/content/Dataset/Test/Real/real_1510.jpg,Real,Real,0.0001226080203196,0.9998773336410522,Real,0.002671810099855,0.9973281621932985,Real,0.0007165567367337,0.999283492565155,Fake,0.9825066328048706,0.017493437975645
/content/Dataset/Test/Real/real_1515.jpg,Real,Real,0.4395060539245605,0.5604939460754395,Real,0.1163208857178688,0.8836791515350342,Real,0.4752171635627746,0.5247828960418701,Fake,0.9998210072517396,0.0001790641690604
/content/Dataset/Test/Real/real_152.jpg,Real,Real,0.3740404844284057,0.6259595155715942,Fake,0.6821303963661194,0.3178695440292358,Real,0.0889481455087661,0.9110518097877502,Fake,0.9016883969306946,0.0983115881681442
/content/Dataset/Test/Real/real_1526.jpg,Real,Real,0.0020392334554344,0.9979608058929444,Fake,0.966227889060974,0.0337721221148967,Real,0.0096045583486557,0.990395486354828,Fake,0.9939175844192504,0.0060824062675237
/content/Dataset/Test/Real/real_1529.jpg,Real,Fake,0.6194124221801758,0.3805875480175018,Real,0.4214659333229065,0.5785340070724487,Fake,0.7232180237770081,0.2767820060253143,Fake,0.508407473564148,0.491592526435852
/content/Dataset/Test/Real/real_153.jpg,Real,Real,0.0497637949883937,0.950236201286316,Real,0.0004763419565279,0.9995236396789552,Real,0.0056752795353531,0.9943247437477112,Fake,0.9998458623886108,0.0001540745579404
/content/Dataset/Test/Real/real_1545.jpg,Real,Fake,0.995972454547882,0.0040274863131344,Real,0.0128419669345021,0.9871580004692078,Fake,0.6775712370872498,0.3224287629127502,Real,0.3141184747219085,0.685881495475769
/content/Dataset/Test/Real/real_1557.jpg,Real,Fake,0.5680509805679321,0.4319489598274231,Real,0.0003896504931617,0.9996103644371032,Real,4.907285619992763e-05,0.9999508857727052,Real,0.0002587861672509,0.99974125623703
/content/Dataset/Test/Real/real_1567.jpg,Real,Fake,0.7625709176063538,0.2374290525913238,Real,9.990068065235393e-05,0.9999001026153564,Real,0.0001187818488688,0.999881148338318,Real,0.0316542796790599,0.9683457612991332
/content/Dataset/Test/Real/real_158.jpg,Real,Fake,0.5563768148422241,0.4436231851577759,Real,1.0804640623973684e-05,0.9999891519546508,Real,0.0004345934430602,0.9995654225349426,Real,0.0001031315259751,0.9998968839645386
/content/Dataset/Test/Real/real_1583.jpg,Real,Real,0.0002740940544754,0.999725878238678,Real,0.0013933861628174,0.9986066222190856,Fake,0.7241930961608887,0.2758069038391113,Real,0.0054718176834285,0.9945282340049744
/content/Dataset/Test/Real/real_1590.jpg,Real,Real,0.497876226902008,0.5021237730979919,Fake,0.9998923540115356,0.0001076749686035,Fake,0.9971722960472108,0.002827774034813,Fake,0.8873533010482788,0.1126467138528823
/content/Dataset/Test/Real/real_1598.jpg,Real,Real,0.0151657294481992,0.9848343133926392,Real,0.1145796999335289,0.8854202628135681,Real,0.3677489757537842,0.6322510242462158,Fake,0.9934502840042114,0.0065497192554175
/content/Dataset/Test/Real/real_1600.jpg,Real,Fake,0.989532709121704,0.0104672983288764,Real,0.0060771247372031,0.9939228892326356,Fake,0.9391300082206726,0.0608699433505535,Fake,0.9994891881942748,0.0005108256009407
/content/Dataset/Test/Real/real_1601.jpg,Real,Real,0.0951485633850097,0.9048514366149902,Real,0.0241628121584653,0.975837230682373,Fake,0.9865983724594116,0.0134016415104269,Fake,0.997917115688324,0.0020829171407967
/content/Dataset/Test/Real/real_1603.jpg,Real,Real,0.2967503666877746,0.7032496333122253,Fake,0.9922409057617188,0.0077590751461684,Real,0.0017007257556542,0.9982993006706238,Real,0.309189885854721,0.6908100843429565
/content/Dataset/Test/Real/real_1607.jpg,Real,Real,0.0421358309686183,0.9578641057014464,Fake,0.8002594709396362,0.1997405588626861,Fake,0.9994696974754332,0.0005303336656652,Fake,0.9999566078186036,4.344936678535305e-05
/content/Dataset/Test/Real/real_1625.jpg,Real,Real,0.0157002974301576,0.9842997789382936,Fake,0.997310996055603,0.0026890507433563,Fake,0.7735902667045593,0.2264097183942794,Fake,0.9999691247940063,3.09032948280219e-05
/content/Dataset/Test/Real/real_1634.jpg,Real,Real,0.0038933795876801,0.9961065649986268,Real,0.003433677367866,0.9965662956237792,Fake,0.6400888562202454,0.3599111437797546,Real,2.3476108253817077e-05,0.9999765157699584
/content/Dataset/Test/Real/real_1637.jpg,Real,Fake,0.6633830070495605,0.336616963148117,Real,0.1913240402936935,0.80867600440979,Real,0.0245145168155431,0.9754854440689088,Real,0.1923132687807083,0.8076866865158081
/content/Dataset/Test/Real/real_1638.jpg,Real,Fake,0.8729217648506165,0.1270782202482223,Real,0.0225569456815719,0.9774430990219116,Fake,0.5691860914230347,0.4308139085769653,Real,0.0001214265066664,0.9998785257339478
/content/Dataset/Test/Real/real_165.jpg,Real,Fake,0.8988929986953735,0.1011069938540458,Fake,0.9998366832733154,0.0001633408392081,Fake,0.999439775943756,0.0005601707380264,Fake,0.9999347925186156,6.515286077046767e-05
/content/Dataset/Test/Real/real_1658.jpg,Real,Real,0.0339395180344581,0.9660604596138,Fake,0.6628699898719788,0.3371299505233764,Fake,0.9636610746383668,0.0363389402627944,Fake,0.999959111213684,4.0942617488326505e-05
/content/Dataset/Test/Real/real_1659.jpg,Real,Real,0.0002449851599521,0.9997549653053284,Real,0.4789710938930511,0.5210288763046265,Fake,0.8913125991821289,0.1086873635649681,Fake,0.9998553991317748,0.0001446138194296
/content/Dataset/Test/Real/real_1660.jpg,Real,Real,0.0003177834441885,0.9996821880340576,Real,0.0013257216196507,0.9986742734909058,Fake,0.7271880507469177,0.2728119194507599,Real,0.0030994834378361,0.9969005584716796
/content/Dataset/Test/Real/real_1661.jpg,Real,Real,0.0001131577519117,0.9998868703842164,Fake,0.9890314936637878,0.0109685333445668,Fake,0.9357359409332277,0.06426402926445,Fake,0.9999574422836304,4.2596297134878114e-05
/content/Dataset/Test/Real/real_1666.jpg,Real,Fake,0.7208689451217651,0.2791310250759125,Real,7.399132755381288e-06,0.999992609024048,Real,3.800983540713787e-05,0.9999619722366332,Real,2.409969238215126e-05,0.9999759197235109
/content/Dataset/Test/Real/real_1671.jpg,Real,Fake,0.5669205784797668,0.4330793917179107,Real,0.003245098516345,0.9967549443244934,Real,3.1954492442309856e-05,0.9999680519104004,Real,2.2739044652553275e-05,0.9999772310256958
/content/Dataset/Test/Real/real_1677.jpg,Real,Fake,0.9604635834693908,0.0395364463329315,Fake,0.9976531863212584,0.0023468830622732,Fake,0.911645770072937,0.0883542224764823,Fake,0.9998751878738404,0.0001247441978193
/content/Dataset/Test/Real/real_1679.jpg,Real,Real,0.153420940041542,0.8465790748596191,Fake,0.579843282699585,0.4201567471027374,Real,0.0046325647272169,0.9953674077987672,Fake,0.7365365028381348,0.2634635269641876
/content/Dataset/Test/Real/real_1680.jpg,Real,Fake,0.6664395332336426,0.333560436964035,Real,0.0002217931178165,0.9997782111167908,Real,0.0022976356558501,0.997702419757843,Real,0.0412675999104976,0.9587323665618896
/content/Dataset/Test/Real/real_1681.jpg,Real,Real,0.004547104705125,0.995452880859375,Real,0.0435022003948688,0.9564977884292604,Real,0.0706898868083953,0.9293100833892822,Fake,0.999919056892395,8.094178338069469e-05
/content/Dataset/Test/Real/real_1684.jpg,Real,Fake,0.5835873484611511,0.4164127111434936,Real,4.183910277788527e-06,0.9999958276748656,Real,0.0155268609523773,0.9844731688499452,Real,2.888608469220344e-05,0.9999711513519288
/content/Dataset/Test/Real/real_169.jpg,Real,Fake,0.540001392364502,0.4599986374378204,Real,0.004259880632162,0.9957401752471924,Real,5.901862823520787e-05,0.9999409914016724,Real,3.0486467949231155e-05,0.999969482421875
/content/Dataset/Test/Real/real_1693.jpg,Real,Fake,0.7774973511695862,0.2225026339292526,Real,0.0033234211150556,0.9966765642166138,Real,0.4129011332988739,0.5870988368988037,Real,0.0239209961146116,0.9760789275169371
/content/Dataset/Test/Real/real_1698.jpg,Real,Fake,0.6422187685966492,0.3577812612056732,Fake,0.5684724450111389,0.4315275549888611,Real,0.1696728765964508,0.8303270936012268,Fake,0.6003219485282898,0.3996780812740326
/content/Dataset/Test/Real/real_17.jpg,Real,Fake,0.8755087852478027,0.1244912147521972,Real,0.00150786282029,0.9984921216964722,Real,0.0004766453930642,0.999523401260376,Real,3.081494651269168e-05,0.9999691247940063
/content/Dataset/Test/Real/real_170.jpg,Real,Fake,0.9740518927574158,0.0259481444954872,Real,1.582680511091894e-06,0.9999984502792358,Real,1.6316966139129363e-05,0.9999836683273317,Real,2.510576086933725e-05,0.9999748468399048
/content/Dataset/Test/Real/real_1702.jpg,Real,Real,0.0057899551466107,0.9942100048065186,Fake,0.8907831907272339,0.1092168092727661,Real,0.0156003404408693,0.984399676322937,Real,0.0044397735036909,0.9955601692199708
/content/Dataset/Test/Real/real_1704.jpg,Real,Real,9.458493150305004e-05,0.9999053478240968,Real,0.0655121877789497,0.934487760066986,Fake,0.8815438151359558,0.1184561848640441,Fake,0.9998886585235596,0.0001113039907068
/content/Dataset/Test/Real/real_1705.jpg,Real,Real,0.0013820100575685,0.9986180067062378,Fake,0.9995725750923156,0.0004273940285202,Fake,0.9925865530967712,0.0074134701862931,Fake,0.9999319314956664,6.80491648381576e-05
/content/Dataset/Test/Real/real_1710.jpg,Real,Real,0.0062409928068518,0.993759036064148,Real,0.0907125920057296,0.9092873930931092,Fake,0.8783171772956848,0.1216827929019928,Real,0.062978446483612,0.9370216131210328
/content/Dataset/Test/Real/real_1711.jpg,Real,Real,0.000132779328851,0.9998672008514404,Real,0.0950025171041488,0.90499746799469,Fake,0.8531789183616638,0.146821066737175,Fake,0.9999630451202391,3.689961158670485e-05
/content/Dataset/Test/Real/real_1712.jpg,Real,Real,0.0001157733131549,0.9998842477798462,Fake,0.9652381539344788,0.0347617641091346,Real,0.0460630767047405,0.9539368748664856,Fake,0.9983408451080322,0.0016591143794357
/content/Dataset/Test/Real/real_1713.jpg,Real,Real,0.0024328168947249,0.9975671768188475,Real,0.0463753379881382,0.953624665737152,Real,0.0127728534862399,0.9872271418571472,Fake,0.8092201352119446,0.1907798945903778
/content/Dataset/Test/Real/real_1714.jpg,Real,Real,0.0010484392987564,0.9989515542984008,Real,7.232899952214211e-05,0.9999276399612428,Real,0.0002150916843675,0.9997848868370056,Fake,0.9839856028556824,0.0160144586116075
/content/Dataset/Test/Real/real_1717.jpg,Real,Fake,0.9496170282363892,0.0503829419612884,Real,0.0364758819341659,0.9635241627693176,Real,0.0026472143363207,0.9973528385162354,Real,7.835341966710985e-05,0.9999216794967652
/content/Dataset/Test/Real/real_1719.jpg,Real,Real,0.0053365845233201,0.9946633577346802,Real,0.0011838738573715,0.9988161325454712,Real,0.0274020452052354,0.9725979566574096,Fake,0.9023287892341614,0.097671166062355
/content/Dataset/Test/Real/real_172.jpg,Real,Fake,0.628061056137085,0.3719389140605926,Real,8.881281246431172e-05,0.9999111890792848,Real,9.758103988133372e-05,0.999902367591858,Real,2.241924812551588e-05,0.9999775886535645
/content/Dataset/Test/Real/real_1725.jpg,Real,Fake,0.8122784495353699,0.1877216100692749,Real,0.0105192847549915,0.98948073387146,Real,0.0030692007858306,0.9969307780265808,Real,0.0005179325817152,0.9994820952415466
/content/Dataset/Test/Real/real_1726.jpg,Real,Real,0.1102280020713806,0.8897719383239746,Fake,0.6197487711906433,0.3802512586116791,Real,0.0056002428755164,0.9943997263908386,Real,9.264234540751204e-05,0.999907374382019
/content/Dataset/Test/Real/real_173.jpg,Real,Fake,0.5009208917617798,0.4990791082382202,Fake,0.5384470224380493,0.461553007364273,Real,0.0010630134493112,0.9989369511604308,Real,3.714095146278851e-05,0.9999628067016602
/content/Dataset/Test/Real/real_1738.jpg,Real,Real,0.0001135087659349,0.9998865127563475,Real,0.0001162919943453,0.9998836517333984,Real,0.1526952683925628,0.8473047018051147,Fake,0.9570980072021484,0.0429019704461097
/content/Dataset/Test/Real/real_1741.jpg,Real,Real,0.3456151783466339,0.6543847918510437,Real,0.0001407947420375,0.9998592138290404,Fake,0.6412442922592163,0.3587556779384613,Real,0.2270738184452057,0.7729261517524719
/content/Dataset/Test/Real/real_1743.jpg,Real,Real,0.004014192149043,0.9959858059883118,Fake,0.974989414215088,0.0250105503946542,Fake,0.6293311715126038,0.3706687986850738,Fake,0.9999182224273682,8.172837988240644e-05
/content/Dataset/Test/Real/real_1748.jpg,Real,Real,0.3426255583763122,0.6573744416236877,Fake,0.9802810549736024,0.0197189915925264,Real,0.0025183716788887,0.997481644153595,Fake,0.9440074563026428,0.0559925734996795
/content/Dataset/Test/Real/real_1749.jpg,Real,Real,0.0669520571827888,0.9330480098724364,Fake,0.9050688743591307,0.0949311405420303,Fake,0.8439583778381348,0.1560415774583816,Real,0.0007539819343946,0.9992460012435912
/content/Dataset/Test/Real/real_175.jpg,Real,Real,0.0047121215611696,0.9952878952026368,Real,0.0010365947382524,0.9989633560180664,Real,0.0038513806648552,0.9961485862731934,Fake,0.7642849087715149,0.2357150614261627
/content/Dataset/Test/Real/real_1759.jpg,Real,Fake,0.9875104427337646,0.0124895060434937,Fake,0.9994671940803528,0.0005328272236511,Real,0.2845355570316314,0.7154644727706909,Fake,0.9703566431999208,0.029643353074789
/content/Dataset/Test/Real/real_176.jpg,Real,Fake,0.5299238562583923,0.47007617354393,Fake,0.9996106028556824,0.0003894196997862,Fake,0.9412845373153688,0.0587154626846313,Fake,0.994809865951538,0.0051901461556553
/content/Dataset/Test/Real/real_1768.jpg,Real,Real,0.3071372210979461,0.6928627490997314,Real,0.0002177802089136,0.9997822642326356,Fake,0.9512787461280824,0.048721294850111,Fake,0.5043743252754211,0.4956256747245788
/content/Dataset/Test/Real/real_1770.jpg,Real,Fake,0.9916324019432068,0.008367639966309,Real,0.0416670069098472,0.9583330154418944,Real,0.0020779999904334,0.9979220032691956,Real,2.7647969545796517e-05,0.9999723434448242
/content/Dataset/Test/Real/real_1773.jpg,Real,Fake,0.9960214495658876,0.0039786137640476,Real,0.0017949320608749,0.998205065727234,Fake,0.9946141839027404,0.0053858119063079,Real,2.4607837985968217e-05,0.9999754428863524
/content/Dataset/Test/Real/real_1774.jpg,Real,Real,0.0072627640329301,0.9927372336387634,Fake,0.9999665021896362,3.3483243896625936e-05,Fake,0.9988746047019958,0.0011254060082137,Fake,0.9998158812522888,0.0001841708435676
/content/Dataset/Test/Real/real_1777.jpg,Real,Fake,0.6074184775352478,0.3925815224647522,Real,0.0056168660521507,0.9943830966949464,Real,4.625077053788118e-05,0.9999537467956544,Real,4.70639206469059e-05,0.9999529123306274
/content/Dataset/Test/Real/real_178.jpg,Real,Real,0.1826335042715072,0.8173665404319763,Fake,0.9994189739227296,0.0005810130387544,Fake,0.994425654411316,0.0055743190459907,Real,4.309226642362773e-05,0.9999569654464722
/content/Dataset/Test/Real/real_1780.jpg,Real,Fake,0.9991065859794616,0.0008933366043493,Real,0.1595975011587143,0.8404025435447693,Real,0.2397269308567047,0.7602730393409729,Real,0.0043243104591965,0.9956757426261902
/content/Dataset/Test/Real/real_1787.jpg,Real,Real,0.093350313603878,0.9066497087478638,Real,0.0002109439665218,0.99978905916214,Real,0.1840834617614746,0.8159165978431702,Fake,0.9999483823776244,5.159382635611109e-05
/content/Dataset/Test/Real/real_1788.jpg,Real,Real,0.0005725705414079,0.9994274377822876,Real,0.0003610289131756,0.9996389150619508,Real,0.180620402097702,0.8193795680999756,Fake,0.9993434548377992,0.0006565830553881
/content/Dataset/Test/Real/real_1789.jpg,Real,Fake,0.6000141501426697,0.3999858796596527,Real,4.178737799520604e-05,0.9999581575393676,Real,0.0001795129064703,0.9998205304145812,Fake,0.9989768266677856,0.0010231706546619
/content/Dataset/Test/Real/real_1790.jpg,Real,Fake,0.8235592246055603,0.1764408200979232,Real,0.0001829722168622,0.9998170733451844,Real,5.07136392116081e-05,0.9999493360519408,Real,2.282899913552683e-05,0.9999771118164062
/content/Dataset/Test/Real/real_1791.jpg,Real,Real,0.2708583176136017,0.7291417121887207,Fake,0.9997091889381408,0.0002907992166001,Real,0.3373191952705383,0.6626808047294617,Fake,0.999578893184662,0.0004210579791106
/content/Dataset/Test/Real/real_1795.jpg,Real,Real,0.3837118148803711,0.6162881851196289,Fake,0.8880881667137146,0.1119118928909301,Real,0.4677067399024963,0.5322932600975037,Fake,0.999969720840454,3.0249111659941263e-05
/content/Dataset/Test/Real/real_1801.jpg,Real,Fake,0.9974697828292848,0.002530213445425,Real,0.0001905762474052,0.9998094439506532,Real,0.0029664146713912,0.9970335960388184,Real,2.567876799730584e-05,0.9999743700027466
/content/Dataset/Test/Real/real_1804.jpg,Real,Fake,0.9639261960983276,0.0360738448798656,Real,0.0001483086525695,0.9998517036437988,Real,6.841478352725972e-06,0.9999932050704956,Real,0.0002730770502239,0.999726951122284
/content/Dataset/Test/Real/real_1805.jpg,Real,Fake,0.9041644334793092,0.0958356112241745,Real,0.0022003757767379,0.9977995753288268,Real,0.0014703051419928,0.9985296726226808,Fake,0.966841161251068,0.0331588052213192
/content/Dataset/Test/Real/real_1813.jpg,Real,Real,0.4293608069419861,0.5706391930580139,Fake,0.9478238821029664,0.0521761178970336,Fake,0.9941547513008118,0.0058453092351555,Fake,0.9999736547470092,2.6379822884337045e-05
/content/Dataset/Test/Real/real_1814.jpg,Real,Real,0.0183945037424564,0.9816054701805116,Real,0.0002276451123179,0.9997723698616028,Real,0.0197809189558029,0.980219066143036,Fake,0.9945566654205322,0.0054433108307421
/content/Dataset/Test/Real/real_1815.jpg,Real,Real,0.026908915489912,0.9730911254882812,Fake,0.571905255317688,0.4280947148799896,Real,0.1057993546128273,0.8942006230354309,Real,0.0009807397145777,0.9990192651748656
/content/Dataset/Test/Real/real_1817.jpg,Real,Fake,0.8928115367889404,0.1071884781122207,Fake,0.845346987247467,0.1546529978513717,Real,0.0016210782341659,0.9983788728713988,Fake,0.9999579191207886,4.207456731819548e-05
/content/Dataset/Test/Real/real_1820.jpg,Real,Real,0.0007739832508377,0.9992259740829468,Real,9.571847476763652e-05,0.9999042749404908,Real,0.0102091310545802,0.9897908568382264,Fake,0.8944554924964905,0.1055444926023483
/content/Dataset/Test/Real/real_1823.jpg,Real,Fake,0.5937269330024719,0.4062730669975281,Fake,0.9881733059883118,0.0118267610669136,Fake,0.7926442623138428,0.2073557674884796,Real,0.0059085083194077,0.9940914511680604
/content/Dataset/Test/Real/real_1826.jpg,Real,Fake,0.9662105441093444,0.0337894186377525,Fake,0.9398044347763062,0.0601955913007259,Fake,0.9491680860519408,0.0508318878710269,Fake,0.9999064207077026,9.3605209258385e-05
/content/Dataset/Test/Real/real_1828.jpg,Real,Fake,0.5157787203788757,0.4842212796211242,Real,0.1823997497558593,0.8176002502441406,Real,0.0511711500585079,0.9488288164138794,Fake,0.9999374151229858,6.257412314880639e-05
/content/Dataset/Test/Real/real_1831.jpg,Real,Real,0.3733694553375244,0.6266305446624756,Real,0.0163173899054527,0.9836825728416444,Real,0.1300073266029358,0.869992733001709,Fake,0.9670950770378112,0.0329049304127693
/content/Dataset/Test/Real/real_1841.jpg,Real,Fake,0.6611237525939941,0.3388762772083282,Fake,0.765652596950531,0.234347328543663,Real,0.4711359739303589,0.5288640260696411,Real,0.2960841655731201,0.7039157748222351
/content/Dataset/Test/Real/real_1844.jpg,Real,Fake,0.9817189574241638,0.0182810649275779,Real,0.0003737765364348,0.9996261596679688,Real,3.5590992411016487e-06,0.9999964237213136,Real,0.0001106478885049,0.9998893737792968
/content/Dataset/Test/Real/real_1846.jpg,Real,Fake,0.8817945122718811,0.1182054802775383,Fake,0.997409164905548,0.002590833697468,Real,0.3487685024738312,0.6512315273284912,Real,0.09255301207304,0.9074469804763794
/content/Dataset/Test/Real/real_1847.jpg,Real,Real,0.03207603469491,0.9679239988327026,Real,0.001243086066097,0.9987568855285645,Real,0.0144029604271054,0.9855970740318298,Fake,0.9949577450752258,0.0050422144122421
/content/Dataset/Test/Real/real_1848.jpg,Real,Real,0.0085498495027422,0.9914501309394836,Real,0.0634567439556121,0.9365432858467102,Real,0.2966169118881225,0.7033830881118774,Fake,0.9999387264251708,6.1307757277973e-05
/content/Dataset/Test/Real/real_1849.jpg,Real,Real,0.0175232123583555,0.9824768304824828,Real,0.0015264713438227,0.9984734654426576,Real,0.0414524041116237,0.9585476517677308,Fake,0.504904568195343,0.4950953722000122
/content/Dataset/Test/Real/real_1851.jpg,Real,Fake,0.9988675117492676,0.0011325383093208,Real,0.0040447390638291,0.995955228805542,Fake,0.5382041335105896,0.461795836687088,Fake,0.9796619415283204,0.0203380230814218
/content/Dataset/Test/Real/real_1852.jpg,Real,Fake,0.9988939166069032,0.001106139156036,Real,0.1252854019403457,0.8747145533561707,Fake,0.50087970495224,0.4991203248500824,Fake,0.999778926372528,0.0002210664242738
/content/Dataset/Test/Real/real_1864.jpg,Real,Real,0.424628347158432,0.5753716826438904,Fake,0.735679030418396,0.2643210291862488,Fake,0.7792169451713562,0.2207830101251602,Real,0.000429434760008,0.9995705485343932
/content/Dataset/Test/Real/real_1867.jpg,Real,Fake,0.8370323181152344,0.162967711687088,Real,0.0045674494467675,0.9954326152801514,Real,0.0009013956878334,0.9990986585617064,Real,5.4472999181598425e-05,0.9999455213546752
/content/Dataset/Test/Real/real_1875.jpg,Real,Real,0.0185467079281806,0.9814532995224,Real,0.2518284916877746,0.7481715083122253,Fake,0.5999089479446411,0.4000910520553589,Real,0.4396878778934479,0.5603120923042297
/content/Dataset/Test/Real/real_1876.jpg,Real,Real,0.0011087418533861,0.998891294002533,Real,0.0003099653113167,0.999690055847168,Fake,0.8582444190979004,0.1417555958032608,Real,0.0005069267353974,0.9994930028915404
/content/Dataset/Test/Real/real_1880.jpg,Real,Fake,0.724036693572998,0.2759633362293243,Real,0.0001394255959894,0.9998605251312256,Real,5.811481605633162e-05,0.9999418258666992,Real,2.2589907530345957e-05,0.9999773502349854
/content/Dataset/Test/Real/real_1884.jpg,Real,Real,0.000524305854924,0.9994756579399108,Real,0.0065326578915119,0.993467390537262,Real,3.584149817470461e-05,0.9999641180038452,Fake,0.9998855590820312,0.0001144758498412
/content/Dataset/Test/Real/real_189.jpg,Real,Fake,0.7151767015457153,0.2848232984542846,Real,0.0002589465875644,0.9997410178184508,Real,0.0012123488122597,0.9987877011299132,Real,3.296962313470431e-05,0.9999669790267944
/content/Dataset/Test/Real/real_1893.jpg,Real,Real,0.0103795435279607,0.9896204471588136,Fake,0.9489402174949646,0.0510597862303257,Real,0.0010727695189416,0.9989271759986876,Fake,0.9987038373947144,0.001296135247685
/content/Dataset/Test/Real/real_1895.jpg,Real,Fake,0.7903916239738464,0.2096083313226699,Real,0.4140094220638275,0.5859905481338501,Fake,0.5134903788566589,0.4865095913410187,Fake,0.9715512990951538,0.0284486822783947
/content/Dataset/Test/Real/real_1896.jpg,Real,Real,0.0015421662246808,0.9984577894210817,Fake,0.996350646018982,0.0036492915824055,Fake,0.9924106597900392,0.0075893201865255,Fake,0.9999325275421144,6.751887121936306e-05
/content/Dataset/Test/Real/real_1897.jpg,Real,Real,0.0452619530260562,0.9547380208969116,Fake,0.999992609024048,7.405542874039384e-06,Fake,0.9965247511863708,0.0034751908387988,Fake,0.999941349029541,5.859299199073576e-05
/content/Dataset/Test/Real/real_1898.jpg,Real,Real,0.0333927869796752,0.9666072130203248,Fake,0.9918134212493896,0.0081865433603525,Fake,0.8987656235694885,0.1012344360351562,Fake,0.9999417066574096,5.830205191159621e-05
/content/Dataset/Test/Real/real_19.jpg,Real,Fake,0.9668982625007628,0.0331017412245273,Real,0.0040629119612276,0.9959371089935304,Real,0.0083606867119669,0.9916393160820008,Real,0.0001988597796298,0.999801218509674
/content/Dataset/Test/Real/real_1904.jpg,Real,Real,0.0005710968398489,0.999428927898407,Fake,0.9826344847679138,0.0173655394464731,Fake,0.957788348197937,0.042211677879095,Fake,0.9998962879180908,0.0001037148758769
/content/Dataset/Test/Real/real_1906.jpg,Real,Real,0.0860628709197044,0.9139371514320374,Fake,0.8102816939353943,0.1897183656692505,Real,0.0025527961552143,0.9974472522735596,Real,0.0002591669035609,0.9997407793998718
/content/Dataset/Test/Real/real_1909.jpg,Real,Real,0.140304148197174,0.8596958518028259,Real,7.197616650955752e-05,0.9999279975891112,Real,0.00030955276452,0.9996904134750366,Fake,0.9953911304473876,0.0046089072711765
/content/Dataset/Test/Real/real_1911.jpg,Real,Real,0.0047226683236658,0.9952772855758668,Real,0.489444375038147,0.510555624961853,Fake,0.6669859290122986,0.3330140709877014,Fake,0.7969108819961548,0.2030891627073288
/content/Dataset/Test/Real/real_1914.jpg,Real,Real,0.0025343541055917,0.9974656105041504,Real,6.805325392633677e-05,0.9999319314956664,Real,0.0111950365826487,0.9888049364089966,Fake,0.999165415763855,0.0008346200920641
/content/Dataset/Test/Real/real_1915.jpg,Real,Real,0.000139359923196,0.9998606443405152,Real,0.0002804312098305,0.9997195601463318,Real,0.0003934452251996,0.9996065497398376,Fake,0.9999045133590698,9.54901915974915e-05
/content/Dataset/Test/Real/real_192.jpg,Real,Fake,0.5671265125274658,0.4328734576702118,Real,1.567082836118061e-05,0.9999843835830688,Real,0.0016301079886034,0.9983698725700378,Real,2.500569098629057e-05,0.9999749660491944
/content/Dataset/Test/Real/real_1920.jpg,Real,Fake,0.9405376315116882,0.0594623684883117,Real,0.0157149005681276,0.984285056591034,Real,0.2239137440919876,0.7760862708091736,Real,0.0001296177506446,0.9998704195022584
/content/Dataset/Test/Real/real_1925.jpg,Real,Real,0.1716096848249435,0.8283903002738953,Fake,0.8797681927680969,0.1202318519353866,Real,0.0036255607847124,0.9963744282722472,Real,0.1713861972093582,0.828613817691803
/content/Dataset/Test/Real/real_1926.jpg,Real,Real,0.0002369854628341,0.9997630715370178,Real,0.0003548855311237,0.9996451139450072,Real,0.149126797914505,0.8508732318878174,Fake,0.8859161734580994,0.1140838488936424
/content/Dataset/Test/Real/real_1929.jpg,Real,Fake,0.635886013507843,0.3641139566898346,Real,0.2523274719715118,0.7476725578308105,Real,0.00179636455141,0.9982036352157592,Real,2.701290213735774e-05,0.999972939491272
/content/Dataset/Test/Real/real_193.jpg,Real,Fake,0.814622700214386,0.185377299785614,Real,0.0001171747135231,0.9998828172683716,Real,0.0002020070969592,0.9997979998588562,Real,2.972250513266772e-05,0.999970316886902
/content/Dataset/Test/Real/real_1945.jpg,Real,Real,0.1919909715652465,0.8080090880393982,Fake,0.9979851245880128,0.0020148251205682,Fake,0.9985595345497132,0.0014404915273189,Fake,0.9999611377716064,3.886526610585861e-05
/content/Dataset/Test/Real/real_1946.jpg,Real,Real,0.0013756649568676,0.998624324798584,Fake,0.7104293704032898,0.2895705997943878,Fake,0.83344566822052,0.1665543317794799,Fake,0.9999569654464722,4.301933950046077e-05
/content/Dataset/Test/Real/real_1947.jpg,Real,Real,0.1432753503322601,0.8567246198654175,Fake,0.988517999649048,0.0114820450544357,Real,0.0043057859875261,0.9956941604614258,Fake,0.9994887113571168,0.0005113027873449
/content/Dataset/Test/Real/real_1948.jpg,Real,Real,0.0840967744588851,0.9159032106399536,Fake,0.8227863311767578,0.1772136986255645,Fake,0.91012841463089,0.0898716449737548,Fake,0.9915812611579896,0.0084187081083655
/content/Dataset/Test/Real/real_1954.jpg,Real,Fake,0.5256500840187073,0.4743499457836151,Fake,0.9277142882347108,0.0722856819629669,Fake,0.9836915731430054,0.0163084454834461,Fake,0.9903292655944824,0.0096706543117761
/content/Dataset/Test/Real/real_1957.jpg,Real,Fake,0.9841476678848268,0.0158523060381412,Fake,0.8514737486839294,0.1485262215137481,Real,0.0006106345099397,0.9993892908096312,Real,0.0001581811084179,0.999841809272766
/content/Dataset/Test/Real/real_1961.jpg,Real,Fake,0.9751288294792176,0.0248711891472339,Fake,0.9858751893043518,0.0141247501596808,Real,0.0138193042948842,0.9861807227134703,Real,0.2378028482198715,0.7621971964836121
/content/Dataset/Test/Real/real_1964.jpg,Real,Real,0.3079871237277984,0.6920129060745239,Real,0.4845563471317291,0.5154436826705933,Fake,0.8519507646560669,0.1480491906404495,Fake,0.5016204714775085,0.4983795285224914
/content/Dataset/Test/Real/real_1965.jpg,Real,Real,0.0434294417500495,0.9565705060958862,Real,0.3951890468597412,0.6048109531402588,Fake,0.9872438311576844,0.0127561306580901,Fake,0.996682584285736,0.0033174133859574
/content/Dataset/Test/Real/real_1966.jpg,Real,Real,0.0597480945289135,0.9402519464492798,Fake,0.6901873350143433,0.3098126947879791,Real,0.0026437730994075,0.9973562955856324,Fake,0.8139294981956482,0.1860705614089965
/content/Dataset/Test/Real/real_1969.jpg,Real,Real,0.0203402955085039,0.9796597361564636,Real,0.0104771610349416,0.9895228743553162,Real,0.0555276423692703,0.9444723725318908,Fake,0.9814884662628174,0.0185115169733762
/content/Dataset/Test/Real/real_1970.jpg,Real,Fake,0.7554047703742981,0.2445952594280243,Real,0.1305691003799438,0.8694308400154114,Real,0.3934007287025451,0.6065992712974548,Fake,0.5020682215690613,0.4979317486286163
/content/Dataset/Test/Real/real_1976.jpg,Real,Real,0.0541029497981071,0.945897102355957,Real,0.089974857866764,0.910025119781494,Real,0.0002327433903701,0.999767243862152,Fake,0.9999643564224244,3.5653396480483934e-05
/content/Dataset/Test/Real/real_198.jpg,Real,Fake,0.9031991958618164,0.0968007594347,Fake,0.9741642475128174,0.0258357971906662,Real,0.0024295626208186,0.9975704550743104,Real,0.000281274667941,0.9997187256813048
/content/Dataset/Test/Real/real_1983.jpg,Real,Fake,0.6884292960166931,0.3115706741809845,Fake,0.8878797292709351,0.1121201962232589,Real,0.0073794177733361,0.992620587348938,Fake,0.9999715089797974,2.854474405467045e-05
/content/Dataset/Test/Real/real_1989.jpg,Real,Fake,0.720589280128479,0.2794107496738434,Real,0.0054079797118902,0.994592010974884,Real,0.006950456649065,0.9930495023727416,Fake,0.8418067097663879,0.158193290233612
/content/Dataset/Test/Real/real_1991.jpg,Real,Fake,0.8366098403930664,0.1633901298046112,Real,0.0005745879025198,0.9994254112243652,Real,0.0002260769106214,0.9997739195823668,Real,0.0950902849435806,0.9049097299575806
/content/Dataset/Test/Real/real_1996.jpg,Real,Real,5.945766679360531e-05,0.9999405145645142,Fake,0.64837247133255,0.3516275584697723,Fake,0.8737713694572449,0.1262286454439163,Fake,0.9999169111251832,8.302798232762143e-05
/content/Dataset/Test/Real/real_1998.jpg,Real,Real,0.0017042252002283,0.9982958436012268,Real,0.0146771511062979,0.9853228330612184,Real,0.0385544709861278,0.9614455103874208,Fake,0.908458948135376,0.091541089117527
/content/Dataset/Test/Real/real_2003.jpg,Real,Fake,0.7001872658729553,0.299812763929367,Real,0.0007445949595421,0.999255359172821,Real,0.0293601881712675,0.9706398248672484,Fake,0.9591943025588988,0.0408056452870368
/content/Dataset/Test/Real/real_2008.jpg,Real,Real,0.0946649685502052,0.905335009098053,Real,0.0610091239213943,0.938990831375122,Real,0.4957999587059021,0.5042000412940979,Fake,0.5117087364196777,0.4882912933826446
/content/Dataset/Test/Real/real_2009.jpg,Real,Real,0.2580738365650177,0.7419261932373047,Real,0.3696073293685913,0.6303926706314087,Fake,0.6844552755355835,0.3155447244644165,Fake,0.9907262325286864,0.0092737637460231
/content/Dataset/Test/Real/real_2010.jpg,Real,Fake,0.5510568022727966,0.448943167924881,Real,0.3227481544017792,0.6772518754005432,Fake,0.7915287017822266,0.2084712535142898,Fake,0.8744146823883057,0.1255853772163391
/content/Dataset/Test/Real/real_2011.jpg,Real,Real,0.0002847855212166,0.9997151494026184,Real,0.0895491018891334,0.9104509353637696,Fake,0.5744390487670898,0.4255609214305877,Fake,0.9999443292617798,5.568830238189548e-05
/content/Dataset/Test/Real/real_2012.jpg,Real,Real,0.0109391016885638,0.989060878753662,Real,0.0776337459683418,0.9223663210868835,Fake,0.767951250076294,0.232048749923706,Fake,0.9999083280563354,9.16576391318813e-05
/content/Dataset/Test/Real/real_2018.jpg,Real,Real,0.1705104112625122,0.829489529132843,Fake,0.7603791952133179,0.2396208643913269,Real,0.0354456827044487,0.964554250240326,Real,4.224604708724655e-05,0.999957799911499
/content/Dataset/Test/Real/real_2025.jpg,Real,Real,0.0005674587446264,0.9994325041770936,Real,1.1255334356974345e-05,0.9999887943267822,Real,0.0021518715657293,0.9978481531143188,Fake,0.9996970891952516,0.0003029205545317
/content/Dataset/Test/Real/real_2033.jpg,Real,Fake,0.9834279417991638,0.0165720582008361,Fake,0.9998279809951782,0.0001720185973681,Fake,0.9451570510864258,0.0548429153859615,Fake,0.9992885589599608,0.0007114211912266
/content/Dataset/Test/Real/real_2040.jpg,Real,Real,0.0055946926586329,0.9944052696228028,Real,0.0001029358027153,0.999897003173828,Real,0.000114714828669,0.999885320663452,Fake,0.9998962879180908,0.0001037144829751
/content/Dataset/Test/Real/real_2043.jpg,Real,Fake,0.6582468152046204,0.3417531847953796,Fake,0.9896560907363892,0.0103438775986433,Fake,0.7087810635566711,0.2912189066410064,Fake,0.9999403953552246,5.9584017435554415e-05
/content/Dataset/Test/Real/real_2044.jpg,Real,Real,0.0037103220820426,0.9962897300720216,Fake,0.9549381136894226,0.0450619459152221,Real,0.1841427087783813,0.8158572912216187,Fake,0.999953031539917,4.698983320849948e-05
/content/Dataset/Test/Real/real_2046.jpg,Real,Fake,0.6820173263549805,0.3179826438426971,Real,0.0001808684901334,0.9998190999031068,Real,0.0002205470518674,0.9997795224189758,Real,0.0001810303365346,0.9998189806938172
/content/Dataset/Test/Real/real_2048.jpg,Real,Real,0.1446098685264587,0.8553901314735413,Fake,0.7785909175872803,0.2214090973138809,Real,0.1997515559196472,0.800248384475708,Real,3.0162551411194727e-05,0.9999698400497437
/content/Dataset/Test/Real/real_2050.jpg,Real,Fake,0.7925441861152649,0.2074558287858963,Real,0.0017395240720361,0.9982604384422302,Real,0.0046476921997964,0.995352268218994,Real,4.605079084285535e-05,0.9999539852142334
/content/Dataset/Test/Real/real_2052.jpg,Real,Fake,0.6964640617370605,0.3035359382629394,Real,0.0017228156793862,0.998277187347412,Real,0.0443402864038944,0.9556596875190736,Real,4.862472997047007e-05,0.9999513626098632
/content/Dataset/Test/Real/real_2053.jpg,Real,Fake,0.993298888206482,0.0067011239007115,Real,0.0647935345768928,0.935206413269043,Real,0.158600315451622,0.8413997292518616,Real,0.3937143087387085,0.6062856912612915
/content/Dataset/Test/Real/real_2057.jpg,Real,Fake,0.8458470702171326,0.1541529446840286,Real,0.0016625656280666,0.9983373880386353,Real,0.0002775576431304,0.999722421169281,Real,2.9058544896543023e-05,0.9999709129333496
/content/Dataset/Test/Real/real_2065.jpg,Real,Real,0.0002205291821155,0.9997795224189758,Real,8.433956099906936e-05,0.999915599822998,Real,0.0191384796053171,0.980861485004425,Fake,0.9999676942825316,3.227920751669444e-05
/content/Dataset/Test/Real/real_2066.jpg,Real,Real,0.0181238818913698,0.9818761944770812,Real,0.0001923576928675,0.9998076558113098,Real,9.066231723409146e-05,0.999909281730652,Fake,0.8364183902740479,0.1635816544294357
/content/Dataset/Test/Real/real_2067.jpg,Real,Fake,0.928181767463684,0.0718182176351547,Fake,0.9979645013809204,0.0020355784799903,Fake,0.985068142414093,0.0149318380281329,Fake,0.9915095567703248,0.0084904842078685
/content/Dataset/Test/Real/real_2070.jpg,Real,Fake,0.6160881519317627,0.3839118182659149,Real,0.0017750713741406,0.998224914073944,Real,9.83167628874071e-05,0.9999016523361206,Real,5.170351505512372e-05,0.999948263168335
/content/Dataset/Test/Real/real_2084.jpg,Real,Fake,0.8909587860107422,0.1090411767363548,Real,0.0619262717664241,0.938073754310608,Real,0.4188078641891479,0.581192135810852,Fake,0.9998664855957032,0.0001334696280537
/content/Dataset/Test/Real/real_2088.jpg,Real,Real,0.1017992570996284,0.8982008099555969,Real,0.1297875791788101,0.8702124953269958,Fake,0.7820005416870117,0.2179994583129882,Real,0.4946625530719757,0.5053374171257019
/content/Dataset/Test/Real/real_2089.jpg,Real,Fake,0.5740132331848145,0.4259867072105407,Real,8.025482384255156e-05,0.9999197721481324,Real,0.0060109505429863,0.993989109992981,Real,0.0005797081394121,0.9994202852249146
/content/Dataset/Test/Real/real_209.jpg,Real,Fake,0.9985529780387878,0.0014469574671238,Real,0.2047282606363296,0.7952716946601868,Real,0.003521490143612,0.9964784979820251,Real,4.269198689144105e-05,0.9999573230743408
/content/Dataset/Test/Real/real_2090.jpg,Real,Real,0.0002571547229308,0.9997428059577942,Real,0.3522593080997467,0.6477407217025757,Fake,0.9249322414398192,0.075067788362503,Fake,0.9999719858169556,2.80328586086398e-05
/content/Dataset/Test/Real/real_2091.jpg,Real,Real,6.552278500748798e-05,0.9999344348907472,Fake,0.9902555346488952,0.0097444290295243,Fake,0.9820468425750732,0.0179531220346689,Fake,0.9999724626541138,2.7576110369409434e-05
/content/Dataset/Test/Real/real_2092.jpg,Real,Fake,0.7588772773742676,0.241122767329216,Real,9.818896842261893e-07,0.9999990463256836,Real,1.9142495148116723e-05,0.9999808073043824,Real,2.194608168792911e-05,0.9999780654907228
/content/Dataset/Test/Real/real_21.jpg,Real,Fake,0.6580983996391296,0.3419016301631927,Real,0.0086578894406557,0.9913421273231506,Real,0.3224731981754303,0.6775268316268921,Real,0.1084743440151214,0.8915256261825562
/content/Dataset/Test/Real/real_210.jpg,Real,Fake,0.783494234085083,0.2165057361125946,Fake,0.6693826913833618,0.3306173384189605,Real,0.0355015322566032,0.9644985198974608,Real,0.0019259040709584,0.9980740547180176
/content/Dataset/Test/Real/real_2100.jpg,Real,Real,0.2876421213150024,0.7123578786849976,Fake,0.7779776453971863,0.2220223248004913,Real,0.0071306796744465,0.9928693175315856,Real,0.0099880546331405,0.990011990070343
/content/Dataset/Test/Real/real_2101.jpg,Real,Real,3.715685670613311e-05,0.9999628067016602,Real,0.0546556450426578,0.9453443884849548,Real,0.0847061946988105,0.9152937531471252,Fake,0.9989303946495056,0.0010696511017158
/content/Dataset/Test/Real/real_2117.jpg,Real,Real,0.0077088000252842,0.992291271686554,Fake,0.8438332676887512,0.1561667323112487,Real,0.4659567773342132,0.5340432524681091,Real,0.0007189476746134,0.999281108379364
/content/Dataset/Test/Real/real_2119.jpg,Real,Real,0.3822782933712005,0.6177217364311218,Real,0.0230236481875181,0.9769763350486756,Fake,0.9322458505630492,0.067754216492176,Real,0.1620704233646392,0.8379295468330383
/content/Dataset/Test/Real/real_2120.jpg,Real,Fake,0.9585620760917664,0.0414379127323627,Real,0.0001472751027904,0.9998526573181152,Real,0.0008919019019231,0.9991081357002258,Real,4.866926610702649e-05,0.9999513626098632
/content/Dataset/Test/Real/real_2121.jpg,Real,Fake,0.7541260123252869,0.2458740472793579,Real,0.0081807412207126,0.9918192625045776,Real,0.0945921316742897,0.9054079055786132,Real,3.9928061596583575e-05,0.9999600648880004
/content/Dataset/Test/Real/real_2123.jpg,Real,Real,0.0118539584800601,0.9881460666656494,Fake,0.9992430210113524,0.0007569664740003,Fake,0.7361346483230591,0.2638652920722961,Fake,0.9999622106552124,3.781445775530301e-05
/content/Dataset/Test/Real/real_2124.jpg,Real,Real,0.0148655492812395,0.9851344227790833,Real,0.0001722516462905,0.9998277425765992,Real,0.0004704684542957,0.9995296001434326,Fake,0.9999394416809082,6.057250720914453e-05
/content/Dataset/Test/Real/real_2128.jpg,Real,Real,0.0011572471121326,0.998842716217041,Real,0.1544981747865677,0.8455017805099487,Fake,0.9327322840690612,0.0672677382826805,Fake,0.9999121427536012,8.783941302681342e-05
/content/Dataset/Test/Real/real_2129.jpg,Real,Real,0.0001885375240817,0.9998114705085754,Fake,0.9935731291770936,0.0064268019050359,Fake,0.9955025315284728,0.004497502464801,Fake,0.9999523162841796,4.769911174662411e-05
/content/Dataset/Test/Real/real_2132.jpg,Real,Fake,0.7495599985122681,0.2504399716854095,Real,0.073110319674015,0.9268896579742432,Fake,0.9079910516738892,0.0920089185237884,Real,0.4044855237007141,0.5955144166946411
/content/Dataset/Test/Real/real_2134.jpg,Real,Fake,0.870667576789856,0.1293324530124664,Fake,0.6066150069236755,0.3933850228786468,Real,0.4936053454875946,0.506394624710083,Real,2.234564999525901e-05,0.999977707862854
/content/Dataset/Test/Real/real_2139.jpg,Real,Fake,0.964033544063568,0.03596643358469,Real,9.816022793529557e-05,0.9999017715454102,Fake,0.8771925568580627,0.122807465493679,Real,0.0073769344016909,0.9926230907440186
/content/Dataset/Test/Real/real_2141.jpg,Real,Fake,0.9362063407897948,0.0637937039136886,Real,3.621330279202084e-06,0.9999964237213136,Real,0.0001023542936309,0.999897599220276,Real,2.906381087086629e-05,0.9999709129333496
/content/Dataset/Test/Real/real_2143.jpg,Real,Fake,0.940874457359314,0.0591254979372024,Real,0.3501888513565063,0.6498111486434937,Fake,0.9791633486747742,0.0208365991711616,Fake,0.5375956892967224,0.4624043107032776
/content/Dataset/Test/Real/real_2144.jpg,Real,Fake,0.9868719577789308,0.0131280776113271,Fake,0.9998981952667236,0.0001018427865346,Fake,0.9967069029808044,0.003293088870123,Fake,0.8249977827072144,0.175002247095108
/content/Dataset/Test/Real/real_2146.jpg,Real,Fake,0.9878788590431212,0.0121210943907499,Real,0.1787508428096771,0.8212491273880005,Fake,0.9830834865570068,0.0169165637344121,Fake,0.9382252097129822,0.0617747269570827
/content/Dataset/Test/Real/real_215.jpg,Real,Fake,0.860679566860199,0.1393204927444458,Real,0.0007655461668036,0.9992344379425048,Real,7.862960774218664e-05,0.9999213218688964,Real,3.7849487853236496e-05,0.9999620914459229
/content/Dataset/Test/Real/real_2153.jpg,Real,Fake,0.998900294303894,0.0010997132631018,Real,0.0026265177875757,0.9973734617233276,Real,0.0559300780296325,0.9440699219703674,Real,0.491731196641922,0.5082688331604004
/content/Dataset/Test/Real/real_2154.jpg,Real,Fake,0.988297402858734,0.0117026576772332,Real,6.849990313639864e-05,0.9999314546585084,Real,0.0091278282925486,0.9908722043037416,Real,6.579302134923637e-05,0.999934196472168
/content/Dataset/Test/Real/real_2160.jpg,Real,Real,0.0008357596816495,0.9991642236709596,Real,0.0352459736168384,0.964754045009613,Real,0.0004357196157798,0.9995642304420472,Fake,0.9999217987060548,7.825440843589604e-05
/content/Dataset/Test/Real/real_2161.jpg,Real,Real,0.0008375096949748,0.9991625547409058,Fake,0.6144051551818848,0.3855948448181152,Real,0.0338627360761165,0.9661372900009156,Fake,0.9999605417251588,3.949242454837077e-05
/content/Dataset/Test/Real/real_2163.jpg,Real,Real,0.0001267908228328,0.999873161315918,Fake,0.997365415096283,0.0026345818769186,Fake,0.9975475668907166,0.002452396787703,Real,0.0003047832869924,0.9996953010559082
/content/Dataset/Test/Real/real_2167.jpg,Real,Real,0.4056160449981689,0.5943838953971863,Fake,0.9954710006713868,0.0045289928093552,Fake,0.9917111396789552,0.0082888705655932,Fake,0.9999371767044068,6.284597475314513e-05
/content/Dataset/Test/Real/real_2168.jpg,Real,Real,5.9669877373380587e-05,0.9999402761459352,Real,7.769583316985518e-05,0.9999222755432128,Real,0.2719728350639343,0.7280271053314209,Fake,0.995088517665863,0.0049115079455077
/content/Dataset/Test/Real/real_2169.jpg,Real,Real,0.00366160296835,0.9963383674621582,Real,0.3265658617019653,0.6734341382980347,Real,0.0014652035897597,0.9985347986221312,Fake,0.9999524354934692,4.7567064029863104e-05
/content/Dataset/Test/Real/real_2170.jpg,Real,Real,0.1715295016765594,0.8284704685211182,Fake,0.999976634979248,2.3350445189862512e-05,Fake,0.9669075012207032,0.0330925546586513,Fake,0.9999438524246216,5.616760972770862e-05
/content/Dataset/Test/Real/real_2171.jpg,Real,Fake,0.9276142120361328,0.0723857656121254,Real,3.4911859074782114e-06,0.999996542930603,Real,0.0050343312323093,0.9949656128883362,Real,7.38202579668723e-05,0.999926209449768
/content/Dataset/Test/Real/real_2176.jpg,Real,Fake,0.9987552165985109,0.0012447803746908,Real,0.0119024654850363,0.9880974888801576,Fake,0.9895654916763306,0.010434465482831,Fake,0.7205504775047302,0.2794495820999145
/content/Dataset/Test/Real/real_2182.jpg,Real,Fake,0.8291580677032471,0.1708419322967529,Real,0.0285587459802627,0.9714412689208984,Real,0.0221529453992843,0.9778470993041992,Real,0.0019634875934571,0.998036563396454
/content/Dataset/Test/Real/real_2184.jpg,Real,Fake,0.8762074112892151,0.1237925738096237,Fake,0.99116450548172,0.0088355299085378,Fake,0.8498713970184326,0.1501286029815673,Real,0.0004455789166968,0.999554455280304
/content/Dataset/Test/Real/real_2185.jpg,Real,Fake,0.8544507622718811,0.1455491781234741,Real,2.049230033662752e-06,0.9999979734420776,Real,0.0001344639749731,0.9998655319213868,Real,7.918689516372979e-05,0.9999208450317384
/content/Dataset/Test/Real/real_2186.jpg,Real,Fake,0.9979299306869508,0.0020700523164123,Real,0.0716688856482505,0.9283311367034912,Real,0.0653168410062789,0.934683084487915,Real,0.0008153587114065,0.9991846680641174
/content/Dataset/Test/Real/real_2192.jpg,Real,Real,0.0001748998765833,0.9998251795768738,Real,0.0020500370301306,0.99795001745224,Real,7.550475129391998e-05,0.9999245405197144,Fake,0.8448261022567749,0.1551739126443863
/content/Dataset/Test/Real/real_2193.jpg,Real,Fake,0.6484774351119995,0.3515226244926452,Real,5.172516466700472e-05,0.999948263168335,Real,0.0006101353792473,0.9993898868560792,Real,2.47646494244691e-05,0.9999752044677734
/content/Dataset/Test/Real/real_2205.jpg,Real,Real,0.0035356157459318,0.9964643716812134,Real,1.4733444913872518e-05,0.9999852180480956,Real,1.999582127609756e-05,0.9999799728393556,Fake,0.640398383140564,0.3596016466617584
/content/Dataset/Test/Real/real_2206.jpg,Real,Fake,0.8521751165390015,0.1478248834609985,Real,7.92363061918877e-06,0.9999921321868896,Real,0.0274954922497272,0.972504496574402,Real,0.0005583739839494,0.9994415640830994
/content/Dataset/Test/Real/real_2209.jpg,Real,Fake,0.5310452580451965,0.4689547121524811,Real,3.9048714825185016e-05,0.9999608993530272,Real,5.629663064610213e-05,0.999943733215332,Real,2.5413661205675453e-05,0.9999746084213256
/content/Dataset/Test/Real/real_221.jpg,Real,Real,0.0550485029816627,0.9449514150619508,Fake,0.948261559009552,0.0517384372651577,Real,2.0324188881204464e-05,0.9999797344207764,Fake,0.6084371209144592,0.3915629088878631
/content/Dataset/Test/Real/real_2213.jpg,Real,Real,0.4555390775203705,0.5444608926773071,Real,0.0227365978062152,0.9772633910179138,Fake,0.9749047756195068,0.0250951889902353,Fake,0.8320026993751526,0.1679972857236862
/content/Dataset/Test/Real/real_2214.jpg,Real,Real,0.2376175969839096,0.7623823881149292,Fake,0.6731725931167603,0.3268274068832397,Fake,0.9774456024169922,0.0225544814020395,Fake,0.5873987078666687,0.4126013219356537
/content/Dataset/Test/Real/real_2215.jpg,Real,Real,0.0901583582162857,0.9098416566848756,Real,0.0009503981564193,0.9990496039390564,Real,0.0005143573507666,0.9994856119155884,Fake,0.6182189583778381,0.3817810416221618
/content/Dataset/Test/Real/real_222.jpg,Real,Real,0.1851454973220825,0.8148545622825623,Fake,0.7693477869033813,0.2306521832942962,Fake,0.9930397272109984,0.0069601987488567,Fake,0.9996368885040284,0.0003631130966823
/content/Dataset/Test/Real/real_2220.jpg,Real,Fake,0.677650511264801,0.322349488735199,Real,0.1748577356338501,0.8251422047615051,Real,0.3058958053588867,0.6941042542457581,Real,0.3079804182052612,0.6920196413993835
/content/Dataset/Test/Real/real_2224.jpg,Real,Fake,0.8031080365180969,0.1968919932842254,Real,0.3429884910583496,0.6570115685462952,Real,0.0094419075176119,0.99055814743042,Real,3.4658540243981406e-05,0.9999653100967408
/content/Dataset/Test/Real/real_2225.jpg,Real,Real,0.0009847718756645,0.999015212059021,Real,0.240855261683464,0.7591447830200195,Real,0.337837278842926,0.6621626615524292,Fake,0.999911904335022,8.802958473097533e-05
/content/Dataset/Test/Real/real_2227.jpg,Real,Real,0.101752683520317,0.8982473611831665,Fake,0.8048226833343506,0.1951773315668106,Fake,0.5846284627914429,0.4153715074062347,Fake,0.9959349632263184,0.004065073095262
/content/Dataset/Test/Real/real_2233.jpg,Real,Real,0.0003154739388264,0.9996845722198486,Real,3.1433826279680943e-06,0.9999969005584716,Fake,0.9484209418296814,0.0515790656208992,Real,0.0055642537772655,0.9944356679916382
/content/Dataset/Test/Real/real_2237.jpg,Real,Real,0.2868387699127197,0.713161289691925,Fake,0.9983952641487122,0.0016047431854531,Fake,0.9998648166656494,0.0001351925602648,Fake,0.9999380111694336,6.2036000599619e-05
/content/Dataset/Test/Real/real_2238.jpg,Real,Real,0.0042196614667773,0.995780348777771,Real,0.0006092090625315,0.999390721321106,Real,0.4385161101818084,0.5614838600158691,Fake,0.9999452829360962,5.475951184052974e-05
/content/Dataset/Test/Real/real_2241.jpg,Real,Real,0.001025790348649,0.9989742040634156,Real,2.131823930540122e-05,0.9999786615371704,Fake,0.5321367383003235,0.4678632616996765,Real,0.0002343292289879,0.999765694141388
/content/Dataset/Test/Real/real_2242.jpg,Real,Fake,0.8498054146766663,0.1501945108175277,Real,0.0008196442504413,0.9991803765296936,Real,0.0005434949998743,0.9994564652442932,Real,8.019897359190509e-05,0.9999197721481324
/content/Dataset/Test/Real/real_2243.jpg,Real,Real,0.0012477171840146,0.998752236366272,Real,0.1943456828594207,0.8056542873382568,Fake,0.987051248550415,0.0129487328231334,Real,0.0004646858724299,0.999535322189331
/content/Dataset/Test/Real/real_2244.jpg,Real,Fake,0.6435943841934204,0.356405645608902,Real,0.0356396064162254,0.9643603563308716,Real,0.1517972648143768,0.8482027649879456,Fake,0.8521508574485779,0.1478490978479385
/content/Dataset/Test/Real/real_2245.jpg,Real,Fake,0.5860399603843689,0.4139600694179535,Real,0.013968919403851,0.9860310554504396,Real,0.0155573775991797,0.98444265127182,Real,0.0105802481994032,0.98941969871521
/content/Dataset/Test/Real/real_2246.jpg,Real,Fake,0.95375794172287,0.0462420769035816,Real,0.394320011138916,0.6056799292564392,Fake,0.6943947672843933,0.3056052327156067,Real,0.0008085654699243,0.9991914629936218
/content/Dataset/Test/Real/real_2255.jpg,Real,Real,0.0120673412457108,0.9879326224327089,Real,1.0548387763265056e-05,0.9999895095825196,Real,1.766149580362253e-05,0.9999823570251464,Fake,0.9989427924156188,0.0010572124738246
/content/Dataset/Test/Real/real_2257.jpg,Real,Fake,0.5895264148712158,0.4104735553264618,Real,0.002918790327385,0.997081220149994,Real,0.0726974979043006,0.9273024797439576,Fake,0.999174416065216,0.0008255103020928
/content/Dataset/Test/Real/real_2258.jpg,Real,Real,0.0035643270239233,0.9964356422424316,Real,2.2770640498492867e-05,0.9999772310256958,Real,0.0023758984170854,0.9976240992546082,Fake,0.999887466430664,0.0001125458584283
/content/Dataset/Test/Real/real_2270.jpg,Real,Real,0.0062071047723293,0.9937928915023804,Real,0.0060084913857281,0.9939914345741272,Fake,0.7748004794120789,0.2251995503902435,Real,0.0001539648510515,0.9998459815979004
/content/Dataset/Test/Real/real_2271.jpg,Real,Real,0.0264498572796583,0.9735500812530518,Real,5.108680124976672e-05,0.9999488592147828,Real,0.2949011921882629,0.7050987482070923,Fake,0.9998422861099244,0.0001577435614308
/content/Dataset/Test/Real/real_2280.jpg,Real,Real,0.1969058960676193,0.8030941486358643,Real,0.0746618509292602,0.9253382086753844,Fake,0.722630500793457,0.2773694992065429,Real,5.5149823310785e-05,0.999944806098938
/content/Dataset/Test/Real/real_2283.jpg,Real,Fake,0.9032164216041564,0.0967835709452629,Real,0.0001806043146643,0.9998194575309752,Real,2.1156401999178343e-05,0.9999788999557496,Real,0.0004321177257224,0.9995679259300232
/content/Dataset/Test/Real/real_2286.jpg,Real,Real,0.0110709806904196,0.9889289736747742,Real,0.0001474842138122,0.9998525381088256,Real,0.0001551427849335,0.9998447895050048,Fake,0.5622891187667847,0.4377109110355377
/content/Dataset/Test/Real/real_2290.jpg,Real,Real,0.4180933535099029,0.5819066762924194,Fake,0.9999986886978148,1.2654734291572822e-06,Fake,0.8967451453208923,0.1032548248767852,Fake,0.9999558925628662,4.411029294715263e-05
/content/Dataset/Test/Real/real_2293.jpg,Real,Real,0.0817397087812423,0.9182602763175964,Real,0.0001306303311139,0.9998693466186525,Real,0.000794370425865,0.9992056488990784,Fake,0.9914178848266602,0.0085820890963077
/content/Dataset/Test/Real/real_231.jpg,Real,Real,0.0003966710355598,0.9996033310890198,Real,0.0003064186021219,0.9996936321258544,Fake,0.6186679601669312,0.3813320696353912,Real,0.0014665881171822,0.9985333681106568
/content/Dataset/Test/Real/real_2310.jpg,Real,Fake,0.9755050539970398,0.0244949869811534,Real,0.0400160662829875,0.9599838852882384,Real,0.1473814845085144,0.8526184558868408,Fake,0.952475607395172,0.0475243479013443
/content/Dataset/Test/Real/real_2314.jpg,Real,Real,0.0124899996444582,0.9875099658966064,Real,0.0083208847790956,0.9916791319847108,Fake,0.7457544207572937,0.2542455494403839,Real,0.2208739668130874,0.779125988483429
/content/Dataset/Test/Real/real_2315.jpg,Real,Fake,0.9789386987686156,0.0210612528026103,Real,0.3449570536613464,0.6550429463386536,Real,0.0070318435318768,0.9929681420326232,Real,5.374432657845318e-05,0.9999462366104126
/content/Dataset/Test/Real/real_232.jpg,Real,Real,0.4617000222206116,0.5382999777793884,Fake,0.8320012092590332,0.1679987907409668,Real,0.1091636344790458,0.8908363580703735,Fake,0.9821760058403016,0.0178240295499563
/content/Dataset/Test/Real/real_2320.jpg,Real,Real,0.075585588812828,0.9244144558906556,Real,0.0002646773355081,0.9997352957725524,Real,0.000483660493046,0.9995163679122924,Fake,0.9999552965164183,4.464406083570793e-05
/content/Dataset/Test/Real/real_2321.jpg,Real,Real,0.0451568178832531,0.9548432230949402,Real,0.00820779427886,0.9917922019958496,Fake,0.6074080467224121,0.3925919830799103,Fake,0.9819108843803406,0.0180891565978527
/content/Dataset/Test/Real/real_2324.jpg,Real,Real,0.3243701159954071,0.6756299138069153,Fake,0.9993430972099304,0.0006568787503056,Real,0.0073966463096439,0.992603361606598,Real,0.0001981243403861,0.9998019337654114
/content/Dataset/Test/Real/real_2328.jpg,Real,Fake,0.9999197721481324,8.017342770472169e-05,Real,1.3188932825869417e-05,0.99998676776886,Real,0.0410815700888633,0.9589184522628784,Real,0.0005810634465888,0.9994189739227296
/content/Dataset/Test/Real/real_2330.jpg,Real,Fake,0.5727595090866089,0.4272405505180359,Real,2.131371957148076e-06,0.999997854232788,Real,2.493341980880359e-06,0.9999974966049194,Real,2.7553975087357685e-05,0.9999724626541138
/content/Dataset/Test/Real/real_2336.jpg,Real,Real,0.0075789336115121,0.9924210906028748,Fake,0.999870777130127,0.0001291879598284,Fake,0.9250031113624572,0.0749969109892845,Fake,0.9999696016311646,3.040975207113661e-05
/content/Dataset/Test/Real/real_2337.jpg,Real,Fake,0.9610531330108644,0.0389468967914581,Real,0.0096659716218709,0.9903340935707092,Fake,0.5787322521209717,0.4212677776813507,Real,3.945650678360835e-05,0.9999605417251588
/content/Dataset/Test/Real/real_2345.jpg,Real,Fake,0.7381710410118103,0.2618289887905121,Fake,0.9998695850372314,0.0001304518373217,Real,0.3250986039638519,0.6749014258384705,Fake,0.9999070167541504,9.302166290581226e-05
/content/Dataset/Test/Real/real_2348.jpg,Real,Real,0.0099621769040822,0.9900377988815308,Real,0.0027980755548924,0.997201919555664,Real,0.0002530883066356,0.9997468590736388,Fake,0.9991508722305298,0.0008491433109156
/content/Dataset/Test/Real/real_2351.jpg,Real,Real,0.1114608645439148,0.8885391354560852,Fake,0.907619833946228,0.0923802256584167,Real,0.3481805622577667,0.6518194675445557,Real,0.0033193943090736,0.9966805577278136
/content/Dataset/Test/Real/real_2362.jpg,Real,Real,0.0030329551082104,0.9969670176506042,Real,0.3247670829296112,0.6752328872680664,Real,0.0011099047260358,0.9988901019096376,Fake,0.5415871143341064,0.4584128558635711
/content/Dataset/Test/Real/real_2365.jpg,Real,Real,0.039522398263216,0.960477650165558,Real,0.0014312043786048,0.9985687732696532,Real,8.518323011230677e-05,0.9999147653579712,Fake,0.7100219130516052,0.2899781167507171
/content/Dataset/Test/Real/real_2367.jpg,Real,Fake,0.9620534777641296,0.0379465445876121,Real,0.0004568146541714,0.9995431900024414,Real,0.0028883996419608,0.9971115589141846,Real,2.3799810151103884e-05,0.9999761581420898
/content/Dataset/Test/Real/real_2368.jpg,Real,Fake,0.9803533554077148,0.0196466669440269,Fake,0.578966498374939,0.421033501625061,Real,0.0023959670215845,0.9976040720939636,Real,0.0001326472265645,0.99986732006073
/content/Dataset/Test/Real/real_2382.jpg,Real,Real,0.0002051944175036,0.9997947812080384,Fake,0.8298658728599548,0.1701340973377227,Fake,0.9766340851783752,0.0233658999204635,Fake,0.9999428987503052,5.7140332501148805e-05
/content/Dataset/Test/Real/real_2383.jpg,Real,Real,0.001061885501258,0.9989381432533264,Real,8.610608347225934e-06,0.9999914169311525,Real,0.0766721367835998,0.9233278632164,Fake,0.8932413458824158,0.106758676469326
/content/Dataset/Test/Real/real_2386.jpg,Real,Real,0.3645419180393219,0.6354580521583557,Fake,0.998072385787964,0.0019276244565844,Real,0.0285115167498588,0.9714885354042052,Real,0.0023610540665686,0.9976389408111572
/content/Dataset/Test/Real/real_2388.jpg,Real,Real,0.0874380469322204,0.9125619530677797,Real,0.074030727148056,0.9259692430496216,Real,0.0551343560218811,0.9448656439781188,Fake,0.9576594233512878,0.0423405803740024
/content/Dataset/Test/Real/real_2389.jpg,Real,Real,0.0671699717640876,0.932829976081848,Fake,0.7641128301620483,0.2358871698379516,Real,0.0004543547111097,0.9995456337928772,Real,0.0178673453629016,0.982132613658905
/content/Dataset/Test/Real/real_2395.jpg,Real,Real,0.0447044037282466,0.9552955627441406,Real,0.0128480996936559,0.9871519804000854,Real,0.1464761942625045,0.853523850440979,Fake,0.9999663829803468,3.357081732247025e-05
/content/Dataset/Test/Real/real_2399.jpg,Real,Fake,0.9091761112213136,0.0908238813281059,Real,8.15498333395226e-06,0.9999918937683104,Real,0.000162880620337,0.999837040901184,Real,0.0001668252807576,0.9998331069946288
/content/Dataset/Test/Real/real_24.jpg,Real,Fake,0.7818517684936523,0.21814826130867,Real,0.0018830829067155,0.998116970062256,Real,0.000661403289996,0.9993385672569276,Fake,0.7116477489471436,0.2883522510528564
/content/Dataset/Test/Real/real_2400.jpg,Real,Fake,0.999758780002594,0.000241237154114,Real,0.0001392466365359,0.9998607635498048,Real,0.0327360518276691,0.96726393699646,Real,0.2646492421627044,0.7353507876396179
/content/Dataset/Test/Real/real_2401.jpg,Real,Real,0.1790207177400589,0.8209792971611023,Fake,0.9997630715370178,0.0002368937130086,Real,0.0412937961518764,0.9587061405181884,Fake,0.8499711155891418,0.1500288546085357
/content/Dataset/Test/Real/real_2406.jpg,Real,Real,0.1164644733071327,0.8835355639457703,Real,0.0001180186445708,0.9998819828033448,Real,0.0163467973470687,0.98365318775177,Fake,0.9999666213989258,3.33694442815613e-05
/content/Dataset/Test/Real/real_2409.jpg,Real,Real,0.0047584413550794,0.9952415227890016,Fake,0.992493748664856,0.0075062066316604,Real,0.4047895967960357,0.5952104330062866,Fake,0.9129948616027832,0.0870051607489585
/content/Dataset/Test/Real/real_2416.jpg,Real,Real,0.0006409162306226,0.9993590712547302,Fake,0.9961252808570862,0.0038747650105506,Fake,0.6105560064315796,0.3894439935684204,Fake,0.9999446868896484,5.526512177311815e-05
/content/Dataset/Test/Real/real_2417.jpg,Real,Real,0.0010596400825306,0.998940408229828,Real,4.97943619848229e-06,0.9999949932098388,Real,1.031472311296966e-05,0.9999896287918092,Fake,0.9872188568115234,0.0127811906859278
/content/Dataset/Test/Real/real_2418.jpg,Real,Real,0.0001807068183552,0.9998193383216858,Real,2.696140199986985e-06,0.9999972581863404,Real,3.379480040166527e-05,0.9999661445617676,Fake,0.9995753169059752,0.0004246375756338
/content/Dataset/Test/Real/real_2419.jpg,Real,Real,0.0011037023505195,0.9988962411880492,Real,0.0017235398991033,0.9982764720916748,Real,0.0001399984466843,0.9998599290847778,Fake,0.9999016523361206,9.835596574703231e-05
/content/Dataset/Test/Real/real_2421.jpg,Real,Real,0.0001905535318655,0.9998094439506532,Real,0.000209355042898,0.999790608882904,Real,0.0003613422741182,0.9996386766433716,Fake,0.999835968017578,0.0001640313275856
/content/Dataset/Test/Real/real_2422.jpg,Real,Real,0.0016646579606458,0.9983354210853576,Fake,0.9999513626098632,4.864476795773953e-05,Real,0.0972727388143539,0.90272718667984,Fake,0.9999595880508424,4.03584235755261e-05
/content/Dataset/Test/Real/real_2424.jpg,Real,Real,0.1931749731302261,0.8068249821662903,Real,0.3793550431728363,0.6206449866294861,Real,0.3494153022766113,0.6505846977233887,Fake,0.7311340570449829,0.2688659727573395
/content/Dataset/Test/Real/real_2426.jpg,Real,Real,0.0001948188873939,0.9998051524162292,Real,1.706932562228758e-05,0.9999829530715942,Real,1.5302273823181167e-05,0.9999847412109376,Fake,0.999416708946228,0.0005833405302837
/content/Dataset/Test/Real/real_2427.jpg,Real,Fake,0.6186844110488892,0.3813155591487884,Real,0.1487397104501724,0.851260244846344,Real,0.0619963891804218,0.938003659248352,Fake,0.9999297857284546,7.022164936643094e-05
/content/Dataset/Test/Real/real_2428.jpg,Real,Real,0.001621893257834,0.998378038406372,Real,3.0221661290852356e-05,0.999969720840454,Real,2.3257949578692205e-05,0.9999767541885376,Fake,0.999919295310974,8.068008173722774e-05
/content/Dataset/Test/Real/real_243.jpg,Real,Fake,0.6782215237617493,0.3217784464359283,Real,0.3967356085777282,0.6032644510269165,Real,0.2310442477464676,0.7689558267593384,Real,5.80429841647856e-05,0.9999419450759888
/content/Dataset/Test/Real/real_2431.jpg,Real,Fake,0.7820826768875122,0.217917338013649,Real,0.0462793409824371,0.9537206292152404,Real,0.0540296845138073,0.9459702968597412,Real,0.0894591584801673,0.9105408787727356
/content/Dataset/Test/Real/real_2436.jpg,Real,Real,0.0207096468657255,0.9792903661727904,Real,1.3152267683835817e-06,0.9999986886978148,Real,1.0058322914119344e-05,0.9999899864196776,Fake,0.7913673520088196,0.2086325883865356
/content/Dataset/Test/Real/real_2438.jpg,Real,Fake,0.9717137813568116,0.0282861702144145,Real,0.0014299741014838,0.9985699653625488,Fake,0.7029294967651367,0.2970705032348633,Real,0.000716840790119,0.9992831349372864
/content/Dataset/Test/Real/real_2442.jpg,Real,Real,0.0029943902045488,0.9970056414604188,Real,0.0718143284320831,0.9281857013702391,Fake,0.9304419755935668,0.0695579722523689,Real,0.0014984557637944,0.9985015392303468
/content/Dataset/Test/Real/real_2443.jpg,Real,Real,0.1074992269277572,0.8925008177757263,Real,0.3095011413097381,0.6904988288879395,Real,0.2549595236778259,0.7450405359268188,Fake,0.9937268495559692,0.0062731807120144
/content/Dataset/Test/Real/real_2449.jpg,Real,Fake,0.675668478012085,0.3243315517902374,Real,3.636002702478436e-06,0.999996304512024,Real,3.47032182617113e-05,0.9999653100967408,Real,2.6958605303661894e-05,0.9999730587005616
/content/Dataset/Test/Real/real_2450.jpg,Real,Fake,0.9931802749633788,0.0068197287619113,Fake,0.952502429485321,0.0474975258111953,Fake,0.9919614195823668,0.0080386046320199,Real,3.513367846608162e-05,0.9999648332595824
/content/Dataset/Test/Real/real_2452.jpg,Real,Fake,0.506342887878418,0.4936571419239044,Real,2.4334238332812674e-05,0.9999756813049316,Real,0.001487931003794,0.998512089252472,Real,0.3177164196968078,0.6822835803031921
/content/Dataset/Test/Real/real_2453.jpg,Real,Real,0.0348402336239814,0.9651597738265992,Real,3.736188227776438e-05,0.9999626874923706,Real,0.023287795484066,0.9767122268676758,Fake,0.9437403678894044,0.0562596060335636
/content/Dataset/Test/Real/real_2457.jpg,Real,Fake,0.9956385493278505,0.0043614814057946,Real,0.0023223978932946,0.9976776242256165,Real,0.220682606101036,0.7793173789978027,Real,3.715579441632144e-05,0.9999628067016602
/content/Dataset/Test/Real/real_2458.jpg,Real,Real,0.0073299398645758,0.9926700592041016,Fake,0.9463962316513062,0.0536037497222423,Fake,0.9785312414169312,0.0214687287807464,Fake,0.999948501586914,5.152548328624107e-05
/content/Dataset/Test/Real/real_2459.jpg,Real,Real,0.060211643576622,0.9397883415222168,Real,4.080237431480782e-06,0.9999959468841552,Real,1.7423984900233336e-05,0.9999825954437256,Fake,0.629352331161499,0.3706477284431457
/content/Dataset/Test/Real/real_2460.jpg,Real,Real,0.0204601678997278,0.9795398712158204,Real,0.0084839751943945,0.9915159940719604,Fake,0.994772732257843,0.0052272621542215,Fake,0.999963402748108,3.661299706436694e-05
/content/Dataset/Test/Real/real_2461.jpg,Real,Real,0.0979509353637695,0.9020490646362304,Real,0.0062384330667555,0.9937615990638732,Real,0.0016566923586651,0.9983433485031128,Fake,0.9998561143875122,0.0001438905892428
/content/Dataset/Test/Real/real_2462.jpg,Real,Fake,0.8884870409965515,0.1115129590034484,Real,0.0006133122951723,0.9993866682052612,Real,0.0116938361898064,0.9883061051368712,Real,4.686962711275555e-05,0.9999531507492064
/content/Dataset/Test/Real/real_2485.jpg,Real,Real,0.103392019867897,0.8966079950332642,Fake,0.9999938011169434,6.168045729282312e-06,Fake,0.665162205696106,0.3348377645015716,Real,0.4338344633579254,0.5661655068397522
/content/Dataset/Test/Real/real_2493.jpg,Real,Fake,0.889843225479126,0.1101567521691322,Real,1.8937483901027008e-06,0.9999980926513672,Real,9.94160564005142e-06,0.9999901056289672,Real,2.17792021430796e-05,0.9999781847000122
/content/Dataset/Test/Real/real_2495.jpg,Real,Real,0.0096797477453947,0.9903202652931212,Real,0.0363128669559955,0.9636871218681335,Fake,0.8168891668319702,0.1831107884645462,Real,0.0325181260704994,0.9674819111824036
/content/Dataset/Test/Real/real_2498.jpg,Real,Fake,0.8577728271484375,0.1422271877527237,Real,0.0131590515375137,0.9868409633636476,Real,0.0025437120348215,0.9974562525749208,Real,0.0001366955984849,0.9998632669448853
/content/Dataset/Test/Real/real_2504.jpg,Real,Real,0.0025082998909056,0.997491717338562,Real,0.0071713663637638,0.9928286671638488,Fake,0.6244502067565918,0.3755498230457306,Real,0.0003327676095068,0.9996672868728638
/content/Dataset/Test/Real/real_2506.jpg,Real,Fake,0.7111864686012268,0.2888135612010956,Real,0.3588858544826507,0.6411141157150269,Fake,0.9841035604476928,0.0158964917063713,Fake,0.7273303866386414,0.2726696729660034
/content/Dataset/Test/Real/real_2507.jpg,Real,Fake,0.7568361163139343,0.243163913488388,Real,0.4034021496772766,0.5965978503227234,Real,0.0025888287927955,0.9974111914634703,Real,0.0006201099022291,0.9993798732757568
/content/Dataset/Test/Real/real_2512.jpg,Real,Fake,0.7733656167984009,0.2266343683004379,Fake,0.9997963309288024,0.0002036443183897,Fake,0.9999496936798096,5.029687963542529e-05,Fake,0.9997429251670836,0.0002570610959082
/content/Dataset/Test/Real/real_2516.jpg,Real,Real,0.0034439987502992,0.996556043624878,Real,0.0129215428605675,0.9870784282684326,Fake,0.9345170259475708,0.0654829666018486,Real,0.0012024317402392,0.9987975358963012
/content/Dataset/Test/Real/real_2518.jpg,Real,Real,0.173612892627716,0.8263870477676392,Real,0.1098969578742981,0.8901030421257019,Real,0.0059217428788542,0.9940782785415648,Fake,0.749751091003418,0.2502488791942596
/content/Dataset/Test/Real/real_2519.jpg,Real,Fake,0.915658473968506,0.0843415781855583,Fake,0.9998502731323242,0.0001496698969276,Fake,0.986864984035492,0.0131350485607981,Fake,0.9999610185623168,3.896130874636583e-05
/content/Dataset/Test/Real/real_2520.jpg,Real,Real,0.0394733920693397,0.9605265855789183,Real,0.0003439069841988,0.999656081199646,Real,0.2018411457538604,0.7981588244438171,Fake,0.9999619722366332,3.807848042924888e-05
/content/Dataset/Test/Real/real_2526.jpg,Real,Fake,0.9226800799369812,0.0773198828101158,Real,5.678480374626815e-05,0.9999432563781738,Real,0.0002823332324624,0.999717652797699,Real,0.0027732683811336,0.9972266554832458
/content/Dataset/Test/Real/real_253.jpg,Real,Fake,0.5450911521911621,0.4549088776111603,Fake,0.9896023869514464,0.0103975934907794,Real,0.0015035369433462,0.998496413230896,Real,0.0005361002404242,0.9994638562202454
/content/Dataset/Test/Real/real_2532.jpg,Real,Real,0.0122828520834445,0.9877172112464904,Fake,0.7716405391693115,0.2283594161272049,Real,0.0313557796180248,0.9686442017555236,Real,7.028476102277637e-05,0.999929666519165
/content/Dataset/Test/Real/real_2539.jpg,Real,Real,0.0016762815648689,0.9983237385749816,Real,0.0124353393912315,0.9875646233558656,Real,0.0033926549367606,0.9966073036193848,Fake,0.9993601441383362,0.0006398414261639
/content/Dataset/Test/Real/real_254.jpg,Real,Fake,0.8765372633934021,0.1234627366065979,Real,0.0410085543990135,0.9589914679527284,Real,0.0114872409030795,0.9885127544403076,Real,0.0001778022560756,0.999822199344635
/content/Dataset/Test/Real/real_2540.jpg,Real,Real,0.0139278126880526,0.9860721826553344,Real,8.637468454253394e-06,0.9999914169311525,Real,0.0004541167872957,0.9995458722114564,Fake,0.9999250173568726,7.496701437048614e-05
/content/Dataset/Test/Real/real_2541.jpg,Real,Real,0.0050511742010712,0.9949488639831544,Real,0.0011995603563264,0.9988003969192504,Real,0.0001001728451228,0.9998998641967772,Fake,0.9998142123222352,0.0001858679606812
/content/Dataset/Test/Real/real_2542.jpg,Real,Real,7.228922186186537e-05,0.9999277591705322,Real,0.0003554013674147,0.9996446371078492,Real,0.0029149234760552,0.9970850348472596,Fake,0.9365180134773254,0.0634820088744163
/content/Dataset/Test/Real/real_2543.jpg,Real,Real,0.0086830919608473,0.9913169145584106,Real,0.1722751706838607,0.827724814414978,Real,0.4567619264125824,0.5432380437850952,Fake,0.9999727010726928,2.7251777282799597e-05
/content/Dataset/Test/Real/real_2546.jpg,Real,Fake,0.8439227342605591,0.1560772359371185,Real,3.089541678491514e-06,0.9999969005584716,Real,1.1622495549090672e-05,0.9999884366989136,Real,2.493204192433041e-05,0.999975085258484
/content/Dataset/Test/Real/real_2547.jpg,Real,Fake,0.929345726966858,0.070654310286045,Real,0.0073898998089134,0.9926101565361024,Real,0.0219109896570444,0.9780890345573424,Fake,0.706593930721283,0.2934060394763946
/content/Dataset/Test/Real/real_2552.jpg,Real,Real,0.1590144336223602,0.8409855365753174,Real,0.0008509771432727,0.999148964881897,Real,0.0596795231103897,0.9403204321861268,Fake,0.9447689056396484,0.0552311278879642
/content/Dataset/Test/Real/real_2554.jpg,Real,Real,0.1643419414758682,0.835658073425293,Fake,0.9909899234771729,0.0090100690722465,Real,0.104692555963993,0.8953074216842651,Fake,0.9999662637710572,3.3692307624733075e-05
/content/Dataset/Test/Real/real_2555.jpg,Real,Real,0.0001488410343881,0.9998511075973512,Fake,0.9999895095825196,1.0506031685508788e-05,Fake,0.8528793454170227,0.1471206843852996,Fake,0.9399176239967346,0.060082372277975
/content/Dataset/Test/Real/real_2561.jpg,Real,Fake,0.5286547541618347,0.4713452756404876,Real,0.1222432777285575,0.8777567744255066,Fake,0.6909611225128174,0.309038907289505,Real,3.8701717130606994e-05,0.999961256980896
/content/Dataset/Test/Real/real_2563.jpg,Real,Fake,0.9897240400314332,0.0102759758010506,Real,1.3180482710595244e-05,0.99998676776886,Real,0.0003643796371761,0.9996355772018432,Real,5.258975215838291e-05,0.999947428703308
/content/Dataset/Test/Real/real_2567.jpg,Real,Fake,0.9667999744415284,0.0332000739872455,Fake,0.6983582377433777,0.3016417026519775,Fake,0.8023002743721008,0.1976997107267379,Fake,0.9999668598175048,3.310875763418153e-05
/content/Dataset/Test/Real/real_2571.jpg,Real,Real,0.0046278159134089,0.995372235774994,Fake,0.9998206496238708,0.0001794122945284,Fake,0.9140034914016724,0.085996463894844,Fake,0.9999603033065796,3.9752911106916144e-05
/content/Dataset/Test/Real/real_2572.jpg,Real,Fake,0.9997655749320984,0.0002344839158467,Real,2.479047725501005e-05,0.9999752044677734,Real,0.0001676589745329,0.999832272529602,Real,2.6597874239087105e-05,0.9999734163284302
/content/Dataset/Test/Real/real_2577.jpg,Real,Real,0.013515749014914,0.9864842295646667,Real,0.0011813470628112,0.998818576335907,Fake,0.7270638942718506,0.272936075925827,Real,2.538762237236369e-05,0.9999746084213256
/content/Dataset/Test/Real/real_2578.jpg,Real,Real,0.0081418957561254,0.9918580651283264,Real,0.1424837708473205,0.8575162291526794,Fake,0.8103944659233093,0.1896055042743683,Fake,0.6265026330947876,0.3734974265098572
/content/Dataset/Test/Real/real_2579.jpg,Real,Fake,0.6963233351707458,0.3036766350269317,Real,0.0042978203855454,0.9957022070884703,Real,0.1135270521044731,0.8864728808403015,Real,0.0025476678274571,0.9974523186683656
/content/Dataset/Test/Real/real_2588.jpg,Real,Real,0.0017750257393345,0.9982250332832336,Real,0.0828008577227592,0.9171991348266602,Fake,0.8911993503570557,0.1088006868958473,Real,0.0206932183355093,0.9793068170547484
/content/Dataset/Test/Real/real_2590.jpg,Real,Fake,0.9607559442520142,0.0392440855503082,Real,0.3145580589771271,0.6854419112205505,Real,0.002494451124221,0.9975056052207948,Real,4.2496521928114817e-05,0.9999574422836304
/content/Dataset/Test/Real/real_2592.jpg,Real,Real,0.0001639128313399,0.9998360872268676,Real,1.876520036603324e-05,0.9999812841415404,Real,2.027662230830174e-05,0.9999797344207764,Fake,0.9394484758377076,0.0605514831840992
/content/Dataset/Test/Real/real_2593.jpg,Real,Real,0.0015756516950204,0.9984244108200072,Real,0.0020111314952373,0.9979888200759888,Real,0.0003090756072197,0.9996908903121948,Fake,0.9996670484542848,0.0003329961327835
/content/Dataset/Test/Real/real_2601.jpg,Real,Real,0.0455318503081798,0.9544681906700134,Fake,0.574119508266449,0.4258804619312286,Real,0.0193267110735178,0.9806733131408693,Fake,0.999924898147583,7.506079418817535e-05
/content/Dataset/Test/Real/real_2613.jpg,Real,Fake,0.9998451471328736,0.0001548232830828,Real,0.0014009266160428,0.998599112033844,Real,0.0138346683233976,0.9861652851104736,Fake,0.8725086450576782,0.1274913698434829
/content/Dataset/Test/Real/real_2614.jpg,Real,Fake,0.9691661596298218,0.0308338087052106,Real,0.0428868159651756,0.9571132063865662,Real,0.0802976712584495,0.9197023510932922,Fake,0.9955297112464904,0.0044702938757836
/content/Dataset/Test/Real/real_262.jpg,Real,Fake,0.9051246047019958,0.0948753356933593,Real,0.0003038310678675,0.9996962547302246,Real,0.0836192965507507,0.916380763053894,Real,0.0398415327072143,0.9601584672927856
/content/Dataset/Test/Real/real_2623.jpg,Real,Fake,0.962580144405365,0.0374198146164417,Real,4.642283965949901e-05,0.9999536275863647,Real,0.0014256909489631,0.9985742568969728,Real,0.0016246653394773,0.9983752965927124
/content/Dataset/Test/Real/real_2630.jpg,Real,Fake,0.639516294002533,0.3604836761951446,Real,2.3476330170524307e-05,0.9999765157699584,Real,0.0001494591269874,0.9998505115509032,Real,4.601667751558125e-05,0.9999539852142334
/content/Dataset/Test/Real/real_2639.jpg,Real,Fake,0.9449079036712646,0.0550920367240905,Real,0.0061101978644728,0.9938898086547852,Real,0.1454764604568481,0.8545235395431519,Real,0.0139237651601433,0.986076295375824
/content/Dataset/Test/Real/real_2640.jpg,Real,Fake,0.5490818023681641,0.4509181678295135,Real,6.370813207468018e-05,0.99993634223938,Real,0.0008606246556155,0.9991393089294434,Real,0.0077458037994802,0.9922541379928588
/content/Dataset/Test/Real/real_2644.jpg,Real,Fake,0.7003417611122131,0.2996582388877868,Real,7.601052402606001e-06,0.9999923706054688,Real,7.729854405624792e-05,0.9999227523803712,Fake,0.7517735362052917,0.248226448893547
/content/Dataset/Test/Real/real_2648.jpg,Real,Real,0.0886510834097862,0.9113489389419556,Fake,0.999880313873291,0.0001196225202875,Fake,0.9888588190078736,0.0111411344259977,Fake,0.9293880462646484,0.0706119611859321
/content/Dataset/Test/Real/real_2649.jpg,Real,Real,0.0001450048584956,0.9998549222946168,Real,0.007559054531157,0.992440938949585,Real,9.495952690485864e-05,0.999904990196228,Fake,0.9976885318756104,0.0023114350624382
/content/Dataset/Test/Real/real_2654.jpg,Real,Fake,0.5211458802223206,0.4788541495800018,Real,7.452516729244962e-05,0.9999254941940308,Real,0.0013642656849697,0.998635709285736,Real,9.07477005966939e-05,0.999909281730652
/content/Dataset/Test/Real/real_2657.jpg,Real,Real,0.0022842220496386,0.9977158308029176,Real,1.1432173778302968e-05,0.9999885559082032,Fake,0.5767955183982849,0.4232044517993927,Real,0.0001883976947283,0.999811589717865
/content/Dataset/Test/Real/real_2661.jpg,Real,Fake,0.8688843846321106,0.1311156302690506,Real,0.0032815975137054,0.9967183470726012,Fake,0.9187055826187134,0.0812944173812866,Real,0.0261169001460075,0.973883092403412
/content/Dataset/Test/Real/real_2662.jpg,Real,Real,0.040313072502613,0.9596869349479676,Real,0.000288510142127,0.9997114539146424,Real,0.0006621172651648,0.9993378520011902,Fake,0.9305826425552368,0.0694173872470855
/content/Dataset/Test/Real/real_2663.jpg,Real,Real,0.0091535151004791,0.9908464550971984,Fake,0.6356759667396545,0.3643239736557007,Fake,0.9752301573753356,0.0247697848826646,Fake,0.9967747330665588,0.0032252930104732
/content/Dataset/Test/Real/real_2667.jpg,Real,Fake,0.6794483661651611,0.3205516934394836,Real,1.256452924280893e-05,0.9999874830245972,Real,0.0041835508309304,0.99581640958786,Real,0.069367840886116,0.9306321144104004
/content/Dataset/Test/Real/real_267.jpg,Real,Fake,0.626951277256012,0.373048722743988,Real,0.0002412624744465,0.999758780002594,Real,1.2183296348666772e-05,0.9999878406524658,Real,3.17212579830084e-05,0.9999682903289796
/content/Dataset/Test/Real/real_268.jpg,Real,Real,0.0343381278216838,0.965661883354187,Fake,0.8579998016357422,0.1420002281665802,Real,0.0365022346377372,0.9634978175163268,Real,0.1819625943899154,0.8180373907089233
/content/Dataset/Test/Real/real_2680.jpg,Real,Real,0.0015487065538764,0.9984512329101562,Real,0.0113098183646798,0.988690197467804,Real,0.0172715838998556,0.9827284216880798,Fake,0.975633144378662,0.0243668686598539
/content/Dataset/Test/Real/real_2687.jpg,Real,Real,0.0002464606659486,0.9997535347938538,Real,1.7896642020787112e-05,0.9999821186065674,Real,0.0002571402583271,0.9997428059577942,Fake,0.8597102165222168,0.1402897834777832
/content/Dataset/Test/Real/real_2690.jpg,Real,Real,0.000271837983746,0.9997281432151794,Real,3.091357029916253e-06,0.9999969005584716,Real,0.0017560198903083,0.998244047164917,Fake,0.9999263286590576,7.369485683739185e-05
/content/Dataset/Test/Real/real_2691.jpg,Real,Real,0.0108071519061923,0.9891929030418396,Real,8.432999493379612e-06,0.999991536140442,Real,0.0531826689839363,0.9468172788619996,Fake,0.9998891353607178,0.0001108848009607
/content/Dataset/Test/Real/real_2692.jpg,Real,Real,0.1064369678497314,0.8935630321502686,Real,0.0696032419800758,0.9303967952728271,Real,0.0004841455083806,0.9995158910751344,Fake,0.9820214509963988,0.0179785899817943
/content/Dataset/Test/Real/real_2697.jpg,Real,Real,0.0012228435371071,0.9987770915031432,Fake,0.9971843361854552,0.0028155939653515,Fake,0.895545244216919,0.1044547408819198,Fake,0.9988422989845276,0.0011577493278309
/content/Dataset/Test/Real/real_2698.jpg,Real,Real,0.1050579771399498,0.8949419856071472,Fake,0.92121160030365,0.0787883773446083,Real,0.4469555616378784,0.5530444383621216,Real,0.4413271248340606,0.5586728453636169
/content/Dataset/Test/Real/real_27.jpg,Real,Fake,0.8255141377449036,0.1744858920574188,Real,5.273156784824096e-05,0.9999473094940186,Real,0.0060896119102835,0.9939104318618774,Real,0.0004652713832911,0.9995347261428832
/content/Dataset/Test/Real/real_2702.jpg,Real,Fake,0.6468015909194946,0.3531984090805053,Fake,0.9539379477500916,0.0460620522499084,Real,0.0194451492279768,0.9805548787117004,Real,0.001116951345466,0.998883068561554
/content/Dataset/Test/Real/real_2713.jpg,Real,Fake,0.998267650604248,0.0017323616193607,Real,0.0865869894623756,0.9134130477905272,Real,0.1784611195325851,0.8215389251708984,Real,0.2585532069206238,0.741446852684021
/content/Dataset/Test/Real/real_2718.jpg,Real,Real,0.0004549727600533,0.9995450377464294,Real,0.0862191319465637,0.9137808680534364,Fake,0.8357272148132324,0.1642727851867675,Fake,0.9512177109718324,0.0487823635339736
/content/Dataset/Test/Real/real_272.jpg,Real,Fake,0.9984134435653688,0.0015865284949541,Fake,0.7848703265190125,0.2151295989751815,Real,0.00901360809803,0.9909864068031312,Real,0.0618879608809948,0.9381120204925536
/content/Dataset/Test/Real/real_2731.jpg,Real,Fake,0.5713968276977539,0.4286032319068908,Real,9.255880286218598e-05,0.999907374382019,Real,1.3809080883220304e-05,0.999986171722412,Real,0.0001740105799399,0.9998260140419006
/content/Dataset/Test/Real/real_2732.jpg,Real,Real,0.029659392312169,0.970340609550476,Real,6.344992470985744e-06,0.9999936819076538,Fake,0.9998741149902344,0.0001258259726455,Real,0.0001496479235356,0.9998502731323242
/content/Dataset/Test/Real/real_2735.jpg,Real,Fake,0.9913390278816224,0.0086609926074743,Fake,0.9983882904052734,0.0016117640770971,Fake,0.9974068999290466,0.0025930404663085,Fake,0.674834668636322,0.3251652717590332
/content/Dataset/Test/Real/real_2736.jpg,Real,Fake,0.8778516054153442,0.1221483647823333,Real,0.0147302066907286,0.9852698445320128,Real,0.1801398992538452,0.81986004114151,Real,0.0015204643132165,0.9984795451164246
/content/Dataset/Test/Real/real_2741.jpg,Real,Fake,0.5682966113090515,0.4317033886909485,Real,0.0015212527941912,0.9984787106513976,Real,0.0742643401026725,0.9257356524467468,Real,0.0008934456855058,0.9991065859794616
/content/Dataset/Test/Real/real_2743.jpg,Real,Real,0.179283007979393,0.8207170367240906,Fake,0.96503084897995,0.0349691547453403,Fake,0.9159409999847412,0.0840589925646781,Fake,0.9686263203620912,0.0313736386597156
/content/Dataset/Test/Real/real_2744.jpg,Real,Real,0.0003476868732832,0.9996522665023804,Real,0.2088879346847534,0.7911120653152466,Real,0.0007840127800591,0.9992159605026244,Fake,0.6848486065864563,0.3151513934135437
/content/Dataset/Test/Real/real_2746.jpg,Real,Real,0.047367263585329,0.9526327848434448,Real,0.4827693998813629,0.5172306299209595,Fake,0.8011406660079956,0.1988592892885208,Real,0.3025897145271301,0.6974102854728699
/content/Dataset/Test/Real/real_275.jpg,Real,Real,0.1421553939580917,0.8578446507453918,Real,0.0578857399523258,0.942114233970642,Fake,0.6213836073875427,0.3786163926124573,Fake,0.9999227523803712,7.728335913270712e-05
/content/Dataset/Test/Real/real_2751.jpg,Real,Fake,0.9864176511764526,0.0135824251919984,Fake,0.7835192084312439,0.2164808362722396,Real,0.0081565342843532,0.9918434023857116,Real,0.4183075129985809,0.5816924571990967
/content/Dataset/Test/Real/real_2752.jpg,Real,Fake,0.7210636734962463,0.2789363861083984,Fake,0.9789855480194092,0.0210144184529781,Fake,0.8437846899032593,0.1562153249979019,Fake,0.5622491836547852,0.4377508461475372
/content/Dataset/Test/Real/real_2755.jpg,Real,Fake,0.9993085861206056,0.0006913542747497,Real,0.0916672050952911,0.9083328247070312,Real,0.3579841554164886,0.642015814781189,Real,4.309760333853774e-05,0.9999568462371826
/content/Dataset/Test/Real/real_2758.jpg,Real,Real,0.0001455684396205,0.9998544454574584,Real,0.1741402894258499,0.8258597254753113,Fake,0.5351419448852539,0.4648580849170685,Fake,0.9999468326568604,5.310575943440199e-05
/content/Dataset/Test/Real/real_2759.jpg,Real,Real,0.0001531637681182,0.9998468160629272,Fake,0.929095983505249,0.0709039717912674,Real,0.4512737393379211,0.5487262606620789,Fake,0.9999322891235352,6.773025961592793e-05
/content/Dataset/Test/Real/real_2760.jpg,Real,Real,0.0001145956630352,0.9998854398727416,Real,0.3393235802650451,0.6606764197349548,Fake,0.7017491459846497,0.2982508242130279,Fake,0.9999494552612304,5.05936513945926e-05
/content/Dataset/Test/Real/real_2768.jpg,Real,Real,0.0002488796599209,0.9997511506080629,Real,0.0431778356432914,0.956822156906128,Real,1.322301341133425e-05,0.99998676776886,Fake,0.9552336931228638,0.044766329228878
/content/Dataset/Test/Real/real_2771.jpg,Real,Real,0.0017319244798272,0.9982680082321168,Real,0.0820082575082779,0.9179917573928832,Real,0.0183251686394214,0.98167484998703,Fake,0.999370276927948,0.0006297907675616
/content/Dataset/Test/Real/real_2786.jpg,Real,Fake,0.8825088739395142,0.1174911335110664,Fake,0.9989560842514038,0.0010438805911689,Fake,0.9938954710960388,0.0061044842004776,Real,0.2222944945096969,0.7777054905891418
/content/Dataset/Test/Real/real_2789.jpg,Real,Fake,0.9236494898796082,0.0763505026698112,Real,3.0373117624549195e-05,0.9999696016311646,Real,0.0052531701512634,0.9947468638420104,Real,0.0007784264744259,0.9992215633392334
/content/Dataset/Test/Real/real_2794.jpg,Real,Real,0.207405224442482,0.792594850063324,Fake,0.8137228488922119,0.1862770915031433,Fake,0.9653767943382264,0.0346231721341609,Fake,0.9999592304229736,4.080039070686325e-05
/content/Dataset/Test/Real/real_2798.jpg,Real,Real,0.3555829524993896,0.6444170475006104,Real,0.1278780847787857,0.8721218705177307,Real,0.0031803587917238,0.9968196153640748,Fake,0.9949835538864136,0.0050164642743766
/content/Dataset/Test/Real/real_2801.jpg,Real,Fake,0.9874831438064576,0.0125169064849615,Real,0.1114651262760162,0.8885349035263062,Fake,0.5887506008148193,0.411249428987503,Fake,0.9610050320625304,0.0389949530363082
/content/Dataset/Test/Real/real_2802.jpg,Real,Fake,0.9766001105308532,0.0233999174088239,Real,0.0013546189293265,0.9986453652381896,Real,0.0137039851397275,0.986295998096466,Real,0.0011364190140739,0.9988635778427124
/content/Dataset/Test/Real/real_2804.jpg,Real,Fake,0.6326666474342346,0.367333322763443,Real,3.3602534585952526e-06,0.9999966621398926,Real,0.0043362481519579,0.9956637024879456,Real,2.4629551262478344e-05,0.999975323677063
/content/Dataset/Test/Real/real_2806.jpg,Real,Fake,0.9652143120765686,0.0347857289016246,Real,0.0002398766082478,0.999760091304779,Real,0.0474621504545211,0.9525377750396729,Real,2.2025502403266728e-05,0.9999779462814332
/content/Dataset/Test/Real/real_2819.jpg,Real,Real,0.0214865356683731,0.978513479232788,Real,3.571096749510616e-05,0.9999642372131348,Real,0.0002737294998951,0.9997262358665466,Fake,0.9993990659713744,0.0006008867640048
/content/Dataset/Test/Real/real_2821.jpg,Real,Fake,0.8437539935112,0.1562460064888,Fake,0.9702953696250916,0.029704600572586,Fake,0.9932913780212402,0.0067086215130984,Real,0.1301310062408447,0.8698689937591553
/content/Dataset/Test/Real/real_2822.jpg,Real,Real,0.0014993493678048,0.9985007047653198,Fake,0.6742703318595886,0.3257296681404114,Fake,0.6408328413963318,0.3591671288013458,Fake,0.9308678507804872,0.0691321715712547
/content/Dataset/Test/Real/real_2833.jpg,Real,Real,0.0148911355063319,0.9851089119911194,Real,0.0047857849858701,0.9952142238616944,Real,0.0010202791308984,0.9989797472953796,Fake,0.6003671884536743,0.399632841348648
/content/Dataset/Test/Real/real_2839.jpg,Real,Fake,0.7347460389137268,0.2652539908885956,Real,5.446920840768144e-05,0.9999455213546752,Real,0.0009658148046582,0.9990341663360596,Real,0.3308552205562591,0.6691448092460632
/content/Dataset/Test/Real/real_284.jpg,Real,Fake,0.6938894391059875,0.30611053109169,Real,0.0005079553229734,0.999492049217224,Real,0.0001484927197452,0.9998514652252196,Real,2.5984651074395515e-05,0.999974012374878
/content/Dataset/Test/Real/real_2840.jpg,Real,Real,0.008180153556168,0.9918198585510254,Fake,0.9952587485313416,0.0047412244603037,Fake,0.9697957634925842,0.0302042420953512,Fake,0.9999403953552246,5.961533315712586e-05
/content/Dataset/Test/Real/real_2852.jpg,Real,Real,0.000703127705492,0.9992969036102296,Real,0.0191351566463708,0.9808648228645324,Fake,0.9094544649124146,0.0905455350875854,Fake,0.9999202489852904,7.975008338689804e-05
/content/Dataset/Test/Real/real_2854.jpg,Real,Fake,0.952478289604187,0.0475216321647167,Real,0.0001414663856849,0.9998584985733032,Real,7.601326069561765e-05,0.9999239444732666,Real,2.256605148431845e-05,0.9999774694442748
/content/Dataset/Test/Real/real_2858.jpg,Real,Fake,0.5752509236335754,0.4247490763664245,Fake,0.8369197249412537,0.1630802750587463,Fake,0.5227497220039368,0.4772502779960632,Fake,0.9999632835388184,3.667683995445259e-05
/content/Dataset/Test/Real/real_286.jpg,Real,Fake,0.7979816198348999,0.2020183652639389,Fake,0.9578387141227722,0.0421612150967121,Real,0.0163212548941373,0.9836787581443788,Fake,0.9999284744262696,7.154921331675723e-05
/content/Dataset/Test/Real/real_2860.jpg,Real,Real,0.0585203506052494,0.9414796233177184,Fake,0.9721739292144777,0.0278260074555873,Fake,0.897847592830658,0.1021523922681808,Fake,0.9999668598175048,3.317301525385119e-05
/content/Dataset/Test/Real/real_2861.jpg,Real,Real,0.0006723412079736,0.9993276596069336,Fake,0.9791979789733888,0.0208020340651273,Fake,0.8651394248008728,0.1348606050014495,Fake,0.9979289770126344,0.0020710309036076
/content/Dataset/Test/Real/real_2863.jpg,Real,Fake,0.6769906878471375,0.3230093121528625,Real,1.2768517763106502e-06,0.9999986886978148,Real,3.51644735019363e-06,0.999996542930603,Real,4.986576459486969e-05,0.9999501705169678
/content/Dataset/Test/Real/real_2866.jpg,Real,Real,0.0079357409849762,0.9920642971992492,Fake,0.9755800366401672,0.0244199689477682,Fake,0.969832956790924,0.0301669910550117,Fake,0.9997742772102356,0.0002257335872855
/content/Dataset/Test/Real/real_2867.jpg,Real,Real,0.0073374304920434,0.99266254901886,Real,0.0022788469213992,0.9977211356163024,Real,0.2516899406909942,0.7483100295066833,Fake,0.9741066694259644,0.0258933492004871
/content/Dataset/Test/Real/real_2868.jpg,Real,Fake,0.6649962067604065,0.3350037932395935,Fake,0.8380066156387329,0.1619933694601059,Real,0.183697834610939,0.8163021802902222,Fake,0.9999438524246216,5.613296525552869e-05
/content/Dataset/Test/Real/real_2869.jpg,Real,Fake,0.9144366979599,0.0855633094906807,Fake,0.9999977350234984,2.3098696146917064e-06,Fake,0.9970663189888,0.002933643059805,Fake,0.9999488592147828,5.112589133204892e-05
/content/Dataset/Test/Real/real_287.jpg,Real,Fake,0.5645965933799744,0.435403436422348,Real,6.878584827063605e-06,0.999993085861206,Real,0.0006071039242669,0.999392867088318,Real,3.596801980165765e-05,0.9999639987945556
/content/Dataset/Test/Real/real_2870.jpg,Real,Fake,0.5500326156616211,0.4499673545360565,Fake,0.9557901620864868,0.044209849089384,Real,0.0744218006730079,0.925578236579895,Fake,0.9998841285705566,0.0001158111699623
/content/Dataset/Test/Real/real_2872.jpg,Real,Real,6.295610364759341e-05,0.9999370574951172,Real,0.0004389051755424,0.9995611310005188,Real,0.0006687915883958,0.99933123588562,Fake,0.89324951171875,0.10675048828125
/content/Dataset/Test/Real/real_2877.jpg,Real,Real,0.0033064661547541,0.99669349193573,Real,0.3570756018161773,0.6429243683815002,Real,0.1095042750239372,0.890495777130127,Fake,0.9773717522621156,0.0226282086223363
/content/Dataset/Test/Real/real_2884.jpg,Real,Fake,0.9069138169288636,0.0930862203240394,Fake,0.9942620992660522,0.0057379561476409,Fake,0.994807779788971,0.0051922192797064,Fake,0.999933123588562,6.688399298582226e-05
/content/Dataset/Test/Real/real_2892.jpg,Real,Fake,0.8317390084266663,0.1682609915733337,Real,1.4520666809403338e-05,0.9999854564666748,Fake,0.7622606158256531,0.2377393394708633,Real,0.0055923317559063,0.9944076538085938
/content/Dataset/Test/Real/real_290.jpg,Real,Real,0.0005714602884836,0.9994285702705384,Real,0.0001999707455979,0.9998000264167786,Real,1.5430792700499296e-05,0.999984622001648,Fake,0.9993675351142884,0.0006325307767838
/content/Dataset/Test/Real/real_2903.jpg,Real,Real,0.0001254879607586,0.999874472618103,Real,4.159331638220465e-06,0.9999958276748656,Real,0.0022189090959727,0.9977810978889464,Fake,0.9998881816864014,0.0001118080035666
/content/Dataset/Test/Real/real_2906.jpg,Real,Fake,0.8222222924232483,0.1777777075767517,Real,1.246672763954848e-05,0.9999874830245972,Real,0.0348915494978427,0.9651084542274476,Fake,0.999600350856781,0.0003997150342911
/content/Dataset/Test/Real/real_2907.jpg,Real,Fake,0.9418949484825134,0.0581050775945186,Real,4.2213232518406585e-06,0.9999958276748656,Real,0.0001022667929646,0.9998977184295654,Real,2.2234984498936683e-05,0.999977707862854
/content/Dataset/Test/Real/real_2912.jpg,Real,Fake,0.932547092437744,0.0674528628587722,Real,7.188969448179705e-06,0.999992847442627,Real,0.0070501063019037,0.9929499626159668,Real,8.803000673651695e-05,0.999911904335022
/content/Dataset/Test/Real/real_292.jpg,Real,Real,0.0005603731842711,0.9994396567344666,Real,0.0240200273692607,0.9759799242019652,Real,0.0230904258787632,0.9769095778465272,Fake,0.7060964703559875,0.2939035594463348
/content/Dataset/Test/Real/real_2926.jpg,Real,Real,0.1950323730707168,0.8049676418304443,Real,0.0096413530409336,0.9903586506843568,Real,0.3437302410602569,0.6562697291374207,Fake,0.7859800457954407,0.2140199691057205
/content/Dataset/Test/Real/real_293.jpg,Real,Real,0.0002366453991271,0.9997633099555968,Real,0.0059923091903328,0.9940077066421508,Real,0.0056106001138687,0.9943893551826476,Fake,0.9999376535415648,6.233136809896678e-05
/content/Dataset/Test/Real/real_2934.jpg,Real,Real,0.0001343701587757,0.9998656511306764,Fake,0.8293017745018005,0.1706982553005218,Real,5.15793108206708e-05,0.9999483823776244,Real,0.0001025596793624,0.9998974800109864
/content/Dataset/Test/Real/real_2944.jpg,Real,Fake,0.6391561627388,0.3608438074588775,Real,3.941884642699733e-06,0.9999960660934448,Real,3.552716862031957e-06,0.9999964237213136,Real,5.555834286496975e-05,0.9999444484710692
/content/Dataset/Test/Real/real_2950.jpg,Real,Fake,0.680966854095459,0.319033145904541,Real,0.0016291179927065,0.9983709454536438,Real,0.0811447128653526,0.9188552498817444,Real,0.0003899424045812,0.9996101260185242
/content/Dataset/Test/Real/real_2952.jpg,Real,Real,0.0071250977925956,0.9928748607635498,Real,0.0090219723060727,0.9909780025482178,Real,0.000623999396339,0.9993759989738464,Fake,0.9999494552612304,5.054200300946832e-05
/content/Dataset/Test/Real/real_2954.jpg,Real,Fake,0.7005913257598877,0.2994086444377899,Real,0.0170626547187566,0.9829372763633728,Real,0.1466606110334396,0.853339433670044,Fake,0.9787124395370485,0.021287539973855
/content/Dataset/Test/Real/real_2955.jpg,Real,Real,0.0559221468865871,0.9440779089927672,Real,0.0516064539551734,0.9483935236930848,Real,0.038195576518774,0.9618043899536132,Fake,0.7639518976211548,0.2360481023788452
/content/Dataset/Test/Real/real_2956.jpg,Real,Fake,0.7788188457489014,0.2211811244487762,Real,0.005054990760982,0.994944989681244,Real,0.0282494314014911,0.9717506170272828,Real,0.4857672154903412,0.5142328143119812
/content/Dataset/Test/Real/real_296.jpg,Real,Real,0.06714828312397,0.9328516721725464,Fake,0.5911263823509216,0.408873587846756,Real,0.0217969361692667,0.9782031178474426,Real,0.0001327821228187,0.9998672008514404
/content/Dataset/Test/Real/real_2960.jpg,Real,Fake,0.8228689432144165,0.1771310567855835,Real,0.0015156313311308,0.998484432697296,Real,0.0168026145547628,0.9831974506378174,Real,5.381910523283295e-05,0.9999462366104126
/content/Dataset/Test/Real/real_2961.jpg,Real,Fake,0.6749933362007141,0.3250066339969635,Real,2.5718854885781184e-06,0.99999737739563,Real,5.92308151681209e-06,0.9999940395355223,Real,3.778529571718536e-05,0.9999622106552124
/content/Dataset/Test/Real/real_2962.jpg,Real,Fake,0.9395703673362732,0.0604296550154686,Real,2.7702839361154474e-05,0.9999723434448242,Real,5.340560164768249e-05,0.9999465942382812,Real,2.2337277187034488e-05,0.999977707862854
/content/Dataset/Test/Real/real_2968.jpg,Real,Real,0.0005309266271069,0.9994691014289856,Fake,0.7914121747016907,0.2085878849029541,Real,0.0021139304153621,0.9978861212730408,Real,0.0015542657347396,0.9984458088874816
/content/Dataset/Test/Real/real_2970.jpg,Real,Real,0.0093998201191425,0.9906001091003418,Fake,0.9949733018875122,0.0050266990438103,Fake,0.9671580791473388,0.0328418910503387,Fake,0.9988056421279908,0.0011943443678319
/content/Dataset/Test/Real/real_2978.jpg,Real,Real,0.0109253004193305,0.9890747666358948,Real,1.2903589095003554e-06,0.9999986886978148,Real,0.0001868912077043,0.9998131394386292,Fake,0.9953331351280212,0.0046668075956404
/content/Dataset/Test/Real/real_2979.jpg,Real,Real,0.1015530675649643,0.8984469771385193,Real,2.702864549064543e-06,0.9999972581863404,Real,0.0038447859697043,0.9961552023887634,Fake,0.9998592138290404,0.0001408092357451
/content/Dataset/Test/Real/real_2981.jpg,Real,Fake,0.8202478885650635,0.1797520667314529,Real,3.455675323493779e-05,0.9999654293060304,Real,0.0002403747930657,0.9997596144676208,Real,8.540072303730994e-05,0.9999146461486816
/content/Dataset/Test/Real/real_2984.jpg,Real,Fake,0.9958292841911316,0.0041706943884491,Real,0.0299705304205417,0.9700294137001038,Real,0.0264913775026798,0.9735086560249328,Real,0.0002568342315498,0.9997431635856628
/content/Dataset/Test/Real/real_3.jpg,Real,Real,0.0007397819426842,0.9992602467536926,Real,0.0116814328357577,0.9883185625076294,Real,0.1520037651062011,0.8479962348937988,Fake,0.7575101852416992,0.2424897849559784
/content/Dataset/Test/Real/real_30.jpg,Real,Real,0.0003494562697596,0.9996505975723268,Real,0.0054170484654605,0.9945829510688782,Real,0.1572093218564987,0.8427906632423401,Fake,0.999958872795105,4.116302807233296e-05
/content/Dataset/Test/Real/real_3007.jpg,Real,Real,0.000848154304549,0.9991518259048462,Real,0.0148177631199359,0.9851822257041932,Fake,0.5424981117248535,0.4575019180774688,Fake,0.998665452003479,0.0013345292536541
/content/Dataset/Test/Real/real_3013.jpg,Real,Fake,0.8966712355613708,0.1033287793397903,Real,0.0076343738473951,0.9923656582832336,Real,0.0003418206179048,0.999658226966858,Real,4.622863343684003e-05,0.9999537467956544
/content/Dataset/Test/Real/real_3015.jpg,Real,Real,0.0043485341593623,0.9956515431404114,Fake,0.9598437547683716,0.0401562191545963,Fake,0.577316403388977,0.4226836264133453,Real,0.117290586233139,0.8827093839645386
/content/Dataset/Test/Real/real_3016.jpg,Real,Real,0.0001064415555447,0.9998935461044312,Real,0.008200466632843,0.9917995929718018,Real,0.005488839931786,0.9945111274719238,Fake,0.999959111213684,4.092344897799194e-05
/content/Dataset/Test/Real/real_3017.jpg,Real,Fake,0.7770814895629883,0.2229184955358505,Real,0.0001058363050105,0.9998941421508788,Real,0.0015310497255995,0.9984689354896544,Real,4.982820973964408e-05,0.9999501705169678
/content/Dataset/Test/Real/real_3019.jpg,Real,Real,0.000768422964029,0.9992315769195556,Fake,0.9957088232040404,0.004291124176234,Fake,0.6214454770088196,0.3785545229911804,Real,0.0044454745948314,0.995554506778717
/content/Dataset/Test/Real/real_3020.jpg,Real,Real,0.1776336282491684,0.8223663568496704,Fake,0.5531325936317444,0.4468674063682556,Real,0.0012453674571588,0.998754620552063,Real,0.0002424724807497,0.9997575879096984
/content/Dataset/Test/Real/real_3022.jpg,Real,Real,0.0827271416783332,0.9172728657722472,Fake,0.9999679327011108,3.2107040169648826e-05,Fake,0.9896267652511596,0.0103731825947761,Fake,0.9999319314956664,6.811325147282332e-05
/content/Dataset/Test/Real/real_3023.jpg,Real,Real,0.0001930158032337,0.999807059764862,Real,0.0001869129628175,0.9998131394386292,Real,0.0016970849828794,0.9983029365539552,Fake,0.9997023940086364,0.0002976135292556
/content/Dataset/Test/Real/real_3025.jpg,Real,Real,4.270440331310965e-05,0.9999573230743408,Fake,0.9752709865570068,0.0247290078550577,Fake,0.8457189798355103,0.1542810350656509,Fake,0.9999281167984008,7.192786870291457e-05
/content/Dataset/Test/Real/real_3027.jpg,Real,Fake,0.8859492540359497,0.1140507310628891,Real,0.0612847916781902,0.9387152194976808,Real,0.1237649098038673,0.8762351274490356,Real,2.6763027562992647e-05,0.9999731779098512
/content/Dataset/Test/Real/real_3031.jpg,Real,Real,0.0001214106450788,0.9998785257339478,Real,0.0160550568252801,0.9839449524879456,Fake,0.607585608959198,0.392414391040802,Fake,0.9999650716781616,3.4959884942509234e-05
/content/Dataset/Test/Real/real_3041.jpg,Real,Fake,0.9999252557754515,7.469001138815656e-05,Real,0.0029162517748773,0.9970837235450744,Fake,0.9626734852790833,0.0373264700174331,Fake,0.9800007939338684,0.0199992135167121
/content/Dataset/Test/Real/real_3043.jpg,Real,Real,0.1155662909150123,0.8844337463378906,Fake,0.951891303062439,0.048108659684658,Fake,0.9100965857505798,0.0899034217000007,Fake,0.9966388940811156,0.0033610379323363
/content/Dataset/Test/Real/real_3047.jpg,Real,Fake,0.5966895818710327,0.403310477733612,Real,1.459781105950242e-05,0.9999854564666748,Real,0.0006980434409342,0.9993019104003906,Real,8.844500553095713e-05,0.9999115467071532
/content/Dataset/Test/Real/real_3050.jpg,Real,Real,0.0022367406636476,0.9977632761001588,Fake,0.6771778464317322,0.3228221237659454,Real,0.3110499680042267,0.6889500617980957,Real,0.0003111986152362,0.9996888637542723
/content/Dataset/Test/Real/real_3052.jpg,Real,Fake,0.9664306044578552,0.033569436520338,Real,0.2126515507698059,0.7873484492301941,Real,0.0013293605297803,0.9986706972122192,Fake,0.8826977610588074,0.1173021793365478
/content/Dataset/Test/Real/real_3058.jpg,Real,Fake,0.7530231475830078,0.246976837515831,Real,0.0203594639897346,0.979640543460846,Real,1.0481991921551526e-05,0.9999895095825196,Real,0.0013031121343374,0.9986968636512756
/content/Dataset/Test/Real/real_3059.jpg,Real,Fake,0.926630198955536,0.0733697935938835,Fake,0.9990750551223756,0.0009248841670341,Fake,0.5316433906555176,0.4683566093444824,Real,0.0928970351815223,0.9071030020713806
/content/Dataset/Test/Real/real_3060.jpg,Real,Fake,0.6853489279747009,0.3146511018276214,Real,0.44229257106781,0.5577074289321899,Real,0.4259480834007263,0.5740519165992737,Real,3.883421959471889e-05,0.9999611377716064
/content/Dataset/Test/Real/real_3061.jpg,Real,Fake,0.7083833813667297,0.2916166186332702,Real,0.3915240466594696,0.6084759831428528,Real,0.2417701631784439,0.7582297921180725,Real,0.0004588995943777,0.999541163444519
/content/Dataset/Test/Real/real_3063.jpg,Real,Real,0.0004817126318812,0.9995182752609252,Real,0.0001318966387771,0.9998680353164672,Fake,0.989060401916504,0.0109395924955606,Fake,0.6553700566291809,0.3446299731731415
/content/Dataset/Test/Real/real_3065.jpg,Real,Real,0.1136806607246398,0.8863192796707153,Fake,0.816138744354248,0.1838611960411071,Real,2.84587949863635e-05,0.9999715089797974,Real,0.0002143338060704,0.9997857213020324
/content/Dataset/Test/Real/real_3066.jpg,Real,Fake,0.9984222650527954,0.0015777046792209,Fake,0.9997010231018066,0.0002990076609421,Fake,0.7864997386932373,0.2135003060102462,Fake,0.6140538454055786,0.3859461843967438
/content/Dataset/Test/Real/real_3086.jpg,Real,Real,0.4972113370895386,0.5027886629104614,Fake,0.8507338166236877,0.1492662131786346,Fake,0.9842180013656616,0.0157819837331771,Fake,0.9977854490280152,0.0022145758848637
/content/Dataset/Test/Real/real_3088.jpg,Real,Fake,0.9976292252540588,0.0023707726504653,Fake,0.946950137615204,0.0530499070882797,Fake,0.7848964333534241,0.2151035815477371,Real,0.0003239336365368,0.9996761083602904
/content/Dataset/Test/Real/real_3098.jpg,Real,Fake,0.8473663926124573,0.1526336222887039,Fake,0.9497572183609008,0.0502428226172924,Real,0.2270135730504989,0.7729864120483398,Real,0.0005158725543878,0.9994840621948242
/content/Dataset/Test/Real/real_31.jpg,Real,Real,5.992237129248679e-05,0.999940037727356,Real,0.0198583099991083,0.9801416397094728,Real,0.0153435561805963,0.9846563935279846,Fake,0.998794674873352,0.001205320470035
/content/Dataset/Test/Real/real_3105.jpg,Real,Fake,0.8480391502380371,0.1519608199596405,Real,2.6266313852829626e-06,0.99999737739563,Real,0.0010897886240854,0.9989101886749268,Real,3.2760824979050085e-05,0.9999672174453736
/content/Dataset/Test/Real/real_3109.jpg,Real,Real,0.0494689866900444,0.950531005859375,Real,0.001156248152256,0.9988436698913574,Fake,0.6377778053283691,0.3622221946716308,Real,0.0002008765732171,0.9997991919517516
/content/Dataset/Test/Real/real_3110.jpg,Real,Real,0.0062203668057918,0.9937795996665956,Real,0.0009565654327161,0.9990434050559998,Real,0.1184422895312309,0.8815577030181885,Fake,0.9778202176094056,0.0221797972917556
/content/Dataset/Test/Real/real_3118.jpg,Real,Fake,0.9930631518363952,0.0069368504919111,Fake,0.5248163342475891,0.4751836359500885,Real,0.0071537271142005,0.9928463101387024,Fake,0.996265709400177,0.0037342740688472
/content/Dataset/Test/Real/real_312.jpg,Real,Fake,0.8364794254302979,0.1635205596685409,Real,0.1439838409423828,0.8560161590576172,Real,0.1174844056367874,0.8825156092643738,Real,5.464323839987628e-05,0.9999454021453856
/content/Dataset/Test/Real/real_3121.jpg,Real,Real,0.0002591483644209,0.9997408986091614,Real,0.1447163820266723,0.8552836179733276,Fake,0.6640952825546265,0.3359047174453735,Real,0.2853876650333404,0.7146123051643372
/content/Dataset/Test/Real/real_3122.jpg,Real,Real,0.0001217253811773,0.9998782873153688,Real,0.0002225540374638,0.9997774958610536,Real,0.0003045192279387,0.9996955394744872,Fake,0.9999240636825562,7.596957584610209e-05
/content/Dataset/Test/Real/real_3123.jpg,Real,Fake,0.6573461890220642,0.3426537811756134,Real,0.0438204109668731,0.9561796188354492,Real,0.0507605820894241,0.9492393732070924,Real,0.0001029484701575,0.999897003173828
/content/Dataset/Test/Real/real_3124.jpg,Real,Fake,0.6102607846260071,0.3897391855716705,Fake,0.9999186992645264,8.125963358907029e-05,Real,0.0015868187183514,0.9984132051467896,Real,0.0016028671525418,0.998397171497345
/content/Dataset/Test/Real/real_3125.jpg,Real,Fake,0.920529007911682,0.0794709846377372,Fake,0.9995774626731871,0.0004225687007419,Real,0.0851258933544159,0.9148741364479064,Real,0.0006544015486724,0.999345600605011
/content/Dataset/Test/Real/real_3127.jpg,Real,Real,0.0022564246319234,0.9977436065673828,Real,2.617418795125559e-05,0.9999737739562988,Real,0.0002515760425012,0.9997484087944032,Fake,0.999908447265625,9.148588287644088e-05
/content/Dataset/Test/Real/real_313.jpg,Real,Real,0.0162159129977226,0.9837840795516968,Real,0.0001982976245926,0.9998016953468324,Real,0.1242425367236137,0.8757573962211609,Fake,0.9137725234031676,0.0862275287508964
/content/Dataset/Test/Real/real_3133.jpg,Real,Real,0.0277056246995925,0.9722943902015686,Real,0.1147614270448684,0.8852386474609375,Fake,0.6076669096946716,0.3923330903053283,Real,0.0002086310996674,0.9997914433479308
/content/Dataset/Test/Real/real_3136.jpg,Real,Fake,0.9996188879013062,0.0003810778725892,Real,0.1868651509284973,0.8131348490715027,Real,0.4152727723121643,0.5847272276878357,Real,0.0319990664720535,0.9680009484291076
/content/Dataset/Test/Real/real_3138.jpg,Real,Fake,0.9964260458946228,0.0035739901941269,Real,2.595656042103656e-06,0.99999737739563,Real,0.0035062178503721,0.9964937567710876,Real,0.000646905740723,0.9993531107902528
/content/Dataset/Test/Real/real_3142.jpg,Real,Real,0.001225727261044,0.998774230480194,Real,0.0100433388724923,0.9899566769599916,Real,0.0020800032652914,0.9979199767112732,Fake,0.9995379447937012,0.000462041440187
/content/Dataset/Test/Real/real_3143.jpg,Real,Real,0.0867850333452224,0.913214921951294,Real,0.1269849091768264,0.8730150461196899,Real,0.1676824688911438,0.8323175311088562,Fake,0.9998849630355836,0.000115008369903
/content/Dataset/Test/Real/real_3149.jpg,Real,Real,0.0001876808673841,0.9998123049736024,Fake,0.5999500155448914,0.4000499546527862,Fake,0.5264302492141724,0.4735697209835052,Fake,0.9986914992332458,0.0013085608370602
/content/Dataset/Test/Real/real_315.jpg,Real,Real,0.0061534610576927,0.9938464760780334,Real,6.488568033091724e-06,0.9999935626983644,Fake,0.8001788258552551,0.1998212188482284,Real,7.686068420298398e-05,0.9999231100082396
/content/Dataset/Test/Real/real_3155.jpg,Real,Real,0.0034263196866959,0.9965736865997314,Real,0.0135585144162178,0.9864415526390076,Real,0.0567047446966171,0.9432953000068665,Fake,0.5092687606811523,0.49073126912117
/content/Dataset/Test/Real/real_3170.jpg,Real,Real,0.0010859341127797,0.998914122581482,Fake,0.7537360787391663,0.2462639212608337,Real,0.142460823059082,0.857539176940918,Real,0.0005755432648584,0.9994244575500488
/content/Dataset/Test/Real/real_3174.jpg,Real,Fake,0.9852958917617798,0.0147041240707039,Real,0.0258026104420423,0.9741973876953124,Fake,0.8203838467597961,0.179616168141365,Fake,0.9991601705551147,0.0008398243808187
/content/Dataset/Test/Real/real_3175.jpg,Real,Real,0.2808188199996948,0.7191811203956604,Fake,0.9999945163726808,5.451035576697905e-06,Real,0.2198876142501831,0.7801123857498169,Real,0.0013546491973102,0.9986453652381896
/content/Dataset/Test/Real/real_3177.jpg,Real,Fake,0.9394576549530028,0.0605423226952552,Real,0.1767948716878891,0.8232051730155945,Real,0.0002245679061161,0.9997754693031312,Real,0.0026610810309648,0.9973389506340028
/content/Dataset/Test/Real/real_3179.jpg,Real,Real,0.1895264238119125,0.8104735612869263,Real,0.4698382019996643,0.5301617980003357,Real,0.0397760048508644,0.9602239727973938,Fake,0.9984316229820251,0.0015684145037084
/content/Dataset/Test/Real/real_3180.jpg,Real,Real,0.3933945298194885,0.6066055297851562,Fake,0.723666250705719,0.276333749294281,Real,0.1185600459575653,0.8814399838447571,Fake,0.999933123588562,6.689484143862501e-05
/content/Dataset/Test/Real/real_3183.jpg,Real,Real,0.0001300697767874,0.9998699426651,Real,0.0082098795101046,0.9917900562286376,Fake,0.6623265147209167,0.3376734256744385,Real,0.0012712344760075,0.9987288117408752
/content/Dataset/Test/Real/real_3186.jpg,Real,Real,0.3304145336151123,0.6695855259895325,Real,0.0329034402966499,0.9670965671539308,Real,0.0085242055356502,0.9914758205413818,Fake,0.6206485629081726,0.3793514668941498
/content/Dataset/Test/Real/real_3187.jpg,Real,Fake,0.9607930183410645,0.0392070077359676,Real,0.1337110996246338,0.8662889003753662,Fake,0.7078742384910583,0.2921257317066192,Fake,0.9972326159477234,0.0027673691511154
/content/Dataset/Test/Real/real_3192.jpg,Real,Real,0.0013728681951761,0.9986271858215332,Real,0.0001589200983289,0.9998410940170288,Real,0.0029492052271962,0.9970507621765136,Fake,0.9998983144760132,0.0001016693786368
/content/Dataset/Test/Real/real_3197.jpg,Real,Fake,0.6522274017333984,0.3477726280689239,Real,1.9136617993353863e-05,0.9999808073043824,Real,0.0001138241641456,0.999886155128479,Real,2.081956881738733e-05,0.9999791383743286
/content/Dataset/Test/Real/real_32.jpg,Real,Real,0.3217357695102691,0.6782642602920532,Fake,0.996110737323761,0.0038892508018761,Fake,0.8976379632949829,0.1023620963096618,Fake,0.999935746192932,6.424059392884374e-05
/content/Dataset/Test/Real/real_3207.jpg,Real,Real,0.0003641311777755,0.9996358156204224,Real,0.0001155253994511,0.9998844861984252,Real,0.000788583420217,0.9992114305496216,Fake,0.5612324476242065,0.4387675821781158
/content/Dataset/Test/Real/real_3222.jpg,Real,Real,0.0419532097876071,0.9580467939376832,Real,0.0549912862479686,0.9450086951255798,Real,0.0443522483110427,0.9556477665901184,Fake,0.9999631643295288,3.684809780679643e-05
/content/Dataset/Test/Real/real_3231.jpg,Real,Fake,0.9986987113952636,0.0013012902345508,Real,0.1275038570165634,0.8724961280822754,Real,0.0246874913573265,0.9753124713897704,Real,0.0840848907828331,0.915915071964264
/content/Dataset/Test/Real/real_3232.jpg,Real,Real,0.4386385381221771,0.5613614320755005,Fake,0.8192906379699707,0.1807093322277069,Real,0.0868244022130966,0.9131755828857422,Fake,0.6967833042144775,0.3032166957855224
/content/Dataset/Test/Real/real_3236.jpg,Real,Fake,0.7968454360961914,0.2031545490026474,Real,0.007687690667808,0.9923122525215148,Real,0.0003066828357987,0.9996933937072754,Real,0.0027783738914877,0.99722158908844
/content/Dataset/Test/Real/real_3241.jpg,Real,Real,0.0004505903925746,0.9995493292808532,Real,6.44451574771665e-05,0.999935507774353,Real,0.000625982414931,0.9993740916252136,Fake,0.9995908141136168,0.0004091869923286
/content/Dataset/Test/Real/real_3243.jpg,Real,Fake,0.5307736396789551,0.4692263901233673,Real,0.3743934035301208,0.6256065964698792,Real,0.0281016435474157,0.971898317337036,Fake,0.9952812790870668,0.004718666896224
/content/Dataset/Test/Real/real_3245.jpg,Real,Real,0.2196774333715438,0.7803225517272949,Fake,0.9609967470169068,0.0390032455325126,Real,0.1933992356061935,0.8066007494926453,Fake,0.9978688955307008,0.0021310301963239
/content/Dataset/Test/Real/real_3247.jpg,Real,Fake,0.7520342469215393,0.2479658126831054,Real,0.3948929607868194,0.6051070094108582,Real,0.0386141054332256,0.9613858461380004,Real,0.0006667359848506,0.9993332028388976
/content/Dataset/Test/Real/real_3254.jpg,Real,Real,0.000129513326101,0.9998704195022584,Real,0.0002385401312494,0.9997615218162536,Real,0.0001891803985927,0.9998108744621276,Fake,0.9985103011131288,0.001489731715992
/content/Dataset/Test/Real/real_3255.jpg,Real,Real,0.0056408974342048,0.9943590760231018,Real,1.557829455123283e-05,0.9999843835830688,Real,0.0003655612235888,0.9996343851089478,Fake,0.9999271631240844,7.27722654119134e-05
/content/Dataset/Test/Real/real_326.jpg,Real,Real,0.0050085638649761,0.9949914813041688,Fake,0.5310163497924805,0.4689835906028747,Fake,0.7652899026870728,0.2347101420164108,Fake,0.9966350197792052,0.0033650372643023
/content/Dataset/Test/Real/real_3262.jpg,Real,Real,0.4270685911178589,0.5729314088821411,Real,6.036048580426723e-05,0.9999396800994872,Real,0.0002548430929891,0.9997451901435852,Fake,0.9116053581237792,0.088394671678543
/content/Dataset/Test/Real/real_3265.jpg,Real,Fake,0.7731869220733643,0.2268131077289581,Real,3.128139951513731e-06,0.9999969005584716,Real,0.0001812901318771,0.999818742275238,Real,5.058911483502016e-05,0.9999494552612304
/content/Dataset/Test/Real/real_3272.jpg,Real,Real,0.0001766696659615,0.9998233914375304,Real,9.911217603075784e-06,0.9999901056289672,Real,1.3347287676879205e-05,0.9999866485595704,Fake,0.9973451495170592,0.0026549252215772
/content/Dataset/Test/Real/real_3273.jpg,Real,Real,0.0167739801108837,0.9832260012626648,Real,0.0001100909212254,0.9998898506164552,Real,0.002750011626631,0.9972500205039978,Fake,0.9999206066131592,7.94364750618115e-05
/content/Dataset/Test/Real/real_3274.jpg,Real,Real,0.0001385080977343,0.999861478805542,Real,2.672129767233855e-06,0.99999737739563,Real,0.0001706596231088,0.9998292922973632,Fake,0.5896305441856384,0.4103693962097168
/content/Dataset/Test/Real/real_3281.jpg,Real,Fake,0.9698797464370728,0.0301202777773141,Real,3.561937774065882e-06,0.9999964237213136,Real,0.2771495282649994,0.722850501537323,Real,2.466986734361853e-05,0.999975323677063
/content/Dataset/Test/Real/real_3282.jpg,Real,Real,0.0709244310855865,0.9290755391120912,Real,0.0037519866600632,0.9962480664253236,Real,0.0286234207451343,0.9713765978813172,Fake,0.9917505383491516,0.0082494765520095
/content/Dataset/Test/Real/real_3283.jpg,Real,Real,0.0028332110960036,0.9971668124198914,Real,0.0049395668320357,0.995060384273529,Real,0.0009835136588662,0.999016523361206,Fake,0.7808093428611755,0.2191906571388244
/content/Dataset/Test/Real/real_3284.jpg,Real,Fake,0.8211753964424133,0.1788246035575866,Real,0.0126596381887793,0.9873403906822203,Real,0.0002093478397,0.999790608882904,Fake,0.9998124241828918,0.0001876202441053
/content/Dataset/Test/Real/real_3285.jpg,Real,Real,0.0361249409615993,0.9638751149177552,Real,9.909791697282344e-05,0.9999009370803832,Real,0.0081637119874358,0.9918362498283386,Fake,0.9999182224273682,8.171771332854405e-05
/content/Dataset/Test/Real/real_3291.jpg,Real,Real,0.0001293354871449,0.9998706579208374,Fake,0.894120991230011,0.1058790683746337,Fake,0.6263084411621094,0.3736915588378906,Fake,0.9999308586120604,6.910614320077002e-05
/content/Dataset/Test/Real/real_3292.jpg,Real,Real,6.0352369473548606e-05,0.9999396800994872,Fake,0.5461892485618591,0.4538108110427856,Fake,0.9634532332420348,0.036546766757965,Fake,0.9999241828918456,7.581122918054461e-05
/content/Dataset/Test/Real/real_33.jpg,Real,Real,0.0188261866569519,0.9811737537384032,Fake,0.7233277559280396,0.276672214269638,Fake,0.9725332856178284,0.0274667609483003,Fake,0.9998879432678224,0.0001120968809118
/content/Dataset/Test/Real/real_3308.jpg,Real,Real,0.1033514067530632,0.896648645401001,Real,0.2552900314331054,0.7447099685668945,Real,0.0250150170177221,0.9749850034713744,Fake,0.9998258948326112,0.0001741056767059
/content/Dataset/Test/Real/real_3312.jpg,Real,Real,0.0007992393220774,0.9992007613182068,Fake,0.6377319097518921,0.3622681498527527,Fake,0.9171936511993408,0.0828063562512397,Fake,0.9875434637069702,0.0124565083533525
/content/Dataset/Test/Real/real_3314.jpg,Real,Real,0.4909763038158417,0.5090236663818359,Fake,0.719552755355835,0.2804472148418426,Real,0.000158737442689,0.9998412132263184,Real,0.3689168095588684,0.6310831904411316
/content/Dataset/Test/Real/real_3315.jpg,Real,Real,0.0008498762617819,0.9991501569747924,Real,0.1369519382715225,0.8630480766296387,Real,0.0589759722352027,0.9410240054130554,Fake,0.5310934782028198,0.4689065217971802
/content/Dataset/Test/Real/real_3318.jpg,Real,Fake,0.9515840411186218,0.0484159998595714,Real,3.01058526019915e-06,0.9999970197677612,Real,2.402667087153532e-05,0.9999759197235109,Real,2.545707866374869e-05,0.999974489212036
/content/Dataset/Test/Real/real_332.jpg,Real,Real,0.0022748531773686,0.9977251887321472,Real,0.0137603376060724,0.9862396121025084,Fake,0.8730363249778748,0.1269636303186416,Real,0.0158596448600292,0.984140396118164
/content/Dataset/Test/Real/real_3324.jpg,Real,Real,0.0073442407883703,0.9926557540893556,Real,0.1492611169815063,0.8507388830184937,Fake,0.9390965104103088,0.0609035231173038,Fake,0.751709520816803,0.2482904344797134
/content/Dataset/Test/Real/real_3348.jpg,Real,Real,0.1106362491846084,0.8893637657165527,Real,0.0020603202283382,0.9979396462440492,Fake,0.9795851707458496,0.0204148516058921,Fake,0.9868671894073486,0.0131327854469418
/content/Dataset/Test/Real/real_3349.jpg,Real,Real,0.0044253137893974,0.995574712753296,Real,4.884750978817465e-06,0.9999951124191284,Real,0.1025389656424522,0.8974610567092896,Fake,0.9999630451202391,3.698250657180324e-05
/content/Dataset/Test/Real/real_3350.jpg,Real,Fake,0.8696662187576294,0.130333811044693,Fake,0.9980676770210266,0.0019323233282193,Fake,0.9979762434959412,0.0020237774588167,Real,0.0001484549284214,0.9998514652252196
/content/Dataset/Test/Real/real_3351.jpg,Real,Real,0.0737155228853225,0.9262844324111938,Fake,0.8485825061798096,0.1514174491167068,Fake,0.6744506359100342,0.3255493938922882,Real,0.0022400696761906,0.9977599382400512
/content/Dataset/Test/Real/real_3355.jpg,Real,Fake,0.984398365020752,0.0156015921384096,Fake,0.9026376605033876,0.0973623096942901,Fake,0.9996989965438844,0.0003009759529959,Fake,0.584376335144043,0.4156236946582794
/content/Dataset/Test/Real/real_3356.jpg,Real,Real,0.0049977484159171,0.9950022101402284,Real,0.0001352280087303,0.99986469745636,Real,0.0250719487667083,0.974928081035614,Fake,0.9999279975891112,7.204888970591128e-05
/content/Dataset/Test/Real/real_3357.jpg,Real,Real,0.0015533225378021,0.998446762561798,Real,0.0026613492518663,0.997338593006134,Real,1.5850588169996627e-05,0.9999841451644896,Fake,0.999891757965088,0.0001081964728655
/content/Dataset/Test/Real/real_3358.jpg,Real,Real,0.0001633110950933,0.9998366832733154,Real,0.0005539896083064,0.9994459748268129,Real,0.0009465542389079,0.999053418636322,Fake,0.9998830556869508,0.0001169033930636
/content/Dataset/Test/Real/real_3359.jpg,Real,Real,0.0018270524451509,0.9981729984283448,Real,0.0025723124854266,0.9974276423454284,Real,0.0002708169631659,0.9997292160987854,Fake,0.9999009370803832,9.906143532134593e-05
/content/Dataset/Test/Real/real_3360.jpg,Real,Real,9.27205546759069e-05,0.9999072551727296,Real,1.6155481716850773e-06,0.9999983310699464,Real,1.4575247405446136e-05,0.9999854564666748,Fake,0.8916743397712708,0.1083256676793098
/content/Dataset/Test/Real/real_3366.jpg,Real,Fake,0.9860121607780457,0.0139878541231155,Real,0.4595453143119812,0.5404546856880188,Fake,0.9818379282951356,0.0181620828807353,Fake,0.9352248907089232,0.064775139093399
/content/Dataset/Test/Real/real_3374.jpg,Real,Real,0.000103931481135,0.9998960494995116,Real,2.1992427718942054e-05,0.9999780654907228,Real,0.0044187493622303,0.9955812096595764,Fake,0.9999310970306396,6.89410007908009e-05
/content/Dataset/Test/Real/real_3375.jpg,Real,Real,0.0011540766572579,0.9988459348678588,Real,0.0003753659257199,0.9996246099472046,Real,0.0365953296422958,0.963404655456543,Fake,0.9999446868896484,5.5313579650828615e-05
/content/Dataset/Test/Real/real_3376.jpg,Real,Real,7.15964415576309e-05,0.99992835521698,Real,2.553258582338458e-06,0.9999974966049194,Real,2.7410666007199325e-05,0.9999725818634032,Fake,0.9994638562202454,0.0005361905205063
/content/Dataset/Test/Real/real_3378.jpg,Real,Fake,0.5302339792251587,0.4697660207748413,Real,0.1596367210149765,0.8403632640838623,Fake,0.9882194995880128,0.0117805236950516,Fake,0.9999662637710572,3.375402229721658e-05
/content/Dataset/Test/Real/real_3380.jpg,Real,Real,0.0174329504370689,0.982567012310028,Real,0.0566300302743911,0.94336998462677,Fake,0.8092647194862366,0.1907352805137634,Real,0.001826666179113,0.9981733560562134
/content/Dataset/Test/Real/real_3382.jpg,Real,Fake,0.9388750195503236,0.0611249729990959,Real,0.0160088539123535,0.9839911460876464,Real,0.001372774131596,0.9986273050308228,Real,0.0032615398522466,0.9967384934425354
/content/Dataset/Test/Real/real_3389.jpg,Real,Real,0.0004563542024698,0.9995436072349548,Fake,0.9992764592170716,0.000723599398043,Real,0.0759569555521011,0.92404305934906,Real,0.0001457111939089,0.999854326248169
/content/Dataset/Test/Real/real_339.jpg,Real,Real,0.1130716502666473,0.8869283199310303,Real,0.0158192384988069,0.9841808080673218,Real,0.3061396479606628,0.6938603520393372,Fake,0.9998792409896852,0.0001207988461828
/content/Dataset/Test/Real/real_3396.jpg,Real,Real,0.1817680597305297,0.8182319402694702,Real,0.290620893239975,0.7093791365623474,Real,0.0156742539256811,0.9843257665634156,Fake,0.5700460076332092,0.4299539923667907
/content/Dataset/Test/Real/real_34.jpg,Real,Real,0.0013460584450513,0.9986538887023926,Real,0.000450452993391,0.9995495676994324,Real,0.1956204921007156,0.8043794631958008,Fake,0.9999498128890992,5.016175418859348e-05
/content/Dataset/Test/Real/real_3400.jpg,Real,Real,0.0700290277600288,0.9299709796905518,Real,0.0012847278267145,0.9987152814865112,Real,0.0001968889264389,0.9998031258583068,Fake,0.7414146065711975,0.2585853934288025
/content/Dataset/Test/Real/real_3404.jpg,Real,Fake,0.91023987531662,0.0897600501775741,Real,0.4463875889778137,0.5536124110221863,Real,0.0005023685516789,0.999497652053833,Real,0.0002671848633326,0.999732792377472
/content/Dataset/Test/Real/real_341.jpg,Real,Real,0.1743957251310348,0.8256043195724487,Real,0.3622527420520782,0.6377472281455994,Real,0.0001167353111668,0.9998832941055298,Fake,0.993885099887848,0.0061148675158619
/content/Dataset/Test/Real/real_3416.jpg,Real,Real,4.603507113642991e-05,0.9999539852142334,Real,2.774238282654551e-06,0.9999972581863404,Real,0.001229535206221,0.9987704157829284,Fake,0.6458955407142639,0.3541044592857361
/content/Dataset/Test/Real/real_3417.jpg,Real,Fake,0.8059282302856445,0.1940717846155166,Real,0.0005922506097704,0.9994077682495116,Real,0.0026955043431371,0.9973044395446776,Real,0.001064114854671,0.998935878276825
/content/Dataset/Test/Real/real_3418.jpg,Real,Real,0.3002811670303345,0.6997187733650208,Real,0.0466232858598232,0.9533767104148864,Real,0.2688614428043365,0.7311385869979858,Fake,0.8869067430496216,0.1130932047963142
/content/Dataset/Test/Real/real_3426.jpg,Real,Fake,0.7142781019210815,0.2857218384742737,Fake,0.9769758582115172,0.0230240784585475,Fake,0.643469512462616,0.3565304577350616,Fake,0.6696737408638,0.3303262889385223
/content/Dataset/Test/Real/real_3429.jpg,Real,Real,0.0003675865300465,0.9996323585510254,Real,0.0196303948760032,0.9803696274757384,Fake,0.962626338005066,0.0373736061155796,Fake,0.9999046325683594,9.538207814330236e-05
/content/Dataset/Test/Real/real_3430.jpg,Real,Real,0.0048439498059451,0.9951560497283936,Real,0.3112056255340576,0.6887943744659424,Fake,0.7997848987579346,0.2002151161432266,Fake,0.9999185800552368,8.142842852976173e-05
/content/Dataset/Test/Real/real_3432.jpg,Real,Real,5.461749969981611e-05,0.9999454021453856,Real,0.0130247678607702,0.9869751930236816,Real,0.0019076413009315,0.9980923533439636,Fake,0.9999407529830932,5.926294033997692e-05
/content/Dataset/Test/Real/real_3433.jpg,Real,Real,0.000174770670128,0.9998252987861632,Fake,0.8913794755935669,0.108620598912239,Fake,0.975042998790741,0.0249569695442914,Fake,0.999951958656311,4.799331509275362e-05
/content/Dataset/Test/Real/real_3436.jpg,Real,Fake,0.994168758392334,0.0058312439359724,Fake,0.679314136505127,0.3206858336925506,Real,0.1382793486118316,0.8617206811904907,Real,0.025943536311388,0.9740564227104188
/content/Dataset/Test/Real/real_3443.jpg,Real,Real,0.0094543760642409,0.9905456304550172,Fake,0.5484524369239807,0.4515475630760193,Real,0.0015647448599338,0.9984351992607116,Fake,0.7937050461769104,0.2062949389219284
/content/Dataset/Test/Real/real_3448.jpg,Real,Real,0.0007212861091829,0.999278724193573,Real,0.2262162715196609,0.7737837433815002,Real,0.029193889349699,0.9708060622215272,Fake,0.9999498128890992,5.0166348955826834e-05
/content/Dataset/Test/Real/real_3449.jpg,Real,Real,5.449815216707066e-05,0.9999455213546752,Real,0.005354524590075,0.9946454763412476,Real,0.001095505664125,0.9989044666290284,Fake,0.9999328851699828,6.706985004711896e-05
/content/Dataset/Test/Real/real_3452.jpg,Real,Real,0.0023510912433266,0.9976488947868348,Fake,0.9663968682289124,0.0336031280457973,Fake,0.8306001424789429,0.1693998724222183,Fake,0.9999232292175292,7.672864012420177e-05
/content/Dataset/Test/Real/real_3453.jpg,Real,Fake,0.880958616733551,0.1190413609147071,Fake,0.999986171722412,1.3776039850199597e-05,Fake,0.996311366558075,0.0036886290181428,Fake,0.9998503923416138,0.0001495711767347
/content/Dataset/Test/Real/real_3454.jpg,Real,Real,0.2144964188337326,0.7855035662651062,Fake,0.9993139505386353,0.0006860756548121,Fake,0.9974404573440552,0.0025595459155738,Fake,0.9999141693115234,8.586142939748242e-05
/content/Dataset/Test/Real/real_3467.jpg,Real,Fake,0.7391796112060547,0.2608203589916229,Real,0.2106047123670578,0.7893952131271362,Real,8.253771738964133e-06,0.999991774559021,Real,3.0351111490745097e-05,0.9999696016311646
/content/Dataset/Test/Real/real_3469.jpg,Real,Real,0.0162730421870946,0.983726978302002,Fake,0.9998032450675964,0.0001967382268048,Fake,0.769008994102478,0.2309909611940384,Fake,0.9999436140060424,5.6328361097257584e-05
/content/Dataset/Test/Real/real_3470.jpg,Real,Real,0.0003534101124387,0.999646544456482,Fake,0.9999510049819946,4.896086102235131e-05,Fake,0.9987138509750366,0.0012862007133662,Fake,0.9998990297317504,0.0001009119368973
/content/Dataset/Test/Real/real_3475.jpg,Real,Real,0.0214786473661661,0.9785213470458984,Fake,0.7877693772315979,0.2122305929660797,Fake,0.5401878356933594,0.4598121345043182,Fake,0.9719374179840088,0.0280626527965068
/content/Dataset/Test/Real/real_3479.jpg,Real,Fake,0.9882113337516784,0.0117886085063219,Real,5.57276071049273e-05,0.9999442100524902,Real,0.0115690603852272,0.9884309768676758,Real,8.040358079597354e-05,0.9999195337295532
/content/Dataset/Test/Real/real_3482.jpg,Real,Real,0.0052957874722778,0.9947041869163512,Real,0.003803749801591,0.9961962699890136,Real,0.0036864688154309,0.9963135123252868,Fake,0.5278540253639221,0.4721459150314331
/content/Dataset/Test/Real/real_3483.jpg,Real,Fake,0.963059425354004,0.0369405373930931,Real,0.0056161526590585,0.9943838119506836,Fake,0.8409755229949951,0.1590244621038437,Real,0.4357034862041473,0.564296543598175
/content/Dataset/Test/Real/real_3484.jpg,Real,Real,0.309826135635376,0.690173864364624,Real,0.0590081475675106,0.9409918189048768,Real,0.0439312867820262,0.9560686945915222,Fake,0.9598838090896606,0.0401161760091781
/content/Dataset/Test/Real/real_3492.jpg,Real,Real,0.0009125767974182,0.9990874528884888,Real,0.0043247458525002,0.995675265789032,Real,0.133365511894226,0.8666345477104187,Fake,0.6703810691833496,0.3296189904212951
/content/Dataset/Test/Real/real_3493.jpg,Real,Real,0.0726310834288597,0.9273688793182372,Fake,0.9996744394302368,0.0003255357441958,Fake,0.9936028122901917,0.0063971588388085,Fake,0.9193836450576782,0.0806163772940635
/content/Dataset/Test/Real/real_3495.jpg,Real,Real,0.4869819581508636,0.5130180716514587,Fake,0.9733381867408752,0.0266618505120277,Real,0.0165884923189878,0.9834114909172058,Fake,0.9998353719711304,0.0001645930169615
/content/Dataset/Test/Real/real_3498.jpg,Real,Fake,0.8436091542243958,0.1563908755779266,Fake,0.9652356505393982,0.0347643420100212,Real,0.417675107717514,0.5823249220848083,Real,0.0001505498803453,0.9998494386672974
/content/Dataset/Test/Real/real_35.jpg,Real,Real,0.1596208959817886,0.8403791189193726,Fake,0.9997100234031676,0.0002899799728766,Fake,0.9946932196617126,0.0053068213164806,Fake,0.9999116659164428,8.837140921968967e-05
/content/Dataset/Test/Real/real_3506.jpg,Real,Real,0.0001637206587474,0.9998362064361572,Fake,0.5205957889556885,0.4794041514396667,Fake,0.930510938167572,0.0694891437888145,Fake,0.9975475668907166,0.0024524179752916
/content/Dataset/Test/Real/real_3507.jpg,Real,Real,0.0554573088884353,0.944542646408081,Real,0.0486867986619472,0.9513132572174072,Real,0.1160036996006965,0.883996307849884,Fake,0.9805020689964294,0.0194979272782802
/content/Dataset/Test/Real/real_3509.jpg,Real,Fake,0.7230490446090698,0.2769510149955749,Real,0.0414836965501308,0.9585162997245787,Fake,0.7067452073097229,0.2932548224925995,Real,0.453954130411148,0.5460458993911743
/content/Dataset/Test/Real/real_3514.jpg,Real,Fake,0.6734849214553833,0.3265151083469391,Fake,0.675504744052887,0.3244952261447906,Real,0.0484421104192733,0.9515578746795654,Fake,0.9826504588127136,0.0173495840281248
/content/Dataset/Test/Real/real_3515.jpg,Real,Fake,0.5848920941352844,0.4151079356670379,Real,0.0456659495830535,0.9543340802192688,Fake,0.5609368681907654,0.4390631318092346,Fake,0.999891996383667,0.0001079589201253
/content/Dataset/Test/Real/real_3516.jpg,Real,Fake,0.9868708848953248,0.0131291467696428,Real,3.581621785997413e-05,0.9999642372131348,Real,0.2634214460849762,0.7365785837173462,Real,0.119034007191658,0.880966067314148
/content/Dataset/Test/Real/real_3521.jpg,Real,Fake,0.8797709345817566,0.1202290207147598,Real,0.0011698690941557,0.9988301396369934,Real,0.0001364523195661,0.9998635053634644,Real,0.11123538762331,0.8887645602226257
/content/Dataset/Test/Real/real_3522.jpg,Real,Fake,0.6103367209434509,0.3896632492542267,Real,0.0036993462126702,0.9963005781173706,Real,0.0521059185266494,0.9478940963745116,Real,0.0083384746685624,0.991661548614502
/content/Dataset/Test/Real/real_3527.jpg,Real,Real,0.0679197162389755,0.9320802688598632,Real,0.0007296591065824,0.9992703795433044,Real,0.0041038775816559,0.9958961009979248,Fake,0.9751004576683044,0.0248995143920183
/content/Dataset/Test/Real/real_3533.jpg,Real,Real,0.3884038627147674,0.6115961670875549,Real,0.0928622558712959,0.90713769197464,Fake,0.9677997827529908,0.0322002544999122,Real,0.0537607371807098,0.9462392926216124
/content/Dataset/Test/Real/real_3537.jpg,Real,Fake,0.9846109747886658,0.0153890140354633,Real,0.0001057775953086,0.9998942613601683,Real,0.0001731111406115,0.999826967716217,Real,0.0001327213685726,0.99986732006073
/content/Dataset/Test/Real/real_3538.jpg,Real,Fake,0.8097378611564636,0.1902621239423751,Real,0.0938891842961311,0.9061108231544496,Real,0.0004179210809525,0.9995821118354796,Real,0.000764099357184,0.9992358684539796
/content/Dataset/Test/Real/real_3540.jpg,Real,Fake,0.6945651173591614,0.305434912443161,Real,0.0261331405490636,0.973866879940033,Real,0.0087340520694851,0.9912659525871276,Real,5.3509393183048815e-05,0.9999464750289916
/content/Dataset/Test/Real/real_3542.jpg,Real,Real,0.0036370665766298,0.9963629841804504,Fake,0.9999895095825196,1.0528569873713424e-05,Fake,0.9967718720436096,0.0032281535677611,Fake,0.9999163150787354,8.363046072190627e-05
/content/Dataset/Test/Real/real_3543.jpg,Real,Fake,0.5779781341552734,0.4220218360424042,Fake,0.757125198841095,0.2428747564554214,Fake,0.7206193804740906,0.279380589723587,Real,3.359217953402549e-05,0.9999663829803468
/content/Dataset/Test/Real/real_3547.jpg,Real,Fake,0.9524672031402588,0.0475328490138053,Real,3.651605538834701e-06,0.999996304512024,Real,0.0008237372967414,0.9991762042045592,Real,2.7389525712351315e-05,0.9999725818634032
/content/Dataset/Test/Real/real_355.jpg,Real,Fake,0.6379349231719971,0.3620650470256805,Fake,0.999677300453186,0.0003227428242098,Real,0.003570508910343,0.9964295029640198,Real,0.4691311717033386,0.5308688282966614
/content/Dataset/Test/Real/real_3550.jpg,Real,Fake,0.5730568766593933,0.4269431531429291,Real,0.0020867227576673,0.9979133009910583,Real,0.4980319440364837,0.5019680261611938,Real,0.2732849419116974,0.7267150282859802
/content/Dataset/Test/Real/real_3552.jpg,Real,Real,0.0428993850946426,0.9571006298065186,Real,0.006729373242706,0.9932705760002136,Fake,0.5443565845489502,0.4556434452533722,Fake,0.9999551773071288,4.480750430957414e-05
/content/Dataset/Test/Real/real_3553.jpg,Real,Real,0.0002385517145739,0.999761402606964,Fake,0.7875071167945862,0.2124928385019302,Real,0.0268378667533397,0.9731621146202089,Fake,0.9999667406082152,3.329293758724816e-05
/content/Dataset/Test/Real/real_3554.jpg,Real,Real,0.0001250317000085,0.9998749494552612,Fake,0.6156724095344543,0.3843275904655456,Real,0.001803379273042,0.9981966614723206,Fake,0.9999395608901978,6.048159775673412e-05
/content/Dataset/Test/Real/real_3555.jpg,Real,Real,0.0074773984961211,0.9925225377082824,Real,0.0001701494475128,0.9998297691345216,Real,0.0131959710270166,0.9868040680885316,Fake,0.9999434947967528,5.6515018513891846e-05
/content/Dataset/Test/Real/real_3556.jpg,Real,Real,0.0003448009374551,0.9996552467346193,Real,0.0231674052774906,0.976832628250122,Real,0.020772784948349,0.9792272448539734,Fake,0.9999645948410034,3.545484651112929e-05
/content/Dataset/Test/Real/real_3557.jpg,Real,Real,0.0113952662795782,0.9886047840118408,Fake,0.981917679309845,0.0180823132395744,Fake,0.9895193576812744,0.0104805817827582,Fake,0.9999476671218872,5.238358426140621e-05
/content/Dataset/Test/Real/real_3558.jpg,Real,Fake,0.6297317147254944,0.3702682554721832,Real,0.0006091150571592,0.9993908405303956,Real,0.0006925571942701,0.99930739402771,Real,3.276467032264918e-05,0.9999672174453736
/content/Dataset/Test/Real/real_3559.jpg,Real,Real,0.0057420027442276,0.994257926940918,Fake,0.9994112253189088,0.0005888396990485,Fake,0.9974433183670044,0.0025567158591002,Fake,0.9999560117721558,4.402628837851808e-05
/content/Dataset/Test/Real/real_3560.jpg,Real,Real,0.0010465960949659,0.998953342437744,Fake,0.9999579191207886,4.2073119402630255e-05,Fake,0.9306169152259828,0.0693830773234367,Fake,0.9999459981918336,5.402061651693657e-05
/content/Dataset/Test/Real/real_3561.jpg,Real,Fake,0.5167480707168579,0.4832519590854645,Real,0.0001422607019776,0.9998576641082764,Real,0.0001174364660982,0.9998825788497924,Real,0.0013110807631164,0.9986888766288756
/content/Dataset/Test/Real/real_3563.jpg,Real,Fake,0.8440097570419312,0.15599025785923,Real,0.0018804193241521,0.9981195330619812,Real,0.0179676581174135,0.9820323586463928,Real,0.0058169029653072,0.9941831231117249
/content/Dataset/Test/Real/real_3564.jpg,Real,Real,0.1884449124336242,0.811555027961731,Fake,0.9996335506439208,0.000366387917893,Fake,0.927751362323761,0.0722486972808837,Fake,0.9999394416809082,6.05323730269447e-05
/content/Dataset/Test/Real/real_3568.jpg,Real,Fake,0.9886946082115172,0.011305415071547,Real,8.017419895622879e-05,0.9999197721481324,Real,1.3160727576178031e-05,0.9999868869781494,Real,8.658786828164011e-05,0.999913454055786
/content/Dataset/Test/Real/real_3569.jpg,Real,Real,0.0053408895619213,0.9946591258049012,Fake,0.9999734163284302,2.655060961842537e-05,Fake,0.9396947622299194,0.0603052638471126,Fake,0.9999152421951294,8.473327034153044e-05
/content/Dataset/Test/Real/real_3570.jpg,Real,Real,0.0014502614503726,0.99854975938797,Fake,0.999929428100586,7.054690649965778e-05,Fake,0.9076588153839112,0.0923412144184112,Fake,0.9999139308929444,8.607769996160641e-05
/content/Dataset/Test/Real/real_3571.jpg,Real,Real,0.0057081151753664,0.99429190158844,Real,4.286225157557056e-05,0.9999570846557616,Real,0.0003438612329773,0.999656081199646,Fake,0.9950858950614928,0.0049140839837491
/content/Dataset/Test/Real/real_3576.jpg,Real,Real,0.0260552559047937,0.9739447832107544,Real,0.1397178173065185,0.8602821826934814,Real,0.0003164435620419,0.9996836185455322,Fake,0.9999324083328248,6.754547212040052e-05
/content/Dataset/Test/Real/real_3577.jpg,Real,Real,0.0278964638710021,0.9721035361289978,Fake,0.9144375920295716,0.0855624079704284,Real,0.0078893564641475,0.9921106696128844,Fake,0.9999234676361084,7.658113463548943e-05
/content/Dataset/Test/Real/real_3578.jpg,Real,Real,0.1228332296013832,0.877166748046875,Real,0.4540337026119232,0.5459663271903992,Fake,0.8309382796287537,0.1690616458654403,Fake,0.999964952468872,3.501059836708009e-05
/content/Dataset/Test/Real/real_3580.jpg,Real,Fake,0.9747512340545654,0.0252487510442733,Fake,0.734028697013855,0.2659713327884674,Real,0.0821707993745803,0.917829155921936,Fake,0.9998606443405152,0.000139327647048
/content/Dataset/Test/Real/real_3581.jpg,Real,Fake,0.9325525760650636,0.0674474164843559,Fake,0.6577938199043274,0.3422061502933502,Fake,0.8324857950210571,0.1675141900777816,Fake,0.9998788833618164,0.000121119141113
/content/Dataset/Test/Real/real_3582.jpg,Real,Fake,0.9964239001274108,0.0035761238541454,Real,0.0631217584013938,0.9368782043457032,Fake,0.8215251564979553,0.1784749031066894,Real,0.4370191395282745,0.5629808902740479
/content/Dataset/Test/Real/real_3583.jpg,Real,Real,5.201423482503742e-05,0.999948024749756,Fake,0.9992434978485109,0.0007564660045318,Fake,0.9900465607643129,0.0099534094333648,Fake,0.9994366765022278,0.0005633112159557
/content/Dataset/Test/Real/real_3584.jpg,Real,Real,0.0005177598213776,0.9994822144508362,Fake,0.9999406337738036,5.940847768215463e-05,Fake,0.9984011054039,0.0015989161329343,Fake,0.999935507774353,6.447024497902021e-05
/content/Dataset/Test/Real/real_3585.jpg,Real,Real,0.001596130314283,0.9984038472175598,Fake,0.9996261596679688,0.0003738286031875,Fake,0.9956023693084716,0.0043976632878184,Fake,0.9999481439590454,5.179846266401e-05
/content/Dataset/Test/Real/real_359.jpg,Real,Fake,0.9605173468589784,0.0394826270639896,Real,0.0969460979104042,0.9030539393424988,Real,0.0005946380551904,0.9994053840637208,Real,0.0009004994644783,0.9990994930267334
/content/Dataset/Test/Real/real_3591.jpg,Real,Real,0.0629075765609741,0.9370924830436708,Fake,0.6597170233726501,0.3402829766273498,Real,0.0023773591965436,0.9976226687431335,Fake,0.9999654293060304,3.45738953910768e-05
/content/Dataset/Test/Real/real_3592.jpg,Real,Fake,0.7694371342658997,0.2305628955364227,Fake,0.9998772144317628,0.0001228055625688,Fake,0.9275947213172911,0.0724053010344505,Fake,0.999948024749756,5.19467648700811e-05
/content/Dataset/Test/Real/real_3593.jpg,Real,Real,0.0053582317195832,0.9946417808532716,Real,0.0025366756599396,0.9974633455276488,Real,0.0020611137151718,0.9979388117790222,Fake,0.8822304606437683,0.1177695468068122
/content/Dataset/Test/Real/real_3594.jpg,Real,Real,0.0028817302081733,0.9971182346343994,Real,0.0523049794137477,0.9476950764656068,Real,0.054733645170927,0.9452663064002992,Fake,0.949527144432068,0.0504728853702545
/content/Dataset/Test/Real/real_3597.jpg,Real,Fake,0.9454675912857056,0.0545324385166168,Real,0.3955320417881012,0.6044679284095764,Fake,0.9481122493743896,0.0518877431750297,Real,0.162632942199707,0.8373671174049377
/content/Dataset/Test/Real/real_36.jpg,Real,Real,0.0124315517023205,0.9875684380531312,Fake,0.9829392433166504,0.0170607604086399,Fake,0.6999557018280029,0.300044298171997,Fake,0.9999440908432008,5.591995068243705e-05
/content/Dataset/Test/Real/real_3603.jpg,Real,Real,0.0123629188165068,0.9876370429992676,Fake,0.951740264892578,0.0482597313821315,Fake,0.7539145946502686,0.246085375547409,Fake,0.998950719833374,0.0010491927387192
/content/Dataset/Test/Real/real_3604.jpg,Real,Real,0.0026556926313787,0.9973443150520324,Fake,0.9442439079284668,0.0557561255991458,Real,0.2560952305793762,0.7439047694206238,Fake,0.6206042170524597,0.3793958127498626
/content/Dataset/Test/Real/real_3608.jpg,Real,Fake,0.5424394011497498,0.4575605988502502,Real,0.033029705286026,0.9669702649116516,Real,0.0255555640906095,0.9744443893432616,Real,0.0001261136494576,0.9998738765716552
/content/Dataset/Test/Real/real_3614.jpg,Real,Real,0.0007623298442922,0.9992376565933228,Real,5.746020542574115e-05,0.9999425411224364,Real,0.0003145339433103,0.999685525894165,Fake,0.6417348384857178,0.3582651019096374
/content/Dataset/Test/Real/real_3616.jpg,Real,Real,0.0005200922605581,0.9994799494743348,Real,0.0349061787128448,0.9650937914848328,Real,0.0354845561087131,0.9645154476165771,Fake,0.5877302289009094,0.4122697412967682
/content/Dataset/Test/Real/real_3617.jpg,Real,Real,0.0118315042927861,0.9881685376167296,Fake,0.9996297359466552,0.0003702889953274,Real,0.0335823073983192,0.966417670249939,Fake,0.999958634376526,4.134048140258528e-05
/content/Dataset/Test/Real/real_3618.jpg,Real,Real,0.0007091789157129,0.9992908239364624,Real,0.0001763184554874,0.9998237490653992,Real,0.0048392862081527,0.9951607584953308,Fake,0.9999147653579712,8.526336750946939e-05
/content/Dataset/Test/Real/real_3620.jpg,Real,Real,0.0013652639463543,0.9986347556114196,Real,0.0024405177682638,0.9975594282150269,Real,9.82205310720019e-05,0.9999017715454102,Fake,0.999087929725647,0.000912019109819
/content/Dataset/Test/Real/real_3625.jpg,Real,Real,0.0001992456091102,0.999800741672516,Real,0.0001394827850162,0.9998605251312256,Real,0.0056276256218552,0.9943723678588868,Fake,0.9940749406814576,0.0059250248596072
/content/Dataset/Test/Real/real_3626.jpg,Real,Real,0.0851463600993156,0.9148536920547484,Real,0.0002292348799528,0.9997708201408386,Real,0.0015700086951255,0.9984299540519714,Fake,0.5966771841049194,0.4033227860927582
/content/Dataset/Test/Real/real_3629.jpg,Real,Real,0.0001076246699085,0.9998923540115356,Real,0.0909530147910118,0.9090469479560852,Fake,0.6969850659370422,0.3030149042606354,Real,0.0660881698131561,0.9339118003845216
/content/Dataset/Test/Real/real_3630.jpg,Real,Real,0.0027780558448284,0.9972219467163086,Real,0.1512196809053421,0.8487803339958191,Fake,0.6739824414253235,0.3260175585746765,Fake,0.999954342842102,4.563912807498127e-05
/content/Dataset/Test/Real/real_3632.jpg,Real,Fake,0.9464503526687622,0.0535496659576892,Real,6.263931572902948e-05,0.9999374151229858,Real,7.206071313703433e-05,0.9999278783798218,Real,0.0002481830306351,0.9997518658638
/content/Dataset/Test/Real/real_3635.jpg,Real,Real,0.4654114842414856,0.5345885157585144,Real,0.0811905562877655,0.918809413909912,Fake,0.8365293741226196,0.1634705662727356,Fake,0.7891876101493835,0.2108123749494552
/content/Dataset/Test/Real/real_3638.jpg,Real,Real,0.0002657810982782,0.9997342228889464,Real,0.1841931045055389,0.8158069252967834,Fake,0.7780182361602783,0.2219817787408828,Fake,0.9998881816864014,0.0001117560823331
/content/Dataset/Test/Real/real_3639.jpg,Real,Real,0.0004904873785562,0.9995094537734984,Real,0.0380882211029529,0.9619118571281432,Real,0.4424640834331512,0.5575359463691711,Fake,0.9993492960929872,0.000650661822874
/content/Dataset/Test/Real/real_3641.jpg,Real,Real,0.3458292484283447,0.6541707515716553,Fake,0.9999165534973145,8.341923967236653e-05,Fake,0.9922516942024232,0.0077482857741415,Fake,0.9999551773071288,4.479947165236808e-05
/content/Dataset/Test/Real/real_3643.jpg,Real,Fake,0.7402294874191284,0.2597704529762268,Fake,0.9987471103668212,0.0012528696097433,Fake,0.9924615025520324,0.0075384625233709,Fake,0.9999117851257324,8.8179724116344e-05
/content/Dataset/Test/Real/real_3644.jpg,Real,Fake,0.7195404171943665,0.2804596126079559,Real,8.782704753684811e-06,0.9999911785125732,Real,0.0027253672014921,0.9972745776176452,Real,2.2963196897762828e-05,0.9999769926071168
/content/Dataset/Test/Real/real_3646.jpg,Real,Fake,0.5649636387825012,0.4350363612174988,Real,2.685406343516661e-06,0.9999972581863404,Real,7.414779247483239e-06,0.999992609024048,Real,2.8749664124916308e-05,0.9999712705612184
/content/Dataset/Test/Real/real_3649.jpg,Real,Real,0.0476360656321048,0.952363908290863,Real,0.0001301389856962,0.9998698234558104,Fake,0.9972713589668274,0.0027286848053336,Real,2.4859531549736857e-05,0.999975085258484
/content/Dataset/Test/Real/real_3650.jpg,Real,Fake,0.8616684079170227,0.1383315771818161,Real,0.000700902484823,0.9992990493774414,Real,0.0007637637318111,0.999236226081848,Real,0.0007026674575172,0.999297261238098
/content/Dataset/Test/Real/real_3651.jpg,Real,Real,0.0361000634729862,0.9638999104499816,Real,0.0063452529720962,0.993654727935791,Real,0.1699434369802475,0.8300565481185913,Fake,0.9834958910942078,0.01650414429605
/content/Dataset/Test/Real/real_3655.jpg,Real,Fake,0.9781002998352052,0.021899664774537,Real,0.0182420201599597,0.9817580580711364,Real,0.0002805911644827,0.9997194409370422,Real,0.0002327238616999,0.999767243862152
/content/Dataset/Test/Real/real_3661.jpg,Real,Real,0.0939167886972427,0.9060832262039183,Fake,0.9335308074951172,0.0664691850543022,Fake,0.8274523019790649,0.1725477427244186,Fake,0.9999674558639526,3.250653389841318e-05
/content/Dataset/Test/Real/real_3669.jpg,Real,Real,0.0433317869901657,0.9566681981086732,Real,0.0002748031693045,0.9997251629829408,Real,0.0001113953039748,0.99988853931427,Fake,0.831871747970581,0.1681282222270965
/content/Dataset/Test/Real/real_3677.jpg,Real,Fake,0.6435779929161072,0.3564220070838928,Real,3.554035174602177e-06,0.9999964237213136,Real,3.354889486217871e-05,0.9999665021896362,Real,0.0001038207337842,0.9998961687088012
/content/Dataset/Test/Real/real_3678.jpg,Real,Fake,0.9284184575080872,0.0715815350413322,Fake,0.9000872373580933,0.0999127402901649,Real,0.0490938648581504,0.9509061574935912,Real,0.4092159569263458,0.5907840728759766
/content/Dataset/Test/Real/real_3680.jpg,Real,Fake,0.6661795973777771,0.3338204622268677,Real,0.0007938293856568,0.999206244945526,Real,8.999657438835129e-05,0.9999099969863892,Real,0.0001608222228242,0.999839186668396
/content/Dataset/Test/Real/real_3681.jpg,Real,Real,0.0467745102941989,0.9532254338264464,Real,0.2452940195798874,0.7547059655189514,Real,0.0844036117196083,0.91559636592865,Fake,0.5300458073616028,0.4699541330337524
/content/Dataset/Test/Real/real_3682.jpg,Real,Real,0.0502856597304344,0.9497143030166626,Real,0.0001811287511372,0.9998188614845276,Real,5.898700328543782e-05,0.9999409914016724,Fake,0.5157142877578735,0.4842857122421264
/content/Dataset/Test/Real/real_3683.jpg,Real,Real,0.1789223849773407,0.8210775852203369,Real,4.380692189442925e-05,0.9999562501907348,Real,0.2586646676063537,0.7413353323936462,Fake,0.999164581298828,0.0008354205056093
/content/Dataset/Test/Real/real_3685.jpg,Real,Fake,0.8303842544555664,0.1696157455444336,Fake,0.93482506275177,0.0651749446988105,Fake,0.9944566488265992,0.0055433791130781,Fake,0.9257932305336,0.0742067620158195
/content/Dataset/Test/Real/real_3687.jpg,Real,Real,0.0001001720811473,0.9998998641967772,Fake,0.895712673664093,0.1042872816324234,Fake,0.9864495396614076,0.0135504286736249,Fake,0.9998806715011596,0.000119338154036
/content/Dataset/Test/Real/real_3688.jpg,Real,Real,0.0016402510227635,0.998359739780426,Fake,0.9987201690673828,0.0012798423413187,Fake,0.9941275119781494,0.0058724964037537,Fake,0.9999436140060424,5.643014083034359e-05
/content/Dataset/Test/Real/real_3689.jpg,Real,Real,0.000618107849732,0.9993818998336792,Real,0.0003162149805575,0.9996838569641112,Real,0.0708841606974601,0.9291158318519592,Fake,0.9999659061431884,3.405614188523032e-05
/content/Dataset/Test/Real/real_3691.jpg,Real,Real,0.0192619916051626,0.9807379841804504,Real,0.305521696805954,0.6944783329963684,Fake,0.9992891550064088,0.0007108051213435,Fake,0.9999006986618042,9.93505454971455e-05
/content/Dataset/Test/Real/real_3692.jpg,Real,Fake,0.5461949110031128,0.4538051187992096,Real,3.627036448961008e-06,0.9999964237213136,Real,0.001021240488626,0.9989787340164183,Real,5.596859773504548e-05,0.9999439716339112
/content/Dataset/Test/Real/real_3693.jpg,Real,Fake,0.8748708367347717,0.1251291781663894,Fake,0.6557522416114807,0.3442477285861969,Fake,0.966850996017456,0.033148992806673,Fake,0.7733917832374573,0.2266082316637039
/content/Dataset/Test/Real/real_3696.jpg,Real,Real,0.0098091457039117,0.990190863609314,Real,0.080287717282772,0.919712245464325,Real,0.0027413056232035,0.9972586631774902,Fake,0.981888711452484,0.0181113388389349
/content/Dataset/Test/Real/real_3697.jpg,Real,Real,0.0004283019516151,0.9995717406272888,Real,0.0003360760165378,0.9996639490127563,Real,0.0620412789285182,0.9379587769508362,Fake,0.9927566647529602,0.0072433301247656
/content/Dataset/Test/Real/real_3698.jpg,Real,Real,0.0113536408171057,0.988646388053894,Real,0.1198003217577934,0.8801997303962708,Real,0.0054860189557075,0.994513988494873,Fake,0.6870537996292114,0.3129461705684662
/content/Dataset/Test/Real/real_3699.jpg,Real,Fake,0.976499617099762,0.0235004685819149,Fake,0.9566112160682678,0.043388832360506,Real,0.4793196320533752,0.52068030834198,Fake,0.9868744015693665,0.0131255807355046
/content/Dataset/Test/Real/real_3700.jpg,Real,Real,0.0385380238294601,0.9614620208740234,Real,0.0006917171413078,0.9993082284927368,Fake,0.5802007913589478,0.4197991788387298,Fake,0.9994897842407228,0.0005101879360154
/content/Dataset/Test/Real/real_3701.jpg,Real,Real,0.0214750617742538,0.9785249829292296,Real,0.0014566866448149,0.998543381690979,Real,0.191433697938919,0.8085662722587585,Fake,0.9997151494026184,0.0002848154108505
/content/Dataset/Test/Real/real_3705.jpg,Real,Real,0.3484792411327362,0.6515207886695862,Fake,0.7726385593414307,0.2273614406585693,Fake,0.914789617061615,0.0852103307843208,Fake,0.9999676942825316,3.2291463867295533e-05
/content/Dataset/Test/Real/real_3707.jpg,Real,Fake,0.5996420979499817,0.4003578722476959,Real,0.0003452929959166,0.9996546506881714,Real,3.0438417525147088e-05,0.9999696016311646,Real,2.7432321076048535e-05,0.9999725818634032
/content/Dataset/Test/Real/real_3712.jpg,Real,Real,0.2167616486549377,0.7832383513450623,Fake,0.9999502897262572,4.974825424142182e-05,Fake,0.9985860586166382,0.0014139181002974,Fake,0.999913454055786,8.656153659103438e-05
/content/Dataset/Test/Real/real_3713.jpg,Real,Real,0.0019861818291246,0.9980138540267944,Fake,0.9998449087142944,0.0001551072928123,Fake,0.997166097164154,0.0028338390402495,Fake,0.9999163150787354,8.370754221687093e-05
/content/Dataset/Test/Real/real_3714.jpg,Real,Real,0.0015397091628983,0.998460292816162,Fake,0.9977065324783324,0.0022934987209737,Fake,0.9971442818641664,0.0028557165060192,Fake,0.9999337196350098,6.624744855798781e-05
/content/Dataset/Test/Real/real_3715.jpg,Real,Real,0.2667706310749054,0.733229398727417,Fake,0.960818648338318,0.0391813442111015,Real,0.000620445352979,0.9993795156478882,Real,0.0433919802308082,0.9566080570220948
/content/Dataset/Test/Real/real_3716.jpg,Real,Real,0.0246205683797597,0.9753794074058532,Fake,0.8700440526008606,0.1299559473991394,Fake,0.6142974495887756,0.3857024908065796,Fake,0.9999574422836304,4.250876008882187e-05
/content/Dataset/Test/Real/real_3718.jpg,Real,Fake,0.969328999519348,0.0306710544973611,Real,0.0111529985442757,0.988847017288208,Real,0.1125744730234146,0.8874255418777466,Fake,0.9998587369918824,0.0001412263372913
/content/Dataset/Test/Real/real_372.jpg,Real,Fake,0.981397032737732,0.0186030156910419,Fake,0.998824179172516,0.001175777753815,Fake,0.9678152203559875,0.0321848429739475,Real,0.0002970859059132,0.9997028708457948
/content/Dataset/Test/Real/real_3725.jpg,Real,Fake,0.6983199119567871,0.3016800582408905,Real,2.0351515559013933e-05,0.9999796152114868,Real,0.0053855003789067,0.9946145415306092,Real,3.397744876565412e-05,0.999966025352478
/content/Dataset/Test/Real/real_3734.jpg,Real,Real,0.0026312661357223,0.9973686933517456,Fake,0.9999799728393556,1.9996774426545016e-05,Fake,0.996921956539154,0.003077995032072,Fake,0.9999105930328368,8.935981168178841e-05
/content/Dataset/Test/Real/real_3736.jpg,Real,Real,0.1809601783752441,0.8190397620201111,Real,0.0006299909437075,0.9993700385093688,Fake,0.6031215786933899,0.3968784213066101,Fake,0.9997442364692688,0.000255742954323
/content/Dataset/Test/Real/real_3742.jpg,Real,Real,0.0097644459456205,0.9902355074882508,Fake,0.9993694424629213,0.0006305934512056,Fake,0.8582925200462341,0.1417074799537658,Fake,0.9999669790267944,3.299044328741729e-05
/content/Dataset/Test/Real/real_3743.jpg,Real,Real,0.0001146172871813,0.999885320663452,Real,0.1788058280944824,0.8211941123008728,Real,0.007242411840707,0.9927575588226318,Fake,0.9647635221481324,0.0352364592254161
/content/Dataset/Test/Real/real_3749.jpg,Real,Fake,0.8525556325912476,0.1474443525075912,Fake,0.9972010850906372,0.0027988846413791,Fake,0.7633985280990601,0.2366014569997787,Fake,0.9999493360519408,5.064954893896356e-05
/content/Dataset/Test/Real/real_3750.jpg,Real,Real,0.0009400491835549,0.9990599751472472,Fake,0.9553544521331788,0.0446455553174018,Real,0.4011856317520141,0.5988143682479858,Fake,0.9999425411224364,5.747303293901496e-05
/content/Dataset/Test/Real/real_3751.jpg,Real,Fake,0.9998716115951538,0.000128376239445,Fake,0.9999631643295288,3.682175156427547e-05,Fake,0.9993072748184204,0.0006926736677996,Fake,0.9999513626098632,4.868059113505296e-05
/content/Dataset/Test/Real/real_3753.jpg,Real,Fake,0.936967670917511,0.063032329082489,Fake,0.969468891620636,0.0305310580879449,Fake,0.9658936858177184,0.0341063477098941,Fake,0.9919402003288268,0.0080597847700119
/content/Dataset/Test/Real/real_3772.jpg,Real,Real,0.0928917303681373,0.9071082472801208,Fake,0.5941833257675171,0.4058166146278381,Real,0.0005201735766604,0.9994798302650452,Real,6.359371764119714e-05,0.9999364614486694
/content/Dataset/Test/Real/real_3774.jpg,Real,Fake,0.5905740857124329,0.4094258546829223,Fake,0.7534477710723877,0.2465522289276123,Real,0.0004096024495083,0.9995904564857484,Fake,0.8245855569839478,0.1754144430160522
/content/Dataset/Test/Real/real_3775.jpg,Real,Fake,0.7957733273506165,0.2042266428470611,Fake,0.8810968995094299,0.11890310049057,Fake,0.9871482253074646,0.0128517588600516,Fake,0.9985709190368652,0.0014291015686467
/content/Dataset/Test/Real/real_3776.jpg,Real,Fake,0.9974513649940492,0.0025485886726528,Real,1.8992697732755914e-05,0.9999810457229614,Real,0.0012096726568415,0.9987903237342834,Real,0.2483482360839843,0.7516517639160156
/content/Dataset/Test/Real/real_3778.jpg,Real,Real,0.4299134612083435,0.5700865387916565,Fake,0.5914039611816406,0.4085960388183594,Fake,0.8660183548927307,0.1339816898107528,Fake,0.996353030204773,0.0036470231134444
/content/Dataset/Test/Real/real_3780.jpg,Real,Real,0.2487718611955642,0.7512281537055969,Real,0.0027851888444274,0.9972148537635804,Real,0.0001921032671816,0.9998078942298888,Fake,0.7717559933662415,0.2282439768314361
/content/Dataset/Test/Real/real_3785.jpg,Real,Real,0.000634372991044,0.9993656277656556,Real,0.0015572521369904,0.9984427094459534,Real,0.0002792785817291,0.9997207522392272,Fake,0.7464932799339294,0.2535067498683929
/content/Dataset/Test/Real/real_3786.jpg,Real,Real,0.0015051163500174,0.9984948635101318,Fake,0.999870538711548,0.0001293990208068,Fake,0.954376757144928,0.0456232167780399,Fake,0.9999445676803588,5.548369517782703e-05
/content/Dataset/Test/Real/real_3787.jpg,Real,Real,0.0012837016256526,0.9987163543701172,Fake,0.6329052448272705,0.3670948147773742,Real,0.0564953722059726,0.9435046315193176,Real,2.957096330646891e-05,0.9999704360961914
/content/Dataset/Test/Real/real_379.jpg,Real,Fake,0.773858904838562,0.2261411100625991,Real,0.0045299758203327,0.9954700469970704,Real,0.0003580447228159,0.9996418952941896,Real,4.9006361223291606e-05,0.9999510049819946
/content/Dataset/Test/Real/real_3790.jpg,Real,Fake,0.9782456159591676,0.0217544082552194,Real,0.0001345938071608,0.9998654127120972,Real,0.0993625819683075,0.9006373882293701,Real,9.658151975600048e-05,0.999903440475464
/content/Dataset/Test/Real/real_3795.jpg,Real,Real,0.002338437596336,0.997661590576172,Real,0.0036453462671488,0.9963546991348268,Real,0.0019260875415056,0.998073935508728,Fake,0.9455323815345764,0.0544675923883914
/content/Dataset/Test/Real/real_3798.jpg,Real,Fake,0.7406995296478271,0.2593004703521728,Fake,0.8782426118850708,0.1217573806643486,Fake,0.9128270149230956,0.0871729627251625,Fake,0.9998829364776612,0.0001171056865132
/content/Dataset/Test/Real/real_3799.jpg,Real,Fake,0.6939690709114075,0.3060308992862701,Fake,0.7829135656356812,0.2170864343643188,Real,0.0018448198679834,0.9981551766395568,Real,3.831247522612102e-05,0.9999617338180542
/content/Dataset/Test/Real/real_380.jpg,Real,Real,0.1107652932405471,0.889234721660614,Fake,0.9994865655899048,0.0005134083330631,Real,0.238444983959198,0.761555016040802,Fake,0.9998618364334106,0.0001381456240778
/content/Dataset/Test/Real/real_3800.jpg,Real,Fake,0.9916203022003174,0.0083797285333275,Real,0.1771478950977325,0.8228521347045898,Real,0.0317604020237922,0.9682396054267884,Fake,0.9914401769638062,0.0085598323494195
/content/Dataset/Test/Real/real_3805.jpg,Real,Real,0.0254556257277727,0.97454434633255,Real,0.0326830372214317,0.9673170447349548,Real,0.0158786717802286,0.984121322631836,Fake,0.8579179048538208,0.1420821100473404
/content/Dataset/Test/Real/real_3830.jpg,Real,Fake,0.9980672001838684,0.0019328532507643,Real,0.3170024454593658,0.6829975247383118,Real,0.0382348261773586,0.9617651700973512,Fake,0.9925161004066468,0.007483884692192
/content/Dataset/Test/Real/real_3832.jpg,Real,Fake,0.9941467046737672,0.0058532417751848,Real,0.0011071016779169,0.9988929629325868,Real,0.001361217116937,0.9986388087272644,Real,5.154464815859683e-05,0.999948501586914
/content/Dataset/Test/Real/real_3833.jpg,Real,Fake,0.927051305770874,0.0729487240314483,Real,0.0009682987583801,0.999031662940979,Real,4.374600757728331e-05,0.9999562501907348,Real,2.93632983812131e-05,0.9999706745147704
/content/Dataset/Test/Real/real_3835.jpg,Real,Fake,0.6834685206413269,0.3165314793586731,Real,4.900283784081694e-06,0.9999951124191284,Real,2.5436793293920346e-05,0.9999746084213256,Real,8.048966265050694e-05,0.9999195337295532
/content/Dataset/Test/Real/real_3836.jpg,Real,Real,0.002583960071206,0.9974160194396972,Real,0.0005669937818311,0.9994329810142516,Real,0.0004028625553473,0.9995971322059632,Fake,0.9739901423454284,0.0260098278522491
/content/Dataset/Test/Real/real_3839.jpg,Real,Real,0.089287668466568,0.9107123613357544,Real,0.0093030268326401,0.9906970262527466,Fake,0.984097421169281,0.0159025713801383,Fake,0.9999088048934937,9.1138543211855e-05
/content/Dataset/Test/Real/real_384.jpg,Real,Fake,0.9661859273910522,0.0338140465319156,Real,4.449131301953457e-05,0.9999555349349976,Real,0.0003888437640853,0.99961119890213,Real,0.0497849956154823,0.950214982032776
/content/Dataset/Test/Real/real_3840.jpg,Real,Real,0.0082214036956429,0.991778552532196,Real,0.0027426616288721,0.99725741147995,Fake,0.7457408905029297,0.2542591094970703,Fake,0.9997972846031188,0.0002027886948781
/content/Dataset/Test/Real/real_3841.jpg,Real,Fake,0.6889409422874451,0.3110590875148773,Real,1.2802129276678896e-05,0.999987244606018,Real,8.803191121842247e-06,0.9999911785125732,Real,0.2371315360069275,0.7628684043884277
/content/Dataset/Test/Real/real_3842.jpg,Real,Fake,0.913989245891571,0.0860107019543647,Real,0.0234646685421466,0.9765352606773376,Real,0.1129662469029426,0.8870337605476379,Fake,0.9998878240585328,0.0001121325767599
/content/Dataset/Test/Real/real_3843.jpg,Real,Real,0.020492086187005,0.9795079827308656,Fake,0.6983859539031982,0.3016140162944793,Real,0.0389565378427505,0.961043417453766,Fake,0.9999610185623168,3.900457886629738e-05
/content/Dataset/Test/Real/real_3847.jpg,Real,Real,0.0675444528460502,0.9324555397033693,Fake,0.8270965218544006,0.1729035079479217,Real,0.4574907124042511,0.5425093173980713,Real,0.2390012890100479,0.7609987854957581
/content/Dataset/Test/Real/real_3848.jpg,Real,Real,0.0020394206512719,0.9979605674743652,Fake,0.5630398392677307,0.4369601607322693,Real,0.000229770768783,0.9997702240943908,Fake,0.9930163621902466,0.0069835847243666
/content/Dataset/Test/Real/real_3857.jpg,Real,Real,0.4331153333187103,0.5668846964836121,Fake,0.97484290599823,0.0251571051776409,Fake,0.6155179142951965,0.3844821155071258,Fake,0.9998695850372314,0.0001303439057664
/content/Dataset/Test/Real/real_3858.jpg,Real,Real,0.0034817911218851,0.9965182542800904,Real,0.0048752860166132,0.9951247572898864,Real,9.53626149566844e-05,0.9999046325683594,Fake,0.9998835325241088,0.000116477793199
/content/Dataset/Test/Real/real_3860.jpg,Real,Real,0.0016793061513453,0.9983206391334534,Fake,0.9170717000961304,0.0829283148050308,Fake,0.9974728226661682,0.0025271100457757,Fake,0.9999614953994752,3.856058538076468e-05
/content/Dataset/Test/Real/real_3861.jpg,Real,Real,0.3978936076164245,0.6021063923835754,Real,0.3145091235637665,0.6854908466339111,Fake,0.9499393701553344,0.0500605553388595,Fake,0.99990975856781,9.026146290125324e-05
/content/Dataset/Test/Real/real_3862.jpg,Real,Real,0.0017617648700252,0.998238205909729,Real,0.0422230027616024,0.9577769637107848,Real,0.4196878969669342,0.5803120732307434,Fake,0.9989870190620422,0.0010129691800102
/content/Dataset/Test/Real/real_3863.jpg,Real,Real,0.0639867857098579,0.936013162136078,Fake,0.882143497467041,0.117856465280056,Real,0.0227101258933544,0.9772899150848388,Fake,0.9996559619903564,0.0003440220898482
/content/Dataset/Test/Real/real_3864.jpg,Real,Real,0.0020821501966565,0.9979178309440612,Fake,0.8158206343650818,0.1841793656349182,Fake,0.9980093836784364,0.0019906919915229,Fake,0.9996669292449952,0.0003330577164888
/content/Dataset/Test/Real/real_3865.jpg,Real,Real,0.0159481260925531,0.9840518236160278,Real,0.347032368183136,0.6529675722122192,Fake,0.5043380856513977,0.4956618845462799,Fake,0.9999585151672364,4.150960376136936e-05
/content/Dataset/Test/Real/real_3866.jpg,Real,Real,0.0865704864263534,0.91342955827713,Real,0.0172782856971025,0.982721745967865,Fake,0.507222056388855,0.492777943611145,Fake,0.9999313354492188,6.870847573736683e-05
/content/Dataset/Test/Real/real_387.jpg,Real,Fake,0.9505741000175476,0.0494259670376777,Real,0.0008086779853329,0.9991913437843324,Real,7.258817731781164e-06,0.9999927282333374,Real,0.0002156216651201,0.9997844099998474
/content/Dataset/Test/Real/real_3871.jpg,Real,Real,0.0003244247345719,0.9996756315231324,Fake,0.610920250415802,0.3890797793865204,Fake,0.5375105142593384,0.4624895453453064,Fake,0.9999412298202516,5.877162766410038e-05
/content/Dataset/Test/Real/real_3872.jpg,Real,Real,0.0043112272396683,0.9956887364387512,Fake,0.998854398727417,0.0011456569191068,Fake,0.9839533567428588,0.0160466507077217,Fake,0.9999648332595824,3.5137498343829066e-05
/content/Dataset/Test/Real/real_3874.jpg,Real,Fake,0.9852997064590454,0.0147002981975674,Real,3.556408773874864e-05,0.999964475631714,Real,4.7144960262812674e-05,0.9999529123306274,Real,0.0007600298267789,0.9992400407791138
/content/Dataset/Test/Real/real_3875.jpg,Real,Fake,0.9949797987937928,0.0050202501006424,Real,7.839200407033786e-06,0.9999921321868896,Real,0.0050798393785953,0.9949201941490172,Real,0.0002289037511218,0.9997710585594176
/content/Dataset/Test/Real/real_3876.jpg,Real,Fake,0.6602254509925842,0.3397745788097381,Real,0.104417935013771,0.8955820202827454,Fake,0.5456212162971497,0.4543787240982055,Real,0.1784794479608535,0.8215205669403076
/content/Dataset/Test/Real/real_388.jpg,Real,Real,0.1576656997203827,0.8423343300819397,Fake,0.5651176571846008,0.4348823428153991,Real,0.0007398016750812,0.9992601275444032,Real,0.0801310837268829,0.9198688864707948
/content/Dataset/Test/Real/real_3881.jpg,Real,Real,0.1701209098100662,0.829879105091095,Fake,0.952545702457428,0.0474543385207653,Real,0.0026677409186959,0.9973323345184326,Fake,0.9997991919517516,0.000200778915314
/content/Dataset/Test/Real/real_3883.jpg,Real,Real,0.0001118856380344,0.9998880624771118,Real,0.0042493664659559,0.9957506656646729,Real,0.0043163108639419,0.9956836700439452,Fake,0.5134048461914062,0.4865951240062713
/content/Dataset/Test/Real/real_3890.jpg,Real,Real,0.000213820268982,0.9997861981391908,Real,0.0018479379359632,0.9981520771980286,Real,0.1063612103462219,0.8936387896537781,Fake,0.9887269735336304,0.011273012496531
/content/Dataset/Test/Real/real_3892.jpg,Real,Fake,0.9365463256835938,0.0634536519646644,Fake,0.6840072870254517,0.3159926831722259,Fake,0.945302963256836,0.0546970255672931,Fake,0.9984795451164246,0.0015204258961603
/content/Dataset/Test/Real/real_3893.jpg,Real,Real,0.3495169579982757,0.6504830121994019,Real,0.0828291177749633,0.9171708822250366,Real,0.2571560740470886,0.7428439259529114,Fake,0.6091782450675964,0.3908217549324035
/content/Dataset/Test/Real/real_3895.jpg,Real,Fake,0.7761927247047424,0.2238072752952575,Fake,0.7482836246490479,0.2517164349555969,Fake,0.943856418132782,0.0561435371637344,Fake,0.9999628067016602,3.720720997080207e-05
/content/Dataset/Test/Real/real_3896.jpg,Real,Real,0.3899969160556793,0.6100030541419983,Real,0.0140493009239435,0.985950767993927,Fake,0.5876810550689697,0.4123189449310303,Fake,0.9999619722366332,3.8048419810365885e-05
/content/Dataset/Test/Real/real_390.jpg,Real,Fake,0.9528205394744872,0.0471795052289962,Real,0.0010415114229544,0.9989584684371948,Real,0.0155081991106271,0.9844918847084044,Real,3.311867476440966e-05,0.9999668598175048
/content/Dataset/Test/Real/real_3903.jpg,Real,Real,0.0002522586437407,0.9997476935386658,Real,4.714022907137405e-06,0.999995231628418,Real,0.0003804267034865,0.9996196031570436,Fake,0.9963082671165466,0.0036916565150022
/content/Dataset/Test/Real/real_3904.jpg,Real,Fake,0.906147003173828,0.0938529595732688,Fake,0.9975435137748718,0.0024564198683947,Fake,0.995589017868042,0.0044109527952969,Fake,0.9998865127563475,0.0001134418780566
/content/Dataset/Test/Real/real_3905.jpg,Real,Fake,0.562404215335846,0.437595784664154,Real,0.118346631526947,0.881653368473053,Real,0.0001031854189932,0.999896764755249,Real,0.0002739571500569,0.9997259974479676
/content/Dataset/Test/Real/real_3906.jpg,Real,Fake,0.7363550662994385,0.2636448740959167,Real,0.0002931818598881,0.99970680475235,Real,0.0127709116786718,0.9872291088104248,Real,0.0242322571575641,0.9757677316665648
/content/Dataset/Test/Real/real_3907.jpg,Real,Real,0.0001546028943266,0.9998453855514526,Real,0.0002427984145469,0.9997572302818298,Real,0.0137673541903495,0.9862326383590698,Fake,0.991722285747528,0.0082776900380849
/content/Dataset/Test/Real/real_3909.jpg,Real,Real,0.0003740738611668,0.9996259212493896,Real,0.0203883200883865,0.9796116948127748,Fake,0.9594888687133788,0.0405110493302345,Fake,0.9999560117721558,4.393904600874521e-05
/content/Dataset/Test/Real/real_3911.jpg,Real,Fake,0.935230314731598,0.0647696927189827,Real,9.05039814824704e-06,0.999990940093994,Real,0.000648345449008,0.999351680278778,Real,6.924692570464686e-05,0.999930739402771
/content/Dataset/Test/Real/real_3914.jpg,Real,Real,0.0001201312043122,0.9998798370361328,Real,0.1350582838058471,0.8649417161941528,Fake,0.9773767590522766,0.0226232539862394,Fake,0.9989684820175172,0.0010315413819625
/content/Dataset/Test/Real/real_3915.jpg,Real,Real,0.0002671206893865,0.9997329115867616,Fake,0.5897489786148071,0.4102509915828705,Fake,0.8693721294403076,0.1306279003620147,Fake,0.9999493360519408,5.066684389021248e-05
/content/Dataset/Test/Real/real_3916.jpg,Real,Real,0.4183972775936126,0.5816027522087097,Fake,0.99993097782135,6.902619497850537e-05,Fake,0.9514822363853456,0.0485178120434284,Fake,0.9999163150787354,8.364034874830395e-05
/content/Dataset/Test/Real/real_3920.jpg,Real,Real,0.0081963203847408,0.9918036460876464,Fake,0.9955891370773317,0.0044108289293944,Fake,0.5477569699287415,0.4522430598735809,Fake,0.999914526939392,8.54559475556016e-05
/content/Dataset/Test/Real/real_3922.jpg,Real,Real,0.3981887996196747,0.6018112301826477,Real,0.0017993982182815,0.998200535774231,Real,0.0001192196432384,0.9998807907104492,Fake,0.9907683730125428,0.0092316390946507
/content/Dataset/Test/Real/real_3923.jpg,Real,Real,0.0412250868976116,0.9587748646736144,Real,0.0016993903554975,0.9983006119728088,Real,8.165360486600548e-05,0.9999183416366576,Fake,0.5808966755867004,0.4191033542156219
/content/Dataset/Test/Real/real_3926.jpg,Real,Real,0.0067736315540969,0.9932263493537904,Real,0.000101487385109,0.9998985528945924,Real,0.0085784057155251,0.9914215207099916,Fake,0.9998719692230223,0.000128057639813
/content/Dataset/Test/Real/real_393.jpg,Real,Real,0.0003371218335814,0.9996628761291504,Fake,0.9999877214431764,1.2259157301741652e-05,Fake,0.9976732134819032,0.0023267492651939,Fake,0.9999616146087646,3.839677810901776e-05
/content/Dataset/Test/Real/real_3934.jpg,Real,Fake,0.8987693786621094,0.10123061388731,Real,0.0014542456483468,0.99854576587677,Real,0.0017463006079196,0.9982536435127258,Real,8.486321894451976e-05,0.9999151229858398
/content/Dataset/Test/Real/real_3937.jpg,Real,Real,0.0005610451335087,0.9994389414787292,Real,0.0226499419659376,0.9773500561714172,Fake,0.6563293933868408,0.3436705768108368,Fake,0.5584446787834167,0.4415553212165832
/content/Dataset/Test/Real/real_3940.jpg,Real,Real,0.0029286735225468,0.9970712661743164,Fake,0.8982728123664856,0.1017271876335144,Real,0.0197304356843233,0.9802696108818054,Fake,0.9828616380691528,0.0171383693814277
/content/Dataset/Test/Real/real_3943.jpg,Real,Fake,0.869939386844635,0.1300605982542038,Fake,0.99533611536026,0.0046639097854495,Real,0.1383981257677078,0.8616019487380981,Fake,0.9609963297843932,0.0390036925673484
/content/Dataset/Test/Real/real_3945.jpg,Real,Real,0.0084661087021231,0.9915339350700378,Fake,0.9718596935272216,0.0281402543187141,Real,0.0092122387140989,0.9907878041267396,Fake,0.918401062488556,0.0815989822149276
/content/Dataset/Test/Real/real_3948.jpg,Real,Real,0.0001319400325883,0.9998680353164672,Real,0.3362420499324798,0.6637579202651978,Real,0.0894350335001945,0.9105649590492249,Fake,0.9999643564224244,3.5620836570160463e-05
/content/Dataset/Test/Real/real_3949.jpg,Real,Real,7.129190635168925e-05,0.9999287128448486,Real,0.1063357219099998,0.8936643004417419,Real,0.2466969788074493,0.753303050994873,Fake,0.999941349029541,5.8702618844108656e-05
/content/Dataset/Test/Real/real_3950.jpg,Real,Real,0.0008135681855492,0.9991864562034608,Real,0.0138235604390501,0.9861764311790466,Fake,0.9206600785255432,0.0793399214744567,Fake,0.9982807636260986,0.0017192780505865
/content/Dataset/Test/Real/real_3954.jpg,Real,Fake,0.9980510473251344,0.0019489290425553,Real,6.433035196096171e-06,0.9999935626983644,Real,0.0052786991000175,0.994721293449402,Real,0.0001373803097521,0.999862551689148
/content/Dataset/Test/Real/real_3957.jpg,Real,Real,0.0003390878846403,0.9996609687805176,Real,0.0121164992451667,0.9878835082054138,Fake,0.7649990916252136,0.235000878572464,Fake,0.8863028883934021,0.1136971265077591
/content/Dataset/Test/Real/real_3958.jpg,Real,Fake,0.9939337372779846,0.0060662268660962,Fake,0.998527765274048,0.0014722294872626,Fake,0.9922289252281188,0.0077711259946227,Fake,0.9999396800994872,6.035559272277169e-05
/content/Dataset/Test/Real/real_3966.jpg,Real,Real,0.0051822932437062,0.9948176741600036,Real,0.0453430861234664,0.9546569585800172,Fake,0.6991029977798462,0.3008970618247986,Real,5.35412909812294e-05,0.9999464750289916
/content/Dataset/Test/Real/real_3969.jpg,Real,Real,0.0119259292259812,0.9880741238594056,Real,0.0071936035528779,0.992806315422058,Fake,0.997244119644165,0.0027559222653508,Fake,0.503219485282898,0.496780514717102
/content/Dataset/Test/Real/real_3970.jpg,Real,Real,0.0081212660297751,0.9918787479400636,Fake,0.9988672733306884,0.0011326951207593,Fake,0.9780195951461792,0.0219804104417562,Fake,0.9999598264694214,4.023085057269782e-05
/content/Dataset/Test/Real/real_3975.jpg,Real,Real,0.0009302265243604,0.9990697503089904,Fake,0.9990708827972412,0.000929141533561,Fake,0.9883745908737184,0.0116254147142171,Fake,0.99995756149292,4.246059324941598e-05
/content/Dataset/Test/Real/real_3976.jpg,Real,Fake,0.5438510179519653,0.4561490416526794,Real,4.127207375859143e-06,0.9999958276748656,Real,2.1851998099009503e-05,0.9999781847000122,Real,0.0556159280240535,0.9443840980529784
/content/Dataset/Test/Real/real_3988.jpg,Real,Fake,0.9871930480003356,0.0128069119527935,Real,0.0002644336782395,0.9997355341911316,Real,0.0112946219742298,0.9887054562568665,Real,0.0028744845185428,0.9971255660057068
/content/Dataset/Test/Real/real_3991.jpg,Real,Fake,0.9942277669906616,0.0057722474448382,Fake,0.9245078563690186,0.0754921212792396,Real,0.3028189539909363,0.6971810460090637,Fake,0.9842966198921204,0.0157034210860729
/content/Dataset/Test/Real/real_3992.jpg,Real,Real,8.75621844897978e-05,0.9999123811721802,Fake,0.9983896017074584,0.0016103780362755,Fake,0.9848816394805908,0.0151183623820543,Fake,0.7103493213653564,0.2896507084369659
/content/Dataset/Test/Real/real_4001.jpg,Real,Real,0.0009609473054297,0.9990390539169312,Real,3.2585037388344062e-06,0.999996781349182,Real,0.0099388770759105,0.9900611639022828,Fake,0.998601734638214,0.0013983286917209
/content/Dataset/Test/Real/real_4002.jpg,Real,Fake,0.9943543672561646,0.005645606201142,Real,0.0039821057580411,0.9960178732872008,Fake,0.7020266652107239,0.2979733645915985,Fake,0.9434197545051576,0.0565802603960037
/content/Dataset/Test/Real/real_4003.jpg,Real,Real,0.0125986915081739,0.9874013066291808,Real,0.0261349882930517,0.9738649725914,Fake,0.7676120400428772,0.232387974858284,Fake,0.999936819076538,6.317880615824834e-05
/content/Dataset/Test/Real/real_4004.jpg,Real,Fake,0.884132981300354,0.1158669665455818,Fake,0.9999725818634032,2.745027086348273e-05,Real,0.0510810539126396,0.9489189982414246,Fake,0.9995114803314208,0.00048854353372
/content/Dataset/Test/Real/real_4005.jpg,Real,Fake,0.7843369245529175,0.2156630903482437,Real,0.0011196250561624,0.9988803267478944,Real,0.0527788251638412,0.9472212195396424,Real,0.0024201492778956,0.9975798726081848
/content/Dataset/Test/Real/real_4009.jpg,Real,Real,0.002046467969194,0.9979535341262816,Real,9.966571269615088e-06,0.9999899864196776,Real,0.0003764939610846,0.9996235370635986,Fake,0.7598569989204407,0.2401430010795593
/content/Dataset/Test/Real/real_4010.jpg,Real,Real,0.0041266246698796,0.9958733916282654,Real,0.0060673397965729,0.9939326643943788,Real,0.0018619578331708,0.9981380701065063,Fake,0.9999539852142334,4.605377034749836e-05
/content/Dataset/Test/Real/real_4011.jpg,Real,Fake,0.7853191494941711,0.2146808207035064,Real,3.757056902031764e-06,0.9999961853027344,Real,0.0185773018747568,0.9814226627349854,Real,6.1945611378178e-05,0.9999380111694336
/content/Dataset/Test/Real/real_4012.jpg,Real,Real,0.015866270288825,0.9841337203979492,Fake,0.8703881502151489,0.1296118646860122,Real,0.029478071257472,0.9705219268798828,Real,6.636998296016827e-05,0.9999336004257202
/content/Dataset/Test/Real/real_4015.jpg,Real,Real,0.0141634820029139,0.9858365058898926,Real,0.000958023883868,0.9990419745445251,Real,0.0186624862253665,0.9813374280929564,Fake,0.9982604384422302,0.0017395189497619
/content/Dataset/Test/Real/real_4016.jpg,Real,Real,0.3790262639522552,0.6209737658500671,Real,0.065381534397602,0.9346184134483336,Real,0.0024617514573037,0.9975382089614868,Fake,0.9999481439590454,5.191066884435713e-05
/content/Dataset/Test/Real/real_4027.jpg,Real,Real,0.0442350283265113,0.9557650089263916,Fake,0.9803451895713806,0.0196548197418451,Real,0.1831815838813781,0.816818356513977,Fake,0.9999500513076782,4.9969679821515456e-05
/content/Dataset/Test/Real/real_4029.jpg,Real,Real,0.001909288810566,0.99809068441391,Real,0.0219867210835218,0.9780133366584778,Real,0.0178313590586185,0.9821686148643494,Fake,0.997006356716156,0.0029936213977634
/content/Dataset/Test/Real/real_4030.jpg,Real,Fake,0.8683644533157349,0.1316355317831039,Real,0.002300675958395,0.9976993203163148,Real,0.017355777323246,0.982644259929657,Real,0.0009185680537484,0.9990813732147216
/content/Dataset/Test/Real/real_4031.jpg,Real,Fake,0.710517942905426,0.2894820868968963,Real,0.0415317229926586,0.95846825838089,Real,0.0730050951242446,0.9269949197769164,Fake,0.997736930847168,0.0022630803287029
/content/Dataset/Test/Real/real_4032.jpg,Real,Real,0.3014391958713531,0.6985607743263245,Real,0.2183152735233307,0.7816846966743469,Real,0.2325093746185302,0.7674906253814697,Fake,0.9631118774414062,0.0368881374597549
/content/Dataset/Test/Real/real_4033.jpg,Real,Real,0.4882797300815582,0.5117202997207642,Real,0.0086964163929224,0.991303563117981,Real,0.1496201753616333,0.8503797650337219,Fake,0.99992573261261,7.42253614589572e-05
/content/Dataset/Test/Real/real_4034.jpg,Real,Real,0.0028115406166762,0.9971885085105896,Real,0.0274053756147623,0.9725946187973022,Real,0.1150115430355072,0.8849884271621704,Fake,0.5415917634963989,0.4584082365036011
/content/Dataset/Test/Real/real_4035.jpg,Real,Real,0.0083252759650349,0.9916747212409972,Fake,0.8886815309524536,0.1113184168934822,Real,0.0003341164265293,0.9996658563613892,Real,0.0031577730551362,0.9968422651290894
/content/Dataset/Test/Real/real_4037.jpg,Real,Fake,0.8732382655143738,0.1267617344856262,Real,0.0291059948503971,0.9708940386772156,Real,0.1195668578147888,0.8804330825805664,Real,0.0002277327876072,0.9997722506523132
/content/Dataset/Test/Real/real_4038.jpg,Real,Real,0.0194218941032886,0.980578064918518,Real,1.3482535905495752e-05,0.9999865293502808,Fake,0.5219796895980835,0.4780203700065613,Fake,0.988330602645874,0.0116694709286093
/content/Dataset/Test/Real/real_4039.jpg,Real,Fake,0.6226205825805664,0.3773794770240783,Real,0.0222928803414106,0.9777071475982666,Real,0.0001548117870697,0.9998451471328736,Real,3.685140109155327e-05,0.9999631643295288
/content/Dataset/Test/Real/real_4040.jpg,Real,Real,0.0557625479996204,0.9442374110221864,Real,0.000404091872042,0.9995959401130676,Real,0.0624541975557804,0.9375458359718324,Fake,0.98254656791687,0.0174534805119037
/content/Dataset/Test/Real/real_4041.jpg,Real,Fake,0.6453636288642883,0.3546363711357116,Real,7.62743002269417e-05,0.9999237060546876,Fake,0.786723256111145,0.2132767438888549,Real,0.0002971562207676,0.9997028708457948
/content/Dataset/Test/Real/real_4047.jpg,Real,Real,0.0207831151783466,0.9792168736457824,Fake,0.9995648264884948,0.0004351984825916,Fake,0.998197376728058,0.0018026086036115,Fake,0.999890923500061,0.0001090540317818
/content/Dataset/Test/Real/real_4048.jpg,Real,Real,0.0001203352803713,0.9998795986175536,Real,0.0258717890828847,0.974128246307373,Real,0.0208126064389944,0.9791873693466188,Fake,0.999783217906952,0.0002167745988117
/content/Dataset/Test/Real/real_4049.jpg,Real,Real,0.0058905072510242,0.9941095113754272,Real,0.0297634694725275,0.9702365398406982,Real,0.0009453222737647,0.9990547299385072,Fake,0.8554772734642029,0.1445227861404419
/content/Dataset/Test/Real/real_405.jpg,Real,Fake,0.6144106388092041,0.3855893611907959,Real,1.8114680642611347e-05,0.9999818801879884,Real,0.0002650349051691,0.9997349381446838,Real,3.900190131389536e-05,0.9999610185623168
/content/Dataset/Test/Real/real_4051.jpg,Real,Real,0.0343002341687679,0.9656997919082642,Real,0.0003653931489679,0.9996346235275269,Real,0.1853494197130203,0.8146505355834961,Fake,0.9961243271827698,0.0038756856229156
/content/Dataset/Test/Real/real_4052.jpg,Real,Real,0.0211182180792093,0.9788818359375,Real,0.0003293890913482,0.9996706247329712,Real,0.0032663592137396,0.9967336654663086,Fake,0.6827681064605713,0.3172318339347839
/content/Dataset/Test/Real/real_4053.jpg,Real,Fake,0.7537950277328491,0.2462049424648285,Real,0.0099518550559878,0.9900481700897216,Real,0.0001322650205111,0.9998676776885986,Real,2.432377550576348e-05,0.9999756813049316
/content/Dataset/Test/Real/real_4055.jpg,Real,Fake,0.6823073029518127,0.3176927268505096,Real,1.422895638825139e-05,0.9999858140945436,Real,0.0002413911133771,0.9997586607933044,Fake,0.9996604919433594,0.0003395394596736
/content/Dataset/Test/Real/real_4056.jpg,Real,Real,0.0116732493042945,0.9883267283439636,Real,0.0387139357626438,0.9612860679626464,Real,0.0070381993427872,0.9929618239402772,Fake,0.9999256134033204,7.44377393857576e-05
/content/Dataset/Test/Real/real_4057.jpg,Real,Real,0.0364171452820301,0.9635828137397766,Real,0.0428298562765121,0.957170069217682,Real,0.0042500705458223,0.9957499504089355,Fake,0.9999420642852784,5.7990870118374005e-05
/content/Dataset/Test/Real/real_4064.jpg,Real,Fake,0.7872458696365356,0.2127541303634643,Fake,0.9999951124191284,4.854361122852424e-06,Fake,0.99806946516037,0.0019305925816297,Fake,0.9999167919158936,8.316538878716528e-05
/content/Dataset/Test/Real/real_4077.jpg,Real,Real,0.021346541121602,0.9786534309387208,Real,0.0036391129251569,0.9963608384132384,Real,0.1383153647184372,0.8616846799850464,Fake,0.7526893615722656,0.2473106235265731
/content/Dataset/Test/Real/real_408.jpg,Real,Fake,0.8408017158508301,0.1591983288526535,Real,0.0326190888881683,0.967380940914154,Real,0.0001470765273552,0.9998528957366944,Real,0.4252364635467529,0.5747635364532471
/content/Dataset/Test/Real/real_4080.jpg,Real,Real,0.0770766586065292,0.9229233264923096,Fake,0.999816596508026,0.0001834417635109,Fake,0.997194528579712,0.0028054832946509,Fake,0.9999475479125975,5.244336352916434e-05
/content/Dataset/Test/Real/real_4082.jpg,Real,Real,0.0002262047637486,0.9997738003730774,Fake,0.998354434967041,0.0016456124139949,Fake,0.9938876032829284,0.0061124106869101,Fake,0.99995756149292,4.245180753059685e-05
/content/Dataset/Test/Real/real_4091.jpg,Real,Fake,0.9985234141349792,0.0014766319654881,Real,0.0031034699641168,0.996896505355835,Real,0.0047251796349883,0.995274782180786,Real,5.2357514505274594e-05,0.9999476671218872
/content/Dataset/Test/Real/real_4094.jpg,Real,Real,0.0754508301615715,0.9245491027832032,Fake,0.999963641166687,3.633930464275181e-05,Fake,0.9986360669136048,0.0013639774406328,Fake,0.999929428100586,7.052996079437435e-05
/content/Dataset/Test/Real/real_4095.jpg,Real,Real,0.3354822695255279,0.6645177006721497,Fake,0.9997000694274902,0.000299977051327,Fake,0.9981555342674256,0.0018445020541548,Fake,0.9999094009399414,9.064564073923977e-05
/content/Dataset/Test/Real/real_4099.jpg,Real,Fake,0.9915044903755188,0.0084955403581261,Real,0.004371759481728,0.9956282377243042,Fake,0.9832085967063904,0.0167914405465126,Real,0.0001848509855335,0.9998151659965516
/content/Dataset/Test/Real/real_41.jpg,Real,Real,0.0002042054838966,0.9997958540916444,Real,1.171332087324117e-06,0.9999988079071044,Real,0.0002209239755757,0.9997790455818176,Fake,0.5327746868133545,0.4672252535820007
/content/Dataset/Test/Real/real_4102.jpg,Real,Real,0.1114254593849182,0.8885746002197266,Real,0.01938690058887,0.980613112449646,Real,0.0577109195291996,0.9422891139984132,Fake,0.6270297765731812,0.3729702234268188
/content/Dataset/Test/Real/real_4104.jpg,Real,Real,0.0339122526347637,0.966087818145752,Real,0.0001155479912995,0.9998844861984252,Fake,0.7494228482246399,0.2505771815776825,Real,8.024999988265336e-05,0.9999197721481324
/content/Dataset/Test/Real/real_4105.jpg,Real,Real,0.0141405705362558,0.9858594536781312,Fake,0.7357471585273743,0.2642527818679809,Fake,0.6974294185638428,0.3025705516338348,Real,0.0179015100002288,0.9820984601974488
/content/Dataset/Test/Real/real_4106.jpg,Real,Fake,0.6432561874389648,0.3567438125610351,Fake,0.9990585446357728,0.0009414959349669,Fake,0.9989653825759888,0.0010346490889787,Fake,0.9997486472129822,0.0002513926010578
/content/Dataset/Test/Real/real_4107.jpg,Real,Real,0.0842422246932983,0.9157578349113464,Fake,0.9354430437088012,0.0645569488406181,Fake,0.8785112500190735,0.1214887648820877,Fake,0.999922513961792,7.751703378744423e-05
/content/Dataset/Test/Real/real_4108.jpg,Real,Fake,0.8224571943283081,0.1775427609682083,Fake,0.9999338388442992,6.615691381739452e-05,Fake,0.9985929131507874,0.0014070904580876,Fake,0.999961256980896,3.8788843085058033e-05
/content/Dataset/Test/Real/real_4109.jpg,Real,Real,0.0037686296273022,0.9962313771247864,Fake,0.9997344613075256,0.0002655096177477,Fake,0.9942008256912231,0.0057991631329059,Fake,0.999962568283081,3.742749322555028e-05
/content/Dataset/Test/Real/real_4110.jpg,Real,Real,0.1871949285268783,0.8128051161766052,Fake,0.9775265455245972,0.0224734582006931,Fake,0.8478378653526306,0.1521621197462082,Fake,0.9999412298202516,5.8740410167956725e-05
/content/Dataset/Test/Real/real_4111.jpg,Real,Real,0.0049464954063296,0.9950535893440248,Real,0.2874800860881805,0.7125198841094971,Real,0.065140925347805,0.934859037399292,Fake,0.6181805729866028,0.3818193674087524
/content/Dataset/Test/Real/real_4112.jpg,Real,Real,0.0101573634892702,0.9898427128791808,Fake,0.9880698323249816,0.0119301779195666,Fake,0.6175493597984314,0.3824506103992462,Fake,0.9876739382743835,0.0123260542750358
/content/Dataset/Test/Real/real_4114.jpg,Real,Fake,0.85516357421875,0.1448364108800888,Real,8.476892253383994e-05,0.9999152421951294,Real,1.1662187716865446e-05,0.999988317489624,Real,0.0003790682530961,0.9996209144592284
/content/Dataset/Test/Real/real_4116.jpg,Real,Fake,0.8343214392662048,0.1656785309314727,Fake,0.9994958639144896,0.0005040903342887,Fake,0.9511388540267944,0.0488611795008182,Fake,0.9947092533111572,0.0052907108329236
/content/Dataset/Test/Real/real_4120.jpg,Real,Real,0.0019286520546302,0.9980713725090028,Real,0.0028620632365345,0.9971379041671752,Real,0.0006284071714617,0.9993715882301332,Fake,0.998884618282318,0.0011154041858389
/content/Dataset/Test/Real/real_4125.jpg,Real,Real,0.0230213534086942,0.976978600025177,Real,0.0005357207846827,0.9994643330574036,Real,0.0003004375903401,0.999699592590332,Fake,0.8984914422035217,0.1015085205435752
/content/Dataset/Test/Real/real_413.jpg,Real,Real,0.0613127052783966,0.938687264919281,Fake,0.8363875150680542,0.1636124849319458,Fake,0.9907782077789308,0.0092218406498432,Fake,0.5055540204048157,0.4944460093975067
/content/Dataset/Test/Real/real_4130.jpg,Real,Fake,0.9645694494247437,0.0354304984211921,Real,0.161758080124855,0.8382419347763062,Fake,0.7493298053741455,0.2506701648235321,Real,0.0001011009153444,0.9998989105224608
/content/Dataset/Test/Real/real_4132.jpg,Real,Fake,0.8918678164482117,0.1081322208046913,Fake,0.5770388245582581,0.4229611754417419,Real,0.217860534787178,0.7821394205093384,Fake,0.5066331624984741,0.4933668076992035
/content/Dataset/Test/Real/real_4135.jpg,Real,Real,0.0115346666425466,0.9884653091430664,Real,0.0132296113297343,0.9867703914642334,Real,0.0021756179630756,0.9978244304656982,Fake,0.996501326560974,0.0034986189566552
/content/Dataset/Test/Real/real_4145.jpg,Real,Fake,0.9814635515213012,0.0185365304350852,Real,0.0003098911838606,0.9996901750564576,Real,0.0236959271132946,0.9763041138648988,Real,0.0078645385801792,0.992135524749756
/content/Dataset/Test/Real/real_4149.jpg,Real,Real,0.000386737374356,0.999613344669342,Real,0.1935698539018631,0.8064301609992981,Fake,0.920041561126709,0.079958438873291,Fake,0.9999648332595824,3.520182872307487e-05
/content/Dataset/Test/Real/real_4150.jpg,Real,Real,0.0001235376257682,0.9998764991760254,Fake,0.9314085245132446,0.0685915201902389,Fake,0.9983999133110046,0.0016000788891687,Fake,0.999971866607666,2.812177808664273e-05
/content/Dataset/Test/Real/real_4151.jpg,Real,Fake,0.9087091684341432,0.0912908464670181,Real,9.920872980728744e-05,0.9999008178710938,Real,0.0003727922739926,0.9996272325515748,Real,0.000147366838064,0.9998526573181152
/content/Dataset/Test/Real/real_4152.jpg,Real,Fake,0.5737865567207336,0.4262134432792663,Real,0.1827233880758285,0.8172765970230103,Fake,0.7816866636276245,0.2183132767677307,Fake,0.9999072551727296,9.2705522547476e-05
/content/Dataset/Test/Real/real_4153.jpg,Real,Real,0.0038494237232953,0.9961506128311156,Real,0.0010818765731528,0.9989181756973268,Real,0.201960414648056,0.7980395555496216,Fake,0.990048885345459,0.0099511407315731
/content/Dataset/Test/Real/real_4157.jpg,Real,Real,0.0022781901061534,0.9977218508720398,Real,0.0019863995257765,0.9980136156082152,Fake,0.6006537675857544,0.3993462324142456,Real,0.002986516803503,0.9970134496688844
/content/Dataset/Test/Real/real_4159.jpg,Real,Real,0.0060095768421888,0.993990421295166,Fake,0.5020565390586853,0.4979434311389923,Fake,0.7328056693077087,0.2671943306922912,Fake,0.9720081090927124,0.0279918573796749
/content/Dataset/Test/Real/real_4160.jpg,Real,Real,0.0001188978858408,0.9998810291290284,Fake,0.999723255634308,0.0002767076657619,Fake,0.9962521195411682,0.0037478855811059,Fake,0.999526023864746,0.0004739925789181
/content/Dataset/Test/Real/real_4161.jpg,Real,Real,0.0001793098635971,0.9998207688331604,Real,2.988610322063323e-05,0.9999700784683228,Fake,0.6495461463928223,0.3504537940025329,Real,0.2442370504140854,0.7557629942893982
/content/Dataset/Test/Real/real_4162.jpg,Real,Real,0.0002266103983856,0.9997734427452089,Fake,0.9996684789657592,0.0003315313952043,Fake,0.9981462955474854,0.0018537685973569,Fake,0.999941349029541,5.867978325113654e-05
/content/Dataset/Test/Real/real_4165.jpg,Real,Real,0.034263290464878,0.96573668718338,Real,0.4551793932914734,0.5448206067085266,Fake,0.5541707873344421,0.4458292126655578,Fake,0.6276545524597168,0.3723454177379608
/content/Dataset/Test/Real/real_417.jpg,Real,Real,0.0244222283363342,0.9755777716636658,Real,0.0502723194658756,0.9497276544570924,Fake,0.7917007803916931,0.2082992792129516,Fake,0.9004426002502441,0.0995573326945304
/content/Dataset/Test/Real/real_4171.jpg,Real,Real,0.1185715049505233,0.8814284801483154,Fake,0.7576461434364319,0.2423538267612457,Real,0.1007897332310676,0.8992103338241577,Real,0.0501726269721984,0.9498274326324464
/content/Dataset/Test/Real/real_4174.jpg,Real,Real,0.0061082351021468,0.9938918352127076,Real,0.0179745890200138,0.982025384902954,Real,0.016673332080245,0.9833266139030457,Fake,0.9988090991973876,0.001190950977616
/content/Dataset/Test/Real/real_4175.jpg,Real,Real,0.1849643886089325,0.8150355815887451,Real,0.071912758052349,0.9280871748924256,Real,0.0077782250009477,0.9922217726707458,Fake,0.999440610408783,0.0005594023969024
/content/Dataset/Test/Real/real_4176.jpg,Real,Real,0.0005792786832898,0.9994207620620728,Real,0.2222627103328704,0.7777372598648071,Real,0.3933870792388916,0.6066129803657532,Fake,0.9999351501464844,6.487605423899367e-05
/content/Dataset/Test/Real/real_4177.jpg,Real,Real,0.0112766325473785,0.9887233972549438,Real,2.637153102114098e-06,0.99999737739563,Real,2.66376282525016e-05,0.9999734163284302,Fake,0.5713053345680237,0.4286946058273315
/content/Dataset/Test/Real/real_4178.jpg,Real,Fake,0.9690923690795898,0.0309075992554426,Fake,0.9491897821426392,0.0508102439343929,Real,0.060594119131565,0.9394058585166932,Real,8.838556823320687e-05,0.9999116659164428
/content/Dataset/Test/Real/real_4179.jpg,Real,Fake,0.917279064655304,0.0827208682894706,Fake,0.9939566850662231,0.0060432497411966,Fake,0.9996871948242188,0.0003128138196188,Fake,0.9993082284927368,0.0006917115533724
/content/Dataset/Test/Real/real_4183.jpg,Real,Real,0.0073336455971002,0.9926663041114808,Real,0.0366197563707828,0.9633802175521852,Fake,0.9955533146858216,0.0044466485269367,Fake,0.9999253749847412,7.45820434531197e-05
/content/Dataset/Test/Real/real_4190.jpg,Real,Real,0.003640923416242,0.9963590502738952,Fake,0.8198539614677429,0.1801460236310959,Real,0.0101006226614117,0.9898993372917176,Fake,0.9999312162399292,6.875657709315419e-05
/content/Dataset/Test/Real/real_4193.jpg,Real,Real,0.0032176768872886,0.9967823028564452,Fake,0.9752706289291382,0.0247293468564748,Real,0.2850416898727417,0.7149583101272583,Real,0.011857908219099,0.9881420731544496
/content/Dataset/Test/Real/real_4194.jpg,Real,Fake,0.988586127758026,0.0114138880744576,Real,0.0052820001728832,0.9947180151939392,Real,0.0002590623917058,0.9997408986091614,Real,0.0008825373952277,0.9991174340248108
/content/Dataset/Test/Real/real_4201.jpg,Real,Fake,0.809642493724823,0.1903574913740158,Real,0.0383525602519512,0.9616473913192748,Real,0.0054757087491452,0.994524359703064,Real,0.0084450282156467,0.9915550351142884
/content/Dataset/Test/Real/real_4205.jpg,Real,Real,0.1642752736806869,0.8357247710227966,Real,0.0007341088494285,0.9992658495903016,Fake,0.5996400713920593,0.4003599286079407,Real,0.0002975652751047,0.9997023940086364
/content/Dataset/Test/Real/real_4207.jpg,Real,Fake,0.7923530340194702,0.2076470106840133,Real,0.3200010657310486,0.6799989938735962,Fake,0.5708857178688049,0.429114282131195,Fake,0.6641154885292053,0.3358845114707947
/content/Dataset/Test/Real/real_4208.jpg,Real,Fake,0.5693778395652771,0.4306221604347229,Real,0.0491917468607425,0.95080828666687,Real,0.034025702625513,0.9659743309020996,Real,0.2963683903217315,0.7036316394805908
/content/Dataset/Test/Real/real_4209.jpg,Real,Fake,0.5054553747177124,0.49454465508461,Real,0.0145395286381244,0.9854604601860046,Real,0.3328514099121094,0.6671486496925354,Real,0.390895664691925,0.609104335308075
/content/Dataset/Test/Real/real_421.jpg,Real,Fake,0.927510380744934,0.0724896192550659,Fake,0.9990437626838684,0.0009562119375914,Fake,0.6809962391853333,0.3190037310123443,Fake,0.7283368706703186,0.271663099527359
/content/Dataset/Test/Real/real_4210.jpg,Real,Real,0.1675935685634613,0.8324064016342163,Real,0.002696408657357,0.9973036050796508,Real,0.0022156285122036,0.997784435749054,Fake,0.8712792992591858,0.1287207454442978
/content/Dataset/Test/Real/real_4211.jpg,Real,Real,0.0117222676053643,0.9882777333259584,Real,0.0022084158845245,0.9977915287017822,Fake,0.5881537795066833,0.4118461906909942,Fake,0.8922271132469177,0.1077728345990181
/content/Dataset/Test/Real/real_4212.jpg,Real,Real,0.4957574009895324,0.5042425990104675,Real,0.0449823588132858,0.9550176858901978,Fake,0.6034226417541504,0.3965772986412048,Fake,0.9808456897735596,0.0191543046385049
/content/Dataset/Test/Real/real_4213.jpg,Real,Real,9.84825674095191e-05,0.999901533126831,Real,0.000740269315429,0.9992597699165344,Real,3.407855911063962e-05,0.9999659061431884,Fake,0.5317497849464417,0.4682502150535583
/content/Dataset/Test/Real/real_4219.jpg,Real,Real,0.0161592233926057,0.9838407635688782,Real,0.0954511016607284,0.9045488834381104,Real,0.0039283838123083,0.9960715770721436,Fake,0.7710399031639099,0.2289601266384124
/content/Dataset/Test/Real/real_4229.jpg,Real,Real,0.286276638507843,0.7137234210968018,Real,0.4901454746723175,0.5098545551300049,Real,0.0010057630715891,0.9989942908287048,Fake,0.9998396635055542,0.0001603224809514
/content/Dataset/Test/Real/real_4230.jpg,Real,Fake,0.7803125381469727,0.2196874767541885,Real,0.0188021045178174,0.9811978936195374,Real,0.0034066832158714,0.9965932965278624,Real,0.0004432693822309,0.9995567202568054
/content/Dataset/Test/Real/real_4231.jpg,Real,Real,0.0036960018333047,0.9963040351867676,Real,1.1762579561036546e-05,0.9999881982803344,Fake,0.9464678764343262,0.0535321980714798,Fake,0.9229445457458496,0.077055387198925
/content/Dataset/Test/Real/real_4232.jpg,Real,Real,0.0347324386239051,0.9652675986289978,Fake,0.9999566078186036,4.340198938734829e-05,Fake,0.9993780851364136,0.0006218400667421,Fake,0.999909281730652,9.069975931197404e-05
/content/Dataset/Test/Real/real_4233.jpg,Real,Real,0.0002165506593883,0.999783456325531,Fake,0.9973775148391724,0.0026225196197628,Fake,0.9988333582878112,0.0011666390346363,Fake,0.9999297857284546,7.019394251983613e-05
/content/Dataset/Test/Real/real_4234.jpg,Real,Real,0.0003618462651502,0.9996381998062134,Fake,0.9968260526657104,0.0031739526893943,Fake,0.9935372471809388,0.0064626964740455,Fake,0.9999176263809204,8.232655090978369e-05
/content/Dataset/Test/Real/real_4235.jpg,Real,Real,0.0029642898589372,0.9970357418060304,Fake,0.9987071752548218,0.0012928155483677,Fake,0.9987817406654358,0.0012182890204712,Fake,0.9999083280563354,9.17014476726763e-05
/content/Dataset/Test/Real/real_4236.jpg,Real,Real,0.0119290482252836,0.9880709648132324,Fake,0.9999881982803344,1.1804844689322636e-05,Fake,0.9979813694953918,0.0020186391193419,Fake,0.999897599220276,0.0001024197190417
/content/Dataset/Test/Real/real_4237.jpg,Real,Real,0.0002847673604264,0.999715268611908,Fake,0.999962568283081,3.744613422895782e-05,Fake,0.9987812638282776,0.0012187521206215,Fake,0.9999467134475708,5.333572335075587e-05
/content/Dataset/Test/Real/real_4238.jpg,Real,Real,0.1820602416992187,0.8179397583007812,Real,0.0611800700426101,0.938819944858551,Real,0.0052367676980793,0.9947633147239684,Fake,0.9998997449874878,0.0001002974895527
/content/Dataset/Test/Real/real_4239.jpg,Real,Real,0.0072073959745466,0.9927926063537598,Fake,0.9634574055671692,0.0365425497293472,Fake,0.9867793321609496,0.013220707885921,Fake,0.9999227523803712,7.720637950114906e-05
/content/Dataset/Test/Real/real_4240.jpg,Real,Real,0.0404294431209564,0.9595705270767212,Fake,0.9635437726974488,0.03645621240139,Fake,0.9898696541786194,0.0101302918046712,Fake,0.9998880624771118,0.0001118906511692
/content/Dataset/Test/Real/real_4241.jpg,Real,Real,0.020493546500802,0.979506492614746,Fake,0.9991932511329652,0.0008067260496318,Fake,0.9933295845985411,0.0066703809425234,Fake,0.9999138116836548,8.613007958047092e-05
/content/Dataset/Test/Real/real_4242.jpg,Real,Fake,0.9101616740226746,0.0898383632302284,Real,0.0200863517820835,0.9799137115478516,Real,0.0660799592733383,0.9339200258255004,Fake,0.9999631643295288,3.686455238494091e-05
/content/Dataset/Test/Real/real_4244.jpg,Real,Real,0.3325219750404358,0.6674780249595642,Fake,0.963400661945343,0.0365993231534957,Real,0.1341743022203445,0.8658257126808167,Fake,0.8596049547195435,0.1403950899839401
/content/Dataset/Test/Real/real_4255.jpg,Real,Real,0.0021052295342087,0.997894823551178,Real,0.0002099499251926,0.9997900128364564,Real,0.2442406415939331,0.7557593584060669,Fake,0.8465664982795715,0.153433471918106
/content/Dataset/Test/Real/real_4258.jpg,Real,Fake,0.7893051505088806,0.2106948494911193,Real,7.590439781779423e-05,0.9999240636825562,Real,0.0709580928087234,0.929041862487793,Real,0.0001073628736776,0.9998925924301147
/content/Dataset/Test/Real/real_4263.jpg,Real,Fake,0.9398317337036132,0.060168270021677,Real,0.4731816053390503,0.5268183946609497,Fake,0.7855141758918762,0.2144858539104461,Fake,0.5512427687644958,0.4487572312355041
/content/Dataset/Test/Real/real_4265.jpg,Real,Real,0.1863996684551239,0.8136003017425537,Real,0.4106623530387878,0.5893375873565674,Fake,0.8622083067893982,0.1377916783094406,Fake,0.9999624490737916,3.755964644369669e-05
/content/Dataset/Test/Real/real_4266.jpg,Real,Fake,0.9192823767662048,0.0807176157832145,Fake,0.7052603960037231,0.2947396337985992,Fake,0.8725990653038025,0.1274009495973587,Fake,0.999853253364563,0.0001466748508391
/content/Dataset/Test/Real/real_4268.jpg,Real,Fake,0.7855558395385742,0.2144441902637481,Real,1.0648622264852747e-05,0.99998939037323,Real,5.6781500461511314e-05,0.9999432563781738,Real,2.4003678845474496e-05,0.9999760389328004
/content/Dataset/Test/Real/real_4269.jpg,Real,Fake,0.6723878979682922,0.3276121318340301,Real,0.2639854252338409,0.7360145449638367,Real,0.0386099033057689,0.9613900780677797,Fake,0.6704308390617371,0.3295691609382629
/content/Dataset/Test/Real/real_4270.jpg,Real,Fake,0.973414182662964,0.0265858639031648,Real,7.369626018771669e-06,0.999992609024048,Real,0.0024045270401984,0.997595489025116,Real,3.492989344522357e-05,0.9999650716781616
/content/Dataset/Test/Real/real_4274.jpg,Real,Fake,0.921218752861023,0.0787812247872352,Real,1.756908568495419e-05,0.999982476234436,Real,0.0002280496119055,0.999772012233734,Real,2.157713970518671e-05,0.9999784231185912
/content/Dataset/Test/Real/real_4275.jpg,Real,Real,0.0001300901203649,0.9998699426651,Fake,0.9998218417167664,0.0001781893952284,Fake,0.983369529247284,0.0166304502636194,Fake,0.9999537467956544,4.625496148946695e-05
/content/Dataset/Test/Real/real_4276.jpg,Real,Real,0.0006118083838373,0.9993882179260254,Fake,0.9991083741188048,0.0008916470105759,Fake,0.9869800806045532,0.0130199268460273,Fake,0.9999481439590454,5.185589543543756e-05
/content/Dataset/Test/Real/real_4277.jpg,Real,Real,7.53828717279248e-05,0.999924659729004,Real,0.4431175291538238,0.5568824410438538,Fake,0.9756278395652772,0.024372199550271,Fake,0.9994022846221924,0.0005976913380436
/content/Dataset/Test/Real/real_4279.jpg,Real,Real,0.0574881620705127,0.9425118565559388,Fake,0.7332429885864258,0.2667570412158966,Real,0.1301430910825729,0.8698569536209106,Fake,0.8123239874839783,0.1876760721206665
/content/Dataset/Test/Real/real_4283.jpg,Real,Fake,0.9498063325881958,0.0501936301589012,Fake,0.7641929388046265,0.2358070164918899,Fake,0.5392869710922241,0.4607130587100982,Fake,0.9930451512336732,0.0069548618048429
/content/Dataset/Test/Real/real_4288.jpg,Real,Fake,0.7755405306816101,0.2244594097137451,Real,5.370130111259641e-06,0.9999946355819702,Real,0.0002043229324044,0.9997957348823548,Real,0.0001857970637502,0.9998142123222352
/content/Dataset/Test/Real/real_4291.jpg,Real,Real,0.0005820437218062,0.9994180202484132,Real,0.2162293642759323,0.7837706804275513,Fake,0.9137423634529114,0.0862576439976692,Fake,0.9998809099197388,0.0001190617185784
/content/Dataset/Test/Real/real_4293.jpg,Real,Fake,0.9685028195381165,0.0314970947802066,Fake,0.6920915246009827,0.3079084753990173,Fake,0.7564929127693176,0.2435070574283599,Real,0.4653781950473785,0.5346218347549438
/content/Dataset/Test/Real/real_4297.jpg,Real,Real,0.0026553694624453,0.9973446726799012,Real,0.0143311573192477,0.9856688976287842,Real,0.2947512865066528,0.7052487730979919,Fake,0.9999409914016724,5.903855344513431e-05
/content/Dataset/Test/Real/real_4298.jpg,Real,Real,0.0217981673777103,0.9782018661499025,Real,0.0571476556360721,0.9428523182868958,Real,0.1889709085226059,0.8110290169715881,Fake,0.8248361945152283,0.1751638352870941
/content/Dataset/Test/Real/real_43.jpg,Real,Fake,0.594044029712677,0.405955970287323,Real,3.9572828427481e-06,0.9999960660934448,Real,2.617831114548608e-06,0.99999737739563,Real,2.5863040718832053e-05,0.9999741315841676
/content/Dataset/Test/Real/real_4305.jpg,Real,Fake,0.9666479825973512,0.0333519540727138,Real,0.0005734580918215,0.9994266033172609,Real,0.0002599986910354,0.999739944934845,Fake,0.9246917963027954,0.0753082185983657
/content/Dataset/Test/Real/real_4306.jpg,Real,Real,0.0039885467849671,0.99601149559021,Fake,0.9880028963088988,0.0119971167296171,Real,0.3156219720840454,0.6843780279159546,Fake,0.9264525175094604,0.0735475122928619
/content/Dataset/Test/Real/real_4307.jpg,Real,Real,0.0013211098266765,0.9986788630485536,Fake,0.8983010053634644,0.101699024438858,Fake,0.9654806852340698,0.0345193445682525,Fake,0.9998687505722046,0.0001312726817559
/content/Dataset/Test/Real/real_4308.jpg,Real,Real,0.4734873175621032,0.526512622833252,Fake,0.714616596698761,0.2853833436965942,Fake,0.9272952675819396,0.0727047696709632,Fake,0.9999713897705078,2.8567752451635897e-05
/content/Dataset/Test/Real/real_4314.jpg,Real,Fake,0.9596590399742126,0.0403409153223037,Real,4.322276799939573e-05,0.9999567270278932,Real,0.0082426443696022,0.991757333278656,Real,0.0026138331741094,0.9973861575126648
/content/Dataset/Test/Real/real_4317.jpg,Real,Real,0.0071550947614014,0.9928448796272278,Fake,0.8532649278640747,0.1467350423336029,Fake,0.9000203609466553,0.0999796614050865,Fake,0.999954104423523,4.585699934978038e-05
/content/Dataset/Test/Real/real_4318.jpg,Real,Real,0.4163756668567657,0.5836243629455566,Real,0.0089574391022324,0.9910424947738647,Real,0.0023695919662714,0.9976303577423096,Fake,0.999688982963562,0.0003110544348601
/content/Dataset/Test/Real/real_4319.jpg,Real,Real,0.0150827756151556,0.9849172234535216,Real,2.414179334664368e-06,0.999997615814209,Real,3.842486876237672e-06,0.9999961853027344,Fake,0.9967949986457824,0.0032049624715
/content/Dataset/Test/Real/real_4321.jpg,Real,Fake,0.9288480877876282,0.0711519792675972,Fake,0.827732264995575,0.1722676753997802,Real,0.1618417650461197,0.8381582498550415,Real,0.1189769729971885,0.8810230493545532
/content/Dataset/Test/Real/real_4322.jpg,Real,Fake,0.9518362283706664,0.0481638088822364,Fake,0.9797234535217284,0.0202765427529811,Fake,0.7749103307723999,0.2250896990299224,Fake,0.5484902858734131,0.4515096843242645
/content/Dataset/Test/Real/real_4323.jpg,Real,Real,0.2140682935714721,0.7859317064285278,Fake,0.5715029239654541,0.4284971058368683,Fake,0.9687162637710572,0.0312837474048137,Fake,0.8562036156654358,0.143796369433403
/content/Dataset/Test/Real/real_4325.jpg,Real,Fake,0.9996583461761476,0.0003416404360905,Fake,0.9997701048851012,0.0002298684848938,Fake,0.9999675750732422,3.245450352551416e-05,Real,0.4042723178863525,0.5957276821136475
/content/Dataset/Test/Real/real_4326.jpg,Real,Real,0.0005918781389482,0.9994081258773804,Real,0.0396469011902809,0.960353136062622,Real,0.000257255276665,0.9997426867485046,Fake,0.999937891960144,6.210708670550957e-05
/content/Dataset/Test/Real/real_4328.jpg,Real,Real,0.0112093174830079,0.9887906312942504,Fake,0.7471592426300049,0.2528407871723175,Fake,0.9276267886161804,0.0723731890320777,Real,0.0024741913657635,0.9975258708000184
/content/Dataset/Test/Real/real_4335.jpg,Real,Real,0.2231200784444809,0.7768799066543579,Real,0.0182209629565477,0.9817790389060974,Real,0.4816646873950958,0.5183352828025818,Fake,0.9985135197639464,0.0014864404220134
/content/Dataset/Test/Real/real_4344.jpg,Real,Real,0.021658070385456,0.9783419370651244,Real,1.4541817563440418e-06,0.9999985694885254,Real,0.000259791559074,0.999740183353424,Fake,0.9999420642852784,5.790416253148578e-05
/content/Dataset/Test/Real/real_435.jpg,Real,Fake,0.6415717005729675,0.3584283292293548,Real,0.3140733540058136,0.6859266757965088,Real,0.001187227317132,0.9988127946853638,Real,0.0576062351465225,0.9423937797546388
/content/Dataset/Test/Real/real_4353.jpg,Real,Real,0.2453162670135498,0.7546837329864502,Real,1.7874364857561886e-05,0.9999821186065674,Fake,0.5819250345230103,0.4180749952793121,Fake,0.9988250136375428,0.0011750041740015
/content/Dataset/Test/Real/real_4356.jpg,Real,Real,0.0010964438552036,0.998903512954712,Fake,0.582765519618988,0.4172344207763672,Real,0.0304496996104717,0.9695502519607544,Fake,0.9928528666496276,0.0071470979601144
/content/Dataset/Test/Real/real_4360.jpg,Real,Real,0.0357421748340129,0.9642577767372132,Fake,0.9091238975524902,0.0908760949969291,Fake,0.7691054940223694,0.2308945208787918,Real,0.0058255908079445,0.9941744208335876
/content/Dataset/Test/Real/real_4364.jpg,Real,Real,0.0276964660733938,0.9723035097122192,Fake,0.965698540210724,0.0343014821410179,Fake,0.762160062789917,0.2378399819135666,Fake,0.9997950196266174,0.0002049537288257
/content/Dataset/Test/Real/real_4365.jpg,Real,Real,0.0367736592888832,0.963226318359375,Fake,0.941415309906006,0.0585847273468971,Fake,0.9691593050956726,0.0308406483381986,Fake,0.9999350309371948,6.49957510177046e-05
/content/Dataset/Test/Real/real_4366.jpg,Real,Real,0.084911972284317,0.9150879979133606,Real,0.0084280744194984,0.9915719032287598,Fake,0.9194077253341676,0.0805922970175743,Real,0.2784320414066314,0.7215679883956909
/content/Dataset/Test/Real/real_4367.jpg,Real,Fake,0.7435414791107178,0.256458580493927,Real,4.03045050916262e-05,0.9999597072601318,Real,4.6959550672909245e-05,0.999953031539917,Real,2.444919664412737e-05,0.999975562095642
/content/Dataset/Test/Real/real_4370.jpg,Real,Real,0.1354800909757614,0.8645199537277222,Fake,0.999924659729004,7.528947026003152e-05,Fake,0.9922886490821838,0.0077113648876547,Fake,0.9999055862426758,9.443524322705343e-05
/content/Dataset/Test/Real/real_4372.jpg,Real,Fake,0.8351889848709106,0.1648109704256057,Real,1.2792877896572463e-05,0.999987244606018,Real,9.575983131071553e-05,0.9999042749404908,Real,2.559276072133798e-05,0.9999743700027466
/content/Dataset/Test/Real/real_4377.jpg,Real,Fake,0.9996125102043152,0.000387494219467,Fake,0.6380417943000793,0.3619582056999206,Real,0.3631533682346344,0.6368466019630432,Real,0.1058588176965713,0.8941411375999451
/content/Dataset/Test/Real/real_4379.jpg,Real,Real,0.0127209536731243,0.9872790575027466,Fake,0.9997610449790956,0.0002389598812442,Fake,0.9922103881835938,0.0077895941212773,Fake,0.9999490976333618,5.092192441225052e-05
/content/Dataset/Test/Real/real_438.jpg,Real,Real,0.0005526737659238,0.9994472861289978,Real,0.0128238396719098,0.9871761202812196,Real,0.3439913690090179,0.6560086011886597,Fake,0.999941110610962,5.8923254982801154e-05
/content/Dataset/Test/Real/real_4380.jpg,Real,Real,0.0006747931474819,0.9993252754211426,Fake,0.6187599897384644,0.3812400698661804,Real,0.1139210388064384,0.886078953742981,Fake,0.9995211362838744,0.0004789083905052
/content/Dataset/Test/Real/real_4381.jpg,Real,Real,0.0001339293521596,0.9998660087585448,Real,0.1627413928508758,0.8372586369514465,Fake,0.9333838224411012,0.0666161626577377,Fake,0.9998739957809448,0.0001259998243767
/content/Dataset/Test/Real/real_4382.jpg,Real,Real,0.00043446131167,0.9995655417442322,Fake,0.5636304020881653,0.4363696575164795,Real,0.0131277805194258,0.9868721961975098,Real,0.2984684407711029,0.7015315890312195
/content/Dataset/Test/Real/real_4383.jpg,Real,Fake,0.999908447265625,9.153902647085488e-05,Fake,0.9999983310699464,1.6773974493844437e-06,Fake,0.9993118047714232,0.0006882118759676,Fake,0.9998486042022704,0.000151386266225
/content/Dataset/Test/Real/real_4388.jpg,Real,Real,6.173919973662123e-05,0.9999382495880128,Real,0.0001477761688875,0.999852180480957,Real,0.000480151415104,0.9995198249816896,Fake,0.999322772026062,0.000677243922837
/content/Dataset/Test/Real/real_4389.jpg,Real,Real,0.0001865497470134,0.9998134970664978,Real,0.3146711885929107,0.6853288412094116,Real,0.0126379365101456,0.987362027168274,Fake,0.9923917651176452,0.0076082772575318
/content/Dataset/Test/Real/real_4390.jpg,Real,Real,0.0339538492262363,0.9660462141036988,Real,0.0109231462702155,0.989076852798462,Fake,0.9132905006408693,0.086709477007389,Fake,0.9981649518013,0.00183505367022
/content/Dataset/Test/Real/real_4392.jpg,Real,Real,0.2850505113601684,0.7149494886398315,Real,0.1621142774820327,0.8378857374191284,Fake,0.6240825653076172,0.3759174942970276,Real,0.3334463238716125,0.6665537357330322
/content/Dataset/Test/Real/real_4395.jpg,Real,Real,0.0609662383794784,0.9390337467193604,Fake,0.727150559425354,0.2728495001792907,Fake,0.9690346121788024,0.0309654287993907,Fake,0.999876856803894,0.0001231226051459
/content/Dataset/Test/Real/real_4401.jpg,Real,Real,0.315794825553894,0.6842051148414612,Fake,0.9665775895118712,0.0334223471581935,Fake,0.9135280251502992,0.0864720121026039,Fake,0.9999216794967652,7.833220297470689e-05
/content/Dataset/Test/Real/real_4404.jpg,Real,Fake,0.8477590680122375,0.152240976691246,Real,0.0005615841364488,0.9994383454322816,Real,0.0032702255994081,0.9967297315597534,Real,0.0001269985950784,0.9998730421066284
/content/Dataset/Test/Real/real_4406.jpg,Real,Real,0.095689907670021,0.9043100476264954,Real,0.0200611874461174,0.9799387454986572,Real,0.0086004026234149,0.9913996458053588,Fake,0.9985997080802916,0.0014002688694745
/content/Dataset/Test/Real/real_4423.jpg,Real,Fake,0.9858642220497132,0.0141357500106096,Real,0.0007344909827224,0.9992654919624328,Real,0.0791928544640541,0.920807123184204,Real,0.0162553638219833,0.9837446212768556
/content/Dataset/Test/Real/real_443.jpg,Real,Fake,0.9794426560401917,0.0205573588609695,Real,9.287710781791247e-06,0.999990701675415,Real,0.0001044571836246,0.9998955726623536,Real,6.121368642197922e-05,0.9999387264251708
/content/Dataset/Test/Real/real_4431.jpg,Real,Real,0.0007638757815584,0.9992361068725586,Fake,0.6001756191253662,0.399824321269989,Real,0.1382842063903808,0.8617158532142639,Fake,0.998830258846283,0.0011697041336447
/content/Dataset/Test/Real/real_4432.jpg,Real,Real,0.4126386940479278,0.5873613357543945,Real,0.155076652765274,0.8449233174324036,Fake,0.9958364963531494,0.0041635031811892,Fake,0.968210220336914,0.0317898578941822
/content/Dataset/Test/Real/real_4433.jpg,Real,Fake,0.9751070737838744,0.0248929504305124,Fake,0.6250327825546265,0.3749672174453735,Fake,0.8974729776382446,0.1025270819664001,Real,0.4285088777542114,0.5714911818504333
/content/Dataset/Test/Real/real_4436.jpg,Real,Real,0.0008236823487095,0.9991763234138488,Fake,0.5421832203865051,0.4578168094158172,Real,0.0712704882025718,0.9287294745445251,Real,0.0032941300887614,0.996705949306488
/content/Dataset/Test/Real/real_4440.jpg,Real,Real,0.1243102699518203,0.875689685344696,Fake,0.6064218282699585,0.3935782015323639,Real,0.0114339543506503,0.9885661005973816,Real,0.0009972868720069,0.9990027546882628
/content/Dataset/Test/Real/real_4446.jpg,Real,Real,0.0020725629292428,0.99792742729187,Real,2.902708001784049e-05,0.9999709129333496,Real,0.0005230076494626,0.999476969242096,Fake,0.8941411375999451,0.1058588400483131
/content/Dataset/Test/Real/real_4447.jpg,Real,Real,0.0593586154282093,0.9406414031982422,Real,2.8247757200006163e-06,0.9999971389770508,Real,0.002341334009543,0.9976586103439332,Fake,0.9087234735488892,0.0912765860557556
/content/Dataset/Test/Real/real_4453.jpg,Real,Real,0.0535353124141693,0.9464646577835084,Real,0.0199562963098287,0.9800437688827516,Real,0.0524444691836833,0.9475555419921876,Fake,0.9999648332595824,3.516612559906207e-05
/content/Dataset/Test/Real/real_4454.jpg,Real,Real,0.2840268611907959,0.7159730792045593,Real,0.0095161832869052,0.9904838800430298,Real,0.0839801430702209,0.9160199165344238,Fake,0.9999696016311646,3.03996912407456e-05
/content/Dataset/Test/Real/real_4455.jpg,Real,Real,0.0925428941845893,0.9074571132659912,Real,7.54344291635789e-05,0.9999245405197144,Real,0.0012454926036298,0.9987545013427734,Fake,0.9999573230743408,4.27336162829306e-05
/content/Dataset/Test/Real/real_4459.jpg,Real,Real,0.0003236823249608,0.9996763467788696,Real,0.0071640498936176,0.9928359389305116,Real,6.706639396725222e-05,0.9999328851699828,Fake,0.9503288865089417,0.0496711358428001
/content/Dataset/Test/Real/real_4469.jpg,Real,Fake,0.9972930550575256,0.0027068918570876,Fake,0.865119218826294,0.1348807066679,Fake,0.9781488180160522,0.0218512285500764,Real,0.0148528236895799,0.9851471781730652
/content/Dataset/Test/Real/real_4471.jpg,Real,Fake,0.8883146047592163,0.1116853952407836,Real,3.232967355870642e-05,0.9999676942825316,Real,0.2879076302051544,0.712092399597168,Real,0.0027792011387646,0.9972207546234132
/content/Dataset/Test/Real/real_4476.jpg,Real,Real,0.000322258885717,0.9996777772903442,Real,0.045400608330965,0.954599380493164,Real,0.0001335093547822,0.9998664855957032,Fake,0.9830977320671082,0.0169022865593433
/content/Dataset/Test/Real/real_4481.jpg,Real,Real,0.0067784222774207,0.9932215213775636,Fake,0.999869465827942,0.0001305541372857,Fake,0.997991681098938,0.002008378971368,Fake,0.999951958656311,4.800681927008554e-05
/content/Dataset/Test/Real/real_4483.jpg,Real,Real,0.1269402801990509,0.8730596899986267,Real,0.2709191441535949,0.7290809154510498,Real,0.1402043104171753,0.8597956895828247,Fake,0.9642156958580016,0.0357842706143856
/content/Dataset/Test/Real/real_4489.jpg,Real,Real,0.1552014797925949,0.8447985649108887,Real,0.0107177775353193,0.989282250404358,Fake,0.549452543258667,0.450547456741333,Fake,0.9995007514953612,0.00049927161308
/content/Dataset/Test/Real/real_4504.jpg,Real,Real,0.0841320008039474,0.9158679842948914,Fake,0.9386569261550904,0.0613430812954902,Real,0.3889352679252624,0.6110647916793823,Real,0.003871883964166,0.9961280822753906
/content/Dataset/Test/Real/real_4505.jpg,Real,Real,0.1576926559209823,0.8423073291778564,Fake,0.9926772117614746,0.0073228273540735,Real,0.2611381411552429,0.7388619184494019,Real,0.0295027736574411,0.970497190952301
/content/Dataset/Test/Real/real_4508.jpg,Real,Real,0.3266220092773437,0.6733779907226562,Fake,0.7754326462745667,0.2245673686265945,Fake,0.9894200563430786,0.0105798821896314,Fake,0.8759364485740662,0.1240634843707084
/content/Dataset/Test/Real/real_4509.jpg,Real,Fake,0.9785232543945312,0.0214766841381788,Real,0.0584968663752079,0.94150310754776,Fake,0.5103135108947754,0.4896864891052246,Real,0.1287721395492553,0.8712278604507446
/content/Dataset/Test/Real/real_4517.jpg,Real,Fake,0.9928714632987976,0.007128532975912,Real,0.0372774377465248,0.9627225399017334,Real,0.3377378284931183,0.6622622013092041,Real,0.0008090047049336,0.9991909861564636
/content/Dataset/Test/Real/real_4520.jpg,Real,Fake,0.9803522825241088,0.019647728651762,Real,0.0028476163279265,0.9971523284912108,Real,4.240252019371837e-05,0.99995756149292,Real,3.126154115307145e-05,0.9999687671661376
/content/Dataset/Test/Real/real_4522.jpg,Real,Real,0.4956012368202209,0.504398763179779,Fake,0.7759973406791687,0.2240026891231537,Real,0.1111344695091247,0.8888655304908752,Real,8.287373930215836e-05,0.9999171495437622
/content/Dataset/Test/Real/real_4523.jpg,Real,Real,0.0123781990259885,0.98762184381485,Real,0.0074842814356088,0.992515742778778,Real,0.0623507797718048,0.9376492500305176,Fake,0.9994308352470398,0.0005691656260751
/content/Dataset/Test/Real/real_4524.jpg,Real,Real,0.4130832552909851,0.5869167447090149,Real,0.01232685521245,0.9876731038093568,Real,0.0897194445133209,0.9102805256843568,Fake,0.9820348024368286,0.0179652255028486
/content/Dataset/Test/Real/real_4526.jpg,Real,Real,0.0003765185247175,0.9996234178543092,Real,0.0076659973710775,0.992334008216858,Real,0.0035704583860933,0.9964296221733092,Fake,0.9993187189102172,0.0006813301588408
/content/Dataset/Test/Real/real_4527.jpg,Real,Real,0.1566106528043747,0.8433893918991089,Real,0.4370914399623871,0.5629085302352905,Real,0.0741013213992118,0.9258987307548524,Fake,0.900577187538147,0.099422812461853
/content/Dataset/Test/Real/real_4529.jpg,Real,Fake,0.7194867730140686,0.2805132269859314,Real,0.0832516774535179,0.9167482852935792,Fake,0.9567515254020692,0.0432484783232212,Fake,0.9748133420944214,0.0251867212355136
/content/Dataset/Test/Real/real_4530.jpg,Real,Real,0.0182192530483007,0.981780767440796,Real,0.077256292104721,0.9227437376976012,Fake,0.6720322966575623,0.3279677629470825,Real,0.2388926148414611,0.7611074447631836
/content/Dataset/Test/Real/real_4534.jpg,Real,Real,0.003036921378225,0.9969630837440492,Real,0.2970906794071197,0.7029092907905579,Fake,0.8421368598937988,0.1578631699085235,Real,0.4415354430675506,0.5584645867347717
/content/Dataset/Test/Real/real_4538.jpg,Real,Fake,0.6250043511390686,0.3749957084655761,Real,0.0333883240818977,0.9666116833686828,Real,0.0091104637831449,0.9908894896507264,Fake,0.9783555269241332,0.0216444339603185
/content/Dataset/Test/Real/real_4540.jpg,Real,Real,0.0001062219307641,0.9998937845230104,Real,0.0344998501241207,0.9655001163482666,Fake,0.7028074264526367,0.2971925735473633,Real,0.1757321506738662,0.8242678642272949
/content/Dataset/Test/Real/real_4542.jpg,Real,Real,0.0005752493161708,0.9994248151779176,Real,0.4038971960544586,0.5961028337478638,Real,0.0166909880936145,0.983308970928192,Fake,0.9023010730743408,0.0976989865303039
/content/Dataset/Test/Real/real_4545.jpg,Real,Real,0.0005207225331105,0.999479353427887,Fake,0.9823818802833556,0.017618142068386,Fake,0.9646918177604676,0.035308189690113,Fake,0.999909520149231,9.051452070707457e-05
/content/Dataset/Test/Real/real_4547.jpg,Real,Real,0.0217536352574825,0.9782463312149048,Fake,0.9999051094055176,9.48439701460302e-05,Fake,0.9979888200759888,0.0020111526828259,Fake,0.9999651908874512,3.48572175425943e-05
/content/Dataset/Test/Real/real_4549.jpg,Real,Fake,0.9681747555732728,0.0318252816796302,Real,0.2554444968700409,0.7445555329322815,Real,0.0511107556521892,0.9488892555236816,Real,0.001278530806303,0.9987214207649232
/content/Dataset/Test/Real/real_4550.jpg,Real,Fake,0.9992318153381348,0.0007681578863412,Fake,0.9999849796295166,1.5044965948618484e-05,Fake,0.9905478358268738,0.0094520943239331,Fake,0.9496034383773804,0.0503965765237808
/content/Dataset/Test/Real/real_4552.jpg,Real,Fake,0.976588249206543,0.0234117675572633,Fake,0.7107282280921936,0.2892717719078064,Real,0.0006224891403689,0.9993775486946106,Real,0.3509272336959839,0.6490727663040161
/content/Dataset/Test/Real/real_4553.jpg,Real,Fake,0.9911372661590576,0.0088627990335226,Real,0.0800964161753654,0.919903576374054,Real,0.126872181892395,0.873127818107605,Real,3.176575410179794e-05,0.9999682903289796
/content/Dataset/Test/Real/real_4564.jpg,Real,Real,0.000556502433028,0.9994434714317322,Fake,0.964905083179474,0.0350948832929134,Fake,0.9803799390792848,0.0196201149374246,Fake,0.9999388456344604,6.119776662671939e-05
/content/Dataset/Test/Real/real_4565.jpg,Real,Real,0.0020543036516755,0.9979457259178162,Real,0.0748128890991211,0.9251871705055236,Fake,0.9941269159317015,0.0058730896562337,Fake,0.980605125427246,0.0193949006497859
/content/Dataset/Test/Real/real_4566.jpg,Real,Fake,0.6068190932273865,0.3931809365749359,Fake,0.9969784021377563,0.0030215885490179,Fake,0.9592468738555908,0.0407531484961509,Fake,0.999887228012085,0.0001128183648688
/content/Dataset/Test/Real/real_4569.jpg,Real,Real,0.0020185585599392,0.9979814291000366,Real,0.0049497303552925,0.9950502514839172,Real,0.000983735662885,0.999016284942627,Fake,0.9506765007972716,0.0493234321475029
/content/Dataset/Test/Real/real_4577.jpg,Real,Real,0.0001394067076034,0.9998605251312256,Fake,0.780795156955719,0.2192047983407974,Real,0.2703649699687958,0.7296350002288818,Fake,0.9949624538421632,0.0050375163555145
/content/Dataset/Test/Real/real_4578.jpg,Real,Real,0.0008089870098046,0.9991909861564636,Fake,0.8767406344413757,0.1232593953609466,Fake,0.9121574759483336,0.0878424867987632,Real,0.0091610187664628,0.9908389449119568
/content/Dataset/Test/Real/real_4582.jpg,Real,Real,0.0590217374265193,0.9409782886505128,Real,0.4224440157413482,0.5775560140609741,Fake,0.9566649794578552,0.0433349981904029,Fake,0.9964300990104676,0.0035698795691132
/content/Dataset/Test/Real/real_4583.jpg,Real,Real,0.1682741194963455,0.8317258358001709,Fake,0.9998823404312134,0.0001176543592009,Fake,0.6083667278289795,0.3916333317756653,Real,0.009604793973267,0.9903952479362488
/content/Dataset/Test/Real/real_4585.jpg,Real,Fake,0.928159773349762,0.0718401446938514,Real,0.000146558668348,0.9998533725738524,Fake,0.9437143802642822,0.0562856160104274,Fake,0.9989369511604308,0.0010630615288391
/content/Dataset/Test/Real/real_4587.jpg,Real,Real,0.0822104513645172,0.9177895188331604,Real,0.0031045274809002,0.996895432472229,Real,0.0008829440339468,0.999117076396942,Fake,0.5711581110954285,0.4288419187068939
/content/Dataset/Test/Real/real_4589.jpg,Real,Real,0.0260528810322284,0.9739471673965454,Real,1.2729472473438364e-05,0.999987244606018,Real,0.0002048200985882,0.999795138835907,Fake,0.8051591515541077,0.1948408633470535
/content/Dataset/Test/Real/real_459.jpg,Real,Fake,0.9191647171974182,0.0808352530002594,Real,0.0022585445549339,0.9977414608001708,Real,0.3459349572658539,0.6540650725364685,Real,0.0019066354725509,0.99809330701828
/content/Dataset/Test/Real/real_4594.jpg,Real,Real,0.28758305311203,0.7124168872833252,Fake,0.9989364743232728,0.0010635118233039,Real,0.2009639739990234,0.7990360260009766,Fake,0.8793141841888428,0.120685875415802
/content/Dataset/Test/Real/real_4598.jpg,Real,Fake,0.9584596157073976,0.0415404289960861,Real,0.0011863450054079,0.9988136291503906,Real,0.0012106468202546,0.998789370059967,Real,2.6049179723486304e-05,0.9999738931655884
/content/Dataset/Test/Real/real_4599.jpg,Real,Real,0.0079589411616325,0.9920410513877868,Fake,0.9794166088104248,0.0205834414809942,Fake,0.803200364112854,0.1967995911836624,Fake,0.901301920413971,0.0986981242895126
/content/Dataset/Test/Real/real_460.jpg,Real,Real,0.1500333547592163,0.8499666452407837,Fake,0.7187891602516174,0.2812108099460602,Real,0.0100183375179767,0.9899817109107972,Real,6.682093953713775e-05,0.999933123588562
/content/Dataset/Test/Real/real_4600.jpg,Real,Real,9.869371569948272e-05,0.999901294708252,Real,0.0001282690500374,0.9998717308044434,Real,7.453683065250516e-05,0.9999254941940308,Fake,0.8230812549591064,0.1769187450408935
/content/Dataset/Test/Real/real_4601.jpg,Real,Real,0.0055494355037808,0.994450569152832,Real,0.0555542074143886,0.944445788860321,Real,0.000184398581041,0.9998156428337096,Fake,0.9994200468063354,0.0005799296777695
/content/Dataset/Test/Real/real_4612.jpg,Real,Fake,0.8799271583557129,0.1200728639960289,Fake,0.8172258734703064,0.1827741414308548,Fake,0.9982500672340392,0.0017499277601018,Fake,0.9999743700027466,2.567825504229404e-05
/content/Dataset/Test/Real/real_4617.jpg,Real,Fake,0.9795736074447632,0.0204263776540756,Real,0.0009553768322803,0.9990445971488952,Real,0.0214092209935188,0.978590726852417,Real,0.0212918613106012,0.9787080883979796
/content/Dataset/Test/Real/real_4618.jpg,Real,Fake,0.7646332383155823,0.2353667616844177,Fake,0.9710609316825868,0.0289390739053487,Real,0.1974783092737198,0.8025217056274414,Fake,0.9652350544929504,0.0347649194300174
/content/Dataset/Test/Real/real_4620.jpg,Real,Real,0.0159170404076576,0.9840829968452454,Fake,0.7260081171989441,0.2739918529987335,Real,0.0031573905143886,0.996842622756958,Fake,0.977950632572174,0.0220494139939546
/content/Dataset/Test/Real/real_4621.jpg,Real,Fake,0.9838852882385254,0.0161146875470876,Real,0.0100461728870868,0.9899537563323976,Fake,0.6829149723052979,0.3170850276947021,Fake,0.9917652010917664,0.0082347393035888
/content/Dataset/Test/Real/real_4625.jpg,Real,Real,0.0033923650626093,0.9966076612472534,Real,0.2918852567672729,0.708114743232727,Real,0.1026984974741935,0.8973014950752258,Fake,0.999962329864502,3.763982022064738e-05
/content/Dataset/Test/Real/real_4635.jpg,Real,Real,0.0039930255152285,0.9960070252418518,Fake,0.7019551396369934,0.2980448305606842,Real,0.3461427986621856,0.6538571715354919,Real,0.0421041585505008,0.957895815372467
/content/Dataset/Test/Real/real_4636.jpg,Real,Real,0.0875003933906555,0.9124996066093444,Fake,0.9512894153594972,0.0487105436623096,Fake,0.5243577361106873,0.4756422340869903,Real,5.214663906372152e-05,0.9999479055404664
/content/Dataset/Test/Real/real_4639.jpg,Real,Fake,0.998138666152954,0.0018613560823723,Fake,0.6617376804351807,0.3382622599601745,Real,0.0215206705033779,0.9784793257713318,Real,2.9443886887747794e-05,0.999970555305481
/content/Dataset/Test/Real/real_4640.jpg,Real,Fake,0.9981452226638794,0.0018547765212133,Fake,0.8117730617523193,0.1882269531488418,Fake,0.8380398750305176,0.1619601398706436,Real,0.0399277694523334,0.9600722193717957
/content/Dataset/Test/Real/real_4643.jpg,Real,Fake,0.9205530881881714,0.0794469118118286,Real,0.2621707022190094,0.7378292679786682,Real,0.0069185779429972,0.9930813908576964,Fake,0.9959226846694946,0.0040773171931505
/content/Dataset/Test/Real/real_4645.jpg,Real,Fake,0.980116367340088,0.0198836792260408,Real,1.653646722843405e-05,0.9999834299087524,Real,1.4612181985285131e-05,0.9999853372573853,Real,2.335999852220993e-05,0.999976634979248
/content/Dataset/Test/Real/real_4646.jpg,Real,Fake,0.9983708262443542,0.0016291426727548,Real,7.45005818316713e-05,0.9999254941940308,Real,0.0001189089962281,0.9998810291290284,Real,2.2561813239008188e-05,0.9999774694442748
/content/Dataset/Test/Real/real_4647.jpg,Real,Fake,0.6570301651954651,0.3429697751998901,Real,0.0537287592887878,0.9462711811065674,Real,0.0098441606387496,0.990155816078186,Fake,0.9999462366104126,5.379324284149334e-05
/content/Dataset/Test/Real/real_4648.jpg,Real,Fake,0.9975488781929016,0.0024511022493243,Real,2.908133319579065e-05,0.9999709129333496,Real,0.006464549805969,0.9935355186462402,Fake,0.7883211374282837,0.2116788923740387
/content/Dataset/Test/Real/real_4653.jpg,Real,Fake,0.5165276527404785,0.4834724068641662,Real,0.4473574757575989,0.5526425242424011,Fake,0.7245786190032959,0.2754214107990265,Fake,0.951842725276947,0.0481572821736335
/content/Dataset/Test/Real/real_4654.jpg,Real,Real,0.0006452583475038,0.9993547797203064,Real,0.0647473856806755,0.935252606868744,Fake,0.6589210629463196,0.3410789370536804,Fake,0.9756138920783995,0.0243861246854066
/content/Dataset/Test/Real/real_4655.jpg,Real,Fake,0.9368643760681152,0.0631355568766594,Real,0.0007712885271757,0.9992287158966064,Real,0.1508702337741851,0.8491297364234924,Real,0.0009128997917287,0.99908709526062
/content/Dataset/Test/Real/real_4665.jpg,Real,Real,0.0306516792625188,0.9693483710289,Fake,0.99327152967453,0.0067285457625985,Real,0.0237282793968915,0.9762717485427856,Real,0.0031370508950203,0.9968630075454712
/content/Dataset/Test/Real/real_4666.jpg,Real,Fake,0.5199886560440063,0.4800113141536712,Real,0.0003322252305224,0.999667763710022,Real,0.0049718515947461,0.9950281977653505,Real,0.0006224150420166,0.9993776679039
/content/Dataset/Test/Real/real_4668.jpg,Real,Real,0.0294319260865449,0.970568060874939,Fake,0.7970148921012878,0.2029850929975509,Real,0.0003988351963926,0.999601185321808,Real,0.2527781426906585,0.747221827507019
/content/Dataset/Test/Real/real_4669.jpg,Real,Real,0.0026297059375792,0.9973702430725098,Fake,0.969669759273529,0.0303302966058254,Fake,0.9932791590690612,0.0067208758555352,Fake,0.999503254890442,0.0004967513959854
/content/Dataset/Test/Real/real_467.jpg,Real,Fake,0.9104270935058594,0.0895729064941406,Real,5.727658390242141e-06,0.9999942779541016,Real,0.0004314044199418,0.9995686411857604,Real,2.4326211132574823e-05,0.9999756813049316
/content/Dataset/Test/Real/real_4670.jpg,Real,Real,0.4257719218730926,0.574228048324585,Real,0.0004240362904965,0.9995759129524232,Real,0.1358827054500579,0.8641173243522644,Fake,0.9909600019454956,0.0090400269255042
/content/Dataset/Test/Real/real_4674.jpg,Real,Fake,0.8031535744667053,0.1968463957309723,Fake,0.5247683525085449,0.4752316772937774,Real,0.0264457128942012,0.973554253578186,Fake,0.9718825817108154,0.0281174052506685
/content/Dataset/Test/Real/real_4675.jpg,Real,Fake,0.6227903962135315,0.3772096335887909,Fake,0.9954943656921388,0.0045056077651679,Fake,0.5206577777862549,0.4793422520160675,Fake,0.9999498128890992,5.01347312820144e-05
/content/Dataset/Test/Real/real_4677.jpg,Real,Real,0.0004091284936293,0.9995909333229064,Real,2.9021459795330884e-06,0.9999971389770508,Real,8.032878395169973e-05,0.9999196529388428,Fake,0.937263250350952,0.0627367720007896
/content/Dataset/Test/Real/real_4683.jpg,Real,Fake,0.6313722729682922,0.3686277568340301,Real,5.45827651876607e-06,0.9999945163726808,Real,0.0002327922411495,0.999767243862152,Real,0.0003492061514407,0.9996508359909058
/content/Dataset/Test/Real/real_4685.jpg,Real,Real,0.0032219698186963,0.9967780709266664,Real,0.001569791813381,0.9984301924705504,Real,0.0004065306566189,0.9995934367179872,Fake,0.9878761768341064,0.012123848311603
/content/Dataset/Test/Real/real_4689.jpg,Real,Real,0.0007737911655567,0.999226212501526,Real,0.0001000049596768,0.9998999834060668,Real,4.391801485326141e-05,0.9999561309814452,Fake,0.6485750079154968,0.3514250516891479
/content/Dataset/Test/Real/real_4692.jpg,Real,Real,7.19580493750982e-05,0.9999279975891112,Fake,0.9942132830619812,0.0057866619899868,Real,0.0299284122884273,0.9700716137886048,Fake,0.9999263286590576,7.3685085226316e-05
/content/Dataset/Test/Real/real_4693.jpg,Real,Real,0.0003316802904009,0.9996683597564696,Fake,0.9999865293502808,1.3493547157850116e-05,Real,0.1281368136405944,0.8718631863594055,Fake,0.9999501705169678,4.979514778824523e-05
/content/Dataset/Test/Real/real_4696.jpg,Real,Fake,0.8886197805404663,0.1113802120089531,Fake,0.967311680316925,0.0326882973313331,Real,0.0108137242496013,0.9891862273216248,Real,0.0132337510585784,0.9867662191390992
/content/Dataset/Test/Real/real_4697.jpg,Real,Fake,0.9144578576087952,0.0855421125888824,Real,3.877900599036366e-05,0.999961256980896,Real,0.0034732313361018,0.9965267777442932,Real,0.0001217354802065,0.9998782873153688
/content/Dataset/Test/Real/real_4698.jpg,Real,Real,0.0031072946731001,0.9968926906585692,Fake,0.8829888105392456,0.1170111745595932,Fake,0.9352096319198608,0.0647903978824615,Fake,0.9660145044326782,0.0339854881167411
/content/Dataset/Test/Real/real_47.jpg,Real,Fake,0.7434232234954834,0.2565767168998718,Real,5.38876156497281e-05,0.999946117401123,Real,0.0553496815264225,0.9446502923965454,Real,3.157186438329518e-05,0.999968409538269
/content/Dataset/Test/Real/real_4700.jpg,Real,Real,0.0781925469636917,0.9218074083328248,Real,0.0039523178711533,0.9960476756095886,Fake,0.5842167139053345,0.4157833158969879,Real,0.4989897608757019,0.5010102391242981
/content/Dataset/Test/Real/real_4704.jpg,Real,Real,0.0100829117000103,0.9899170994758606,Fake,0.874605119228363,0.1253948658704757,Real,0.0193711686879396,0.9806288480758668,Fake,0.9694440364837646,0.030556010082364
/content/Dataset/Test/Real/real_4709.jpg,Real,Real,0.0077496017329394,0.992250382900238,Fake,0.5828645825386047,0.4171354472637176,Fake,0.8654641509056091,0.1345358490943908,Fake,0.9999668598175048,3.315590220154263e-05
/content/Dataset/Test/Real/real_471.jpg,Real,Fake,0.966521382331848,0.0334786251187324,Real,8.594449900556356e-05,0.999914050102234,Real,0.0005135929095558,0.9994863271713256,Real,2.2680313122691587e-05,0.9999773502349854
/content/Dataset/Test/Real/real_4710.jpg,Real,Real,0.0004937098710797,0.9995062351226808,Real,0.0876960903406143,0.9123039245605468,Real,0.0037739251274615,0.9962260723114014,Fake,0.9999450445175172,5.4926811571931466e-05
/content/Dataset/Test/Real/real_4711.jpg,Real,Real,7.286442269105464e-05,0.9999271631240844,Real,0.0001081225273082,0.9998918771743774,Real,0.0014636849518865,0.9985363483428956,Fake,0.999944806098938,5.518649777513929e-05
/content/Dataset/Test/Real/real_4712.jpg,Real,Real,0.0835621654987335,0.916437804698944,Fake,0.7479949593544006,0.2520050406455993,Real,0.0532861836254596,0.9467138648033142,Real,0.461246907711029,0.5387530326843262
/content/Dataset/Test/Real/real_4718.jpg,Real,Real,0.0042158863507211,0.9957841038703918,Real,0.167205661535263,0.8327943682670593,Fake,0.5319545269012451,0.4680455029010772,Real,0.0005493870121426,0.9994506239891052
/content/Dataset/Test/Real/real_4721.jpg,Real,Fake,0.9374046921730042,0.0625952780246734,Real,0.1259357184171676,0.8740642666816711,Fake,0.9978089928627014,0.0021909694187343,Real,0.0015112543478608,0.9984886646270752
/content/Dataset/Test/Real/real_4726.jpg,Real,Real,0.3886241316795349,0.6113759279251099,Real,0.0533186197280883,0.9466813802719116,Real,0.3821381330490112,0.6178618669509888,Fake,0.9999157190322876,8.424647967331111e-05
/content/Dataset/Test/Real/real_4728.jpg,Real,Real,0.0005852152244187,0.9994148015975952,Real,2.028450808211346e-06,0.9999979734420776,Real,2.563467751315329e-05,0.9999743700027466,Fake,0.9999526739120485,4.738307688967325e-05
/content/Dataset/Test/Real/real_4731.jpg,Real,Real,7.530197035521269e-05,0.999924659729004,Real,1.4092570381762926e-06,0.9999985694885254,Real,0.000127136343508,0.9998728036880492,Fake,0.7606308460235596,0.239369124174118
/content/Dataset/Test/Real/real_4733.jpg,Real,Fake,0.5645408034324646,0.4354591369628906,Real,0.1941551268100738,0.8058448433876038,Real,0.025829043239355,0.974170982837677,Real,0.0002180989249609,0.9997819066047668
/content/Dataset/Test/Real/real_4735.jpg,Real,Real,0.1124002784490585,0.8875997066497803,Fake,0.9712021350860596,0.0287978928536176,Fake,0.9852441549301147,0.0147559028118848,Fake,0.9999629259109496,3.702248795889318e-05
/content/Dataset/Test/Real/real_4736.jpg,Real,Fake,0.8791300654411316,0.1208698898553848,Fake,0.7261084914207458,0.2738915383815765,Real,0.0939820781350135,0.9060179591178894,Real,9.195529855787754e-05,0.9999080896377563
/content/Dataset/Test/Real/real_4742.jpg,Real,Real,0.0146179972216486,0.9853819608688354,Real,0.0004360306775197,0.999563992023468,Real,0.0332709960639476,0.9667289853096008,Fake,0.632150411605835,0.3678495585918426
/content/Dataset/Test/Real/real_4747.jpg,Real,Real,0.4626791179180145,0.5373209118843079,Fake,0.9998842477798462,0.0001157887600129,Real,0.3433926105499267,0.6566073894500732,Real,0.0486540682613849,0.951345920562744
/content/Dataset/Test/Real/real_4749.jpg,Real,Real,0.3293232321739197,0.6706767678260803,Real,0.0393979586660862,0.960602045059204,Real,0.2282333970069885,0.7717666625976562,Fake,0.9998842477798462,0.0001157540900749
/content/Dataset/Test/Real/real_475.jpg,Real,Fake,0.998908519744873,0.00109147594776,Fake,0.9286665916442872,0.0713334530591964,Fake,0.985666573047638,0.0143333785235881,Real,0.0001007858591037,0.99989914894104
/content/Dataset/Test/Real/real_4752.jpg,Real,Real,0.0799823626875877,0.920017659664154,Real,0.2170772552490234,0.7829226851463318,Real,0.0407928824424743,0.9592071771621704,Fake,0.997982382774353,0.0020175520330667
/content/Dataset/Test/Real/real_4753.jpg,Real,Real,0.1589398831129074,0.8410601019859314,Fake,0.994968593120575,0.0050313849933445,Fake,0.832812488079071,0.1671875417232513,Fake,0.9999651908874512,3.475842822808772e-05
/content/Dataset/Test/Real/real_4757.jpg,Real,Fake,0.6632313132286072,0.3367686569690704,Fake,0.94743013381958,0.0525698773562908,Real,0.2334378659725189,0.7665621638298035,Real,0.032371774315834,0.9676282405853271
/content/Dataset/Test/Real/real_4759.jpg,Real,Real,0.0203010030090808,0.9796990156173706,Fake,0.9592253565788268,0.0407746657729148,Real,0.3234439790248871,0.6765560507774353,Fake,0.9986351132392884,0.0013648681342601
/content/Dataset/Test/Real/real_476.jpg,Real,Real,0.1059665605425834,0.8940334916114807,Real,0.2593957483768463,0.7406042218208313,Fake,0.9909082651138306,0.0090917311608791,Real,0.0001169608221971,0.9998830556869508
/content/Dataset/Test/Real/real_4761.jpg,Real,Fake,0.948197901248932,0.0518021471798419,Fake,0.9990904331207277,0.0009095254936255,Real,0.1140907630324363,0.8859091997146606,Real,0.0001584159617777,0.999841570854187
/content/Dataset/Test/Real/real_4763.jpg,Real,Fake,0.9216349720954896,0.0783650055527687,Real,0.1743330210447311,0.8256669640541077,Real,0.0726309865713119,0.9273689985275269,Real,0.1590832769870758,0.8409166932106018
/content/Dataset/Test/Real/real_4773.jpg,Real,Fake,0.9309679865837096,0.0690319761633873,Fake,0.9994625449180604,0.0005374889587983,Fake,0.9887974858283995,0.0112024657428264,Fake,0.999110996723175,0.0008889595628716
/content/Dataset/Test/Real/real_4774.jpg,Real,Fake,0.8293552994728088,0.1706446856260299,Real,0.027049746364355,0.972950279712677,Real,0.1481469124555587,0.85185307264328,Fake,0.8683869242668152,0.1316130459308624
/content/Dataset/Test/Real/real_4775.jpg,Real,Fake,0.9627922773361206,0.0372076779603958,Real,0.0011639556614682,0.998836100101471,Real,0.0003179895575158,0.999682068824768,Real,5.320095442584716e-05,0.9999468326568604
/content/Dataset/Test/Real/real_4783.jpg,Real,Real,0.0005453811609186,0.99945467710495,Fake,0.9200718402862548,0.0799281895160675,Real,0.2838884592056274,0.7161115407943726,Real,0.4233960509300232,0.5766039490699768
/content/Dataset/Test/Real/real_4785.jpg,Real,Fake,0.8729340434074402,0.127065971493721,Real,4.972825536242453e-06,0.9999949932098388,Real,0.0267696864902973,0.9732303619384766,Real,2.8485243092291057e-05,0.9999715089797974
/content/Dataset/Test/Real/real_4786.jpg,Real,Fake,0.9828438758850098,0.017156146466732,Real,0.006029540207237,0.993970513343811,Real,3.5330638638697565e-05,0.999964714050293,Real,2.5473544155829583e-05,0.999974489212036
/content/Dataset/Test/Real/real_4787.jpg,Real,Real,0.4269901514053345,0.5730099081993103,Real,0.000727926264517,0.9992720484733582,Real,0.0618369691073894,0.9381629824638368,Fake,0.999923586845398,7.635638758074492e-05
/content/Dataset/Test/Real/real_4788.jpg,Real,Real,0.0009062349563464,0.999093770980835,Real,6.087692327128025e-06,0.9999939203262328,Real,0.1376603990793228,0.8623395562171936,Fake,0.9999370574951172,6.289867451414466e-05
/content/Dataset/Test/Real/real_4789.jpg,Real,Real,0.0001081703885574,0.9998918771743774,Real,0.0051895105279982,0.9948104619979858,Fake,0.5276076197624207,0.4723923504352569,Fake,0.9998546838760376,0.0001453368313377
/content/Dataset/Test/Real/real_479.jpg,Real,Fake,0.861226499080658,0.1387735456228256,Real,0.4659761786460876,0.5340238213539124,Fake,0.9816126823425292,0.018387321382761,Fake,0.9999494552612304,5.051072366768494e-05
/content/Dataset/Test/Real/real_4793.jpg,Real,Real,0.0127062713727355,0.9872937202453612,Real,0.0013323291204869,0.9986677169799804,Fake,0.765125572681427,0.2348744571208953,Fake,0.9261362552642822,0.0738637074828147
/content/Dataset/Test/Real/real_4795.jpg,Real,Fake,0.6316774487495422,0.3683226108551025,Real,6.705558917019516e-05,0.9999328851699828,Real,0.0169447846710681,0.9830552339553832,Real,0.0001333172695012,0.9998667240142822
/content/Dataset/Test/Real/real_4796.jpg,Real,Real,0.0003077723958995,0.99969220161438,Fake,0.9999934434890748,6.500936251541134e-06,Fake,0.995326042175293,0.0046739629469811,Fake,0.9998887777328492,0.0001111632300307
/content/Dataset/Test/Real/real_4798.jpg,Real,Real,0.0003461423621047,0.9996538162231444,Fake,0.8625023365020752,0.1374976336956024,Real,0.0196868572384119,0.9803131222724916,Fake,0.9999505281448364,4.944013562635519e-05
/content/Dataset/Test/Real/real_4799.jpg,Real,Real,0.072500392794609,0.9274995923042296,Real,0.0002846630814019,0.999715268611908,Real,0.0017711500404402,0.9982288479804992,Fake,0.9956717491149902,0.0043282127007842
/content/Dataset/Test/Real/real_480.jpg,Real,Real,0.0002480845432728,0.9997518658638,Real,0.1249871551990509,0.8750128149986267,Real,0.0547783784568309,0.9452216029167176,Fake,0.8181040287017822,0.1818959712982177
/content/Dataset/Test/Real/real_4804.jpg,Real,Real,0.0404160805046558,0.9595839381217957,Real,4.228354100632714e-06,0.9999958276748656,Real,0.001383151509799,0.9986168146133424,Fake,0.7399471998214722,0.2600528597831726
/content/Dataset/Test/Real/real_4805.jpg,Real,Fake,0.9991515874862672,0.0008483632118441,Real,0.0033928744960576,0.9966071844100952,Real,0.0650294199585914,0.9349705576896667,Real,0.0736827626824379,0.9263171553611756
/content/Dataset/Test/Real/real_4806.jpg,Real,Fake,0.8879882097244263,0.1120118126273155,Real,0.0002779806090984,0.9997219443321228,Real,0.00633294461295,0.9936670660972596,Real,0.0002852920442819,0.9997146725654602
/content/Dataset/Test/Real/real_4809.jpg,Real,Real,0.0089169917628169,0.991083025932312,Real,1.0655621736077592e-05,0.99998939037323,Fake,0.8054240942001343,0.1945758759975433,Real,2.782617229968309e-05,0.9999722242355348
/content/Dataset/Test/Real/real_481.jpg,Real,Fake,0.715247631072998,0.2847523987293243,Real,5.663538104272448e-05,0.9999433755874634,Real,0.0011739301262423,0.9988260865211488,Real,2.0888181097689085e-05,0.9999791383743286
/content/Dataset/Test/Real/real_4812.jpg,Real,Real,0.3999005854129791,0.6000994443893433,Real,0.4903226196765899,0.5096773505210876,Real,0.0524460561573505,0.9475539326667786,Fake,0.8952847123146057,0.1047153547406196
/content/Dataset/Test/Real/real_4820.jpg,Real,Fake,0.5991083979606628,0.4008915722370147,Real,2.088266455757548e-06,0.999997854232788,Real,7.87743047112599e-05,0.9999212026596068,Real,2.1643912987201475e-05,0.9999783039093018
/content/Dataset/Test/Real/real_4823.jpg,Real,Real,0.0456598810851573,0.954340159893036,Fake,0.9999916553497314,8.388930837099906e-06,Fake,0.9941149353981018,0.0058851400390267,Fake,0.9999144077301024,8.557631372241303e-05
/content/Dataset/Test/Real/real_4826.jpg,Real,Real,0.4519549906253814,0.5480449795722961,Fake,0.9999784231185912,2.1576481231022623e-05,Fake,0.8710466623306274,0.1289533674716949,Real,0.0014158355770632,0.9985841512680054
/content/Dataset/Test/Real/real_4827.jpg,Real,Fake,0.5106837749481201,0.4893162548542022,Real,8.64757851104514e-07,0.9999991655349731,Real,8.869889279594645e-05,0.9999113082885742,Real,2.95194004138466e-05,0.9999704360961914
/content/Dataset/Test/Real/real_4828.jpg,Real,Real,0.2244504392147064,0.775549590587616,Fake,0.9973039627075196,0.0026960186660289,Fake,0.9808891415596008,0.019110906869173,Real,0.4576837718486786,0.542316198348999
/content/Dataset/Test/Real/real_4829.jpg,Real,Real,0.0091864028945565,0.9908135533332824,Fake,0.9995998740196228,0.0004001824709121,Fake,0.9996383190155028,0.0003616513859014,Fake,0.9999146461486816,8.53780802572146e-05
/content/Dataset/Test/Real/real_483.jpg,Real,Real,0.004135597962886,0.9958643913269044,Real,0.0175634752959013,0.9824365377426147,Fake,0.6467183232307434,0.3532816469669342,Real,0.0611623600125312,0.9388376474380492
/content/Dataset/Test/Real/real_4830.jpg,Real,Real,0.0006285557174123,0.9993714690208436,Fake,0.9989637136459352,0.0010363183682784,Fake,0.997488260269165,0.002511715516448,Fake,0.999869465827942,0.0001305085606873
/content/Dataset/Test/Real/real_4831.jpg,Real,Real,0.0017214006511494,0.9982786178588868,Fake,0.9996621608734132,0.000337821082212,Fake,0.9976981282234192,0.0023019188083708,Fake,0.999893069267273,0.0001069713835022
/content/Dataset/Test/Real/real_4834.jpg,Real,Fake,0.7115550637245178,0.2884449362754822,Fake,0.7246455550193787,0.2753544151782989,Real,0.0059464364312589,0.9940535426139832,Real,0.2212612032890319,0.778738796710968
/content/Dataset/Test/Real/real_4835.jpg,Real,Fake,0.9578312039375304,0.0421688444912433,Fake,0.9999854564666748,1.4584451491828077e-05,Fake,0.9972793459892272,0.0027206526137888,Fake,0.9999151229858398,8.492126653436571e-05
/content/Dataset/Test/Real/real_4836.jpg,Real,Fake,0.9676604866981506,0.0323395580053329,Fake,0.9998168349266052,0.0001831991539802,Fake,0.9936473965644836,0.0063526295125484,Fake,0.999868631362915,0.0001313698448939
/content/Dataset/Test/Real/real_4837.jpg,Real,Real,0.106684572994709,0.8933154344558716,Fake,0.9195148348808287,0.0804851204156875,Real,0.0153379524126648,0.9846620559692384,Fake,0.9998047947883606,0.0001952307939063
/content/Dataset/Test/Real/real_4838.jpg,Real,Fake,0.9983783960342408,0.0016215984942391,Fake,0.9999271631240844,7.279717829078436e-05,Fake,0.9969351291656494,0.0030648678075522,Fake,0.999909520149231,9.042341116582976e-05
/content/Dataset/Test/Real/real_4839.jpg,Real,Fake,0.904617726802826,0.0953822508454322,Fake,0.9686505794525146,0.0313494578003883,Fake,0.7268175482749939,0.2731825113296509,Fake,0.9999549388885498,4.506367258727551e-05
/content/Dataset/Test/Real/real_4840.jpg,Real,Fake,0.9989545345306396,0.0010454435832798,Fake,0.9968296885490416,0.0031703161075711,Fake,0.9731597900390624,0.0268402453511953,Fake,0.9999599456787108,4.0027945942711085e-05
/content/Dataset/Test/Real/real_4841.jpg,Real,Real,0.0036029678303748,0.996397078037262,Fake,0.5234924554824829,0.4765075445175171,Real,0.0065126344561576,0.9934873580932616,Fake,0.9637197256088256,0.0362803041934967
/content/Dataset/Test/Real/real_4842.jpg,Real,Fake,0.9898399114608764,0.0101601192727684,Fake,0.6402135491371155,0.3597864210605621,Fake,0.7706475257873535,0.2293523997068405,Fake,0.5500412583351135,0.4499587714672088
/content/Dataset/Test/Real/real_4845.jpg,Real,Real,0.0251348279416561,0.974865198135376,Real,0.0833005160093307,0.916699469089508,Real,0.2132972776889801,0.7867027521133423,Fake,0.999099850654602,0.0009001558646559
/content/Dataset/Test/Real/real_4846.jpg,Real,Fake,0.8677534461021423,0.1322466135025024,Fake,0.9999929666519164,7.030961569398642e-06,Fake,0.9987426400184632,0.0012574335560202,Fake,0.9999555349349976,4.448159597814083e-05
/content/Dataset/Test/Real/real_4847.jpg,Real,Real,0.1415931582450866,0.8584069013595581,Fake,0.9798675775527954,0.0201324261724948,Fake,0.9819728136062622,0.0180271621793508,Fake,0.9999514818191528,4.851181074627675e-05
/content/Dataset/Test/Real/real_4848.jpg,Real,Real,0.0876191407442092,0.9123809337615968,Fake,0.9967800974845886,0.0032199597917497,Real,0.3110661804676056,0.6889338493347168,Fake,0.999935507774353,6.446876795962453e-05
/content/Dataset/Test/Real/real_4849.jpg,Real,Fake,0.8205941915512085,0.1794058084487915,Fake,0.8765246272087097,0.1234754174947738,Fake,0.980315089225769,0.0196849834173917,Real,8.351315773325041e-05,0.9999164342880248
/content/Dataset/Test/Real/real_485.jpg,Real,Real,0.0737455338239669,0.9262545108795166,Real,0.0022589885629713,0.9977409839630128,Real,0.0545299351215362,0.945470094680786,Fake,0.9995558857917786,0.0004440481716301
/content/Dataset/Test/Real/real_4850.jpg,Real,Real,8.81453524925746e-05,0.999911904335022,Real,0.2032842636108398,0.7967157363891602,Real,0.000988868647255,0.9990111589431764,Fake,0.99995219707489,4.781314783031121e-05
/content/Dataset/Test/Real/real_4851.jpg,Real,Fake,0.9917100071907043,0.0082900300621986,Real,0.0693801864981651,0.9306198358535768,Real,0.0028859521262347,0.9971140623092652,Real,0.3991425931453705,0.6008573770523071
/content/Dataset/Test/Real/real_4852.jpg,Real,Fake,0.9373490810394288,0.0626508742570877,Fake,0.9169570207595824,0.0830429717898368,Fake,0.9684422612190248,0.0315577536821365,Fake,0.9999550580978394,4.4949039875064045e-05
/content/Dataset/Test/Real/real_4853.jpg,Real,Real,0.0170603916049003,0.982939600944519,Fake,0.6226376891136169,0.377362310886383,Real,0.1074160486459732,0.8925839066505432,Real,0.2810750603675842,0.7189249992370605
/content/Dataset/Test/Real/real_4854.jpg,Real,Real,0.039869949221611,0.9601300358772278,Real,0.0558247007429599,0.9441753625869752,Fake,0.6818809509277344,0.3181190192699432,Real,0.0006542730843648,0.9993457198143004
/content/Dataset/Test/Real/real_4855.jpg,Real,Real,0.0017547579482197,0.9982452392578124,Real,0.0440473109483718,0.9559526443481444,Real,0.0002075879601761,0.9997923970222472,Fake,0.9999635219573976,3.650122744147666e-05
/content/Dataset/Test/Real/real_4859.jpg,Real,Real,0.0027608107775449,0.9972392320632936,Fake,0.9782272577285768,0.0217727422714233,Real,0.0337644442915916,0.96623557806015,Real,0.0156263448297977,0.9843736886978148
/content/Dataset/Test/Real/real_4862.jpg,Real,Real,0.3356533050537109,0.6643466949462891,Real,0.0918077006936073,0.9081922769546508,Fake,0.959217131137848,0.0407828800380229,Fake,0.999945878982544,5.4133553931023926e-05
/content/Dataset/Test/Real/real_4863.jpg,Real,Fake,0.9418465495109558,0.0581534914672374,Real,0.0001104679249692,0.9998894929885864,Real,6.278695309447357e-06,0.9999936819076538,Real,0.0001357333967462,0.9998642206192015
/content/Dataset/Test/Real/real_4864.jpg,Real,Real,0.0037286914885044,0.9962712526321412,Fake,0.8244043588638306,0.1755956709384918,Real,0.421598345041275,0.5784016847610474,Fake,0.9999665021896362,3.345423101563938e-05
/content/Dataset/Test/Real/real_4865.jpg,Real,Fake,0.817165732383728,0.1828343421220779,Fake,0.9437811374664308,0.0562189146876335,Fake,0.828851580619812,0.1711483597755432,Fake,0.9809926152229308,0.0190073549747467
/content/Dataset/Test/Real/real_4869.jpg,Real,Fake,0.9660032391548156,0.0339967459440231,Fake,0.9998494386672974,0.0001505640975665,Fake,0.9960668683052064,0.0039331028237938,Fake,0.9998493194580078,0.0001506070402683
/content/Dataset/Test/Real/real_4870.jpg,Real,Real,0.4632520973682403,0.5367478728294373,Fake,0.9999794960021972,2.0496094293775968e-05,Fake,0.9836973547935486,0.016302615404129,Fake,0.9999433755874634,5.659456655848771e-05
/content/Dataset/Test/Real/real_4871.jpg,Real,Real,0.4710464775562286,0.528953492641449,Fake,0.5335938930511475,0.4664060771465301,Fake,0.5432906746864319,0.4567093253135681,Real,0.0307749938219785,0.96922504901886
/content/Dataset/Test/Real/real_4874.jpg,Real,Fake,0.9750730395317078,0.024926945567131,Real,0.0007193880155682,0.9992806315422058,Real,0.0043377624824643,0.995662271976471,Real,0.0003310560423415,0.9996689558029176
/content/Dataset/Test/Real/real_4875.jpg,Real,Real,0.0981923043727874,0.9018077254295348,Fake,0.9299594163894652,0.0700406059622764,Fake,0.6640665531158447,0.3359334766864776,Fake,0.9999290704727172,7.09542800905183e-05
/content/Dataset/Test/Real/real_4876.jpg,Real,Real,0.0090185832232236,0.99098140001297,Fake,0.9999954700469972,4.487197656999342e-06,Fake,0.9655209183692932,0.0344790481030941,Fake,0.9999377727508544,6.227967969607562e-05
/content/Dataset/Test/Real/real_4878.jpg,Real,Real,0.0098494384437799,0.9901505708694458,Real,0.0001688645133981,0.9998310804367064,Fake,0.9111728668212892,0.0888271853327751,Fake,0.9997692704200744,0.0002306891983607
/content/Dataset/Test/Real/real_4879.jpg,Real,Real,0.0025418614968657,0.9974581599235536,Fake,0.9948415160179138,0.0051584779284894,Real,0.0021287684794515,0.9978712797164916,Real,0.0640874728560447,0.9359124898910522
/content/Dataset/Test/Real/real_4880.jpg,Real,Real,0.0874577909708023,0.9125422239303588,Fake,0.936034381389618,0.0639656782150268,Fake,0.9449712634086608,0.0550287142395973,Fake,0.5383176207542419,0.461682379245758
/content/Dataset/Test/Real/real_4881.jpg,Real,Real,0.0244783442467451,0.9755216240882874,Real,1.2854268788942136e-05,0.9999871253967284,Real,0.0014946764567866,0.9985053539276124,Fake,0.8366684913635254,0.1633314937353134
/content/Dataset/Test/Real/real_4883.jpg,Real,Fake,0.5923476815223694,0.4076523184776306,Real,0.0002323017833987,0.9997677206993104,Real,0.0009448058553971,0.9990552067756652,Fake,0.7067565321922302,0.2932434380054474
/content/Dataset/Test/Real/real_4884.jpg,Real,Real,0.0218950342386961,0.9781050086021424,Real,0.0590180903673172,0.940981924533844,Fake,0.7414628863334656,0.258537083864212,Fake,0.9999324083328248,6.755112553946674e-05
/content/Dataset/Test/Real/real_4885.jpg,Real,Fake,0.9644216299057008,0.0355783812701702,Real,0.0217188466340303,0.9782811403274536,Real,0.0400512963533401,0.959948718547821,Real,5.40120636287611e-05,0.9999459981918336
/content/Dataset/Test/Real/real_4886.jpg,Real,Real,0.0002321370411664,0.9997678399086,Real,0.0013697063550353,0.9986302852630616,Real,0.0720748230814933,0.927925169467926,Fake,0.9998363256454468,0.0001637058594496
/content/Dataset/Test/Real/real_4887.jpg,Real,Real,6.885578477522358e-05,0.9999310970306396,Real,1.2678129678533878e-05,0.9999873638153076,Real,0.4917133450508117,0.508286714553833,Fake,0.9993120431900024,0.0006880171131342
/content/Dataset/Test/Real/real_4889.jpg,Real,Fake,0.9627657532691956,0.0372342690825462,Fake,0.9936861395835876,0.006313825957477,Fake,0.7914059162139893,0.2085940688848495,Fake,0.9696219563484192,0.0303779616951942
/content/Dataset/Test/Real/real_4891.jpg,Real,Real,0.0032148626632988,0.9967851638793944,Real,0.017470022663474,0.9825299382209778,Real,0.0317273437976837,0.9682726860046388,Fake,0.9999223947525024,7.76207452872768e-05
/content/Dataset/Test/Real/real_4893.jpg,Real,Fake,0.9854639172554016,0.0145360846072435,Real,0.000799699453637,0.9992002844810486,Real,7.851638656575233e-05,0.999921441078186,Fake,0.999845027923584,0.0001549573935335
/content/Dataset/Test/Real/real_4894.jpg,Real,Fake,0.6780385971069336,0.321961373090744,Fake,0.5188193917274475,0.4811805784702301,Fake,0.994247317314148,0.0057526901364326,Real,0.000172998115886,0.9998270869255066
/content/Dataset/Test/Real/real_4895.jpg,Real,Fake,0.986221969127655,0.013777956366539,Real,0.115429937839508,0.8845700621604919,Fake,0.9758304953575134,0.0241694618016481,Fake,0.9953540563583374,0.0046459496952593
/content/Dataset/Test/Real/real_4896.jpg,Real,Fake,0.9408926963806152,0.0591073036193847,Real,8.184803300537169e-05,0.9999181032180786,Real,0.0114467777311801,0.9885532855987548,Real,0.0570733360946178,0.9429267048835754
/content/Dataset/Test/Real/real_4897.jpg,Real,Real,0.0871124491095542,0.9128875732421876,Real,0.1498042792081833,0.8501957058906555,Fake,0.5299090147018433,0.4700909554958343,Real,0.4026303291320801,0.5973696708679199
/content/Dataset/Test/Real/real_4898.jpg,Real,Real,0.432031512260437,0.567968487739563,Real,0.1028040051460266,0.8971960544586182,Fake,0.7660844326019287,0.2339155375957489,Fake,0.9401914477348328,0.0598085559904575
/content/Dataset/Test/Real/real_4899.jpg,Real,Real,0.2199271619319915,0.780072808265686,Real,0.2027980238199234,0.7972019910812378,Real,0.1225898489356041,0.8774101734161377,Fake,0.9998489618301392,0.0001509733992861
/content/Dataset/Test/Real/real_490.jpg,Real,Fake,0.6097069382667542,0.3902930319309234,Real,0.0037016209680587,0.996298372745514,Real,0.1302222460508346,0.8697777390480042,Real,0.0955637246370315,0.9044362306594848
/content/Dataset/Test/Real/real_4901.jpg,Real,Real,0.0001678896514931,0.999832034111023,Real,0.0011495096841827,0.9988504648208618,Real,0.013749380595982,0.986250638961792,Fake,0.9999512434005736,4.870449993177317e-05
/content/Dataset/Test/Real/real_4902.jpg,Real,Real,3.760265462915413e-05,0.9999624490737916,Real,0.0003438620478846,0.999656081199646,Real,0.000156069843797,0.999843955039978,Fake,0.9992628693580629,0.0007371011306531
/content/Dataset/Test/Real/real_4903.jpg,Real,Real,0.0444363132119178,0.9555637240409852,Fake,0.999985694885254,1.4266293874243274e-05,Fake,0.9985570311546326,0.0014429861912503,Fake,0.9999017715454102,9.817970567382872e-05
/content/Dataset/Test/Real/real_4904.jpg,Real,Fake,0.7242363691329956,0.2757636904716491,Fake,0.9999691247940063,3.088414450758137e-05,Fake,0.9989426732063292,0.0010573605541139,Fake,0.9998806715011596,0.000119278076454
/content/Dataset/Test/Real/real_4905.jpg,Real,Real,0.0214463919401168,0.9785536527633668,Fake,0.9999940395355223,5.905607849854277e-06,Fake,0.9985833168029784,0.0014167353510856,Fake,0.9999253749847412,7.464906957466155e-05
/content/Dataset/Test/Real/real_4906.jpg,Real,Real,0.0145360296592116,0.9854639172554016,Fake,0.9999154806137084,8.4469465946313e-05,Fake,0.965495228767395,0.0345047675073146,Fake,0.9999443292617798,5.566079926211387e-05
/content/Dataset/Test/Real/real_4907.jpg,Real,Fake,0.8757568597793579,0.1242431476712226,Fake,0.9999847412109376,1.52162110680365e-05,Fake,0.9954871535301208,0.0045127822086215,Fake,0.9999303817749025,6.965761713217944e-05
/content/Dataset/Test/Real/real_4908.jpg,Real,Fake,0.944374978542328,0.0556250810623168,Real,0.1087657958269119,0.8912341594696045,Fake,0.8106521368026733,0.1893478482961654,Fake,0.9721036553382874,0.027896411716938
/content/Dataset/Test/Real/real_491.jpg,Real,Fake,0.9219168424606324,0.0780831798911094,Real,0.0244837328791618,0.9755163192749025,Real,0.4211843311786651,0.5788156986236572,Real,0.0975225567817688,0.9024774432182312
/content/Dataset/Test/Real/real_4910.jpg,Real,Real,0.0029653962701559,0.9970345497131348,Real,0.0187082421034574,0.9812917709350586,Real,7.369070954155177e-05,0.9999263286590576,Fake,0.9754362106323242,0.0245637856423854
/content/Dataset/Test/Real/real_4912.jpg,Real,Real,0.0006330701871775,0.9993669390678406,Real,0.0014748484827578,0.9985252022743224,Real,0.1113983914256095,0.8886016011238098,Fake,0.9999133348464966,8.665536006446928e-05
/content/Dataset/Test/Real/real_4915.jpg,Real,Fake,0.9968801736831664,0.0031198351643979,Fake,0.9999383687973022,6.164990190882236e-05,Fake,0.9984845519065856,0.0015155107248574,Real,0.2832175195217132,0.7167825102806091
/content/Dataset/Test/Real/real_4916.jpg,Real,Real,0.0080820173025131,0.9919180274009703,Fake,0.7615566849708557,0.2384432703256607,Fake,0.7754583954811096,0.2245416343212127,Fake,0.9999427795410156,5.716572559322231e-05
/content/Dataset/Test/Real/real_4920.jpg,Real,Fake,0.8443912267684937,0.1556087434291839,Real,0.0016235117800533,0.998376488685608,Real,0.496368408203125,0.503631591796875,Real,0.0001448763359803,0.9998551607131958
/content/Dataset/Test/Real/real_4922.jpg,Real,Fake,0.8252143263816833,0.1747857183218002,Fake,0.997830092906952,0.0021699001081287,Fake,0.980705976486206,0.0192939657717943,Fake,0.967459499835968,0.0325405560433864
/content/Dataset/Test/Real/real_4923.jpg,Real,Fake,0.5589761734008789,0.4410238564014435,Fake,0.7697902917861938,0.2302097380161285,Fake,0.9054450392723083,0.0945549309253692,Fake,0.999947428703308,5.254293137113564e-05
/content/Dataset/Test/Real/real_4924.jpg,Real,Fake,0.72904372215271,0.2709563076496124,Real,0.0010674312943592,0.9989325404167176,Real,0.0003434030804783,0.9996565580368042,Fake,0.9999585151672364,4.151189932599664e-05
/content/Dataset/Test/Real/real_4925.jpg,Real,Real,0.0522252507507801,0.9477747082710266,Real,8.248135418398306e-05,0.9999175071716307,Real,0.0022433162666857,0.9977566599845886,Fake,0.9999513626098632,4.866336894338019e-05
/content/Dataset/Test/Real/real_4926.jpg,Real,Real,0.0085955085232853,0.9914044141769408,Real,0.0054008360020816,0.9945991039276124,Real,0.0139412488788366,0.98605877161026,Fake,0.9999545812606812,4.53916763945017e-05
/content/Dataset/Test/Real/real_4927.jpg,Real,Fake,0.9939560294151306,0.0060440069064497,Real,0.0866801887750625,0.9133198261260986,Fake,0.5255837440490723,0.4744161963462829,Fake,0.8226797580718994,0.1773202121257782
/content/Dataset/Test/Real/real_4928.jpg,Real,Fake,0.9859514236450196,0.0140486015006899,Fake,0.999996542930603,3.4784309264068725e-06,Fake,0.9972934126853944,0.0027065780013799,Fake,0.9999359846115112,6.40202488284558e-05
/content/Dataset/Test/Real/real_4933.jpg,Real,Fake,0.530103862285614,0.4698961675167084,Real,1.3040150861343136e-06,0.9999986886978148,Real,7.903313962742686e-05,0.9999209642410278,Real,0.0003535748983267,0.9996464252471924
/content/Dataset/Test/Real/real_4936.jpg,Real,Fake,0.6044742465019226,0.3955257833003998,Fake,0.9995751976966858,0.000424743455369,Fake,0.963196337223053,0.0368035919964313,Fake,0.9998897314071656,0.0001103128815884
/content/Dataset/Test/Real/real_4939.jpg,Real,Fake,0.9003873467445374,0.0996126160025596,Real,0.4958686828613281,0.5041313171386719,Fake,0.5384001135826111,0.4615998864173889,Fake,0.9990652203559875,0.0009348147432319
/content/Dataset/Test/Real/real_4940.jpg,Real,Fake,0.9995567202568054,0.0004432057612575,Fake,0.9706154465675354,0.0293845925480127,Fake,0.9120871424674988,0.087912805378437,Fake,0.7649466395378113,0.2350533902645111
/content/Dataset/Test/Real/real_4941.jpg,Real,Real,0.4744009971618652,0.5255990624427795,Real,0.4374239444732666,0.5625760555267334,Fake,0.8343631029129028,0.1656369119882583,Real,0.39949831366539,0.6005016565322876
/content/Dataset/Test/Real/real_4945.jpg,Real,Real,0.0009984666248783,0.9990015625953674,Real,0.0025696237571537,0.997430384159088,Fake,0.8575316667556763,0.1424682885408401,Fake,0.9994010925292968,0.0005989073542878
/content/Dataset/Test/Real/real_4947.jpg,Real,Real,0.0075313239358365,0.9924686551094056,Real,0.0066084736026823,0.9933915138244628,Real,5.713259452022612e-05,0.9999428987503052,Fake,0.9984065890312196,0.001593489665538
/content/Dataset/Test/Real/real_4948.jpg,Real,Fake,0.7091894745826721,0.2908104956150055,Fake,0.9988376498222352,0.0011623268947005,Real,0.2016907036304474,0.798309326171875,Fake,0.999942660331726,5.729168333346024e-05
/content/Dataset/Test/Real/real_4949.jpg,Real,Fake,0.7835645079612732,0.2164354622364044,Real,0.1841559410095214,0.8158440589904785,Real,0.0590864904224872,0.9409134984016418,Fake,0.9995248317718506,0.0004751596716232
/content/Dataset/Test/Real/real_4950.jpg,Real,Fake,0.5657445788383484,0.4342554211616516,Fake,0.5501066446304321,0.4498933255672455,Fake,0.5577676296234131,0.4422323703765869,Fake,0.6420473456382751,0.3579526543617248
/content/Dataset/Test/Real/real_4953.jpg,Real,Real,0.4863831698894501,0.5136168599128723,Fake,0.677272379398346,0.3227275609970093,Fake,0.5086023211479187,0.4913977086544037,Real,0.0027106534689664,0.9972894191741944
/content/Dataset/Test/Real/real_4954.jpg,Real,Real,8.012452599359676e-05,0.999919891357422,Fake,0.992621898651123,0.0073781497776508,Real,0.0258039105683565,0.9741961359977722,Fake,0.9999467134475708,5.3229367040330544e-05
/content/Dataset/Test/Real/real_4955.jpg,Real,Real,0.144048810005188,0.8559511303901672,Real,0.1899648606777191,0.8100351095199585,Real,0.0001111613237299,0.9998887777328492,Fake,0.9999196529388428,8.028619777178392e-05
/content/Dataset/Test/Real/real_4956.jpg,Real,Real,0.0038870288990437,0.9961129426956176,Fake,0.5837533473968506,0.4162466824054718,Real,0.2829956114292145,0.7170044183731079,Fake,0.9999699592590332,3.0079107091296464e-05
/content/Dataset/Test/Real/real_4957.jpg,Real,Real,0.0001375696010654,0.9998624324798584,Real,0.0014485305873677,0.9985514283180236,Fake,0.7735009789466858,0.2264990508556366,Fake,0.9999406337738036,5.941425843047909e-05
/content/Dataset/Test/Real/real_4958.jpg,Real,Fake,0.9996711015701294,0.0003289456653874,Real,0.398378312587738,0.6016217470169067,Fake,0.9688725471496582,0.0311274956911802,Fake,0.8079360723495483,0.1920639276504516
/content/Dataset/Test/Real/real_4959.jpg,Real,Real,0.0028756628744304,0.9971243739128112,Fake,0.999959111213684,4.090733273187652e-05,Fake,0.997893750667572,0.002106225118041,Fake,0.9999313354492188,6.866602780064568e-05
/content/Dataset/Test/Real/real_4967.jpg,Real,Fake,0.9997618794441224,0.0002381177037023,Fake,0.999940037727356,6.000306166242808e-05,Real,0.4758348166942596,0.5241652131080627,Fake,0.9999688863754272,3.1103932997211814e-05
/content/Dataset/Test/Real/real_4968.jpg,Real,Fake,0.9725305438041688,0.0274694617837667,Fake,0.9885249733924866,0.0114750759676098,Fake,0.9067006707191468,0.0932992696762085,Fake,0.9999620914459229,3.787342575378716e-05
/content/Dataset/Test/Real/real_4969.jpg,Real,Real,0.024874148890376,0.9751258492469788,Real,0.0005184418405406,0.9994816184043884,Real,0.0435793288052082,0.9564206600189208,Fake,0.9999743700027466,2.5659086531959477e-05
/content/Dataset/Test/Real/real_4970.jpg,Real,Real,0.0443761572241783,0.9556239247322084,Real,0.0060370033606886,0.9939629435539246,Real,0.0249335970729589,0.9750663638114928,Fake,0.9978682994842528,0.0021316856145858
/content/Dataset/Test/Real/real_4971.jpg,Real,Real,0.0314087904989719,0.9685912132263184,Real,0.0024120043963193,0.997588038444519,Real,0.0276852846145629,0.9723146557807922,Fake,0.9998852014541626,0.0001148128940258
/content/Dataset/Test/Real/real_4972.jpg,Real,Real,0.2879452109336853,0.7120547890663147,Real,0.0031499625183641,0.9968500733375548,Real,0.1785665452480316,0.821433424949646,Fake,0.9904392957687378,0.0095607228577137
/content/Dataset/Test/Real/real_4973.jpg,Real,Real,0.0377829186618328,0.9622170329093932,Real,0.0006772968336008,0.999322772026062,Real,0.0089374994859099,0.9910625219345092,Fake,0.999106466770172,0.0008935520309023
/content/Dataset/Test/Real/real_4976.jpg,Real,Real,0.0004018243052996,0.9995982050895692,Real,0.0002085660526063,0.9997914433479308,Real,0.0021853952202945,0.9978145360946656,Fake,0.9987404942512512,0.0012595034204423
/content/Dataset/Test/Real/real_4977.jpg,Real,Fake,0.9528249502182008,0.0471750721335411,Fake,0.996587872505188,0.0034121286589652,Fake,0.9892972111701964,0.0107028167694807,Fake,0.999916672706604,8.3296668890398e-05
/content/Dataset/Test/Real/real_4978.jpg,Real,Fake,0.9986452460289,0.0013547466369345,Fake,0.9944533705711364,0.0055466126650571,Fake,0.820224940776825,0.1797750443220138,Fake,0.9991458654403688,0.0008540977723896
/content/Dataset/Test/Real/real_4979.jpg,Real,Fake,0.9827104210853576,0.0172896105796098,Real,0.0598414242267608,0.9401585459709167,Real,0.1969969719648361,0.8030030131340027,Fake,0.9989845156669616,0.0010155143681913
/content/Dataset/Test/Real/real_4980.jpg,Real,Real,0.3553672432899475,0.6446326971054077,Real,0.1847103834152221,0.8152896165847778,Real,0.237114742398262,0.7628852725028992,Fake,0.9596440196037292,0.0403560400009155
/content/Dataset/Test/Real/real_4981.jpg,Real,Real,0.0195671021938323,0.9804328680038452,Fake,0.5679200887680054,0.4320798814296722,Real,0.4506855905056,0.5493144392967224,Real,0.0329306423664093,0.9670693278312684
/content/Dataset/Test/Real/real_4982.jpg,Real,Real,0.2677873373031616,0.7322126626968384,Real,0.206566646695137,0.793433427810669,Fake,0.8283114433288574,0.1716885864734649,Real,0.061245460063219,0.9387544989585876
/content/Dataset/Test/Real/real_4984.jpg,Real,Real,0.0018382207490503,0.9981617331504822,Fake,0.9987894892692566,0.0012105116620659,Fake,0.9985604882240297,0.0014394889585673,Fake,0.999907612800598,9.23466868698597e-05
/content/Dataset/Test/Real/real_4985.jpg,Real,Real,0.1742193698883056,0.8257806301116943,Fake,0.999990940093994,9.09034406504361e-06,Fake,0.9948242902755736,0.0051756794564425,Fake,0.9999582767486572,4.175905996817164e-05
/content/Dataset/Test/Real/real_4988.jpg,Real,Fake,0.9902166128158568,0.0097834188491106,Fake,0.9999549388885498,4.5034801587462425e-05,Fake,0.7100822329521179,0.2899177670478821,Fake,0.9999467134475708,5.325871825334616e-05
/content/Dataset/Test/Real/real_4991.jpg,Real,Fake,0.9929392337799072,0.0070607825182378,Real,6.288949953159317e-05,0.9999370574951172,Fake,0.8409377336502075,0.1590622961521148,Fake,0.9598219990730286,0.0401779673993587
/content/Dataset/Test/Real/real_4992.jpg,Real,Fake,0.9992210865020752,0.0007789176306687,Real,0.0379247739911079,0.9620752334594728,Real,0.4410386979579925,0.5589613318443298,Fake,0.9998667240142822,0.0001332139363512
/content/Dataset/Test/Real/real_4993.jpg,Real,Real,0.0084786098450422,0.9915213584899902,Fake,0.9999873638153076,1.268891901418101e-05,Fake,0.9974428415298462,0.0025571195874363,Fake,0.9999511241912842,4.893244113191031e-05
/content/Dataset/Test/Real/real_4994.jpg,Real,Real,0.0841831788420677,0.9158167839050292,Fake,0.9685583114624025,0.031441681087017,Fake,0.9959741234779358,0.004025864880532,Fake,0.9999568462371826,4.3174775782972574e-05
/content/Dataset/Test/Real/real_4999.jpg,Real,Fake,0.9678902626037598,0.0321097001433372,Real,4.165842256043106e-06,0.9999958276748656,Real,0.3883177936077118,0.6116822361946106,Real,3.512851981213316e-05,0.9999648332595824
/content/Dataset/Test/Real/real_500.jpg,Real,Real,0.2098604440689087,0.7901395559310913,Fake,0.9795772433280944,0.020422713831067,Fake,0.8974880576133728,0.1025119125843048,Fake,0.9978429079055786,0.0021570411045104
/content/Dataset/Test/Real/real_5001.jpg,Real,Fake,0.881878137588501,0.1181219294667244,Fake,0.9330769181251526,0.0669230595231056,Fake,0.9728879928588868,0.027112016454339,Fake,0.9803687930107116,0.0196312312036752
/content/Dataset/Test/Real/real_5004.jpg,Real,Real,0.0037351220380514,0.99626487493515,Fake,0.8359565138816833,0.1640434563159942,Fake,0.5832814574241638,0.4167185127735138,Real,0.0002245966170448,0.9997754693031312
/content/Dataset/Test/Real/real_5005.jpg,Real,Fake,0.9387649297714232,0.0612350367009639,Fake,0.9991816878318788,0.000818348431494,Fake,0.953549027442932,0.0464510209858417,Fake,0.9999396800994872,6.031065640854649e-05
/content/Dataset/Test/Real/real_5006.jpg,Real,Real,0.0010170857422053,0.998982846736908,Real,0.0001407254603691,0.9998592138290404,Real,0.0001387510565109,0.9998612403869628,Fake,0.9855052828788756,0.0144946938380599
/content/Dataset/Test/Real/real_5008.jpg,Real,Real,0.0004674474766943,0.9995325803756714,Real,0.2028175443410873,0.7971824407577515,Real,0.1930484771728515,0.8069515228271484,Fake,0.99197655916214,0.0080234091728925
/content/Dataset/Test/Real/real_5009.jpg,Real,Fake,0.8927761912345886,0.1072238460183143,Fake,0.6378768086433411,0.3621232509613037,Fake,0.775489866733551,0.2245101183652877,Fake,0.9997230172157288,0.0002769826969597
/content/Dataset/Test/Real/real_5010.jpg,Real,Real,0.0103098722174763,0.9896901845932008,Real,0.1290169209241867,0.8709830641746521,Real,0.0290723647922277,0.9709276556968688,Fake,0.9999228715896606,7.710477075306699e-05
/content/Dataset/Test/Real/real_5011.jpg,Real,Real,0.1296346336603164,0.8703654408454895,Fake,0.6236955523490906,0.3763044476509094,Fake,0.9537014365196228,0.0462986007332801,Real,0.1767206192016601,0.8232794404029846
/content/Dataset/Test/Real/real_5012.jpg,Real,Fake,0.5471879243850708,0.4528120458126068,Fake,0.980948567390442,0.0190514288842678,Real,0.000219071182073,0.9997809529304504,Real,9.241523366654292e-05,0.999907612800598
/content/Dataset/Test/Real/real_5013.jpg,Real,Fake,0.9971386194229126,0.002861354034394,Fake,0.98056823015213,0.0194317549467086,Fake,0.9981275200843812,0.0018725218251347,Real,0.0001120035885833,0.9998879432678224
/content/Dataset/Test/Real/real_5015.jpg,Real,Real,0.0181539058685302,0.981846034526825,Real,0.3499274551868438,0.6500725746154785,Fake,0.9256314635276794,0.0743685588240623,Fake,0.999963879585266,3.612118962337263e-05
/content/Dataset/Test/Real/real_5016.jpg,Real,Fake,0.5626283288002014,0.4373717010021209,Fake,0.9982300400733948,0.0017699870513752,Fake,0.998748779296875,0.0012512446846812,Fake,0.9999545812606812,4.538548455457203e-05
/content/Dataset/Test/Real/real_5017.jpg,Real,Fake,0.9595313668251038,0.0404686145484447,Fake,0.9190932512283324,0.0809068158268928,Fake,0.9939247965812684,0.0060751806013286,Fake,0.9999349117279052,6.505297642434016e-05
/content/Dataset/Test/Real/real_5018.jpg,Real,Fake,0.646949827671051,0.3530502021312713,Fake,0.9531226754188538,0.0468773283064365,Fake,0.9957290291786194,0.0042709768749773,Fake,0.999935746192932,6.41918377368711e-05
/content/Dataset/Test/Real/real_5019.jpg,Real,Fake,0.9944209456443788,0.0055790417827665,Fake,0.9314788579940796,0.0685211792588234,Fake,0.9863183498382568,0.0136816315352916,Fake,0.999903917312622,9.611387940822168e-05
/content/Dataset/Test/Real/real_5022.jpg,Real,Real,0.419888287782669,0.5801117420196533,Fake,0.999886393547058,0.0001135724160121,Fake,0.9918184280395508,0.0081815496087074,Fake,0.9999406337738036,5.941607014392503e-05
/content/Dataset/Test/Real/real_5026.jpg,Real,Fake,0.9956854581832886,0.0043146167881786,Fake,0.9904816746711732,0.0095183216035366,Fake,0.9029944539070128,0.097005546092987,Fake,0.999926209449768,7.37511581974104e-05
/content/Dataset/Test/Real/real_5027.jpg,Real,Real,0.4255919158458709,0.5744081139564514,Fake,0.9998784065246582,0.000121537821542,Fake,0.9970495700836182,0.0029503477271646,Fake,0.999920129776001,7.98203909653239e-05
/content/Dataset/Test/Real/real_503.jpg,Real,Fake,0.8666189312934875,0.1333810240030288,Real,0.0106212887912988,0.9893787503242492,Real,0.4127464890480041,0.5872534513473511,Real,0.0268293004482984,0.9731706976890564
/content/Dataset/Test/Real/real_5030.jpg,Real,Real,0.2261950224637985,0.7738050222396851,Real,0.3082588016986847,0.6917412281036377,Real,0.3785499632358551,0.6214500069618225,Fake,0.7103580832481384,0.2896418869495392
/content/Dataset/Test/Real/real_5031.jpg,Real,Real,0.2763767540454864,0.7236232161521912,Fake,0.9867829084396362,0.0132170617580413,Real,0.005608775652945,0.9943912625312804,Real,0.0245141666382551,0.975485861301422
/content/Dataset/Test/Real/real_5037.jpg,Real,Fake,0.9994390606880188,0.0005609246436506,Real,0.301875352859497,0.6981245875358582,Real,0.1478806138038635,0.8521193265914917,Real,0.0158359501510858,0.98416405916214
/content/Dataset/Test/Real/real_5039.jpg,Real,Real,0.0003208701091352,0.9996790885925292,Real,0.0751834288239479,0.9248166084289552,Real,0.2873347103595733,0.712665319442749,Fake,0.6988353133201599,0.3011647164821625
/content/Dataset/Test/Real/real_5041.jpg,Real,Real,0.0082029625773429,0.9917969703674316,Real,2.2029618776286952e-05,0.9999779462814332,Real,0.0004766215279232,0.999523401260376,Fake,0.6853909492492676,0.3146090805530548
/content/Dataset/Test/Real/real_5042.jpg,Real,Real,0.0052608125843107,0.9947392344474792,Fake,0.9999620914459229,3.7859270378248766e-05,Fake,0.999483585357666,0.0005163970636203,Fake,0.9999487400054932,5.1291681302245706e-05
/content/Dataset/Test/Real/real_5046.jpg,Real,Real,0.0041227350011467,0.9958772659301758,Fake,0.8798658847808838,0.1201340928673744,Real,0.1828477084636688,0.8171522617340088,Fake,0.9839929938316344,0.016007050871849
/content/Dataset/Test/Real/real_5047.jpg,Real,Real,0.0153903095051646,0.9846097230911256,Real,0.0003705440904013,0.9996293783187866,Real,0.0950128138065338,0.9049872159957886,Fake,0.9820043444633484,0.0179956778883934
/content/Dataset/Test/Real/real_5050.jpg,Real,Real,9.091173706110568e-05,0.9999090433120728,Fake,0.8881533145904541,0.1118466928601265,Fake,0.8182359337806702,0.1817640662193298,Fake,0.999901533126831,9.849064372247084e-05
/content/Dataset/Test/Real/real_5052.jpg,Real,Real,0.0409942530095577,0.9590057134628296,Fake,0.9726569652557372,0.0273430664092302,Fake,0.9542307257652284,0.0457692965865135,Fake,0.9989470839500428,0.0010529566789045
/content/Dataset/Test/Real/real_5053.jpg,Real,Fake,0.6841736435890198,0.3158263564109802,Real,0.2213834524154663,0.7786166071891785,Fake,0.8354752063751221,0.1645248234272003,Fake,0.85255366563797,0.1474463194608688
/content/Dataset/Test/Real/real_5058.jpg,Real,Real,0.0018863830482587,0.9981136322021484,Real,0.003435002407059,0.996565043926239,Real,0.0003769965551327,0.9996229410171508,Fake,0.900453507900238,0.0995464324951171
/content/Dataset/Test/Real/real_5059.jpg,Real,Real,0.0012358374660834,0.998764157295227,Real,0.0001310761581407,0.999868869781494,Real,0.0285837557166814,0.9714162945747375,Fake,0.9985087513923644,0.0014912254409864
/content/Dataset/Test/Real/real_506.jpg,Real,Fake,0.9557858109474182,0.0442142225801944,Real,0.2936955690383911,0.7063044309616089,Real,0.4439927935600281,0.5560072660446167,Fake,0.9897032380104064,0.0102967526763677
/content/Dataset/Test/Real/real_5060.jpg,Real,Real,0.0820029750466346,0.9179970026016236,Real,0.0107813104987144,0.9892186522483826,Fake,0.7383812665939331,0.2616186738014221,Fake,0.9763118624687196,0.0236881840974092
/content/Dataset/Test/Real/real_5067.jpg,Real,Real,0.0331192053854465,0.9668808579444884,Fake,0.999864101409912,0.0001358701410936,Fake,0.9968628883361816,0.0031370851211249,Fake,0.9999196529388428,8.032725600060076e-05
/content/Dataset/Test/Real/real_5068.jpg,Real,Real,0.0040729260072112,0.9959270358085632,Fake,0.9921829104423524,0.0078170169144868,Fake,0.9969704151153564,0.0030295124743133,Fake,0.9999200105667114,8.001289097592235e-05
/content/Dataset/Test/Real/real_5069.jpg,Real,Fake,0.7912955284118652,0.2087044268846511,Fake,0.9971701502799988,0.002829807344824,Fake,0.9991003274917604,0.0008996971300803,Fake,0.9998352527618408,0.000164774552104
/content/Dataset/Test/Real/real_5071.jpg,Real,Real,0.0045681321062147,0.995431900024414,Real,0.0209321118891239,0.9790679216384888,Real,0.3875276446342468,0.6124723553657532,Fake,0.6006205677986145,0.3993794322013855
/content/Dataset/Test/Real/real_5072.jpg,Real,Real,0.0002190517552662,0.9997809529304504,Real,0.0013435443397611,0.9986563920974731,Fake,0.59539395570755,0.4046059846878052,Real,9.522657637717202e-05,0.9999047517776488
/content/Dataset/Test/Real/real_5073.jpg,Real,Real,0.0056333229877054,0.9943667054176332,Real,0.4753692746162414,0.5246307253837585,Real,0.2836353480815887,0.7163646221160889,Fake,0.947349488735199,0.0526505820453166
/content/Dataset/Test/Real/real_5074.jpg,Real,Fake,0.9903056621551514,0.009694293141365,Fake,0.9766094088554382,0.0233905389904975,Fake,0.9970393776893616,0.0029606451280415,Fake,0.9995328187942504,0.0004672345239669
/content/Dataset/Test/Real/real_5075.jpg,Real,Fake,0.8071050643920898,0.1928949654102325,Real,0.0001905442622955,0.9998094439506532,Real,0.0001158786762971,0.9998841285705566,Real,0.0005765858804807,0.9994233846664428
/content/Dataset/Test/Real/real_5077.jpg,Real,Real,0.0001431114505976,0.9998568296432496,Real,2.876037569876644e-06,0.9999971389770508,Real,0.001688668387942,0.9983112812042236,Fake,0.9766528606414796,0.0233471486717462
/content/Dataset/Test/Real/real_5078.jpg,Real,Real,0.2036164402961731,0.7963835597038269,Real,0.1476474106311798,0.8523526191711426,Real,0.1333848983049392,0.8666151165962219,Fake,0.9995003938674928,0.0004996000789105
/content/Dataset/Test/Real/real_5081.jpg,Real,Fake,0.5078849196434021,0.4921151101589203,Fake,0.9448095560073853,0.0551904216408729,Fake,0.8779606819152832,0.1220392659306526,Fake,0.9999241828918456,7.584203558508307e-05
/content/Dataset/Test/Real/real_5082.jpg,Real,Real,0.0012674869503825,0.9987325072288512,Real,0.0025752957444638,0.9974247217178344,Real,0.1716750413179397,0.8283249735832214,Fake,0.9997567534446716,0.0002432518667774
/content/Dataset/Test/Real/real_5084.jpg,Real,Real,0.0013230476761236,0.9986769556999208,Fake,0.960566520690918,0.0394334606826305,Real,0.0012784377904608,0.9987215399742126,Fake,0.9997870326042176,0.0002130063221557
/content/Dataset/Test/Real/real_5085.jpg,Real,Fake,0.999452531337738,0.0005474816425703,Fake,0.999991536140442,8.48553372634342e-06,Fake,0.9566765427589417,0.0433234050869941,Fake,0.9999654293060304,3.451285374467261e-05
/content/Dataset/Test/Real/real_5086.jpg,Real,Fake,0.9996144771575928,0.0003854435926768,Fake,0.997561812400818,0.0024382180999964,Fake,0.915881097316742,0.0841189250349998,Fake,0.9999669790267944,3.3036911190720275e-05
/content/Dataset/Test/Real/real_5087.jpg,Real,Real,0.0002523245348129,0.9997476935386658,Fake,0.9988954067230223,0.0011045407736673,Fake,0.9984241724014282,0.0015758489025756,Fake,0.9999372959136964,6.27110421191901e-05
/content/Dataset/Test/Real/real_5088.jpg,Real,Real,0.0237101223319768,0.976289927959442,Fake,0.9960514903068542,0.0039485786110162,Fake,0.9981977343559264,0.001802243059501,Fake,0.9999160766601562,8.386509580304846e-05
/content/Dataset/Test/Real/real_5089.jpg,Real,Fake,0.5263965725898743,0.4736034572124481,Fake,0.9986664056777954,0.001333563006483,Fake,0.997562050819397,0.0024378930684179,Fake,0.9999264478683472,7.357422146014869e-05
/content/Dataset/Test/Real/real_5090.jpg,Real,Real,0.0108851622790098,0.9891148805618286,Fake,0.998187243938446,0.0018128013471141,Fake,0.9963665008544922,0.0036335329059511,Fake,0.9999159574508668,8.400132355745882e-05
/content/Dataset/Test/Real/real_5091.jpg,Real,Real,0.0533458106219768,0.9466542601585388,Fake,0.998696744441986,0.0013033330906182,Fake,0.9983404874801636,0.0016595426714047,Fake,0.9999061822891236,9.38108205446042e-05
/content/Dataset/Test/Real/real_5092.jpg,Real,Real,6.866759940749034e-05,0.9999313354492188,Real,0.0003317156515549,0.9996682405471802,Real,0.0935204923152923,0.9064794778823853,Fake,0.6318590641021729,0.3681409657001495
/content/Dataset/Test/Real/real_5094.jpg,Real,Real,0.0002130759967258,0.999786913394928,Real,0.0412097685039043,0.9587901830673218,Fake,0.8933573961257935,0.1066426113247871,Fake,0.999953269958496,4.6744957217015326e-05
/content/Dataset/Test/Real/real_5095.jpg,Real,Real,0.0010438687168061,0.9989560842514038,Real,0.0038397030439227,0.9961602687835692,Fake,0.7161022424697876,0.2838977575302124,Fake,0.9999661445617676,3.388800541870296e-05
/content/Dataset/Test/Real/real_5097.jpg,Real,Real,0.0017439313232898,0.9982560276985168,Fake,0.8676446676254272,0.1323553174734115,Fake,0.981459617614746,0.0185403227806091,Fake,0.9999537467956544,4.620659819920547e-05
/content/Dataset/Test/Real/real_5098.jpg,Real,Fake,0.6606220006942749,0.3393779993057251,Real,0.4726365804672241,0.5273633599281311,Fake,0.8918225765228271,0.1081774532794952,Real,0.0788003951311111,0.9211996793746948
/content/Dataset/Test/Real/real_5099.jpg,Real,Real,4.974322655471042e-05,0.9999502897262572,Fake,0.9999734163284302,2.6533421987551264e-05,Fake,0.989941656589508,0.0100583778694272,Fake,0.9998995065689088,0.0001005200028885
/content/Dataset/Test/Real/real_510.jpg,Real,Real,0.1298808604478836,0.8701191544532776,Real,0.0006101666949689,0.9993897676467896,Fake,0.9593783020973206,0.0406217016279697,Real,4.9496225983602926e-05,0.9999505281448364
/content/Dataset/Test/Real/real_5100.jpg,Real,Real,0.0361087583005428,0.9638912677764891,Fake,0.9996156692504884,0.000384335493436,Fake,0.9946414232254028,0.0053585921414196,Fake,0.9999451637268066,5.4887183068785816e-05
/content/Dataset/Test/Real/real_5102.jpg,Real,Real,0.2197652161121368,0.7802347540855408,Real,0.0067440313287079,0.9932559728622437,Fake,0.5778787136077881,0.4221212267875671,Real,0.0001767576177371,0.999823272228241
/content/Dataset/Test/Real/real_5104.jpg,Real,Fake,0.5108165740966797,0.4891834855079651,Fake,0.8593751788139343,0.1406248360872268,Real,0.3187803924083709,0.6812196373939514,Real,0.0857933461666107,0.9142066240310668
/content/Dataset/Test/Real/real_5106.jpg,Real,Real,0.0174006111919879,0.9825993776321412,Fake,0.9999250173568726,7.50101389712654e-05,Fake,0.9989029169082642,0.001097033615224,Fake,0.9999529123306274,4.705000537796877e-05
/content/Dataset/Test/Real/real_5107.jpg,Real,Real,0.0001292641100008,0.999870777130127,Fake,0.999816596508026,0.000183403288247,Fake,0.99471515417099,0.0052848574705421,Fake,0.9999597072601318,4.031273056170903e-05
/content/Dataset/Test/Real/real_5108.jpg,Real,Real,0.0816032588481903,0.9183967113494872,Fake,0.9999712705612184,2.875262543966528e-05,Fake,0.9980612397193908,0.0019387659849599,Fake,0.9999542236328124,4.578612424666062e-05
/content/Dataset/Test/Real/real_5110.jpg,Real,Fake,0.8133894801139832,0.186610534787178,Fake,0.9995118379592896,0.0004882179491687,Fake,0.9939411878585817,0.0060588801279664,Fake,0.9999319314956664,6.805675366194919e-05
/content/Dataset/Test/Real/real_5112.jpg,Real,Real,0.0218794904649257,0.978120505809784,Fake,0.7522087097167969,0.2477913349866867,Fake,0.9078275561332704,0.0921724811196327,Fake,0.9999662637710572,3.376658060005866e-05
/content/Dataset/Test/Real/real_5113.jpg,Real,Real,0.0101169077679514,0.9898831248283386,Fake,0.8390388488769531,0.1609611958265304,Fake,0.9208627939224244,0.0791371613740921,Fake,0.7162554264068604,0.2837445437908172
/content/Dataset/Test/Real/real_5114.jpg,Real,Real,0.1128657907247543,0.8871341943740845,Fake,0.9963130354881288,0.0036869859322905,Real,0.4972029030323028,0.5027970671653748,Fake,0.8289533257484436,0.1710466742515564
/content/Dataset/Test/Real/real_5116.jpg,Real,Fake,0.9868839383125304,0.0131161361932754,Fake,0.8716476559638977,0.1283523887395858,Real,0.197631761431694,0.8023682832717896,Real,0.0003026160411536,0.99969744682312
/content/Dataset/Test/Real/real_512.jpg,Real,Fake,0.979220986366272,0.0207790452986955,Real,0.0032523258123546,0.996747612953186,Real,0.4072847962379455,0.5927152037620544,Fake,0.969742238521576,0.0302577633410692
/content/Dataset/Test/Real/real_5124.jpg,Real,Real,0.2073060721158981,0.7926939129829407,Fake,0.9562157392501832,0.0437842570245265,Fake,0.9590861797332764,0.0409138277173042,Fake,0.999942183494568,5.7794655731413513e-05
/content/Dataset/Test/Real/real_5125.jpg,Real,Real,0.0194080416113138,0.9805919528007508,Fake,0.8974901437759399,0.10250985622406,Fake,0.9537149667739868,0.0462850593030452,Fake,0.9999508857727052,4.912192889605649e-05
/content/Dataset/Test/Real/real_5126.jpg,Real,Real,7.11526008672081e-05,0.9999288320541382,Fake,0.6257798075675964,0.3742201924324035,Real,0.0018822200363501,0.9981178045272828,Fake,0.9999115467071532,8.846803393680602e-05
/content/Dataset/Test/Real/real_5127.jpg,Real,Real,0.0052777430973947,0.9947222471237184,Fake,0.9170958399772644,0.082904078066349,Real,0.3219006359577179,0.6780993938446045,Fake,0.999929666519165,7.033719884930179e-05
/content/Dataset/Test/Real/real_5128.jpg,Real,Real,0.346320629119873,0.6536793112754822,Fake,0.8813806176185608,0.118619330227375,Fake,0.712452232837677,0.2875477373600006,Fake,0.9999722242355348,2.7773015972343277e-05
/content/Dataset/Test/Real/real_5129.jpg,Real,Fake,0.930248200893402,0.0697518140077591,Real,0.239433541893959,0.7605664134025574,Fake,0.9217916131019592,0.0782083794474601,Fake,0.9995083808898926,0.0004915819736197
/content/Dataset/Test/Real/real_5130.jpg,Real,Real,0.0001441955100744,0.9998557567596436,Real,0.0019750068895518,0.9980250597000122,Fake,0.7814632654190063,0.218536764383316,Real,0.026718271896243,0.9732816815376282
/content/Dataset/Test/Real/real_5132.jpg,Real,Real,0.0001360543683404,0.9998639822006226,Fake,0.6009906530380249,0.3990094065666199,Fake,0.9696763157844543,0.0303236190229654,Fake,0.9996302127838136,0.0003698104410432
/content/Dataset/Test/Real/real_5133.jpg,Real,Fake,0.6805962324142456,0.319403737783432,Fake,0.9493919610977172,0.0506080910563468,Fake,0.6564204096794128,0.3435796201229095,Fake,0.9999620914459229,3.78501063096337e-05
/content/Dataset/Test/Real/real_5134.jpg,Real,Real,0.0139371799305081,0.9860628247261048,Fake,0.5730718374252319,0.426928162574768,Fake,0.9925737380981444,0.0074263056740164,Fake,0.9999445676803588,5.543439692701213e-05
/content/Dataset/Test/Real/real_5135.jpg,Real,Fake,0.8773971199989319,0.1226028800010681,Fake,0.980767011642456,0.0192330181598663,Fake,0.7282664179801941,0.2717335820198059,Fake,0.9999727010726928,2.725663762248587e-05
/content/Dataset/Test/Real/real_5138.jpg,Real,Real,0.0003564156650099,0.9996435642242432,Real,8.305568371724803e-06,0.9999916553497314,Real,3.3093325328081846e-05,0.9999668598175048,Fake,0.9407868981361388,0.0592131614685058
/content/Dataset/Test/Real/real_5139.jpg,Real,Real,0.000868713192176,0.9991312623023988,Fake,0.6988167762756348,0.3011831641197204,Real,0.0021811570040881,0.9978188276290894,Fake,0.9999556541442872,4.434280344867148e-05
/content/Dataset/Test/Real/real_5140.jpg,Real,Fake,0.7565573453903198,0.2434426546096801,Fake,0.9999037981033324,9.621850767871364e-05,Fake,0.9953306913375854,0.0046693603508174,Fake,0.9999425411224364,5.7504395954310894e-05
/content/Dataset/Test/Real/real_5141.jpg,Real,Fake,0.8160075545310974,0.1839924752712249,Fake,0.9999099969863892,8.99763181223534e-05,Fake,0.9773298501968384,0.022670118138194,Fake,0.9360883831977844,0.0639116689562797
/content/Dataset/Test/Real/real_5142.jpg,Real,Fake,0.936147928237915,0.0638521015644073,Fake,0.9995384216308594,0.0004615556681528,Fake,0.993419349193573,0.0065806414932012,Fake,0.9997931122779846,0.0002068492030957
/content/Dataset/Test/Real/real_5143.jpg,Real,Real,0.005999943241477,0.9940000772476196,Real,0.0001191963383462,0.9998807907104492,Real,0.0131423557177186,0.9868576526641846,Fake,0.9850674867630004,0.0149325747042894
/content/Dataset/Test/Real/real_5145.jpg,Real,Fake,0.8327646851539612,0.1672353148460388,Real,3.898420800396707e-06,0.9999960660934448,Real,7.843268576834816e-06,0.9999921321868896,Real,0.0013391809770837,0.9986608028411864
/content/Dataset/Test/Real/real_5146.jpg,Real,Fake,0.9803070425987244,0.0196929592639207,Real,0.0003406140895094,0.9996594190597534,Real,2.0852774468949065e-05,0.9999791383743286,Real,2.750251951511018e-05,0.9999724626541138
/content/Dataset/Test/Real/real_5147.jpg,Real,Real,0.1798722147941589,0.8201277852058411,Fake,0.9520798325538636,0.0479201488196849,Fake,0.9979368448257446,0.0020632098894566,Fake,0.9999058246612548,9.416627290192991e-05
/content/Dataset/Test/Real/real_5148.jpg,Real,Real,0.0002744894882198,0.9997255206108092,Fake,0.880241870880127,0.1197580993175506,Fake,0.5381383895874023,0.46186164021492,Fake,0.9997819066047668,0.0002181619638577
/content/Dataset/Test/Real/real_5150.jpg,Real,Real,0.000686440616846,0.9993135929107666,Real,0.0046900641173124,0.9953098893165588,Real,0.0017375618917867,0.9982624650001526,Fake,0.9990953207015992,0.0009047100902535
/content/Dataset/Test/Real/real_5156.jpg,Real,Real,0.2960269451141357,0.7039729952812195,Fake,0.6527317762374878,0.3472682237625122,Real,0.0002757450856734,0.9997242093086244,Real,0.1540555953979492,0.8459444046020508
/content/Dataset/Test/Real/real_5157.jpg,Real,Real,0.1457818448543548,0.8542181253433228,Real,0.1503368914127349,0.8496630787849426,Real,0.3076927959918976,0.69230717420578,Fake,0.99422025680542,0.0057797972112894
/content/Dataset/Test/Real/real_5162.jpg,Real,Fake,0.9283416867256165,0.0716582909226417,Real,0.0547637045383453,0.9452362656593324,Fake,0.9379401803016664,0.0620597638189792,Real,0.1989191770553589,0.8010807633399963
/content/Dataset/Test/Real/real_5163.jpg,Real,Fake,0.8947961330413818,0.1052038967609405,Real,0.326242446899414,0.6737575531005859,Fake,0.936112940311432,0.0638870820403099,Fake,0.714994490146637,0.285005509853363
/content/Dataset/Test/Real/real_5164.jpg,Real,Fake,0.960239827632904,0.039760198444128,Real,0.4288761019706726,0.5711238980293274,Fake,0.9176610112190248,0.0823390483856201,Fake,0.8341840505599976,0.16581591963768
/content/Dataset/Test/Real/real_5169.jpg,Real,Real,0.3049842119216919,0.6950157284736633,Fake,0.999183475971222,0.0008165673352777,Fake,0.9474730491638184,0.0525269657373428,Fake,0.9999204874038696,7.95183950685896e-05
/content/Dataset/Test/Real/real_5171.jpg,Real,Fake,0.7356908321380615,0.2643091976642608,Fake,0.9997932314872742,0.0002067752648144,Fake,0.9987640380859376,0.0012359298998489,Fake,0.9999306201934814,6.935967394383624e-05
/content/Dataset/Test/Real/real_5173.jpg,Real,Real,0.4120359718799591,0.5879640579223633,Real,0.3419738113880157,0.6580261588096619,Fake,0.529164731502533,0.4708352386951446,Fake,0.9763110280036926,0.023688931018114
/content/Dataset/Test/Real/real_5175.jpg,Real,Real,0.0029330642428249,0.9970669150352478,Fake,0.9998449087142944,0.0001550494780531,Fake,0.9946660995483398,0.0053339279256761,Fake,0.9999136924743652,8.624151814728975e-05
/content/Dataset/Test/Real/real_5176.jpg,Real,Real,0.2593213021755218,0.7406786680221558,Fake,0.9759268760681152,0.0240730587393045,Fake,0.6008313894271851,0.3991686403751373,Real,0.1787540465593338,0.8212459683418274
/content/Dataset/Test/Real/real_5177.jpg,Real,Fake,0.7585445046424866,0.2414555102586746,Real,0.0049014459364116,0.9950985312461852,Real,0.0033492005895823,0.996650755405426,Real,6.495082197943702e-05,0.9999350309371948
/content/Dataset/Test/Real/real_5178.jpg,Real,Real,0.0344067327678203,0.9655932784080504,Real,0.0010286536999046,0.9989713430404664,Real,0.0045592878013849,0.9954407215118408,Fake,0.7273271679878235,0.2726728618144989
/content/Dataset/Test/Real/real_5179.jpg,Real,Real,0.1890881210565567,0.8109118938446045,Real,0.029839226976037,0.9701607823371888,Fake,0.9694133400917052,0.0305866058915853,Fake,0.9999239444732666,7.602087134728208e-05
/content/Dataset/Test/Real/real_5180.jpg,Real,Real,0.0016616942593827,0.998338222503662,Real,0.0002679859171621,0.9997319579124452,Real,8.655633791931905e-06,0.9999912977218628,Fake,0.7353599071502686,0.2646400928497314
/content/Dataset/Test/Real/real_5181.jpg,Real,Real,0.0002373682946199,0.9997625946998596,Fake,0.9999858140945436,1.4133152035356034e-05,Fake,0.9893723130226136,0.0106276581063866,Fake,0.9999593496322632,4.066804467584007e-05
/content/Dataset/Test/Real/real_5182.jpg,Real,Real,0.0003750943869818,0.9996248483657836,Fake,0.9996439218521118,0.0003560549812391,Fake,0.9407040476799012,0.0592959187924861,Fake,0.999927282333374,7.269001071108505e-05
/content/Dataset/Test/Real/real_5183.jpg,Real,Real,0.0072136633098125,0.9927863478660583,Real,0.0958595350384712,0.9041404724121094,Fake,0.8193128108978271,0.1806871891021728,Real,0.0051736403256654,0.9948263764381408
/content/Dataset/Test/Real/real_5184.jpg,Real,Real,0.0013978054048493,0.9986022114753724,Real,0.0045126667246222,0.9954872727394104,Real,0.0052601960487663,0.994739830493927,Fake,0.658336877822876,0.341663122177124
/content/Dataset/Test/Real/real_5185.jpg,Real,Real,0.0007175693754106,0.9992824196815492,Real,0.0002253044076496,0.9997747540473938,Fake,0.9954244494438172,0.0045755580067634,Fake,0.999936819076538,6.313273479463533e-05
/content/Dataset/Test/Real/real_5186.jpg,Real,Real,0.005589893553406,0.9944100975990297,Real,3.789839320234023e-05,0.9999620914459229,Real,0.0082637909799814,0.9917362332344056,Fake,0.9946921467781068,0.0053078485652804
/content/Dataset/Test/Real/real_5187.jpg,Real,Fake,0.9188275337219238,0.0811723917722702,Real,4.852004713029601e-05,0.9999514818191528,Real,8.401661034440622e-06,0.9999916553497314,Real,8.806822006590664e-05,0.999911904335022
/content/Dataset/Test/Real/real_5188.jpg,Real,Real,0.001845370279625,0.9981545805931092,Fake,0.6072705388069153,0.3927294313907623,Real,0.0036027592141181,0.9963973164558412,Real,0.0147935096174478,0.9852065443992616
/content/Dataset/Test/Real/real_5193.jpg,Real,Fake,0.9158660173416138,0.084133967757225,Real,6.08815171290189e-05,0.9999390840530396,Real,0.0011091531487181,0.9988908171653748,Real,5.152297671884298e-05,0.999948501586914
/content/Dataset/Test/Real/real_5196.jpg,Real,Fake,0.998441755771637,0.0015582317719236,Real,0.2822066247463226,0.717793345451355,Fake,0.6901832818984985,0.3098167479038238,Real,0.0015862672589719,0.9984136819839478
/content/Dataset/Test/Real/real_5197.jpg,Real,Fake,0.9987657070159912,0.0012343503767624,Fake,0.9994462132453918,0.0005537478718906,Fake,0.996240258216858,0.0037597515620291,Fake,0.9999620914459229,3.787913374253549e-05
/content/Dataset/Test/Real/real_5198.jpg,Real,Fake,0.9383959770202636,0.061604019254446,Real,2.8144452244305285e-06,0.9999971389770508,Real,5.3119915719435085e-06,0.9999946355819702,Real,4.0516799344914034e-05,0.9999594688415528
/content/Dataset/Test/Real/real_5199.jpg,Real,Real,0.079276867210865,0.9207231402397156,Real,0.3250046372413635,0.6749953627586365,Fake,0.8570844531059265,0.1429155021905899,Fake,0.9999308586120604,6.911662057973444e-05
/content/Dataset/Test/Real/real_5200.jpg,Real,Real,0.4425272047519684,0.557472825050354,Fake,0.9998063445091248,0.0001936700427904,Fake,0.993052899837494,0.0069471141323447,Fake,0.9999467134475708,5.332244836608879e-05
/content/Dataset/Test/Real/real_5201.jpg,Real,Real,0.3050471544265747,0.6949529051780701,Real,0.030383925884962,0.9696160554885864,Real,0.3682309985160827,0.631769061088562,Fake,0.9549244046211244,0.0450756251811981
/content/Dataset/Test/Real/real_5204.jpg,Real,Real,0.0618478171527385,0.9381521940231324,Fake,0.704682469367981,0.2953175008296966,Real,0.0016695472877472,0.9983304142951964,Fake,0.9304826259613036,0.0695173144340515
/content/Dataset/Test/Real/real_5206.jpg,Real,Real,0.0001035806417348,0.9998964071273804,Real,0.0006403147708624,0.999359667301178,Real,0.0012804637663066,0.9987195730209352,Fake,0.999880313873291,0.0001197095916722
/content/Dataset/Test/Real/real_5207.jpg,Real,Real,0.0001395383733324,0.999860405921936,Real,0.0007342333556152,0.999265730381012,Real,0.0003368150210008,0.999663233757019,Fake,0.9998958110809326,0.0001041471623466
/content/Dataset/Test/Real/real_5210.jpg,Real,Real,0.0001648013858357,0.9998351335525512,Fake,0.6379197835922241,0.3620801866054535,Fake,0.9271556735038756,0.072844311594963,Fake,0.9999499320983888,5.01082104165107e-05
/content/Dataset/Test/Real/real_5213.jpg,Real,Real,0.0002619534789118,0.9997380375862122,Real,1.1582220395212062e-05,0.9999884366989136,Real,0.0023192469961941,0.9976807832717896,Fake,0.918452799320221,0.0815472230315208
/content/Dataset/Test/Real/real_5216.jpg,Real,Real,0.0058822897262871,0.9941177368164062,Fake,0.782397985458374,0.2176020145416259,Fake,0.995202660560608,0.004797370173037,Fake,0.9990822076797484,0.0009177270112559
/content/Dataset/Test/Real/real_5218.jpg,Real,Real,0.239414244890213,0.7605857253074646,Fake,0.8110690116882324,0.1889309734106063,Real,0.4777077734470367,0.5222921967506409,Fake,0.9984498023986816,0.0015501582529395
/content/Dataset/Test/Real/real_5219.jpg,Real,Real,0.0001848747924668,0.9998151659965516,Fake,0.8579831123352051,0.1420168578624725,Fake,0.992657482624054,0.0073424819856882,Fake,0.9996100068092346,0.0003900275041814
/content/Dataset/Test/Real/real_5220.jpg,Real,Real,0.4362340569496155,0.5637659430503845,Fake,0.9975378513336182,0.0024621356278657,Fake,0.8122736215591431,0.1877264082431793,Fake,0.9999340772628784,6.590460543520749e-05
/content/Dataset/Test/Real/real_5222.jpg,Real,Real,0.4011642932891845,0.5988357067108154,Fake,0.9757752418518066,0.024224754422903,Fake,0.5360631346702576,0.46393683552742,Fake,0.6744908690452576,0.3255091309547424
/content/Dataset/Test/Real/real_5223.jpg,Real,Real,0.1587727814912796,0.8412272334098816,Fake,0.7931954264640808,0.2068045735359192,Real,0.1261153221130371,0.8738846778869629,Real,0.0023136662784963,0.9976863861083984
/content/Dataset/Test/Real/real_5224.jpg,Real,Fake,0.9441749453544616,0.0558250620961189,Real,0.2780907452106476,0.7219092845916748,Real,0.3730958700180053,0.6269041299819946,Real,0.0003733274643309,0.999626636505127
/content/Dataset/Test/Real/real_5228.jpg,Real,Real,0.0043818792328238,0.9956181049346924,Real,0.0086760343983769,0.991323947906494,Fake,0.631840169429779,0.3681598007678985,Fake,0.9998719692230223,0.0001280693686567
/content/Dataset/Test/Real/real_5229.jpg,Real,Fake,0.8692143559455872,0.130785584449768,Real,0.0895116403698921,0.9104883670806884,Real,0.0440796911716461,0.9559203386306764,Real,0.0001746154157444,0.9998254179954528
/content/Dataset/Test/Real/real_5230.jpg,Real,Fake,0.7110439538955688,0.2889560759067535,Fake,0.9994277358055116,0.0005721984780393,Fake,0.7579790949821472,0.2420208752155304,Real,0.4346217513084411,0.5653781890869141
/content/Dataset/Test/Real/real_5231.jpg,Real,Fake,0.948351263999939,0.0516486912965774,Fake,0.7855886220932007,0.2144113779067993,Fake,0.5559559464454651,0.4440440237522125,Fake,0.9600017666816713,0.0399982146918773
/content/Dataset/Test/Real/real_5232.jpg,Real,Real,0.2796608209609985,0.7203392386436462,Real,0.1808593124151229,0.8191407322883606,Real,0.0764328837394714,0.9235671758651732,Fake,0.943304717540741,0.0566953048110008
/content/Dataset/Test/Real/real_5234.jpg,Real,Real,0.0316784456372261,0.9683215022087096,Fake,0.6897265911102295,0.3102734386920929,Real,0.3377799689769745,0.6622200012207031,Fake,0.9890875816345216,0.0109124146401882
/content/Dataset/Test/Real/real_5235.jpg,Real,Fake,0.960773229598999,0.0392267294228076,Real,0.4725611209869385,0.5274388790130615,Real,0.2358122617006302,0.764187753200531,Fake,0.9998966455459596,0.0001033746302709
/content/Dataset/Test/Real/real_5236.jpg,Real,Fake,0.9190825819969176,0.080917477607727,Fake,0.690197229385376,0.309802770614624,Fake,0.62812340259552,0.3718765676021576,Real,0.0049142492935061,0.9950857758522034
/content/Dataset/Test/Real/real_5237.jpg,Real,Real,0.0007327037164941,0.999267280101776,Fake,0.998229444026947,0.0017705466598272,Fake,0.9244930744171144,0.0755068957805633,Fake,0.9999297857284546,7.02386605553329e-05
/content/Dataset/Test/Real/real_5238.jpg,Real,Fake,0.9990136623382568,0.0009863559389486,Fake,0.9999902248382568,9.743872396938968e-06,Fake,0.9993802309036256,0.0006196995382197,Fake,0.9999545812606812,4.541103407973424e-05
/content/Dataset/Test/Real/real_5244.jpg,Real,Fake,0.8109197616577148,0.1890802383422851,Real,4.17933588323649e-05,0.9999581575393676,Real,3.905385528923944e-05,0.9999608993530272,Real,2.467525519023184e-05,0.999975323677063
/content/Dataset/Test/Real/real_5245.jpg,Real,Real,0.3702418804168701,0.6297580599784851,Real,0.0855122283101081,0.9144877195358276,Fake,0.6719202399253845,0.3280797600746155,Real,0.4117622971534729,0.5882377028465271
/content/Dataset/Test/Real/real_5246.jpg,Real,Fake,0.543531596660614,0.4564684331417084,Real,0.0132944136857986,0.9867056012153624,Real,0.0407639145851135,0.9592360854148864,Real,0.0007653014617972,0.999234676361084
/content/Dataset/Test/Real/real_5247.jpg,Real,Real,0.1080516055226326,0.891948401927948,Real,0.0981716811656951,0.9018283486366272,Real,0.0634181722998619,0.9365817904472352,Fake,0.9142063856124878,0.085793599486351
/content/Dataset/Test/Real/real_5248.jpg,Real,Real,0.0279210228472948,0.9720789790153505,Fake,0.9940040707588196,0.0059958831407129,Fake,0.9862563014030457,0.013743644580245,Fake,0.9999493360519408,5.07162039866671e-05
/content/Dataset/Test/Real/real_5249.jpg,Real,Real,0.016667665913701,0.9833323955535888,Fake,0.9998940229415894,0.0001059354617609,Fake,0.9568272829055786,0.0431727059185504,Fake,0.999958634376526,4.135385097470135e-05
/content/Dataset/Test/Real/real_5250.jpg,Real,Real,0.2968455255031585,0.7031545042991638,Fake,0.9992008805274964,0.0007991719758138,Fake,0.990931272506714,0.0090686744078993,Fake,0.9999427795410156,5.717281601391733e-05
/content/Dataset/Test/Real/real_5252.jpg,Real,Fake,0.968009889125824,0.0319901444017887,Fake,0.9997627139091492,0.0002373372990405,Fake,0.9577661156654358,0.0422338619828224,Fake,0.9994331002235411,0.0005669149104505
/content/Dataset/Test/Real/real_5255.jpg,Real,Real,0.0470269322395324,0.9529730081558228,Fake,0.8684002757072449,0.1315997242927551,Fake,0.7435954809188843,0.2564044594764709,Fake,0.9999514818191528,4.85660602862481e-05
/content/Dataset/Test/Real/real_5258.jpg,Real,Fake,0.8846429586410522,0.1153570711612701,Real,0.2550217807292938,0.7449781894683838,Fake,0.929649531841278,0.0703504905104637,Fake,0.999923586845398,7.64081851230003e-05
/content/Dataset/Test/Real/real_5262.jpg,Real,Fake,0.6517474055290222,0.3482525646686554,Real,0.0108714830130338,0.9891285300254822,Real,0.0096576940268278,0.9903422594070436,Real,2.438543742755428e-05,0.999975562095642
/content/Dataset/Test/Real/real_5264.jpg,Real,Real,0.372822642326355,0.6271774172782898,Fake,0.9999493360519408,5.06040669279173e-05,Fake,0.9986059069633484,0.0013941434444859,Fake,0.9998877048492432,0.0001122594549087
/content/Dataset/Test/Real/real_5265.jpg,Real,Fake,0.9922497272491456,0.0077502545900642,Fake,0.9856276512145996,0.0143723832443356,Real,0.1511399149894714,0.8488601446151733,Fake,0.9999270439147948,7.29541716282256e-05
/content/Dataset/Test/Real/real_5266.jpg,Real,Real,0.0002976577670779,0.9997022747993468,Real,0.0003667020937427,0.9996333122253418,Real,0.1959125697612762,0.8040874004364014,Fake,0.951364278793335,0.0486356727778911
/content/Dataset/Test/Real/real_5268.jpg,Real,Real,0.0027823683340102,0.9972176551818848,Fake,0.6660763025283813,0.333923727273941,Real,0.1315395683050155,0.868460476398468,Real,4.516701301326975e-05,0.9999548196792604
/content/Dataset/Test/Real/real_527.jpg,Real,Real,0.0147546138614416,0.985245406627655,Real,0.0030326610431075,0.9969673752784728,Fake,0.5844769477844238,0.4155231118202209,Real,0.0205705612897872,0.9794293642044068
/content/Dataset/Test/Real/real_5270.jpg,Real,Fake,0.5960057377815247,0.4039942920207977,Real,0.0021856436505913,0.9978142976760864,Real,0.0140194771811366,0.98598051071167,Real,0.0100043527781963,0.9899955987930298
/content/Dataset/Test/Real/real_5271.jpg,Real,Real,0.0421007424592971,0.9578992128372192,Fake,0.9995383024215698,0.0004617121303454,Fake,0.9917439818382264,0.0082559939473867,Fake,0.9999620914459229,3.787902460317128e-05
/content/Dataset/Test/Real/real_5272.jpg,Real,Fake,0.7329990863800049,0.2670009434223175,Real,0.0015779576497152,0.9984220266342164,Real,0.1085542142391204,0.8914457559585571,Fake,0.688841700553894,0.3111583292484283
/content/Dataset/Test/Real/real_5273.jpg,Real,Real,0.1884404271841049,0.8115595579147339,Real,0.1525091826915741,0.8474907875061035,Real,0.1946421712636947,0.805357813835144,Fake,0.9999490976333618,5.090958802611567e-05
/content/Dataset/Test/Real/real_5274.jpg,Real,Real,0.0733644664287567,0.9266355037689208,Real,0.0315929353237152,0.9684070348739624,Real,0.0101051954552531,0.9898948073387146,Fake,0.9994118213653564,0.0005882027908228
/content/Dataset/Test/Real/real_5275.jpg,Real,Real,0.061241403222084,0.9387586116790771,Real,0.0024796263314783,0.997520387172699,Real,0.134453684091568,0.8655462861061096,Fake,0.9999550580978394,4.495860048336908e-05
/content/Dataset/Test/Real/real_5276.jpg,Real,Real,0.0466036163270473,0.9533964395523072,Real,5.900265023228712e-05,0.9999409914016724,Real,0.0024606718216091,0.9975392818450928,Fake,0.9999465942382812,5.33768288732972e-05
/content/Dataset/Test/Real/real_5277.jpg,Real,Fake,0.5313669443130493,0.4686330556869507,Real,0.4094635546207428,0.5905364155769348,Fake,0.9803506731987,0.019649252295494,Real,0.0015904504107311,0.9984095692634584
/content/Dataset/Test/Real/real_5278.jpg,Real,Real,0.0440302416682243,0.9559697508811952,Real,0.0475241802632808,0.9524758458137512,Fake,0.9072051644325256,0.0927948206663131,Fake,0.7812502384185791,0.2187497615814209
/content/Dataset/Test/Real/real_5282.jpg,Real,Real,0.0234385747462511,0.976561427116394,Fake,0.9999932050704956,6.7862697505916e-06,Fake,0.998498558998108,0.0015014596283435,Fake,0.9999562501907348,4.373341289465316e-05
/content/Dataset/Test/Real/real_5286.jpg,Real,Real,0.0001888952247099,0.9998111128807068,Fake,0.9353647232055664,0.06463523209095,Fake,0.9669365882873536,0.0330633893609046,Fake,0.6156160831451416,0.3843839168548584
/content/Dataset/Test/Real/real_5287.jpg,Real,Real,0.0005025881691835,0.999497413635254,Real,0.4852042496204376,0.51479572057724,Fake,0.940192699432373,0.0598072633147239,Fake,0.998176097869873,0.0018239486962556
/content/Dataset/Test/Real/real_5288.jpg,Real,Real,0.0301736332476139,0.969826340675354,Fake,0.9744506478309632,0.0255493987351655,Fake,0.9990309476852416,0.0009690989973023,Fake,0.9999502897262572,4.975437695975416e-05
/content/Dataset/Test/Real/real_5293.jpg,Real,Real,0.1668667048215866,0.8331332802772522,Fake,0.5109509229660034,0.4890490770339966,Fake,0.966855764389038,0.0331442654132843,Fake,0.9990365505218506,0.0009634454618208
/content/Dataset/Test/Real/real_5294.jpg,Real,Fake,0.9075188636779784,0.0924811288714408,Fake,0.7681179642677307,0.2318820506334304,Real,0.4865619838237762,0.5134380459785461,Real,0.2753292620182037,0.7246707081794739
/content/Dataset/Test/Real/real_5295.jpg,Real,Fake,0.5776983499526978,0.4223016500473022,Real,0.4110682904720306,0.5889317393302917,Real,0.224268302321434,0.7757317423820496,Real,0.304909884929657,0.695090115070343
/content/Dataset/Test/Real/real_5296.jpg,Real,Fake,0.6008425354957581,0.3991574943065643,Fake,0.7208383679389954,0.2791616320610046,Real,0.309119164943695,0.6908808350563049,Fake,0.5384174585342407,0.4615825116634369
/content/Dataset/Test/Real/real_5298.jpg,Real,Fake,0.8231949210166931,0.1768050640821457,Real,0.0021361294202506,0.9978638291358948,Fake,0.5539152026176453,0.4460847675800323,Real,0.0225194096565246,0.9774805307388306
/content/Dataset/Test/Real/real_53.jpg,Real,Fake,0.6706847548484802,0.3293152451515198,Real,0.0002234048588434,0.9997766613960266,Real,0.0066834683530032,0.9933165311813354,Fake,0.7474589943885803,0.252541035413742
/content/Dataset/Test/Real/real_5304.jpg,Real,Fake,0.7900651097297668,0.2099349349737167,Real,0.0348919034004211,0.9651081562042236,Real,0.0595588609576225,0.9404411315917968,Fake,0.999870538711548,0.000129465421196
/content/Dataset/Test/Real/real_5305.jpg,Real,Fake,0.5038948655128479,0.4961051344871521,Real,0.0005660509923473,0.999433934688568,Real,0.0551759116351604,0.9448240399360656,Fake,0.8762228488922119,0.1237771287560463
/content/Dataset/Test/Real/real_531.jpg,Real,Real,0.0039332099258899,0.9960668683052064,Fake,0.9994508624076844,0.0005491331103257,Real,0.1189639046788215,0.881036102771759,Fake,0.9999324083328248,6.759198731742799e-05
/content/Dataset/Test/Real/real_5310.jpg,Real,Real,0.0008673559641465,0.9991326928138732,Real,7.791865755280014e-06,0.9999922513961792,Real,4.8310710553778335e-05,0.999951720237732,Fake,0.9993164539337158,0.0006835968233644
/content/Dataset/Test/Real/real_5311.jpg,Real,Real,0.000217027918552,0.9997829794883728,Real,3.496575300232507e-05,0.9999650716781616,Real,0.000250780954957,0.99974924325943,Fake,0.9998466968536376,0.0001533385366201
/content/Dataset/Test/Real/real_5312.jpg,Real,Real,0.0030500742141157,0.9969499707221984,Real,5.505175067810342e-06,0.9999945163726808,Real,5.247162334853783e-06,0.9999947547912598,Fake,0.851267397403717,0.1487325876951217
/content/Dataset/Test/Real/real_5313.jpg,Real,Fake,0.8026217818260193,0.1973782479763031,Fake,0.683589518070221,0.3164104521274566,Real,0.0796697437763214,0.920330286026001,Fake,0.9953503608703612,0.0046495897695422
/content/Dataset/Test/Real/real_5314.jpg,Real,Fake,0.6742953658103943,0.3257046043872833,Real,0.0072790095582604,0.9927210211753844,Real,0.0033681488130241,0.9966318011283876,Fake,0.9894620776176452,0.0105379270389676
/content/Dataset/Test/Real/real_5315.jpg,Real,Real,0.145903080701828,0.8540969491004944,Fake,0.988743782043457,0.0112562244758009,Fake,0.5465519428253174,0.4534480571746826,Fake,0.9999669790267944,3.306055077700876e-05
/content/Dataset/Test/Real/real_5316.jpg,Real,Fake,0.9184702038764954,0.081529751420021,Fake,0.9999189376831056,8.11024074209854e-05,Fake,0.9880005717277528,0.0119994105771183,Fake,0.9998602867126464,0.0001396861480316
/content/Dataset/Test/Real/real_5322.jpg,Real,Real,0.0320150442421436,0.967984974384308,Real,0.4179664552211761,0.5820335149765015,Fake,0.5699445009231567,0.4300554990768432,Fake,0.8794412016868591,0.1205588355660438
/content/Dataset/Test/Real/real_5323.jpg,Real,Fake,0.9155139327049256,0.0844860523939132,Fake,0.9480250477790833,0.0519749894738197,Fake,0.9557835459709167,0.0442165210843086,Fake,0.9998500347137452,0.0001499937934568
/content/Dataset/Test/Real/real_5324.jpg,Real,Real,0.3402326107025146,0.6597673892974854,Fake,0.9989583492279052,0.0010415813885629,Real,0.0239829029887914,0.9760170578956604,Fake,0.999788463115692,0.0002115865645464
/content/Dataset/Test/Real/real_5326.jpg,Real,Real,0.0019271381897851,0.998072862625122,Real,0.1796111166477203,0.8203888535499573,Real,0.1367585808038711,0.86324143409729,Fake,0.9999545812606812,4.536545384326018e-05
/content/Dataset/Test/Real/real_5327.jpg,Real,Fake,0.9304541349411012,0.0695458203554153,Fake,0.9936163425445556,0.0063836374320089,Fake,0.9978804588317872,0.0021196091547608,Fake,0.9999425411224364,5.742317807744257e-05
/content/Dataset/Test/Real/real_5330.jpg,Real,Fake,0.7514764666557312,0.2485234886407852,Fake,0.9172146916389464,0.082785278558731,Fake,0.9599393010139464,0.040060669183731,Fake,0.9999449253082277,5.502133353729732e-05
/content/Dataset/Test/Real/real_5332.jpg,Real,Fake,0.6155169010162354,0.384483128786087,Fake,0.9250954985618592,0.074904479086399,Fake,0.670336127281189,0.329663872718811,Fake,0.9801249504089355,0.0198750514537096
/content/Dataset/Test/Real/real_5333.jpg,Real,Real,0.0066285291686654,0.9933714866638184,Real,0.4938891232013702,0.5061108469963074,Fake,0.976421594619751,0.0235784407705068,Fake,0.9999121427536012,8.781596989138052e-05
/content/Dataset/Test/Real/real_5334.jpg,Real,Fake,0.6292105317115784,0.3707895278930664,Fake,0.9986914992332458,0.001308491686359,Fake,0.8247851729393005,0.1752148121595382,Fake,0.9999370574951172,6.295010098256171e-05
/content/Dataset/Test/Real/real_5335.jpg,Real,Real,0.0005827897111885,0.9994171857833862,Fake,0.9869565963745116,0.0130434539169073,Fake,0.994540274143219,0.0054597407579422,Fake,0.999930739402771,6.930003291927278e-05
/content/Dataset/Test/Real/real_5336.jpg,Real,Real,0.0001141638495028,0.9998857975006104,Real,0.118361085653305,0.8816388845443726,Fake,0.9507015347480774,0.0492985099554061,Fake,0.999913454055786,8.650212112115696e-05
/content/Dataset/Test/Real/real_5340.jpg,Real,Fake,0.9876419305801392,0.0123579939827322,Real,0.012885745614767,0.987114191055298,Fake,0.6439106464385986,0.356089323759079,Real,0.1843379139900207,0.8156620860099792
/content/Dataset/Test/Real/real_5341.jpg,Real,Real,0.2405364960432052,0.7594635486602783,Fake,0.9806026816368104,0.0193972494453191,Fake,0.9544795751571656,0.0455203913152217,Fake,0.9999520778656006,4.7930523578543216e-05
/content/Dataset/Test/Real/real_5342.jpg,Real,Real,0.0108872465789318,0.9891127943992616,Fake,0.998675525188446,0.0013244786532595,Fake,0.9937044978141784,0.0062955436296761,Fake,0.9999465942382812,5.338054688763805e-05
/content/Dataset/Test/Real/real_5343.jpg,Real,Real,0.0006954820128157,0.9993045330047609,Real,1.662013710301835e-05,0.9999834299087524,Real,0.0030653339345008,0.9969346523284912,Fake,0.9999635219573976,3.6431705666473135e-05
/content/Dataset/Test/Real/real_5344.jpg,Real,Fake,0.5719290375709534,0.4280709624290466,Real,0.3924211859703064,0.6075788140296936,Fake,0.819886326789856,0.1801136434078216,Fake,0.9999566078186036,4.335234916652553e-05
/content/Dataset/Test/Real/real_5345.jpg,Real,Real,0.0075958878733217,0.992404043674469,Fake,0.9496719241142272,0.0503280349075794,Fake,0.9872870445251464,0.0127129135653376,Fake,0.999955415725708,4.456218084669672e-05
/content/Dataset/Test/Real/real_5346.jpg,Real,Fake,0.9911496639251708,0.0088503323495388,Fake,0.999991536140442,8.416175660386216e-06,Fake,0.9921099543571472,0.0078900130465626,Fake,0.9999655485153198,3.443319656071253e-05
/content/Dataset/Test/Real/real_5348.jpg,Real,Fake,0.989965796470642,0.0100342351943254,Real,0.0001357284781988,0.9998642206192015,Real,3.5117634979542345e-05,0.9999648332595824,Real,3.2775136787677184e-05,0.9999672174453736
/content/Dataset/Test/Real/real_5352.jpg,Real,Fake,0.8786801099777222,0.1213199272751808,Fake,0.5365150570869446,0.4634850025177002,Real,0.1410715132951736,0.8589284420013428,Fake,0.9992524981498718,0.0007475006859749
/content/Dataset/Test/Real/real_5353.jpg,Real,Real,0.1209894120693206,0.8790105581283569,Fake,0.9621915221214294,0.0378084480762481,Fake,0.9838988184928894,0.0161012504249811,Fake,0.9995094537734984,0.0004905898822471
/content/Dataset/Test/Real/real_5355.jpg,Real,Real,0.000365248939488,0.9996347427368164,Fake,0.9970207810401917,0.0029792052228003,Real,0.0234711710363626,0.976528823375702,Real,0.0169548746198415,0.9830451011657716
/content/Dataset/Test/Real/real_5356.jpg,Real,Real,0.000433761102613,0.9995662569999696,Fake,0.9815956950187684,0.0184042509645223,Fake,0.9915404915809632,0.0084594944491982,Fake,0.999873161315918,0.0001267730549443
/content/Dataset/Test/Real/real_5357.jpg,Real,Fake,0.8664587140083313,0.1335412263870239,Fake,0.8913207054138184,0.1086792573332786,Real,0.0181686971336603,0.9818313717842102,Fake,0.9022770524024964,0.0977229475975036
/content/Dataset/Test/Real/real_5358.jpg,Real,Real,0.000601502135396,0.9993984699249268,Real,0.0235110372304916,0.9764888882637024,Real,0.0662026032805442,0.9337973594665528,Fake,0.9982910752296448,0.001708896132186
/content/Dataset/Test/Real/real_5359.jpg,Real,Real,0.000355546188075,0.99964439868927,Real,0.0086774043738842,0.9913225173950196,Fake,0.950718104839325,0.049281932413578,Fake,0.9322763085365297,0.0677236765623092
/content/Dataset/Test/Real/real_536.jpg,Real,Fake,0.9111312627792358,0.0888686776161193,Fake,0.9294383525848388,0.0705615878105163,Fake,0.9435522556304932,0.0564477071166038,Real,0.0072583309374749,0.9927417039871216
/content/Dataset/Test/Real/real_5362.jpg,Real,Fake,0.8322290182113647,0.1677709519863128,Real,0.0232737511396408,0.9767262935638428,Real,0.0012370328186079,0.9987629652023317,Fake,0.8719820976257324,0.1280179619789123
/content/Dataset/Test/Real/real_5363.jpg,Real,Real,7.581918180221692e-05,0.9999241828918456,Real,0.0003820738638751,0.9996179342269896,Real,0.0219434592872858,0.97805655002594,Fake,0.999664306640625,0.0003356577944941
/content/Dataset/Test/Real/real_5364.jpg,Real,Fake,0.9238331317901612,0.076166883111,Real,0.0429295264184474,0.9570704698562622,Real,0.183363988995552,0.8166359663009644,Fake,0.9997021555900574,0.0002977835247293
/content/Dataset/Test/Real/real_5367.jpg,Real,Real,0.0005788848502561,0.9994211196899414,Real,0.0054274168796837,0.9945725798606871,Real,0.0046481466852128,0.995351791381836,Fake,0.9830374121665956,0.0169625952839851
/content/Dataset/Test/Real/real_5368.jpg,Real,Real,0.3553658425807953,0.6446341872215271,Fake,0.981002926826477,0.0189970359206199,Fake,0.9967004656791688,0.0032995217479765,Fake,0.9999346733093262,6.534544081659988e-05
/content/Dataset/Test/Real/real_5369.jpg,Real,Fake,0.698413610458374,0.301586389541626,Real,0.2052638083696365,0.7947361469268799,Fake,0.8076887726783752,0.1923111975193023,Real,3.0108636565273628e-05,0.9999698400497437
/content/Dataset/Test/Real/real_5371.jpg,Real,Real,0.0124970246106386,0.9875029921531676,Real,0.0931102633476257,0.906889796257019,Real,0.0355070158839225,0.9644929766654968,Fake,0.9978427886962892,0.0021572413388639
/content/Dataset/Test/Real/real_5372.jpg,Real,Real,0.4261489510536194,0.5738509893417358,Real,0.0145259378477931,0.9854739904403688,Real,0.0067266365513205,0.993273377418518,Fake,0.5406996011734009,0.4593003690242767
/content/Dataset/Test/Real/real_5373.jpg,Real,Real,0.018371544778347,0.9816284775733948,Real,0.1490839123725891,0.8509160876274109,Fake,0.9426387548446656,0.0573612265288829,Fake,0.9869648218154908,0.013035150244832
/content/Dataset/Test/Real/real_5374.jpg,Real,Fake,0.9541894793510436,0.0458105504512786,Fake,0.999927282333374,7.26999860489741e-05,Fake,0.9966720342636108,0.0033278970513492,Fake,0.9999468326568604,5.321140633895993e-05
/content/Dataset/Test/Real/real_5375.jpg,Real,Fake,0.9964359998703004,0.0035639733541756,Fake,0.9999552965164183,4.46863159595523e-05,Fake,0.9991542100906372,0.0008457880467176,Fake,0.99996018409729,3.979463144787587e-05
/content/Dataset/Test/Real/real_5376.jpg,Real,Fake,0.9940688610076904,0.0059311194345355,Fake,0.9825248122215272,0.0174752119928598,Fake,0.9741737246513368,0.0258262883871793,Fake,0.920820951461792,0.0791790336370468
/content/Dataset/Test/Real/real_5377.jpg,Real,Fake,0.9837919473648072,0.0162080489099025,Real,0.026795644313097,0.9732043743133544,Real,0.2044427096843719,0.7955573201179504,Real,2.3180358766694557e-05,0.9999768733978271
/content/Dataset/Test/Real/real_5378.jpg,Real,Fake,0.8625232577323914,0.1374767869710922,Fake,0.9947082996368408,0.0052916342392563,Fake,0.9857574701309204,0.014242454431951,Fake,0.9999525547027588,4.739441283163615e-05
/content/Dataset/Test/Real/real_5379.jpg,Real,Fake,0.9597259163856506,0.0402740687131881,Real,0.081560343503952,0.9184396266937256,Real,0.0831449553370475,0.9168550968170166,Fake,0.9999191761016846,8.085090667009354e-05
/content/Dataset/Test/Real/real_5380.jpg,Real,Real,0.0015985287027433,0.9984014630317688,Real,0.1199152767658233,0.8800846934318542,Real,0.0128286276012659,0.9871713519096376,Fake,0.9939367175102234,0.0060633006505668
/content/Dataset/Test/Real/real_5381.jpg,Real,Fake,0.7377435564994812,0.2622564435005188,Real,0.3685560822486877,0.6314438581466675,Real,0.0081578968092799,0.9918421506881714,Fake,0.9916604161262512,0.0083396499976515
/content/Dataset/Test/Real/real_5382.jpg,Real,Fake,0.5450276136398315,0.454972356557846,Real,0.1713536530733108,0.8286463022232056,Real,0.0525703765451908,0.9474295973777772,Fake,0.9780558347702026,0.021944185718894
/content/Dataset/Test/Real/real_5383.jpg,Real,Fake,0.957983136177063,0.0420169308781623,Fake,0.9865031242370604,0.0134968413040041,Fake,0.8407375812530518,0.1592624485492706,Real,0.000338817568263,0.9996612071990968
/content/Dataset/Test/Real/real_5384.jpg,Real,Fake,0.8185669183731079,0.1814331412315368,Fake,0.9999905824661256,9.378094546264036e-06,Fake,0.905687689781189,0.0943122878670692,Fake,0.9995185136795044,0.0004815189167857
/content/Dataset/Test/Real/real_5385.jpg,Real,Fake,0.5172092914581299,0.4827906787395477,Fake,0.9623363614082336,0.0376636981964111,Real,0.0390460900962352,0.960953950881958,Fake,0.9816282391548156,0.0183717291802167
/content/Dataset/Test/Real/real_5386.jpg,Real,Fake,0.5359472036361694,0.4640527963638305,Real,0.4157411456108093,0.5842587947845459,Fake,0.9655539393424988,0.0344460718333721,Fake,0.9998490810394288,0.0001509051799075
/content/Dataset/Test/Real/real_5387.jpg,Real,Real,0.0075460122898221,0.9924539923667908,Real,0.4840895533561706,0.5159104466438293,Real,0.0375147052109241,0.9624853134155272,Fake,0.9114317297935486,0.0885682702064514
/content/Dataset/Test/Real/real_5389.jpg,Real,Fake,0.8922353982925415,0.1077645793557167,Real,0.0424183718860149,0.9575816988945008,Real,0.4270305633544922,0.5729694366455078,Fake,0.9999043941497804,9.556907752994448e-05
/content/Dataset/Test/Real/real_5392.jpg,Real,Real,0.1923730671405792,0.8076269626617432,Fake,0.5681876540184021,0.4318123757839203,Fake,0.9983824491500854,0.0016175876371562,Fake,0.9898717999458312,0.0101281786337494
/content/Dataset/Test/Real/real_5398.jpg,Real,Fake,0.8719128370285034,0.1280871331691742,Real,0.1823058128356933,0.8176941275596619,Real,0.1273261457681656,0.8726738691329956,Fake,0.6262966990470886,0.3737033307552337
/content/Dataset/Test/Real/real_5399.jpg,Real,Real,0.0001310872903559,0.999868869781494,Fake,0.9962201714515686,0.003779869293794,Fake,0.8576223254203796,0.1423776894807815,Fake,0.9999513626098632,4.861893103225157e-05
/content/Dataset/Test/Real/real_5400.jpg,Real,Real,0.054719541221857,0.9452804923057556,Fake,0.8303294777870178,0.1696705371141433,Fake,0.9420993328094482,0.057900633662939,Fake,0.999950647354126,4.929888746119104e-05
/content/Dataset/Test/Real/real_5401.jpg,Real,Real,0.0777951627969741,0.922204852104187,Fake,0.9638041257858276,0.0361958630383014,Real,0.0074766706675291,0.9925233721733092,Fake,0.997485876083374,0.0025140643119812
/content/Dataset/Test/Real/real_5402.jpg,Real,Fake,0.5544925332069397,0.4455074369907379,Fake,0.968841552734375,0.0311584081500768,Fake,0.6309490203857422,0.3690509796142578,Fake,0.9983175992965698,0.0016824323683977
/content/Dataset/Test/Real/real_5403.jpg,Real,Real,0.378998339176178,0.6210016012191772,Fake,0.7474749088287354,0.252525120973587,Fake,0.984504461288452,0.0154954986646771,Real,0.2951790690422058,0.7048209309577942
/content/Dataset/Test/Real/real_5404.jpg,Real,Real,0.4900197684764862,0.5099802017211914,Fake,0.9915407299995422,0.0084593230858445,Fake,0.9207369685173036,0.0792630463838577,Fake,0.9444370865821838,0.0555629767477512
/content/Dataset/Test/Real/real_5406.jpg,Real,Fake,0.975374162197113,0.0246258210390806,Real,0.0004274445818737,0.9995725750923156,Real,0.0202673356980085,0.979732632637024,Real,0.0003362769493833,0.9996637105941772
/content/Dataset/Test/Real/real_5410.jpg,Real,Real,0.0179016850888729,0.9820982813835144,Real,0.0022645525168627,0.9977353811264038,Real,0.0778223723173141,0.9221776127815248,Fake,0.6627196073532104,0.3372804224491119
/content/Dataset/Test/Real/real_543.jpg,Real,Real,0.0117656234651803,0.9882344007492064,Real,0.1362804323434829,0.8637195825576782,Real,0.0021259766072034,0.9978740215301514,Fake,0.9986315369606018,0.0013684128643944
/content/Dataset/Test/Real/real_549.jpg,Real,Real,0.3578336238861084,0.6421663761138916,Real,0.1194423586130142,0.880557656288147,Fake,0.5394842624664307,0.4605157375335693,Real,0.0044236984103918,0.99557626247406
/content/Dataset/Test/Real/real_55.jpg,Real,Real,0.0002504724252503,0.999749481678009,Real,0.001537999138236,0.9984619617462158,Real,0.2149920761585235,0.785007894039154,Fake,0.9854078888893129,0.0145921539515256
/content/Dataset/Test/Real/real_555.jpg,Real,Fake,0.9841601252555848,0.0158398523926734,Real,3.3823282592493342e-06,0.9999966621398926,Real,1.612199184819474e-06,0.9999983310699464,Real,2.408537875453476e-05,0.9999759197235109
/content/Dataset/Test/Real/real_559.jpg,Real,Real,0.0892645046114921,0.9107354879379272,Real,0.0131643032655119,0.9868357181549072,Real,0.0012314685154706,0.9987685084342957,Fake,0.765704333782196,0.2342956811189651
/content/Dataset/Test/Real/real_56.jpg,Real,Real,0.0001139042869908,0.9998860359191896,Real,0.3499577939510345,0.6500422358512878,Fake,0.9876109957695008,0.0123889530077576,Fake,0.9998792409896852,0.000120759337733
/content/Dataset/Test/Real/real_562.jpg,Real,Fake,0.9598641395568848,0.0401358753442764,Real,0.0196680538356304,0.9803318977355956,Real,0.3283520042896271,0.6716479659080505,Real,0.0003858167328871,0.999614119529724
/content/Dataset/Test/Real/real_569.jpg,Real,Fake,0.539191722869873,0.4608083069324493,Real,0.0010390616953372,0.9989609718322754,Real,0.000913267431315,0.9990867376327516,Real,2.146514452761039e-05,0.9999785423278807
/content/Dataset/Test/Real/real_578.jpg,Real,Fake,0.7065372467041016,0.293462723493576,Fake,0.8690227270126343,0.1309772878885269,Real,0.0056183789856731,0.9943816065788268,Fake,0.9905253052711488,0.009474697522819
/content/Dataset/Test/Real/real_580.jpg,Real,Fake,0.6126779317855835,0.3873220682144165,Real,1.901811401694431e-06,0.9999980926513672,Real,0.0010988466674461,0.9989011287689208,Real,0.0003649847349151,0.9996349811553956
/content/Dataset/Test/Real/real_583.jpg,Real,Real,0.3302524983882904,0.6697474718093872,Fake,0.9780177474021912,0.0219822451472282,Real,0.3043185174465179,0.6956814527511597,Real,0.0136384833604097,0.9863615036010742
/content/Dataset/Test/Real/real_585.jpg,Real,Real,0.1844267547130584,0.8155732750892639,Fake,0.7770442962646484,0.2229557633399963,Real,0.0008658081642352,0.9991342425346376,Real,8.004128176253289e-05,0.9999200105667114
/content/Dataset/Test/Real/real_586.jpg,Real,Real,0.3578521013259887,0.6421478986740112,Fake,0.972788155078888,0.0272118113934993,Real,0.0059861177578568,0.9940138459205629,Real,6.233921885723248e-05,0.9999376535415648
/content/Dataset/Test/Real/real_587.jpg,Real,Real,0.0038395188748836,0.9961605072021484,Real,0.0231737550348043,0.9768262505531312,Fake,0.8221352696418762,0.1778647601604461,Fake,0.5191237330436707,0.4808762669563293
/content/Dataset/Test/Real/real_59.jpg,Real,Real,0.1085757166147232,0.8914242386817932,Real,0.3408929705619812,0.6591070294380188,Real,0.0097565837204456,0.9902433753013612,Fake,0.7534530758857727,0.2465469241142273
/content/Dataset/Test/Real/real_591.jpg,Real,Fake,0.9491379261016846,0.0508621297776699,Real,6.263516297622118e-06,0.9999936819076538,Real,0.0195479486137628,0.9804521203041076,Real,0.0004351217066869,0.9995648264884948
/content/Dataset/Test/Real/real_592.jpg,Real,Fake,0.9978871941566468,0.0021128444932401,Fake,0.5244995951652527,0.4755004644393921,Real,0.0021881817374378,0.9978118538856506,Real,0.0144826984032988,0.9855173230171204
/content/Dataset/Test/Real/real_593.jpg,Real,Fake,0.5951374173164368,0.4048625528812408,Real,1.4795786000831868e-06,0.9999985694885254,Real,0.000239669039729,0.9997603297233582,Real,4.4678134145215154e-05,0.9999552965164183
/content/Dataset/Test/Real/real_599.jpg,Real,Fake,0.524297297000885,0.4757027328014374,Fake,0.9975345134735109,0.0024654357694089,Fake,0.8473484516143799,0.1526516079902649,Fake,0.7036105990409851,0.2963894009590149
/content/Dataset/Test/Real/real_600.jpg,Real,Real,0.0002954141527879,0.9997045397758484,Real,0.0001305802725255,0.9998693466186525,Real,0.0419092066586017,0.9580907821655272,Fake,0.9961048364639282,0.0038952466566115
/content/Dataset/Test/Real/real_601.jpg,Real,Real,0.0058341608382761,0.9941657781600952,Fake,0.9231326580047609,0.076867364346981,Real,0.0963829904794693,0.9036169648170472,Real,0.1073330268263816,0.8926669359207153
/content/Dataset/Test/Real/real_61.jpg,Real,Fake,0.9582415223121644,0.0417584516108036,Fake,0.595413327217102,0.4045867025852203,Fake,0.7143033146858215,0.2856966853141784,Real,0.4434153735637665,0.5565845966339111
/content/Dataset/Test/Real/real_614.jpg,Real,Real,0.0036158552393317,0.9963841438293456,Real,0.0046777497045695,0.995322287082672,Real,0.0059147626161575,0.9940851926803588,Fake,0.9950044751167296,0.0049955225549638
/content/Dataset/Test/Real/real_62.jpg,Real,Fake,0.999953269958496,4.673929652199149e-05,Fake,0.9999035596847534,9.644632518757136e-05,Fake,0.9962027668952942,0.0037972866557538,Fake,0.9223426580429076,0.0776573419570922
/content/Dataset/Test/Real/real_623.jpg,Real,Real,0.0008758936892263,0.9991241097450256,Real,0.0001263259619008,0.9998736381530762,Real,2.620185841806233e-05,0.9999737739562988,Fake,0.7020442485809326,0.2979557812213897
/content/Dataset/Test/Real/real_626.jpg,Real,Real,0.0074837389402091,0.9925162196159364,Real,4.386526597954799e-06,0.9999955892562866,Real,3.0306055123219267e-06,0.9999970197677612,Fake,0.924630641937256,0.0753693729639053
/content/Dataset/Test/Real/real_627.jpg,Real,Real,0.4135119020938873,0.5864881277084351,Real,0.201493501663208,0.798506498336792,Real,0.0998389050364494,0.9001611471176147,Fake,0.7989400029182434,0.2010599672794342
/content/Dataset/Test/Real/real_628.jpg,Real,Fake,0.7666922211647034,0.233307734131813,Real,0.0041832248680293,0.9958167672157288,Real,8.774959133006632e-05,0.9999122619628906,Real,3.059778828173876e-05,0.9999693632125854
/content/Dataset/Test/Real/real_631.jpg,Real,Fake,0.5985333323478699,0.4014666676521301,Fake,0.9995403289794922,0.0004597213701345,Fake,0.9777830243110656,0.0222170148044824,Fake,0.9999595880508424,4.039211125927977e-05
/content/Dataset/Test/Real/real_637.jpg,Real,Real,0.0340547785162925,0.9659451842308044,Real,0.3824324011802673,0.6175675988197327,Real,0.0081609822809696,0.9918389916419984,Fake,0.9282351732254028,0.0717648491263389
/content/Dataset/Test/Real/real_648.jpg,Real,Real,0.3759666383266449,0.6240333318710327,Real,0.0015804072609171,0.9984196424484252,Fake,0.9930235147476196,0.0069765192456543,Fake,0.9998760223388672,0.0001239186822203
/content/Dataset/Test/Real/real_650.jpg,Real,Fake,0.9589834213256836,0.0410165190696716,Fake,0.9657332301139832,0.0342668108642101,Real,0.3800040185451507,0.6199960112571716,Fake,0.9157620072364808,0.0842379853129386
/content/Dataset/Test/Real/real_66.jpg,Real,Fake,0.7547937631607056,0.2452062368392944,Real,0.0364213548600673,0.9635785818099976,Real,0.0855730473995208,0.9144269227981568,Fake,0.9422280192375184,0.0577719584107399
/content/Dataset/Test/Real/real_664.jpg,Real,Real,0.0014480520039796,0.998551905155182,Fake,0.9890725016593932,0.0109275113791227,Real,1.216729560837848e-05,0.9999878406524658,Real,0.1973806619644165,0.8026193380355835
/content/Dataset/Test/Real/real_67.jpg,Real,Fake,0.6968190670013428,0.3031809628009796,Real,0.1085081025958061,0.8914918899536133,Real,0.006067800335586,0.9939321875572203,Real,0.0004171397304162,0.999582827091217
/content/Dataset/Test/Real/real_678.jpg,Real,Fake,0.969298541545868,0.0307014863938093,Real,0.001208784757182,0.9987912774086,Real,0.0294317249208688,0.970568299293518,Real,0.0002343455562368,0.999765694141388
/content/Dataset/Test/Real/real_683.jpg,Real,Real,7.115688640624285e-05,0.9999288320541382,Real,0.0005064092110842,0.9994935989379884,Fake,0.6251622438430786,0.374837726354599,Fake,0.999882698059082,0.0001172567572211
/content/Dataset/Test/Real/real_687.jpg,Real,Real,0.0091160964220762,0.9908838868141174,Real,0.0027482700534164,0.9972516894340516,Fake,0.6556300520896912,0.3443699479103088,Fake,0.9999642372131348,3.570514309103601e-05
/content/Dataset/Test/Real/real_696.jpg,Real,Real,0.0929713323712349,0.9070286154747008,Fake,0.9524486064910888,0.0475513823330402,Fake,0.9721482396125792,0.0278516896069049,Fake,0.9999653100967408,3.4685584978433326e-05
/content/Dataset/Test/Real/real_699.jpg,Real,Real,0.0944131538271904,0.9055867791175842,Fake,0.9178124070167542,0.0821876302361488,Real,0.041474875062704,0.9585250616073608,Fake,0.9995062351226808,0.0004937334451824
/content/Dataset/Test/Real/real_70.jpg,Real,Fake,0.986241340637207,0.0137586621567606,Fake,0.9900795221328736,0.0099204825237393,Fake,0.772871196269989,0.2271288186311721,Fake,0.9943627119064332,0.0056372289545834
/content/Dataset/Test/Real/real_700.jpg,Real,Fake,0.9538262486457824,0.046173732727766,Fake,0.999985933303833,1.4033817933523096e-05,Fake,0.9999774694442748,2.254748687846586e-05,Fake,0.9999487400054932,5.127525218995288e-05
/content/Dataset/Test/Real/real_716.jpg,Real,Fake,0.9919901490211488,0.0080098947510123,Real,0.0202122312039136,0.9797877669334412,Real,0.0001196321099996,0.999880313873291,Real,0.0015655868919566,0.9984343647956848
/content/Dataset/Test/Real/real_717.jpg,Real,Fake,0.9980410933494568,0.00195895251818,Real,0.000396902905777,0.9996030926704408,Real,0.0214144755154848,0.9785854816436768,Real,3.221659790142439e-05,0.9999678134918212
/content/Dataset/Test/Real/real_718.jpg,Real,Fake,0.9988760352134703,0.0011239744490012,Real,0.0001808602246455,0.9998192191123962,Real,0.0004193051718175,0.9995806813240052,Real,2.299163861607667e-05,0.9999769926071168
/content/Dataset/Test/Real/real_72.jpg,Real,Real,0.007062935270369,0.9929370284080504,Fake,0.8813528418540955,0.1186471804976463,Fake,0.9636803269386292,0.0363197103142738,Fake,0.999964952468872,3.5012333682971075e-05
/content/Dataset/Test/Real/real_723.jpg,Real,Fake,0.7115908265113831,0.2884091734886169,Fake,0.9979198575019836,0.0020801676437258,Real,0.0170318689197301,0.9829681515693665,Fake,0.9998699426651,0.0001300795702263
/content/Dataset/Test/Real/real_735.jpg,Real,Fake,0.6962616443634033,0.303738385438919,Real,0.0009389395709149,0.9990610480308532,Real,0.0007362914038822,0.9992637038230896,Real,9.99402327579446e-05,0.9999001026153564
/content/Dataset/Test/Real/real_738.jpg,Real,Real,0.0015148728853091,0.9984851479530334,Real,0.0450089201331138,0.9549910426139832,Real,0.0008258192101493,0.999174177646637,Fake,0.8388243913650513,0.1611756235361099
/content/Dataset/Test/Real/real_757.jpg,Real,Real,0.0001576965005369,0.9998422861099244,Real,3.8073735595389735e-06,0.9999961853027344,Real,0.0026289471425116,0.9973710775375366,Fake,0.9930933713912964,0.0069066234864294
/content/Dataset/Test/Real/real_759.jpg,Real,Real,0.0620443001389503,0.9379557371139526,Fake,0.920328676700592,0.0796713531017303,Fake,0.973471999168396,0.0265279822051525,Fake,0.9675754308700562,0.0324246175587177
/content/Dataset/Test/Real/real_760.jpg,Real,Real,0.0022329012863337,0.9977670907974244,Fake,0.9999831914901732,1.6765012333053164e-05,Fake,0.9941009879112244,0.0058989878743886,Fake,0.999907374382019,9.265656262869015e-05
/content/Dataset/Test/Real/real_766.jpg,Real,Real,0.0180114656686782,0.9819886088371276,Real,0.2779367864131927,0.7220631837844849,Fake,0.5377858281135559,0.4622141420841217,Real,2.457936352584511e-05,0.9999754428863524
/content/Dataset/Test/Real/real_770.jpg,Real,Real,0.0425241887569427,0.9574757814407348,Fake,0.7262064814567566,0.2737935185432434,Real,0.0021259482018649,0.9978740215301514,Fake,0.9836875200271606,0.0163124054670333
/content/Dataset/Test/Real/real_775.jpg,Real,Real,0.2443577498197555,0.7556422352790833,Fake,0.897674560546875,0.1023254245519638,Fake,0.8700154423713684,0.1299845427274704,Fake,0.9783138632774352,0.0216861795634031
/content/Dataset/Test/Real/real_791.jpg,Real,Real,0.003895963774994,0.9961040019989014,Real,3.7747478927485645e-05,0.9999622106552124,Fake,0.5467110872268677,0.4532889127731323,Real,0.0054536620154976,0.9945462942123412
/content/Dataset/Test/Real/real_792.jpg,Real,Fake,0.5093391537666321,0.4906608462333679,Real,0.0002192661486333,0.9997807145118712,Real,2.320548264833633e-05,0.9999767541885376,Real,0.2145195603370666,0.7854804992675781
/content/Dataset/Test/Real/real_793.jpg,Real,Fake,0.5687974095344543,0.4312026500701904,Real,0.0482321977615356,0.9517678022384644,Real,0.0616675317287445,0.938332498073578,Real,0.0004408379318192,0.9995591044425964
/content/Dataset/Test/Real/real_795.jpg,Real,Real,0.0702806711196899,0.9297192692756652,Real,0.2515752017498016,0.7484248280525208,Fake,0.6154766082763672,0.384523332118988,Real,0.1014812663197517,0.8985187411308289
/content/Dataset/Test/Real/real_81.jpg,Real,Fake,0.5600667595863342,0.4399333000183105,Real,0.4455825686454773,0.5544174313545227,Real,0.4373076558113098,0.5626923441886902,Real,6.169799598865211e-05,0.9999382495880128
/content/Dataset/Test/Real/real_821.jpg,Real,Fake,0.8675588369369507,0.1324411779642105,Real,6.455390393966809e-05,0.9999353885650636,Real,0.0005160582950338,0.9994839429855348,Real,5.510067785508e-05,0.9999449253082277
/content/Dataset/Test/Real/real_822.jpg,Real,Fake,0.9956877827644348,0.0043122097849845,Real,0.0006613488076254,0.999338686466217,Real,0.1448535025119781,0.8551465272903442,Real,0.0006272458122111,0.9993727803230286
/content/Dataset/Test/Real/real_829.jpg,Real,Fake,0.8633866906166077,0.1366133391857147,Real,1.7548034065839602e-06,0.9999982118606568,Real,7.544584605057025e-06,0.9999924898147584,Real,2.206988756370265e-05,0.9999779462814332
/content/Dataset/Test/Real/real_83.jpg,Real,Fake,0.998762845993042,0.0012371754273772,Fake,0.9818840026855468,0.018116058781743,Real,0.4002511203289032,0.5997489094734192,Fake,0.7228156328201294,0.2771843671798706
/content/Dataset/Test/Real/real_831.jpg,Real,Fake,0.828369677066803,0.1716303676366806,Real,0.002643987070769,0.9973560571670532,Real,5.37381783942692e-05,0.9999462366104126,Real,8.224706107284874e-05,0.99991774559021
/content/Dataset/Test/Real/real_836.jpg,Real,Real,0.0845170691609382,0.9154829978942872,Real,3.992162601207383e-05,0.9999600648880004,Real,0.0165941901504993,0.983405828475952,Fake,0.8703104853630066,0.1296894550323486
/content/Dataset/Test/Real/real_840.jpg,Real,Fake,0.6844280362129211,0.3155719637870788,Real,1.5259211068041623e-05,0.9999847412109376,Real,0.0004101081867702,0.9995898604393004,Real,3.4028125810436904e-05,0.999966025352478
/content/Dataset/Test/Real/real_842.jpg,Real,Fake,0.9995962977409364,0.00040377190453,Real,3.2442556403111666e-05,0.9999675750732422,Real,2.2269998225965537e-05,0.999977707862854,Real,7.469421689165756e-05,0.9999252557754515
/content/Dataset/Test/Real/real_849.jpg,Real,Real,0.0983969792723655,0.9016029834747314,Fake,0.7166183590888977,0.2833816409111023,Real,0.0687548071146011,0.9312451481819152,Fake,0.8880031704902649,0.1119968220591545
/content/Dataset/Test/Real/real_85.jpg,Real,Real,0.0002380234946031,0.999761998653412,Fake,0.8452705144882202,0.1547295004129409,Fake,0.9213474988937378,0.0786525383591651,Fake,0.9999477863311768,5.217090802034363e-05
/content/Dataset/Test/Real/real_851.jpg,Real,Fake,0.6400456428527832,0.3599543571472168,Fake,0.9999887943267822,1.11493782242178e-05,Fake,0.999829888343811,0.0001701160217635,Fake,0.9999659061431884,3.415143510210328e-05
/content/Dataset/Test/Real/real_852.jpg,Real,Real,0.0001239112461917,0.9998760223388672,Fake,0.8461193442344666,0.153880700469017,Real,0.0027395982760936,0.997260332107544,Real,0.0010701309656724,0.998929798603058
/content/Dataset/Test/Real/real_858.jpg,Real,Real,0.0476116277277469,0.952388346195221,Real,0.0001945571711985,0.999805510044098,Fake,0.7127361297607422,0.287263810634613,Real,0.0001133218684117,0.9998866319656372
/content/Dataset/Test/Real/real_862.jpg,Real,Fake,0.6193147897720337,0.3806851506233215,Real,0.0004197627131361,0.9995802044868468,Real,0.0088702952489256,0.991129755973816,Real,0.1233582943677902,0.8766416907310486
/content/Dataset/Test/Real/real_869.jpg,Real,Real,0.2935467958450317,0.706453263759613,Real,4.229752084938809e-05,0.9999576807022096,Fake,0.8838308453559875,0.1161691397428512,Real,2.792165287246462e-05,0.9999721050262452
/content/Dataset/Test/Real/real_87.jpg,Real,Real,0.0101226205006241,0.9898774027824402,Fake,0.9997702240943908,0.000229786557611,Fake,0.9978785514831544,0.0021215088199824,Fake,0.9999207258224488,7.92692371760495e-05
/content/Dataset/Test/Real/real_870.jpg,Real,Fake,0.9997206330299376,0.0002793451421894,Real,0.4422788918018341,0.5577210783958435,Real,0.1819285750389099,0.8180714249610901,Fake,0.9854023456573486,0.0145977027714252
/content/Dataset/Test/Real/real_872.jpg,Real,Fake,0.9645652770996094,0.0354347266256809,Real,3.016870869032573e-05,0.9999698400497437,Real,0.0108311418443918,0.9891688823699952,Real,0.0001843688660301,0.9998156428337096
/content/Dataset/Test/Real/real_873.jpg,Real,Real,0.1050110980868339,0.8949888348579407,Real,0.4766624867916107,0.5233375430107117,Fake,0.9228862524032592,0.0771137848496437,Fake,0.9989676475524902,0.0010323805036023
/content/Dataset/Test/Real/real_879.jpg,Real,Fake,0.6376626491546631,0.3623373806476593,Real,3.846938398055499e-06,0.9999961853027344,Real,2.5688763344078325e-05,0.9999743700027466,Real,0.1719364523887634,0.8280634880065918
/content/Dataset/Test/Real/real_882.jpg,Real,Fake,0.8540768027305603,0.1459232568740844,Fake,0.987916111946106,0.0120839122682809,Fake,0.9866124391555786,0.0133876344189047,Fake,0.9999690055847168,3.09669558191672e-05
/content/Dataset/Test/Real/real_886.jpg,Real,Fake,0.929865837097168,0.0701341480016708,Real,1.4935761100787204e-05,0.9999850988388062,Real,0.0256817415356636,0.9743182063102722,Real,0.0001219564655912,0.9998780488967896
/content/Dataset/Test/Real/real_89.jpg,Real,Real,0.1182695105671882,0.8817305564880371,Real,2.2843154511065222e-05,0.9999771118164062,Fake,0.7228395938873291,0.2771604061126709,Real,0.0006226854748092,0.9993773102760316
/content/Dataset/Test/Real/real_895.jpg,Real,Fake,0.6635606288909912,0.3364393711090088,Real,2.372871222178219e-06,0.999997615814209,Real,4.420740879140794e-06,0.9999955892562866,Real,5.853647598996759e-05,0.9999414682388306
/content/Dataset/Test/Real/real_906.jpg,Real,Fake,0.8014377951622009,0.1985621452331543,Real,5.325531674316153e-05,0.9999467134475708,Real,0.0001345930359093,0.9998654127120972,Real,2.5397790523129515e-05,0.9999746084213256
/content/Dataset/Test/Real/real_91.jpg,Real,Real,0.0228212494403123,0.9771788120269777,Fake,0.6998723745346069,0.3001275956630707,Real,0.01979267783463,0.9802072644233704,Real,0.4073884785175323,0.5926114916801453
/content/Dataset/Test/Real/real_917.jpg,Real,Real,0.0005806631525047,0.999419331550598,Real,0.0016953285085037,0.9983046054840088,Real,0.1046725362539291,0.8953275084495544,Fake,0.9880623817443848,0.011937684379518
/content/Dataset/Test/Real/real_918.jpg,Real,Real,0.001086501055397,0.9989135265350342,Real,2.2991329387878068e-05,0.9999769926071168,Fake,0.9036188125610352,0.0963812172412872,Fake,0.9992247819900512,0.000775181222707
/content/Dataset/Test/Real/real_929.jpg,Real,Fake,0.8275874257087708,0.1724125444889068,Real,3.5157274396624416e-05,0.9999648332595824,Real,0.0002875068457797,0.9997125267982484,Real,0.001014596549794,0.9989853501319884
/content/Dataset/Test/Real/real_934.jpg,Real,Fake,0.9144466519355774,0.085553303360939,Real,0.0055152648128569,0.9944847226142884,Real,0.0079939141869544,0.9920061230659484,Real,0.0564009211957454,0.9435990452766418
/content/Dataset/Test/Real/real_935.jpg,Real,Real,0.0063278600573539,0.9936721324920654,Real,0.0007910440326668,0.9992089867591858,Real,0.3052116632461548,0.6947883367538452,Fake,0.9702551960945128,0.0297448001801967
/content/Dataset/Test/Real/real_94.jpg,Real,Fake,0.9711049199104308,0.0288951303809881,Real,0.0408076383173465,0.9591923356056212,Real,0.3719254732131958,0.6280745267868042,Real,0.0039778789505362,0.9960221648216248
/content/Dataset/Test/Real/real_95.jpg,Real,Fake,0.9639286994934082,0.0360712595283985,Real,0.1829927414655685,0.8170072436332703,Fake,0.538102388381958,0.4618976414203644,Real,0.0451913923025131,0.9548086524009703
/content/Dataset/Test/Real/real_954.jpg,Real,Real,0.0055974363349378,0.9944025874137878,Real,0.0006651632138527,0.999334752559662,Fake,0.6439265608787537,0.3560734689235687,Fake,0.9999055862426758,9.439858695259318e-05
/content/Dataset/Test/Real/real_955.jpg,Real,Real,0.0185223538428545,0.981477677822113,Fake,0.9312803149223328,0.0687196552753448,Fake,0.9978783130645752,0.002121735131368,Fake,0.9999651908874512,3.476950223557651e-05
/content/Dataset/Test/Real/real_96.jpg,Real,Fake,0.8683692812919617,0.1316307038068771,Real,0.0254412908107042,0.9745587706565856,Real,0.4979850053787231,0.5020149946212769,Real,0.0009947686921805,0.9990052580833436
/content/Dataset/Test/Real/real_967.jpg,Real,Fake,0.6232134103775024,0.3767866194248199,Real,5.419303761300398e-06,0.9999946355819702,Real,0.000463848322397,0.999536156654358,Real,0.3176343142986297,0.6823657155036926
/content/Dataset/Test/Real/real_968.jpg,Real,Real,0.0008417788194492,0.999158263206482,Real,0.0314788408577442,0.9685211777687072,Real,0.003731622826308,0.996268391609192,Fake,0.8070332407951355,0.1929667294025421
/content/Dataset/Test/Real/real_97.jpg,Real,Fake,0.8772245645523071,0.1227754279971122,Real,0.0374863930046558,0.9625135660171508,Fake,0.5027617812156677,0.4972382485866546,Real,0.0017181440489366,0.9982818365097046
/content/Dataset/Test/Real/real_975.jpg,Real,Real,0.0348301008343696,0.9651699066162108,Real,6.907733677508077e-06,0.999993085861206,Fake,0.9981452226638794,0.0018548038788139,Real,0.0003003565361723,0.9996997117996216
/content/Dataset/Test/Real/real_976.jpg,Real,Fake,0.9774081110954284,0.0225918926298618,Real,9.449243225390092e-05,0.9999054670333862,Real,0.0074171689338982,0.9925827980041504,Real,3.061760435230099e-05,0.9999693632125854
/content/Dataset/Test/Real/real_98.jpg,Real,Fake,0.7042584419250488,0.2957415878772735,Real,0.0243100710213184,0.9756898880004884,Real,0.4244372546672821,0.5755627155303955,Real,0.0265931822359561,0.9734068512916564
/content/Dataset/Test/Real/real_980.jpg,Real,Real,0.0019784460309892,0.9980216026306152,Real,0.2256381213665008,0.7743618488311768,Fake,0.9223036170005798,0.0776963159441948,Fake,0.5417295694351196,0.458270400762558
/content/Dataset/Test/Real/real_981.jpg,Real,Fake,0.9986623525619508,0.0013376947026699,Real,8.899126260075718e-05,0.9999109506607056,Real,4.943486601405311e-06,0.9999951124191284,Real,2.2104917661636136e-05,0.9999779462814332
/content/Dataset/Test/Real/real_989.jpg,Real,Fake,0.9986498951911926,0.0013501470675691,Real,0.0015130450483411,0.998486876487732,Real,0.0048212311230599,0.9951788187026978,Real,2.76944920187816e-05,0.9999723434448242
/content/Dataset/Test/Real/real_99.jpg,Real,Fake,0.9622517824172974,0.0377481989562511,Real,0.117119587957859,0.882880449295044,Fake,0.5381965637207031,0.4618034958839416,Real,0.0141772432252764,0.9858227372169496
