path,label,prediction,correct,prob_fake,prob_real
/content/Dataset/Test/Fake/fake_0.jpg,0,0,True,0.9999707937240601,2.9224122044979595e-05
/content/Dataset/Test/Fake/fake_1.jpg,0,0,True,0.9999297857284546,7.02066536177881e-05
/content/Dataset/Test/Fake/fake_10.jpg,0,0,True,0.9999762773513794,2.3674445401411504e-05
/content/Dataset/Test/Fake/fake_100.jpg,0,0,True,0.9999711513519287,2.8821476007578894e-05
/content/Dataset/Test/Fake/fake_1000.jpg,0,0,True,0.9999728202819824,2.7147321816300973e-05
/content/Dataset/Test/Fake/fake_1001.jpg,0,0,True,0.9999769926071167,2.297340142831672e-05
/content/Dataset/Test/Fake/fake_1002.jpg,0,0,True,0.9999783039093018,2.1718162315664813e-05
/content/Dataset/Test/Fake/fake_1003.jpg,0,0,True,0.9999772310256958,2.275069164170418e-05
/content/Dataset/Test/Fake/fake_1004.jpg,0,0,True,0.9999204874038696,7.950800500111654e-05
/content/Dataset/Test/Fake/fake_1005.jpg,0,0,True,0.9999754428863525,2.4551345632062294e-05
/content/Dataset/Test/Fake/fake_1006.jpg,0,0,True,0.9999775886535645,2.2427309886552393e-05
/content/Dataset/Test/Fake/fake_1007.jpg,0,0,True,0.9999754428863525,2.4599248718004674e-05
/content/Dataset/Test/Fake/fake_1008.jpg,0,0,True,0.997453510761261,0.002546456176787615
/content/Dataset/Test/Fake/fake_1009.jpg,0,0,True,0.9999761581420898,2.387974745943211e-05
/content/Dataset/Test/Fake/fake_101.jpg,0,0,True,0.6880088448524475,0.3119911551475525
/content/Dataset/Test/Fake/fake_1010.jpg,0,0,True,0.9999771118164062,2.2837837605038658e-05
/content/Dataset/Test/Fake/fake_1011.jpg,0,0,True,0.9999769926071167,2.302527536812704e-05
/content/Dataset/Test/Fake/fake_1012.jpg,0,0,True,0.999972939491272,2.7015941668651067e-05
/content/Dataset/Test/Fake/fake_1013.jpg,0,0,True,0.9999779462814331,2.207820216426626e-05
/content/Dataset/Test/Fake/fake_1014.jpg,0,0,True,0.9999772310256958,2.2818856450612657e-05
/content/Dataset/Test/Fake/fake_1015.jpg,0,0,True,0.9999756813049316,2.4293753085657954e-05
/content/Dataset/Test/Fake/fake_1016.jpg,0,0,True,0.999975323677063,2.4655309971421957e-05
/content/Dataset/Test/Fake/fake_1017.jpg,0,0,True,0.9999779462814331,2.205964301538188e-05
/content/Dataset/Test/Fake/fake_1018.jpg,0,0,True,0.9990537762641907,0.0009462748421356082
/content/Dataset/Test/Fake/fake_1019.jpg,0,0,True,0.9999767541885376,2.3257949578692205e-05
/content/Dataset/Test/Fake/fake_102.jpg,0,0,True,0.9999350309371948,6.499594019260257e-05
/content/Dataset/Test/Fake/fake_1020.jpg,0,0,True,0.9999769926071167,2.3009537471807562e-05
/content/Dataset/Test/Fake/fake_1021.jpg,0,0,True,0.9999750852584839,2.4951403247541748e-05
/content/Dataset/Test/Fake/fake_1022.jpg,0,0,True,0.9999773502349854,2.2598334908252582e-05
/content/Dataset/Test/Fake/fake_1023.jpg,0,0,True,0.9999786615371704,2.1325560737750493e-05
/content/Dataset/Test/Fake/fake_1024.jpg,0,0,True,0.9999784231185913,2.1564426788245328e-05
/content/Dataset/Test/Fake/fake_1025.jpg,0,0,True,0.9999752044677734,2.4790759198367596e-05
/content/Dataset/Test/Fake/fake_1026.jpg,0,0,True,0.9999759197235107,2.40314839174971e-05
/content/Dataset/Test/Fake/fake_1027.jpg,0,0,True,0.9999773502349854,2.2607837308896706e-05
/content/Dataset/Test/Fake/fake_1028.jpg,0,0,True,0.9999783039093018,2.1665515305357985e-05
/content/Dataset/Test/Fake/fake_1029.jpg,0,0,True,0.9999767541885376,2.3282491383724846e-05
/content/Dataset/Test/Fake/fake_103.jpg,0,0,True,0.9999678134918213,3.222839586669579e-05
/content/Dataset/Test/Fake/fake_1030.jpg,0,0,True,0.999975323677063,2.4717934138607234e-05
/content/Dataset/Test/Fake/fake_1031.jpg,0,0,True,0.9999767541885376,2.3302440240513533e-05
/content/Dataset/Test/Fake/fake_1032.jpg,0,0,True,0.9999457597732544,5.421848618425429e-05
/content/Dataset/Test/Fake/fake_1033.jpg,0,0,True,0.9999736547470093,2.629964001243934e-05
/content/Dataset/Test/Fake/fake_1034.jpg,0,0,True,0.9999788999557495,2.106833562720567e-05
/content/Dataset/Test/Fake/fake_1035.jpg,0,0,True,0.9889974594116211,0.011002607643604279
/content/Dataset/Test/Fake/fake_1036.jpg,0,0,True,0.9999605417251587,3.949509482481517e-05
/content/Dataset/Test/Fake/fake_1037.jpg,0,0,True,0.9999767541885376,2.3203048840514384e-05
/content/Dataset/Test/Fake/fake_1038.jpg,0,0,True,0.9999758005142212,2.421876160951797e-05
/content/Dataset/Test/Fake/fake_1039.jpg,0,0,True,0.9999752044677734,2.4744891561567783e-05
/content/Dataset/Test/Fake/fake_104.jpg,0,0,True,0.6968065500259399,0.30319344997406006
/content/Dataset/Test/Fake/fake_1040.jpg,0,0,True,0.999977707862854,2.2297286704997532e-05
/content/Dataset/Test/Fake/fake_1041.jpg,0,0,True,0.999972939491272,2.705193401197903e-05
/content/Dataset/Test/Fake/fake_1042.jpg,0,0,True,0.999974250793457,2.5806057237787172e-05
/content/Dataset/Test/Fake/fake_1043.jpg,0,0,True,0.9999740123748779,2.5992554583353922e-05
/content/Dataset/Test/Fake/fake_1044.jpg,0,0,True,0.9999774694442749,2.2532720322487876e-05
/content/Dataset/Test/Fake/fake_1045.jpg,0,0,True,0.9999774694442749,2.250930992886424e-05
/content/Dataset/Test/Fake/fake_1046.jpg,0,0,True,0.9988123178482056,0.0011877166107296944
/content/Dataset/Test/Fake/fake_1047.jpg,0,0,True,0.999977707862854,2.223818410129752e-05
/content/Dataset/Test/Fake/fake_1048.jpg,0,0,True,0.9999762773513794,2.3665552362217568e-05
/content/Dataset/Test/Fake/fake_1049.jpg,0,0,True,0.9999730587005615,2.692437919904478e-05
/content/Dataset/Test/Fake/fake_105.jpg,0,0,True,0.9757190346717834,0.02428092621266842
/content/Dataset/Test/Fake/fake_1050.jpg,0,0,True,0.9999719858169556,2.796978151309304e-05
/content/Dataset/Test/Fake/fake_1051.jpg,0,0,True,0.9999717473983765,2.8303793442319147e-05
/content/Dataset/Test/Fake/fake_1052.jpg,0,0,True,0.9999780654907227,2.195439265051391e-05
/content/Dataset/Test/Fake/fake_1053.jpg,0,0,True,0.9999750852584839,2.4878720068954863e-05
/content/Dataset/Test/Fake/fake_1054.jpg,0,0,True,0.9999765157699585,2.3437583877239376e-05
/content/Dataset/Test/Fake/fake_1055.jpg,0,0,True,0.9999761581420898,2.389751716691535e-05
/content/Dataset/Test/Fake/fake_1056.jpg,0,0,True,0.9999769926071167,2.3054037228575908e-05
/content/Dataset/Test/Fake/fake_1057.jpg,0,0,True,0.9999783039093018,2.171677624573931e-05
/content/Dataset/Test/Fake/fake_1058.jpg,0,0,True,0.9999773502349854,2.2646983779850416e-05
/content/Dataset/Test/Fake/fake_1059.jpg,0,0,True,0.99997878074646,2.1246900359983556e-05
/content/Dataset/Test/Fake/fake_106.jpg,0,0,True,0.9999650716781616,3.487736466922797e-05
/content/Dataset/Test/Fake/fake_1060.jpg,0,0,True,0.9999767541885376,2.3236420020111836e-05
/content/Dataset/Test/Fake/fake_1061.jpg,0,0,True,0.9999783039093018,2.1736088456236757e-05
/content/Dataset/Test/Fake/fake_1062.jpg,0,0,True,0.9999752044677734,2.47979951382149e-05
/content/Dataset/Test/Fake/fake_1063.jpg,0,0,True,0.9999775886535645,2.2460444597527385e-05
/content/Dataset/Test/Fake/fake_1064.jpg,0,0,True,0.9999778270721436,2.2203666958375834e-05
/content/Dataset/Test/Fake/fake_1065.jpg,0,0,True,0.9999747276306152,2.5310459022875875e-05
/content/Dataset/Test/Fake/fake_1066.jpg,0,0,True,0.9999775886535645,2.2394331608666107e-05
/content/Dataset/Test/Fake/fake_1067.jpg,0,0,True,0.9999716281890869,2.831582969520241e-05
/content/Dataset/Test/Fake/fake_1068.jpg,0,0,True,0.9999779462814331,2.208993464591913e-05
/content/Dataset/Test/Fake/fake_1069.jpg,0,0,True,0.9999767541885376,2.3299528038478456e-05
/content/Dataset/Test/Fake/fake_107.jpg,0,0,True,0.9999724626541138,2.7527865313459188e-05
/content/Dataset/Test/Fake/fake_1070.jpg,0,0,True,0.9999772310256958,2.2788281057728454e-05
/content/Dataset/Test/Fake/fake_1071.jpg,0,0,True,0.999977707862854,2.233563645859249e-05
/content/Dataset/Test/Fake/fake_1072.jpg,0,0,True,0.9999755620956421,2.4469441996188834e-05
/content/Dataset/Test/Fake/fake_1073.jpg,0,0,True,0.9999699592590332,3.0010254704393446e-05
/content/Dataset/Test/Fake/fake_1074.jpg,0,0,True,0.9999773502349854,2.2625956262345426e-05
/content/Dataset/Test/Fake/fake_1075.jpg,0,0,True,0.9999771118164062,2.286603739776183e-05
/content/Dataset/Test/Fake/fake_1076.jpg,0,0,True,0.9999772310256958,2.2722961148247123e-05
/content/Dataset/Test/Fake/fake_1077.jpg,0,0,True,0.9999599456787109,4.0006194467423484e-05
/content/Dataset/Test/Fake/fake_1078.jpg,0,0,True,0.9999762773513794,2.376910015300382e-05
/content/Dataset/Test/Fake/fake_1079.jpg,0,0,True,0.9999781847000122,2.180414230679162e-05
/content/Dataset/Test/Fake/fake_108.jpg,0,0,True,0.9999628067016602,3.71804999304004e-05
/content/Dataset/Test/Fake/fake_1080.jpg,0,0,True,0.9999741315841675,2.58884574577678e-05
/content/Dataset/Test/Fake/fake_1081.jpg,0,0,True,0.999974250793457,2.573498204583302e-05
/content/Dataset/Test/Fake/fake_1082.jpg,0,0,True,0.999976634979248,2.3348062313743867e-05
/content/Dataset/Test/Fake/fake_1083.jpg,0,0,True,0.9999780654907227,2.191717612731736e-05
/content/Dataset/Test/Fake/fake_1084.jpg,0,0,True,0.9999761581420898,2.3827404220355675e-05
/content/Dataset/Test/Fake/fake_1085.jpg,0,0,True,0.9999774694442749,2.251830665045418e-05
/content/Dataset/Test/Fake/fake_1086.jpg,0,0,True,0.999977707862854,2.2324305973597802e-05
/content/Dataset/Test/Fake/fake_1087.jpg,0,0,True,0.9999774694442749,2.2535643438459374e-05
/content/Dataset/Test/Fake/fake_1088.jpg,0,0,True,0.99997878074646,2.123326703440398e-05
/content/Dataset/Test/Fake/fake_1089.jpg,0,0,True,0.9999779462814331,2.207266697951127e-05
/content/Dataset/Test/Fake/fake_109.jpg,0,0,True,0.9999691247940063,3.0932158551877365e-05
/content/Dataset/Test/Fake/fake_1090.jpg,0,0,True,0.9999773502349854,2.2599604562856257e-05
/content/Dataset/Test/Fake/fake_1091.jpg,0,0,True,0.999977707862854,2.223523915745318e-05
/content/Dataset/Test/Fake/fake_1092.jpg,0,0,True,0.9999740123748779,2.5973724405048415e-05
/content/Dataset/Test/Fake/fake_1093.jpg,0,0,True,0.9999775886535645,2.2414802515413612e-05
/content/Dataset/Test/Fake/fake_1094.jpg,0,0,True,0.9999780654907227,2.19532594201155e-05
/content/Dataset/Test/Fake/fake_1095.jpg,0,0,True,0.999975323677063,2.4694112653378397e-05
/content/Dataset/Test/Fake/fake_1096.jpg,0,0,True,0.9999738931655884,2.614544973766897e-05
/content/Dataset/Test/Fake/fake_1097.jpg,0,0,True,0.9999750852584839,2.4875658709788695e-05
/content/Dataset/Test/Fake/fake_1098.jpg,0,0,True,0.9999740123748779,2.5942679712898098e-05
/content/Dataset/Test/Fake/fake_1099.jpg,0,0,True,0.999976396560669,2.355057222303003e-05
/content/Dataset/Test/Fake/fake_11.jpg,0,0,True,0.9999722242355347,2.7790238164016046e-05
/content/Dataset/Test/Fake/fake_110.jpg,0,0,True,0.9999767541885376,2.3292175683309324e-05
/content/Dataset/Test/Fake/fake_1100.jpg,0,0,True,0.9999774694442749,2.248193595733028e-05
/content/Dataset/Test/Fake/fake_1101.jpg,0,0,True,0.9999759197235107,2.4068063794402406e-05
/content/Dataset/Test/Fake/fake_1102.jpg,0,0,True,0.9999730587005615,2.698936987144407e-05
/content/Dataset/Test/Fake/fake_1103.jpg,0,0,True,0.9999759197235107,2.4077455236692913e-05
/content/Dataset/Test/Fake/fake_1104.jpg,0,0,True,0.9999790191650391,2.0944729840266518e-05
/content/Dataset/Test/Fake/fake_1105.jpg,0,0,True,0.9999768733978271,2.3096330551197752e-05
/content/Dataset/Test/Fake/fake_1106.jpg,0,0,True,0.999975323677063,2.4722956368350424e-05
/content/Dataset/Test/Fake/fake_1107.jpg,0,0,True,0.9999758005142212,2.42531987169059e-05
/content/Dataset/Test/Fake/fake_1108.jpg,0,0,True,0.9999716281890869,2.8316857424215414e-05
/content/Dataset/Test/Fake/fake_1109.jpg,0,0,True,0.9999762773513794,2.3695452910033055e-05
/content/Dataset/Test/Fake/fake_111.jpg,0,0,True,0.9999709129333496,2.90884909190936e-05
/content/Dataset/Test/Fake/fake_1110.jpg,0,0,True,0.9999779462814331,2.1996722352923825e-05
/content/Dataset/Test/Fake/fake_1111.jpg,0,0,True,0.9463123679161072,0.053687624633312225
/content/Dataset/Test/Fake/fake_1112.jpg,0,0,True,0.9999790191650391,2.0966133888578042e-05
/content/Dataset/Test/Fake/fake_1113.jpg,0,0,True,0.9999784231185913,2.1517242203117348e-05
/content/Dataset/Test/Fake/fake_1114.jpg,0,0,True,0.999975323677063,2.4729040887905285e-05
/content/Dataset/Test/Fake/fake_1115.jpg,0,0,True,0.9999769926071167,2.2972284568822943e-05
/content/Dataset/Test/Fake/fake_1116.jpg,0,0,True,0.9999114274978638,8.850810991134495e-05
/content/Dataset/Test/Fake/fake_1117.jpg,0,0,True,0.9999758005142212,2.4151526304194704e-05
/content/Dataset/Test/Fake/fake_1118.jpg,0,0,True,0.999976396560669,2.3604470698046498e-05
/content/Dataset/Test/Fake/fake_1119.jpg,0,0,True,0.999976396560669,2.3571268684463575e-05
/content/Dataset/Test/Fake/fake_112.jpg,0,0,True,0.9999750852584839,2.485597724444233e-05
/content/Dataset/Test/Fake/fake_1120.jpg,0,0,True,0.9999743700027466,2.5668876332929358e-05
/content/Dataset/Test/Fake/fake_1121.jpg,0,0,True,0.9999769926071167,2.2998172426014207e-05
/content/Dataset/Test/Fake/fake_1122.jpg,0,0,True,0.9999642372131348,3.574579386622645e-05
/content/Dataset/Test/Fake/fake_1123.jpg,0,0,True,0.9999772310256958,2.271801895403769e-05
/content/Dataset/Test/Fake/fake_1124.jpg,0,0,True,0.9999755620956421,2.44258208113024e-05
/content/Dataset/Test/Fake/fake_1125.jpg,0,0,True,0.9999767541885376,2.324544038856402e-05
/content/Dataset/Test/Fake/fake_1126.jpg,0,0,True,0.9999761581420898,2.3827855329727754e-05
/content/Dataset/Test/Fake/fake_1127.jpg,0,0,True,0.9999771118164062,2.2892505512572825e-05
/content/Dataset/Test/Fake/fake_1128.jpg,0,0,True,0.9999752044677734,2.4806369765428826e-05
/content/Dataset/Test/Fake/fake_1129.jpg,0,0,True,0.9999760389328003,2.4013706934056245e-05
/content/Dataset/Test/Fake/fake_113.jpg,0,0,True,0.9999760389328003,2.4018976546358317e-05
/content/Dataset/Test/Fake/fake_1130.jpg,0,0,True,0.999976634979248,2.3308550225920044e-05
/content/Dataset/Test/Fake/fake_1131.jpg,0,0,True,0.9999719858169556,2.8062495402991772e-05
/content/Dataset/Test/Fake/fake_1132.jpg,0,0,True,0.9999781847000122,2.1795700376969762e-05
/content/Dataset/Test/Fake/fake_1133.jpg,0,0,True,0.9999786615371704,2.1359592210501432e-05
/content/Dataset/Test/Fake/fake_1134.jpg,0,0,True,0.9999769926071167,2.3017899366095662e-05
/content/Dataset/Test/Fake/fake_1135.jpg,0,0,True,0.999974250793457,2.572705489001237e-05
/content/Dataset/Test/Fake/fake_1136.jpg,0,0,True,0.9999756813049316,2.4300217773998156e-05
/content/Dataset/Test/Fake/fake_1137.jpg,0,0,True,0.9999784231185913,2.155955371563323e-05
/content/Dataset/Test/Fake/fake_1138.jpg,0,0,True,0.999976396560669,2.361586484767031e-05
/content/Dataset/Test/Fake/fake_1139.jpg,0,0,True,0.999977707862854,2.2343989257933572e-05
/content/Dataset/Test/Fake/fake_114.jpg,0,0,True,0.9999734163284302,2.653544652275741e-05
/content/Dataset/Test/Fake/fake_1140.jpg,0,0,True,0.9999722242355347,2.7721918741008267e-05
/content/Dataset/Test/Fake/fake_1141.jpg,0,0,True,0.9999740123748779,2.601487358333543e-05
/content/Dataset/Test/Fake/fake_1142.jpg,0,0,True,0.9999724626541138,2.7497719202074222e-05
/content/Dataset/Test/Fake/fake_1143.jpg,0,0,True,0.9999746084213257,2.5433299015276134e-05
/content/Dataset/Test/Fake/fake_1144.jpg,0,0,True,0.9999716281890869,2.838450382114388e-05
/content/Dataset/Test/Fake/fake_1145.jpg,0,0,True,0.9999772310256958,2.2764192181057297e-05
/content/Dataset/Test/Fake/fake_1146.jpg,0,0,True,0.9999758005142212,2.4205184672609903e-05
/content/Dataset/Test/Fake/fake_1147.jpg,0,0,True,0.999970555305481,2.9407294277916662e-05
/content/Dataset/Test/Fake/fake_1148.jpg,0,0,True,0.9999618530273438,3.811324495472945e-05
/content/Dataset/Test/Fake/fake_1149.jpg,0,0,True,0.9999737739562988,2.617154132167343e-05
/content/Dataset/Test/Fake/fake_115.jpg,0,0,True,0.9993765950202942,0.0006233748863451183
/content/Dataset/Test/Fake/fake_1150.jpg,0,0,True,0.9999735355377197,2.6439713110448793e-05
/content/Dataset/Test/Fake/fake_1151.jpg,0,0,True,0.9999716281890869,2.8330037821433507e-05
/content/Dataset/Test/Fake/fake_1152.jpg,0,0,True,0.9999735355377197,2.6471452656551264e-05
/content/Dataset/Test/Fake/fake_1153.jpg,0,0,True,0.9999529123306274,4.7104644181672484e-05
/content/Dataset/Test/Fake/fake_1154.jpg,0,0,True,0.9999685287475586,3.1475698051508516e-05
/content/Dataset/Test/Fake/fake_1155.jpg,0,0,True,0.9999678134918213,3.221358565497212e-05
/content/Dataset/Test/Fake/fake_1156.jpg,0,0,True,0.9999754428863525,2.4577488147770055e-05
/content/Dataset/Test/Fake/fake_1157.jpg,0,0,True,0.9999756813049316,2.4317187126143835e-05
/content/Dataset/Test/Fake/fake_1158.jpg,0,0,True,0.9999721050262451,2.7953625249210745e-05
/content/Dataset/Test/Fake/fake_1159.jpg,0,0,True,0.9999747276306152,2.5300467314082198e-05
/content/Dataset/Test/Fake/fake_116.jpg,0,0,True,0.9999645948410034,3.539410317898728e-05
/content/Dataset/Test/Fake/fake_1160.jpg,0,0,True,0.999975323677063,2.463565942889545e-05
/content/Dataset/Test/Fake/fake_1161.jpg,0,0,True,0.9999741315841675,2.584011417638976e-05
/content/Dataset/Test/Fake/fake_1162.jpg,0,0,True,0.9999773502349854,2.2652297047898173e-05
/content/Dataset/Test/Fake/fake_1163.jpg,0,0,True,0.9999781847000122,2.1814912543050013e-05
/content/Dataset/Test/Fake/fake_1164.jpg,0,0,True,0.9935892820358276,0.006410779431462288
/content/Dataset/Test/Fake/fake_1165.jpg,0,0,True,0.9987020492553711,0.0012979110470041633
/content/Dataset/Test/Fake/fake_1166.jpg,0,0,True,0.9999721050262451,2.785532342386432e-05
/content/Dataset/Test/Fake/fake_1167.jpg,0,0,True,0.9998992681503296,0.00010074531746795401
/content/Dataset/Test/Fake/fake_1168.jpg,0,0,True,0.9999724626541138,2.7478503398015164e-05
/content/Dataset/Test/Fake/fake_1169.jpg,0,0,True,0.9999680519104004,3.1937983294483274e-05
/content/Dataset/Test/Fake/fake_117.jpg,0,0,True,0.9999644756317139,3.547831511241384e-05
/content/Dataset/Test/Fake/fake_1170.jpg,0,0,True,0.9998383522033691,0.00016166693239938468
/content/Dataset/Test/Fake/fake_1171.jpg,0,0,True,0.9999668598175049,3.3147840440506116e-05
/content/Dataset/Test/Fake/fake_1172.jpg,0,0,True,0.9999570846557617,4.290020660846494e-05
/content/Dataset/Test/Fake/fake_1173.jpg,0,0,True,0.9999773502349854,2.2648495360044762e-05
/content/Dataset/Test/Fake/fake_1174.jpg,0,0,True,0.9999762773513794,2.3759626856190152e-05
/content/Dataset/Test/Fake/fake_1175.jpg,0,0,True,0.9999516010284424,4.8337067710235715e-05
/content/Dataset/Test/Fake/fake_1176.jpg,0,0,True,0.9999717473983765,2.8209262382006273e-05
/content/Dataset/Test/Fake/fake_1177.jpg,0,0,True,0.999976634979248,2.335157842026092e-05
/content/Dataset/Test/Fake/fake_1178.jpg,0,0,True,0.9999722242355347,2.776099427137524e-05
/content/Dataset/Test/Fake/fake_1179.jpg,0,0,True,0.9999386072158813,6.139263859950006e-05
/content/Dataset/Test/Fake/fake_118.jpg,0,0,True,0.9999734163284302,2.6640371288522147e-05
/content/Dataset/Test/Fake/fake_1180.jpg,0,0,True,0.9999773502349854,2.2646290744887665e-05
/content/Dataset/Test/Fake/fake_1181.jpg,0,0,True,0.9999756813049316,2.4299361029989086e-05
/content/Dataset/Test/Fake/fake_1182.jpg,0,0,True,0.9999725818634033,2.740805211942643e-05
/content/Dataset/Test/Fake/fake_1183.jpg,0,0,True,0.9999446868896484,5.53003883396741e-05
/content/Dataset/Test/Fake/fake_1184.jpg,0,0,True,0.9999687671661377,3.1188403227133676e-05
/content/Dataset/Test/Fake/fake_1185.jpg,0,0,True,0.9999699592590332,3.009827560163103e-05
/content/Dataset/Test/Fake/fake_1186.jpg,0,0,True,0.9999756813049316,2.426300670776982e-05
/content/Dataset/Test/Fake/fake_1187.jpg,0,0,True,0.9999758005142212,2.414694426988717e-05
/content/Dataset/Test/Fake/fake_1188.jpg,0,0,True,0.9996101260185242,0.00038986708386801183
/content/Dataset/Test/Fake/fake_1189.jpg,0,0,True,0.9999768733978271,2.316685458936263e-05
/content/Dataset/Test/Fake/fake_119.jpg,0,0,True,0.99994957447052,5.044517092755996e-05
/content/Dataset/Test/Fake/fake_1190.jpg,0,0,True,0.999974250793457,2.5796927729970776e-05
/content/Dataset/Test/Fake/fake_1191.jpg,0,0,True,0.9999744892120361,2.5477576855337247e-05
/content/Dataset/Test/Fake/fake_1192.jpg,0,0,True,0.9999724626541138,2.759110248007346e-05
/content/Dataset/Test/Fake/fake_1193.jpg,0,0,True,0.9999793767929077,2.0565248632919975e-05
/content/Dataset/Test/Fake/fake_1194.jpg,0,0,True,0.9999737739562988,2.616842175484635e-05
/content/Dataset/Test/Fake/fake_1195.jpg,0,0,True,0.9999771118164062,2.2864294805913232e-05
/content/Dataset/Test/Fake/fake_1196.jpg,0,0,True,0.99997878074646,2.1212381398072466e-05
/content/Dataset/Test/Fake/fake_1197.jpg,0,0,True,0.9999744892120361,2.5505656594759785e-05
/content/Dataset/Test/Fake/fake_1198.jpg,0,0,True,0.9999741315841675,2.586713708296884e-05
/content/Dataset/Test/Fake/fake_1199.jpg,0,0,True,0.9999736547470093,2.6311881811125204e-05
/content/Dataset/Test/Fake/fake_12.jpg,0,0,True,0.9999719858169556,2.80628682958195e-05
/content/Dataset/Test/Fake/fake_120.jpg,0,0,True,0.9999773502349854,2.259191205666866e-05
/content/Dataset/Test/Fake/fake_1200.jpg,0,0,True,0.9999724626541138,2.7509051506058313e-05
/content/Dataset/Test/Fake/fake_1201.jpg,0,0,True,0.9999749660491943,2.5023748094099574e-05
/content/Dataset/Test/Fake/fake_1202.jpg,0,0,True,0.999968409538269,3.158361141686328e-05
/content/Dataset/Test/Fake/fake_1203.jpg,0,0,True,0.9999775886535645,2.240232061012648e-05
/content/Dataset/Test/Fake/fake_1204.jpg,0,0,True,0.9999717473983765,2.8288844987400807e-05
/content/Dataset/Test/Fake/fake_1205.jpg,0,0,True,0.9999754428863525,2.453301931382157e-05
/content/Dataset/Test/Fake/fake_1206.jpg,0,0,True,0.9999706745147705,2.9382794309640303e-05
/content/Dataset/Test/Fake/fake_1207.jpg,0,0,True,0.9999715089797974,2.8536360332509503e-05
/content/Dataset/Test/Fake/fake_1208.jpg,0,0,True,0.9999768733978271,2.3138529286370613e-05
/content/Dataset/Test/Fake/fake_1209.jpg,0,0,True,0.9999773502349854,2.2652318875771016e-05
/content/Dataset/Test/Fake/fake_121.jpg,0,0,True,0.9999767541885376,2.3262562535819598e-05
/content/Dataset/Test/Fake/fake_1210.jpg,0,0,True,0.9999741315841675,2.58308482443681e-05
/content/Dataset/Test/Fake/fake_1211.jpg,0,0,True,0.9999752044677734,2.477305861248169e-05
/content/Dataset/Test/Fake/fake_1212.jpg,0,0,True,0.999910831451416,8.910283941077068e-05
/content/Dataset/Test/Fake/fake_1213.jpg,0,0,True,0.9999686479568481,3.135983570246026e-05
/content/Dataset/Test/Fake/fake_1214.jpg,0,0,True,0.9999738931655884,2.6090254323207773e-05
/content/Dataset/Test/Fake/fake_1215.jpg,0,0,True,0.9999721050262451,2.7931828299188055e-05
/content/Dataset/Test/Fake/fake_1216.jpg,0,0,True,0.9999717473983765,2.8215126803843305e-05
/content/Dataset/Test/Fake/fake_1217.jpg,0,0,True,0.9999762773513794,2.37641143030487e-05
/content/Dataset/Test/Fake/fake_1218.jpg,0,0,True,0.9999698400497437,3.012331399077084e-05
/content/Dataset/Test/Fake/fake_1219.jpg,0,0,True,0.9999772310256958,2.2791933588450775e-05
/content/Dataset/Test/Fake/fake_122.jpg,0,0,True,0.9999783039093018,2.169003346352838e-05
/content/Dataset/Test/Fake/fake_1220.jpg,0,0,True,0.9999759197235107,2.4115877749864012e-05
/content/Dataset/Test/Fake/fake_1221.jpg,0,0,True,0.9999517202377319,4.8306195822078735e-05
/content/Dataset/Test/Fake/fake_1222.jpg,0,0,True,0.9998241066932678,0.00017593521624803543
/content/Dataset/Test/Fake/fake_1223.jpg,0,0,True,0.9999755620956421,2.4381157345487736e-05
/content/Dataset/Test/Fake/fake_1224.jpg,0,0,True,0.999971866607666,2.8120008209953085e-05
/content/Dataset/Test/Fake/fake_1225.jpg,0,0,True,0.9999740123748779,2.5985416868934408e-05
/content/Dataset/Test/Fake/fake_1226.jpg,0,0,True,0.9999699592590332,3.0089866413618438e-05
/content/Dataset/Test/Fake/fake_1227.jpg,0,0,True,0.9999769926071167,2.2963129595154896e-05
/content/Dataset/Test/Fake/fake_1228.jpg,0,0,True,0.9999761581420898,2.3781840354786254e-05
/content/Dataset/Test/Fake/fake_1229.jpg,0,0,True,0.9999743700027466,2.5577341148164123e-05
/content/Dataset/Test/Fake/fake_123.jpg,0,0,True,0.9999765157699585,2.3462520402972586e-05
/content/Dataset/Test/Fake/fake_1230.jpg,0,0,True,0.9999784231185913,2.15351210499648e-05
/content/Dataset/Test/Fake/fake_1231.jpg,0,0,True,0.9999544620513916,4.551733945845626e-05
/content/Dataset/Test/Fake/fake_1232.jpg,0,0,True,0.9999744892120361,2.5467763407505117e-05
/content/Dataset/Test/Fake/fake_1233.jpg,0,0,True,0.9999738931655884,2.608619979582727e-05
/content/Dataset/Test/Fake/fake_1234.jpg,0,0,True,0.9999779462814331,2.2105066818767227e-05
/content/Dataset/Test/Fake/fake_1235.jpg,0,0,True,0.9999731779098511,2.6791958589456044e-05
/content/Dataset/Test/Fake/fake_1236.jpg,0,0,True,0.9999748468399048,2.5104251108132303e-05
/content/Dataset/Test/Fake/fake_1237.jpg,0,0,True,0.9999681711196899,3.187408947269432e-05
/content/Dataset/Test/Fake/fake_1238.jpg,0,0,True,0.9999680519104004,3.195653698639944e-05
/content/Dataset/Test/Fake/fake_1239.jpg,0,0,True,0.9999748468399048,2.515901724109426e-05
/content/Dataset/Test/Fake/fake_124.jpg,0,0,True,0.9999755620956421,2.439888339722529e-05
/content/Dataset/Test/Fake/fake_1240.jpg,0,0,True,0.9999759197235107,2.405152190476656e-05
/content/Dataset/Test/Fake/fake_1241.jpg,0,0,True,0.999977707862854,2.225919160991907e-05
/content/Dataset/Test/Fake/fake_1242.jpg,0,0,True,0.9999778270721436,2.21399368456332e-05
/content/Dataset/Test/Fake/fake_1243.jpg,0,0,True,0.9999761581420898,2.3829492420190945e-05
/content/Dataset/Test/Fake/fake_1244.jpg,0,0,True,0.9999676942825317,3.2301104511134326e-05
/content/Dataset/Test/Fake/fake_1245.jpg,0,0,True,0.9999773502349854,2.260115616081748e-05
/content/Dataset/Test/Fake/fake_1246.jpg,0,0,True,0.999971866607666,2.807346754707396e-05
/content/Dataset/Test/Fake/fake_1247.jpg,0,0,True,0.9999754428863525,2.452228363836184e-05
/content/Dataset/Test/Fake/fake_1248.jpg,0,0,True,0.9999769926071167,2.3026330381981097e-05
/content/Dataset/Test/Fake/fake_1249.jpg,0,0,True,0.9999735355377197,2.6464787879376672e-05
/content/Dataset/Test/Fake/fake_125.jpg,0,0,True,0.9999754428863525,2.455644789733924e-05
/content/Dataset/Test/Fake/fake_1250.jpg,0,0,True,0.9999642372131348,3.580535849323496e-05
/content/Dataset/Test/Fake/fake_1251.jpg,0,0,True,0.9988658428192139,0.001134204096160829
/content/Dataset/Test/Fake/fake_1252.jpg,0,0,True,0.999954342842102,4.5684068027185276e-05
/content/Dataset/Test/Fake/fake_1253.jpg,0,0,True,0.9999711513519287,2.8890328394481912e-05
/content/Dataset/Test/Fake/fake_1254.jpg,0,0,True,0.9999735355377197,2.6439509383635595e-05
/content/Dataset/Test/Fake/fake_1255.jpg,0,0,True,0.9999724626541138,2.7524663892108947e-05
/content/Dataset/Test/Fake/fake_1256.jpg,0,0,True,0.9999737739562988,2.6261346647515893e-05
/content/Dataset/Test/Fake/fake_1257.jpg,0,0,True,0.999976634979248,2.333857810299378e-05
/content/Dataset/Test/Fake/fake_1258.jpg,0,0,True,0.9999752044677734,2.4823004423524253e-05
/content/Dataset/Test/Fake/fake_1259.jpg,0,0,True,0.9999536275863647,4.633420394384302e-05
/content/Dataset/Test/Fake/fake_126.jpg,0,0,True,0.9999779462814331,2.2047990569262765e-05
/content/Dataset/Test/Fake/fake_1260.jpg,0,0,True,0.9999756813049316,2.433368172205519e-05
/content/Dataset/Test/Fake/fake_1261.jpg,0,0,True,0.9999756813049316,2.4269093046314083e-05
/content/Dataset/Test/Fake/fake_1262.jpg,0,0,True,0.9999189376831055,8.10255587566644e-05
/content/Dataset/Test/Fake/fake_1263.jpg,0,0,True,0.9999675750732422,3.2483050745213404e-05
/content/Dataset/Test/Fake/fake_1264.jpg,0,0,True,0.9999654293060303,3.45630178344436e-05
/content/Dataset/Test/Fake/fake_1265.jpg,0,0,True,0.999972939491272,2.702042729652021e-05
/content/Dataset/Test/Fake/fake_1266.jpg,0,0,True,0.9998698234558105,0.0001301486772717908
/content/Dataset/Test/Fake/fake_1267.jpg,0,0,True,0.9999735355377197,2.643693733261898e-05
/content/Dataset/Test/Fake/fake_1268.jpg,0,0,True,0.9999731779098511,2.6874515242525376e-05
/content/Dataset/Test/Fake/fake_1269.jpg,0,0,True,0.9999779462814331,2.200643575633876e-05
/content/Dataset/Test/Fake/fake_127.jpg,0,0,True,0.9999680519104004,3.1896463042357937e-05
/content/Dataset/Test/Fake/fake_1270.jpg,0,0,True,0.9999020099639893,9.796273661777377e-05
/content/Dataset/Test/Fake/fake_1271.jpg,0,0,True,0.9999780654907227,2.1957468561595306e-05
/content/Dataset/Test/Fake/fake_1272.jpg,0,0,True,0.9924337863922119,0.007566222921013832
/content/Dataset/Test/Fake/fake_1273.jpg,0,0,True,0.9999768733978271,2.3119622710510157e-05
/content/Dataset/Test/Fake/fake_1274.jpg,0,1,False,0.0009618450421839952,0.9990382194519043
/content/Dataset/Test/Fake/fake_1275.jpg,0,0,True,0.9999735355377197,2.650954957061913e-05
/content/Dataset/Test/Fake/fake_1276.jpg,0,0,True,0.9999768733978271,2.3173397494247183e-05
/content/Dataset/Test/Fake/fake_1277.jpg,0,0,True,0.9999732971191406,2.6703448384068906e-05
/content/Dataset/Test/Fake/fake_1278.jpg,0,0,True,0.9999619722366333,3.800526974373497e-05
/content/Dataset/Test/Fake/fake_1279.jpg,0,0,True,0.6211216449737549,0.37887832522392273
/content/Dataset/Test/Fake/fake_128.jpg,0,0,True,0.9999758005142212,2.4173024939955212e-05
/content/Dataset/Test/Fake/fake_1280.jpg,0,0,True,0.9999767541885376,2.320243038411718e-05
/content/Dataset/Test/Fake/fake_1281.jpg,0,0,True,0.9999765157699585,2.3518614398199134e-05
/content/Dataset/Test/Fake/fake_1282.jpg,0,0,True,0.9999759197235107,2.4126919015543535e-05
/content/Dataset/Test/Fake/fake_1283.jpg,0,0,True,0.9999772310256958,2.2799151338404045e-05
/content/Dataset/Test/Fake/fake_1284.jpg,0,0,True,0.9999749660491943,2.5067198293982074e-05
/content/Dataset/Test/Fake/fake_1285.jpg,0,0,True,0.999976634979248,2.3347281967289746e-05
/content/Dataset/Test/Fake/fake_1286.jpg,0,0,True,0.9999756813049316,2.4295744879054837e-05
/content/Dataset/Test/Fake/fake_1287.jpg,0,0,True,0.99993896484375,6.101548206061125e-05
/content/Dataset/Test/Fake/fake_1288.jpg,0,0,True,0.9999743700027466,2.567644332884811e-05
/content/Dataset/Test/Fake/fake_1289.jpg,0,0,True,0.9999665021896362,3.348995232954621e-05
/content/Dataset/Test/Fake/fake_129.jpg,0,0,True,0.9999659061431885,3.404357630643062e-05
/content/Dataset/Test/Fake/fake_1290.jpg,0,0,True,0.9999347925186157,6.52607559459284e-05
/content/Dataset/Test/Fake/fake_1291.jpg,0,0,True,0.9999762773513794,2.3771503038005903e-05
/content/Dataset/Test/Fake/fake_1292.jpg,0,0,True,0.9999749660491943,2.5017283405759372e-05
/content/Dataset/Test/Fake/fake_1293.jpg,0,0,True,0.9999730587005615,2.691375084395986e-05
/content/Dataset/Test/Fake/fake_1294.jpg,0,0,True,0.9999768733978271,2.3181930373539217e-05
/content/Dataset/Test/Fake/fake_1295.jpg,0,0,True,0.9999780654907227,2.1965512132737786e-05
/content/Dataset/Test/Fake/fake_1296.jpg,0,0,True,0.9999768733978271,2.3072951080393977e-05
/content/Dataset/Test/Fake/fake_1297.jpg,0,0,True,0.9999780654907227,2.1927149646217003e-05
/content/Dataset/Test/Fake/fake_1298.jpg,0,0,True,0.9999778270721436,2.2220570826902986e-05
/content/Dataset/Test/Fake/fake_1299.jpg,0,0,True,0.9999614953994751,3.844473758363165e-05
/content/Dataset/Test/Fake/fake_13.jpg,0,0,True,0.9999752044677734,2.4760822270764038e-05
/content/Dataset/Test/Fake/fake_130.jpg,0,0,True,0.9999772310256958,2.2729373085894622e-05
/content/Dataset/Test/Fake/fake_1300.jpg,0,0,True,0.999974250793457,2.572568155301269e-05
/content/Dataset/Test/Fake/fake_1301.jpg,0,0,True,0.9999785423278809,2.1444784579216503e-05
/content/Dataset/Test/Fake/fake_1302.jpg,0,0,True,0.9986265897750854,0.001373431645333767
/content/Dataset/Test/Fake/fake_1303.jpg,0,0,True,0.9999775886535645,2.242647678940557e-05
/content/Dataset/Test/Fake/fake_1304.jpg,0,0,True,0.9984253644943237,0.0015746490098536015
/content/Dataset/Test/Fake/fake_1305.jpg,0,0,True,0.9984604120254517,0.0015395389636978507
/content/Dataset/Test/Fake/fake_1306.jpg,0,0,True,0.9398661255836487,0.06013389304280281
/content/Dataset/Test/Fake/fake_1307.jpg,0,0,True,0.99997878074646,2.12371760426322e-05
/content/Dataset/Test/Fake/fake_1308.jpg,0,0,True,0.9999761581420898,2.3877446437836625e-05
/content/Dataset/Test/Fake/fake_1309.jpg,0,0,True,0.9999721050262451,2.7926289476454258e-05
/content/Dataset/Test/Fake/fake_131.jpg,0,0,True,0.9999765157699585,2.3523976778960787e-05
/content/Dataset/Test/Fake/fake_1310.jpg,0,0,True,0.9999008178710938,9.914422844303772e-05
/content/Dataset/Test/Fake/fake_1311.jpg,0,0,True,0.9999737739562988,2.6188266929239035e-05
/content/Dataset/Test/Fake/fake_1312.jpg,0,0,True,0.9999772310256958,2.2816942873760127e-05
/content/Dataset/Test/Fake/fake_1313.jpg,0,0,True,0.9999741315841675,2.5871577236102894e-05
/content/Dataset/Test/Fake/fake_1314.jpg,0,0,True,0.9999699592590332,2.9986995286890306e-05
/content/Dataset/Test/Fake/fake_1315.jpg,0,0,True,0.9999691247940063,3.088061203015968e-05
/content/Dataset/Test/Fake/fake_1316.jpg,0,0,True,0.9999668598175049,3.308918894617818e-05
/content/Dataset/Test/Fake/fake_1317.jpg,0,0,True,0.9999676942825317,3.226683475077152e-05
/content/Dataset/Test/Fake/fake_1318.jpg,0,0,True,0.9999771118164062,2.294231489941012e-05
/content/Dataset/Test/Fake/fake_1319.jpg,0,0,True,0.9999582767486572,4.167953011346981e-05
/content/Dataset/Test/Fake/fake_132.jpg,0,0,True,0.9999707937240601,2.9210077627794817e-05
/content/Dataset/Test/Fake/fake_1320.jpg,0,0,True,0.9999762773513794,2.367830711591523e-05
/content/Dataset/Test/Fake/fake_1321.jpg,0,0,True,0.999976634979248,2.335004319320433e-05
/content/Dataset/Test/Fake/fake_1322.jpg,0,0,True,0.9999750852584839,2.4935416149673983e-05
/content/Dataset/Test/Fake/fake_1323.jpg,0,0,True,0.999976396560669,2.357248195039574e-05
/content/Dataset/Test/Fake/fake_1324.jpg,0,0,True,0.9999701976776123,2.9765533327008598e-05
/content/Dataset/Test/Fake/fake_1325.jpg,0,0,True,0.999976396560669,2.3606273316545412e-05
/content/Dataset/Test/Fake/fake_1326.jpg,0,0,True,0.9999668598175049,3.315040157758631e-05
/content/Dataset/Test/Fake/fake_1327.jpg,0,0,True,0.9999779462814331,2.2028276362107135e-05
/content/Dataset/Test/Fake/fake_1328.jpg,0,0,True,0.999937891960144,6.209962884895504e-05
/content/Dataset/Test/Fake/fake_1329.jpg,0,0,True,0.9999712705612183,2.8732258215313777e-05
/content/Dataset/Test/Fake/fake_133.jpg,0,0,True,0.9999765157699585,2.342659172427375e-05
/content/Dataset/Test/Fake/fake_1330.jpg,0,0,True,0.9999178647994995,8.212801185436547e-05
/content/Dataset/Test/Fake/fake_1331.jpg,0,0,True,0.9989805817604065,0.0010194270871579647
/content/Dataset/Test/Fake/fake_1332.jpg,0,0,True,0.9999771118164062,2.2915943191037513e-05
/content/Dataset/Test/Fake/fake_1333.jpg,0,0,True,0.9999712705612183,2.873787707358133e-05
/content/Dataset/Test/Fake/fake_1334.jpg,0,0,True,0.9999063014984131,9.369915642309934e-05
/content/Dataset/Test/Fake/fake_1335.jpg,0,0,True,0.9999749660491943,2.5042201741598547e-05
/content/Dataset/Test/Fake/fake_1336.jpg,0,0,True,0.9999744892120361,2.5534764063195325e-05
/content/Dataset/Test/Fake/fake_1337.jpg,0,0,True,0.9999549388885498,4.506676850724034e-05
/content/Dataset/Test/Fake/fake_1338.jpg,0,0,True,0.9999669790267944,3.304567508166656e-05
/content/Dataset/Test/Fake/fake_1339.jpg,0,0,True,0.9999704360961914,2.951337955892086e-05
/content/Dataset/Test/Fake/fake_134.jpg,0,0,True,0.9995564818382263,0.0004434426373336464
/content/Dataset/Test/Fake/fake_1340.jpg,0,0,True,0.9999761581420898,2.3859713110141456e-05
/content/Dataset/Test/Fake/fake_1341.jpg,0,0,True,0.9999716281890869,2.8370537620503455e-05
/content/Dataset/Test/Fake/fake_1342.jpg,0,0,True,0.9999680519104004,3.196055695298128e-05
/content/Dataset/Test/Fake/fake_1343.jpg,0,0,True,0.9999748468399048,2.5197339709848166e-05
/content/Dataset/Test/Fake/fake_1344.jpg,0,0,True,0.9999721050262451,2.7945308829657733e-05
/content/Dataset/Test/Fake/fake_1345.jpg,0,0,True,0.9999765157699585,2.3492770196753554e-05
/content/Dataset/Test/Fake/fake_1346.jpg,0,0,True,0.9999748468399048,2.516811218811199e-05
/content/Dataset/Test/Fake/fake_1347.jpg,0,0,True,0.9999750852584839,2.4868779291864485e-05
/content/Dataset/Test/Fake/fake_1348.jpg,0,0,True,0.9999760389328003,2.3966074877534993e-05
/content/Dataset/Test/Fake/fake_1349.jpg,0,0,True,0.9999641180038452,3.591534186853096e-05
/content/Dataset/Test/Fake/fake_135.jpg,0,0,True,0.9999769926071167,2.297526407346595e-05
/content/Dataset/Test/Fake/fake_1350.jpg,0,0,True,0.9863404035568237,0.013659623451530933
/content/Dataset/Test/Fake/fake_1351.jpg,0,0,True,0.9999746084213257,2.5367315174662508e-05
/content/Dataset/Test/Fake/fake_1352.jpg,0,0,True,0.9999752044677734,2.4813940399326384e-05
/content/Dataset/Test/Fake/fake_1353.jpg,0,0,True,0.9999696016311646,3.0357452487805858e-05
/content/Dataset/Test/Fake/fake_1354.jpg,0,0,True,0.9999767541885376,2.3221156880026683e-05
/content/Dataset/Test/Fake/fake_1355.jpg,0,0,True,0.9999780654907227,2.1929889044258744e-05
/content/Dataset/Test/Fake/fake_1356.jpg,0,0,True,0.9999455213546753,5.444064663606696e-05
/content/Dataset/Test/Fake/fake_1357.jpg,0,0,True,0.9999610185623169,3.892535460181534e-05
/content/Dataset/Test/Fake/fake_1358.jpg,0,0,True,0.999974250793457,2.5717879907460883e-05
/content/Dataset/Test/Fake/fake_1359.jpg,0,0,True,0.9999780654907227,2.1941790691926144e-05
/content/Dataset/Test/Fake/fake_136.jpg,0,0,True,0.9999765157699585,2.3513524865848012e-05
/content/Dataset/Test/Fake/fake_1360.jpg,0,0,True,0.9999721050262451,2.78786028502509e-05
/content/Dataset/Test/Fake/fake_1361.jpg,0,0,True,0.9999754428863525,2.4546734493924305e-05
/content/Dataset/Test/Fake/fake_1362.jpg,0,0,True,0.9999697208404541,3.0237517421483062e-05
/content/Dataset/Test/Fake/fake_1363.jpg,0,0,True,0.9999758005142212,2.4186907467083074e-05
/content/Dataset/Test/Fake/fake_1364.jpg,0,0,True,0.9999759197235107,2.4045835743891075e-05
/content/Dataset/Test/Fake/fake_1365.jpg,0,0,True,0.9999707937240601,2.923173269664403e-05
/content/Dataset/Test/Fake/fake_1366.jpg,0,0,True,0.9999743700027466,2.557782681833487e-05
/content/Dataset/Test/Fake/fake_1367.jpg,0,0,True,0.9999731779098511,2.6834202799363993e-05
/content/Dataset/Test/Fake/fake_1368.jpg,0,0,True,0.9999746084213257,2.5441184334340505e-05
/content/Dataset/Test/Fake/fake_1369.jpg,0,0,True,0.9999767541885376,2.322425825695973e-05
/content/Dataset/Test/Fake/fake_137.jpg,0,0,True,0.9999759197235107,2.408395266684238e-05
/content/Dataset/Test/Fake/fake_1370.jpg,0,0,True,0.9999662637710571,3.377766188350506e-05
/content/Dataset/Test/Fake/fake_1371.jpg,0,0,True,0.9999611377716064,3.8863858208060265e-05
/content/Dataset/Test/Fake/fake_1372.jpg,0,0,True,0.9999759197235107,2.4061018848442473e-05
/content/Dataset/Test/Fake/fake_1373.jpg,0,0,True,0.9999771118164062,2.2838101358502172e-05
/content/Dataset/Test/Fake/fake_1374.jpg,0,0,True,0.9999674558639526,3.248400753363967e-05
/content/Dataset/Test/Fake/fake_1375.jpg,0,0,True,0.9999780654907227,2.192537249356974e-05
/content/Dataset/Test/Fake/fake_1376.jpg,0,0,True,0.9999715089797974,2.844813025149051e-05
/content/Dataset/Test/Fake/fake_1377.jpg,0,0,True,0.9999736547470093,2.637652687553782e-05
/content/Dataset/Test/Fake/fake_1378.jpg,0,0,True,0.9999731779098511,2.6816731406142935e-05
/content/Dataset/Test/Fake/fake_1379.jpg,0,0,True,0.9999532699584961,4.668214387493208e-05
/content/Dataset/Test/Fake/fake_138.jpg,0,0,True,0.9999760389328003,2.391182897554245e-05
/content/Dataset/Test/Fake/fake_1380.jpg,0,0,True,0.9999641180038452,3.59266487066634e-05
/content/Dataset/Test/Fake/fake_1381.jpg,0,0,True,0.9999735355377197,2.6423125746077858e-05
/content/Dataset/Test/Fake/fake_1382.jpg,0,0,True,0.9999722242355347,2.7761101591750048e-05
/content/Dataset/Test/Fake/fake_1383.jpg,0,0,True,0.9999743700027466,2.5681585611891933e-05
/content/Dataset/Test/Fake/fake_1384.jpg,0,0,True,0.9999748468399048,2.521017268009018e-05
/content/Dataset/Test/Fake/fake_1385.jpg,0,0,True,0.9999778270721436,2.2203497792361304e-05
/content/Dataset/Test/Fake/fake_1386.jpg,0,0,True,0.9999767541885376,2.3221289666253142e-05
/content/Dataset/Test/Fake/fake_1387.jpg,0,0,True,0.9999697208404541,3.0302238883450627e-05
/content/Dataset/Test/Fake/fake_1388.jpg,0,0,True,0.9999715089797974,2.850293276424054e-05
/content/Dataset/Test/Fake/fake_1389.jpg,0,0,True,0.9999728202819824,2.7173353373655118e-05
/content/Dataset/Test/Fake/fake_139.jpg,0,0,True,0.9999696016311646,3.036338785022963e-05
/content/Dataset/Test/Fake/fake_1390.jpg,0,0,True,0.9999581575393677,4.1788574890233576e-05
/content/Dataset/Test/Fake/fake_1391.jpg,0,0,True,0.999975323677063,2.4621191187179647e-05
/content/Dataset/Test/Fake/fake_1392.jpg,0,0,True,0.9999774694442749,2.2529304260388017e-05
/content/Dataset/Test/Fake/fake_1393.jpg,0,0,True,0.9999767541885376,2.3276012143469416e-05
/content/Dataset/Test/Fake/fake_1394.jpg,0,0,True,0.9999737739562988,2.6211055228486657e-05
/content/Dataset/Test/Fake/fake_1395.jpg,0,0,True,0.999976634979248,2.3337708626058884e-05
/content/Dataset/Test/Fake/fake_1396.jpg,0,0,True,0.9999749660491943,2.4975159249152057e-05
/content/Dataset/Test/Fake/fake_1397.jpg,0,0,True,0.999975323677063,2.4665585442562588e-05
/content/Dataset/Test/Fake/fake_1398.jpg,0,0,True,0.9999587535858154,4.119388904655352e-05
/content/Dataset/Test/Fake/fake_1399.jpg,0,0,True,0.9999653100967407,3.465239205979742e-05
/content/Dataset/Test/Fake/fake_14.jpg,0,0,True,0.9999750852584839,2.4871862478903495e-05
/content/Dataset/Test/Fake/fake_140.jpg,0,0,True,0.9999723434448242,2.763602606137283e-05
/content/Dataset/Test/Fake/fake_1400.jpg,0,0,True,0.9999732971191406,2.6728215743787587e-05
/content/Dataset/Test/Fake/fake_1401.jpg,0,0,True,0.9999773502349854,2.2646443539997563e-05
/content/Dataset/Test/Fake/fake_1402.jpg,0,0,True,0.9999707937240601,2.9233850000309758e-05
/content/Dataset/Test/Fake/fake_1403.jpg,0,0,True,0.9999643564224243,3.563456266419962e-05
/content/Dataset/Test/Fake/fake_1404.jpg,0,0,True,0.9999773502349854,2.260689143440686e-05
/content/Dataset/Test/Fake/fake_1405.jpg,0,0,True,0.9999719858169556,2.806715201586485e-05
/content/Dataset/Test/Fake/fake_1406.jpg,0,0,True,0.999974250793457,2.571645745774731e-05
/content/Dataset/Test/Fake/fake_1407.jpg,0,0,True,0.9999769926071167,2.3065120331011713e-05
/content/Dataset/Test/Fake/fake_1408.jpg,0,0,True,0.9999759197235107,2.4020164346438833e-05
/content/Dataset/Test/Fake/fake_1409.jpg,0,0,True,0.999971866607666,2.811472768371459e-05
/content/Dataset/Test/Fake/fake_141.jpg,0,0,True,0.999977707862854,2.2268766770139337e-05
/content/Dataset/Test/Fake/fake_1410.jpg,0,0,True,0.9999769926071167,2.3032545868773013e-05
/content/Dataset/Test/Fake/fake_1411.jpg,0,0,True,0.9999759197235107,2.409518856438808e-05
/content/Dataset/Test/Fake/fake_1412.jpg,0,0,True,0.9999738931655884,2.6158719265367836e-05
/content/Dataset/Test/Fake/fake_1413.jpg,0,0,True,0.9999350309371948,6.499345909105614e-05
/content/Dataset/Test/Fake/fake_1414.jpg,0,0,True,0.9999759197235107,2.4072265659924597e-05
/content/Dataset/Test/Fake/fake_1415.jpg,0,0,True,0.9999759197235107,2.4127471988322213e-05
/content/Dataset/Test/Fake/fake_1416.jpg,0,0,True,0.9999747276306152,2.5313909645774402e-05
/content/Dataset/Test/Fake/fake_1417.jpg,0,0,True,0.9999775886535645,2.246153417218011e-05
/content/Dataset/Test/Fake/fake_1418.jpg,0,0,True,0.9999542236328125,4.576377250486985e-05
/content/Dataset/Test/Fake/fake_1419.jpg,0,0,True,0.9999508857727051,4.9076599680120125e-05
/content/Dataset/Test/Fake/fake_142.jpg,0,0,True,0.9999723434448242,2.766065335890744e-05
/content/Dataset/Test/Fake/fake_1420.jpg,0,0,True,0.9999791383743286,2.0835577743127942e-05
/content/Dataset/Test/Fake/fake_1421.jpg,0,0,True,0.9999706745147705,2.9361115593928844e-05
/content/Dataset/Test/Fake/fake_1422.jpg,0,0,True,0.9999735355377197,2.651177237567026e-05
/content/Dataset/Test/Fake/fake_1423.jpg,0,0,True,0.9999774694442749,2.253865204693284e-05
/content/Dataset/Test/Fake/fake_1424.jpg,0,0,True,0.9999657869338989,3.415436367504299e-05
/content/Dataset/Test/Fake/fake_1425.jpg,0,0,True,0.9999610185623169,3.8935973861953244e-05
/content/Dataset/Test/Fake/fake_1426.jpg,0,0,True,0.9999743700027466,2.5631548851379193e-05
/content/Dataset/Test/Fake/fake_1427.jpg,0,0,True,0.999972939491272,2.7113199394079857e-05
/content/Dataset/Test/Fake/fake_1428.jpg,0,0,True,0.9999725818634033,2.7376650905353017e-05
/content/Dataset/Test/Fake/fake_1429.jpg,0,0,True,0.9999659061431885,3.403639857424423e-05
/content/Dataset/Test/Fake/fake_143.jpg,0,0,True,0.9999775886535645,2.2450420146924444e-05
/content/Dataset/Test/Fake/fake_1430.jpg,0,0,True,0.9999716281890869,2.8349064450594597e-05
/content/Dataset/Test/Fake/fake_1431.jpg,0,0,True,0.9999771118164062,2.2840868041384965e-05
/content/Dataset/Test/Fake/fake_1432.jpg,0,0,True,0.9999730587005615,2.6976425942848437e-05
/content/Dataset/Test/Fake/fake_1433.jpg,0,0,True,0.9999758005142212,2.420236705802381e-05
/content/Dataset/Test/Fake/fake_1434.jpg,0,0,True,0.99408358335495,0.005916476249694824
/content/Dataset/Test/Fake/fake_1435.jpg,0,0,True,0.9999785423278809,2.147765553672798e-05
/content/Dataset/Test/Fake/fake_1436.jpg,0,0,True,0.999968409538269,3.1620616937289014e-05
/content/Dataset/Test/Fake/fake_1437.jpg,0,0,True,0.9999504089355469,4.962383536621928e-05
/content/Dataset/Test/Fake/fake_1438.jpg,0,0,True,0.999970555305481,2.9484630431397818e-05
/content/Dataset/Test/Fake/fake_1439.jpg,0,0,True,0.9999645948410034,3.540699617587961e-05
/content/Dataset/Test/Fake/fake_144.jpg,0,0,True,0.9999762773513794,2.366591252211947e-05
/content/Dataset/Test/Fake/fake_1440.jpg,0,0,True,0.9999679327011108,3.210036811651662e-05
/content/Dataset/Test/Fake/fake_1441.jpg,0,0,True,0.9999781847000122,2.1816411390318535e-05
/content/Dataset/Test/Fake/fake_1442.jpg,0,0,True,0.9999731779098511,2.6840985810849816e-05
/content/Dataset/Test/Fake/fake_1443.jpg,0,0,True,0.9999765157699585,2.3431864974554628e-05
/content/Dataset/Test/Fake/fake_1444.jpg,0,0,True,0.9999749660491943,2.4980185116874054e-05
/content/Dataset/Test/Fake/fake_1445.jpg,0,0,True,0.8582770228385925,0.14172296226024628
/content/Dataset/Test/Fake/fake_1446.jpg,0,0,True,0.99997878074646,2.1260013454593718e-05
/content/Dataset/Test/Fake/fake_1447.jpg,0,1,False,0.000311181676806882,0.9996888637542725
/content/Dataset/Test/Fake/fake_1448.jpg,0,0,True,0.999975323677063,2.4706621843506582e-05
/content/Dataset/Test/Fake/fake_1449.jpg,0,0,True,0.9999713897705078,2.8596972697414458e-05
/content/Dataset/Test/Fake/fake_145.jpg,0,0,True,0.9999653100967407,3.463012399151921e-05
/content/Dataset/Test/Fake/fake_1450.jpg,0,0,True,0.9999783039093018,2.174172732338775e-05
/content/Dataset/Test/Fake/fake_1451.jpg,0,0,True,0.9999793767929077,2.0637273337342776e-05
/content/Dataset/Test/Fake/fake_1452.jpg,0,0,True,0.9999747276306152,2.522782415326219e-05
/content/Dataset/Test/Fake/fake_1453.jpg,0,0,True,0.9999608993530273,3.914617991540581e-05
/content/Dataset/Test/Fake/fake_1454.jpg,0,0,True,0.9998699426651001,0.00013008863606955856
/content/Dataset/Test/Fake/fake_1455.jpg,0,0,True,0.9999741315841675,2.588404095149599e-05
/content/Dataset/Test/Fake/fake_1456.jpg,0,0,True,0.9999731779098511,2.682483864191454e-05
/content/Dataset/Test/Fake/fake_1457.jpg,0,0,True,0.999897837638855,0.00010212285269517452
/content/Dataset/Test/Fake/fake_1458.jpg,0,0,True,0.9999665021896362,3.354812724865042e-05
/content/Dataset/Test/Fake/fake_1459.jpg,0,0,True,0.9999760389328003,2.391953967162408e-05
/content/Dataset/Test/Fake/fake_146.jpg,0,0,True,0.9999730587005615,2.691133886401076e-05
/content/Dataset/Test/Fake/fake_1460.jpg,0,0,True,0.9999723434448242,2.7666166715789586e-05
/content/Dataset/Test/Fake/fake_1461.jpg,0,0,True,0.9999525547027588,4.744017496705055e-05
/content/Dataset/Test/Fake/fake_1462.jpg,0,0,True,0.9999630451202393,3.697721695061773e-05
/content/Dataset/Test/Fake/fake_1463.jpg,0,0,True,0.9999696016311646,3.036176713067107e-05
/content/Dataset/Test/Fake/fake_1464.jpg,0,0,True,0.9999779462814331,2.2034031644579954e-05
/content/Dataset/Test/Fake/fake_1465.jpg,0,0,True,0.9999740123748779,2.5952527721528895e-05
/content/Dataset/Test/Fake/fake_1466.jpg,0,0,True,0.9999728202819824,2.722567478485871e-05
/content/Dataset/Test/Fake/fake_1467.jpg,0,0,True,0.9999738931655884,2.6109468308277428e-05
/content/Dataset/Test/Fake/fake_1468.jpg,0,0,True,0.9999756813049316,2.4340644813491963e-05
/content/Dataset/Test/Fake/fake_1469.jpg,0,0,True,0.9999746084213257,2.5435434508835897e-05
/content/Dataset/Test/Fake/fake_147.jpg,0,0,True,0.9999730587005615,2.6945932404487394e-05
/content/Dataset/Test/Fake/fake_1470.jpg,0,0,True,0.9999740123748779,2.5950002964236774e-05
/content/Dataset/Test/Fake/fake_1471.jpg,0,0,True,0.999976396560669,2.3651024093851447e-05
/content/Dataset/Test/Fake/fake_1472.jpg,0,0,True,0.9999771118164062,2.288449468323961e-05
/content/Dataset/Test/Fake/fake_1473.jpg,0,0,True,0.9999746084213257,2.5378445570822805e-05
/content/Dataset/Test/Fake/fake_1474.jpg,0,0,True,0.9999649524688721,3.507362271193415e-05
/content/Dataset/Test/Fake/fake_1475.jpg,0,0,True,0.9999692440032959,3.07446789520327e-05
/content/Dataset/Test/Fake/fake_1476.jpg,0,0,True,0.9999735355377197,2.641778701217845e-05
/content/Dataset/Test/Fake/fake_1477.jpg,0,0,True,0.9999786615371704,2.1282628949848004e-05
/content/Dataset/Test/Fake/fake_1478.jpg,0,0,True,0.9999709129333496,2.90431416942738e-05
/content/Dataset/Test/Fake/fake_1479.jpg,0,0,True,0.9999697208404541,3.027161983482074e-05
/content/Dataset/Test/Fake/fake_148.jpg,0,0,True,0.9999785423278809,2.145652615581639e-05
/content/Dataset/Test/Fake/fake_1480.jpg,0,0,True,0.9999674558639526,3.2575866498518735e-05
/content/Dataset/Test/Fake/fake_1481.jpg,0,0,True,0.9997270703315735,0.0002728691033553332
/content/Dataset/Test/Fake/fake_1482.jpg,0,0,True,0.999972939491272,2.7081050575361587e-05
/content/Dataset/Test/Fake/fake_1483.jpg,0,0,True,0.9999691247940063,3.083070259890519e-05
/content/Dataset/Test/Fake/fake_1484.jpg,0,0,True,0.9999767541885376,2.3237063942360692e-05
/content/Dataset/Test/Fake/fake_1485.jpg,0,0,True,0.9999737739562988,2.617488644318655e-05
/content/Dataset/Test/Fake/fake_1486.jpg,0,0,True,0.9999768733978271,2.3144619262893684e-05
/content/Dataset/Test/Fake/fake_1487.jpg,0,0,True,0.999976634979248,2.3382466679322533e-05
/content/Dataset/Test/Fake/fake_1488.jpg,0,0,True,0.9999687671661377,3.1214112823363394e-05
/content/Dataset/Test/Fake/fake_1489.jpg,0,0,True,0.9999768733978271,2.313323420821689e-05
/content/Dataset/Test/Fake/fake_149.jpg,0,0,True,0.9999767541885376,2.3238748326548375e-05
/content/Dataset/Test/Fake/fake_1490.jpg,0,0,True,0.9999767541885376,2.3218124624690972e-05
/content/Dataset/Test/Fake/fake_1491.jpg,0,0,True,0.9999759197235107,2.403863618383184e-05
/content/Dataset/Test/Fake/fake_1492.jpg,0,0,True,0.9999725818634033,2.7386575311538763e-05
/content/Dataset/Test/Fake/fake_1493.jpg,0,0,True,0.9999706745147705,2.9281365641509183e-05
/content/Dataset/Test/Fake/fake_1494.jpg,0,0,True,0.999955415725708,4.461903517949395e-05
/content/Dataset/Test/Fake/fake_1495.jpg,0,0,True,0.9999749660491943,2.502847564755939e-05
/content/Dataset/Test/Fake/fake_1496.jpg,0,0,True,0.9999765157699585,2.343847882002592e-05
/content/Dataset/Test/Fake/fake_1497.jpg,0,0,True,0.9999701976776123,2.979208693432156e-05
/content/Dataset/Test/Fake/fake_1498.jpg,0,0,True,0.7520567774772644,0.24794329702854156
/content/Dataset/Test/Fake/fake_1499.jpg,0,0,True,0.9999723434448242,2.7604468414210714e-05
/content/Dataset/Test/Fake/fake_15.jpg,0,0,True,0.9999738931655884,2.6110614271601662e-05
/content/Dataset/Test/Fake/fake_150.jpg,0,0,True,0.9999762773513794,2.3701984900981188e-05
/content/Dataset/Test/Fake/fake_1500.jpg,0,0,True,0.9999755620956421,2.4451759600196965e-05
/content/Dataset/Test/Fake/fake_1501.jpg,0,0,True,0.9999656677246094,3.4342690923949704e-05
/content/Dataset/Test/Fake/fake_1502.jpg,0,0,True,0.9999737739562988,2.625784145493526e-05
/content/Dataset/Test/Fake/fake_1503.jpg,0,0,True,0.9999724626541138,2.7575899366638623e-05
/content/Dataset/Test/Fake/fake_1504.jpg,0,0,True,0.9999691247940063,3.084270065301098e-05
/content/Dataset/Test/Fake/fake_1505.jpg,0,0,True,0.999897837638855,0.00010210415348410606
/content/Dataset/Test/Fake/fake_1506.jpg,0,0,True,0.9999736547470093,2.6326542865717784e-05
/content/Dataset/Test/Fake/fake_1507.jpg,0,0,True,0.9999771118164062,2.29198358283611e-05
/content/Dataset/Test/Fake/fake_1508.jpg,0,0,True,0.9999781847000122,2.1761845346190967e-05
/content/Dataset/Test/Fake/fake_1509.jpg,0,0,True,0.9999634027481079,3.6612123949453235e-05
/content/Dataset/Test/Fake/fake_151.jpg,0,0,True,0.9999364614486694,6.35552205494605e-05
/content/Dataset/Test/Fake/fake_1510.jpg,0,0,True,0.999966025352478,3.39756952598691e-05
/content/Dataset/Test/Fake/fake_1511.jpg,0,0,True,0.9999779462814331,2.204748489020858e-05
/content/Dataset/Test/Fake/fake_1512.jpg,0,0,True,0.9999744892120361,2.547777330619283e-05
/content/Dataset/Test/Fake/fake_1513.jpg,0,0,True,0.999976634979248,2.3422840968123637e-05
/content/Dataset/Test/Fake/fake_1514.jpg,0,0,True,0.9999750852584839,2.4914286768762395e-05
/content/Dataset/Test/Fake/fake_1515.jpg,0,0,True,0.9999756813049316,2.4316468625329435e-05
/content/Dataset/Test/Fake/fake_1516.jpg,0,0,True,0.999969482421875,3.0564078770112246e-05
/content/Dataset/Test/Fake/fake_1517.jpg,0,0,True,0.9999711513519287,2.8833543183282018e-05
/content/Dataset/Test/Fake/fake_1518.jpg,0,0,True,0.999972939491272,2.7116717319586314e-05
/content/Dataset/Test/Fake/fake_1519.jpg,0,0,True,0.9999719858169556,2.8064689104212448e-05
/content/Dataset/Test/Fake/fake_152.jpg,0,0,True,0.9999735355377197,2.6515668650972657e-05
/content/Dataset/Test/Fake/fake_1520.jpg,0,0,True,0.9999767541885376,2.3276345018530264e-05
/content/Dataset/Test/Fake/fake_1521.jpg,0,0,True,0.9999768733978271,2.308972216269467e-05
/content/Dataset/Test/Fake/fake_1522.jpg,0,0,True,0.9999724626541138,2.756743378995452e-05
/content/Dataset/Test/Fake/fake_1523.jpg,0,0,True,0.999971866607666,2.8122449293732643e-05
/content/Dataset/Test/Fake/fake_1524.jpg,0,0,True,0.9999773502349854,2.269311880809255e-05
/content/Dataset/Test/Fake/fake_1525.jpg,0,0,True,0.9999727010726929,2.7260668503004126e-05
/content/Dataset/Test/Fake/fake_1526.jpg,0,0,True,0.9999666213989258,3.333722270326689e-05
/content/Dataset/Test/Fake/fake_1527.jpg,0,0,True,0.999974250793457,2.5768209525267594e-05
/content/Dataset/Test/Fake/fake_1528.jpg,0,0,True,0.9999130964279175,8.686367800692096e-05
/content/Dataset/Test/Fake/fake_1529.jpg,0,0,True,0.9998310804367065,0.00016889961261767894
/content/Dataset/Test/Fake/fake_153.jpg,0,0,True,0.9999397993087769,6.022220622980967e-05
/content/Dataset/Test/Fake/fake_1530.jpg,0,0,True,0.9999768733978271,2.3123571736505255e-05
/content/Dataset/Test/Fake/fake_1531.jpg,0,0,True,0.9989234805107117,0.001076546381227672
/content/Dataset/Test/Fake/fake_1532.jpg,0,0,True,0.9999704360961914,2.96178441203665e-05
/content/Dataset/Test/Fake/fake_1533.jpg,0,0,True,0.9999725818634033,2.7449827030068263e-05
/content/Dataset/Test/Fake/fake_1534.jpg,0,0,True,0.9999779462814331,2.202088217018172e-05
/content/Dataset/Test/Fake/fake_1535.jpg,0,0,True,0.9999767541885376,2.319889063073788e-05
/content/Dataset/Test/Fake/fake_1536.jpg,0,0,True,0.9999690055847168,3.096355794696137e-05
/content/Dataset/Test/Fake/fake_1537.jpg,0,0,True,0.9999698400497437,3.0211060220608488e-05
/content/Dataset/Test/Fake/fake_1538.jpg,0,0,True,0.9999785423278809,2.1501344235730357e-05
/content/Dataset/Test/Fake/fake_1539.jpg,0,0,True,0.9999289512634277,7.10421591065824e-05
/content/Dataset/Test/Fake/fake_154.jpg,0,1,False,0.0023314119316637516,0.9976685643196106
/content/Dataset/Test/Fake/fake_1540.jpg,0,0,True,0.9999748468399048,2.518912333471235e-05
/content/Dataset/Test/Fake/fake_1541.jpg,0,0,True,0.9999783039093018,2.165679688914679e-05
/content/Dataset/Test/Fake/fake_1542.jpg,0,0,True,0.9999756813049316,2.4332544853677973e-05
/content/Dataset/Test/Fake/fake_1543.jpg,0,0,True,0.9999756813049316,2.4375791326747276e-05
/content/Dataset/Test/Fake/fake_1544.jpg,0,0,True,0.9999756813049316,2.4336397473234683e-05
/content/Dataset/Test/Fake/fake_1545.jpg,0,0,True,0.9999768733978271,2.3179409254225902e-05
/content/Dataset/Test/Fake/fake_1546.jpg,0,0,True,0.9999531507492065,4.689354682341218e-05
/content/Dataset/Test/Fake/fake_1547.jpg,0,0,True,0.9999779462814331,2.2095602616900578e-05
/content/Dataset/Test/Fake/fake_1548.jpg,0,0,True,0.9999732971191406,2.670846697583329e-05
/content/Dataset/Test/Fake/fake_1549.jpg,0,0,True,0.9999700784683228,2.9943359550088644e-05
/content/Dataset/Test/Fake/fake_155.jpg,0,0,True,0.9999737739562988,2.6200159481959417e-05
/content/Dataset/Test/Fake/fake_1550.jpg,0,0,True,0.8763523697853088,0.12364760786294937
/content/Dataset/Test/Fake/fake_1551.jpg,0,0,True,0.9999744892120361,2.5521789211779833e-05
/content/Dataset/Test/Fake/fake_1552.jpg,0,0,True,0.9999756813049316,2.434408088447526e-05
/content/Dataset/Test/Fake/fake_1553.jpg,0,0,True,0.9999723434448242,2.7707226763595827e-05
/content/Dataset/Test/Fake/fake_1554.jpg,0,0,True,0.9999737739562988,2.6276502467226237e-05
/content/Dataset/Test/Fake/fake_1555.jpg,0,0,True,0.9999686479568481,3.139146065223031e-05
/content/Dataset/Test/Fake/fake_1556.jpg,0,0,True,0.9999734163284302,2.65718117589131e-05
/content/Dataset/Test/Fake/fake_1557.jpg,0,0,True,0.9999756813049316,2.43214781221468e-05
/content/Dataset/Test/Fake/fake_1558.jpg,0,0,True,0.9999784231185913,2.1574052880168892e-05
/content/Dataset/Test/Fake/fake_1559.jpg,0,0,True,0.9999747276306152,2.5277338863816112e-05
/content/Dataset/Test/Fake/fake_156.jpg,0,0,True,0.9999754428863525,2.456223410263192e-05
/content/Dataset/Test/Fake/fake_1560.jpg,0,0,True,0.9999690055847168,3.102690970990807e-05
/content/Dataset/Test/Fake/fake_1561.jpg,0,0,True,0.9702267646789551,0.029773201793432236
/content/Dataset/Test/Fake/fake_1562.jpg,0,0,True,0.9999754428863525,2.4554412448196672e-05
/content/Dataset/Test/Fake/fake_1563.jpg,0,0,True,0.9999514818191528,4.8465521103935316e-05
/content/Dataset/Test/Fake/fake_1564.jpg,0,0,True,0.9999731779098511,2.6816731406142935e-05
/content/Dataset/Test/Fake/fake_1565.jpg,0,0,True,0.9999746084213257,2.5429564630030654e-05
/content/Dataset/Test/Fake/fake_1566.jpg,0,0,True,0.999962568283081,3.7411362427519634e-05
/content/Dataset/Test/Fake/fake_1567.jpg,0,0,True,0.9999712705612183,2.8771992219844833e-05
/content/Dataset/Test/Fake/fake_1568.jpg,0,0,True,0.9999475479125977,5.238977610133588e-05
/content/Dataset/Test/Fake/fake_1569.jpg,0,0,True,0.9997333884239197,0.0002665927167981863
/content/Dataset/Test/Fake/fake_157.jpg,0,0,True,0.9999737739562988,2.618836697365623e-05
/content/Dataset/Test/Fake/fake_1570.jpg,0,0,True,0.9999771118164062,2.2878974050399847e-05
/content/Dataset/Test/Fake/fake_1571.jpg,0,1,False,0.0485333614051342,0.9514666795730591
/content/Dataset/Test/Fake/fake_1572.jpg,0,0,True,0.9999755620956421,2.438064620946534e-05
/content/Dataset/Test/Fake/fake_1573.jpg,0,0,True,0.9999762773513794,2.3743996280245483e-05
/content/Dataset/Test/Fake/fake_1574.jpg,0,0,True,0.9999755620956421,2.4381391995120794e-05
/content/Dataset/Test/Fake/fake_1575.jpg,0,0,True,0.9999700784683228,2.9933396945125423e-05
/content/Dataset/Test/Fake/fake_1576.jpg,0,0,True,0.9999046325683594,9.531024988973513e-05
/content/Dataset/Test/Fake/fake_1577.jpg,0,0,True,0.9999676942825317,3.234981340938248e-05
/content/Dataset/Test/Fake/fake_1578.jpg,0,0,True,0.999936580657959,6.339594983728603e-05
/content/Dataset/Test/Fake/fake_1579.jpg,0,0,True,0.9999732971191406,2.673035669431556e-05
/content/Dataset/Test/Fake/fake_158.jpg,0,0,True,0.9999738931655884,2.614046388771385e-05
/content/Dataset/Test/Fake/fake_1580.jpg,0,0,True,0.9999715089797974,2.8484510039561428e-05
/content/Dataset/Test/Fake/fake_1581.jpg,0,0,True,0.9999731779098511,2.6785217414726503e-05
/content/Dataset/Test/Fake/fake_1582.jpg,0,0,True,0.9999744892120361,2.5557545086485334e-05
/content/Dataset/Test/Fake/fake_1583.jpg,0,0,True,0.9999773502349854,2.266638693981804e-05
/content/Dataset/Test/Fake/fake_1584.jpg,0,0,True,0.9999723434448242,2.7668884285958484e-05
/content/Dataset/Test/Fake/fake_1585.jpg,0,0,True,0.9999768733978271,2.316206337127369e-05
/content/Dataset/Test/Fake/fake_1586.jpg,0,0,True,0.9999783039093018,2.167157072108239e-05
/content/Dataset/Test/Fake/fake_1587.jpg,0,0,True,0.9999685287475586,3.147542884107679e-05
/content/Dataset/Test/Fake/fake_1588.jpg,0,0,True,0.9999655485153198,3.446132177487016e-05
/content/Dataset/Test/Fake/fake_1589.jpg,0,0,True,0.9999698400497437,3.0182463888195343e-05
/content/Dataset/Test/Fake/fake_159.jpg,0,0,True,0.9947454929351807,0.005254542920738459
/content/Dataset/Test/Fake/fake_1590.jpg,0,0,True,0.9999697208404541,3.0235903977882117e-05
/content/Dataset/Test/Fake/fake_1591.jpg,0,0,True,0.9999722242355347,2.7810176106868312e-05
/content/Dataset/Test/Fake/fake_1592.jpg,0,0,True,0.9979121088981628,0.0020878908690065145
/content/Dataset/Test/Fake/fake_1593.jpg,0,0,True,0.9997544884681702,0.0002455042558722198
/content/Dataset/Test/Fake/fake_1594.jpg,0,0,True,0.9999741315841675,2.581112494226545e-05
/content/Dataset/Test/Fake/fake_1595.jpg,0,0,True,0.999977707862854,2.2305241145659238e-05
/content/Dataset/Test/Fake/fake_1596.jpg,0,0,True,0.9999769926071167,2.3048542061587796e-05
/content/Dataset/Test/Fake/fake_1597.jpg,0,0,True,0.9999760389328003,2.3912878532428294e-05
/content/Dataset/Test/Fake/fake_1598.jpg,0,0,True,0.9999721050262451,2.792895247694105e-05
/content/Dataset/Test/Fake/fake_1599.jpg,0,0,True,0.9999750852584839,2.491566374374088e-05
/content/Dataset/Test/Fake/fake_16.jpg,0,0,True,0.9999731779098511,2.6770761905936524e-05
/content/Dataset/Test/Fake/fake_160.jpg,0,0,True,0.9999744892120361,2.54752449109219e-05
/content/Dataset/Test/Fake/fake_1600.jpg,0,0,True,0.9999756813049316,2.433451845718082e-05
/content/Dataset/Test/Fake/fake_1601.jpg,0,1,False,0.4368484616279602,0.5631515383720398
/content/Dataset/Test/Fake/fake_1602.jpg,0,0,True,0.6600732207298279,0.3399267792701721
/content/Dataset/Test/Fake/fake_1603.jpg,0,0,True,0.9999500513076782,4.994648043066263e-05
/content/Dataset/Test/Fake/fake_1604.jpg,0,0,True,0.999962568283081,3.746891889022663e-05
/content/Dataset/Test/Fake/fake_1605.jpg,0,0,True,0.9999698400497437,3.0192770282155834e-05
/content/Dataset/Test/Fake/fake_1606.jpg,0,0,True,0.9999765157699585,2.3495100322179496e-05
/content/Dataset/Test/Fake/fake_1607.jpg,0,0,True,0.9999749660491943,2.499143374734558e-05
/content/Dataset/Test/Fake/fake_1608.jpg,0,0,True,0.9999784231185913,2.163050157832913e-05
/content/Dataset/Test/Fake/fake_1609.jpg,0,0,True,0.9999759197235107,2.4074171960819513e-05
/content/Dataset/Test/Fake/fake_161.jpg,0,0,True,0.9999170303344727,8.291460835607722e-05
/content/Dataset/Test/Fake/fake_1610.jpg,0,0,True,0.9999690055847168,3.0978178983787075e-05
/content/Dataset/Test/Fake/fake_1611.jpg,0,0,True,0.9920253753662109,0.007974606938660145
/content/Dataset/Test/Fake/fake_1612.jpg,0,0,True,0.9804343581199646,0.019565628841519356
/content/Dataset/Test/Fake/fake_1613.jpg,0,0,True,0.9999759197235107,2.4065195248113014e-05
/content/Dataset/Test/Fake/fake_1614.jpg,0,0,True,0.9999774694442749,2.252932608826086e-05
/content/Dataset/Test/Fake/fake_1615.jpg,0,0,True,0.9999737739562988,2.6256864657625556e-05
/content/Dataset/Test/Fake/fake_1616.jpg,0,0,True,0.9999780654907227,2.1949010260868818e-05
/content/Dataset/Test/Fake/fake_1617.jpg,0,0,True,0.9999629259109497,3.710495002451353e-05
/content/Dataset/Test/Fake/fake_1618.jpg,0,0,True,0.9999328851699829,6.713531911373138e-05
/content/Dataset/Test/Fake/fake_1619.jpg,0,0,True,0.9992063641548157,0.0007936088950373232
/content/Dataset/Test/Fake/fake_162.jpg,0,0,True,0.9999210834503174,7.895729504525661e-05
/content/Dataset/Test/Fake/fake_1620.jpg,0,0,True,0.9999781847000122,2.1779431335744448e-05
/content/Dataset/Test/Fake/fake_1621.jpg,0,0,True,0.9999077320098877,9.220220090355724e-05
/content/Dataset/Test/Fake/fake_1622.jpg,0,0,True,0.9965946078300476,0.0034053721465170383
/content/Dataset/Test/Fake/fake_1623.jpg,0,0,True,0.9999644756317139,3.557819945854135e-05
/content/Dataset/Test/Fake/fake_1624.jpg,0,0,True,0.999977707862854,2.2308431653073058e-05
/content/Dataset/Test/Fake/fake_1625.jpg,0,0,True,0.9999722242355347,2.7791511456598528e-05
/content/Dataset/Test/Fake/fake_1626.jpg,0,0,True,0.9999799728393555,2.0081166439922526e-05
/content/Dataset/Test/Fake/fake_1627.jpg,0,0,True,0.983814537525177,0.016185453161597252
/content/Dataset/Test/Fake/fake_1628.jpg,0,0,True,0.9999709129333496,2.9041673769825138e-05
/content/Dataset/Test/Fake/fake_1629.jpg,0,0,True,0.9999638795852661,3.615341483964585e-05
/content/Dataset/Test/Fake/fake_163.jpg,0,0,True,0.999861478805542,0.00013852711708750576
/content/Dataset/Test/Fake/fake_1630.jpg,0,0,True,0.9999657869338989,3.423582893447019e-05
/content/Dataset/Test/Fake/fake_1631.jpg,0,0,True,0.9999699592590332,3.0092936867731623e-05
/content/Dataset/Test/Fake/fake_1632.jpg,0,0,True,0.9999657869338989,3.41718623531051e-05
/content/Dataset/Test/Fake/fake_1633.jpg,0,0,True,0.9999760389328003,2.3976865122676827e-05
/content/Dataset/Test/Fake/fake_1634.jpg,0,0,True,0.9999775886535645,2.236268119304441e-05
/content/Dataset/Test/Fake/fake_1635.jpg,0,0,True,0.9999735355377197,2.6519208404351957e-05
/content/Dataset/Test/Fake/fake_1636.jpg,0,0,True,0.9999754428863525,2.45262126554735e-05
/content/Dataset/Test/Fake/fake_1637.jpg,0,0,True,0.9999738931655884,2.6074856577906758e-05
/content/Dataset/Test/Fake/fake_1638.jpg,0,0,True,0.9999759197235107,2.402809332124889e-05
/content/Dataset/Test/Fake/fake_1639.jpg,0,0,True,0.9999736547470093,2.6374817025498487e-05
/content/Dataset/Test/Fake/fake_164.jpg,0,0,True,0.9999693632125854,3.0599829187849537e-05
/content/Dataset/Test/Fake/fake_1640.jpg,0,0,True,0.9999765157699585,2.3463684556190856e-05
/content/Dataset/Test/Fake/fake_1641.jpg,0,0,True,0.9999622106552124,3.772969648707658e-05
/content/Dataset/Test/Fake/fake_1642.jpg,0,0,True,0.9999639987945557,3.603431468945928e-05
/content/Dataset/Test/Fake/fake_1643.jpg,0,0,True,0.999972939491272,2.7015583327738568e-05
/content/Dataset/Test/Fake/fake_1644.jpg,0,0,True,0.9999710321426392,2.897088779718615e-05
/content/Dataset/Test/Fake/fake_1645.jpg,0,0,True,0.9999630451202393,3.701306559378281e-05
/content/Dataset/Test/Fake/fake_1646.jpg,0,0,True,0.9999690055847168,3.103670314885676e-05
/content/Dataset/Test/Fake/fake_1647.jpg,0,0,True,0.9999687671661377,3.117496089544147e-05
/content/Dataset/Test/Fake/fake_1648.jpg,0,0,True,0.9999736547470093,2.6292444090358913e-05
/content/Dataset/Test/Fake/fake_1649.jpg,0,0,True,0.9999696016311646,3.0434384825639427e-05
/content/Dataset/Test/Fake/fake_165.jpg,0,0,True,0.9999641180038452,3.584854130167514e-05
/content/Dataset/Test/Fake/fake_1650.jpg,0,0,True,0.9999754428863525,2.4527194909751415e-05
/content/Dataset/Test/Fake/fake_1651.jpg,0,0,True,0.9999613761901855,3.860219658236019e-05
/content/Dataset/Test/Fake/fake_1652.jpg,0,0,True,0.9999725818634033,2.7444199076853693e-05
/content/Dataset/Test/Fake/fake_1653.jpg,0,0,True,0.9999760389328003,2.39719265664462e-05
/content/Dataset/Test/Fake/fake_1654.jpg,0,0,True,0.9999773502349854,2.267174750159029e-05
/content/Dataset/Test/Fake/fake_1655.jpg,0,0,True,0.9999758005142212,2.4234796001110226e-05
/content/Dataset/Test/Fake/fake_1656.jpg,0,0,True,0.9999736547470093,2.6373734726803377e-05
/content/Dataset/Test/Fake/fake_1657.jpg,0,0,True,0.9999657869338989,3.42537896358408e-05
/content/Dataset/Test/Fake/fake_1658.jpg,0,0,True,0.9999724626541138,2.756112371571362e-05
/content/Dataset/Test/Fake/fake_1659.jpg,0,0,True,0.9947921633720398,0.005207863636314869
/content/Dataset/Test/Fake/fake_166.jpg,0,0,True,0.9999650716781616,3.496618592180312e-05
/content/Dataset/Test/Fake/fake_1660.jpg,0,0,True,0.9999724626541138,2.7483352823765017e-05
/content/Dataset/Test/Fake/fake_1661.jpg,0,0,True,0.9999768733978271,2.312692413397599e-05
/content/Dataset/Test/Fake/fake_1662.jpg,0,0,True,0.9999754428863525,2.4515360564691946e-05
/content/Dataset/Test/Fake/fake_1663.jpg,0,0,True,0.9999703168869019,2.9628265110659413e-05
/content/Dataset/Test/Fake/fake_1664.jpg,0,0,True,0.9999765157699585,2.348063026147429e-05
/content/Dataset/Test/Fake/fake_1665.jpg,0,0,True,0.9999747276306152,2.5286501113441773e-05
/content/Dataset/Test/Fake/fake_1666.jpg,0,1,False,0.0002598470891825855,0.9997401833534241
/content/Dataset/Test/Fake/fake_1667.jpg,0,0,True,0.9999769926071167,2.3057422367855906e-05
/content/Dataset/Test/Fake/fake_1668.jpg,0,0,True,0.9999754428863525,2.453889283060562e-05
/content/Dataset/Test/Fake/fake_1669.jpg,0,0,True,0.9999775886535645,2.2433814592659473e-05
/content/Dataset/Test/Fake/fake_167.jpg,0,0,True,0.9983623623847961,0.0016375770792365074
/content/Dataset/Test/Fake/fake_1670.jpg,0,0,True,0.9999641180038452,3.591099084587768e-05
/content/Dataset/Test/Fake/fake_1671.jpg,0,0,True,0.9999743700027466,2.558007327024825e-05
/content/Dataset/Test/Fake/fake_1672.jpg,0,0,True,0.999934196472168,6.581284833373502e-05
/content/Dataset/Test/Fake/fake_1673.jpg,0,0,True,0.9999750852584839,2.4923889213823713e-05
/content/Dataset/Test/Fake/fake_1674.jpg,0,0,True,0.999975323677063,2.4668524929438718e-05
/content/Dataset/Test/Fake/fake_1675.jpg,0,0,True,0.9999134540557861,8.653231634525582e-05
/content/Dataset/Test/Fake/fake_1676.jpg,0,0,True,0.9999752044677734,2.485386903572362e-05
/content/Dataset/Test/Fake/fake_1677.jpg,0,0,True,0.9999781847000122,2.1759686205768958e-05
/content/Dataset/Test/Fake/fake_1678.jpg,0,0,True,0.9999668598175049,3.310819010948762e-05
/content/Dataset/Test/Fake/fake_1679.jpg,0,0,True,0.9999767541885376,2.324120760022197e-05
/content/Dataset/Test/Fake/fake_168.jpg,0,0,True,0.9999644756317139,3.546505467966199e-05
/content/Dataset/Test/Fake/fake_1680.jpg,0,0,True,0.9999760389328003,2.4005785235203803e-05
/content/Dataset/Test/Fake/fake_1681.jpg,0,0,True,0.9999741315841675,2.5856037609628402e-05
/content/Dataset/Test/Fake/fake_1682.jpg,0,0,True,0.9999709129333496,2.908366332121659e-05
/content/Dataset/Test/Fake/fake_1683.jpg,0,0,True,0.9999703168869019,2.966425563499797e-05
/content/Dataset/Test/Fake/fake_1684.jpg,0,0,True,0.9999721050262451,2.7937929189647548e-05
/content/Dataset/Test/Fake/fake_1685.jpg,0,0,True,0.9999645948410034,3.540956458891742e-05
/content/Dataset/Test/Fake/fake_1686.jpg,0,0,True,0.9999746084213257,2.5405737687833607e-05
/content/Dataset/Test/Fake/fake_1687.jpg,0,0,True,0.9999769926071167,2.3022244931780733e-05
/content/Dataset/Test/Fake/fake_1688.jpg,0,0,True,0.999954342842102,4.561980676953681e-05
/content/Dataset/Test/Fake/fake_1689.jpg,0,0,True,0.9999734163284302,2.6637271730578505e-05
/content/Dataset/Test/Fake/fake_169.jpg,0,0,True,0.9999642372131348,3.571280467440374e-05
/content/Dataset/Test/Fake/fake_1690.jpg,0,0,True,0.999971866607666,2.810083969961852e-05
/content/Dataset/Test/Fake/fake_1691.jpg,0,0,True,0.9999748468399048,2.5127317712758668e-05
/content/Dataset/Test/Fake/fake_1692.jpg,0,0,True,0.9999641180038452,3.593021028791554e-05
/content/Dataset/Test/Fake/fake_1693.jpg,0,0,True,0.9999681711196899,3.18417587550357e-05
/content/Dataset/Test/Fake/fake_1694.jpg,0,0,True,0.9999750852584839,2.4881044737412594e-05
/content/Dataset/Test/Fake/fake_1695.jpg,0,0,True,0.9999767541885376,2.3273569240700454e-05
/content/Dataset/Test/Fake/fake_1696.jpg,0,0,True,0.9999778270721436,2.2131787773105316e-05
/content/Dataset/Test/Fake/fake_1697.jpg,0,0,True,0.9999747276306152,2.53028792940313e-05
/content/Dataset/Test/Fake/fake_1698.jpg,0,0,True,0.9999749660491943,2.4992434191517532e-05
/content/Dataset/Test/Fake/fake_1699.jpg,0,0,True,0.9999744892120361,2.5537201508996077e-05
/content/Dataset/Test/Fake/fake_17.jpg,0,0,True,0.9999778270721436,2.2123811504570767e-05
/content/Dataset/Test/Fake/fake_170.jpg,0,0,True,0.9999715089797974,2.8474514692788944e-05
/content/Dataset/Test/Fake/fake_1700.jpg,0,0,True,0.9999721050262451,2.792514169414062e-05
/content/Dataset/Test/Fake/fake_1701.jpg,0,0,True,0.9999724626541138,2.7556523491512053e-05
/content/Dataset/Test/Fake/fake_1702.jpg,0,0,True,0.9999692440032959,3.070131424465217e-05
/content/Dataset/Test/Fake/fake_1703.jpg,0,0,True,0.9999746084213257,2.5341347281937487e-05
/content/Dataset/Test/Fake/fake_1704.jpg,0,0,True,0.9999725818634033,2.7441059501143172e-05
/content/Dataset/Test/Fake/fake_1705.jpg,0,0,True,0.9999731779098511,2.680279612832237e-05
/content/Dataset/Test/Fake/fake_1706.jpg,0,0,True,0.9999750852584839,2.4910106731113046e-05
/content/Dataset/Test/Fake/fake_1707.jpg,0,0,True,0.9999754428863525,2.453947854519356e-05
/content/Dataset/Test/Fake/fake_1708.jpg,0,0,True,0.9999758005142212,2.4239510821644217e-05
/content/Dataset/Test/Fake/fake_1709.jpg,0,0,True,0.999976634979248,2.337178921152372e-05
/content/Dataset/Test/Fake/fake_171.jpg,0,0,True,0.9999709129333496,2.908482747443486e-05
/content/Dataset/Test/Fake/fake_1710.jpg,0,0,True,0.9999611377716064,3.891971573466435e-05
/content/Dataset/Test/Fake/fake_1711.jpg,0,0,True,0.9999758005142212,2.4188060706364922e-05
/content/Dataset/Test/Fake/fake_1712.jpg,0,0,True,0.9999698400497437,3.01761319860816e-05
/content/Dataset/Test/Fake/fake_1713.jpg,0,0,True,0.9999761581420898,2.382751517870929e-05
/content/Dataset/Test/Fake/fake_1714.jpg,0,0,True,0.999933123588562,6.682171078864485e-05
/content/Dataset/Test/Fake/fake_1715.jpg,0,0,True,0.999977707862854,2.2319196432363242e-05
/content/Dataset/Test/Fake/fake_1716.jpg,0,0,True,0.9999768733978271,2.3166216124081984e-05
/content/Dataset/Test/Fake/fake_1717.jpg,0,0,True,0.9999798536300659,2.018238046730403e-05
/content/Dataset/Test/Fake/fake_1718.jpg,0,0,True,0.9999713897705078,2.861514440155588e-05
/content/Dataset/Test/Fake/fake_1719.jpg,0,0,True,0.9999730587005615,2.6898818759946153e-05
/content/Dataset/Test/Fake/fake_172.jpg,0,0,True,0.9999711513519287,2.8887820008094423e-05
/content/Dataset/Test/Fake/fake_1720.jpg,0,0,True,0.9999721050262451,2.786068944260478e-05
/content/Dataset/Test/Fake/fake_1721.jpg,0,0,True,0.9999765157699585,2.3512762709287927e-05
/content/Dataset/Test/Fake/fake_1722.jpg,0,0,True,0.999975323677063,2.4710132493055426e-05
/content/Dataset/Test/Fake/fake_1723.jpg,0,0,True,0.9999738931655884,2.6114052161574364e-05
/content/Dataset/Test/Fake/fake_1724.jpg,0,0,True,0.9999754428863525,2.4521768864360638e-05
/content/Dataset/Test/Fake/fake_1725.jpg,0,0,True,0.9977495074272156,0.0022504464723169804
/content/Dataset/Test/Fake/fake_1726.jpg,0,0,True,0.9999765157699585,2.3540425900137052e-05
/content/Dataset/Test/Fake/fake_1727.jpg,0,0,True,0.9999629259109497,3.701373134390451e-05
/content/Dataset/Test/Fake/fake_1728.jpg,0,0,True,0.9999697208404541,3.0332827009260654e-05
/content/Dataset/Test/Fake/fake_1729.jpg,0,0,True,0.9858773946762085,0.01412259228527546
/content/Dataset/Test/Fake/fake_173.jpg,0,0,True,0.9409855604171753,0.05901442468166351
/content/Dataset/Test/Fake/fake_1730.jpg,0,0,True,0.9999761581420898,2.3899203370092437e-05
/content/Dataset/Test/Fake/fake_1731.jpg,0,0,True,0.9999741315841675,2.5892508347169496e-05
/content/Dataset/Test/Fake/fake_1732.jpg,0,0,True,0.9999688863754272,3.116747393505648e-05
/content/Dataset/Test/Fake/fake_1733.jpg,0,0,True,0.9999130964279175,8.689300011610612e-05
/content/Dataset/Test/Fake/fake_1734.jpg,0,0,True,0.9999783039093018,2.1649033442372456e-05
/content/Dataset/Test/Fake/fake_1735.jpg,0,0,True,0.9999741315841675,2.5820309019763954e-05
/content/Dataset/Test/Fake/fake_1736.jpg,0,0,True,0.9999748468399048,2.519344889151398e-05
/content/Dataset/Test/Fake/fake_1737.jpg,0,0,True,0.9999709129333496,2.9116408768459223e-05
/content/Dataset/Test/Fake/fake_1738.jpg,0,0,True,0.9999666213989258,3.3375079510733485e-05
/content/Dataset/Test/Fake/fake_1739.jpg,0,0,True,0.9999752044677734,2.480639159330167e-05
/content/Dataset/Test/Fake/fake_174.jpg,0,0,True,0.9971701502799988,0.0028298343531787395
/content/Dataset/Test/Fake/fake_1740.jpg,0,0,True,0.9999767541885376,2.322961881873198e-05
/content/Dataset/Test/Fake/fake_1741.jpg,0,0,True,0.9999734163284302,2.654433046700433e-05
/content/Dataset/Test/Fake/fake_1742.jpg,0,0,True,0.9999746084213257,2.5390721930307336e-05
/content/Dataset/Test/Fake/fake_1743.jpg,0,0,True,0.9999790191650391,2.0941753973602317e-05
/content/Dataset/Test/Fake/fake_1744.jpg,0,0,True,0.9999716281890869,2.8392463718773797e-05
/content/Dataset/Test/Fake/fake_1745.jpg,0,0,True,0.9999526739120483,4.7288500354625285e-05
/content/Dataset/Test/Fake/fake_1746.jpg,0,0,True,0.9998610019683838,0.0001390092947985977
/content/Dataset/Test/Fake/fake_1747.jpg,0,0,True,0.9999746084213257,2.5447494408581406e-05
/content/Dataset/Test/Fake/fake_1748.jpg,0,0,True,0.9999727010726929,2.7356767532182857e-05
/content/Dataset/Test/Fake/fake_1749.jpg,0,0,True,0.9999672174453735,3.282888064859435e-05
/content/Dataset/Test/Fake/fake_175.jpg,0,0,True,0.9999758005142212,2.4179526008083485e-05
/content/Dataset/Test/Fake/fake_1750.jpg,0,0,True,0.999977707862854,2.2302327124634758e-05
/content/Dataset/Test/Fake/fake_1751.jpg,0,0,True,0.9999688863754272,3.1163224775809795e-05
/content/Dataset/Test/Fake/fake_1752.jpg,0,0,True,0.9999723434448242,2.7664715162245557e-05
/content/Dataset/Test/Fake/fake_1753.jpg,0,0,True,0.9999775886535645,2.236225554952398e-05
/content/Dataset/Test/Fake/fake_1754.jpg,0,0,True,0.9999773502349854,2.2666970835416578e-05
/content/Dataset/Test/Fake/fake_1755.jpg,0,0,True,0.9999741315841675,2.5894039936247282e-05
/content/Dataset/Test/Fake/fake_1756.jpg,0,0,True,0.9999741315841675,2.5816661946009845e-05
/content/Dataset/Test/Fake/fake_1757.jpg,0,0,True,0.9999784231185913,2.1627738533425145e-05
/content/Dataset/Test/Fake/fake_1758.jpg,0,0,True,0.9999774694442749,2.2545487809111364e-05
/content/Dataset/Test/Fake/fake_1759.jpg,0,0,True,0.9999760389328003,2.401027268206235e-05
/content/Dataset/Test/Fake/fake_176.jpg,0,0,True,0.9999738931655884,2.6129346224479377e-05
/content/Dataset/Test/Fake/fake_1760.jpg,0,0,True,0.9999775886535645,2.245648101961706e-05
/content/Dataset/Test/Fake/fake_1761.jpg,0,0,True,0.9999773502349854,2.2596070266445167e-05
/content/Dataset/Test/Fake/fake_1762.jpg,0,0,True,0.999976396560669,2.3545384465251118e-05
/content/Dataset/Test/Fake/fake_1763.jpg,0,0,True,0.9999006986618042,9.924353798851371e-05
/content/Dataset/Test/Fake/fake_1764.jpg,0,0,True,0.999977707862854,2.2278411051956937e-05
/content/Dataset/Test/Fake/fake_1765.jpg,0,0,True,0.9999631643295288,3.6865181755274534e-05
/content/Dataset/Test/Fake/fake_1766.jpg,0,0,True,0.9999659061431885,3.41478553309571e-05
/content/Dataset/Test/Fake/fake_1767.jpg,0,0,True,0.9636836647987366,0.03631635755300522
/content/Dataset/Test/Fake/fake_1768.jpg,0,0,True,0.9999569654464722,4.299260035622865e-05
/content/Dataset/Test/Fake/fake_1769.jpg,0,0,True,0.9999756813049316,2.425995080557186e-05
/content/Dataset/Test/Fake/fake_177.jpg,0,0,True,0.999951958656311,4.8045156290754676e-05
/content/Dataset/Test/Fake/fake_1770.jpg,0,0,True,0.9999768733978271,2.3101927581592463e-05
/content/Dataset/Test/Fake/fake_1771.jpg,0,0,True,0.9999748468399048,2.5188403014908545e-05
/content/Dataset/Test/Fake/fake_1772.jpg,0,1,False,0.009739010594785213,0.9902610182762146
/content/Dataset/Test/Fake/fake_1773.jpg,0,0,True,0.9999736547470093,2.6347590392106213e-05
/content/Dataset/Test/Fake/fake_1774.jpg,0,0,True,0.9999783039093018,2.165663318010047e-05
/content/Dataset/Test/Fake/fake_1775.jpg,0,0,True,0.9999711513519287,2.888762901420705e-05
/content/Dataset/Test/Fake/fake_1776.jpg,0,0,True,0.999974250793457,2.5697947421576828e-05
/content/Dataset/Test/Fake/fake_1777.jpg,0,0,True,0.9999736547470093,2.6377130780019797e-05
/content/Dataset/Test/Fake/fake_1778.jpg,0,0,True,0.9999768733978271,2.3074977434589528e-05
/content/Dataset/Test/Fake/fake_1779.jpg,0,0,True,0.9995861649513245,0.0004138051299378276
/content/Dataset/Test/Fake/fake_178.jpg,0,0,True,0.9999752044677734,2.47521838900866e-05
/content/Dataset/Test/Fake/fake_1780.jpg,0,0,True,0.9999686479568481,3.1304913136409596e-05
/content/Dataset/Test/Fake/fake_1781.jpg,0,0,True,0.9999686479568481,3.132193523924798e-05
/content/Dataset/Test/Fake/fake_1782.jpg,0,0,True,0.9999464750289917,5.34825558133889e-05
/content/Dataset/Test/Fake/fake_1783.jpg,0,0,True,0.9996782541275024,0.0003217827179469168
/content/Dataset/Test/Fake/fake_1784.jpg,0,0,True,0.9999737739562988,2.620805571496021e-05
/content/Dataset/Test/Fake/fake_1785.jpg,0,0,True,0.9999781847000122,2.1819761968799867e-05
/content/Dataset/Test/Fake/fake_1786.jpg,0,0,True,0.9999734163284302,2.663292980287224e-05
/content/Dataset/Test/Fake/fake_1787.jpg,0,0,True,0.9998732805252075,0.00012675866310019046
/content/Dataset/Test/Fake/fake_1788.jpg,0,0,True,0.9999746084213257,2.5354231183882803e-05
/content/Dataset/Test/Fake/fake_1789.jpg,0,0,True,0.9999750852584839,2.4960163500509225e-05
/content/Dataset/Test/Fake/fake_179.jpg,0,0,True,0.9999386072158813,6.134610885055736e-05
/content/Dataset/Test/Fake/fake_1790.jpg,0,0,True,0.9999445676803589,5.53756945009809e-05
/content/Dataset/Test/Fake/fake_1791.jpg,0,0,True,0.9999747276306152,2.526022944948636e-05
/content/Dataset/Test/Fake/fake_1792.jpg,0,0,True,0.9999767541885376,2.3297972802538425e-05
/content/Dataset/Test/Fake/fake_1793.jpg,0,0,True,0.9999761581420898,2.3839176719775423e-05
/content/Dataset/Test/Fake/fake_1794.jpg,0,0,True,0.9999785423278809,2.144363861589227e-05
/content/Dataset/Test/Fake/fake_1795.jpg,0,0,True,0.9999725818634033,2.7449905246612616e-05
/content/Dataset/Test/Fake/fake_1796.jpg,0,0,True,0.999976634979248,2.3418864657287486e-05
/content/Dataset/Test/Fake/fake_1797.jpg,0,0,True,0.9999755620956421,2.4384275093325414e-05
/content/Dataset/Test/Fake/fake_1798.jpg,0,0,True,0.999976634979248,2.3343409338849597e-05
/content/Dataset/Test/Fake/fake_1799.jpg,0,0,True,0.9999744892120361,2.547582880652044e-05
/content/Dataset/Test/Fake/fake_18.jpg,0,0,True,0.9999783039093018,2.1638918042299338e-05
/content/Dataset/Test/Fake/fake_180.jpg,0,0,True,0.7243607640266418,0.27563923597335815
/content/Dataset/Test/Fake/fake_1800.jpg,0,0,True,0.9999746084213257,2.5435701900278218e-05
/content/Dataset/Test/Fake/fake_1801.jpg,0,0,True,0.9999583959579468,4.156906288699247e-05
/content/Dataset/Test/Fake/fake_1802.jpg,0,0,True,0.9999759197235107,2.4039691197685897e-05
/content/Dataset/Test/Fake/fake_1803.jpg,0,0,True,0.9999755620956421,2.4420673071290366e-05
/content/Dataset/Test/Fake/fake_1804.jpg,0,0,True,0.9999768733978271,2.3181310098152608e-05
/content/Dataset/Test/Fake/fake_1805.jpg,0,0,True,0.9999681711196899,3.188010668964125e-05
/content/Dataset/Test/Fake/fake_1806.jpg,0,0,True,0.9988324046134949,0.0011675605783239007
/content/Dataset/Test/Fake/fake_1807.jpg,0,0,True,0.9999775886535645,2.2371577870217152e-05
/content/Dataset/Test/Fake/fake_1808.jpg,0,0,True,0.9999412298202515,5.876058276044205e-05
/content/Dataset/Test/Fake/fake_1809.jpg,0,0,True,0.9999674558639526,3.2503528927918524e-05
/content/Dataset/Test/Fake/fake_181.jpg,0,0,True,0.9999397993087769,6.021773151587695e-05
/content/Dataset/Test/Fake/fake_1810.jpg,0,0,True,0.999974250793457,2.5761992219486274e-05
/content/Dataset/Test/Fake/fake_1811.jpg,0,0,True,0.9999666213989258,3.338720853207633e-05
/content/Dataset/Test/Fake/fake_1812.jpg,0,0,True,0.8708187937736511,0.1291811615228653
/content/Dataset/Test/Fake/fake_1813.jpg,0,0,True,0.7945518493652344,0.2054481953382492
/content/Dataset/Test/Fake/fake_1814.jpg,0,0,True,0.9999713897705078,2.865293572540395e-05
/content/Dataset/Test/Fake/fake_1815.jpg,0,0,True,0.9999765157699585,2.348871566937305e-05
/content/Dataset/Test/Fake/fake_1816.jpg,0,0,True,0.9999734163284302,2.6613150112098083e-05
/content/Dataset/Test/Fake/fake_1817.jpg,0,0,True,0.9999715089797974,2.853698424587492e-05
/content/Dataset/Test/Fake/fake_1818.jpg,0,0,True,0.9999735355377197,2.64702393906191e-05
/content/Dataset/Test/Fake/fake_1819.jpg,0,0,True,0.9999784231185913,2.1547282813116908e-05
/content/Dataset/Test/Fake/fake_182.jpg,0,0,True,0.999977707862854,2.2292311768978834e-05
/content/Dataset/Test/Fake/fake_1820.jpg,0,0,True,0.9999688863754272,3.115434083156288e-05
/content/Dataset/Test/Fake/fake_1821.jpg,0,0,True,0.9999779462814331,2.2076497771195136e-05
/content/Dataset/Test/Fake/fake_1822.jpg,0,0,True,0.9999761581420898,2.3793818400008604e-05
/content/Dataset/Test/Fake/fake_1823.jpg,0,0,True,0.999977707862854,2.2318494302453473e-05
/content/Dataset/Test/Fake/fake_1824.jpg,0,0,True,0.9999767541885376,2.3199221686809324e-05
/content/Dataset/Test/Fake/fake_1825.jpg,0,0,True,0.9999772310256958,2.2738176994607784e-05
/content/Dataset/Test/Fake/fake_1826.jpg,0,0,True,0.9999666213989258,3.3384025300620124e-05
/content/Dataset/Test/Fake/fake_1827.jpg,0,0,True,0.9999680519104004,3.196205216227099e-05
/content/Dataset/Test/Fake/fake_1828.jpg,0,0,True,0.9999737739562988,2.6254760086885653e-05
/content/Dataset/Test/Fake/fake_1829.jpg,0,0,True,0.9999774694442749,2.247756128781475e-05
/content/Dataset/Test/Fake/fake_183.jpg,0,0,True,0.9999771118164062,2.289067197125405e-05
/content/Dataset/Test/Fake/fake_1830.jpg,0,0,True,0.9999750852584839,2.4907350962166674e-05
/content/Dataset/Test/Fake/fake_1831.jpg,0,0,True,0.999175488948822,0.0008244321797974408
/content/Dataset/Test/Fake/fake_1832.jpg,0,0,True,0.9999691247940063,3.082297189394012e-05
/content/Dataset/Test/Fake/fake_1833.jpg,0,0,True,0.5536965727806091,0.44630348682403564
/content/Dataset/Test/Fake/fake_1834.jpg,0,0,True,0.9999760389328003,2.4013846996240318e-05
/content/Dataset/Test/Fake/fake_1835.jpg,0,0,True,0.9999761581420898,2.3817268811399117e-05
/content/Dataset/Test/Fake/fake_1836.jpg,0,0,True,0.9999743700027466,2.567854789958801e-05
/content/Dataset/Test/Fake/fake_1837.jpg,0,0,True,0.9999676942825317,3.235151234548539e-05
/content/Dataset/Test/Fake/fake_1838.jpg,0,0,True,0.9999744892120361,2.5514049411867745e-05
/content/Dataset/Test/Fake/fake_1839.jpg,0,0,True,0.9999697208404541,3.0336126656038687e-05
/content/Dataset/Test/Fake/fake_184.jpg,0,0,True,0.999968409538269,3.162411303492263e-05
/content/Dataset/Test/Fake/fake_1840.jpg,0,0,True,0.9999765157699585,2.3438567950506695e-05
/content/Dataset/Test/Fake/fake_1841.jpg,0,0,True,0.9999560117721558,4.4026877731084824e-05
/content/Dataset/Test/Fake/fake_1842.jpg,0,0,True,0.999977707862854,2.224932177341543e-05
/content/Dataset/Test/Fake/fake_1843.jpg,0,0,True,0.9999666213989258,3.333862332510762e-05
/content/Dataset/Test/Fake/fake_1844.jpg,0,0,True,0.9999741315841675,2.5833558538579382e-05
/content/Dataset/Test/Fake/fake_1845.jpg,0,0,True,0.9999790191650391,2.0998171748942696e-05
/content/Dataset/Test/Fake/fake_1846.jpg,0,0,True,0.9999769926071167,2.3063668777467683e-05
/content/Dataset/Test/Fake/fake_1847.jpg,0,0,True,0.9999769926071167,2.2995278413873166e-05
/content/Dataset/Test/Fake/fake_1848.jpg,0,0,True,0.9999754428863525,2.4585155188106e-05
/content/Dataset/Test/Fake/fake_1849.jpg,0,0,True,0.9999747276306152,2.5302953872596845e-05
/content/Dataset/Test/Fake/fake_185.jpg,0,0,True,0.9999736547470093,2.6306312065571547e-05
/content/Dataset/Test/Fake/fake_1850.jpg,0,0,True,0.9999672174453735,3.277076393715106e-05
/content/Dataset/Test/Fake/fake_1851.jpg,0,0,True,0.9999773502349854,2.2703403374180198e-05
/content/Dataset/Test/Fake/fake_1852.jpg,0,0,True,0.999975323677063,2.463641249050852e-05
/content/Dataset/Test/Fake/fake_1853.jpg,0,0,True,0.9999728202819824,2.7211734050069936e-05
/content/Dataset/Test/Fake/fake_1854.jpg,0,0,True,0.9999740123748779,2.6007654014392756e-05
/content/Dataset/Test/Fake/fake_1855.jpg,0,0,True,0.9999738931655884,2.6060013624373823e-05
/content/Dataset/Test/Fake/fake_1856.jpg,0,0,True,0.9999775886535645,2.238275919808075e-05
/content/Dataset/Test/Fake/fake_1857.jpg,0,0,True,0.9999744892120361,2.5525390810798854e-05
/content/Dataset/Test/Fake/fake_1858.jpg,0,0,True,0.9999649524688721,3.499424201436341e-05
/content/Dataset/Test/Fake/fake_1859.jpg,0,0,True,0.9999641180038452,3.591760469134897e-05
/content/Dataset/Test/Fake/fake_186.jpg,0,0,True,0.9999513626098633,4.8599646106595173e-05
/content/Dataset/Test/Fake/fake_1860.jpg,0,0,True,0.9999762773513794,2.367525848967489e-05
/content/Dataset/Test/Fake/fake_1861.jpg,0,0,True,0.9999783039093018,2.1747264327132143e-05
/content/Dataset/Test/Fake/fake_1862.jpg,0,0,True,0.9999767541885376,2.3256463464349508e-05
/content/Dataset/Test/Fake/fake_1863.jpg,0,0,True,0.9999690055847168,3.102246773778461e-05
/content/Dataset/Test/Fake/fake_1864.jpg,0,0,True,0.9997914433479309,0.00020859947835560888
/content/Dataset/Test/Fake/fake_1865.jpg,0,0,True,0.990939736366272,0.009060272015631199
/content/Dataset/Test/Fake/fake_1866.jpg,0,0,True,0.9999474287033081,5.258463352220133e-05
/content/Dataset/Test/Fake/fake_1867.jpg,0,0,True,0.9430834054946899,0.05691662058234215
/content/Dataset/Test/Fake/fake_1868.jpg,0,0,True,0.9999767541885376,2.3289421733352356e-05
/content/Dataset/Test/Fake/fake_1869.jpg,0,0,True,0.9999744892120361,2.551032775954809e-05
/content/Dataset/Test/Fake/fake_187.jpg,0,0,True,0.9999669790267944,3.3020849514286965e-05
/content/Dataset/Test/Fake/fake_1870.jpg,0,0,True,0.9999679327011108,3.208090129191987e-05
/content/Dataset/Test/Fake/fake_1871.jpg,0,0,True,0.9999719858169556,2.7969726943410933e-05
/content/Dataset/Test/Fake/fake_1872.jpg,0,0,True,0.9992759823799133,0.0007239821134135127
/content/Dataset/Test/Fake/fake_1873.jpg,0,0,True,0.9999773502349854,2.262244015582837e-05
/content/Dataset/Test/Fake/fake_1874.jpg,0,0,True,0.9999765157699585,2.3536722437711433e-05
/content/Dataset/Test/Fake/fake_1875.jpg,0,0,True,0.9999758005142212,2.4258171833935194e-05
/content/Dataset/Test/Fake/fake_1876.jpg,0,0,True,0.9999747276306152,2.5299379558418877e-05
/content/Dataset/Test/Fake/fake_1877.jpg,0,0,True,0.9999700784683228,2.9890892619732767e-05
/content/Dataset/Test/Fake/fake_1878.jpg,0,0,True,0.9999762773513794,2.3668577341595665e-05
/content/Dataset/Test/Fake/fake_1879.jpg,0,0,True,0.9997212290763855,0.0002787890553008765
/content/Dataset/Test/Fake/fake_188.jpg,0,0,True,0.999975323677063,2.4653616492287256e-05
/content/Dataset/Test/Fake/fake_1880.jpg,0,0,True,0.9999746084213257,2.5422121325391345e-05
/content/Dataset/Test/Fake/fake_1881.jpg,0,0,True,0.9999743700027466,2.5637073122197762e-05
/content/Dataset/Test/Fake/fake_1882.jpg,0,0,True,0.9999629259109497,3.710388773470186e-05
/content/Dataset/Test/Fake/fake_1883.jpg,0,0,True,0.9999791383743286,2.0909825252601877e-05
/content/Dataset/Test/Fake/fake_1884.jpg,0,0,True,0.9999747276306152,2.5319077394669876e-05
/content/Dataset/Test/Fake/fake_1885.jpg,0,0,True,0.9999762773513794,2.3781005438650027e-05
/content/Dataset/Test/Fake/fake_1886.jpg,0,0,True,0.9999755620956421,2.444038364046719e-05
/content/Dataset/Test/Fake/fake_1887.jpg,0,0,True,0.9999619722366333,3.806108725257218e-05
/content/Dataset/Test/Fake/fake_1888.jpg,0,0,True,0.9990904331207275,0.0009096001158468425
/content/Dataset/Test/Fake/fake_1889.jpg,0,0,True,0.6208090782165527,0.37919098138809204
/content/Dataset/Test/Fake/fake_189.jpg,0,0,True,0.9999707937240601,2.9157921744626947e-05
/content/Dataset/Test/Fake/fake_1890.jpg,0,0,True,0.9999759197235107,2.4087376004899852e-05
/content/Dataset/Test/Fake/fake_1891.jpg,0,0,True,0.9999728202819824,2.721316195675172e-05
/content/Dataset/Test/Fake/fake_1892.jpg,0,0,True,0.9999760389328003,2.394277362327557e-05
/content/Dataset/Test/Fake/fake_1893.jpg,0,0,True,0.9999756813049316,2.4261988073703833e-05
/content/Dataset/Test/Fake/fake_1894.jpg,0,0,True,0.9999756813049316,2.428610787319485e-05
/content/Dataset/Test/Fake/fake_1895.jpg,0,0,True,0.9999651908874512,3.486160494503565e-05
/content/Dataset/Test/Fake/fake_1896.jpg,0,0,True,0.9999706745147705,2.9363020075834356e-05
/content/Dataset/Test/Fake/fake_1897.jpg,0,0,True,0.9999741315841675,2.5889841708703898e-05
/content/Dataset/Test/Fake/fake_1898.jpg,0,0,True,0.9999638795852661,3.6061541322851554e-05
/content/Dataset/Test/Fake/fake_1899.jpg,0,0,True,0.9999734163284302,2.656803553691134e-05
/content/Dataset/Test/Fake/fake_19.jpg,0,0,True,0.9999755620956421,2.4414386643911712e-05
/content/Dataset/Test/Fake/fake_190.jpg,0,0,True,0.9999732971191406,2.6661515221348964e-05
/content/Dataset/Test/Fake/fake_1900.jpg,0,0,True,0.999962568283081,3.7481073377421126e-05
/content/Dataset/Test/Fake/fake_1901.jpg,0,0,True,0.9999730587005615,2.696701449167449e-05
/content/Dataset/Test/Fake/fake_1902.jpg,0,0,True,0.9998003840446472,0.00019964306557085365
/content/Dataset/Test/Fake/fake_1903.jpg,0,0,True,0.9999771118164062,2.2881788027007133e-05
/content/Dataset/Test/Fake/fake_1904.jpg,0,0,True,0.9999744892120361,2.547539224906359e-05
/content/Dataset/Test/Fake/fake_1905.jpg,0,0,True,0.9999744892120361,2.5540561182424426e-05
/content/Dataset/Test/Fake/fake_1906.jpg,0,0,True,0.997786283493042,0.002213692758232355
/content/Dataset/Test/Fake/fake_1907.jpg,0,0,True,0.9999743700027466,2.564815258665476e-05
/content/Dataset/Test/Fake/fake_1908.jpg,0,0,True,0.9999761581420898,2.3869864890002646e-05
/content/Dataset/Test/Fake/fake_1909.jpg,0,0,True,0.999974250793457,2.5691600967547856e-05
/content/Dataset/Test/Fake/fake_191.jpg,0,0,True,0.9999760389328003,2.399864388280548e-05
/content/Dataset/Test/Fake/fake_1910.jpg,0,0,True,0.9999717473983765,2.8198664949741215e-05
/content/Dataset/Test/Fake/fake_1911.jpg,0,0,True,0.9999709129333496,2.9141914637875743e-05
/content/Dataset/Test/Fake/fake_1912.jpg,0,0,True,0.9999744892120361,2.5513709260849282e-05
/content/Dataset/Test/Fake/fake_1913.jpg,0,0,True,0.9999752044677734,2.484756441845093e-05
/content/Dataset/Test/Fake/fake_1914.jpg,0,0,True,0.999975323677063,2.4667513571330346e-05
/content/Dataset/Test/Fake/fake_1915.jpg,0,0,True,0.9996378421783447,0.00036216963781043887
/content/Dataset/Test/Fake/fake_1916.jpg,0,0,True,0.9999756813049316,2.4319529984495603e-05
/content/Dataset/Test/Fake/fake_1917.jpg,0,0,True,0.9999717473983765,2.82347209576983e-05
/content/Dataset/Test/Fake/fake_1918.jpg,0,0,True,0.9999724626541138,2.7480469725560397e-05
/content/Dataset/Test/Fake/fake_1919.jpg,0,0,True,0.9999690055847168,3.0965067708166316e-05
/content/Dataset/Test/Fake/fake_192.jpg,0,0,True,0.9999538660049438,4.6185366954887286e-05
/content/Dataset/Test/Fake/fake_1920.jpg,0,0,True,0.9999743700027466,2.562634108471684e-05
/content/Dataset/Test/Fake/fake_1921.jpg,0,0,True,0.9999678134918213,3.214815660612658e-05
/content/Dataset/Test/Fake/fake_1922.jpg,0,0,True,0.9999616146087646,3.8406338717322797e-05
/content/Dataset/Test/Fake/fake_1923.jpg,0,0,True,0.9999784231185913,2.16255102714058e-05
/content/Dataset/Test/Fake/fake_1924.jpg,0,0,True,0.9999758005142212,2.415387825749349e-05
/content/Dataset/Test/Fake/fake_1925.jpg,0,0,True,0.9999740123748779,2.6041259843623266e-05
/content/Dataset/Test/Fake/fake_1926.jpg,0,0,True,0.9999746084213257,2.541029425628949e-05
/content/Dataset/Test/Fake/fake_1927.jpg,0,0,True,0.9999549388885498,4.5095057430444285e-05
/content/Dataset/Test/Fake/fake_1928.jpg,0,0,True,0.9999754428863525,2.4518587451893836e-05
/content/Dataset/Test/Fake/fake_1929.jpg,0,0,True,0.9999721050262451,2.7893334845430218e-05
/content/Dataset/Test/Fake/fake_193.jpg,0,0,True,0.9999537467956543,4.622448977897875e-05
/content/Dataset/Test/Fake/fake_1930.jpg,0,0,True,0.9999754428863525,2.4504281100234948e-05
/content/Dataset/Test/Fake/fake_1931.jpg,0,0,True,0.9999765157699585,2.353730633330997e-05
/content/Dataset/Test/Fake/fake_1932.jpg,0,0,True,0.9999643564224243,3.565257793525234e-05
/content/Dataset/Test/Fake/fake_1933.jpg,0,0,True,0.9999767541885376,2.3218612113851123e-05
/content/Dataset/Test/Fake/fake_1934.jpg,0,0,True,0.999976396560669,2.3654250981053337e-05
/content/Dataset/Test/Fake/fake_1935.jpg,0,0,True,0.9999723434448242,2.7674717784975655e-05
/content/Dataset/Test/Fake/fake_1936.jpg,0,0,True,0.9999655485153198,3.44262043654453e-05
/content/Dataset/Test/Fake/fake_1937.jpg,0,0,True,0.9999642372131348,3.571253182599321e-05
/content/Dataset/Test/Fake/fake_1938.jpg,0,0,True,0.9999594688415527,4.053453812957741e-05
/content/Dataset/Test/Fake/fake_1939.jpg,0,0,True,0.9998006224632263,0.00019938053446821868
/content/Dataset/Test/Fake/fake_194.jpg,0,0,True,0.9999754428863525,2.4579341697972268e-05
/content/Dataset/Test/Fake/fake_1940.jpg,0,0,True,0.9999698400497437,3.0142047762637958e-05
/content/Dataset/Test/Fake/fake_1941.jpg,0,0,True,0.9999669790267944,3.3048509067157283e-05
/content/Dataset/Test/Fake/fake_1942.jpg,0,0,True,0.9999772310256958,2.2732843717676587e-05
/content/Dataset/Test/Fake/fake_1943.jpg,0,0,True,0.9999759197235107,2.4058084818534553e-05
/content/Dataset/Test/Fake/fake_1944.jpg,0,0,True,0.9999772310256958,2.2719883418176323e-05
/content/Dataset/Test/Fake/fake_1945.jpg,0,0,True,0.9999765157699585,2.348645284655504e-05
/content/Dataset/Test/Fake/fake_1946.jpg,0,0,True,0.9999732971191406,2.673772360139992e-05
/content/Dataset/Test/Fake/fake_1947.jpg,0,0,True,0.9999716281890869,2.8359179850667715e-05
/content/Dataset/Test/Fake/fake_1948.jpg,0,0,True,0.999975323677063,2.4638338800286874e-05
/content/Dataset/Test/Fake/fake_1949.jpg,0,0,True,0.9999754428863525,2.4560898964409716e-05
/content/Dataset/Test/Fake/fake_195.jpg,0,0,True,0.9954419136047363,0.004558101296424866
/content/Dataset/Test/Fake/fake_1950.jpg,0,0,True,0.999976634979248,2.3321288608713076e-05
/content/Dataset/Test/Fake/fake_1951.jpg,0,0,True,0.9999622106552124,3.782903149840422e-05
/content/Dataset/Test/Fake/fake_1952.jpg,0,0,True,0.9999759197235107,2.4074790417216718e-05
/content/Dataset/Test/Fake/fake_1953.jpg,0,0,True,0.9999772310256958,2.2754489691578783e-05
/content/Dataset/Test/Fake/fake_1954.jpg,0,0,True,0.9999743700027466,2.5679160899017006e-05
/content/Dataset/Test/Fake/fake_1955.jpg,0,0,True,0.9999752044677734,2.4789034796413034e-05
/content/Dataset/Test/Fake/fake_1956.jpg,0,0,True,0.9999619722366333,3.798987017944455e-05
/content/Dataset/Test/Fake/fake_1957.jpg,0,0,True,0.9999673366546631,3.26333538396284e-05
/content/Dataset/Test/Fake/fake_1958.jpg,0,0,True,0.9999608993530273,3.915289926226251e-05
/content/Dataset/Test/Fake/fake_1959.jpg,0,0,True,0.9999765157699585,2.3462007447960787e-05
/content/Dataset/Test/Fake/fake_196.jpg,0,0,True,0.9999794960021973,2.0506438886513934e-05
/content/Dataset/Test/Fake/fake_1960.jpg,0,0,True,0.9999756813049316,2.4331595341209322e-05
/content/Dataset/Test/Fake/fake_1961.jpg,0,1,False,0.3003949820995331,0.6996049880981445
/content/Dataset/Test/Fake/fake_1962.jpg,0,0,True,0.9999740123748779,2.5994786483352073e-05
/content/Dataset/Test/Fake/fake_1963.jpg,0,0,True,0.9999709129333496,2.913785465352703e-05
/content/Dataset/Test/Fake/fake_1964.jpg,0,0,True,0.9999762773513794,2.3688651708653197e-05
/content/Dataset/Test/Fake/fake_1965.jpg,0,0,True,0.9999673366546631,3.2607778848614544e-05
/content/Dataset/Test/Fake/fake_1966.jpg,0,0,True,0.9999710321426392,2.892737575166393e-05
/content/Dataset/Test/Fake/fake_1967.jpg,0,0,True,0.9999678134918213,3.2167044992093e-05
/content/Dataset/Test/Fake/fake_1968.jpg,0,0,True,0.9999644756317139,3.555398143362254e-05
/content/Dataset/Test/Fake/fake_1969.jpg,0,0,True,0.9999656677246094,3.4363165468676016e-05
/content/Dataset/Test/Fake/fake_197.jpg,0,0,True,0.9999113082885742,8.870397869031876e-05
/content/Dataset/Test/Fake/fake_1970.jpg,0,0,True,0.9999659061431885,3.4148961276514456e-05
/content/Dataset/Test/Fake/fake_1971.jpg,0,0,True,0.9977977275848389,0.0022022651974111795
/content/Dataset/Test/Fake/fake_1972.jpg,0,1,False,0.0021950011141598225,0.9978049397468567
/content/Dataset/Test/Fake/fake_1973.jpg,0,0,True,0.9999737739562988,2.6211106160189956e-05
/content/Dataset/Test/Fake/fake_1974.jpg,0,0,True,0.9999681711196899,3.186344838468358e-05
/content/Dataset/Test/Fake/fake_1975.jpg,0,0,True,0.9999767541885376,2.324721572222188e-05
/content/Dataset/Test/Fake/fake_1976.jpg,0,0,True,0.9999772310256958,2.2751561118639074e-05
/content/Dataset/Test/Fake/fake_1977.jpg,0,0,True,0.9999762773513794,2.377649252593983e-05
/content/Dataset/Test/Fake/fake_1978.jpg,0,0,True,0.9999699592590332,3.0013659852556884e-05
/content/Dataset/Test/Fake/fake_1979.jpg,0,0,True,0.9999721050262451,2.785282595141325e-05
/content/Dataset/Test/Fake/fake_198.jpg,0,0,True,0.9999589920043945,4.100392106920481e-05
/content/Dataset/Test/Fake/fake_1980.jpg,0,0,True,0.9999346733093262,6.535629654536024e-05
/content/Dataset/Test/Fake/fake_1981.jpg,0,0,True,0.9999642372131348,3.5755270801018924e-05
/content/Dataset/Test/Fake/fake_1982.jpg,0,0,True,0.9999274015426636,7.254168303916231e-05
/content/Dataset/Test/Fake/fake_1983.jpg,0,0,True,0.9999589920043945,4.105114931007847e-05
/content/Dataset/Test/Fake/fake_1984.jpg,0,0,True,0.9999743700027466,2.565028080425691e-05
/content/Dataset/Test/Fake/fake_1985.jpg,0,0,True,0.9999731779098511,2.683967977645807e-05
/content/Dataset/Test/Fake/fake_1986.jpg,0,0,True,0.9999566078186035,4.338096914580092e-05
/content/Dataset/Test/Fake/fake_1987.jpg,0,0,True,0.9999741315841675,2.5845532945822924e-05
/content/Dataset/Test/Fake/fake_1988.jpg,0,0,True,0.9999749660491943,2.5054625439224765e-05
/content/Dataset/Test/Fake/fake_1989.jpg,0,0,True,0.9999775886535645,2.2367501514963806e-05
/content/Dataset/Test/Fake/fake_199.jpg,0,0,True,0.9999678134918213,3.218576603103429e-05
/content/Dataset/Test/Fake/fake_1990.jpg,0,0,True,0.9999570846557617,4.285628529032692e-05
/content/Dataset/Test/Fake/fake_1991.jpg,0,0,True,0.9999748468399048,2.5100733182625845e-05
/content/Dataset/Test/Fake/fake_1992.jpg,0,0,True,0.9999748468399048,2.5136807380476967e-05
/content/Dataset/Test/Fake/fake_1993.jpg,0,0,True,0.9999711513519287,2.8812159143853933e-05
/content/Dataset/Test/Fake/fake_1994.jpg,0,0,True,0.9999749660491943,2.5078245016629808e-05
/content/Dataset/Test/Fake/fake_1995.jpg,0,0,True,0.9999754428863525,2.4515313270967454e-05
/content/Dataset/Test/Fake/fake_1996.jpg,0,0,True,0.999977707862854,2.230591962870676e-05
/content/Dataset/Test/Fake/fake_1997.jpg,0,0,True,0.9999762773513794,2.3755412257742137e-05
/content/Dataset/Test/Fake/fake_1998.jpg,0,0,True,0.9999732971191406,2.6753665224532597e-05
/content/Dataset/Test/Fake/fake_1999.jpg,0,0,True,0.9999754428863525,2.454689638398122e-05
/content/Dataset/Test/Fake/fake_2.jpg,0,0,True,0.9999021291732788,9.78960597421974e-05
/content/Dataset/Test/Fake/fake_20.jpg,0,0,True,0.9999788999557495,2.1047670088591985e-05
/content/Dataset/Test/Fake/fake_200.jpg,0,0,True,0.9999758005142212,2.422116267553065e-05
/content/Dataset/Test/Fake/fake_2000.jpg,0,0,True,0.9999779462814331,2.2079088012105785e-05
/content/Dataset/Test/Fake/fake_2001.jpg,0,0,True,0.9999752044677734,2.4788349037407897e-05
/content/Dataset/Test/Fake/fake_2002.jpg,0,0,True,0.9999643564224243,3.570082481019199e-05
/content/Dataset/Test/Fake/fake_2003.jpg,0,0,True,0.9999713897705078,2.861012217181269e-05
/content/Dataset/Test/Fake/fake_2004.jpg,0,0,True,0.9999743700027466,2.559185668360442e-05
/content/Dataset/Test/Fake/fake_2005.jpg,0,0,True,0.9999784231185913,2.1582780391327105e-05
/content/Dataset/Test/Fake/fake_2006.jpg,0,0,True,0.9999727010726929,2.7300942747388035e-05
/content/Dataset/Test/Fake/fake_2007.jpg,0,0,True,0.9999734163284302,2.662713814061135e-05
/content/Dataset/Test/Fake/fake_2008.jpg,0,0,True,0.9999780654907227,2.192574720538687e-05
/content/Dataset/Test/Fake/fake_2009.jpg,0,0,True,0.9999778270721436,2.219464658992365e-05
/content/Dataset/Test/Fake/fake_201.jpg,0,0,True,0.9999721050262451,2.7930869691772386e-05
/content/Dataset/Test/Fake/fake_2010.jpg,0,0,True,0.9999732971191406,2.666062573553063e-05
/content/Dataset/Test/Fake/fake_2011.jpg,0,0,True,0.9999740123748779,2.595797377580311e-05
/content/Dataset/Test/Fake/fake_2012.jpg,0,0,True,0.9999721050262451,2.7877273168996908e-05
/content/Dataset/Test/Fake/fake_2013.jpg,0,0,True,0.9999786615371704,2.128334017470479e-05
/content/Dataset/Test/Fake/fake_2014.jpg,0,0,True,0.9999780654907227,2.1962914615869522e-05
/content/Dataset/Test/Fake/fake_2015.jpg,0,0,True,0.9999756813049316,2.429310370644089e-05
/content/Dataset/Test/Fake/fake_2016.jpg,0,0,True,0.9999747276306152,2.528341610741336e-05
/content/Dataset/Test/Fake/fake_2017.jpg,0,0,True,0.9999754428863525,2.4527242203475907e-05
/content/Dataset/Test/Fake/fake_2018.jpg,0,0,True,0.9999769926071167,2.3036369384499267e-05
/content/Dataset/Test/Fake/fake_2019.jpg,0,0,True,0.9999651908874512,3.4858348954003304e-05
/content/Dataset/Test/Fake/fake_202.jpg,0,0,True,0.9999697208404541,3.0255630917963572e-05
/content/Dataset/Test/Fake/fake_2020.jpg,0,0,True,0.9999748468399048,2.517005668778438e-05
/content/Dataset/Test/Fake/fake_2021.jpg,0,0,True,0.9999539852142334,4.6048593503655866e-05
/content/Dataset/Test/Fake/fake_2022.jpg,0,0,True,0.9999731779098511,2.680325815163087e-05
/content/Dataset/Test/Fake/fake_2023.jpg,0,0,True,0.9999704360961914,2.9582444767584093e-05
/content/Dataset/Test/Fake/fake_2024.jpg,0,0,True,0.9999721050262451,2.794568172248546e-05
/content/Dataset/Test/Fake/fake_2025.jpg,0,0,True,0.9999779462814331,2.206799399573356e-05
/content/Dataset/Test/Fake/fake_2026.jpg,0,0,True,0.9999746084213257,2.534927443775814e-05
/content/Dataset/Test/Fake/fake_2027.jpg,0,0,True,0.9999744892120361,2.5462979465373792e-05
/content/Dataset/Test/Fake/fake_2028.jpg,0,0,True,0.9999730587005615,2.6928541046800092e-05
/content/Dataset/Test/Fake/fake_2029.jpg,0,0,True,0.999976396560669,2.3633303499082103e-05
/content/Dataset/Test/Fake/fake_203.jpg,0,0,True,0.9999774694442749,2.2581272787647322e-05
/content/Dataset/Test/Fake/fake_2030.jpg,0,0,True,0.9999747276306152,2.5280909540015273e-05
/content/Dataset/Test/Fake/fake_2031.jpg,0,0,True,0.9999707937240601,2.9182847356423736e-05
/content/Dataset/Test/Fake/fake_2032.jpg,0,0,True,0.999976396560669,2.3566144591313787e-05
/content/Dataset/Test/Fake/fake_2033.jpg,0,0,True,0.9999750852584839,2.4898372430470772e-05
/content/Dataset/Test/Fake/fake_2034.jpg,0,0,True,0.9999769926071167,2.3029208023217507e-05
/content/Dataset/Test/Fake/fake_2035.jpg,0,0,True,0.9999731779098511,2.68625226453878e-05
/content/Dataset/Test/Fake/fake_2036.jpg,0,0,True,0.999972939491272,2.7036485334974714e-05
/content/Dataset/Test/Fake/fake_2037.jpg,0,0,True,0.9999773502349854,2.2699006876791827e-05
/content/Dataset/Test/Fake/fake_2038.jpg,0,0,True,0.9367676377296448,0.06323232501745224
/content/Dataset/Test/Fake/fake_2039.jpg,0,0,True,0.8820748925209045,0.11792509257793427
/content/Dataset/Test/Fake/fake_204.jpg,0,0,True,0.9999760389328003,2.3920270905364305e-05
/content/Dataset/Test/Fake/fake_2040.jpg,0,0,True,0.999977707862854,2.231077269243542e-05
/content/Dataset/Test/Fake/fake_2041.jpg,0,0,True,0.9999713897705078,2.8611293600988574e-05
/content/Dataset/Test/Fake/fake_2042.jpg,0,0,True,0.9999738931655884,2.6133335268241353e-05
/content/Dataset/Test/Fake/fake_2043.jpg,0,0,True,0.9999746084213257,2.536061583668925e-05
/content/Dataset/Test/Fake/fake_2044.jpg,0,0,True,0.9999749660491943,2.498042340448592e-05
/content/Dataset/Test/Fake/fake_2045.jpg,0,0,True,0.9999749660491943,2.507389035599772e-05
/content/Dataset/Test/Fake/fake_2046.jpg,0,0,True,0.9999772310256958,2.2801803424954414e-05
/content/Dataset/Test/Fake/fake_2047.jpg,0,0,True,0.9999743700027466,2.5604429538361728e-05
/content/Dataset/Test/Fake/fake_2048.jpg,0,0,True,0.9999743700027466,2.5578412532922812e-05
/content/Dataset/Test/Fake/fake_2049.jpg,0,0,True,0.999976396560669,2.359605423407629e-05
/content/Dataset/Test/Fake/fake_205.jpg,0,0,True,0.9999755620956421,2.447077349643223e-05
/content/Dataset/Test/Fake/fake_2050.jpg,0,0,True,0.9999523162841797,4.766873098560609e-05
/content/Dataset/Test/Fake/fake_2051.jpg,0,0,True,0.9999552965164185,4.4677195546682924e-05
/content/Dataset/Test/Fake/fake_2052.jpg,0,0,True,0.9956658482551575,0.004334170371294022
/content/Dataset/Test/Fake/fake_2053.jpg,0,0,True,0.9999736547470093,2.637079160194844e-05
/content/Dataset/Test/Fake/fake_2054.jpg,0,0,True,0.9999629259109497,3.7031350075267255e-05
/content/Dataset/Test/Fake/fake_2055.jpg,0,0,True,0.9999648332595825,3.51242306351196e-05
/content/Dataset/Test/Fake/fake_2056.jpg,0,0,True,0.9999760389328003,2.399324148427695e-05
/content/Dataset/Test/Fake/fake_2057.jpg,0,0,True,0.9999767541885376,2.3294973289011978e-05
/content/Dataset/Test/Fake/fake_2058.jpg,0,0,True,0.9999719858169556,2.797140768961981e-05
/content/Dataset/Test/Fake/fake_2059.jpg,0,0,True,0.9999768733978271,2.3134401999413967e-05
/content/Dataset/Test/Fake/fake_206.jpg,0,0,True,0.9999769926071167,2.2989050194155425e-05
/content/Dataset/Test/Fake/fake_2060.jpg,0,0,True,0.999974250793457,2.5754794478416443e-05
/content/Dataset/Test/Fake/fake_2061.jpg,0,0,True,0.9999722242355347,2.777683039312251e-05
/content/Dataset/Test/Fake/fake_2062.jpg,0,0,True,0.9991174340248108,0.0008825222030282021
/content/Dataset/Test/Fake/fake_2063.jpg,0,0,True,0.9999309778213501,6.901868619024754e-05
/content/Dataset/Test/Fake/fake_2064.jpg,0,0,True,0.9999781847000122,2.182211392209865e-05
/content/Dataset/Test/Fake/fake_2065.jpg,0,0,True,0.9999610185623169,3.8920974475331604e-05
/content/Dataset/Test/Fake/fake_2066.jpg,0,0,True,0.9999765157699585,2.3535332729807124e-05
/content/Dataset/Test/Fake/fake_2067.jpg,0,0,True,0.9999678134918213,3.215143806301057e-05
/content/Dataset/Test/Fake/fake_2068.jpg,0,0,True,0.9999759197235107,2.4125769414240494e-05
/content/Dataset/Test/Fake/fake_2069.jpg,0,0,True,0.9998243451118469,0.000175728157046251
/content/Dataset/Test/Fake/fake_207.jpg,0,0,True,0.999958872795105,4.1164988942909986e-05
/content/Dataset/Test/Fake/fake_2070.jpg,0,0,True,0.999966025352478,3.400733112357557e-05
/content/Dataset/Test/Fake/fake_2071.jpg,0,0,True,0.9999703168869019,2.9623972295667045e-05
/content/Dataset/Test/Fake/fake_2072.jpg,0,0,True,0.9999696016311646,3.042936441488564e-05
/content/Dataset/Test/Fake/fake_2073.jpg,0,0,True,0.9999737739562988,2.6184521630057134e-05
/content/Dataset/Test/Fake/fake_2074.jpg,0,0,True,0.9999784231185913,2.1625139197567478e-05
/content/Dataset/Test/Fake/fake_2075.jpg,0,0,True,0.9999769926071167,2.302360735484399e-05
/content/Dataset/Test/Fake/fake_2076.jpg,0,0,True,0.9999769926071167,2.3022004825179465e-05
/content/Dataset/Test/Fake/fake_2077.jpg,0,0,True,0.9999319314956665,6.800453411415219e-05
/content/Dataset/Test/Fake/fake_2078.jpg,0,0,True,0.9999396800994873,6.0340287745930254e-05
/content/Dataset/Test/Fake/fake_2079.jpg,0,0,True,0.9999790191650391,2.093121293000877e-05
/content/Dataset/Test/Fake/fake_208.jpg,0,0,True,0.9999727010726929,2.732362918322906e-05
/content/Dataset/Test/Fake/fake_2080.jpg,0,0,True,0.9999732971191406,2.669743844307959e-05
/content/Dataset/Test/Fake/fake_2081.jpg,0,0,True,0.9999704360961914,2.9614851882797666e-05
/content/Dataset/Test/Fake/fake_2082.jpg,0,0,True,0.9999749660491943,2.4979493900900707e-05
/content/Dataset/Test/Fake/fake_2083.jpg,0,0,True,0.9999754428863525,2.453585148032289e-05
/content/Dataset/Test/Fake/fake_2084.jpg,0,0,True,0.999976634979248,2.3411717847920954e-05
/content/Dataset/Test/Fake/fake_2085.jpg,0,0,True,0.9999688863754272,3.109654790023342e-05
/content/Dataset/Test/Fake/fake_2086.jpg,0,0,True,0.9999617338180542,3.829771594610065e-05
/content/Dataset/Test/Fake/fake_2087.jpg,0,0,True,0.9999772310256958,2.2781632651458494e-05
/content/Dataset/Test/Fake/fake_2088.jpg,0,0,True,0.9999728202819824,2.712630885071121e-05
/content/Dataset/Test/Fake/fake_2089.jpg,0,0,True,0.9999693632125854,3.064448537770659e-05
/content/Dataset/Test/Fake/fake_209.jpg,0,0,True,0.9999510049819946,4.8961981519823894e-05
/content/Dataset/Test/Fake/fake_2090.jpg,0,0,True,0.9999403953552246,5.955765664111823e-05
/content/Dataset/Test/Fake/fake_2091.jpg,0,0,True,0.9999754428863525,2.456385118421167e-05
/content/Dataset/Test/Fake/fake_2092.jpg,0,0,True,0.9999711513519287,2.8865704734926112e-05
/content/Dataset/Test/Fake/fake_2093.jpg,0,0,True,0.9999749660491943,2.5086425011977553e-05
/content/Dataset/Test/Fake/fake_2094.jpg,0,0,True,0.999971866607666,2.8093016226193868e-05
/content/Dataset/Test/Fake/fake_2095.jpg,0,0,True,0.9999752044677734,2.478915121173486e-05
/content/Dataset/Test/Fake/fake_2096.jpg,0,0,True,0.9999761581420898,2.3874783437349834e-05
/content/Dataset/Test/Fake/fake_2097.jpg,0,0,True,0.9999743700027466,2.5581291993148625e-05
/content/Dataset/Test/Fake/fake_2098.jpg,0,0,True,0.999976634979248,2.339743332413491e-05
/content/Dataset/Test/Fake/fake_2099.jpg,0,0,True,0.9999779462814331,2.207226680184249e-05
/content/Dataset/Test/Fake/fake_21.jpg,0,0,True,0.9999756813049316,2.4283002858282998e-05
/content/Dataset/Test/Fake/fake_210.jpg,0,0,True,0.9998728036880493,0.00012720668746624142
/content/Dataset/Test/Fake/fake_2100.jpg,0,0,True,0.9998517036437988,0.00014830469444859773
/content/Dataset/Test/Fake/fake_2101.jpg,0,0,True,0.9991719722747803,0.000828029471449554
/content/Dataset/Test/Fake/fake_2102.jpg,0,0,True,0.9999788999557495,2.106682768499013e-05
/content/Dataset/Test/Fake/fake_2103.jpg,0,0,True,0.9999734163284302,2.6634477762854658e-05
/content/Dataset/Test/Fake/fake_2104.jpg,0,0,True,0.9999736547470093,2.6388077458250336e-05
/content/Dataset/Test/Fake/fake_2105.jpg,0,0,True,0.999954342842102,4.564060873235576e-05
/content/Dataset/Test/Fake/fake_2106.jpg,0,0,True,0.9999774694442749,2.2539188648806885e-05
/content/Dataset/Test/Fake/fake_2107.jpg,0,0,True,0.9999755620956421,2.4408751414739527e-05
/content/Dataset/Test/Fake/fake_2108.jpg,0,0,True,0.9999755620956421,2.4415572625002824e-05
/content/Dataset/Test/Fake/fake_2109.jpg,0,0,True,0.9999765157699585,2.3426367988577113e-05
/content/Dataset/Test/Fake/fake_211.jpg,0,0,True,0.999977707862854,2.223943556600716e-05
/content/Dataset/Test/Fake/fake_2110.jpg,0,0,True,0.9999762773513794,2.3761802367516793e-05
/content/Dataset/Test/Fake/fake_2111.jpg,0,0,True,0.9999759197235107,2.4038590709096752e-05
/content/Dataset/Test/Fake/fake_2112.jpg,0,0,True,0.9999760389328003,2.3948756279423833e-05
/content/Dataset/Test/Fake/fake_2113.jpg,0,0,True,0.9999740123748779,2.5950053895940073e-05
/content/Dataset/Test/Fake/fake_2114.jpg,0,0,True,0.9999667406082153,3.328338425490074e-05
/content/Dataset/Test/Fake/fake_2115.jpg,0,0,True,0.9988338351249695,0.0011661623138934374
/content/Dataset/Test/Fake/fake_2116.jpg,0,0,True,0.9983423948287964,0.0016575355548411608
/content/Dataset/Test/Fake/fake_2117.jpg,0,0,True,0.999975323677063,2.4635543013573624e-05
/content/Dataset/Test/Fake/fake_2118.jpg,0,0,True,0.9999613761901855,3.8680613215547055e-05
/content/Dataset/Test/Fake/fake_2119.jpg,0,0,True,0.9975157976150513,0.0024842729326337576
/content/Dataset/Test/Fake/fake_212.jpg,0,0,True,0.9999575614929199,4.2464114812901244e-05
/content/Dataset/Test/Fake/fake_2120.jpg,0,0,True,0.9999227523803711,7.720954454271123e-05
/content/Dataset/Test/Fake/fake_2121.jpg,0,0,True,0.9999557733535767,4.426236773724668e-05
/content/Dataset/Test/Fake/fake_2122.jpg,0,0,True,0.9999730587005615,2.6904899641522206e-05
/content/Dataset/Test/Fake/fake_2123.jpg,0,0,True,0.9999736547470093,2.632965515658725e-05
/content/Dataset/Test/Fake/fake_2124.jpg,0,0,True,0.9999734163284302,2.6544506908976473e-05
/content/Dataset/Test/Fake/fake_2125.jpg,0,0,True,0.9999744892120361,2.5542145522194915e-05
/content/Dataset/Test/Fake/fake_2126.jpg,0,0,True,0.9999681711196899,3.181468491675332e-05
/content/Dataset/Test/Fake/fake_2127.jpg,0,0,True,0.9999747276306152,2.523966395528987e-05
/content/Dataset/Test/Fake/fake_2128.jpg,0,0,True,0.999975323677063,2.473172571626492e-05
/content/Dataset/Test/Fake/fake_2129.jpg,0,0,True,0.9999686479568481,3.131545599899255e-05
/content/Dataset/Test/Fake/fake_213.jpg,0,0,True,0.9999550580978394,4.489852290134877e-05
/content/Dataset/Test/Fake/fake_2130.jpg,0,0,True,0.9999648332595825,3.512965849949978e-05
/content/Dataset/Test/Fake/fake_2131.jpg,0,0,True,0.9999725818634033,2.746307654888369e-05
/content/Dataset/Test/Fake/fake_2132.jpg,0,0,True,0.9999779462814331,2.20825841097394e-05
/content/Dataset/Test/Fake/fake_2133.jpg,0,0,True,0.9999696016311646,3.039528564841021e-05
/content/Dataset/Test/Fake/fake_2134.jpg,0,0,True,0.9999749660491943,2.501456401660107e-05
/content/Dataset/Test/Fake/fake_2135.jpg,0,0,True,0.9999762773513794,2.3675416741752997e-05
/content/Dataset/Test/Fake/fake_2136.jpg,0,0,True,0.999962329864502,3.7653211620636284e-05
/content/Dataset/Test/Fake/fake_2137.jpg,0,0,True,0.9999743700027466,2.5618279323680326e-05
/content/Dataset/Test/Fake/fake_2138.jpg,0,0,True,0.9999731779098511,2.6873847673414275e-05
/content/Dataset/Test/Fake/fake_2139.jpg,0,0,True,0.9999773502349854,2.267252784804441e-05
/content/Dataset/Test/Fake/fake_214.jpg,0,0,True,0.9999500513076782,4.990267552784644e-05
/content/Dataset/Test/Fake/fake_2140.jpg,0,0,True,0.9999754428863525,2.450816100463271e-05
/content/Dataset/Test/Fake/fake_2141.jpg,0,0,True,0.9999778270721436,2.2115709725767374e-05
/content/Dataset/Test/Fake/fake_2142.jpg,0,0,True,0.9919338226318359,0.008066103793680668
/content/Dataset/Test/Fake/fake_2143.jpg,0,0,True,0.9999420642852783,5.799142309115268e-05
/content/Dataset/Test/Fake/fake_2144.jpg,0,0,True,0.9999663829803467,3.3582567994017154e-05
/content/Dataset/Test/Fake/fake_2145.jpg,0,0,True,0.999947190284729,5.2760238759219646e-05
/content/Dataset/Test/Fake/fake_2146.jpg,0,0,True,0.9999675750732422,3.246199412387796e-05
/content/Dataset/Test/Fake/fake_2147.jpg,0,0,True,0.999962329864502,3.766344525502063e-05
/content/Dataset/Test/Fake/fake_2148.jpg,0,0,True,0.999921441078186,7.850043766666204e-05
/content/Dataset/Test/Fake/fake_2149.jpg,0,0,True,0.9999582767486572,4.1745206544874236e-05
/content/Dataset/Test/Fake/fake_215.jpg,0,0,True,0.9999301433563232,6.987569940974936e-05
/content/Dataset/Test/Fake/fake_2150.jpg,0,0,True,0.9999784231185913,2.1589532479993068e-05
/content/Dataset/Test/Fake/fake_2151.jpg,0,0,True,0.9999779462814331,2.207131910836324e-05
/content/Dataset/Test/Fake/fake_2152.jpg,0,0,True,0.999976396560669,2.356693039473612e-05
/content/Dataset/Test/Fake/fake_2153.jpg,0,0,True,0.9999755620956421,2.4384855350945145e-05
/content/Dataset/Test/Fake/fake_2154.jpg,0,0,True,0.9999618530273438,3.817679680651054e-05
/content/Dataset/Test/Fake/fake_2155.jpg,0,0,True,0.9999759197235107,2.4100565497064963e-05
/content/Dataset/Test/Fake/fake_2156.jpg,0,0,True,0.9999587535858154,4.1234528907807544e-05
/content/Dataset/Test/Fake/fake_2157.jpg,0,0,True,0.9999761581420898,2.3839835193939507e-05
/content/Dataset/Test/Fake/fake_2158.jpg,0,0,True,0.9999774694442749,2.253297861898318e-05
/content/Dataset/Test/Fake/fake_2159.jpg,0,0,True,0.999976634979248,2.335837416467257e-05
/content/Dataset/Test/Fake/fake_216.jpg,0,0,True,0.9999719858169556,2.802825838443823e-05
/content/Dataset/Test/Fake/fake_2160.jpg,0,0,True,0.999977707862854,2.2338490452966653e-05
/content/Dataset/Test/Fake/fake_2161.jpg,0,0,True,0.9999740123748779,2.59760763583472e-05
/content/Dataset/Test/Fake/fake_2162.jpg,0,0,True,0.9999638795852661,3.612607906688936e-05
/content/Dataset/Test/Fake/fake_2163.jpg,0,0,True,0.9998928308486938,0.00010712122457334772
/content/Dataset/Test/Fake/fake_2164.jpg,0,0,True,0.9999454021453857,5.461937325890176e-05
/content/Dataset/Test/Fake/fake_2165.jpg,0,0,True,0.9999676942825317,3.2263880711980164e-05
/content/Dataset/Test/Fake/fake_2166.jpg,0,0,True,0.9999716281890869,2.8343794838292524e-05
/content/Dataset/Test/Fake/fake_2167.jpg,0,0,True,0.9999661445617676,3.387824472156353e-05
/content/Dataset/Test/Fake/fake_2168.jpg,0,0,True,0.999971866607666,2.8121268769609742e-05
/content/Dataset/Test/Fake/fake_2169.jpg,0,0,True,0.9999667406082153,3.325669968035072e-05
/content/Dataset/Test/Fake/fake_217.jpg,0,0,True,0.9999740123748779,2.5948864276870154e-05
/content/Dataset/Test/Fake/fake_2170.jpg,0,0,True,0.9999750852584839,2.491794657544233e-05
/content/Dataset/Test/Fake/fake_2171.jpg,0,0,True,0.9993533492088318,0.0006466289632953703
/content/Dataset/Test/Fake/fake_2172.jpg,0,0,True,0.9999750852584839,2.495804255886469e-05
/content/Dataset/Test/Fake/fake_2173.jpg,0,0,True,0.9999716281890869,2.833106555044651e-05
/content/Dataset/Test/Fake/fake_2174.jpg,0,0,True,0.9999722242355347,2.773839332803618e-05
/content/Dataset/Test/Fake/fake_2175.jpg,0,0,True,0.9999704360961914,2.9575221560662612e-05
/content/Dataset/Test/Fake/fake_2176.jpg,0,0,True,0.9999725818634033,2.7394517019274645e-05
/content/Dataset/Test/Fake/fake_2177.jpg,0,0,True,0.9999790191650391,2.1034426026744768e-05
/content/Dataset/Test/Fake/fake_2178.jpg,0,0,True,0.9999774694442749,2.2556929252459668e-05
/content/Dataset/Test/Fake/fake_2179.jpg,0,0,True,0.9999573230743408,4.261786671122536e-05
/content/Dataset/Test/Fake/fake_218.jpg,0,0,True,0.999976396560669,2.3595559468958527e-05
/content/Dataset/Test/Fake/fake_2180.jpg,0,0,True,0.9999746084213257,2.5378301870659925e-05
/content/Dataset/Test/Fake/fake_2181.jpg,0,0,True,0.9999704360961914,2.9541482945205644e-05
/content/Dataset/Test/Fake/fake_2182.jpg,0,0,True,0.9999573230743408,4.263095615897328e-05
/content/Dataset/Test/Fake/fake_2183.jpg,0,0,True,0.9999785423278809,2.139788011845667e-05
/content/Dataset/Test/Fake/fake_2184.jpg,0,0,True,0.9999772310256958,2.2778807760914788e-05
/content/Dataset/Test/Fake/fake_2185.jpg,0,0,True,0.9999538660049438,4.609599636751227e-05
/content/Dataset/Test/Fake/fake_2186.jpg,0,0,True,0.9999731779098511,2.684567152755335e-05
/content/Dataset/Test/Fake/fake_2187.jpg,0,0,True,0.9999701976776123,2.985727769555524e-05
/content/Dataset/Test/Fake/fake_2188.jpg,0,0,True,0.9999765157699585,2.3527116354671307e-05
/content/Dataset/Test/Fake/fake_2189.jpg,0,0,True,0.9999750852584839,2.4871673304005526e-05
/content/Dataset/Test/Fake/fake_219.jpg,0,0,True,0.9999624490737915,3.755137004191056e-05
/content/Dataset/Test/Fake/fake_2190.jpg,0,0,True,0.9999754428863525,2.45092833210947e-05
/content/Dataset/Test/Fake/fake_2191.jpg,0,0,True,0.9884129166603088,0.011587134562432766
/content/Dataset/Test/Fake/fake_2192.jpg,0,0,True,0.9999752044677734,2.4774215489742346e-05
/content/Dataset/Test/Fake/fake_2193.jpg,0,0,True,0.9999786615371704,2.1311045202310197e-05
/content/Dataset/Test/Fake/fake_2194.jpg,0,0,True,0.9999529123306274,4.708600681624375e-05
/content/Dataset/Test/Fake/fake_2195.jpg,0,0,True,0.9999454021453857,5.4638232541037723e-05
/content/Dataset/Test/Fake/fake_2196.jpg,0,0,True,0.9999773502349854,2.2619784431299195e-05
/content/Dataset/Test/Fake/fake_2197.jpg,0,0,True,0.9999771118164062,2.29355318879243e-05
/content/Dataset/Test/Fake/fake_2198.jpg,0,0,True,0.9999761581420898,2.3864242393756285e-05
/content/Dataset/Test/Fake/fake_2199.jpg,0,0,True,0.9999740123748779,2.5939809347619303e-05
/content/Dataset/Test/Fake/fake_22.jpg,0,0,True,0.9999771118164062,2.2934395019547082e-05
/content/Dataset/Test/Fake/fake_220.jpg,0,0,True,0.9999562501907349,4.372678085928783e-05
/content/Dataset/Test/Fake/fake_2200.jpg,0,0,True,0.99996018409729,3.983754140790552e-05
/content/Dataset/Test/Fake/fake_2201.jpg,0,0,True,0.9999724626541138,2.7497746486915275e-05
/content/Dataset/Test/Fake/fake_2202.jpg,0,0,True,0.9999672174453735,3.2796586310723796e-05
/content/Dataset/Test/Fake/fake_2203.jpg,0,0,True,0.9999752044677734,2.479173053870909e-05
/content/Dataset/Test/Fake/fake_2204.jpg,0,0,True,0.9999762773513794,2.37250751524698e-05
/content/Dataset/Test/Fake/fake_2205.jpg,0,0,True,0.9999731779098511,2.681724254216533e-05
/content/Dataset/Test/Fake/fake_2206.jpg,0,0,True,0.999976396560669,2.356623372179456e-05
/content/Dataset/Test/Fake/fake_2207.jpg,0,0,True,0.9999748468399048,2.510978447389789e-05
/content/Dataset/Test/Fake/fake_2208.jpg,0,0,True,0.9999724626541138,2.7594838684308343e-05
/content/Dataset/Test/Fake/fake_2209.jpg,0,0,True,0.9999767541885376,2.3202341253636405e-05
/content/Dataset/Test/Fake/fake_221.jpg,0,0,True,0.9999721050262451,2.783668060146738e-05
/content/Dataset/Test/Fake/fake_2210.jpg,0,0,True,0.9999563694000244,4.363081097835675e-05
/content/Dataset/Test/Fake/fake_2211.jpg,0,0,True,0.9999774694442749,2.253706225019414e-05
/content/Dataset/Test/Fake/fake_2212.jpg,0,0,True,0.9999788999557495,2.1059457139926963e-05
/content/Dataset/Test/Fake/fake_2213.jpg,0,0,True,0.9999730587005615,2.6902051104116254e-05
/content/Dataset/Test/Fake/fake_2214.jpg,0,0,True,0.9999551773071289,4.4785032514482737e-05
/content/Dataset/Test/Fake/fake_2215.jpg,0,0,True,0.999971866607666,2.8147698685643263e-05
/content/Dataset/Test/Fake/fake_2216.jpg,0,0,True,0.9999775886535645,2.2423289919970557e-05
/content/Dataset/Test/Fake/fake_2217.jpg,0,0,True,0.999976396560669,2.3636797777726315e-05
/content/Dataset/Test/Fake/fake_2218.jpg,0,0,True,0.9999451637268066,5.4796546464785933e-05
/content/Dataset/Test/Fake/fake_2219.jpg,0,0,True,0.999968409538269,3.156298407702707e-05
/content/Dataset/Test/Fake/fake_222.jpg,0,0,True,0.9999740123748779,2.603036045911722e-05
/content/Dataset/Test/Fake/fake_2220.jpg,0,0,True,0.9999750852584839,2.490293263690546e-05
/content/Dataset/Test/Fake/fake_2221.jpg,0,0,True,0.9999781847000122,2.1796886358060874e-05
/content/Dataset/Test/Fake/fake_2222.jpg,0,0,True,0.9999785423278809,2.148314524674788e-05
/content/Dataset/Test/Fake/fake_2223.jpg,0,0,True,0.9976584911346436,0.0023414408788084984
/content/Dataset/Test/Fake/fake_2224.jpg,0,0,True,0.9999696016311646,3.0456945751211606e-05
/content/Dataset/Test/Fake/fake_2225.jpg,0,0,True,0.9999746084213257,2.5353287128382362e-05
/content/Dataset/Test/Fake/fake_2226.jpg,0,0,True,0.9999747276306152,2.5319415726698935e-05
/content/Dataset/Test/Fake/fake_2227.jpg,0,0,True,0.9999717473983765,2.8282909624977037e-05
/content/Dataset/Test/Fake/fake_2228.jpg,0,0,True,0.9999752044677734,2.4843442588462494e-05
/content/Dataset/Test/Fake/fake_2229.jpg,0,0,True,0.9999779462814331,2.207087709393818e-05
/content/Dataset/Test/Fake/fake_223.jpg,0,0,True,0.9999730587005615,2.6896972485701554e-05
/content/Dataset/Test/Fake/fake_2230.jpg,0,0,True,0.9999772310256958,2.275442602694966e-05
/content/Dataset/Test/Fake/fake_2231.jpg,0,0,True,0.9999765157699585,2.346735527680721e-05
/content/Dataset/Test/Fake/fake_2232.jpg,0,0,True,0.9999756813049316,2.4263190425699577e-05
/content/Dataset/Test/Fake/fake_2233.jpg,0,0,True,0.9999736547470093,2.631298775668256e-05
/content/Dataset/Test/Fake/fake_2234.jpg,0,0,True,0.9998563528060913,0.0001436306774849072
/content/Dataset/Test/Fake/fake_2235.jpg,0,0,True,0.9999688863754272,3.107410520897247e-05
/content/Dataset/Test/Fake/fake_2236.jpg,0,0,True,0.9999759197235107,2.408691761957016e-05
/content/Dataset/Test/Fake/fake_2237.jpg,0,0,True,0.9999785423278809,2.149494866898749e-05
/content/Dataset/Test/Fake/fake_2238.jpg,0,0,True,0.9999743700027466,2.5617448045522906e-05
/content/Dataset/Test/Fake/fake_2239.jpg,0,0,True,0.9999746084213257,2.545052848290652e-05
/content/Dataset/Test/Fake/fake_224.jpg,0,0,True,0.9999696016311646,3.042489697691053e-05
/content/Dataset/Test/Fake/fake_2240.jpg,0,0,True,0.9999762773513794,2.373188362980727e-05
/content/Dataset/Test/Fake/fake_2241.jpg,0,0,True,0.9999749660491943,2.5007719159475528e-05
/content/Dataset/Test/Fake/fake_2242.jpg,0,0,True,0.9999738931655884,2.611888339743018e-05
/content/Dataset/Test/Fake/fake_2243.jpg,0,0,True,0.9999774694442749,2.2532591174240224e-05
/content/Dataset/Test/Fake/fake_2244.jpg,0,0,True,0.9999779462814331,2.206435237894766e-05
/content/Dataset/Test/Fake/fake_2245.jpg,0,0,True,0.9999707937240601,2.9165432351874188e-05
/content/Dataset/Test/Fake/fake_2246.jpg,0,0,True,0.9999750852584839,2.4933395252446644e-05
/content/Dataset/Test/Fake/fake_2247.jpg,0,0,True,0.9999727010726929,2.7326053896103986e-05
/content/Dataset/Test/Fake/fake_2248.jpg,0,0,True,0.9999747276306152,2.5235620341845788e-05
/content/Dataset/Test/Fake/fake_2249.jpg,0,0,True,0.9999707937240601,2.915508594014682e-05
/content/Dataset/Test/Fake/fake_225.jpg,0,0,True,0.9985697269439697,0.0014302710769698024
/content/Dataset/Test/Fake/fake_2250.jpg,0,1,False,0.22946825623512268,0.7705317139625549
/content/Dataset/Test/Fake/fake_2251.jpg,0,0,True,0.9999738931655884,2.6054796762764454e-05
/content/Dataset/Test/Fake/fake_2252.jpg,0,0,True,0.9999724626541138,2.7553764084586874e-05
/content/Dataset/Test/Fake/fake_2253.jpg,0,0,True,0.9999780654907227,2.1924201064393856e-05
/content/Dataset/Test/Fake/fake_2254.jpg,0,0,True,0.9999772310256958,2.2804370019002818e-05
/content/Dataset/Test/Fake/fake_2255.jpg,0,0,True,0.9999682903289795,3.166515671182424e-05
/content/Dataset/Test/Fake/fake_2256.jpg,0,0,True,0.9999769926071167,2.302657230757177e-05
/content/Dataset/Test/Fake/fake_2257.jpg,0,0,True,0.9999769926071167,2.3006816263659857e-05
/content/Dataset/Test/Fake/fake_2258.jpg,0,0,True,0.9999775886535645,2.240616777271498e-05
/content/Dataset/Test/Fake/fake_2259.jpg,0,0,True,0.9999592304229736,4.0780047129374e-05
/content/Dataset/Test/Fake/fake_226.jpg,0,0,True,0.9999345541000366,6.545434007421136e-05
/content/Dataset/Test/Fake/fake_2260.jpg,0,0,True,0.999969482421875,3.051759267691523e-05
/content/Dataset/Test/Fake/fake_2261.jpg,0,0,True,0.999961256980896,3.870599903166294e-05
/content/Dataset/Test/Fake/fake_2262.jpg,0,0,True,0.9999744892120361,2.54849401244428e-05
/content/Dataset/Test/Fake/fake_2263.jpg,0,0,True,0.9999724626541138,2.755360765149817e-05
/content/Dataset/Test/Fake/fake_2264.jpg,0,0,True,0.9999747276306152,2.5269722755183466e-05
/content/Dataset/Test/Fake/fake_2265.jpg,0,0,True,0.9999767541885376,2.3253423933056183e-05
/content/Dataset/Test/Fake/fake_2266.jpg,0,0,True,0.9999731779098511,2.686213883862365e-05
/content/Dataset/Test/Fake/fake_2267.jpg,0,0,True,0.9999723434448242,2.76411392405862e-05
/content/Dataset/Test/Fake/fake_2268.jpg,0,0,True,0.9999706745147705,2.9321601687115617e-05
/content/Dataset/Test/Fake/fake_2269.jpg,0,0,True,0.999946117401123,5.3827723604626954e-05
/content/Dataset/Test/Fake/fake_227.jpg,0,0,True,0.9999759197235107,2.408726140856743e-05
/content/Dataset/Test/Fake/fake_2270.jpg,0,0,True,0.9999570846557617,4.2962110455846414e-05
/content/Dataset/Test/Fake/fake_2271.jpg,0,0,True,0.9684216976165771,0.031578317284584045
/content/Dataset/Test/Fake/fake_2272.jpg,0,0,True,0.9999231100082397,7.689565245527774e-05
/content/Dataset/Test/Fake/fake_2273.jpg,0,0,True,0.9999725818634033,2.7434463845565915e-05
/content/Dataset/Test/Fake/fake_2274.jpg,0,0,True,0.9999721050262451,2.7950825824518688e-05
/content/Dataset/Test/Fake/fake_2275.jpg,0,0,True,0.9999608993530273,3.914617991540581e-05
/content/Dataset/Test/Fake/fake_2276.jpg,0,0,True,0.9999701976776123,2.980345561809372e-05
/content/Dataset/Test/Fake/fake_2277.jpg,0,1,False,0.0009694009204395115,0.999030590057373
/content/Dataset/Test/Fake/fake_2278.jpg,0,0,True,0.9999619722366333,3.798972102231346e-05
/content/Dataset/Test/Fake/fake_2279.jpg,0,0,True,0.9999619722366333,3.805444430327043e-05
/content/Dataset/Test/Fake/fake_228.jpg,0,0,True,0.9999432563781738,5.668622543453239e-05
/content/Dataset/Test/Fake/fake_2280.jpg,0,0,True,0.999976634979248,2.3318041712627746e-05
/content/Dataset/Test/Fake/fake_2281.jpg,0,0,True,0.999972939491272,2.7000873160432093e-05
/content/Dataset/Test/Fake/fake_2282.jpg,0,0,True,0.9999758005142212,2.421063072688412e-05
/content/Dataset/Test/Fake/fake_2283.jpg,0,0,True,0.9999675750732422,3.240183286834508e-05
/content/Dataset/Test/Fake/fake_2284.jpg,0,0,True,0.9994997978210449,0.0005002025864087045
/content/Dataset/Test/Fake/fake_2285.jpg,0,0,True,0.9999616146087646,3.842905425699428e-05
/content/Dataset/Test/Fake/fake_2286.jpg,0,0,True,0.9999722242355347,2.7811101972474717e-05
/content/Dataset/Test/Fake/fake_2287.jpg,0,0,True,0.9999743700027466,2.5570559955667704e-05
/content/Dataset/Test/Fake/fake_2288.jpg,0,0,True,0.999977707862854,2.23248171096202e-05
/content/Dataset/Test/Fake/fake_2289.jpg,0,0,True,0.9999741315841675,2.5874536731862463e-05
/content/Dataset/Test/Fake/fake_229.jpg,0,0,True,0.9416011571884155,0.058398839086294174
/content/Dataset/Test/Fake/fake_2290.jpg,0,0,True,0.9999158382415771,8.418688958045095e-05
/content/Dataset/Test/Fake/fake_2291.jpg,0,0,True,0.9999774694442749,2.2479061954072677e-05
/content/Dataset/Test/Fake/fake_2292.jpg,0,0,True,0.9999525547027588,4.750093285110779e-05
/content/Dataset/Test/Fake/fake_2293.jpg,0,0,True,0.9999760389328003,2.3927797883516178e-05
/content/Dataset/Test/Fake/fake_2294.jpg,0,0,True,0.9999746084213257,2.5412255126866512e-05
/content/Dataset/Test/Fake/fake_2295.jpg,0,0,True,0.9999747276306152,2.5263747374992818e-05
/content/Dataset/Test/Fake/fake_2296.jpg,0,0,True,0.999969482421875,3.047245627385564e-05
/content/Dataset/Test/Fake/fake_2297.jpg,0,0,True,0.9999724626541138,2.7519676223164424e-05
/content/Dataset/Test/Fake/fake_2298.jpg,0,0,True,0.9999754428863525,2.451676300552208e-05
/content/Dataset/Test/Fake/fake_2299.jpg,0,0,True,0.999970555305481,2.9460457881214097e-05
/content/Dataset/Test/Fake/fake_23.jpg,0,0,True,0.9999784231185913,2.157917697331868e-05
/content/Dataset/Test/Fake/fake_230.jpg,0,0,True,0.9999281167984009,7.183443813119084e-05
/content/Dataset/Test/Fake/fake_2300.jpg,0,0,True,0.9999738931655884,2.6137720851693302e-05
/content/Dataset/Test/Fake/fake_2301.jpg,0,0,True,0.9999585151672363,4.146307401242666e-05
/content/Dataset/Test/Fake/fake_2302.jpg,0,0,True,0.9999707937240601,2.9195958632044494e-05
/content/Dataset/Test/Fake/fake_2303.jpg,0,0,True,0.9999774694442749,2.2548047127202153e-05
/content/Dataset/Test/Fake/fake_2304.jpg,0,0,True,0.9999749660491943,2.5015351639012806e-05
/content/Dataset/Test/Fake/fake_2305.jpg,0,0,True,0.9992530941963196,0.0007469010888598859
/content/Dataset/Test/Fake/fake_2306.jpg,0,0,True,0.9999773502349854,2.2674950741929933e-05
/content/Dataset/Test/Fake/fake_2307.jpg,0,0,True,0.9999701976776123,2.979356395371724e-05
/content/Dataset/Test/Fake/fake_2308.jpg,0,0,True,0.999946117401123,5.382505332818255e-05
/content/Dataset/Test/Fake/fake_2309.jpg,0,0,True,0.9999715089797974,2.8493992431322113e-05
/content/Dataset/Test/Fake/fake_231.jpg,0,0,True,0.9999196529388428,8.028405136428773e-05
/content/Dataset/Test/Fake/fake_2310.jpg,0,0,True,0.9999669790267944,3.302424738649279e-05
/content/Dataset/Test/Fake/fake_2311.jpg,0,0,True,0.9999769926071167,2.303663313796278e-05
/content/Dataset/Test/Fake/fake_2312.jpg,0,0,True,0.9999725818634033,2.7418642275733873e-05
/content/Dataset/Test/Fake/fake_2313.jpg,0,0,True,0.9992350339889526,0.0007649229955859482
/content/Dataset/Test/Fake/fake_2314.jpg,0,0,True,0.9999771118164062,2.287000825162977e-05
/content/Dataset/Test/Fake/fake_2315.jpg,0,0,True,0.9999768733978271,2.3174279704107903e-05
/content/Dataset/Test/Fake/fake_2316.jpg,0,0,True,0.9999781847000122,2.1791232938994654e-05
/content/Dataset/Test/Fake/fake_2317.jpg,0,0,True,0.9999754428863525,2.4613376808702014e-05
/content/Dataset/Test/Fake/fake_2318.jpg,0,0,True,0.9999710321426392,2.8967961043235846e-05
/content/Dataset/Test/Fake/fake_2319.jpg,0,0,True,0.9999759197235107,2.4086044504656456e-05
/content/Dataset/Test/Fake/fake_232.jpg,0,0,True,0.9999759197235107,2.411790228507016e-05
/content/Dataset/Test/Fake/fake_2320.jpg,0,0,True,0.9999717473983765,2.8196565835969523e-05
/content/Dataset/Test/Fake/fake_2321.jpg,0,0,True,0.9999731779098511,2.68616513494635e-05
/content/Dataset/Test/Fake/fake_2322.jpg,0,0,True,0.999945878982544,5.4169442591955885e-05
/content/Dataset/Test/Fake/fake_2323.jpg,0,0,True,0.9999752044677734,2.4786007998045534e-05
/content/Dataset/Test/Fake/fake_2324.jpg,0,0,True,0.9999748468399048,2.5129043933702633e-05
/content/Dataset/Test/Fake/fake_2325.jpg,0,0,True,0.9999730587005615,2.6925152269541286e-05
/content/Dataset/Test/Fake/fake_2326.jpg,0,0,True,0.999474823474884,0.0005252327537164092
/content/Dataset/Test/Fake/fake_2327.jpg,0,0,True,0.9992831349372864,0.0007168930605985224
/content/Dataset/Test/Fake/fake_2328.jpg,0,0,True,0.9999768733978271,2.3090251488611102e-05
/content/Dataset/Test/Fake/fake_2329.jpg,0,0,True,0.999976634979248,2.3390362912323326e-05
/content/Dataset/Test/Fake/fake_233.jpg,0,0,True,0.9988861680030823,0.0011138407280668616
/content/Dataset/Test/Fake/fake_2330.jpg,0,1,False,0.0011135134845972061,0.9988865256309509
/content/Dataset/Test/Fake/fake_2331.jpg,0,0,True,0.9929326772689819,0.007067297585308552
/content/Dataset/Test/Fake/fake_2332.jpg,0,0,True,0.9999779462814331,2.202571340603754e-05
/content/Dataset/Test/Fake/fake_2333.jpg,0,0,True,0.9999790191650391,2.1016763639636338e-05
/content/Dataset/Test/Fake/fake_2334.jpg,0,0,True,0.9999728202819824,2.7233621949562803e-05
/content/Dataset/Test/Fake/fake_2335.jpg,0,0,True,0.9999768733978271,2.3095295546227135e-05
/content/Dataset/Test/Fake/fake_2336.jpg,0,0,True,0.999976396560669,2.3635218894924037e-05
/content/Dataset/Test/Fake/fake_2337.jpg,0,0,True,0.9999759197235107,2.408537875453476e-05
/content/Dataset/Test/Fake/fake_2338.jpg,0,0,True,0.9999762773513794,2.3690707166679204e-05
/content/Dataset/Test/Fake/fake_2339.jpg,0,0,True,0.9999719858169556,2.799510730255861e-05
/content/Dataset/Test/Fake/fake_234.jpg,0,0,True,0.9999569654464722,4.3073116103187203e-05
/content/Dataset/Test/Fake/fake_2340.jpg,0,0,True,0.9999723434448242,2.763750308076851e-05
/content/Dataset/Test/Fake/fake_2341.jpg,0,0,True,0.9999743700027466,2.5644261768320575e-05
/content/Dataset/Test/Fake/fake_2342.jpg,0,0,True,0.9999698400497437,3.0178289307514206e-05
/content/Dataset/Test/Fake/fake_2343.jpg,0,0,True,0.9999736547470093,2.6374389562988654e-05
/content/Dataset/Test/Fake/fake_2344.jpg,0,0,True,0.999976396560669,2.3619244529982097e-05
/content/Dataset/Test/Fake/fake_2345.jpg,0,0,True,0.9999752044677734,2.4744134861975908e-05
/content/Dataset/Test/Fake/fake_2346.jpg,0,0,True,0.999975323677063,2.4685965399839915e-05
/content/Dataset/Test/Fake/fake_2347.jpg,0,0,True,0.999970555305481,2.9392320357146673e-05
/content/Dataset/Test/Fake/fake_2348.jpg,0,1,False,0.14194068312644958,0.858059287071228
/content/Dataset/Test/Fake/fake_2349.jpg,0,0,True,0.999974250793457,2.570718788774684e-05
/content/Dataset/Test/Fake/fake_235.jpg,0,0,True,0.9999758005142212,2.415521339571569e-05
/content/Dataset/Test/Fake/fake_2350.jpg,0,0,True,0.9999741315841675,2.5837895009317435e-05
/content/Dataset/Test/Fake/fake_2351.jpg,0,0,True,0.9999525547027588,4.742647070088424e-05
/content/Dataset/Test/Fake/fake_2352.jpg,0,0,True,0.9999758005142212,2.4250886781373993e-05
/content/Dataset/Test/Fake/fake_2353.jpg,0,0,True,0.9999701976776123,2.9788678148179315e-05
/content/Dataset/Test/Fake/fake_2354.jpg,0,0,True,0.9999407529830933,5.920882540522143e-05
/content/Dataset/Test/Fake/fake_2355.jpg,0,0,True,0.9999779462814331,2.201886491093319e-05
/content/Dataset/Test/Fake/fake_2356.jpg,0,0,True,0.9999778270721436,2.2197695216163993e-05
/content/Dataset/Test/Fake/fake_2357.jpg,0,0,True,0.9999364614486694,6.356673839036375e-05
/content/Dataset/Test/Fake/fake_2358.jpg,0,0,True,0.9999760389328003,2.3902481188997626e-05
/content/Dataset/Test/Fake/fake_2359.jpg,0,0,True,0.9999758005142212,2.4200589905376546e-05
/content/Dataset/Test/Fake/fake_236.jpg,0,0,True,0.9999651908874512,3.4768108889693394e-05
/content/Dataset/Test/Fake/fake_2360.jpg,0,0,True,0.9999746084213257,2.5437957447138615e-05
/content/Dataset/Test/Fake/fake_2361.jpg,0,0,True,0.9999760389328003,2.3938753656693734e-05
/content/Dataset/Test/Fake/fake_2362.jpg,0,0,True,0.9999750852584839,2.485453114786651e-05
/content/Dataset/Test/Fake/fake_2363.jpg,0,0,True,0.9999582767486572,4.171913678874262e-05
/content/Dataset/Test/Fake/fake_2364.jpg,0,0,True,0.9999760389328003,2.3910553863970563e-05
/content/Dataset/Test/Fake/fake_2365.jpg,0,0,True,0.9999709129333496,2.9045939299976453e-05
/content/Dataset/Test/Fake/fake_2366.jpg,0,0,True,0.9999713897705078,2.8631740860873833e-05
/content/Dataset/Test/Fake/fake_2367.jpg,0,0,True,0.9999632835388184,3.672398452181369e-05
/content/Dataset/Test/Fake/fake_2368.jpg,0,0,True,0.9999524354934692,4.7546611313009635e-05
/content/Dataset/Test/Fake/fake_2369.jpg,0,0,True,0.9992293119430542,0.0007706427131779492
/content/Dataset/Test/Fake/fake_237.jpg,0,0,True,0.9999144077301025,8.558202534914017e-05
/content/Dataset/Test/Fake/fake_2370.jpg,0,0,True,0.9998664855957031,0.000133444438688457
/content/Dataset/Test/Fake/fake_2371.jpg,0,0,True,0.5085529088973999,0.4914470911026001
/content/Dataset/Test/Fake/fake_2372.jpg,0,0,True,0.9999736547470093,2.6403809897601604e-05
/content/Dataset/Test/Fake/fake_2373.jpg,0,0,True,0.9999767541885376,2.3292663172469474e-05
/content/Dataset/Test/Fake/fake_2374.jpg,0,0,True,0.9999699592590332,3.007778650498949e-05
/content/Dataset/Test/Fake/fake_2375.jpg,0,0,True,0.9999750852584839,2.485540790075902e-05
/content/Dataset/Test/Fake/fake_2376.jpg,0,0,True,0.9999728202819824,2.7223881261306815e-05
/content/Dataset/Test/Fake/fake_2377.jpg,0,0,True,0.9999715089797974,2.8467835363699123e-05
/content/Dataset/Test/Fake/fake_2378.jpg,0,0,True,0.9999728202819824,2.7186988518224098e-05
/content/Dataset/Test/Fake/fake_2379.jpg,0,0,True,0.9999444484710693,5.5595020967302844e-05
/content/Dataset/Test/Fake/fake_238.jpg,0,0,True,0.9999321699142456,6.777399539714679e-05
/content/Dataset/Test/Fake/fake_2380.jpg,0,0,True,0.999974250793457,2.5794050088734366e-05
/content/Dataset/Test/Fake/fake_2381.jpg,0,0,True,0.999976396560669,2.364466490689665e-05
/content/Dataset/Test/Fake/fake_2382.jpg,0,0,True,0.9999666213989258,3.3426615118514746e-05
/content/Dataset/Test/Fake/fake_2383.jpg,0,0,True,0.9999738931655884,2.6081348551088013e-05
/content/Dataset/Test/Fake/fake_2384.jpg,0,0,True,0.9999707937240601,2.9231063308543526e-05
/content/Dataset/Test/Fake/fake_2385.jpg,0,0,True,0.9999758005142212,2.4141278117895126e-05
/content/Dataset/Test/Fake/fake_2386.jpg,0,0,True,0.9999722242355347,2.781715193123091e-05
/content/Dataset/Test/Fake/fake_2387.jpg,0,0,True,0.9999762773513794,2.3777874957886524e-05
/content/Dataset/Test/Fake/fake_2388.jpg,0,0,True,0.9998518228530884,0.00014809693675488234
/content/Dataset/Test/Fake/fake_2389.jpg,0,0,True,0.9999723434448242,2.7609736207523383e-05
/content/Dataset/Test/Fake/fake_239.jpg,0,0,True,0.9999141693115234,8.581190922996029e-05
/content/Dataset/Test/Fake/fake_2390.jpg,0,0,True,0.999976634979248,2.3405691536027007e-05
/content/Dataset/Test/Fake/fake_2391.jpg,0,0,True,0.999972939491272,2.705740371311549e-05
/content/Dataset/Test/Fake/fake_2392.jpg,0,0,True,0.9999746084213257,2.5399560399819165e-05
/content/Dataset/Test/Fake/fake_2393.jpg,0,0,True,0.99854975938797,0.0014502310659736395
/content/Dataset/Test/Fake/fake_2394.jpg,0,0,True,0.9999669790267944,3.3062318834709004e-05
/content/Dataset/Test/Fake/fake_2395.jpg,0,0,True,0.9999716281890869,2.838905311364215e-05
/content/Dataset/Test/Fake/fake_2396.jpg,0,0,True,0.9999735355377197,2.648958434292581e-05
/content/Dataset/Test/Fake/fake_2397.jpg,0,0,True,0.9999752044677734,2.4802464395179413e-05
/content/Dataset/Test/Fake/fake_2398.jpg,0,0,True,0.9999769926071167,2.300795677001588e-05
/content/Dataset/Test/Fake/fake_2399.jpg,0,0,True,0.9999741315841675,2.5867875592666678e-05
/content/Dataset/Test/Fake/fake_24.jpg,0,0,True,0.9999779462814331,2.210955608461518e-05
/content/Dataset/Test/Fake/fake_240.jpg,0,1,False,0.0020771545823663473,0.9979228377342224
/content/Dataset/Test/Fake/fake_2400.jpg,0,0,True,0.9999760389328003,2.4007318643270992e-05
/content/Dataset/Test/Fake/fake_2401.jpg,0,0,True,0.9999769926071167,2.2955664462642744e-05
/content/Dataset/Test/Fake/fake_2402.jpg,0,0,True,0.9999749660491943,2.503055293345824e-05
/content/Dataset/Test/Fake/fake_2403.jpg,0,0,True,0.9999717473983765,2.8307813408900984e-05
/content/Dataset/Test/Fake/fake_2404.jpg,0,0,True,0.9999749660491943,2.5017710868269205e-05
/content/Dataset/Test/Fake/fake_2405.jpg,0,0,True,0.9999598264694214,4.019226980744861e-05
/content/Dataset/Test/Fake/fake_2406.jpg,0,0,True,0.9999793767929077,2.064199907181319e-05
/content/Dataset/Test/Fake/fake_2407.jpg,0,0,True,0.9999686479568481,3.131829362246208e-05
/content/Dataset/Test/Fake/fake_2408.jpg,0,0,True,0.9999713897705078,2.8601993108168244e-05
/content/Dataset/Test/Fake/fake_2409.jpg,0,0,True,0.9999768733978271,2.312714423169382e-05
/content/Dataset/Test/Fake/fake_241.jpg,0,0,True,0.9998785257339478,0.0001214035801240243
/content/Dataset/Test/Fake/fake_2410.jpg,0,0,True,0.9999765157699585,2.3528418751084246e-05
/content/Dataset/Test/Fake/fake_2411.jpg,0,0,True,0.9999402761459351,5.9694633819162846e-05
/content/Dataset/Test/Fake/fake_2412.jpg,0,0,True,0.999925971031189,7.400097820209339e-05
/content/Dataset/Test/Fake/fake_2413.jpg,0,0,True,0.7608488202095032,0.23915112018585205
/content/Dataset/Test/Fake/fake_2414.jpg,0,0,True,0.9999754428863525,2.4540460799471475e-05
/content/Dataset/Test/Fake/fake_2415.jpg,0,0,True,0.999977707862854,2.224647869297769e-05
/content/Dataset/Test/Fake/fake_2416.jpg,0,0,True,0.9999725818634033,2.7444617444416508e-05
/content/Dataset/Test/Fake/fake_2417.jpg,0,0,True,0.9999727010726929,2.730432606767863e-05
/content/Dataset/Test/Fake/fake_2418.jpg,0,0,True,0.9999762773513794,2.371813025092706e-05
/content/Dataset/Test/Fake/fake_2419.jpg,0,0,True,0.9999749660491943,2.497909008525312e-05
/content/Dataset/Test/Fake/fake_242.jpg,0,0,True,0.9999288320541382,7.118321809684858e-05
/content/Dataset/Test/Fake/fake_2420.jpg,0,0,True,0.9999661445617676,3.380901398486458e-05
/content/Dataset/Test/Fake/fake_2421.jpg,0,0,True,0.9999669790267944,3.304791243863292e-05
/content/Dataset/Test/Fake/fake_2422.jpg,0,0,True,0.9999775886535645,2.2467233065981418e-05
/content/Dataset/Test/Fake/fake_2423.jpg,0,0,True,0.999972939491272,2.7016509193344973e-05
/content/Dataset/Test/Fake/fake_2424.jpg,0,0,True,0.9999724626541138,2.7565383788896725e-05
/content/Dataset/Test/Fake/fake_2425.jpg,0,0,True,0.9999701976776123,2.9840823117410764e-05
/content/Dataset/Test/Fake/fake_2426.jpg,0,0,True,0.9999779462814331,2.203281292167958e-05
/content/Dataset/Test/Fake/fake_2427.jpg,0,0,True,0.9999712705612183,2.8704571377602406e-05
/content/Dataset/Test/Fake/fake_2428.jpg,0,0,True,0.9999747276306152,2.5240531613235362e-05
/content/Dataset/Test/Fake/fake_2429.jpg,0,0,True,0.999974250793457,2.5796336558414623e-05
/content/Dataset/Test/Fake/fake_243.jpg,0,0,True,0.9999562501907349,4.380078098620288e-05
/content/Dataset/Test/Fake/fake_2430.jpg,0,0,True,0.9999562501907349,4.3766038288595155e-05
/content/Dataset/Test/Fake/fake_2431.jpg,0,0,True,0.9999741315841675,2.5851868485915475e-05
/content/Dataset/Test/Fake/fake_2432.jpg,0,0,True,0.9999654293060303,3.45835906045977e-05
/content/Dataset/Test/Fake/fake_2433.jpg,0,0,True,0.9999761581420898,2.382656020927243e-05
/content/Dataset/Test/Fake/fake_2434.jpg,0,0,True,0.9999632835388184,3.672689126688056e-05
/content/Dataset/Test/Fake/fake_2435.jpg,0,0,True,0.9999752044677734,2.4837569071678445e-05
/content/Dataset/Test/Fake/fake_2436.jpg,0,0,True,0.9999674558639526,3.259982622694224e-05
/content/Dataset/Test/Fake/fake_2437.jpg,0,0,True,0.9999762773513794,2.376221164013259e-05
/content/Dataset/Test/Fake/fake_2438.jpg,0,0,True,0.9999767541885376,2.3263673938345164e-05
/content/Dataset/Test/Fake/fake_2439.jpg,0,0,True,0.9999765157699585,2.3523796699009836e-05
/content/Dataset/Test/Fake/fake_244.jpg,0,1,False,0.07533364742994308,0.9246663451194763
/content/Dataset/Test/Fake/fake_2440.jpg,0,0,True,0.999976396560669,2.3549271645606495e-05
/content/Dataset/Test/Fake/fake_2441.jpg,0,0,True,0.9999768733978271,2.3133497961680405e-05
/content/Dataset/Test/Fake/fake_2442.jpg,0,0,True,0.999976634979248,2.334389864699915e-05
/content/Dataset/Test/Fake/fake_2443.jpg,0,0,True,0.9999769926071167,2.295097874593921e-05
/content/Dataset/Test/Fake/fake_2444.jpg,0,0,True,0.9999780654907227,2.1944657419226132e-05
/content/Dataset/Test/Fake/fake_2445.jpg,0,0,True,0.9999706745147705,2.9311788239283487e-05
/content/Dataset/Test/Fake/fake_2446.jpg,0,0,True,0.9999518394470215,4.814505155081861e-05
/content/Dataset/Test/Fake/fake_2447.jpg,0,0,True,0.999971866607666,2.8137686967966147e-05
/content/Dataset/Test/Fake/fake_2448.jpg,0,0,True,0.9999750852584839,2.491445411578752e-05
/content/Dataset/Test/Fake/fake_2449.jpg,0,0,True,0.9999294281005859,7.055128662614152e-05
/content/Dataset/Test/Fake/fake_245.jpg,0,0,True,0.9996936321258545,0.00030639872420579195
/content/Dataset/Test/Fake/fake_2450.jpg,0,0,True,0.9999727010726929,2.7352021788829006e-05
/content/Dataset/Test/Fake/fake_2451.jpg,0,0,True,0.9999778270721436,2.2164993424667045e-05
/content/Dataset/Test/Fake/fake_2452.jpg,0,0,True,0.9999738931655884,2.6116542358067818e-05
/content/Dataset/Test/Fake/fake_2453.jpg,0,0,True,0.9999738931655884,2.6076522772200406e-05
/content/Dataset/Test/Fake/fake_2454.jpg,0,0,True,0.9429225921630859,0.057077374309301376
/content/Dataset/Test/Fake/fake_2455.jpg,0,0,True,0.9999740123748779,2.601492451503873e-05
/content/Dataset/Test/Fake/fake_2456.jpg,0,0,True,0.999975323677063,2.4646917154313996e-05
/content/Dataset/Test/Fake/fake_2457.jpg,0,0,True,0.9999754428863525,2.451968794048298e-05
/content/Dataset/Test/Fake/fake_2458.jpg,0,0,True,0.9999759197235107,2.4107554054353386e-05
/content/Dataset/Test/Fake/fake_2459.jpg,0,0,True,0.9999748468399048,2.5149371140287258e-05
/content/Dataset/Test/Fake/fake_246.jpg,0,0,True,0.9991263747215271,0.0008736120071262121
/content/Dataset/Test/Fake/fake_2460.jpg,0,0,True,0.999971866607666,2.8090418709325604e-05
/content/Dataset/Test/Fake/fake_2461.jpg,0,0,True,0.9999759197235107,2.403664075245615e-05
/content/Dataset/Test/Fake/fake_2462.jpg,0,0,True,0.9999624490737915,3.7588240957120433e-05
/content/Dataset/Test/Fake/fake_2463.jpg,0,0,True,0.9999767541885376,2.325730565644335e-05
/content/Dataset/Test/Fake/fake_2464.jpg,0,0,True,0.9999736547470093,2.635857163113542e-05
/content/Dataset/Test/Fake/fake_2465.jpg,0,0,True,0.9999779462814331,2.205964301538188e-05
/content/Dataset/Test/Fake/fake_2466.jpg,0,0,True,0.9999781847000122,2.1840476620127447e-05
/content/Dataset/Test/Fake/fake_2467.jpg,0,0,True,0.999976634979248,2.338068406970706e-05
/content/Dataset/Test/Fake/fake_2468.jpg,0,0,True,0.9999700784683228,2.996618604811374e-05
/content/Dataset/Test/Fake/fake_2469.jpg,0,0,True,0.9999732971191406,2.670472167665139e-05
/content/Dataset/Test/Fake/fake_247.jpg,0,0,True,0.9999508857727051,4.907276525045745e-05
/content/Dataset/Test/Fake/fake_2470.jpg,0,0,True,0.9999697208404541,3.0297211196739227e-05
/content/Dataset/Test/Fake/fake_2471.jpg,0,0,True,0.9999721050262451,2.7864251023856923e-05
/content/Dataset/Test/Fake/fake_2472.jpg,0,0,True,0.9999325275421143,6.742557161487639e-05
/content/Dataset/Test/Fake/fake_2473.jpg,0,0,True,0.999976396560669,2.355861579417251e-05
/content/Dataset/Test/Fake/fake_2474.jpg,0,0,True,0.9999765157699585,2.3451022570952773e-05
/content/Dataset/Test/Fake/fake_2475.jpg,0,0,True,0.9999769926071167,2.30619334615767e-05
/content/Dataset/Test/Fake/fake_2476.jpg,0,0,True,0.9999651908874512,3.4817017876775935e-05
/content/Dataset/Test/Fake/fake_2477.jpg,0,0,True,0.9999735355377197,2.6418616471346468e-05
/content/Dataset/Test/Fake/fake_2478.jpg,0,0,True,0.9999743700027466,2.5581291993148625e-05
/content/Dataset/Test/Fake/fake_2479.jpg,0,0,True,0.9999668598175049,3.3128213544841856e-05
/content/Dataset/Test/Fake/fake_248.jpg,0,0,True,0.9999476671218872,5.237574805505574e-05
/content/Dataset/Test/Fake/fake_2480.jpg,0,0,True,0.9999754428863525,2.4497318008798175e-05
/content/Dataset/Test/Fake/fake_2481.jpg,0,0,True,0.9999783039093018,2.1741021555499174e-05
/content/Dataset/Test/Fake/fake_2482.jpg,0,0,True,0.999977707862854,2.2346055629896e-05
/content/Dataset/Test/Fake/fake_2483.jpg,0,0,True,0.9999740123748779,2.5931105483323336e-05
/content/Dataset/Test/Fake/fake_2484.jpg,0,0,True,0.9999643564224243,3.560646655387245e-05
/content/Dataset/Test/Fake/fake_2485.jpg,0,0,True,0.999976634979248,2.3340335246757604e-05
/content/Dataset/Test/Fake/fake_2486.jpg,0,0,True,0.9999750852584839,2.4927025151555426e-05
/content/Dataset/Test/Fake/fake_2487.jpg,0,0,True,0.9999727010726929,2.724850310187321e-05
/content/Dataset/Test/Fake/fake_2488.jpg,0,0,True,0.9999688863754272,3.110312900389545e-05
/content/Dataset/Test/Fake/fake_2489.jpg,0,0,True,0.9999368190765381,6.321370165096596e-05
/content/Dataset/Test/Fake/fake_249.jpg,0,0,True,0.9999662637710571,3.3720014471327886e-05
/content/Dataset/Test/Fake/fake_2490.jpg,0,0,True,0.9999556541442871,4.434424408827908e-05
/content/Dataset/Test/Fake/fake_2491.jpg,0,0,True,0.9999730587005615,2.6888150387094356e-05
/content/Dataset/Test/Fake/fake_2492.jpg,0,0,True,0.999950647354126,4.9337788368575275e-05
/content/Dataset/Test/Fake/fake_2493.jpg,0,0,True,0.9999717473983765,2.8233995180926286e-05
/content/Dataset/Test/Fake/fake_2494.jpg,0,0,True,0.9999544620513916,4.557936699711718e-05
/content/Dataset/Test/Fake/fake_2495.jpg,0,0,True,0.9624415636062622,0.03755839541554451
/content/Dataset/Test/Fake/fake_2496.jpg,0,0,True,0.9963001608848572,0.0036998875439167023
/content/Dataset/Test/Fake/fake_2497.jpg,0,0,True,0.9999783039093018,2.1683787053916603e-05
/content/Dataset/Test/Fake/fake_2498.jpg,0,0,True,0.9999765157699585,2.3460037482436746e-05
/content/Dataset/Test/Fake/fake_2499.jpg,0,0,True,0.9999750852584839,2.4970757294795476e-05
/content/Dataset/Test/Fake/fake_25.jpg,0,0,True,0.9999706745147705,2.9370159609243274e-05
/content/Dataset/Test/Fake/fake_250.jpg,0,0,True,0.9999428987503052,5.706104275304824e-05
/content/Dataset/Test/Fake/fake_2500.jpg,0,0,True,0.9999759197235107,2.4125170966726728e-05
/content/Dataset/Test/Fake/fake_2501.jpg,0,0,True,0.9999746084213257,2.5425539206480607e-05
/content/Dataset/Test/Fake/fake_2502.jpg,0,0,True,0.99997878074646,2.1229805497569032e-05
/content/Dataset/Test/Fake/fake_2503.jpg,0,0,True,0.9999771118164062,2.2915332010597922e-05
/content/Dataset/Test/Fake/fake_2504.jpg,0,0,True,0.9993341565132141,0.0006658152560703456
/content/Dataset/Test/Fake/fake_2505.jpg,0,0,True,0.9999573230743408,4.271784928278066e-05
/content/Dataset/Test/Fake/fake_2506.jpg,0,0,True,0.9999724626541138,2.753611079242546e-05
/content/Dataset/Test/Fake/fake_2507.jpg,0,0,True,0.999971866607666,2.8080134143237956e-05
/content/Dataset/Test/Fake/fake_2508.jpg,0,0,True,0.999975323677063,2.465848228894174e-05
/content/Dataset/Test/Fake/fake_2509.jpg,0,0,True,0.9999746084213257,2.5400939193787053e-05
/content/Dataset/Test/Fake/fake_251.jpg,0,0,True,0.9999736547470093,2.6318710297346115e-05
/content/Dataset/Test/Fake/fake_2510.jpg,0,0,True,0.9999761581420898,2.3840768335503526e-05
/content/Dataset/Test/Fake/fake_2511.jpg,0,0,True,0.9975333213806152,0.002466700505465269
/content/Dataset/Test/Fake/fake_2512.jpg,0,0,True,0.9999731779098511,2.6864367100642994e-05
/content/Dataset/Test/Fake/fake_2513.jpg,0,0,True,0.9999773502349854,2.266355477331672e-05
/content/Dataset/Test/Fake/fake_2514.jpg,0,0,True,0.9999731779098511,2.6768489988171495e-05
/content/Dataset/Test/Fake/fake_2515.jpg,0,0,True,0.9999735355377197,2.6460193112143315e-05
/content/Dataset/Test/Fake/fake_2516.jpg,0,0,True,0.9999758005142212,2.418734584352933e-05
/content/Dataset/Test/Fake/fake_2517.jpg,0,0,True,0.9999761581420898,2.387072890996933e-05
/content/Dataset/Test/Fake/fake_2518.jpg,0,0,True,0.9999758005142212,2.4224951630458236e-05
/content/Dataset/Test/Fake/fake_2519.jpg,0,0,True,0.9999761581420898,2.3862579837441444e-05
/content/Dataset/Test/Fake/fake_252.jpg,0,0,True,0.999970555305481,2.948620567622129e-05
/content/Dataset/Test/Fake/fake_2520.jpg,0,0,True,0.999970555305481,2.946641507151071e-05
/content/Dataset/Test/Fake/fake_2521.jpg,0,0,True,0.9999712705612183,2.8683225536951795e-05
/content/Dataset/Test/Fake/fake_2522.jpg,0,0,True,0.9999785423278809,2.140702235919889e-05
/content/Dataset/Test/Fake/fake_2523.jpg,0,0,True,0.999974250793457,2.571591903688386e-05
/content/Dataset/Test/Fake/fake_2524.jpg,0,0,True,0.9999690055847168,3.099916648352519e-05
/content/Dataset/Test/Fake/fake_2525.jpg,0,0,True,0.999975323677063,2.4651970306877047e-05
/content/Dataset/Test/Fake/fake_2526.jpg,0,0,True,0.9999758005142212,2.4192351702367887e-05
/content/Dataset/Test/Fake/fake_2527.jpg,0,0,True,0.9999699592590332,2.999203024955932e-05
/content/Dataset/Test/Fake/fake_2528.jpg,0,0,True,0.9999754428863525,2.4538845536881126e-05
/content/Dataset/Test/Fake/fake_2529.jpg,0,0,True,0.9999725818634033,2.7425363441579975e-05
/content/Dataset/Test/Fake/fake_253.jpg,0,0,True,0.9999675750732422,3.247589847887866e-05
/content/Dataset/Test/Fake/fake_2530.jpg,0,0,True,0.9999558925628662,4.408694803714752e-05
/content/Dataset/Test/Fake/fake_2531.jpg,0,0,True,0.9999785423278809,2.1500341972569004e-05
/content/Dataset/Test/Fake/fake_2532.jpg,0,0,True,0.9999762773513794,2.368515015405137e-05
/content/Dataset/Test/Fake/fake_2533.jpg,0,0,True,0.9951687455177307,0.004831211641430855
/content/Dataset/Test/Fake/fake_2534.jpg,0,0,True,0.9999790191650391,2.0957855667802505e-05
/content/Dataset/Test/Fake/fake_2535.jpg,0,0,True,0.9999752044677734,2.482594209141098e-05
/content/Dataset/Test/Fake/fake_2536.jpg,0,0,True,0.9999731779098511,2.6818470360012725e-05
/content/Dataset/Test/Fake/fake_2537.jpg,0,0,True,0.999966025352478,3.400999048608355e-05
/content/Dataset/Test/Fake/fake_2538.jpg,0,0,True,0.999975323677063,2.471357220201753e-05
/content/Dataset/Test/Fake/fake_2539.jpg,0,0,True,0.9999771118164062,2.2892309061717242e-05
/content/Dataset/Test/Fake/fake_254.jpg,0,0,True,0.9999682903289795,3.171792923239991e-05
/content/Dataset/Test/Fake/fake_2540.jpg,0,0,True,0.9999473094940186,5.269246321404353e-05
/content/Dataset/Test/Fake/fake_2541.jpg,0,0,True,0.9999728202819824,2.7150506866746582e-05
/content/Dataset/Test/Fake/fake_2542.jpg,0,0,True,0.9999620914459229,3.7859059375477955e-05
/content/Dataset/Test/Fake/fake_2543.jpg,0,0,True,0.999976634979248,2.3352402422460727e-05
/content/Dataset/Test/Fake/fake_2544.jpg,0,0,True,0.9999693632125854,3.059399386984296e-05
/content/Dataset/Test/Fake/fake_2545.jpg,0,0,True,0.9999765157699585,2.3471584427170455e-05
/content/Dataset/Test/Fake/fake_2546.jpg,0,0,True,0.9999737739562988,2.6258392608724535e-05
/content/Dataset/Test/Fake/fake_2547.jpg,0,0,True,0.9999686479568481,3.140583430649713e-05
/content/Dataset/Test/Fake/fake_2548.jpg,0,0,True,0.9999759197235107,2.4029764972510748e-05
/content/Dataset/Test/Fake/fake_2549.jpg,0,0,True,0.9999785423278809,2.148068779206369e-05
/content/Dataset/Test/Fake/fake_255.jpg,0,0,True,0.9999724626541138,2.7590365789365023e-05
/content/Dataset/Test/Fake/fake_2550.jpg,0,0,True,0.9999771118164062,2.286211383761838e-05
/content/Dataset/Test/Fake/fake_2551.jpg,0,0,True,0.9999746084213257,2.544421840866562e-05
/content/Dataset/Test/Fake/fake_2552.jpg,0,0,True,0.9999759197235107,2.4137574655469507e-05
/content/Dataset/Test/Fake/fake_2553.jpg,0,0,True,0.9999767541885376,2.3292663172469474e-05
/content/Dataset/Test/Fake/fake_2554.jpg,0,0,True,0.9999760389328003,2.3979471734492108e-05
/content/Dataset/Test/Fake/fake_2555.jpg,0,0,True,0.9999771118164062,2.2891807020641863e-05
/content/Dataset/Test/Fake/fake_2556.jpg,0,0,True,0.7550935745239258,0.24490639567375183
/content/Dataset/Test/Fake/fake_2557.jpg,0,0,True,0.9999758005142212,2.425347520329524e-05
/content/Dataset/Test/Fake/fake_2558.jpg,0,0,True,0.9999690055847168,3.102551636402495e-05
/content/Dataset/Test/Fake/fake_2559.jpg,0,0,True,0.9999758005142212,2.4199989638873376e-05
/content/Dataset/Test/Fake/fake_256.jpg,0,0,True,0.9999746084213257,2.5409808586118743e-05
/content/Dataset/Test/Fake/fake_2560.jpg,0,0,True,0.9999772310256958,2.2718930267728865e-05
/content/Dataset/Test/Fake/fake_2561.jpg,0,0,True,0.9999759197235107,2.412123831163626e-05
/content/Dataset/Test/Fake/fake_2562.jpg,0,0,True,0.9997085928916931,0.0002914278593380004
/content/Dataset/Test/Fake/fake_2563.jpg,0,0,True,0.9999713897705078,2.8566988476086408e-05
/content/Dataset/Test/Fake/fake_2564.jpg,0,0,True,0.9999781847000122,2.1804473362863064e-05
/content/Dataset/Test/Fake/fake_2565.jpg,0,0,True,0.999976396560669,2.3653054086025804e-05
/content/Dataset/Test/Fake/fake_2566.jpg,0,0,True,0.9999717473983765,2.8241291147423908e-05
/content/Dataset/Test/Fake/fake_2567.jpg,0,0,True,0.9999653100967407,3.4656852221814916e-05
/content/Dataset/Test/Fake/fake_2568.jpg,0,0,True,0.999974250793457,2.578551539045293e-05
/content/Dataset/Test/Fake/fake_2569.jpg,0,0,True,0.9999604225158691,3.9522332372143865e-05
/content/Dataset/Test/Fake/fake_257.jpg,0,0,True,0.9999686479568481,3.1334722734754905e-05
/content/Dataset/Test/Fake/fake_2570.jpg,0,0,True,0.9999736547470093,2.6371824787929654e-05
/content/Dataset/Test/Fake/fake_2571.jpg,0,0,True,0.9999768733978271,2.3177353796199895e-05
/content/Dataset/Test/Fake/fake_2572.jpg,0,0,True,0.9999738931655884,2.6080999305122532e-05
/content/Dataset/Test/Fake/fake_2573.jpg,0,0,True,0.9999666213989258,3.338166789035313e-05
/content/Dataset/Test/Fake/fake_2574.jpg,0,0,True,0.9999685287475586,3.147752795484848e-05
/content/Dataset/Test/Fake/fake_2575.jpg,0,0,True,0.9999750852584839,2.4866905732778832e-05
/content/Dataset/Test/Fake/fake_2576.jpg,0,0,True,0.9999608993530273,3.910961459041573e-05
/content/Dataset/Test/Fake/fake_2577.jpg,0,0,True,0.99997878074646,2.1190282495808788e-05
/content/Dataset/Test/Fake/fake_2578.jpg,0,0,True,0.9999765157699585,2.3449925720342435e-05
/content/Dataset/Test/Fake/fake_2579.jpg,0,0,True,0.9999779462814331,2.207839315815363e-05
/content/Dataset/Test/Fake/fake_258.jpg,0,0,True,0.7920187711715698,0.20798122882843018
/content/Dataset/Test/Fake/fake_2580.jpg,0,0,True,0.999977707862854,2.2277814423432574e-05
/content/Dataset/Test/Fake/fake_2581.jpg,0,0,True,0.9999756813049316,2.4301421944983304e-05
/content/Dataset/Test/Fake/fake_2582.jpg,0,0,True,0.9999662637710571,3.369940895936452e-05
/content/Dataset/Test/Fake/fake_2583.jpg,0,0,True,0.9999755620956421,2.4400629627052695e-05
/content/Dataset/Test/Fake/fake_2584.jpg,0,0,True,0.9999727010726929,2.7272943043499254e-05
/content/Dataset/Test/Fake/fake_2585.jpg,0,0,True,0.9999285936355591,7.14100242475979e-05
/content/Dataset/Test/Fake/fake_2586.jpg,0,0,True,0.9999785423278809,2.144400787074119e-05
/content/Dataset/Test/Fake/fake_2587.jpg,0,0,True,0.9999675750732422,3.240155638195574e-05
/content/Dataset/Test/Fake/fake_2588.jpg,0,0,True,0.9999791383743286,2.0828385459026322e-05
/content/Dataset/Test/Fake/fake_2589.jpg,0,0,True,0.9999722242355347,2.77950366580626e-05
/content/Dataset/Test/Fake/fake_259.jpg,0,0,True,0.9911920428276062,0.008807910606265068
/content/Dataset/Test/Fake/fake_2590.jpg,0,0,True,0.9999712705612183,2.867575858545024e-05
/content/Dataset/Test/Fake/fake_2591.jpg,0,0,True,0.9999668598175049,3.313358683953993e-05
/content/Dataset/Test/Fake/fake_2592.jpg,0,0,True,0.9999581575393677,4.1782121115829796e-05
/content/Dataset/Test/Fake/fake_2593.jpg,0,0,True,0.9999741315841675,2.5830897357081994e-05
/content/Dataset/Test/Fake/fake_2594.jpg,0,0,True,0.9999756813049316,2.4346170903299935e-05
/content/Dataset/Test/Fake/fake_2595.jpg,0,0,True,0.999976634979248,2.3377449906547554e-05
/content/Dataset/Test/Fake/fake_2596.jpg,0,0,True,0.9999750852584839,2.4923983801272698e-05
/content/Dataset/Test/Fake/fake_2597.jpg,0,0,True,0.9999687671661377,3.1232397304847836e-05
/content/Dataset/Test/Fake/fake_2598.jpg,0,0,True,0.9999761581420898,2.3879563741502352e-05
/content/Dataset/Test/Fake/fake_2599.jpg,0,0,True,0.9999767541885376,2.3228643840411678e-05
/content/Dataset/Test/Fake/fake_26.jpg,0,0,True,0.9999771118164062,2.2887528757564723e-05
/content/Dataset/Test/Fake/fake_260.jpg,0,0,True,0.9997727274894714,0.00022723976871930063
/content/Dataset/Test/Fake/fake_2600.jpg,0,0,True,0.9999579191207886,4.2035102524096146e-05
/content/Dataset/Test/Fake/fake_2601.jpg,0,0,True,0.9999732971191406,2.671679794730153e-05
/content/Dataset/Test/Fake/fake_2602.jpg,0,0,True,0.9999752044677734,2.4773789846221916e-05
/content/Dataset/Test/Fake/fake_2603.jpg,0,0,True,0.9990494847297668,0.0009505502530373633
/content/Dataset/Test/Fake/fake_2604.jpg,0,0,True,0.9999749660491943,2.4984950869111344e-05
/content/Dataset/Test/Fake/fake_2605.jpg,0,0,True,0.9874621033668518,0.012537917122244835
/content/Dataset/Test/Fake/fake_2606.jpg,0,0,True,0.9936664700508118,0.00633357185870409
/content/Dataset/Test/Fake/fake_2607.jpg,0,0,True,0.9855288863182068,0.014471153728663921
/content/Dataset/Test/Fake/fake_2608.jpg,0,0,True,0.9999545812606812,4.546936179394834e-05
/content/Dataset/Test/Fake/fake_2609.jpg,0,0,True,0.9985297918319702,0.0014701489126309752
/content/Dataset/Test/Fake/fake_261.jpg,0,0,True,0.9999747276306152,2.527394099161029e-05
/content/Dataset/Test/Fake/fake_2610.jpg,0,0,True,0.9999762773513794,2.3730597604298964e-05
/content/Dataset/Test/Fake/fake_2611.jpg,0,0,True,0.9999672174453735,3.281632962170988e-05
/content/Dataset/Test/Fake/fake_2612.jpg,0,0,True,0.9999735355377197,2.6476654966245405e-05
/content/Dataset/Test/Fake/fake_2613.jpg,0,0,True,0.9999727010726929,2.7319589207763784e-05
/content/Dataset/Test/Fake/fake_2614.jpg,0,0,True,0.9999728202819824,2.72356719506206e-05
/content/Dataset/Test/Fake/fake_2615.jpg,0,0,True,0.9999765157699585,2.3533199055236764e-05
/content/Dataset/Test/Fake/fake_2616.jpg,0,0,True,0.9999728202819824,2.717623283388093e-05
/content/Dataset/Test/Fake/fake_2617.jpg,0,0,True,0.999971866607666,2.809751640597824e-05
/content/Dataset/Test/Fake/fake_2618.jpg,0,0,True,0.9999755620956421,2.441543256281875e-05
/content/Dataset/Test/Fake/fake_2619.jpg,0,0,True,0.9999686479568481,3.132253550575115e-05
/content/Dataset/Test/Fake/fake_262.jpg,0,1,False,0.020263010635972023,0.9797369837760925
/content/Dataset/Test/Fake/fake_2620.jpg,0,0,True,0.9999715089797974,2.8544498491100967e-05
/content/Dataset/Test/Fake/fake_2621.jpg,0,0,True,0.9999722242355347,2.7785785277956165e-05
/content/Dataset/Test/Fake/fake_2622.jpg,0,0,True,0.9999778270721436,2.2175967387738638e-05
/content/Dataset/Test/Fake/fake_2623.jpg,0,0,True,0.9999769926071167,2.3014694306766614e-05
/content/Dataset/Test/Fake/fake_2624.jpg,0,0,True,0.9999748468399048,2.51631918217754e-05
/content/Dataset/Test/Fake/fake_2625.jpg,0,0,True,0.9999758005142212,2.4168368327082135e-05
/content/Dataset/Test/Fake/fake_2626.jpg,0,0,True,0.9999724626541138,2.7522984964889474e-05
/content/Dataset/Test/Fake/fake_2627.jpg,0,0,True,0.9999614953994751,3.8554848288185894e-05
/content/Dataset/Test/Fake/fake_2628.jpg,0,0,True,0.992988646030426,0.007011340465396643
/content/Dataset/Test/Fake/fake_2629.jpg,0,0,True,0.9999704360961914,2.9521117539843544e-05
/content/Dataset/Test/Fake/fake_263.jpg,0,0,True,0.9999728202819824,2.7158690500073135e-05
/content/Dataset/Test/Fake/fake_2630.jpg,0,0,True,0.9999697208404541,3.0236133170546964e-05
/content/Dataset/Test/Fake/fake_2631.jpg,0,0,True,0.9999725818634033,2.7376156140235253e-05
/content/Dataset/Test/Fake/fake_2632.jpg,0,0,True,0.999977707862854,2.2329140847432427e-05
/content/Dataset/Test/Fake/fake_2633.jpg,0,0,True,0.999977707862854,2.225553907919675e-05
/content/Dataset/Test/Fake/fake_2634.jpg,0,0,True,0.9999765157699585,2.353396121179685e-05
/content/Dataset/Test/Fake/fake_2635.jpg,0,0,True,0.9999758005142212,2.4257824406959116e-05
/content/Dataset/Test/Fake/fake_2636.jpg,0,0,True,0.9999740123748779,2.5995357646024786e-05
/content/Dataset/Test/Fake/fake_2637.jpg,0,0,True,0.9999755620956421,2.4400953407166526e-05
/content/Dataset/Test/Fake/fake_2638.jpg,0,0,True,0.9999278783798218,7.215072400867939e-05
/content/Dataset/Test/Fake/fake_2639.jpg,0,0,True,0.9999728202819824,2.723278885241598e-05
/content/Dataset/Test/Fake/fake_264.jpg,0,0,True,0.9999423027038574,5.768860864918679e-05
/content/Dataset/Test/Fake/fake_2640.jpg,0,0,True,0.9999737739562988,2.62445246335119e-05
/content/Dataset/Test/Fake/fake_2641.jpg,0,0,True,0.9999724626541138,2.758305345196277e-05
/content/Dataset/Test/Fake/fake_2642.jpg,0,0,True,0.9999749660491943,2.5029812604770996e-05
/content/Dataset/Test/Fake/fake_2643.jpg,0,0,True,0.9999749660491943,2.499434231140185e-05
/content/Dataset/Test/Fake/fake_2644.jpg,0,0,True,0.9999736547470093,2.6362191420048475e-05
/content/Dataset/Test/Fake/fake_2645.jpg,0,0,True,0.9999710321426392,2.8913644200656563e-05
/content/Dataset/Test/Fake/fake_2646.jpg,0,0,True,0.9999604225158691,3.9581551391165704e-05
/content/Dataset/Test/Fake/fake_2647.jpg,0,0,True,0.9999706745147705,2.9333685233723372e-05
/content/Dataset/Test/Fake/fake_2648.jpg,0,0,True,0.999971866607666,2.816453343257308e-05
/content/Dataset/Test/Fake/fake_2649.jpg,0,0,True,0.9999725818634033,2.7389212846173905e-05
/content/Dataset/Test/Fake/fake_265.jpg,0,0,True,0.9999334812164307,6.654370372416452e-05
/content/Dataset/Test/Fake/fake_2650.jpg,0,0,True,0.9999762773513794,2.3760736439726315e-05
/content/Dataset/Test/Fake/fake_2651.jpg,0,0,True,0.999976396560669,2.3576327293994837e-05
/content/Dataset/Test/Fake/fake_2652.jpg,0,0,True,0.9999775886535645,2.2393136532627977e-05
/content/Dataset/Test/Fake/fake_2653.jpg,0,0,True,0.999976634979248,2.3415135729010217e-05
/content/Dataset/Test/Fake/fake_2654.jpg,0,0,True,0.9999752044677734,2.4753291654633358e-05
/content/Dataset/Test/Fake/fake_2655.jpg,0,0,True,0.9999632835388184,3.6762809031642973e-05
/content/Dataset/Test/Fake/fake_2656.jpg,0,0,True,0.9999799728393555,1.9989241991424933e-05
/content/Dataset/Test/Fake/fake_2657.jpg,0,0,True,0.9999407529830933,5.9299010899849236e-05
/content/Dataset/Test/Fake/fake_2658.jpg,0,0,True,0.9988203644752502,0.0011795851169154048
/content/Dataset/Test/Fake/fake_2659.jpg,0,0,True,0.9999759197235107,2.4065011530183256e-05
/content/Dataset/Test/Fake/fake_266.jpg,0,0,True,0.9999678134918213,3.21480656566564e-05
/content/Dataset/Test/Fake/fake_2660.jpg,0,0,True,0.9999750852584839,2.4956925699370913e-05
/content/Dataset/Test/Fake/fake_2661.jpg,0,0,True,0.9999744892120361,2.553949161665514e-05
/content/Dataset/Test/Fake/fake_2662.jpg,0,0,True,0.9999783039093018,2.174622568418272e-05
/content/Dataset/Test/Fake/fake_2663.jpg,0,0,True,0.9999748468399048,2.510975900804624e-05
/content/Dataset/Test/Fake/fake_2664.jpg,0,0,True,0.9999682903289795,3.174943049089052e-05
/content/Dataset/Test/Fake/fake_2665.jpg,0,0,True,0.9974237680435181,0.0025762903969734907
/content/Dataset/Test/Fake/fake_2666.jpg,0,0,True,0.9999722242355347,2.7823572963825427e-05
/content/Dataset/Test/Fake/fake_2667.jpg,0,0,True,0.9997153878211975,0.0002845385461114347
/content/Dataset/Test/Fake/fake_2668.jpg,0,0,True,0.9999687671661377,3.126672891085036e-05
/content/Dataset/Test/Fake/fake_2669.jpg,0,0,True,0.9999758005142212,2.4141718313330784e-05
/content/Dataset/Test/Fake/fake_267.jpg,0,1,False,0.2880828380584717,0.7119171619415283
/content/Dataset/Test/Fake/fake_2670.jpg,0,0,True,0.9999769926071167,2.2987911506788805e-05
/content/Dataset/Test/Fake/fake_2671.jpg,0,0,True,0.9999538660049438,4.6117980673443526e-05
/content/Dataset/Test/Fake/fake_2672.jpg,0,0,True,0.9999618530273438,3.819544144789688e-05
/content/Dataset/Test/Fake/fake_2673.jpg,0,0,True,0.9999595880508423,4.041426655021496e-05
/content/Dataset/Test/Fake/fake_2674.jpg,0,0,True,0.9999707937240601,2.916059020208195e-05
/content/Dataset/Test/Fake/fake_2675.jpg,0,0,True,0.9999662637710571,3.376600216142833e-05
/content/Dataset/Test/Fake/fake_2676.jpg,0,0,True,0.9999771118164062,2.292226236022543e-05
/content/Dataset/Test/Fake/fake_2677.jpg,0,0,True,0.9999719858169556,2.804034375003539e-05
/content/Dataset/Test/Fake/fake_2678.jpg,0,0,True,0.9999697208404541,3.027759703400079e-05
/content/Dataset/Test/Fake/fake_2679.jpg,0,0,True,0.9999781847000122,2.1798943635076284e-05
/content/Dataset/Test/Fake/fake_268.jpg,0,0,True,0.9917369484901428,0.008263024501502514
/content/Dataset/Test/Fake/fake_2680.jpg,0,0,True,0.9999719858169556,2.796159424178768e-05
/content/Dataset/Test/Fake/fake_2681.jpg,0,0,True,0.9999749660491943,2.5019669919856824e-05
/content/Dataset/Test/Fake/fake_2682.jpg,0,0,True,0.999975323677063,2.4661587303853594e-05
/content/Dataset/Test/Fake/fake_2683.jpg,0,0,True,0.9999661445617676,3.383830335224047e-05
/content/Dataset/Test/Fake/fake_2684.jpg,0,0,True,0.9999613761901855,3.860388824250549e-05
/content/Dataset/Test/Fake/fake_2685.jpg,0,0,True,0.999976634979248,2.339877210033592e-05
/content/Dataset/Test/Fake/fake_2686.jpg,0,0,True,0.9999402761459351,5.976082684355788e-05
/content/Dataset/Test/Fake/fake_2687.jpg,0,0,True,0.999977707862854,2.2344755052472465e-05
/content/Dataset/Test/Fake/fake_2688.jpg,0,0,True,0.9999725818634033,2.736816713877488e-05
/content/Dataset/Test/Fake/fake_2689.jpg,0,0,True,0.9999744892120361,2.5544726668158546e-05
/content/Dataset/Test/Fake/fake_269.jpg,0,0,True,0.8198039531707764,0.18019601702690125
/content/Dataset/Test/Fake/fake_2690.jpg,0,0,True,0.9999756813049316,2.4299128199345432e-05
/content/Dataset/Test/Fake/fake_2691.jpg,0,0,True,0.9999746084213257,2.5351620934088714e-05
/content/Dataset/Test/Fake/fake_2692.jpg,0,0,True,0.7553924918174744,0.24460750818252563
/content/Dataset/Test/Fake/fake_2693.jpg,0,0,True,0.9999653100967407,3.474769982858561e-05
/content/Dataset/Test/Fake/fake_2694.jpg,0,0,True,0.9999773502349854,2.2611115127801895e-05
/content/Dataset/Test/Fake/fake_2695.jpg,0,0,True,0.9999761581420898,2.3819564376026392e-05
/content/Dataset/Test/Fake/fake_2696.jpg,0,0,True,0.9999755620956421,2.4452830984955654e-05
/content/Dataset/Test/Fake/fake_2697.jpg,0,0,True,0.999970555305481,2.9453885872499086e-05
/content/Dataset/Test/Fake/fake_2698.jpg,0,0,True,0.9999771118164062,2.2849644665257074e-05
/content/Dataset/Test/Fake/fake_2699.jpg,0,0,True,0.999975323677063,2.470688195899129e-05
/content/Dataset/Test/Fake/fake_27.jpg,0,0,True,0.9999778270721436,2.214572305092588e-05
/content/Dataset/Test/Fake/fake_270.jpg,0,0,True,0.9999665021896362,3.350442057126202e-05
/content/Dataset/Test/Fake/fake_2700.jpg,0,0,True,0.9999736547470093,2.6332243578508496e-05
/content/Dataset/Test/Fake/fake_2701.jpg,0,0,True,0.9999637603759766,3.6234763683751225e-05
/content/Dataset/Test/Fake/fake_2702.jpg,0,0,True,0.985260009765625,0.014740063808858395
/content/Dataset/Test/Fake/fake_2703.jpg,0,0,True,0.9999735355377197,2.643885454745032e-05
/content/Dataset/Test/Fake/fake_2704.jpg,0,0,True,0.9999703168869019,2.970910099975299e-05
/content/Dataset/Test/Fake/fake_2705.jpg,0,0,True,0.9999537467956543,4.6287656005006284e-05
/content/Dataset/Test/Fake/fake_2706.jpg,0,0,True,0.9999759197235107,2.402318932581693e-05
/content/Dataset/Test/Fake/fake_2707.jpg,0,0,True,0.9999750852584839,2.494631007721182e-05
/content/Dataset/Test/Fake/fake_2708.jpg,0,0,True,0.9999781847000122,2.1799338355776854e-05
/content/Dataset/Test/Fake/fake_2709.jpg,0,0,True,0.9999772310256958,2.2722742869518697e-05
/content/Dataset/Test/Fake/fake_271.jpg,0,0,True,0.9999632835388184,3.670560545288026e-05
/content/Dataset/Test/Fake/fake_2710.jpg,0,0,True,0.9999141693115234,8.584080205764621e-05
/content/Dataset/Test/Fake/fake_2711.jpg,0,0,True,0.9927746057510376,0.007225413341075182
/content/Dataset/Test/Fake/fake_2712.jpg,0,0,True,0.999977707862854,2.229124766017776e-05
/content/Dataset/Test/Fake/fake_2713.jpg,0,0,True,0.9999691247940063,3.087589720962569e-05
/content/Dataset/Test/Fake/fake_2714.jpg,0,0,True,0.9999769926071167,2.2989928766037337e-05
/content/Dataset/Test/Fake/fake_2715.jpg,0,0,True,0.9999728202819824,2.7227102691540495e-05
/content/Dataset/Test/Fake/fake_2716.jpg,0,0,True,0.999977707862854,2.2257514501689002e-05
/content/Dataset/Test/Fake/fake_2717.jpg,0,0,True,0.9999755620956421,2.4397766537731513e-05
/content/Dataset/Test/Fake/fake_2718.jpg,0,0,True,0.9999610185623169,3.895644113072194e-05
/content/Dataset/Test/Fake/fake_2719.jpg,0,0,True,0.9999617338180542,3.8315251003950834e-05
/content/Dataset/Test/Fake/fake_272.jpg,0,0,True,0.9999645948410034,3.540159377735108e-05
/content/Dataset/Test/Fake/fake_2720.jpg,0,0,True,0.9999562501907349,4.3694435589713976e-05
/content/Dataset/Test/Fake/fake_2721.jpg,0,0,True,0.9999754428863525,2.4527826099074446e-05
/content/Dataset/Test/Fake/fake_2722.jpg,0,0,True,0.9999749660491943,2.5047145754797384e-05
/content/Dataset/Test/Fake/fake_2723.jpg,0,0,True,0.8120428919792175,0.1879570335149765
/content/Dataset/Test/Fake/fake_2724.jpg,0,0,True,0.9999474287033081,5.2574956498574466e-05
/content/Dataset/Test/Fake/fake_2725.jpg,0,0,True,0.9999784231185913,2.1543377442867495e-05
/content/Dataset/Test/Fake/fake_2726.jpg,0,0,True,0.9999550580978394,4.497120244195685e-05
/content/Dataset/Test/Fake/fake_2727.jpg,0,0,True,0.9999719858169556,2.796279477479402e-05
/content/Dataset/Test/Fake/fake_2728.jpg,0,0,True,0.9999656677246094,3.428741547395475e-05
/content/Dataset/Test/Fake/fake_2729.jpg,0,0,True,0.9999748468399048,2.511864477128256e-05
/content/Dataset/Test/Fake/fake_273.jpg,0,0,True,0.9999732971191406,2.6715702915680595e-05
/content/Dataset/Test/Fake/fake_2730.jpg,0,0,True,0.9999716281890869,2.8423566618585028e-05
/content/Dataset/Test/Fake/fake_2731.jpg,0,0,True,0.999932050704956,6.800019764341414e-05
/content/Dataset/Test/Fake/fake_2732.jpg,0,0,True,0.9999755620956421,2.4433486032648943e-05
/content/Dataset/Test/Fake/fake_2733.jpg,0,0,True,0.9999594688415527,4.0484163037035614e-05
/content/Dataset/Test/Fake/fake_2734.jpg,0,0,True,0.9999754428863525,2.4580816898378544e-05
/content/Dataset/Test/Fake/fake_2735.jpg,0,0,True,0.9999750852584839,2.486007724655792e-05
/content/Dataset/Test/Fake/fake_2736.jpg,0,0,True,0.9999686479568481,3.1297808163799345e-05
/content/Dataset/Test/Fake/fake_2737.jpg,0,0,True,0.9999752044677734,2.4803270207485184e-05
/content/Dataset/Test/Fake/fake_2738.jpg,0,0,True,0.999970555305481,2.9428447305690497e-05
/content/Dataset/Test/Fake/fake_2739.jpg,0,0,True,0.999976396560669,2.3578957552672364e-05
/content/Dataset/Test/Fake/fake_274.jpg,0,0,True,0.9999768733978271,2.3159944248618558e-05
/content/Dataset/Test/Fake/fake_2740.jpg,0,0,True,0.9511115550994873,0.0488884337246418
/content/Dataset/Test/Fake/fake_2741.jpg,0,0,True,0.9999765157699585,2.350009890506044e-05
/content/Dataset/Test/Fake/fake_2742.jpg,0,0,True,0.9999629259109497,3.7060282920720056e-05
/content/Dataset/Test/Fake/fake_2743.jpg,0,0,True,0.9999552965164185,4.475634705158882e-05
/content/Dataset/Test/Fake/fake_2744.jpg,0,0,True,0.999975323677063,2.4728096832404844e-05
/content/Dataset/Test/Fake/fake_2745.jpg,0,0,True,0.9999556541442871,4.436522431205958e-05
/content/Dataset/Test/Fake/fake_2746.jpg,0,0,True,0.9999326467514038,6.730319728376344e-05
/content/Dataset/Test/Fake/fake_2747.jpg,0,0,True,0.9999762773513794,2.370282163610682e-05
/content/Dataset/Test/Fake/fake_2748.jpg,0,0,True,0.9999780654907227,2.1909610950388014e-05
/content/Dataset/Test/Fake/fake_2749.jpg,0,0,True,0.9999778270721436,2.222254261141643e-05
/content/Dataset/Test/Fake/fake_275.jpg,0,0,True,0.9999754428863525,2.4561226382502355e-05
/content/Dataset/Test/Fake/fake_2750.jpg,0,0,True,0.9999747276306152,2.5304061637143604e-05
/content/Dataset/Test/Fake/fake_2751.jpg,0,0,True,0.9999703168869019,2.9677470593014732e-05
/content/Dataset/Test/Fake/fake_2752.jpg,0,0,True,0.9999756813049316,2.427466824883595e-05
/content/Dataset/Test/Fake/fake_2753.jpg,0,0,True,0.9999779462814331,2.2072161300457083e-05
/content/Dataset/Test/Fake/fake_2754.jpg,0,0,True,0.9999746084213257,2.5343786546727642e-05
/content/Dataset/Test/Fake/fake_2755.jpg,0,0,True,0.999977707862854,2.229673191322945e-05
/content/Dataset/Test/Fake/fake_2756.jpg,0,0,True,0.9999773502349854,2.2634179913438857e-05
/content/Dataset/Test/Fake/fake_2757.jpg,0,0,True,0.9999790191650391,2.100073470501229e-05
/content/Dataset/Test/Fake/fake_2758.jpg,0,0,True,0.9999778270721436,2.2119971617939882e-05
/content/Dataset/Test/Fake/fake_2759.jpg,0,0,True,0.9999762773513794,2.3667604182264768e-05
/content/Dataset/Test/Fake/fake_276.jpg,0,0,True,0.9999568462371826,4.312194141675718e-05
/content/Dataset/Test/Fake/fake_2760.jpg,0,0,True,0.9999732971191406,2.667972512426786e-05
/content/Dataset/Test/Fake/fake_2761.jpg,0,0,True,0.9999761581420898,2.3807890102034435e-05
/content/Dataset/Test/Fake/fake_2762.jpg,0,0,True,0.7699651718139648,0.23003481328487396
/content/Dataset/Test/Fake/fake_2763.jpg,0,0,True,0.9999793767929077,2.0572682842612267e-05
/content/Dataset/Test/Fake/fake_2764.jpg,0,0,True,0.9999686479568481,3.139334876323119e-05
/content/Dataset/Test/Fake/fake_2765.jpg,0,0,True,0.9999758005142212,2.4249242414953187e-05
/content/Dataset/Test/Fake/fake_2766.jpg,0,0,True,0.9999774694442749,2.2507399989990517e-05
/content/Dataset/Test/Fake/fake_2767.jpg,0,0,True,0.9999716281890869,2.836675412254408e-05
/content/Dataset/Test/Fake/fake_2768.jpg,0,0,True,0.9999748468399048,2.513004801585339e-05
/content/Dataset/Test/Fake/fake_2769.jpg,0,0,True,0.9999743700027466,2.567338196968194e-05
/content/Dataset/Test/Fake/fake_277.jpg,0,0,True,0.8609387874603271,0.13906116783618927
/content/Dataset/Test/Fake/fake_2770.jpg,0,0,True,0.9999620914459229,3.7949135730741546e-05
/content/Dataset/Test/Fake/fake_2771.jpg,0,0,True,0.9999678134918213,3.221831866540015e-05
/content/Dataset/Test/Fake/fake_2772.jpg,0,0,True,0.9999768733978271,2.318354199815076e-05
/content/Dataset/Test/Fake/fake_2773.jpg,0,0,True,0.9999756813049316,2.4352670152438805e-05
/content/Dataset/Test/Fake/fake_2774.jpg,0,0,True,0.9999799728393555,2.001142638619058e-05
/content/Dataset/Test/Fake/fake_2775.jpg,0,0,True,0.9999736547470093,2.631717870826833e-05
/content/Dataset/Test/Fake/fake_2776.jpg,0,0,True,0.9999750852584839,2.489996222720947e-05
/content/Dataset/Test/Fake/fake_2777.jpg,0,0,True,0.9999778270721436,2.2204725610208698e-05
/content/Dataset/Test/Fake/fake_2778.jpg,0,0,True,0.9999736547470093,2.6356585294706747e-05
/content/Dataset/Test/Fake/fake_2779.jpg,0,0,True,0.9999768733978271,2.307207068952266e-05
/content/Dataset/Test/Fake/fake_278.jpg,0,0,True,0.9999468326568604,5.315419548423961e-05
/content/Dataset/Test/Fake/fake_2780.jpg,0,0,True,0.999976396560669,2.3637383492314257e-05
/content/Dataset/Test/Fake/fake_2781.jpg,0,0,True,0.9996780157089233,0.00032194657251238823
/content/Dataset/Test/Fake/fake_2782.jpg,0,0,True,0.9999765157699585,2.348945417907089e-05
/content/Dataset/Test/Fake/fake_2783.jpg,0,0,True,0.9999560117721558,4.3983232899336144e-05
/content/Dataset/Test/Fake/fake_2784.jpg,0,0,True,0.999958872795105,4.11357541452162e-05
/content/Dataset/Test/Fake/fake_2785.jpg,0,0,True,0.9999750852584839,2.487966776243411e-05
/content/Dataset/Test/Fake/fake_2786.jpg,0,0,True,0.9999773502349854,2.2599131625611335e-05
/content/Dataset/Test/Fake/fake_2787.jpg,0,0,True,0.9999650716781616,3.496075078146532e-05
/content/Dataset/Test/Fake/fake_2788.jpg,0,1,False,0.0025194822810590267,0.997480571269989
/content/Dataset/Test/Fake/fake_2789.jpg,0,0,True,0.9999363422393799,6.370552000589669e-05
/content/Dataset/Test/Fake/fake_279.jpg,0,0,True,0.9999641180038452,3.5849225241690874e-05
/content/Dataset/Test/Fake/fake_2790.jpg,0,0,True,0.999963641166687,3.639754140749574e-05
/content/Dataset/Test/Fake/fake_2791.jpg,0,0,True,0.9999023675918579,9.759685781318694e-05
/content/Dataset/Test/Fake/fake_2792.jpg,0,0,True,0.9999682903289795,3.166536771459505e-05
/content/Dataset/Test/Fake/fake_2793.jpg,0,0,True,0.9999772310256958,2.2827824068372138e-05
/content/Dataset/Test/Fake/fake_2794.jpg,0,0,True,0.9999542236328125,4.576381979859434e-05
/content/Dataset/Test/Fake/fake_2795.jpg,0,0,True,0.9999527931213379,4.720370634458959e-05
/content/Dataset/Test/Fake/fake_2796.jpg,0,0,True,0.9999655485153198,3.4432279790053144e-05
/content/Dataset/Test/Fake/fake_2797.jpg,0,0,True,0.9999657869338989,3.420534631004557e-05
/content/Dataset/Test/Fake/fake_2798.jpg,0,0,True,0.9999626874923706,3.727084549609572e-05
/content/Dataset/Test/Fake/fake_2799.jpg,0,0,True,0.9999693632125854,3.065907003474422e-05
/content/Dataset/Test/Fake/fake_28.jpg,0,0,True,0.9999728202819824,2.7232816137257032e-05
/content/Dataset/Test/Fake/fake_280.jpg,0,0,True,0.9999688863754272,3.106882650172338e-05
/content/Dataset/Test/Fake/fake_2800.jpg,0,0,True,0.9927567839622498,0.007243248168379068
/content/Dataset/Test/Fake/fake_2801.jpg,0,0,True,0.9999758005142212,2.4218414182541892e-05
/content/Dataset/Test/Fake/fake_2802.jpg,0,0,True,0.9999301433563232,6.990689871599898e-05
/content/Dataset/Test/Fake/fake_2803.jpg,0,0,True,0.9999724626541138,2.754950946837198e-05
/content/Dataset/Test/Fake/fake_2804.jpg,0,0,True,0.9999505281448364,4.9475176638225093e-05
/content/Dataset/Test/Fake/fake_2805.jpg,0,0,True,0.9999767541885376,2.3246817363542505e-05
/content/Dataset/Test/Fake/fake_2806.jpg,0,0,True,0.9999752044677734,2.4799510356388055e-05
/content/Dataset/Test/Fake/fake_2807.jpg,0,0,True,0.9999558925628662,4.4124470150563866e-05
/content/Dataset/Test/Fake/fake_2808.jpg,0,0,True,0.9999710321426392,2.9011780497967266e-05
/content/Dataset/Test/Fake/fake_2809.jpg,0,0,True,0.9999529123306274,4.7077748604351655e-05
/content/Dataset/Test/Fake/fake_281.jpg,0,0,True,0.9999622106552124,3.7767931644339114e-05
/content/Dataset/Test/Fake/fake_2810.jpg,0,0,True,0.9999788999557495,2.1075427866890095e-05
/content/Dataset/Test/Fake/fake_2811.jpg,0,0,True,0.9998928308486938,0.0001071864171535708
/content/Dataset/Test/Fake/fake_2812.jpg,0,0,True,0.9999735355377197,2.6439107386977412e-05
/content/Dataset/Test/Fake/fake_2813.jpg,0,0,True,0.9999759197235107,2.40359986491967e-05
/content/Dataset/Test/Fake/fake_2814.jpg,0,0,True,0.9999357461929321,6.424917228287086e-05
/content/Dataset/Test/Fake/fake_2815.jpg,0,0,True,0.9999781847000122,2.1861609639017843e-05
/content/Dataset/Test/Fake/fake_2816.jpg,0,0,True,0.9999768733978271,2.318119913979899e-05
/content/Dataset/Test/Fake/fake_2817.jpg,0,0,True,0.9999700784683228,2.9898134016548283e-05
/content/Dataset/Test/Fake/fake_2818.jpg,0,0,True,0.9999567270278931,4.3255633499938995e-05
/content/Dataset/Test/Fake/fake_2819.jpg,0,0,True,0.9999725818634033,2.747214057308156e-05
/content/Dataset/Test/Fake/fake_282.jpg,0,0,True,0.9999728202819824,2.7179497919860296e-05
/content/Dataset/Test/Fake/fake_2820.jpg,0,0,True,0.9999721050262451,2.793561179714743e-05
/content/Dataset/Test/Fake/fake_2821.jpg,0,0,True,0.9999778270721436,2.2194817574927583e-05
/content/Dataset/Test/Fake/fake_2822.jpg,0,0,True,0.9999650716781616,3.492556425044313e-05
/content/Dataset/Test/Fake/fake_2823.jpg,0,0,True,0.9999748468399048,2.5109973648795858e-05
/content/Dataset/Test/Fake/fake_2824.jpg,0,0,True,0.5342199206352234,0.46578001976013184
/content/Dataset/Test/Fake/fake_2825.jpg,0,0,True,0.9864152073860168,0.013584781438112259
/content/Dataset/Test/Fake/fake_2826.jpg,0,0,True,0.9997535347938538,0.00024651968851685524
/content/Dataset/Test/Fake/fake_2827.jpg,0,0,True,0.9999725818634033,2.7391537514631636e-05
/content/Dataset/Test/Fake/fake_2828.jpg,0,0,True,0.9999756813049316,2.4328855943167582e-05
/content/Dataset/Test/Fake/fake_2829.jpg,0,0,True,0.9999775886535645,2.2378724679583684e-05
/content/Dataset/Test/Fake/fake_283.jpg,0,0,True,0.9999681711196899,3.1776966352481395e-05
/content/Dataset/Test/Fake/fake_2830.jpg,0,0,True,0.9999622106552124,3.777708479901776e-05
/content/Dataset/Test/Fake/fake_2831.jpg,0,0,True,0.9999713897705078,2.864605085051153e-05
/content/Dataset/Test/Fake/fake_2832.jpg,0,0,True,0.9995957016944885,0.0004042717919219285
/content/Dataset/Test/Fake/fake_2833.jpg,0,0,True,0.9999690055847168,3.098515298916027e-05
/content/Dataset/Test/Fake/fake_2834.jpg,0,0,True,0.9999758005142212,2.4180586478905752e-05
/content/Dataset/Test/Fake/fake_2835.jpg,0,0,True,0.999971866607666,2.8082087737857364e-05
/content/Dataset/Test/Fake/fake_2836.jpg,0,0,True,0.9999688863754272,3.11585608869791e-05
/content/Dataset/Test/Fake/fake_2837.jpg,0,0,True,0.9999774694442749,2.2501411876874045e-05
/content/Dataset/Test/Fake/fake_2838.jpg,0,0,True,0.9999775886535645,2.2411168174585328e-05
/content/Dataset/Test/Fake/fake_2839.jpg,0,0,True,0.9999772310256958,2.2774876924813725e-05
/content/Dataset/Test/Fake/fake_284.jpg,0,0,True,0.9999240636825562,7.59852264309302e-05
/content/Dataset/Test/Fake/fake_2840.jpg,0,0,True,0.9999655485153198,3.439384818193503e-05
/content/Dataset/Test/Fake/fake_2841.jpg,0,0,True,0.9999760389328003,2.3949669412104413e-05
/content/Dataset/Test/Fake/fake_2842.jpg,0,0,True,0.9999772310256958,2.2802236344432458e-05
/content/Dataset/Test/Fake/fake_2843.jpg,0,0,True,0.9999784231185913,2.155537913495209e-05
/content/Dataset/Test/Fake/fake_2844.jpg,0,0,True,0.9999793767929077,2.0597752154571936e-05
/content/Dataset/Test/Fake/fake_2845.jpg,0,0,True,0.9999794960021973,2.0475035853451118e-05
/content/Dataset/Test/Fake/fake_2846.jpg,0,1,False,0.30933496356010437,0.6906650066375732
/content/Dataset/Test/Fake/fake_2847.jpg,0,0,True,0.9999774694442749,2.2496045858133584e-05
/content/Dataset/Test/Fake/fake_2848.jpg,0,0,True,0.9999762773513794,2.3756861992296763e-05
/content/Dataset/Test/Fake/fake_2849.jpg,0,0,True,0.9999793767929077,2.0601839423761703e-05
/content/Dataset/Test/Fake/fake_285.jpg,0,0,True,0.9999638795852661,3.607034886954352e-05
/content/Dataset/Test/Fake/fake_2850.jpg,0,0,True,0.9999767541885376,2.3198535927804187e-05
/content/Dataset/Test/Fake/fake_2851.jpg,0,0,True,0.9999754428863525,2.4608494641142897e-05
/content/Dataset/Test/Fake/fake_2852.jpg,0,0,True,0.9999450445175171,5.492791024153121e-05
/content/Dataset/Test/Fake/fake_2853.jpg,0,0,True,0.9999775886535645,2.239398963865824e-05
/content/Dataset/Test/Fake/fake_2854.jpg,0,0,True,0.9999774694442749,2.251577279821504e-05
/content/Dataset/Test/Fake/fake_2855.jpg,0,0,True,0.9999783039093018,2.165345176763367e-05
/content/Dataset/Test/Fake/fake_2856.jpg,0,0,True,0.9999786615371704,2.1367904992075637e-05
/content/Dataset/Test/Fake/fake_2857.jpg,0,0,True,0.9999769926071167,2.3043092369334772e-05
/content/Dataset/Test/Fake/fake_2858.jpg,0,0,True,0.9999755620956421,2.44421335082734e-05
/content/Dataset/Test/Fake/fake_2859.jpg,0,0,True,0.9999778270721436,2.2159221771289594e-05
/content/Dataset/Test/Fake/fake_286.jpg,0,0,True,0.9857298135757446,0.014270170591771603
/content/Dataset/Test/Fake/fake_2860.jpg,0,0,True,0.9999643564224243,3.563959398888983e-05
/content/Dataset/Test/Fake/fake_2861.jpg,0,0,True,0.9999552965164185,4.47408965555951e-05
/content/Dataset/Test/Fake/fake_2862.jpg,0,0,True,0.6438471674919128,0.35615283250808716
/content/Dataset/Test/Fake/fake_2863.jpg,0,0,True,0.999976396560669,2.3564660295960493e-05
/content/Dataset/Test/Fake/fake_2864.jpg,0,0,True,0.999974250793457,2.570292417658493e-05
/content/Dataset/Test/Fake/fake_2865.jpg,0,0,True,0.9999760389328003,2.3910371965030208e-05
/content/Dataset/Test/Fake/fake_2866.jpg,0,0,True,0.9999750852584839,2.4972781830001622e-05
/content/Dataset/Test/Fake/fake_2867.jpg,0,0,True,0.9999774694442749,2.2504715161630884e-05
/content/Dataset/Test/Fake/fake_2868.jpg,0,0,True,0.9999760389328003,2.3959719328559004e-05
/content/Dataset/Test/Fake/fake_2869.jpg,0,0,True,0.9999752044677734,2.4812001356622204e-05
/content/Dataset/Test/Fake/fake_287.jpg,0,0,True,0.999966025352478,3.391638529137708e-05
/content/Dataset/Test/Fake/fake_2870.jpg,0,0,True,0.9999743700027466,2.559690983616747e-05
/content/Dataset/Test/Fake/fake_2871.jpg,0,0,True,0.999976634979248,2.3395001335302368e-05
/content/Dataset/Test/Fake/fake_2872.jpg,0,0,True,0.9999748468399048,2.518878500268329e-05
/content/Dataset/Test/Fake/fake_2873.jpg,0,0,True,0.9999772310256958,2.2774116587243043e-05
/content/Dataset/Test/Fake/fake_2874.jpg,0,0,True,0.9999761581420898,2.3860373403294943e-05
/content/Dataset/Test/Fake/fake_2875.jpg,0,0,True,0.9999762773513794,2.3776152374921367e-05
/content/Dataset/Test/Fake/fake_2876.jpg,0,0,True,0.9999760389328003,2.3914499251986854e-05
/content/Dataset/Test/Fake/fake_2877.jpg,0,0,True,0.9999735355377197,2.6430081561557017e-05
/content/Dataset/Test/Fake/fake_2878.jpg,0,0,True,0.999957799911499,4.2200823372695595e-05
/content/Dataset/Test/Fake/fake_2879.jpg,0,0,True,0.9999765157699585,2.345220673305448e-05
/content/Dataset/Test/Fake/fake_288.jpg,0,0,True,0.9999629259109497,3.706767165567726e-05
/content/Dataset/Test/Fake/fake_2880.jpg,0,0,True,0.9999780654907227,2.1932064555585384e-05
/content/Dataset/Test/Fake/fake_2881.jpg,0,0,True,0.9999440908432007,5.595334368990734e-05
/content/Dataset/Test/Fake/fake_2882.jpg,0,0,True,0.9999765157699585,2.352227056690026e-05
/content/Dataset/Test/Fake/fake_2883.jpg,0,0,True,0.9999769926071167,2.3013157260720618e-05
/content/Dataset/Test/Fake/fake_2884.jpg,0,0,True,0.9999785423278809,2.1476427718880586e-05
/content/Dataset/Test/Fake/fake_2885.jpg,0,0,True,0.9999773502349854,2.2707537937094457e-05
/content/Dataset/Test/Fake/fake_2886.jpg,0,0,True,0.9999761581420898,2.3865493858465925e-05
/content/Dataset/Test/Fake/fake_2887.jpg,0,0,True,0.9999654293060303,3.457151979091577e-05
/content/Dataset/Test/Fake/fake_2888.jpg,0,0,True,0.9999179840087891,8.196049748221412e-05
/content/Dataset/Test/Fake/fake_2889.jpg,0,0,True,0.9999767541885376,2.319409031770192e-05
/content/Dataset/Test/Fake/fake_289.jpg,0,1,False,0.3907013535499573,0.6092986464500427
/content/Dataset/Test/Fake/fake_2890.jpg,0,0,True,0.8210736513137817,0.17892640829086304
/content/Dataset/Test/Fake/fake_2891.jpg,0,0,True,0.9999781847000122,2.178620343329385e-05
/content/Dataset/Test/Fake/fake_2892.jpg,0,0,True,0.9999761581420898,2.386733831372112e-05
/content/Dataset/Test/Fake/fake_2893.jpg,0,0,True,0.9999779462814331,2.2016220100340433e-05
/content/Dataset/Test/Fake/fake_2894.jpg,0,0,True,0.9999772310256958,2.2744250600226223e-05
/content/Dataset/Test/Fake/fake_2895.jpg,0,0,True,0.9999730587005615,2.6950943720294163e-05
/content/Dataset/Test/Fake/fake_2896.jpg,0,0,True,0.9999775886535645,2.2431097022490576e-05
/content/Dataset/Test/Fake/fake_2897.jpg,0,0,True,0.9999786615371704,2.128005144186318e-05
/content/Dataset/Test/Fake/fake_2898.jpg,0,0,True,0.9999675750732422,3.237391138100065e-05
/content/Dataset/Test/Fake/fake_2899.jpg,0,0,True,0.9999791383743286,2.0875218979199417e-05
/content/Dataset/Test/Fake/fake_29.jpg,0,0,True,0.9999779462814331,2.2016303773852997e-05
/content/Dataset/Test/Fake/fake_290.jpg,0,0,True,0.9459773302078247,0.054022692143917084
/content/Dataset/Test/Fake/fake_2900.jpg,0,0,True,0.9999774694442749,2.2583748432225548e-05
/content/Dataset/Test/Fake/fake_2901.jpg,0,0,True,0.9999781847000122,2.177837086492218e-05
/content/Dataset/Test/Fake/fake_2902.jpg,0,0,True,0.9998617172241211,0.0001382228365400806
/content/Dataset/Test/Fake/fake_2903.jpg,0,0,True,0.9999765157699585,2.352173214603681e-05
/content/Dataset/Test/Fake/fake_2904.jpg,0,0,True,0.9999772310256958,2.27674263442168e-05
/content/Dataset/Test/Fake/fake_2905.jpg,0,0,True,0.9999773502349854,2.262643101857975e-05
/content/Dataset/Test/Fake/fake_2906.jpg,0,0,True,0.9999761581420898,2.3851796868257225e-05
/content/Dataset/Test/Fake/fake_2907.jpg,0,0,True,0.999976396560669,2.355470678594429e-05
/content/Dataset/Test/Fake/fake_2908.jpg,0,0,True,0.9999772310256958,2.2748175979359075e-05
/content/Dataset/Test/Fake/fake_2909.jpg,0,0,True,0.9999752044677734,2.476086956448853e-05
/content/Dataset/Test/Fake/fake_291.jpg,0,0,True,0.9999759197235107,2.4020439013838768e-05
/content/Dataset/Test/Fake/fake_2910.jpg,0,0,True,0.9972472786903381,0.002752731554210186
/content/Dataset/Test/Fake/fake_2911.jpg,0,0,True,0.9991374015808105,0.0008625428308732808
/content/Dataset/Test/Fake/fake_2912.jpg,0,0,True,0.9999771118164062,2.292912540724501e-05
/content/Dataset/Test/Fake/fake_2913.jpg,0,0,True,0.9948276877403259,0.005172258242964745
/content/Dataset/Test/Fake/fake_2914.jpg,0,0,True,0.9999743700027466,2.558334199420642e-05
/content/Dataset/Test/Fake/fake_2915.jpg,0,0,True,0.9999703168869019,2.9696524507016875e-05
/content/Dataset/Test/Fake/fake_2916.jpg,0,0,True,0.9999608993530273,3.906980055035092e-05
/content/Dataset/Test/Fake/fake_2917.jpg,0,0,True,0.9999701976776123,2.981027682835702e-05
/content/Dataset/Test/Fake/fake_2918.jpg,0,0,True,0.9999759197235107,2.4061431759037077e-05
/content/Dataset/Test/Fake/fake_2919.jpg,0,0,True,0.999974250793457,2.570297147030942e-05
/content/Dataset/Test/Fake/fake_292.jpg,0,0,True,0.9999434947967529,5.6554323236923665e-05
/content/Dataset/Test/Fake/fake_2920.jpg,0,0,True,0.9999755620956421,2.4467855837428942e-05
/content/Dataset/Test/Fake/fake_2921.jpg,0,0,True,0.9999732971191406,2.6656734917196445e-05
/content/Dataset/Test/Fake/fake_2922.jpg,0,0,True,0.999972939491272,2.705649967538193e-05
/content/Dataset/Test/Fake/fake_2923.jpg,0,0,True,0.9999535083770752,4.646123852580786e-05
/content/Dataset/Test/Fake/fake_2924.jpg,0,0,True,0.9998389482498169,0.00016100173525046557
/content/Dataset/Test/Fake/fake_2925.jpg,0,0,True,0.9999740123748779,2.596512968011666e-05
/content/Dataset/Test/Fake/fake_2926.jpg,0,0,True,0.9999775886535645,2.2458280000137165e-05
/content/Dataset/Test/Fake/fake_2927.jpg,0,0,True,0.9999759197235107,2.402231802989263e-05
/content/Dataset/Test/Fake/fake_2928.jpg,0,0,True,0.9999696016311646,3.0431219784077257e-05
/content/Dataset/Test/Fake/fake_2929.jpg,0,0,True,0.9999780654907227,2.198041147494223e-05
/content/Dataset/Test/Fake/fake_293.jpg,0,0,True,0.9999439716339111,5.6007203966146335e-05
/content/Dataset/Test/Fake/fake_2930.jpg,0,0,True,0.9999773502349854,2.2616895876126364e-05
/content/Dataset/Test/Fake/fake_2931.jpg,0,0,True,0.9999780654907227,2.1947607820038684e-05
/content/Dataset/Test/Fake/fake_2932.jpg,0,0,True,0.9796727895736694,0.020327234640717506
/content/Dataset/Test/Fake/fake_2933.jpg,0,0,True,0.9983072280883789,0.0016927295364439487
/content/Dataset/Test/Fake/fake_2934.jpg,0,0,True,0.9999775886535645,2.2381371309165843e-05
/content/Dataset/Test/Fake/fake_2935.jpg,0,0,True,0.9999774694442749,2.2586116756428964e-05
/content/Dataset/Test/Fake/fake_2936.jpg,0,0,True,0.9999771118164062,2.2941199858905748e-05
/content/Dataset/Test/Fake/fake_2937.jpg,0,0,True,0.9999774694442749,2.2552369046024978e-05
/content/Dataset/Test/Fake/fake_2938.jpg,0,0,True,0.9999741315841675,2.5862522306852043e-05
/content/Dataset/Test/Fake/fake_2939.jpg,0,1,False,0.4192504286766052,0.5807495713233948
/content/Dataset/Test/Fake/fake_294.jpg,0,0,True,0.9999518394470215,4.8123289161594585e-05
/content/Dataset/Test/Fake/fake_2940.jpg,0,1,False,0.1805773675441742,0.8194226026535034
/content/Dataset/Test/Fake/fake_2941.jpg,0,0,True,0.9999665021896362,3.35359109158162e-05
/content/Dataset/Test/Fake/fake_2942.jpg,0,0,True,0.9999722242355347,2.7760863304138184e-05
/content/Dataset/Test/Fake/fake_2943.jpg,0,0,True,0.999976396560669,2.3628004782949574e-05
/content/Dataset/Test/Fake/fake_2944.jpg,0,0,True,0.9999696016311646,3.0438883186434396e-05
/content/Dataset/Test/Fake/fake_2945.jpg,0,0,True,0.9999788999557495,2.1118625227245502e-05
/content/Dataset/Test/Fake/fake_2946.jpg,0,0,True,0.9999773502349854,2.259876418975182e-05
/content/Dataset/Test/Fake/fake_2947.jpg,0,0,True,0.9999750852584839,2.4930401195888408e-05
/content/Dataset/Test/Fake/fake_2948.jpg,0,0,True,0.9999779462814331,2.205450800829567e-05
/content/Dataset/Test/Fake/fake_2949.jpg,0,0,True,0.9999656677246094,3.4352910006418824e-05
/content/Dataset/Test/Fake/fake_295.jpg,0,0,True,0.9999116659164429,8.828337740851566e-05
/content/Dataset/Test/Fake/fake_2950.jpg,0,0,True,0.9999768733978271,2.3139542463468388e-05
/content/Dataset/Test/Fake/fake_2951.jpg,0,0,True,0.999975323677063,2.4705772375455126e-05
/content/Dataset/Test/Fake/fake_2952.jpg,0,0,True,0.9999784231185913,2.1560766981565394e-05
/content/Dataset/Test/Fake/fake_2953.jpg,0,0,True,0.9999784231185913,2.1597399609163404e-05
/content/Dataset/Test/Fake/fake_2954.jpg,0,0,True,0.9999661445617676,3.381807619007304e-05
/content/Dataset/Test/Fake/fake_2955.jpg,0,0,True,0.9999654293060303,3.460285734036006e-05
/content/Dataset/Test/Fake/fake_2956.jpg,0,0,True,0.99997878074646,2.1274821847327985e-05
/content/Dataset/Test/Fake/fake_2957.jpg,0,0,True,0.9999762773513794,2.373937786614988e-05
/content/Dataset/Test/Fake/fake_2958.jpg,0,0,True,0.9999699592590332,3.0024251827853732e-05
/content/Dataset/Test/Fake/fake_2959.jpg,0,0,True,0.9999759197235107,2.4050743377301842e-05
/content/Dataset/Test/Fake/fake_296.jpg,0,0,True,0.9999575614929199,4.245889431331307e-05
/content/Dataset/Test/Fake/fake_2960.jpg,0,0,True,0.9999765157699585,2.3519132810179144e-05
/content/Dataset/Test/Fake/fake_2961.jpg,0,0,True,0.9999788999557495,2.108399166900199e-05
/content/Dataset/Test/Fake/fake_2962.jpg,0,0,True,0.9999771118164062,2.2890541004016995e-05
/content/Dataset/Test/Fake/fake_2963.jpg,0,0,True,0.9999580383300781,4.2017793020932004e-05
/content/Dataset/Test/Fake/fake_2964.jpg,0,0,True,0.999972939491272,2.7080999643658288e-05
/content/Dataset/Test/Fake/fake_2965.jpg,0,0,True,0.9999768733978271,2.318203951290343e-05
/content/Dataset/Test/Fake/fake_2966.jpg,0,0,True,0.9999687671661377,3.1188403227133676e-05
/content/Dataset/Test/Fake/fake_2967.jpg,0,0,True,0.9999768733978271,2.3114180294214748e-05
/content/Dataset/Test/Fake/fake_2968.jpg,0,0,True,0.9999758005142212,2.4221741114160977e-05
/content/Dataset/Test/Fake/fake_2969.jpg,0,0,True,0.9999693632125854,3.068767910008319e-05
/content/Dataset/Test/Fake/fake_297.jpg,0,0,True,0.9999611377716064,3.8871348806424066e-05
/content/Dataset/Test/Fake/fake_2970.jpg,0,0,True,0.999969482421875,3.045981975446921e-05
/content/Dataset/Test/Fake/fake_2971.jpg,0,0,True,0.9999723434448242,2.7693991796695627e-05
/content/Dataset/Test/Fake/fake_2972.jpg,0,0,True,0.9999270439147949,7.298200216609985e-05
/content/Dataset/Test/Fake/fake_2973.jpg,0,0,True,0.9999632835388184,3.676782580441795e-05
/content/Dataset/Test/Fake/fake_2974.jpg,0,0,True,0.9999772310256958,2.2801412342232652e-05
/content/Dataset/Test/Fake/fake_2975.jpg,0,0,True,0.9999759197235107,2.4123193725245073e-05
/content/Dataset/Test/Fake/fake_2976.jpg,0,0,True,0.9999721050262451,2.7851498089148663e-05
/content/Dataset/Test/Fake/fake_2977.jpg,0,0,True,0.9999774694442749,2.252605918329209e-05
/content/Dataset/Test/Fake/fake_2978.jpg,0,0,True,0.9999748468399048,2.5104371161432937e-05
/content/Dataset/Test/Fake/fake_2979.jpg,0,0,True,0.9999746084213257,2.5421224563615397e-05
/content/Dataset/Test/Fake/fake_298.jpg,0,0,True,0.9999595880508423,4.0460970922140405e-05
/content/Dataset/Test/Fake/fake_2980.jpg,0,0,True,0.9999781847000122,2.1873536752536893e-05
/content/Dataset/Test/Fake/fake_2981.jpg,0,0,True,0.9999791383743286,2.0817464246647432e-05
/content/Dataset/Test/Fake/fake_2982.jpg,0,0,True,0.9999278783798218,7.214439392555505e-05
/content/Dataset/Test/Fake/fake_2983.jpg,0,0,True,0.999977707862854,2.225486059614923e-05
/content/Dataset/Test/Fake/fake_2984.jpg,0,0,True,0.9999785423278809,2.1443025616463274e-05
/content/Dataset/Test/Fake/fake_2985.jpg,0,0,True,0.9999748468399048,2.5100589482462965e-05
/content/Dataset/Test/Fake/fake_2986.jpg,0,0,True,0.9999780654907227,2.1970266971038654e-05
/content/Dataset/Test/Fake/fake_2987.jpg,0,0,True,0.9667510390281677,0.03324897959828377
/content/Dataset/Test/Fake/fake_2988.jpg,0,0,True,0.9999722242355347,2.782458068395499e-05
/content/Dataset/Test/Fake/fake_2989.jpg,0,0,True,0.999977707862854,2.2279302356764674e-05
/content/Dataset/Test/Fake/fake_299.jpg,0,0,True,0.9999744892120361,2.5464605641900562e-05
/content/Dataset/Test/Fake/fake_2990.jpg,0,0,True,0.9999785423278809,2.148835119442083e-05
/content/Dataset/Test/Fake/fake_2991.jpg,0,0,True,0.9999775886535645,2.235941974504385e-05
/content/Dataset/Test/Fake/fake_2992.jpg,0,0,True,0.9999758005142212,2.4181556000257842e-05
/content/Dataset/Test/Fake/fake_2993.jpg,0,0,True,0.9999754428863525,2.4531684175599366e-05
/content/Dataset/Test/Fake/fake_2994.jpg,0,0,True,0.9999605417251587,3.9401682442985475e-05
/content/Dataset/Test/Fake/fake_2995.jpg,0,0,True,0.9999778270721436,2.2136051484267227e-05
/content/Dataset/Test/Fake/fake_2996.jpg,0,0,True,0.9999775886535645,2.2451127733802423e-05
/content/Dataset/Test/Fake/fake_2997.jpg,0,0,True,0.9901042580604553,0.009895727969706059
/content/Dataset/Test/Fake/fake_2998.jpg,0,0,True,0.9999386072158813,6.140523328213021e-05
/content/Dataset/Test/Fake/fake_2999.jpg,0,0,True,0.9999794960021973,2.0532133930828422e-05
/content/Dataset/Test/Fake/fake_3.jpg,0,0,True,0.9999662637710571,3.373040453880094e-05
/content/Dataset/Test/Fake/fake_30.jpg,0,0,True,0.9999709129333496,2.9113632990629412e-05
/content/Dataset/Test/Fake/fake_300.jpg,0,0,True,0.999962568283081,3.7473993870662525e-05
/content/Dataset/Test/Fake/fake_3000.jpg,0,0,True,0.999967098236084,3.293414556537755e-05
/content/Dataset/Test/Fake/fake_3001.jpg,0,0,True,0.9999723434448242,2.7678939659381285e-05
/content/Dataset/Test/Fake/fake_3002.jpg,0,0,True,0.9972530007362366,0.0027470055501908064
/content/Dataset/Test/Fake/fake_3003.jpg,0,0,True,0.9999758005142212,2.4236089302576147e-05
/content/Dataset/Test/Fake/fake_3004.jpg,0,0,True,0.9999731779098511,2.6787260139826685e-05
/content/Dataset/Test/Fake/fake_3005.jpg,0,0,True,0.9999755620956421,2.441918149997946e-05
/content/Dataset/Test/Fake/fake_3006.jpg,0,0,True,0.9998469352722168,0.0001530801091575995
/content/Dataset/Test/Fake/fake_3007.jpg,0,0,True,0.999971866607666,2.8144504540250637e-05
/content/Dataset/Test/Fake/fake_3008.jpg,0,0,True,0.9999794960021973,2.045179280685261e-05
/content/Dataset/Test/Fake/fake_3009.jpg,0,0,True,0.9921059608459473,0.007894037291407585
/content/Dataset/Test/Fake/fake_301.jpg,0,0,True,0.9999421834945679,5.779619823442772e-05
/content/Dataset/Test/Fake/fake_3010.jpg,0,0,True,0.9999773502349854,2.2607902792515233e-05
/content/Dataset/Test/Fake/fake_3011.jpg,0,0,True,0.9999778270721436,2.212836807302665e-05
/content/Dataset/Test/Fake/fake_3012.jpg,0,0,True,0.9999632835388184,3.670249134302139e-05
/content/Dataset/Test/Fake/fake_3013.jpg,0,0,True,0.999970555305481,2.944321204267908e-05
/content/Dataset/Test/Fake/fake_3014.jpg,0,0,True,0.9999779462814331,2.2065047232899815e-05
/content/Dataset/Test/Fake/fake_3015.jpg,0,0,True,0.9911903142929077,0.008809701539576054
/content/Dataset/Test/Fake/fake_3016.jpg,0,0,True,0.9999148845672607,8.51491276989691e-05
/content/Dataset/Test/Fake/fake_3017.jpg,0,0,True,0.9999756813049316,2.435113856336102e-05
/content/Dataset/Test/Fake/fake_3018.jpg,0,0,True,0.999977707862854,2.2316644390230067e-05
/content/Dataset/Test/Fake/fake_3019.jpg,0,0,True,0.999955415725708,4.453376095625572e-05
/content/Dataset/Test/Fake/fake_302.jpg,0,0,True,0.9999557733535767,4.4246586185181513e-05
/content/Dataset/Test/Fake/fake_3020.jpg,0,0,True,0.9999693632125854,3.059276787098497e-05
/content/Dataset/Test/Fake/fake_3021.jpg,0,0,True,0.9999755620956421,2.4437355023110285e-05
/content/Dataset/Test/Fake/fake_3022.jpg,0,0,True,0.9999775886535645,2.2403773982659914e-05
/content/Dataset/Test/Fake/fake_3023.jpg,0,0,True,0.9999769926071167,2.297476021340117e-05
/content/Dataset/Test/Fake/fake_3024.jpg,0,0,True,0.9999773502349854,2.2639533199253492e-05
/content/Dataset/Test/Fake/fake_3025.jpg,0,0,True,0.9999737739562988,2.619973565742839e-05
/content/Dataset/Test/Fake/fake_3026.jpg,0,0,True,0.9999732971191406,2.6656734917196445e-05
/content/Dataset/Test/Fake/fake_3027.jpg,0,0,True,0.9999536275863647,4.641916530090384e-05
/content/Dataset/Test/Fake/fake_3028.jpg,0,0,True,0.9999673366546631,3.2607502362225205e-05
/content/Dataset/Test/Fake/fake_3029.jpg,0,0,True,0.999970555305481,2.942291939689312e-05
/content/Dataset/Test/Fake/fake_303.jpg,0,0,True,0.9999574422836304,4.2601535824360326e-05
/content/Dataset/Test/Fake/fake_3030.jpg,0,0,True,0.9999700784683228,2.9910625016782433e-05
/content/Dataset/Test/Fake/fake_3031.jpg,0,0,True,0.9999674558639526,3.2498010114068165e-05
/content/Dataset/Test/Fake/fake_3032.jpg,0,0,True,0.9999788999557495,2.104730810970068e-05
/content/Dataset/Test/Fake/fake_3033.jpg,0,0,True,0.9999750852584839,2.4933919121394865e-05
/content/Dataset/Test/Fake/fake_3034.jpg,0,0,True,0.9999758005142212,2.4233824660768732e-05
/content/Dataset/Test/Fake/fake_3035.jpg,0,0,True,0.9999760389328003,2.3938297090353444e-05
/content/Dataset/Test/Fake/fake_3036.jpg,0,0,True,0.9999754428863525,2.457252048770897e-05
/content/Dataset/Test/Fake/fake_3037.jpg,0,0,True,0.9999780654907227,2.1922025553067215e-05
/content/Dataset/Test/Fake/fake_3038.jpg,0,0,True,0.9999724626541138,2.7511754524311982e-05
/content/Dataset/Test/Fake/fake_3039.jpg,0,0,True,0.9999734163284302,2.655770003912039e-05
/content/Dataset/Test/Fake/fake_304.jpg,0,0,True,0.9999761581420898,2.382349339313805e-05
/content/Dataset/Test/Fake/fake_3040.jpg,0,0,True,0.9999785423278809,2.142469020327553e-05
/content/Dataset/Test/Fake/fake_3041.jpg,0,0,True,0.9999767541885376,2.3301994588109665e-05
/content/Dataset/Test/Fake/fake_3042.jpg,0,0,True,0.999974250793457,2.5711431590025313e-05
/content/Dataset/Test/Fake/fake_3043.jpg,0,0,True,0.999977707862854,2.233844861621037e-05
/content/Dataset/Test/Fake/fake_3044.jpg,0,0,True,0.9999768733978271,2.3109108951757662e-05
/content/Dataset/Test/Fake/fake_3045.jpg,0,0,True,0.9999459981918335,5.3958265198161826e-05
/content/Dataset/Test/Fake/fake_3046.jpg,0,0,True,0.9999598264694214,4.012501813122071e-05
/content/Dataset/Test/Fake/fake_3047.jpg,0,0,True,0.9961928129196167,0.003807182190939784
/content/Dataset/Test/Fake/fake_3048.jpg,0,0,True,0.9999738931655884,2.607013266242575e-05
/content/Dataset/Test/Fake/fake_3049.jpg,0,0,True,0.9547250866889954,0.04527486115694046
/content/Dataset/Test/Fake/fake_305.jpg,0,0,True,0.9999721050262451,2.7857951863552444e-05
/content/Dataset/Test/Fake/fake_3050.jpg,0,0,True,0.9999750852584839,2.487712845322676e-05
/content/Dataset/Test/Fake/fake_3051.jpg,0,0,True,0.9999631643295288,3.685920455609448e-05
/content/Dataset/Test/Fake/fake_3052.jpg,0,0,True,0.9999773502349854,2.2696754967910238e-05
/content/Dataset/Test/Fake/fake_3053.jpg,0,0,True,0.9999769926071167,2.2948877813178115e-05
/content/Dataset/Test/Fake/fake_3054.jpg,0,0,True,0.9999754428863525,2.459366623952519e-05
/content/Dataset/Test/Fake/fake_3055.jpg,0,0,True,0.9999772310256958,2.2756117687094957e-05
/content/Dataset/Test/Fake/fake_3056.jpg,0,0,True,0.9999735355377197,2.647061955940444e-05
/content/Dataset/Test/Fake/fake_3057.jpg,0,0,True,0.9999713897705078,2.8625951017602347e-05
/content/Dataset/Test/Fake/fake_3058.jpg,0,0,True,0.9999626874923706,3.730601747520268e-05
/content/Dataset/Test/Fake/fake_3059.jpg,0,0,True,0.9999762773513794,2.3706821593805216e-05
/content/Dataset/Test/Fake/fake_306.jpg,0,0,True,0.9999692440032959,3.0736704502487555e-05
/content/Dataset/Test/Fake/fake_3060.jpg,0,0,True,0.9999781847000122,2.182288335461635e-05
/content/Dataset/Test/Fake/fake_3061.jpg,0,0,True,0.9999775886535645,2.2445154172601178e-05
/content/Dataset/Test/Fake/fake_3062.jpg,0,0,True,0.9999781847000122,2.1787969672004692e-05
/content/Dataset/Test/Fake/fake_3063.jpg,0,0,True,0.9999771118164062,2.290713928232435e-05
/content/Dataset/Test/Fake/fake_3064.jpg,0,0,True,0.9999760389328003,2.400212179054506e-05
/content/Dataset/Test/Fake/fake_3065.jpg,0,0,True,0.9999681711196899,3.184017987223342e-05
/content/Dataset/Test/Fake/fake_3066.jpg,0,0,True,0.9999736547470093,2.6390718630864285e-05
/content/Dataset/Test/Fake/fake_3067.jpg,0,0,True,0.9999711513519287,2.8887077860417776e-05
/content/Dataset/Test/Fake/fake_3068.jpg,0,0,True,0.999976396560669,2.3580485503771342e-05
/content/Dataset/Test/Fake/fake_3069.jpg,0,0,True,0.9999744892120361,2.5521447241771966e-05
/content/Dataset/Test/Fake/fake_307.jpg,0,0,True,0.9999551773071289,4.47713682660833e-05
/content/Dataset/Test/Fake/fake_3070.jpg,0,0,True,0.9999779462814331,2.2043805074645206e-05
/content/Dataset/Test/Fake/fake_3071.jpg,0,0,True,0.9999446868896484,5.53244462935254e-05
/content/Dataset/Test/Fake/fake_3072.jpg,0,0,True,0.9999765157699585,2.3454645997844636e-05
/content/Dataset/Test/Fake/fake_3073.jpg,0,0,True,0.9999755620956421,2.438822775729932e-05
/content/Dataset/Test/Fake/fake_3074.jpg,0,0,True,0.9999778270721436,2.2145595721667632e-05
/content/Dataset/Test/Fake/fake_3075.jpg,0,0,True,0.9999749660491943,2.502859388187062e-05
/content/Dataset/Test/Fake/fake_3076.jpg,0,0,True,0.999936580657959,6.346812733681872e-05
/content/Dataset/Test/Fake/fake_3077.jpg,0,0,True,0.9999706745147705,2.9323868147912435e-05
/content/Dataset/Test/Fake/fake_3078.jpg,0,0,True,0.9999738931655884,2.6100955437868834e-05
/content/Dataset/Test/Fake/fake_3079.jpg,0,0,True,0.9999760389328003,2.3927615984575823e-05
/content/Dataset/Test/Fake/fake_308.jpg,0,0,True,0.9999774694442749,2.2575437469640747e-05
/content/Dataset/Test/Fake/fake_3080.jpg,0,0,True,0.9999734163284302,2.6549723770585842e-05
/content/Dataset/Test/Fake/fake_3081.jpg,0,0,True,0.9999759197235107,2.409408443782013e-05
/content/Dataset/Test/Fake/fake_3082.jpg,0,0,True,0.9999773502349854,2.2613747205468826e-05
/content/Dataset/Test/Fake/fake_3083.jpg,0,0,True,0.9999445676803589,5.548411718336865e-05
/content/Dataset/Test/Fake/fake_3084.jpg,0,0,True,0.9999761581420898,2.3793840227881446e-05
/content/Dataset/Test/Fake/fake_3085.jpg,0,0,True,0.9999786615371704,2.1362769984989427e-05
/content/Dataset/Test/Fake/fake_3086.jpg,0,0,True,0.9999784231185913,2.160860640287865e-05
/content/Dataset/Test/Fake/fake_3087.jpg,0,0,True,0.999972939491272,2.705451515794266e-05
/content/Dataset/Test/Fake/fake_3088.jpg,0,0,True,0.9999788999557495,2.1147627194295637e-05
/content/Dataset/Test/Fake/fake_3089.jpg,0,0,True,0.9999785423278809,2.144537756976206e-05
/content/Dataset/Test/Fake/fake_309.jpg,0,0,True,0.9999569654464722,4.304014510125853e-05
/content/Dataset/Test/Fake/fake_3090.jpg,0,0,True,0.9999783039093018,2.17060496652266e-05
/content/Dataset/Test/Fake/fake_3091.jpg,0,0,True,0.999976634979248,2.3370628696284257e-05
/content/Dataset/Test/Fake/fake_3092.jpg,0,0,True,0.9999618530273438,3.819766061496921e-05
/content/Dataset/Test/Fake/fake_3093.jpg,0,0,True,0.99997878074646,2.1215577362454496e-05
/content/Dataset/Test/Fake/fake_3094.jpg,0,0,True,0.9999741315841675,2.5828681827988476e-05
/content/Dataset/Test/Fake/fake_3095.jpg,0,0,True,0.999975323677063,2.4725784896872938e-05
/content/Dataset/Test/Fake/fake_3096.jpg,0,0,True,0.9999749660491943,2.5023200578289106e-05
/content/Dataset/Test/Fake/fake_3097.jpg,0,0,True,0.9999759197235107,2.4028229745454155e-05
/content/Dataset/Test/Fake/fake_3098.jpg,0,0,True,0.999972939491272,2.7096137273474596e-05
/content/Dataset/Test/Fake/fake_3099.jpg,0,0,True,0.9999779462814331,2.200228118454106e-05
/content/Dataset/Test/Fake/fake_31.jpg,0,0,True,0.9999737739562988,2.6206356778857298e-05
/content/Dataset/Test/Fake/fake_310.jpg,0,0,True,0.9999513626098633,4.868388714385219e-05
/content/Dataset/Test/Fake/fake_3100.jpg,0,0,True,0.9999686479568481,3.1391340598929673e-05
/content/Dataset/Test/Fake/fake_3101.jpg,0,0,True,0.9999680519104004,3.194105738657527e-05
/content/Dataset/Test/Fake/fake_3102.jpg,0,0,True,0.9999783039093018,2.166154808946885e-05
/content/Dataset/Test/Fake/fake_3103.jpg,0,0,True,0.9999771118164062,2.2859454475110397e-05
/content/Dataset/Test/Fake/fake_3104.jpg,0,0,True,0.9999711513519287,2.888415656343568e-05
/content/Dataset/Test/Fake/fake_3105.jpg,0,0,True,0.9999735355377197,2.6452979000168853e-05
/content/Dataset/Test/Fake/fake_3106.jpg,0,0,True,0.999974250793457,2.575400867499411e-05
/content/Dataset/Test/Fake/fake_3107.jpg,0,0,True,0.9999756813049316,2.4265087631647475e-05
/content/Dataset/Test/Fake/fake_3108.jpg,0,0,True,0.9999700784683228,2.9898417778895237e-05
/content/Dataset/Test/Fake/fake_3109.jpg,0,0,True,0.9999696016311646,3.0400793548324145e-05
/content/Dataset/Test/Fake/fake_311.jpg,0,0,True,0.9999420642852783,5.789108035969548e-05
/content/Dataset/Test/Fake/fake_3110.jpg,0,0,True,0.9999662637710571,3.377559914952144e-05
/content/Dataset/Test/Fake/fake_3111.jpg,0,0,True,0.9999699592590332,3.0071936635067686e-05
/content/Dataset/Test/Fake/fake_3112.jpg,0,0,True,0.9999786615371704,2.1309582734829746e-05
/content/Dataset/Test/Fake/fake_3113.jpg,0,0,True,0.9999629259109497,3.706300412886776e-05
/content/Dataset/Test/Fake/fake_3114.jpg,0,0,True,0.9999691247940063,3.082602779613808e-05
/content/Dataset/Test/Fake/fake_3115.jpg,0,0,True,0.9999775886535645,2.240426510979887e-05
/content/Dataset/Test/Fake/fake_3116.jpg,0,0,True,0.9999771118164062,2.291432610945776e-05
/content/Dataset/Test/Fake/fake_3117.jpg,0,0,True,0.999976396560669,2.359256541240029e-05
/content/Dataset/Test/Fake/fake_3118.jpg,0,0,True,0.9999768733978271,2.3171871362137608e-05
/content/Dataset/Test/Fake/fake_3119.jpg,0,0,True,0.99996018409729,3.977642336394638e-05
/content/Dataset/Test/Fake/fake_312.jpg,0,0,True,0.9999626874923706,3.730910975718871e-05
/content/Dataset/Test/Fake/fake_3120.jpg,0,0,True,0.9999697208404541,3.0266364774433896e-05
/content/Dataset/Test/Fake/fake_3121.jpg,0,0,True,0.9999679327011108,3.211518924217671e-05
/content/Dataset/Test/Fake/fake_3122.jpg,0,0,True,0.9999771118164062,2.2853524569654837e-05
/content/Dataset/Test/Fake/fake_3123.jpg,0,0,True,0.9999749660491943,2.5004306735354476e-05
/content/Dataset/Test/Fake/fake_3124.jpg,0,0,True,0.9999732971191406,2.666413456609007e-05
/content/Dataset/Test/Fake/fake_3125.jpg,0,0,True,0.9999760389328003,2.3977299861144274e-05
/content/Dataset/Test/Fake/fake_3126.jpg,0,0,True,0.999975323677063,2.462567681504879e-05
/content/Dataset/Test/Fake/fake_3127.jpg,0,0,True,0.9999784231185913,2.1566647774307057e-05
/content/Dataset/Test/Fake/fake_3128.jpg,0,0,True,0.9999771118164062,2.2928139514988288e-05
/content/Dataset/Test/Fake/fake_3129.jpg,0,0,True,0.999976396560669,2.3602513465448283e-05
/content/Dataset/Test/Fake/fake_313.jpg,0,0,True,0.999964714050293,3.531972106429748e-05
/content/Dataset/Test/Fake/fake_3130.jpg,0,0,True,0.9999735355377197,2.6470796001376584e-05
/content/Dataset/Test/Fake/fake_3131.jpg,0,0,True,0.9999672174453735,3.276995266787708e-05
/content/Dataset/Test/Fake/fake_3132.jpg,0,0,True,0.9999779462814331,2.199439586547669e-05
/content/Dataset/Test/Fake/fake_3133.jpg,0,0,True,0.9999784231185913,2.157677045033779e-05
/content/Dataset/Test/Fake/fake_3134.jpg,0,0,True,0.9999775886535645,2.2379044821718708e-05
/content/Dataset/Test/Fake/fake_3135.jpg,0,0,True,0.9999752044677734,2.4844059225870296e-05
/content/Dataset/Test/Fake/fake_3136.jpg,0,0,True,0.9999727010726929,2.7325062546879053e-05
/content/Dataset/Test/Fake/fake_3137.jpg,0,0,True,0.9999699592590332,3.0074690585024655e-05
/content/Dataset/Test/Fake/fake_3138.jpg,0,0,True,0.9999635219573975,3.6421322874957696e-05
/content/Dataset/Test/Fake/fake_3139.jpg,0,0,True,0.9999779462814331,2.203537769673858e-05
/content/Dataset/Test/Fake/fake_314.jpg,0,0,True,0.864543080329895,0.1354569047689438
/content/Dataset/Test/Fake/fake_3140.jpg,0,0,True,0.9999783039093018,2.1677253243979067e-05
/content/Dataset/Test/Fake/fake_3141.jpg,0,0,True,0.9998540878295898,0.0001458999904571101
/content/Dataset/Test/Fake/fake_3142.jpg,0,0,True,0.9999786615371704,2.136493094440084e-05
/content/Dataset/Test/Fake/fake_3143.jpg,0,0,True,0.9999783039093018,2.1686020772904158e-05
/content/Dataset/Test/Fake/fake_3144.jpg,0,0,True,0.998582124710083,0.0014179041609168053
/content/Dataset/Test/Fake/fake_3145.jpg,0,0,True,0.9999344348907471,6.550591206178069e-05
/content/Dataset/Test/Fake/fake_3146.jpg,0,0,True,0.9999774694442749,2.255155413877219e-05
/content/Dataset/Test/Fake/fake_3147.jpg,0,0,True,0.9999794960021973,2.051643605227582e-05
/content/Dataset/Test/Fake/fake_3148.jpg,0,0,True,0.9999756813049316,2.433994995953981e-05
/content/Dataset/Test/Fake/fake_3149.jpg,0,0,True,0.9999736547470093,2.629698246892076e-05
/content/Dataset/Test/Fake/fake_315.jpg,0,0,True,0.9999728202819824,2.7208128813072108e-05
/content/Dataset/Test/Fake/fake_3150.jpg,0,0,True,0.99997878074646,2.127713378285989e-05
/content/Dataset/Test/Fake/fake_3151.jpg,0,0,True,0.9999746084213257,2.5431385438423604e-05
/content/Dataset/Test/Fake/fake_3152.jpg,0,0,True,0.9999651908874512,3.4813765523722395e-05
/content/Dataset/Test/Fake/fake_3153.jpg,0,0,True,0.9999740123748779,2.6045259801321663e-05
/content/Dataset/Test/Fake/fake_3154.jpg,0,0,True,0.9999758005142212,2.4229804694186896e-05
/content/Dataset/Test/Fake/fake_3155.jpg,0,0,True,0.9999756813049316,2.4286062398459762e-05
/content/Dataset/Test/Fake/fake_3156.jpg,0,0,True,0.9999102354049683,8.970696217147633e-05
/content/Dataset/Test/Fake/fake_3157.jpg,0,0,True,0.99997878074646,2.1227233446552418e-05
/content/Dataset/Test/Fake/fake_3158.jpg,0,0,True,0.9998213648796082,0.00017867411952465773
/content/Dataset/Test/Fake/fake_3159.jpg,0,0,True,0.999976634979248,2.334866439923644e-05
/content/Dataset/Test/Fake/fake_316.jpg,0,0,True,0.9793156385421753,0.020684421062469482
/content/Dataset/Test/Fake/fake_3160.jpg,0,0,True,0.9999772310256958,2.2808544599683955e-05
/content/Dataset/Test/Fake/fake_3161.jpg,0,0,True,0.9999767541885376,2.327463516849093e-05
/content/Dataset/Test/Fake/fake_3162.jpg,0,0,True,0.9999769926071167,2.302415668964386e-05
/content/Dataset/Test/Fake/fake_3163.jpg,0,0,True,0.9999748468399048,2.521152055123821e-05
/content/Dataset/Test/Fake/fake_3164.jpg,0,0,True,0.9999721050262451,2.7940621293964796e-05
/content/Dataset/Test/Fake/fake_3165.jpg,0,0,True,0.9999678134918213,3.2144231226993725e-05
/content/Dataset/Test/Fake/fake_3166.jpg,0,0,True,0.999977707862854,2.231953840237111e-05
/content/Dataset/Test/Fake/fake_3167.jpg,0,0,True,0.9999586343765259,4.137120777158998e-05
/content/Dataset/Test/Fake/fake_3168.jpg,0,0,True,0.9999744892120361,2.5470410037087277e-05
/content/Dataset/Test/Fake/fake_3169.jpg,0,0,True,0.9999784231185913,2.1531588572543114e-05
/content/Dataset/Test/Fake/fake_317.jpg,0,0,True,0.9999732971191406,2.6703195544541813e-05
/content/Dataset/Test/Fake/fake_3170.jpg,0,0,True,0.999977707862854,2.2265667212195694e-05
/content/Dataset/Test/Fake/fake_3171.jpg,0,0,True,0.9995492100715637,0.00045078201219439507
/content/Dataset/Test/Fake/fake_3172.jpg,0,0,True,0.9999736547470093,2.630980270623695e-05
/content/Dataset/Test/Fake/fake_3173.jpg,0,0,True,0.99997878074646,2.1265894247335382e-05
/content/Dataset/Test/Fake/fake_3174.jpg,0,0,True,0.9999576807022095,4.233303479850292e-05
/content/Dataset/Test/Fake/fake_3175.jpg,0,0,True,0.9999746084213257,2.5420109523111023e-05
/content/Dataset/Test/Fake/fake_3176.jpg,0,0,True,0.9999761581420898,2.3899772713775747e-05
/content/Dataset/Test/Fake/fake_3177.jpg,0,0,True,0.9999758005142212,2.420573764538858e-05
/content/Dataset/Test/Fake/fake_3178.jpg,0,0,True,0.9999793767929077,2.0644163669203408e-05
/content/Dataset/Test/Fake/fake_3179.jpg,0,0,True,0.9999699592590332,3.005622602358926e-05
/content/Dataset/Test/Fake/fake_318.jpg,0,0,True,0.9999643564224243,3.565866791177541e-05
/content/Dataset/Test/Fake/fake_3180.jpg,0,0,True,0.9999710321426392,2.8936950911884196e-05
/content/Dataset/Test/Fake/fake_3181.jpg,0,0,True,0.9999773502349854,2.2653463020105846e-05
/content/Dataset/Test/Fake/fake_3182.jpg,0,0,True,0.9998865127563477,0.00011350464774295688
/content/Dataset/Test/Fake/fake_3183.jpg,0,0,True,0.9999784231185913,2.155172114726156e-05
/content/Dataset/Test/Fake/fake_3184.jpg,0,0,True,0.9999754428863525,2.4507015041308478e-05
/content/Dataset/Test/Fake/fake_3185.jpg,0,0,True,0.9999727010726929,2.7278405468678102e-05
/content/Dataset/Test/Fake/fake_3186.jpg,0,0,True,0.9999681711196899,3.18336533382535e-05
/content/Dataset/Test/Fake/fake_3187.jpg,0,0,True,0.9999573230743408,4.272383375791833e-05
/content/Dataset/Test/Fake/fake_3188.jpg,0,0,True,0.999954104423523,4.5952612708788365e-05
/content/Dataset/Test/Fake/fake_3189.jpg,0,0,True,0.9999278783798218,7.217322854558006e-05
/content/Dataset/Test/Fake/fake_319.jpg,0,0,True,0.999977707862854,2.223523915745318e-05
/content/Dataset/Test/Fake/fake_3190.jpg,0,0,True,0.9999771118164062,2.2916688976692967e-05
/content/Dataset/Test/Fake/fake_3191.jpg,0,0,True,0.9999746084213257,2.5366154659423046e-05
/content/Dataset/Test/Fake/fake_3192.jpg,0,0,True,0.9999786615371704,2.1380012185545638e-05
/content/Dataset/Test/Fake/fake_3193.jpg,0,0,True,0.9999775886535645,2.239736568299122e-05
/content/Dataset/Test/Fake/fake_3194.jpg,0,0,True,0.9999783039093018,2.164527541026473e-05
/content/Dataset/Test/Fake/fake_3195.jpg,0,0,True,0.9999771118164062,2.294378100486938e-05
/content/Dataset/Test/Fake/fake_3196.jpg,0,0,True,0.9999628067016602,3.7149024137761444e-05
/content/Dataset/Test/Fake/fake_3197.jpg,0,0,True,0.9999525547027588,4.7443612857023254e-05
/content/Dataset/Test/Fake/fake_3198.jpg,0,0,True,0.999977707862854,2.2310261556413025e-05
/content/Dataset/Test/Fake/fake_3199.jpg,0,0,True,0.9999775886535645,2.238386878161691e-05
/content/Dataset/Test/Fake/fake_32.jpg,0,0,True,0.9999716281890869,2.832001518981997e-05
/content/Dataset/Test/Fake/fake_320.jpg,0,0,True,0.9999557733535767,4.4166903535369784e-05
/content/Dataset/Test/Fake/fake_3200.jpg,0,0,True,0.9999475479125977,5.243606210569851e-05
/content/Dataset/Test/Fake/fake_3201.jpg,0,0,True,0.9999773502349854,2.2646961951977573e-05
/content/Dataset/Test/Fake/fake_3202.jpg,0,0,True,0.999976634979248,2.336771103728097e-05
/content/Dataset/Test/Fake/fake_3203.jpg,0,0,True,0.9999748468399048,2.513707113394048e-05
/content/Dataset/Test/Fake/fake_3204.jpg,0,0,True,0.9999792575836182,2.071772723866161e-05
/content/Dataset/Test/Fake/fake_3205.jpg,0,0,True,0.9999687671661377,3.126977026113309e-05
/content/Dataset/Test/Fake/fake_3206.jpg,0,0,True,0.9999725818634033,2.736088754318189e-05
/content/Dataset/Test/Fake/fake_3207.jpg,0,0,True,0.9999756813049316,2.4346729333046824e-05
/content/Dataset/Test/Fake/fake_3208.jpg,0,0,True,0.9999746084213257,2.534332816139795e-05
/content/Dataset/Test/Fake/fake_3209.jpg,0,0,True,0.9999767541885376,2.321708234376274e-05
/content/Dataset/Test/Fake/fake_321.jpg,0,0,True,0.9924739003181458,0.007526029832661152
/content/Dataset/Test/Fake/fake_3210.jpg,0,0,True,0.9999783039093018,2.167293132515624e-05
/content/Dataset/Test/Fake/fake_3211.jpg,0,0,True,0.9630097150802612,0.03699033707380295
/content/Dataset/Test/Fake/fake_3212.jpg,0,0,True,0.9999783039093018,2.1682546503143385e-05
/content/Dataset/Test/Fake/fake_3213.jpg,0,0,True,0.9999667406082153,3.32864947267808e-05
/content/Dataset/Test/Fake/fake_3214.jpg,0,0,True,0.9999722242355347,2.7809670427814126e-05
/content/Dataset/Test/Fake/fake_3215.jpg,0,0,True,0.999976396560669,2.364500323892571e-05
/content/Dataset/Test/Fake/fake_3216.jpg,0,0,True,0.9999728202819824,2.7184863938600756e-05
/content/Dataset/Test/Fake/fake_3217.jpg,0,0,True,0.9999711513519287,2.8808970455429517e-05
/content/Dataset/Test/Fake/fake_3218.jpg,0,0,True,0.9999673366546631,3.269839726272039e-05
/content/Dataset/Test/Fake/fake_3219.jpg,0,0,True,0.9999756813049316,2.4307795683853328e-05
/content/Dataset/Test/Fake/fake_322.jpg,0,0,True,0.9995507597923279,0.00044926555710844696
/content/Dataset/Test/Fake/fake_3220.jpg,0,0,True,0.9999740123748779,2.6030209482996725e-05
/content/Dataset/Test/Fake/fake_3221.jpg,0,0,True,0.9999719858169556,2.8048687454429455e-05
/content/Dataset/Test/Fake/fake_3222.jpg,0,0,True,0.9999715089797974,2.844275877578184e-05
/content/Dataset/Test/Fake/fake_3223.jpg,0,0,True,0.9999725818634033,2.7397703888709657e-05
/content/Dataset/Test/Fake/fake_3224.jpg,0,0,True,0.999976634979248,2.3364989829133265e-05
/content/Dataset/Test/Fake/fake_3225.jpg,0,0,True,0.9999771118164062,2.2889427782502025e-05
/content/Dataset/Test/Fake/fake_3226.jpg,0,0,True,0.9999769926071167,2.2966436517890543e-05
/content/Dataset/Test/Fake/fake_3227.jpg,0,0,True,0.9999781847000122,2.1827690943609923e-05
/content/Dataset/Test/Fake/fake_3228.jpg,0,0,True,0.9999781847000122,2.1785206627100706e-05
/content/Dataset/Test/Fake/fake_3229.jpg,0,0,True,0.9999768733978271,2.309181581949815e-05
/content/Dataset/Test/Fake/fake_323.jpg,0,0,True,0.9999755620956421,2.438213414279744e-05
/content/Dataset/Test/Fake/fake_3230.jpg,0,0,True,0.9999754428863525,2.4518914869986475e-05
/content/Dataset/Test/Fake/fake_3231.jpg,0,0,True,0.999976634979248,2.333621887373738e-05
/content/Dataset/Test/Fake/fake_3232.jpg,0,0,True,0.9999736547470093,2.6393663574708626e-05
/content/Dataset/Test/Fake/fake_3233.jpg,0,0,True,0.9999769926071167,2.3000080545898527e-05
/content/Dataset/Test/Fake/fake_3234.jpg,0,0,True,0.9999765157699585,2.343657979508862e-05
/content/Dataset/Test/Fake/fake_3235.jpg,0,0,True,0.9999765157699585,2.345448956475593e-05
/content/Dataset/Test/Fake/fake_3236.jpg,0,0,True,0.9999749660491943,2.506726741557941e-05
/content/Dataset/Test/Fake/fake_3237.jpg,0,0,True,0.9999762773513794,2.3748050807625987e-05
/content/Dataset/Test/Fake/fake_3238.jpg,0,0,True,0.9999754428863525,2.4572706024628133e-05
/content/Dataset/Test/Fake/fake_3239.jpg,0,0,True,0.9999752044677734,2.484254218870774e-05
/content/Dataset/Test/Fake/fake_324.jpg,0,0,True,0.999975323677063,2.4732245947234333e-05
/content/Dataset/Test/Fake/fake_3240.jpg,0,0,True,0.9999730587005615,2.6977173547493294e-05
/content/Dataset/Test/Fake/fake_3241.jpg,0,0,True,0.9999755620956421,2.4424678485956974e-05
/content/Dataset/Test/Fake/fake_3242.jpg,0,0,True,0.9999773502349854,2.2610038286074996e-05
/content/Dataset/Test/Fake/fake_3243.jpg,0,0,True,0.9999523162841797,4.7623980208300054e-05
/content/Dataset/Test/Fake/fake_3244.jpg,0,0,True,0.993591845035553,0.006408164743334055
/content/Dataset/Test/Fake/fake_3245.jpg,0,0,True,0.9999783039093018,2.1652213035849854e-05
/content/Dataset/Test/Fake/fake_3246.jpg,0,0,True,0.9999786615371704,2.1392148482846096e-05
/content/Dataset/Test/Fake/fake_3247.jpg,0,0,True,0.999971866607666,2.8143163945060223e-05
/content/Dataset/Test/Fake/fake_3248.jpg,0,0,True,0.9999772310256958,2.275418592034839e-05
/content/Dataset/Test/Fake/fake_3249.jpg,0,0,True,0.9999734163284302,2.6632444132701494e-05
/content/Dataset/Test/Fake/fake_325.jpg,0,0,True,0.9999722242355347,2.780858449114021e-05
/content/Dataset/Test/Fake/fake_3250.jpg,0,0,True,0.9999773502349854,2.2613314285990782e-05
/content/Dataset/Test/Fake/fake_3251.jpg,0,0,True,0.9999783039093018,2.1725849364884198e-05
/content/Dataset/Test/Fake/fake_3252.jpg,0,0,True,0.9999768733978271,2.308712646481581e-05
/content/Dataset/Test/Fake/fake_3253.jpg,0,0,True,0.9999662637710571,3.374900188646279e-05
/content/Dataset/Test/Fake/fake_3254.jpg,0,0,True,0.999976634979248,2.3405422325595282e-05
/content/Dataset/Test/Fake/fake_3255.jpg,0,0,True,0.9999744892120361,2.548693555581849e-05
/content/Dataset/Test/Fake/fake_3256.jpg,0,0,True,0.9999723434448242,2.764538658084348e-05
/content/Dataset/Test/Fake/fake_3257.jpg,0,0,True,0.9999747276306152,2.52468616963597e-05
/content/Dataset/Test/Fake/fake_3258.jpg,0,0,True,0.9999574422836304,4.2518779082456604e-05
/content/Dataset/Test/Fake/fake_3259.jpg,0,0,True,0.9999759197235107,2.4130049496307038e-05
/content/Dataset/Test/Fake/fake_326.jpg,0,0,True,0.9999599456787109,4.008830728707835e-05
/content/Dataset/Test/Fake/fake_3260.jpg,0,0,True,0.9999737739562988,2.6186071409028955e-05
/content/Dataset/Test/Fake/fake_3261.jpg,0,0,True,0.9999734163284302,2.6523630367591977e-05
/content/Dataset/Test/Fake/fake_3262.jpg,0,0,True,0.9999747276306152,2.5264182113460265e-05
/content/Dataset/Test/Fake/fake_3263.jpg,0,0,True,0.9999744892120361,2.547038639022503e-05
/content/Dataset/Test/Fake/fake_3264.jpg,0,0,True,0.9999738931655884,2.616435449454002e-05
/content/Dataset/Test/Fake/fake_3265.jpg,0,0,True,0.9999784231185913,2.158973802579567e-05
/content/Dataset/Test/Fake/fake_3266.jpg,0,0,True,0.9999747276306152,2.5219165763701312e-05
/content/Dataset/Test/Fake/fake_3267.jpg,0,0,True,0.9999744892120361,2.550495082687121e-05
/content/Dataset/Test/Fake/fake_3268.jpg,0,0,True,0.9999778270721436,2.2156411432661116e-05
/content/Dataset/Test/Fake/fake_3269.jpg,0,0,True,0.9999605417251587,3.946960350731388e-05
/content/Dataset/Test/Fake/fake_327.jpg,0,0,True,0.9999653100967407,3.468098657322116e-05
/content/Dataset/Test/Fake/fake_3270.jpg,0,0,True,0.9999762773513794,2.3761802367516793e-05
/content/Dataset/Test/Fake/fake_3271.jpg,0,0,True,0.9999761581420898,2.3896149286883883e-05
/content/Dataset/Test/Fake/fake_3272.jpg,0,0,True,0.9999780654907227,2.1987267246004194e-05
/content/Dataset/Test/Fake/fake_3273.jpg,0,0,True,0.999976396560669,2.362059422011953e-05
/content/Dataset/Test/Fake/fake_3274.jpg,0,0,True,0.9999785423278809,2.1402185666374862e-05
/content/Dataset/Test/Fake/fake_3275.jpg,0,0,True,0.9999767541885376,2.3242691895575263e-05
/content/Dataset/Test/Fake/fake_3276.jpg,0,0,True,0.9999685287475586,3.14747667289339e-05
/content/Dataset/Test/Fake/fake_3277.jpg,0,0,True,0.9922749400138855,0.0077251107431948185
/content/Dataset/Test/Fake/fake_3278.jpg,0,0,True,0.9999758005142212,2.417136602161918e-05
/content/Dataset/Test/Fake/fake_3279.jpg,0,0,True,0.9999709129333496,2.902874257415533e-05
/content/Dataset/Test/Fake/fake_328.jpg,0,0,True,0.9999313354492188,6.864363240310922e-05
/content/Dataset/Test/Fake/fake_3280.jpg,0,0,True,0.9999707937240601,2.9181899662944488e-05
/content/Dataset/Test/Fake/fake_3281.jpg,0,0,True,0.9999772310256958,2.2793150492361747e-05
/content/Dataset/Test/Fake/fake_3282.jpg,0,0,True,0.9999434947967529,5.645134660881013e-05
/content/Dataset/Test/Fake/fake_3283.jpg,0,0,True,0.9999762773513794,2.3740760298096575e-05
/content/Dataset/Test/Fake/fake_3284.jpg,0,0,True,0.9999637603759766,3.6180761526338756e-05
/content/Dataset/Test/Fake/fake_3285.jpg,0,0,True,0.9999525547027588,4.7499303036602214e-05
/content/Dataset/Test/Fake/fake_3286.jpg,0,0,True,0.9999740123748779,2.5982715669670142e-05
/content/Dataset/Test/Fake/fake_3287.jpg,0,0,True,0.9999773502349854,2.2626021745963953e-05
/content/Dataset/Test/Fake/fake_3288.jpg,0,0,True,0.9999746084213257,2.5412642571609467e-05
/content/Dataset/Test/Fake/fake_3289.jpg,0,0,True,0.9999724626541138,2.755358218564652e-05
/content/Dataset/Test/Fake/fake_329.jpg,0,0,True,0.9999682903289795,3.1755276722833514e-05
/content/Dataset/Test/Fake/fake_3290.jpg,0,0,True,0.999977707862854,2.2349166101776063e-05
/content/Dataset/Test/Fake/fake_3291.jpg,0,0,True,0.9999756813049316,2.437572220514994e-05
/content/Dataset/Test/Fake/fake_3292.jpg,0,0,True,0.9999756813049316,2.4367029254790395e-05
/content/Dataset/Test/Fake/fake_3293.jpg,0,0,True,0.9999703168869019,2.9654638638021424e-05
/content/Dataset/Test/Fake/fake_3294.jpg,0,0,True,0.9999669790267944,3.3066167816286907e-05
/content/Dataset/Test/Fake/fake_3295.jpg,0,0,True,0.9999712705612183,2.8776903491234407e-05
/content/Dataset/Test/Fake/fake_3296.jpg,0,0,True,0.9999622106552124,3.7803281884407625e-05
/content/Dataset/Test/Fake/fake_3297.jpg,0,0,True,0.999969482421875,3.0504324968205765e-05
/content/Dataset/Test/Fake/fake_3298.jpg,0,0,True,0.9999748468399048,2.5098433980019763e-05
/content/Dataset/Test/Fake/fake_3299.jpg,0,0,True,0.9999747276306152,2.5311446734122e-05
/content/Dataset/Test/Fake/fake_33.jpg,0,0,True,0.999972939491272,2.7030195269617252e-05
/content/Dataset/Test/Fake/fake_330.jpg,0,0,True,0.9590267539024353,0.040973275899887085
/content/Dataset/Test/Fake/fake_3300.jpg,0,0,True,0.9999772310256958,2.274385951750446e-05
/content/Dataset/Test/Fake/fake_3301.jpg,0,0,True,0.999976396560669,2.365788350289222e-05
/content/Dataset/Test/Fake/fake_3302.jpg,0,0,True,0.9992990493774414,0.0007008991669863462
/content/Dataset/Test/Fake/fake_3303.jpg,0,0,True,0.9999760389328003,2.400120865786448e-05
/content/Dataset/Test/Fake/fake_3304.jpg,0,0,True,0.999976396560669,2.3547810997115448e-05
/content/Dataset/Test/Fake/fake_3305.jpg,0,0,True,0.986316978931427,0.013683067634701729
/content/Dataset/Test/Fake/fake_3306.jpg,0,0,True,0.9999762773513794,2.3697442884440534e-05
/content/Dataset/Test/Fake/fake_3307.jpg,0,0,True,0.9999761581420898,2.389375731581822e-05
/content/Dataset/Test/Fake/fake_3308.jpg,0,0,True,0.999976396560669,2.3598349798703566e-05
/content/Dataset/Test/Fake/fake_3309.jpg,0,0,True,0.9999747276306152,2.5267265300499275e-05
/content/Dataset/Test/Fake/fake_331.jpg,0,0,True,0.7220193147659302,0.2779807150363922
/content/Dataset/Test/Fake/fake_3310.jpg,0,0,True,0.9999727010726929,2.725185731833335e-05
/content/Dataset/Test/Fake/fake_3311.jpg,0,0,True,0.9999738931655884,2.6094183340319432e-05
/content/Dataset/Test/Fake/fake_3312.jpg,0,0,True,0.9999775886535645,2.246770600322634e-05
/content/Dataset/Test/Fake/fake_3313.jpg,0,0,True,0.9999687671661377,3.125319199170917e-05
/content/Dataset/Test/Fake/fake_3314.jpg,0,0,True,0.9996883869171143,0.00031165435211732984
/content/Dataset/Test/Fake/fake_3315.jpg,0,0,True,0.9999765157699585,2.351394869037904e-05
/content/Dataset/Test/Fake/fake_3316.jpg,0,0,True,0.999977707862854,2.2293183064903133e-05
/content/Dataset/Test/Fake/fake_3317.jpg,0,0,True,0.9999747276306152,2.5303050279035233e-05
/content/Dataset/Test/Fake/fake_3318.jpg,0,0,True,0.9999749660491943,2.5055222067749128e-05
/content/Dataset/Test/Fake/fake_3319.jpg,0,0,True,0.9999635219573975,3.650272265076637e-05
/content/Dataset/Test/Fake/fake_332.jpg,0,0,True,0.9999717473983765,2.8273012503632344e-05
/content/Dataset/Test/Fake/fake_3320.jpg,0,0,True,0.999947190284729,5.275812145555392e-05
/content/Dataset/Test/Fake/fake_3321.jpg,0,0,True,0.9999710321426392,2.9020884539932013e-05
/content/Dataset/Test/Fake/fake_3322.jpg,0,0,True,0.9999773502349854,2.2702297428622842e-05
/content/Dataset/Test/Fake/fake_3323.jpg,0,0,True,0.9999719858169556,2.799160938593559e-05
/content/Dataset/Test/Fake/fake_3324.jpg,0,0,True,0.9999792575836182,2.0751776901306584e-05
/content/Dataset/Test/Fake/fake_3325.jpg,0,0,True,0.9999771118164062,2.287218921992462e-05
/content/Dataset/Test/Fake/fake_3326.jpg,0,0,True,0.999974250793457,2.5689174435683526e-05
/content/Dataset/Test/Fake/fake_3327.jpg,0,0,True,0.9999756813049316,2.4325538106495515e-05
/content/Dataset/Test/Fake/fake_3328.jpg,0,0,True,0.9999756813049316,2.4352531909244135e-05
/content/Dataset/Test/Fake/fake_3329.jpg,0,0,True,0.9999730587005615,2.6911879103863612e-05
/content/Dataset/Test/Fake/fake_333.jpg,0,0,True,0.9999710321426392,2.893855344154872e-05
/content/Dataset/Test/Fake/fake_3330.jpg,0,0,True,0.9999788999557495,2.108660373778548e-05
/content/Dataset/Test/Fake/fake_3331.jpg,0,0,True,0.9999775886535645,2.237415719719138e-05
/content/Dataset/Test/Fake/fake_3332.jpg,0,0,True,0.9999767541885376,2.3227137717185542e-05
/content/Dataset/Test/Fake/fake_3333.jpg,0,0,True,0.9999772310256958,2.2777981939725578e-05
/content/Dataset/Test/Fake/fake_3334.jpg,0,0,True,0.9999769926071167,2.29679026233498e-05
/content/Dataset/Test/Fake/fake_3335.jpg,0,0,True,0.9999752044677734,2.4845170628395863e-05
/content/Dataset/Test/Fake/fake_3336.jpg,0,0,True,0.9999774694442749,2.250102443213109e-05
/content/Dataset/Test/Fake/fake_3337.jpg,0,0,True,0.9999778270721436,2.2163809262565337e-05
/content/Dataset/Test/Fake/fake_3338.jpg,0,0,True,0.9999784231185913,2.1567553631030023e-05
/content/Dataset/Test/Fake/fake_3339.jpg,0,0,True,0.9999754428863525,2.450601095915772e-05
/content/Dataset/Test/Fake/fake_334.jpg,0,0,True,0.9999761581420898,2.3841836082283407e-05
/content/Dataset/Test/Fake/fake_3340.jpg,0,0,True,0.9999747276306152,2.5214500055881217e-05
/content/Dataset/Test/Fake/fake_3341.jpg,0,0,True,0.9999707937240601,2.9248099963297136e-05
/content/Dataset/Test/Fake/fake_3342.jpg,0,0,True,0.9999772310256958,2.27339278353611e-05
/content/Dataset/Test/Fake/fake_3343.jpg,0,0,True,0.9999717473983765,2.8217575163580477e-05
/content/Dataset/Test/Fake/fake_3344.jpg,0,1,False,0.41060832142829895,0.5893917083740234
/content/Dataset/Test/Fake/fake_3345.jpg,0,0,True,0.9999768733978271,2.3132262867875397e-05
/content/Dataset/Test/Fake/fake_3346.jpg,0,0,True,0.9999734163284302,2.6608226107782684e-05
/content/Dataset/Test/Fake/fake_3347.jpg,0,0,True,0.9999744892120361,2.5464898499194533e-05
/content/Dataset/Test/Fake/fake_3348.jpg,0,0,True,0.9999779462814331,2.2060778064769693e-05
/content/Dataset/Test/Fake/fake_3349.jpg,0,0,True,0.9999463558197021,5.358210182748735e-05
/content/Dataset/Test/Fake/fake_335.jpg,0,0,True,0.9999730587005615,2.6949555831379257e-05
/content/Dataset/Test/Fake/fake_3350.jpg,0,0,True,0.999966025352478,3.3943437301786616e-05
/content/Dataset/Test/Fake/fake_3351.jpg,0,0,True,0.9999713897705078,2.863400732167065e-05
/content/Dataset/Test/Fake/fake_3352.jpg,0,0,True,0.9999735355377197,2.640813727339264e-05
/content/Dataset/Test/Fake/fake_3353.jpg,0,0,True,0.9999723434448242,2.7609234166448005e-05
/content/Dataset/Test/Fake/fake_3354.jpg,0,0,True,0.9999752044677734,2.4772845790721476e-05
/content/Dataset/Test/Fake/fake_3355.jpg,0,0,True,0.9999762773513794,2.3779823095537722e-05
/content/Dataset/Test/Fake/fake_3356.jpg,0,0,True,0.9999784231185913,2.1543542970903218e-05
/content/Dataset/Test/Fake/fake_3357.jpg,0,0,True,0.9999769926071167,2.3006508854450658e-05
/content/Dataset/Test/Fake/fake_3358.jpg,0,0,True,0.9999761581420898,2.3836038963054307e-05
/content/Dataset/Test/Fake/fake_3359.jpg,0,0,True,0.999972939491272,2.700548429857008e-05
/content/Dataset/Test/Fake/fake_336.jpg,0,0,True,0.9999749660491943,2.506186683604028e-05
/content/Dataset/Test/Fake/fake_3360.jpg,0,0,True,0.999971866607666,2.8169046345283277e-05
/content/Dataset/Test/Fake/fake_3361.jpg,0,0,True,0.9999645948410034,3.542165723047219e-05
/content/Dataset/Test/Fake/fake_3362.jpg,0,0,True,0.9999760389328003,2.3986194719327614e-05
/content/Dataset/Test/Fake/fake_3363.jpg,0,0,True,0.9999698400497437,3.0173168852343224e-05
/content/Dataset/Test/Fake/fake_3364.jpg,0,0,True,0.9999758005142212,2.4218252292484976e-05
/content/Dataset/Test/Fake/fake_3365.jpg,0,0,True,0.9999779462814331,2.2006186554790474e-05
/content/Dataset/Test/Fake/fake_3366.jpg,0,0,True,0.999977707862854,2.2308326151687652e-05
/content/Dataset/Test/Fake/fake_3367.jpg,0,0,True,0.9999756813049316,2.42644855461549e-05
/content/Dataset/Test/Fake/fake_3368.jpg,0,0,True,0.999970555305481,2.9400394851109013e-05
/content/Dataset/Test/Fake/fake_3369.jpg,0,0,True,0.9999780654907227,2.189225415349938e-05
/content/Dataset/Test/Fake/fake_337.jpg,0,0,True,0.9999756813049316,2.4377022782573476e-05
/content/Dataset/Test/Fake/fake_3370.jpg,0,0,True,0.9999737739562988,2.6172565412707627e-05
/content/Dataset/Test/Fake/fake_3371.jpg,0,0,True,0.9999767541885376,2.3210950530483387e-05
/content/Dataset/Test/Fake/fake_3372.jpg,0,0,True,0.999976396560669,2.365772525081411e-05
/content/Dataset/Test/Fake/fake_3373.jpg,0,0,True,0.9999731779098511,2.6815658202394843e-05
/content/Dataset/Test/Fake/fake_3374.jpg,0,0,True,0.9999788999557495,2.1063491658424027e-05
/content/Dataset/Test/Fake/fake_3375.jpg,0,0,True,0.9999768733978271,2.3124541257857345e-05
/content/Dataset/Test/Fake/fake_3376.jpg,0,0,True,0.9999778270721436,2.220809255959466e-05
/content/Dataset/Test/Fake/fake_3377.jpg,0,0,True,0.9999786615371704,2.1301901142578572e-05
/content/Dataset/Test/Fake/fake_3378.jpg,0,0,True,0.999977707862854,2.234422390756663e-05
/content/Dataset/Test/Fake/fake_3379.jpg,0,0,True,0.9999771118164062,2.284944821440149e-05
/content/Dataset/Test/Fake/fake_338.jpg,0,0,True,0.9999740123748779,2.6019017241196707e-05
/content/Dataset/Test/Fake/fake_3380.jpg,0,0,True,0.999976634979248,2.3326094378717244e-05
/content/Dataset/Test/Fake/fake_3381.jpg,0,0,True,0.9999730587005615,2.6946934667648748e-05
/content/Dataset/Test/Fake/fake_3382.jpg,0,0,True,0.9999761581420898,2.3881248125690036e-05
/content/Dataset/Test/Fake/fake_3383.jpg,0,0,True,0.9999736547470093,2.6340054319007322e-05
/content/Dataset/Test/Fake/fake_3384.jpg,0,0,True,0.9999778270721436,2.2130818251753226e-05
/content/Dataset/Test/Fake/fake_3385.jpg,0,0,True,0.9999765157699585,2.343365122214891e-05
/content/Dataset/Test/Fake/fake_3386.jpg,0,0,True,0.9999781847000122,2.1771933461423032e-05
/content/Dataset/Test/Fake/fake_3387.jpg,0,0,True,0.9999774694442749,2.2537404220202006e-05
/content/Dataset/Test/Fake/fake_3388.jpg,0,0,True,0.9999774694442749,2.2510039343615063e-05
/content/Dataset/Test/Fake/fake_3389.jpg,0,0,True,0.9999740123748779,2.6043024263344705e-05
/content/Dataset/Test/Fake/fake_339.jpg,0,0,True,0.9999784231185913,2.1541509340750054e-05
/content/Dataset/Test/Fake/fake_3390.jpg,0,0,True,0.9999043941497803,9.558256715536118e-05
/content/Dataset/Test/Fake/fake_3391.jpg,0,0,True,0.9999780654907227,2.1885762180318125e-05
/content/Dataset/Test/Fake/fake_3392.jpg,0,0,True,0.9999762773513794,2.370788570260629e-05
/content/Dataset/Test/Fake/fake_3393.jpg,0,0,True,0.9988821148872375,0.001117929583415389
/content/Dataset/Test/Fake/fake_3394.jpg,0,0,True,0.9999779462814331,2.210862840001937e-05
/content/Dataset/Test/Fake/fake_3395.jpg,0,0,True,0.9999781847000122,2.1872245270060375e-05
/content/Dataset/Test/Fake/fake_3396.jpg,0,0,True,0.9999788999557495,2.115708775818348e-05
/content/Dataset/Test/Fake/fake_3397.jpg,0,0,True,0.9997499585151672,0.00025004413328133523
/content/Dataset/Test/Fake/fake_3398.jpg,0,0,True,0.9999477863311768,5.224155756877735e-05
/content/Dataset/Test/Fake/fake_3399.jpg,0,0,True,0.9999655485153198,3.4462536859791726e-05
/content/Dataset/Test/Fake/fake_34.jpg,0,0,True,0.9999775886535645,2.24407031055307e-05
/content/Dataset/Test/Fake/fake_340.jpg,0,0,True,0.9999363422393799,6.36464319541119e-05
/content/Dataset/Test/Fake/fake_3400.jpg,0,0,True,0.9999727010726929,2.7301410227664746e-05
/content/Dataset/Test/Fake/fake_3401.jpg,0,0,True,0.9889562726020813,0.011043715290725231
/content/Dataset/Test/Fake/fake_3402.jpg,0,0,True,0.9999788999557495,2.1132829715497792e-05
/content/Dataset/Test/Fake/fake_3403.jpg,0,0,True,0.9999473094940186,5.268627865007147e-05
/content/Dataset/Test/Fake/fake_3404.jpg,0,0,True,0.999976634979248,2.3421187506755814e-05
/content/Dataset/Test/Fake/fake_3405.jpg,0,0,True,0.9999775886535645,2.2428721422329545e-05
/content/Dataset/Test/Fake/fake_3406.jpg,0,0,True,0.9999778270721436,2.218406916654203e-05
/content/Dataset/Test/Fake/fake_3407.jpg,0,0,True,0.9999783039093018,2.1696447220165282e-05
/content/Dataset/Test/Fake/fake_3408.jpg,0,0,True,0.9999715089797974,2.8435111744329333e-05
/content/Dataset/Test/Fake/fake_3409.jpg,0,0,True,0.9999754428863525,2.4501010557287373e-05
/content/Dataset/Test/Fake/fake_341.jpg,0,0,True,0.9999759197235107,2.4052280423347838e-05
/content/Dataset/Test/Fake/fake_3410.jpg,0,0,True,0.999976634979248,2.3307462470256723e-05
/content/Dataset/Test/Fake/fake_3411.jpg,0,0,True,0.999954104423523,4.5940079871797934e-05
/content/Dataset/Test/Fake/fake_3412.jpg,0,0,True,0.9999760389328003,2.3930582756293006e-05
/content/Dataset/Test/Fake/fake_3413.jpg,0,0,True,0.9999783039093018,2.173119537474122e-05
/content/Dataset/Test/Fake/fake_3414.jpg,0,0,True,0.9999746084213257,2.5435920179006644e-05
/content/Dataset/Test/Fake/fake_3415.jpg,0,0,True,0.9999774694442749,2.2547164917341433e-05
/content/Dataset/Test/Fake/fake_3416.jpg,0,0,True,0.9999738931655884,2.610755109344609e-05
/content/Dataset/Test/Fake/fake_3417.jpg,0,0,True,0.9999768733978271,2.3110915208235383e-05
/content/Dataset/Test/Fake/fake_3418.jpg,0,0,True,0.9999244213104248,7.551734597655013e-05
/content/Dataset/Test/Fake/fake_3419.jpg,0,0,True,0.9999761581420898,2.3804439479135908e-05
/content/Dataset/Test/Fake/fake_342.jpg,0,0,True,0.9999778270721436,2.2147243726067245e-05
/content/Dataset/Test/Fake/fake_3420.jpg,0,0,True,0.9999756813049316,2.4344684788957238e-05
/content/Dataset/Test/Fake/fake_3421.jpg,0,0,True,0.9999779462814331,2.201756251452025e-05
/content/Dataset/Test/Fake/fake_3422.jpg,0,0,True,0.9999711513519287,2.8897162337671034e-05
/content/Dataset/Test/Fake/fake_3423.jpg,0,0,True,0.9999687671661377,3.118777749477886e-05
/content/Dataset/Test/Fake/fake_3424.jpg,0,0,True,0.9999673366546631,3.2690262742107734e-05
/content/Dataset/Test/Fake/fake_3425.jpg,0,0,True,0.9999747276306152,2.5257000743295066e-05
/content/Dataset/Test/Fake/fake_3426.jpg,0,0,True,0.9997736811637878,0.0002263769565615803
/content/Dataset/Test/Fake/fake_3427.jpg,0,0,True,0.9999216794967651,7.830837421352044e-05
/content/Dataset/Test/Fake/fake_3428.jpg,0,0,True,0.9999223947525024,7.759113213978708e-05
/content/Dataset/Test/Fake/fake_3429.jpg,0,0,True,0.9999735355377197,2.6441124646225944e-05
/content/Dataset/Test/Fake/fake_343.jpg,0,0,True,0.9999786615371704,2.1311065211193636e-05
/content/Dataset/Test/Fake/fake_3430.jpg,0,0,True,0.9999717473983765,2.8240483516128734e-05
/content/Dataset/Test/Fake/fake_3431.jpg,0,0,True,0.9999649524688721,3.5022952943108976e-05
/content/Dataset/Test/Fake/fake_3432.jpg,0,0,True,0.9999758005142212,2.422781653876882e-05
/content/Dataset/Test/Fake/fake_3433.jpg,0,0,True,0.9988505840301514,0.0011494150385260582
/content/Dataset/Test/Fake/fake_3434.jpg,0,0,True,0.9999752044677734,2.476708141330164e-05
/content/Dataset/Test/Fake/fake_3435.jpg,0,0,True,0.9999765157699585,2.3489723389502615e-05
/content/Dataset/Test/Fake/fake_3436.jpg,0,0,True,0.999974250793457,2.5801284209592268e-05
/content/Dataset/Test/Fake/fake_3437.jpg,0,0,True,0.9999575614929199,4.239184636389837e-05
/content/Dataset/Test/Fake/fake_3438.jpg,0,0,True,0.999976634979248,2.330670577066485e-05
/content/Dataset/Test/Fake/fake_3439.jpg,0,0,True,0.9999781847000122,2.1868927433388308e-05
/content/Dataset/Test/Fake/fake_344.jpg,0,0,True,0.9999760389328003,2.39153432630701e-05
/content/Dataset/Test/Fake/fake_3440.jpg,0,0,True,0.9999771118164062,2.290689735673368e-05
/content/Dataset/Test/Fake/fake_3441.jpg,0,0,True,0.9999690055847168,3.0989260267233476e-05
/content/Dataset/Test/Fake/fake_3442.jpg,0,0,True,0.9999780654907227,2.196940840804018e-05
/content/Dataset/Test/Fake/fake_3443.jpg,0,0,True,0.9999737739562988,2.617765676404815e-05
/content/Dataset/Test/Fake/fake_3444.jpg,0,0,True,0.9999730587005615,2.6949248422170058e-05
/content/Dataset/Test/Fake/fake_3445.jpg,0,0,True,0.999976634979248,2.3324402718571946e-05
/content/Dataset/Test/Fake/fake_3446.jpg,0,0,True,0.9999700784683228,2.989964559674263e-05
/content/Dataset/Test/Fake/fake_3447.jpg,0,0,True,0.9999762773513794,2.3672593670198694e-05
/content/Dataset/Test/Fake/fake_3448.jpg,0,0,True,0.9999707937240601,2.9154642106732354e-05
/content/Dataset/Test/Fake/fake_3449.jpg,0,0,True,0.9999674558639526,3.258155265939422e-05
/content/Dataset/Test/Fake/fake_345.jpg,0,0,True,0.9999772310256958,2.2819118385086767e-05
/content/Dataset/Test/Fake/fake_3450.jpg,0,0,True,0.999969482421875,3.0472167054540478e-05
/content/Dataset/Test/Fake/fake_3451.jpg,0,0,True,0.9999740123748779,2.595485420897603e-05
/content/Dataset/Test/Fake/fake_3452.jpg,0,0,True,0.9998220801353455,0.0001779647427611053
/content/Dataset/Test/Fake/fake_3453.jpg,0,0,True,0.9992026686668396,0.0007973546744324267
/content/Dataset/Test/Fake/fake_3454.jpg,0,0,True,0.999974250793457,2.5747502149897628e-05
/content/Dataset/Test/Fake/fake_3455.jpg,0,0,True,0.9999407529830933,5.924079232499935e-05
/content/Dataset/Test/Fake/fake_3456.jpg,0,0,True,0.999971866607666,2.8120921342633665e-05
/content/Dataset/Test/Fake/fake_3457.jpg,0,0,True,0.9999725818634033,2.7475834940560162e-05
/content/Dataset/Test/Fake/fake_3458.jpg,0,0,True,0.9999762773513794,2.3714397684670985e-05
/content/Dataset/Test/Fake/fake_3459.jpg,0,0,True,0.9999771118164062,2.290831798745785e-05
/content/Dataset/Test/Fake/fake_346.jpg,0,0,True,0.9999752044677734,2.478210808476433e-05
/content/Dataset/Test/Fake/fake_3460.jpg,0,0,True,0.9999772310256958,2.271663470310159e-05
/content/Dataset/Test/Fake/fake_3461.jpg,0,0,True,0.9999781847000122,2.1869240299565718e-05
/content/Dataset/Test/Fake/fake_3462.jpg,0,0,True,0.9999746084213257,2.5384473701706156e-05
/content/Dataset/Test/Fake/fake_3463.jpg,0,0,True,0.9999758005142212,2.4193874196498655e-05
/content/Dataset/Test/Fake/fake_3464.jpg,0,0,True,0.9999711513519287,2.8873746487079188e-05
/content/Dataset/Test/Fake/fake_3465.jpg,0,0,True,0.9999659061431885,3.4078886528732255e-05
/content/Dataset/Test/Fake/fake_3466.jpg,0,0,True,0.9999651908874512,3.476021811366081e-05
/content/Dataset/Test/Fake/fake_3467.jpg,0,0,True,0.9999768733978271,2.3156320821726695e-05
/content/Dataset/Test/Fake/fake_3468.jpg,0,0,True,0.9999421834945679,5.78562066948507e-05
/content/Dataset/Test/Fake/fake_3469.jpg,0,0,True,0.9999786615371704,2.127869265677873e-05
/content/Dataset/Test/Fake/fake_347.jpg,0,0,True,0.9999682903289795,3.167294926242903e-05
/content/Dataset/Test/Fake/fake_3470.jpg,0,0,True,0.9999761581420898,2.3840540961828083e-05
/content/Dataset/Test/Fake/fake_3471.jpg,0,0,True,0.9999768733978271,2.3109418179956265e-05
/content/Dataset/Test/Fake/fake_3472.jpg,0,0,True,0.99997878074646,2.1223711883067153e-05
/content/Dataset/Test/Fake/fake_3473.jpg,0,0,True,0.9999725818634033,2.7475914976093918e-05
/content/Dataset/Test/Fake/fake_3474.jpg,0,0,True,0.9999784231185913,2.1572901459876448e-05
/content/Dataset/Test/Fake/fake_3475.jpg,0,0,True,0.999977707862854,2.2261334379436448e-05
/content/Dataset/Test/Fake/fake_3476.jpg,0,0,True,0.999976634979248,2.341636354685761e-05
/content/Dataset/Test/Fake/fake_3477.jpg,0,0,True,0.9999743700027466,2.5674655262264423e-05
/content/Dataset/Test/Fake/fake_3478.jpg,0,0,True,0.9999468326568604,5.32130325154867e-05
/content/Dataset/Test/Fake/fake_3479.jpg,0,0,True,0.9999781847000122,2.1852145437151194e-05
/content/Dataset/Test/Fake/fake_348.jpg,0,0,True,0.9999786615371704,2.1363117411965504e-05
/content/Dataset/Test/Fake/fake_3480.jpg,0,0,True,0.9999716281890869,2.840619708877057e-05
/content/Dataset/Test/Fake/fake_3481.jpg,0,0,True,0.9999754428863525,2.451176078466233e-05
/content/Dataset/Test/Fake/fake_3482.jpg,0,0,True,0.999977707862854,2.2306900063995272e-05
/content/Dataset/Test/Fake/fake_3483.jpg,0,0,True,0.999976396560669,2.365846921748016e-05
/content/Dataset/Test/Fake/fake_3484.jpg,0,0,True,0.9999665021896362,3.3496755349915475e-05
/content/Dataset/Test/Fake/fake_3485.jpg,0,0,True,0.9999737739562988,2.6226807676721364e-05
/content/Dataset/Test/Fake/fake_3486.jpg,0,0,True,0.9999744892120361,2.552030491642654e-05
/content/Dataset/Test/Fake/fake_3487.jpg,0,0,True,0.9999744892120361,2.550302815507166e-05
/content/Dataset/Test/Fake/fake_3488.jpg,0,0,True,0.9999784231185913,2.1536929125431925e-05
/content/Dataset/Test/Fake/fake_3489.jpg,0,0,True,0.9999078512191772,9.218032209901139e-05
/content/Dataset/Test/Fake/fake_349.jpg,0,0,True,0.9999569654464722,4.2988089262507856e-05
/content/Dataset/Test/Fake/fake_3490.jpg,0,0,True,0.999976396560669,2.3556345695396885e-05
/content/Dataset/Test/Fake/fake_3491.jpg,0,0,True,0.9999569654464722,4.300354703445919e-05
/content/Dataset/Test/Fake/fake_3492.jpg,0,0,True,0.9997617602348328,0.0002382914535701275
/content/Dataset/Test/Fake/fake_3493.jpg,0,0,True,0.9999755620956421,2.439523086650297e-05
/content/Dataset/Test/Fake/fake_3494.jpg,0,0,True,0.999976634979248,2.3332368073170073e-05
/content/Dataset/Test/Fake/fake_3495.jpg,0,0,True,0.9999772310256958,2.2813068426330574e-05
/content/Dataset/Test/Fake/fake_3496.jpg,0,0,True,0.9999779462814331,2.211164428445045e-05
/content/Dataset/Test/Fake/fake_3497.jpg,0,0,True,0.9999778270721436,2.2223603082238697e-05
/content/Dataset/Test/Fake/fake_3498.jpg,0,0,True,0.9999783039093018,2.1733518224209547e-05
/content/Dataset/Test/Fake/fake_3499.jpg,0,0,True,0.9999701976776123,2.9797429306199774e-05
/content/Dataset/Test/Fake/fake_35.jpg,0,0,True,0.9999756813049316,2.4319622752955183e-05
/content/Dataset/Test/Fake/fake_350.jpg,0,0,True,0.999972939491272,2.703395875869319e-05
/content/Dataset/Test/Fake/fake_3500.jpg,0,0,True,0.7932303547859192,0.206769660115242
/content/Dataset/Test/Fake/fake_3501.jpg,0,0,True,0.9985008239746094,0.0014992145588621497
/content/Dataset/Test/Fake/fake_3502.jpg,0,0,True,0.9999771118164062,2.2886109945829958e-05
/content/Dataset/Test/Fake/fake_3503.jpg,0,0,True,0.9999731779098511,2.6795154553838074e-05
/content/Dataset/Test/Fake/fake_3504.jpg,0,0,True,0.999976634979248,2.334258533664979e-05
/content/Dataset/Test/Fake/fake_3505.jpg,0,0,True,0.9999779462814331,2.2009040549164638e-05
/content/Dataset/Test/Fake/fake_3506.jpg,0,0,True,0.9999771118164062,2.2888074454385787e-05
/content/Dataset/Test/Fake/fake_3507.jpg,0,0,True,0.999977707862854,2.2277496100286953e-05
/content/Dataset/Test/Fake/fake_3508.jpg,0,0,True,0.9999762773513794,2.3749840693199076e-05
/content/Dataset/Test/Fake/fake_3509.jpg,0,0,True,0.9695366024971008,0.03046344220638275
/content/Dataset/Test/Fake/fake_351.jpg,0,0,True,0.9999699592590332,3.0086164770182222e-05
/content/Dataset/Test/Fake/fake_3510.jpg,0,0,True,0.9999709129333496,2.9100754545652308e-05
/content/Dataset/Test/Fake/fake_3511.jpg,0,0,True,0.9999703168869019,2.96578073175624e-05
/content/Dataset/Test/Fake/fake_3512.jpg,0,0,True,0.9999719858169556,2.8031439796905033e-05
/content/Dataset/Test/Fake/fake_3513.jpg,0,0,True,0.9999743700027466,2.5570925572537817e-05
/content/Dataset/Test/Fake/fake_3514.jpg,0,0,True,0.9999779462814331,2.2047945094527677e-05
/content/Dataset/Test/Fake/fake_3515.jpg,0,0,True,0.9999402761459351,5.97522193857003e-05
/content/Dataset/Test/Fake/fake_3516.jpg,0,0,True,0.9970491528511047,0.0029508487787097692
/content/Dataset/Test/Fake/fake_3517.jpg,0,0,True,0.999977707862854,2.227501136076171e-05
/content/Dataset/Test/Fake/fake_3518.jpg,0,0,True,0.9999774694442749,2.249772114737425e-05
/content/Dataset/Test/Fake/fake_3519.jpg,0,0,True,0.9999758005142212,2.4230221242760308e-05
/content/Dataset/Test/Fake/fake_352.jpg,0,0,True,0.9999735355377197,2.644969936227426e-05
/content/Dataset/Test/Fake/fake_3520.jpg,0,0,True,0.9999779462814331,2.2107280528871343e-05
/content/Dataset/Test/Fake/fake_3521.jpg,0,0,True,0.9999780654907227,2.1890980860916898e-05
/content/Dataset/Test/Fake/fake_3522.jpg,0,0,True,0.9999772310256958,2.2756270482204854e-05
/content/Dataset/Test/Fake/fake_3523.jpg,0,0,True,0.9999758005142212,2.417874384263996e-05
/content/Dataset/Test/Fake/fake_3524.jpg,0,0,True,0.9999772310256958,2.275097358506173e-05
/content/Dataset/Test/Fake/fake_3525.jpg,0,0,True,0.9999731779098511,2.680075340322219e-05
/content/Dataset/Test/Fake/fake_3526.jpg,0,0,True,0.999936580657959,6.345396104734391e-05
/content/Dataset/Test/Fake/fake_3527.jpg,0,0,True,0.9999738931655884,2.6134281142731197e-05
/content/Dataset/Test/Fake/fake_3528.jpg,0,0,True,0.9999715089797974,2.851054523489438e-05
/content/Dataset/Test/Fake/fake_3529.jpg,0,0,True,0.9999719858169556,2.806425982271321e-05
/content/Dataset/Test/Fake/fake_353.jpg,0,0,True,0.999976396560669,2.3555898224003613e-05
/content/Dataset/Test/Fake/fake_3530.jpg,0,0,True,0.9298757314682007,0.07012420892715454
/content/Dataset/Test/Fake/fake_3531.jpg,0,0,True,0.9999791383743286,2.0832081645494327e-05
/content/Dataset/Test/Fake/fake_3532.jpg,0,0,True,0.9999767541885376,2.3198868802865036e-05
/content/Dataset/Test/Fake/fake_3533.jpg,0,0,True,0.9999786615371704,2.128435517079197e-05
/content/Dataset/Test/Fake/fake_3534.jpg,0,0,True,0.999975323677063,2.4722248781472445e-05
/content/Dataset/Test/Fake/fake_3535.jpg,0,0,True,0.9999758005142212,2.424420199531596e-05
/content/Dataset/Test/Fake/fake_3536.jpg,0,0,True,0.9407055377960205,0.05929451063275337
/content/Dataset/Test/Fake/fake_3537.jpg,0,0,True,0.99997878074646,2.1252229998935945e-05
/content/Dataset/Test/Fake/fake_3538.jpg,0,0,True,0.9999769926071167,2.3042674001771957e-05
/content/Dataset/Test/Fake/fake_3539.jpg,0,0,True,0.9999710321426392,2.893902092182543e-05
/content/Dataset/Test/Fake/fake_354.jpg,0,0,True,0.9999759197235107,2.4078142814687453e-05
/content/Dataset/Test/Fake/fake_3540.jpg,0,0,True,0.9999693632125854,3.0590548703912646e-05
/content/Dataset/Test/Fake/fake_3541.jpg,0,0,True,0.9999688863754272,3.1069568649400026e-05
/content/Dataset/Test/Fake/fake_3542.jpg,0,0,True,0.999976396560669,2.3599925043527037e-05
/content/Dataset/Test/Fake/fake_3543.jpg,0,0,True,0.9999747276306152,2.5286404707003385e-05
/content/Dataset/Test/Fake/fake_3544.jpg,0,0,True,0.9999747276306152,2.5214474590029567e-05
/content/Dataset/Test/Fake/fake_3545.jpg,0,0,True,0.9999685287475586,3.144146467093378e-05
/content/Dataset/Test/Fake/fake_3546.jpg,0,0,True,0.9999748468399048,2.516213498893194e-05
/content/Dataset/Test/Fake/fake_3547.jpg,0,0,True,0.9999761581420898,2.378859971940983e-05
/content/Dataset/Test/Fake/fake_3548.jpg,0,0,True,0.9999775886535645,2.2443227862822823e-05
/content/Dataset/Test/Fake/fake_3549.jpg,0,0,True,0.999974250793457,2.569422395026777e-05
/content/Dataset/Test/Fake/fake_355.jpg,0,0,True,0.9999767541885376,2.325129389646463e-05
/content/Dataset/Test/Fake/fake_3550.jpg,0,0,True,0.9999769926071167,2.296021739311982e-05
/content/Dataset/Test/Fake/fake_3551.jpg,0,0,True,0.9999738931655884,2.611786112538539e-05
/content/Dataset/Test/Fake/fake_3552.jpg,0,0,True,0.99994957447052,5.044362842454575e-05
/content/Dataset/Test/Fake/fake_3553.jpg,0,0,True,0.9999796152114868,2.0386036339914426e-05
/content/Dataset/Test/Fake/fake_3554.jpg,0,0,True,0.9995158910751343,0.000484054529806599
/content/Dataset/Test/Fake/fake_3555.jpg,0,0,True,0.9999762773513794,2.3699294615653343e-05
/content/Dataset/Test/Fake/fake_3556.jpg,0,0,True,0.9999420642852783,5.7907811424229294e-05
/content/Dataset/Test/Fake/fake_3557.jpg,0,0,True,0.9999656677246094,3.4375523682683706e-05
/content/Dataset/Test/Fake/fake_3558.jpg,0,0,True,0.9999734163284302,2.652547846082598e-05
/content/Dataset/Test/Fake/fake_3559.jpg,0,0,True,0.9999711513519287,2.879004750866443e-05
/content/Dataset/Test/Fake/fake_356.jpg,0,0,True,0.999954104423523,4.5834789489163086e-05
/content/Dataset/Test/Fake/fake_3560.jpg,0,0,True,0.9999781847000122,2.175557892769575e-05
/content/Dataset/Test/Fake/fake_3561.jpg,0,0,True,0.9968967437744141,0.0031032173428684473
/content/Dataset/Test/Fake/fake_3562.jpg,0,0,True,0.9999740123748779,2.5976894903578795e-05
/content/Dataset/Test/Fake/fake_3563.jpg,0,0,True,0.999962568283081,3.746727452380583e-05
/content/Dataset/Test/Fake/fake_3564.jpg,0,0,True,0.9999737739562988,2.6222307496936992e-05
/content/Dataset/Test/Fake/fake_3565.jpg,0,0,True,0.9999746084213257,2.5376510166097432e-05
/content/Dataset/Test/Fake/fake_3566.jpg,0,0,True,0.9999749660491943,2.5064018700504676e-05
/content/Dataset/Test/Fake/fake_3567.jpg,0,0,True,0.9999756813049316,2.4318091163877398e-05
/content/Dataset/Test/Fake/fake_3568.jpg,0,0,True,0.9999721050262451,2.7940061045228504e-05
/content/Dataset/Test/Fake/fake_3569.jpg,0,0,True,0.999976396560669,2.3616990802111104e-05
/content/Dataset/Test/Fake/fake_357.jpg,0,0,True,0.9999771118164062,2.284402580698952e-05
/content/Dataset/Test/Fake/fake_3570.jpg,0,0,True,0.9999755620956421,2.438618139422033e-05
/content/Dataset/Test/Fake/fake_3571.jpg,0,0,True,0.8798204660415649,0.12017946690320969
/content/Dataset/Test/Fake/fake_3572.jpg,0,0,True,0.999794065952301,0.0002059203980024904
/content/Dataset/Test/Fake/fake_3573.jpg,0,0,True,0.9999740123748779,2.602678614493925e-05
/content/Dataset/Test/Fake/fake_3574.jpg,0,0,True,0.9999668598175049,3.311298860353418e-05
/content/Dataset/Test/Fake/fake_3575.jpg,0,0,True,0.9999699592590332,2.9984879802213982e-05
/content/Dataset/Test/Fake/fake_3576.jpg,0,0,True,0.9999771118164062,2.2870117390993983e-05
/content/Dataset/Test/Fake/fake_3577.jpg,0,0,True,0.9518767595291138,0.04812324792146683
/content/Dataset/Test/Fake/fake_3578.jpg,0,0,True,0.9999771118164062,2.2845028070150875e-05
/content/Dataset/Test/Fake/fake_3579.jpg,0,0,True,0.8430733680725098,0.15692660212516785
/content/Dataset/Test/Fake/fake_358.jpg,0,0,True,0.9999758005142212,2.419239899609238e-05
/content/Dataset/Test/Fake/fake_3580.jpg,0,0,True,0.9999743700027466,2.5631230528233573e-05
/content/Dataset/Test/Fake/fake_3581.jpg,0,0,True,0.9999587535858154,4.124333645449951e-05
/content/Dataset/Test/Fake/fake_3582.jpg,0,0,True,0.9999691247940063,3.08755443256814e-05
/content/Dataset/Test/Fake/fake_3583.jpg,0,0,True,0.9999675750732422,3.2482275855727494e-05
/content/Dataset/Test/Fake/fake_3584.jpg,0,0,True,0.9999756813049316,2.4303299142047763e-05
/content/Dataset/Test/Fake/fake_3585.jpg,0,0,True,0.9999778270721436,2.21180307562463e-05
/content/Dataset/Test/Fake/fake_3586.jpg,0,0,True,0.9999784231185913,2.154822686861735e-05
/content/Dataset/Test/Fake/fake_3587.jpg,0,0,True,0.99997878074646,2.1251782527542673e-05
/content/Dataset/Test/Fake/fake_3588.jpg,0,0,True,0.9999693632125854,3.062663017772138e-05
/content/Dataset/Test/Fake/fake_3589.jpg,0,0,True,0.999976634979248,2.339725506317336e-05
/content/Dataset/Test/Fake/fake_359.jpg,0,0,True,0.9998987913131714,0.00010117363126482815
/content/Dataset/Test/Fake/fake_3590.jpg,0,0,True,0.9999713897705078,2.8559905331349e-05
/content/Dataset/Test/Fake/fake_3591.jpg,0,0,True,0.9999738931655884,2.6087269361596555e-05
/content/Dataset/Test/Fake/fake_3592.jpg,0,0,True,0.9999732971191406,2.6658157366910018e-05
/content/Dataset/Test/Fake/fake_3593.jpg,0,0,True,0.9999788999557495,2.1085801563458517e-05
/content/Dataset/Test/Fake/fake_3594.jpg,0,0,True,0.9999610185623169,3.897092756233178e-05
/content/Dataset/Test/Fake/fake_3595.jpg,0,0,True,0.9999531507492065,4.680155325331725e-05
/content/Dataset/Test/Fake/fake_3596.jpg,0,0,True,0.9999728202819824,2.7232634238316678e-05
/content/Dataset/Test/Fake/fake_3597.jpg,0,0,True,0.999956488609314,4.3559513869695365e-05
/content/Dataset/Test/Fake/fake_3598.jpg,0,0,True,0.9999654293060303,3.459315485088155e-05
/content/Dataset/Test/Fake/fake_3599.jpg,0,0,True,0.5223943591117859,0.4776056110858917
/content/Dataset/Test/Fake/fake_36.jpg,0,0,True,0.999971866607666,2.8076197850168683e-05
/content/Dataset/Test/Fake/fake_360.jpg,0,0,True,0.9999786615371704,2.1363870473578572e-05
/content/Dataset/Test/Fake/fake_3600.jpg,0,0,True,0.9999350309371948,6.494283297797665e-05
/content/Dataset/Test/Fake/fake_3601.jpg,0,0,True,0.9999613761901855,3.8642196159344167e-05
/content/Dataset/Test/Fake/fake_3602.jpg,0,0,True,0.9999703168869019,2.969604065583553e-05
/content/Dataset/Test/Fake/fake_3603.jpg,0,0,True,0.9999673366546631,3.260989615228027e-05
/content/Dataset/Test/Fake/fake_3604.jpg,0,0,True,0.999862790107727,0.00013719128037337214
/content/Dataset/Test/Fake/fake_3605.jpg,0,0,True,0.9996693134307861,0.00033064818126149476
/content/Dataset/Test/Fake/fake_3606.jpg,0,0,True,0.9999707937240601,2.9202446967246942e-05
/content/Dataset/Test/Fake/fake_3607.jpg,0,0,True,0.9999332427978516,6.68118373141624e-05
/content/Dataset/Test/Fake/fake_3608.jpg,0,0,True,0.9999771118164062,2.2935882952879183e-05
/content/Dataset/Test/Fake/fake_3609.jpg,0,0,True,0.9999690055847168,3.104537972831167e-05
/content/Dataset/Test/Fake/fake_361.jpg,0,0,True,0.9999768733978271,2.308237162651494e-05
/content/Dataset/Test/Fake/fake_3610.jpg,0,0,True,0.9999557733535767,4.4257431000005454e-05
/content/Dataset/Test/Fake/fake_3611.jpg,0,0,True,0.9999716281890869,2.8354366804705933e-05
/content/Dataset/Test/Fake/fake_3612.jpg,0,0,True,0.9999734163284302,2.6582762075122446e-05
/content/Dataset/Test/Fake/fake_3613.jpg,0,0,True,0.9999741315841675,2.5844547053566203e-05
/content/Dataset/Test/Fake/fake_3614.jpg,0,0,True,0.9999780654907227,2.1977622964186594e-05
/content/Dataset/Test/Fake/fake_3615.jpg,0,0,True,0.999975323677063,2.4622153432574123e-05
/content/Dataset/Test/Fake/fake_3616.jpg,0,0,True,0.9999715089797974,2.8472668418544345e-05
/content/Dataset/Test/Fake/fake_3617.jpg,0,0,True,0.9999767541885376,2.3268197764991783e-05
/content/Dataset/Test/Fake/fake_3618.jpg,0,0,True,0.9999762773513794,2.371041955484543e-05
/content/Dataset/Test/Fake/fake_3619.jpg,0,0,True,0.9999555349349976,4.4505657569970936e-05
/content/Dataset/Test/Fake/fake_362.jpg,0,0,True,0.9999767541885376,2.3248589059221558e-05
/content/Dataset/Test/Fake/fake_3620.jpg,0,0,True,0.9999231100082397,7.688743789913133e-05
/content/Dataset/Test/Fake/fake_3621.jpg,0,0,True,0.9999750852584839,2.4971828679554164e-05
/content/Dataset/Test/Fake/fake_3622.jpg,0,0,True,0.999974250793457,2.5704639483592473e-05
/content/Dataset/Test/Fake/fake_3623.jpg,0,0,True,0.9999605417251587,3.947615550714545e-05
/content/Dataset/Test/Fake/fake_3624.jpg,0,0,True,0.9985785484313965,0.0014214192051440477
/content/Dataset/Test/Fake/fake_3625.jpg,0,0,True,0.9999797344207764,2.0266877982066944e-05
/content/Dataset/Test/Fake/fake_3626.jpg,0,0,True,0.9999786615371704,2.130596294591669e-05
/content/Dataset/Test/Fake/fake_3627.jpg,0,0,True,0.9999716281890869,2.8318421755102463e-05
/content/Dataset/Test/Fake/fake_3628.jpg,0,0,True,0.864990234375,0.13500972092151642
/content/Dataset/Test/Fake/fake_3629.jpg,0,0,True,0.9999727010726929,2.725307786022313e-05
/content/Dataset/Test/Fake/fake_363.jpg,0,0,True,0.9999674558639526,3.2500738598173484e-05
/content/Dataset/Test/Fake/fake_3630.jpg,0,0,True,0.9999710321426392,2.9012222512392327e-05
/content/Dataset/Test/Fake/fake_3631.jpg,0,0,True,0.999962329864502,3.762424239539541e-05
/content/Dataset/Test/Fake/fake_3632.jpg,0,0,True,0.9999744892120361,2.548727388784755e-05
/content/Dataset/Test/Fake/fake_3633.jpg,0,0,True,0.9999775886535645,2.2390617232304066e-05
/content/Dataset/Test/Fake/fake_3634.jpg,0,0,True,0.999923825263977,7.616746006533504e-05
/content/Dataset/Test/Fake/fake_3635.jpg,0,0,True,0.9999760389328003,2.3983404389582574e-05
/content/Dataset/Test/Fake/fake_3636.jpg,0,0,True,0.9999767541885376,2.3211348889162764e-05
/content/Dataset/Test/Fake/fake_3637.jpg,0,0,True,0.9999762773513794,2.3714464987278916e-05
/content/Dataset/Test/Fake/fake_3638.jpg,0,0,True,0.9999762773513794,2.3752194465487264e-05
/content/Dataset/Test/Fake/fake_3639.jpg,0,0,True,0.9999760389328003,2.391105590504594e-05
/content/Dataset/Test/Fake/fake_364.jpg,0,0,True,0.9999768733978271,2.3137115931604058e-05
/content/Dataset/Test/Fake/fake_3640.jpg,0,0,True,0.9999678134918213,3.221788938390091e-05
/content/Dataset/Test/Fake/fake_3641.jpg,0,0,True,0.9999747276306152,2.5301553250756115e-05
/content/Dataset/Test/Fake/fake_3642.jpg,0,0,True,0.9999778270721436,2.2205720597412437e-05
/content/Dataset/Test/Fake/fake_3643.jpg,0,0,True,0.999962329864502,3.767095404327847e-05
/content/Dataset/Test/Fake/fake_3644.jpg,0,0,True,0.9999724626541138,2.759031303867232e-05
/content/Dataset/Test/Fake/fake_3645.jpg,0,0,True,0.9999668598175049,3.310181273263879e-05
/content/Dataset/Test/Fake/fake_3646.jpg,0,0,True,0.9999769926071167,2.3023738322081044e-05
/content/Dataset/Test/Fake/fake_3647.jpg,0,0,True,0.9999768733978271,2.317677717655897e-05
/content/Dataset/Test/Fake/fake_3648.jpg,0,0,True,0.9999784231185913,2.161425436497666e-05
/content/Dataset/Test/Fake/fake_3649.jpg,0,0,True,0.9999743700027466,2.5673529307823628e-05
/content/Dataset/Test/Fake/fake_365.jpg,0,0,True,0.9999750852584839,2.4907967599574476e-05
/content/Dataset/Test/Fake/fake_3650.jpg,0,0,True,0.9999738931655884,2.6103942218469456e-05
/content/Dataset/Test/Fake/fake_3651.jpg,0,0,True,0.9999663829803467,3.357126479386352e-05
/content/Dataset/Test/Fake/fake_3652.jpg,0,0,True,0.9999624490737915,3.755728175747208e-05
/content/Dataset/Test/Fake/fake_3653.jpg,0,0,True,0.9999587535858154,4.1267889173468575e-05
/content/Dataset/Test/Fake/fake_3654.jpg,0,0,True,0.9983737468719482,0.0016262625576928258
/content/Dataset/Test/Fake/fake_3655.jpg,0,0,True,0.9999606609344482,3.9364502299577e-05
/content/Dataset/Test/Fake/fake_3656.jpg,0,1,False,0.001302081160247326,0.9986978769302368
/content/Dataset/Test/Fake/fake_3657.jpg,0,0,True,0.9999752044677734,2.4783550543361343e-05
/content/Dataset/Test/Fake/fake_3658.jpg,0,0,True,0.999977707862854,2.2268766770139337e-05
/content/Dataset/Test/Fake/fake_3659.jpg,0,0,True,0.9999616146087646,3.837649637716822e-05
/content/Dataset/Test/Fake/fake_366.jpg,0,0,True,0.999976396560669,2.3638080165255815e-05
/content/Dataset/Test/Fake/fake_3660.jpg,0,0,True,0.9999668598175049,3.314935747766867e-05
/content/Dataset/Test/Fake/fake_3661.jpg,0,0,True,0.9999643564224243,3.5614517400972545e-05
/content/Dataset/Test/Fake/fake_3662.jpg,0,1,False,0.43395519256591797,0.5660447478294373
/content/Dataset/Test/Fake/fake_3663.jpg,0,0,True,0.5842012166976929,0.4157988131046295
/content/Dataset/Test/Fake/fake_3664.jpg,0,0,True,0.9184434413909912,0.081556536257267
/content/Dataset/Test/Fake/fake_3665.jpg,0,0,True,0.9998501539230347,0.00014978869876358658
/content/Dataset/Test/Fake/fake_3666.jpg,0,0,True,0.9999576807022095,4.2307325202273205e-05
/content/Dataset/Test/Fake/fake_3667.jpg,0,0,True,0.9998453855514526,0.00015458387497346848
/content/Dataset/Test/Fake/fake_3668.jpg,0,0,True,0.9999780654907227,2.1914187527727336e-05
/content/Dataset/Test/Fake/fake_3669.jpg,0,0,True,0.9999644756317139,3.554740396793932e-05
/content/Dataset/Test/Fake/fake_367.jpg,0,0,True,0.9999784231185913,2.1531035599764436e-05
/content/Dataset/Test/Fake/fake_3670.jpg,0,0,True,0.9999762773513794,2.3722359401290305e-05
/content/Dataset/Test/Fake/fake_3671.jpg,0,0,True,0.9999520778656006,4.7860863560345024e-05
/content/Dataset/Test/Fake/fake_3672.jpg,0,0,True,0.998502254486084,0.0014977911487221718
/content/Dataset/Test/Fake/fake_3673.jpg,0,0,True,0.9999741315841675,2.5845039999694563e-05
/content/Dataset/Test/Fake/fake_3674.jpg,0,0,True,0.9989442229270935,0.0010558144422248006
/content/Dataset/Test/Fake/fake_3675.jpg,0,0,True,0.999660849571228,0.00033913005609065294
/content/Dataset/Test/Fake/fake_3676.jpg,0,0,True,0.9920042157173157,0.007995828054845333
/content/Dataset/Test/Fake/fake_3677.jpg,0,0,True,0.9999126195907593,8.740742487134412e-05
/content/Dataset/Test/Fake/fake_3678.jpg,0,0,True,0.9999743700027466,2.561586006777361e-05
/content/Dataset/Test/Fake/fake_3679.jpg,0,0,True,0.999971866607666,2.811593185469974e-05
/content/Dataset/Test/Fake/fake_368.jpg,0,0,True,0.9999755620956421,2.4402746930718422e-05
/content/Dataset/Test/Fake/fake_3680.jpg,0,0,True,0.9959243535995483,0.004075603559613228
/content/Dataset/Test/Fake/fake_3681.jpg,0,0,True,0.9999752044677734,2.482329000486061e-05
/content/Dataset/Test/Fake/fake_3682.jpg,0,0,True,0.9999086856842041,9.131278784479946e-05
/content/Dataset/Test/Fake/fake_3683.jpg,0,0,True,0.99997878074646,2.1210196791798808e-05
/content/Dataset/Test/Fake/fake_3684.jpg,0,0,True,0.9999786615371704,2.1375772121245973e-05
/content/Dataset/Test/Fake/fake_3685.jpg,0,0,True,0.9999701976776123,2.9838860427844338e-05
/content/Dataset/Test/Fake/fake_3686.jpg,0,0,True,0.9999760389328003,2.3955630240379833e-05
/content/Dataset/Test/Fake/fake_3687.jpg,0,0,True,0.9999780654907227,2.190077429986559e-05
/content/Dataset/Test/Fake/fake_3688.jpg,0,0,True,0.9082462787628174,0.0917537659406662
/content/Dataset/Test/Fake/fake_3689.jpg,0,0,True,0.9999749660491943,2.498652429494541e-05
/content/Dataset/Test/Fake/fake_369.jpg,0,0,True,0.9999693632125854,3.0639836040791124e-05
/content/Dataset/Test/Fake/fake_3690.jpg,0,0,True,0.9999719858169556,2.8060087061021477e-05
/content/Dataset/Test/Fake/fake_3691.jpg,0,0,True,0.9999675750732422,3.2478408684255555e-05
/content/Dataset/Test/Fake/fake_3692.jpg,0,0,True,0.9999692440032959,3.0788516596658155e-05
/content/Dataset/Test/Fake/fake_3693.jpg,0,0,True,0.999956488609314,4.346573041402735e-05
/content/Dataset/Test/Fake/fake_3694.jpg,0,0,True,0.9999724626541138,2.7495201720739715e-05
/content/Dataset/Test/Fake/fake_3695.jpg,0,0,True,0.9999762773513794,2.3684766347287223e-05
/content/Dataset/Test/Fake/fake_3696.jpg,0,0,True,0.9999730587005615,2.6937634174828418e-05
/content/Dataset/Test/Fake/fake_3697.jpg,0,0,True,0.9999752044677734,2.481342016835697e-05
/content/Dataset/Test/Fake/fake_3698.jpg,0,0,True,0.9999768733978271,2.316438258276321e-05
/content/Dataset/Test/Fake/fake_3699.jpg,0,0,True,0.9999672174453735,3.282994293840602e-05
/content/Dataset/Test/Fake/fake_37.jpg,0,0,True,0.999951958656311,4.7998259105952457e-05
/content/Dataset/Test/Fake/fake_370.jpg,0,0,True,0.9999781847000122,2.178393697249703e-05
/content/Dataset/Test/Fake/fake_3700.jpg,0,0,True,0.9999631643295288,3.68543915101327e-05
/content/Dataset/Test/Fake/fake_3701.jpg,0,0,True,0.9999696016311646,3.0360144592123106e-05
/content/Dataset/Test/Fake/fake_3702.jpg,0,0,True,0.9999305009841919,6.950553506612778e-05
/content/Dataset/Test/Fake/fake_3703.jpg,0,0,True,0.9999754428863525,2.4561273676226847e-05
/content/Dataset/Test/Fake/fake_3704.jpg,0,0,True,0.9999390840530396,6.091816248954274e-05
/content/Dataset/Test/Fake/fake_3705.jpg,0,1,False,0.36942604184150696,0.6305739879608154
/content/Dataset/Test/Fake/fake_3706.jpg,0,1,False,0.06836086511611938,0.9316391348838806
/content/Dataset/Test/Fake/fake_3707.jpg,0,0,True,0.9999692440032959,3.074620690313168e-05
/content/Dataset/Test/Fake/fake_3708.jpg,0,0,True,0.9999704360961914,2.952970862679649e-05
/content/Dataset/Test/Fake/fake_3709.jpg,0,0,True,0.9999749660491943,2.5078914404730313e-05
/content/Dataset/Test/Fake/fake_371.jpg,0,0,True,0.9999754428863525,2.449899875500705e-05
/content/Dataset/Test/Fake/fake_3710.jpg,0,0,True,0.9999765157699585,2.3527925804955885e-05
/content/Dataset/Test/Fake/fake_3711.jpg,0,1,False,0.04931144416332245,0.9506886005401611
/content/Dataset/Test/Fake/fake_3712.jpg,0,0,True,0.999969482421875,3.056442801607773e-05
/content/Dataset/Test/Fake/fake_3713.jpg,0,0,True,0.9999774694442749,2.254744504170958e-05
/content/Dataset/Test/Fake/fake_3714.jpg,0,0,True,0.9999768733978271,2.3162947400123812e-05
/content/Dataset/Test/Fake/fake_3715.jpg,0,0,True,0.9999754428863525,2.45540159085067e-05
/content/Dataset/Test/Fake/fake_3716.jpg,0,0,True,0.9998992681503296,0.00010073493467643857
/content/Dataset/Test/Fake/fake_3717.jpg,0,0,True,0.9999755620956421,2.4427939933957532e-05
/content/Dataset/Test/Fake/fake_3718.jpg,0,0,True,0.9999403953552246,5.965639866190031e-05
/content/Dataset/Test/Fake/fake_3719.jpg,0,0,True,0.9999479055404663,5.208818765822798e-05
/content/Dataset/Test/Fake/fake_372.jpg,0,0,True,0.9999784231185913,2.1531548554776236e-05
/content/Dataset/Test/Fake/fake_3720.jpg,0,0,True,0.9732049107551575,0.026795078068971634
/content/Dataset/Test/Fake/fake_3721.jpg,0,0,True,0.9999748468399048,2.521012538636569e-05
/content/Dataset/Test/Fake/fake_3722.jpg,0,0,True,0.9999722242355347,2.7750325898523442e-05
/content/Dataset/Test/Fake/fake_3723.jpg,0,0,True,0.9999634027481079,3.65531632269267e-05
/content/Dataset/Test/Fake/fake_3724.jpg,0,0,True,0.9999758005142212,2.413976108073257e-05
/content/Dataset/Test/Fake/fake_3725.jpg,0,0,True,0.9999641180038452,3.5895856854040176e-05
/content/Dataset/Test/Fake/fake_3726.jpg,0,0,True,0.9999542236328125,4.5724162191618234e-05
/content/Dataset/Test/Fake/fake_3727.jpg,0,0,True,0.9999732971191406,2.676088479347527e-05
/content/Dataset/Test/Fake/fake_3728.jpg,0,0,True,0.9998371601104736,0.0001628500467631966
/content/Dataset/Test/Fake/fake_3729.jpg,0,0,True,0.9999600648880005,3.9926348108565435e-05
/content/Dataset/Test/Fake/fake_373.jpg,0,0,True,0.9999759197235107,2.406847670499701e-05
/content/Dataset/Test/Fake/fake_3730.jpg,0,0,True,0.999971866607666,2.812936872942373e-05
/content/Dataset/Test/Fake/fake_3731.jpg,0,0,True,0.9999790191650391,2.0990162738598883e-05
/content/Dataset/Test/Fake/fake_3732.jpg,0,0,True,0.9998822212219238,0.00011775425082305446
/content/Dataset/Test/Fake/fake_3733.jpg,0,0,True,0.9999711513519287,2.8854861739091575e-05
/content/Dataset/Test/Fake/fake_3734.jpg,0,0,True,0.999976396560669,2.3573742510052398e-05
/content/Dataset/Test/Fake/fake_3735.jpg,0,0,True,0.999976396560669,2.3601882276125252e-05
/content/Dataset/Test/Fake/fake_3736.jpg,0,0,True,0.9999580383300781,4.201214323984459e-05
/content/Dataset/Test/Fake/fake_3737.jpg,0,0,True,0.999974250793457,2.5714152798173018e-05
/content/Dataset/Test/Fake/fake_3738.jpg,0,0,True,0.9999727010726929,2.73517616733443e-05
/content/Dataset/Test/Fake/fake_3739.jpg,0,0,True,0.9775680303573608,0.0224319938570261
/content/Dataset/Test/Fake/fake_374.jpg,0,0,True,0.999975323677063,2.4676737666595727e-05
/content/Dataset/Test/Fake/fake_3740.jpg,0,0,True,0.9999747276306152,2.5300105335190892e-05
/content/Dataset/Test/Fake/fake_3741.jpg,0,0,True,0.9999431371688843,5.6858116295188665e-05
/content/Dataset/Test/Fake/fake_3742.jpg,0,0,True,0.8483798503875732,0.15162010490894318
/content/Dataset/Test/Fake/fake_3743.jpg,0,0,True,0.9999747276306152,2.529233825043775e-05
/content/Dataset/Test/Fake/fake_3744.jpg,0,0,True,0.9999762773513794,2.3724713173578493e-05
/content/Dataset/Test/Fake/fake_3745.jpg,0,0,True,0.9921537041664124,0.007846309803426266
/content/Dataset/Test/Fake/fake_3746.jpg,0,0,True,0.9999692440032959,3.078237932641059e-05
/content/Dataset/Test/Fake/fake_3747.jpg,0,0,True,0.9999762773513794,2.3716864234302193e-05
/content/Dataset/Test/Fake/fake_3748.jpg,0,0,True,0.9999773502349854,2.2626216377830133e-05
/content/Dataset/Test/Fake/fake_3749.jpg,0,0,True,0.9999761581420898,2.3849725039326586e-05
/content/Dataset/Test/Fake/fake_375.jpg,0,0,True,0.999977707862854,2.2292608264251612e-05
/content/Dataset/Test/Fake/fake_3750.jpg,0,0,True,0.9999699592590332,3.0060984499868937e-05
/content/Dataset/Test/Fake/fake_3751.jpg,0,0,True,0.9999747276306152,2.522963040973991e-05
/content/Dataset/Test/Fake/fake_3752.jpg,0,0,True,0.9999744892120361,2.5477724193478934e-05
/content/Dataset/Test/Fake/fake_3753.jpg,0,1,False,0.4633045792579651,0.5366954207420349
/content/Dataset/Test/Fake/fake_3754.jpg,0,0,True,0.9999361038208008,6.392545037670061e-05
/content/Dataset/Test/Fake/fake_3755.jpg,0,0,True,0.9944441914558411,0.0055557675659656525
/content/Dataset/Test/Fake/fake_3756.jpg,0,0,True,0.9999730587005615,2.6941588657791726e-05
/content/Dataset/Test/Fake/fake_3757.jpg,0,0,True,0.9999608993530273,3.914397893822752e-05
/content/Dataset/Test/Fake/fake_3758.jpg,0,0,True,0.9999563694000244,4.3687770812539384e-05
/content/Dataset/Test/Fake/fake_3759.jpg,0,0,True,0.9999610185623169,3.896999987773597e-05
/content/Dataset/Test/Fake/fake_376.jpg,0,0,True,0.999974250793457,2.5727227694005705e-05
/content/Dataset/Test/Fake/fake_3760.jpg,0,0,True,0.9998154044151306,0.00018456813995726407
/content/Dataset/Test/Fake/fake_3761.jpg,0,0,True,0.9995150566101074,0.00048495514784008265
/content/Dataset/Test/Fake/fake_3762.jpg,0,0,True,0.9999774694442749,2.2548929337062873e-05
/content/Dataset/Test/Fake/fake_3763.jpg,0,0,True,0.9999744892120361,2.550256613176316e-05
/content/Dataset/Test/Fake/fake_3764.jpg,0,0,True,0.999976396560669,2.3574237275170162e-05
/content/Dataset/Test/Fake/fake_3765.jpg,0,0,True,0.9999735355377197,2.6433963284944184e-05
/content/Dataset/Test/Fake/fake_3766.jpg,0,0,True,0.9999735355377197,2.644515916472301e-05
/content/Dataset/Test/Fake/fake_3767.jpg,0,0,True,0.9999759197235107,2.4065149773377925e-05
/content/Dataset/Test/Fake/fake_3768.jpg,0,0,True,0.9999569654464722,4.302410161471926e-05
/content/Dataset/Test/Fake/fake_3769.jpg,0,0,True,0.999976396560669,2.363267049076967e-05
/content/Dataset/Test/Fake/fake_377.jpg,0,0,True,0.9999772310256958,2.282209970871918e-05
/content/Dataset/Test/Fake/fake_3770.jpg,0,0,True,0.9999655485153198,3.442426896071993e-05
/content/Dataset/Test/Fake/fake_3771.jpg,0,0,True,0.9999761581420898,2.382406273682136e-05
/content/Dataset/Test/Fake/fake_3772.jpg,0,0,True,0.9999496936798096,5.029333260608837e-05
/content/Dataset/Test/Fake/fake_3773.jpg,0,0,True,0.9999722242355347,2.772847619780805e-05
/content/Dataset/Test/Fake/fake_3774.jpg,0,0,True,0.99997878074646,2.1254236344248056e-05
/content/Dataset/Test/Fake/fake_3775.jpg,0,0,True,0.9999783039093018,2.1694811948691495e-05
/content/Dataset/Test/Fake/fake_3776.jpg,0,0,True,0.9999350309371948,6.491731619462371e-05
/content/Dataset/Test/Fake/fake_3777.jpg,0,0,True,0.9999792575836182,2.0765457520610653e-05
/content/Dataset/Test/Fake/fake_3778.jpg,0,0,True,0.9996625185012817,0.0003374826046638191
/content/Dataset/Test/Fake/fake_3779.jpg,0,0,True,0.9575274586677551,0.04247249290347099
/content/Dataset/Test/Fake/fake_378.jpg,0,0,True,0.9999508857727051,4.915632598567754e-05
/content/Dataset/Test/Fake/fake_3780.jpg,0,0,True,0.6546558141708374,0.345344215631485
/content/Dataset/Test/Fake/fake_3781.jpg,0,0,True,0.9816465973854065,0.018353432416915894
/content/Dataset/Test/Fake/fake_3782.jpg,0,0,True,0.9999710321426392,2.8985808967263438e-05
/content/Dataset/Test/Fake/fake_3783.jpg,0,0,True,0.9999738931655884,2.61290497292066e-05
/content/Dataset/Test/Fake/fake_3784.jpg,0,0,True,0.9999679327011108,3.200725404894911e-05
/content/Dataset/Test/Fake/fake_3785.jpg,0,0,True,0.9999724626541138,2.7531068553798832e-05
/content/Dataset/Test/Fake/fake_3786.jpg,0,0,True,0.9999734163284302,2.6567757231532596e-05
/content/Dataset/Test/Fake/fake_3787.jpg,0,0,True,0.9999711513519287,2.8815373298129998e-05
/content/Dataset/Test/Fake/fake_3788.jpg,0,0,True,0.9999672174453735,3.27640118484851e-05
/content/Dataset/Test/Fake/fake_3789.jpg,0,0,True,0.999975323677063,2.4698400011402555e-05
/content/Dataset/Test/Fake/fake_379.jpg,0,0,True,0.9999626874923706,3.725681017385796e-05
/content/Dataset/Test/Fake/fake_3790.jpg,0,0,True,0.9999715089797974,2.8480435503297485e-05
/content/Dataset/Test/Fake/fake_3791.jpg,0,0,True,0.9908090829849243,0.009190932847559452
/content/Dataset/Test/Fake/fake_3792.jpg,0,0,True,0.9999690055847168,3.1041763577377424e-05
/content/Dataset/Test/Fake/fake_3793.jpg,0,0,True,0.9999730587005615,2.6901128876488656e-05
/content/Dataset/Test/Fake/fake_3794.jpg,0,0,True,0.9999774694442749,2.2532032744493335e-05
/content/Dataset/Test/Fake/fake_3795.jpg,0,0,True,0.9999772310256958,2.272265737701673e-05
/content/Dataset/Test/Fake/fake_3796.jpg,0,0,True,0.9999691247940063,3.086429933318868e-05
/content/Dataset/Test/Fake/fake_3797.jpg,0,0,True,0.9999563694000244,4.357691796030849e-05
/content/Dataset/Test/Fake/fake_3798.jpg,0,0,True,0.9999709129333496,2.9092207114445046e-05
/content/Dataset/Test/Fake/fake_3799.jpg,0,0,True,0.9999711513519287,2.88413830276113e-05
/content/Dataset/Test/Fake/fake_38.jpg,0,0,True,0.9999747276306152,2.5223927877959795e-05
/content/Dataset/Test/Fake/fake_380.jpg,0,0,True,0.9999773502349854,2.2592319510295056e-05
/content/Dataset/Test/Fake/fake_3800.jpg,0,0,True,0.9999750852584839,2.495423541404307e-05
/content/Dataset/Test/Fake/fake_3801.jpg,0,0,True,0.999974250793457,2.5706845917738974e-05
/content/Dataset/Test/Fake/fake_3802.jpg,0,0,True,0.9999663829803467,3.355855733389035e-05
/content/Dataset/Test/Fake/fake_3803.jpg,0,0,True,0.9999797344207764,2.0319383111200295e-05
/content/Dataset/Test/Fake/fake_3804.jpg,0,0,True,0.999971866607666,2.811166996252723e-05
/content/Dataset/Test/Fake/fake_3805.jpg,0,0,True,0.9999754428863525,2.4587803636677563e-05
/content/Dataset/Test/Fake/fake_3806.jpg,0,0,True,0.9999767541885376,2.3196722395368852e-05
/content/Dataset/Test/Fake/fake_3807.jpg,0,0,True,0.9999717473983765,2.8210013624629937e-05
/content/Dataset/Test/Fake/fake_3808.jpg,0,0,True,0.9999679327011108,3.2012321753427386e-05
/content/Dataset/Test/Fake/fake_3809.jpg,0,0,True,0.9999744892120361,2.551059515099041e-05
/content/Dataset/Test/Fake/fake_381.jpg,0,0,True,0.9999731779098511,2.6835634344024584e-05
/content/Dataset/Test/Fake/fake_3810.jpg,0,0,True,0.9233087301254272,0.07669129222631454
/content/Dataset/Test/Fake/fake_3811.jpg,0,0,True,0.722035825252533,0.27796420454978943
/content/Dataset/Test/Fake/fake_3812.jpg,0,0,True,0.9999738931655884,2.6053703550132923e-05
/content/Dataset/Test/Fake/fake_3813.jpg,0,0,True,0.9999769926071167,2.295794001838658e-05
/content/Dataset/Test/Fake/fake_3814.jpg,0,0,True,0.9999709129333496,2.9098035156494007e-05
/content/Dataset/Test/Fake/fake_3815.jpg,0,0,True,0.9999781847000122,2.1821093469043262e-05
/content/Dataset/Test/Fake/fake_3816.jpg,0,0,True,0.9999768733978271,2.3175716705736704e-05
/content/Dataset/Test/Fake/fake_3817.jpg,0,0,True,0.9999673366546631,3.268515138188377e-05
/content/Dataset/Test/Fake/fake_3818.jpg,0,0,True,0.9999626874923706,3.726551585714333e-05
/content/Dataset/Test/Fake/fake_3819.jpg,0,0,True,0.9999669790267944,3.304472556919791e-05
/content/Dataset/Test/Fake/fake_382.jpg,0,0,True,0.9999785423278809,2.1486363039002754e-05
/content/Dataset/Test/Fake/fake_3820.jpg,0,0,True,0.9999674558639526,3.2524429116165265e-05
/content/Dataset/Test/Fake/fake_3821.jpg,0,0,True,0.9999644756317139,3.549164466676302e-05
/content/Dataset/Test/Fake/fake_3822.jpg,0,0,True,0.9999762773513794,2.3716795112704858e-05
/content/Dataset/Test/Fake/fake_3823.jpg,0,0,True,0.9990670084953308,0.0009330715984106064
/content/Dataset/Test/Fake/fake_3824.jpg,0,0,True,0.9502120614051819,0.04978790506720543
/content/Dataset/Test/Fake/fake_3825.jpg,0,0,True,0.9992169141769409,0.0007830910617485642
/content/Dataset/Test/Fake/fake_3826.jpg,0,0,True,0.9999604225158691,3.952892802772112e-05
/content/Dataset/Test/Fake/fake_3827.jpg,0,0,True,0.9999721050262451,2.792663508444093e-05
/content/Dataset/Test/Fake/fake_3828.jpg,0,0,True,0.99997878074646,2.1275895051076077e-05
/content/Dataset/Test/Fake/fake_3829.jpg,0,0,True,0.9999780654907227,2.1978901713737287e-05
/content/Dataset/Test/Fake/fake_383.jpg,0,0,True,0.9999723434448242,2.7694097298081033e-05
/content/Dataset/Test/Fake/fake_3830.jpg,0,0,True,0.999976634979248,2.3401495127473027e-05
/content/Dataset/Test/Fake/fake_3831.jpg,0,0,True,0.9999780654907227,2.195721936004702e-05
/content/Dataset/Test/Fake/fake_3832.jpg,0,0,True,0.9999758005142212,2.4238541300292127e-05
/content/Dataset/Test/Fake/fake_3833.jpg,0,0,True,0.9999744892120361,2.547014446463436e-05
/content/Dataset/Test/Fake/fake_3834.jpg,0,0,True,0.9999760389328003,2.3940627215779386e-05
/content/Dataset/Test/Fake/fake_3835.jpg,0,0,True,0.9999672174453735,3.276089046266861e-05
/content/Dataset/Test/Fake/fake_3836.jpg,0,1,False,0.4631028473377228,0.5368971824645996
/content/Dataset/Test/Fake/fake_3837.jpg,0,0,True,0.9999574422836304,4.252068174537271e-05
/content/Dataset/Test/Fake/fake_3838.jpg,0,0,True,0.9999648332595825,3.51786075043492e-05
/content/Dataset/Test/Fake/fake_3839.jpg,0,0,True,0.9999651908874512,3.477275095065124e-05
/content/Dataset/Test/Fake/fake_384.jpg,0,0,True,0.9999591112136841,4.083686144440435e-05
/content/Dataset/Test/Fake/fake_3840.jpg,0,0,True,0.9999542236328125,4.580036329571158e-05
/content/Dataset/Test/Fake/fake_3841.jpg,0,0,True,0.9999761581420898,2.3807731849956326e-05
/content/Dataset/Test/Fake/fake_3842.jpg,0,0,True,0.9999738931655884,2.6159143089898862e-05
/content/Dataset/Test/Fake/fake_3843.jpg,0,0,True,0.999976396560669,2.363934436289128e-05
/content/Dataset/Test/Fake/fake_3844.jpg,0,0,True,0.9999725818634033,2.741484968282748e-05
/content/Dataset/Test/Fake/fake_3845.jpg,0,0,True,0.9999731779098511,2.685791150724981e-05
/content/Dataset/Test/Fake/fake_3846.jpg,0,0,True,0.9999713897705078,2.8602973543456756e-05
/content/Dataset/Test/Fake/fake_3847.jpg,0,0,True,0.9999767541885376,2.3256839995156042e-05
/content/Dataset/Test/Fake/fake_3848.jpg,0,0,True,0.9999765157699585,2.3540360416518524e-05
/content/Dataset/Test/Fake/fake_3849.jpg,0,0,True,0.999976634979248,2.3325181246036664e-05
/content/Dataset/Test/Fake/fake_385.jpg,0,0,True,0.9999799728393555,2.001898428716231e-05
/content/Dataset/Test/Fake/fake_3850.jpg,0,0,True,0.9999703168869019,2.966029387607705e-05
/content/Dataset/Test/Fake/fake_3851.jpg,0,0,True,0.9999324083328247,6.755493086529896e-05
/content/Dataset/Test/Fake/fake_3852.jpg,0,0,True,0.9999699592590332,2.999723619723227e-05
/content/Dataset/Test/Fake/fake_3853.jpg,0,0,True,0.9999641180038452,3.582701538107358e-05
/content/Dataset/Test/Fake/fake_3854.jpg,0,0,True,0.9999732971191406,2.668092020030599e-05
/content/Dataset/Test/Fake/fake_3855.jpg,0,0,True,0.9999736547470093,2.630460585351102e-05
/content/Dataset/Test/Fake/fake_3856.jpg,0,0,True,0.9999427795410156,5.716490704799071e-05
/content/Dataset/Test/Fake/fake_3857.jpg,0,0,True,0.9999620914459229,3.791386552620679e-05
/content/Dataset/Test/Fake/fake_3858.jpg,0,0,True,0.9999784231185913,2.158039205824025e-05
/content/Dataset/Test/Fake/fake_3859.jpg,0,0,True,0.9999791383743286,2.0842335288762115e-05
/content/Dataset/Test/Fake/fake_386.jpg,0,0,True,0.9999735355377197,2.6453029931872152e-05
/content/Dataset/Test/Fake/fake_3860.jpg,0,0,True,0.9999769926071167,2.3009537471807562e-05
/content/Dataset/Test/Fake/fake_3861.jpg,0,0,True,0.9999771118164062,2.2892156266607344e-05
/content/Dataset/Test/Fake/fake_3862.jpg,0,0,True,0.9999767541885376,2.323719672858715e-05
/content/Dataset/Test/Fake/fake_3863.jpg,0,0,True,0.9999737739562988,2.6250605515087955e-05
/content/Dataset/Test/Fake/fake_3864.jpg,0,0,True,0.9999712705612183,2.8698412279482e-05
/content/Dataset/Test/Fake/fake_3865.jpg,0,0,True,0.8334067463874817,0.1665932685136795
/content/Dataset/Test/Fake/fake_3866.jpg,0,0,True,0.5462737679481506,0.45372623205184937
/content/Dataset/Test/Fake/fake_3867.jpg,0,1,False,0.47018569707870483,0.5298143029212952
/content/Dataset/Test/Fake/fake_3868.jpg,0,0,True,0.997379720211029,0.0026202567387372255
/content/Dataset/Test/Fake/fake_3869.jpg,0,0,True,0.9999723434448242,2.767569458228536e-05
/content/Dataset/Test/Fake/fake_387.jpg,0,0,True,0.9999779462814331,2.2102787625044584e-05
/content/Dataset/Test/Fake/fake_3870.jpg,0,0,True,0.9999760389328003,2.3915434212540276e-05
/content/Dataset/Test/Fake/fake_3871.jpg,0,0,True,0.999957799911499,4.2183524783467874e-05
/content/Dataset/Test/Fake/fake_3872.jpg,0,0,True,0.9999734163284302,2.6581139536574483e-05
/content/Dataset/Test/Fake/fake_3873.jpg,0,0,True,0.9997984766960144,0.000201558243134059
/content/Dataset/Test/Fake/fake_3874.jpg,0,0,True,0.9999772310256958,2.2762129447073676e-05
/content/Dataset/Test/Fake/fake_3875.jpg,0,0,True,0.9999756813049316,2.4292918169521727e-05
/content/Dataset/Test/Fake/fake_3876.jpg,0,0,True,0.9999765157699585,2.3516282453783788e-05
/content/Dataset/Test/Fake/fake_3877.jpg,0,0,True,0.999962568283081,3.737837323569693e-05
/content/Dataset/Test/Fake/fake_3878.jpg,0,0,True,0.9999760389328003,2.39289383898722e-05
/content/Dataset/Test/Fake/fake_3879.jpg,0,0,True,0.9999427795410156,5.720881017623469e-05
/content/Dataset/Test/Fake/fake_388.jpg,0,0,True,0.9999773502349854,2.2601609089178964e-05
/content/Dataset/Test/Fake/fake_3880.jpg,0,0,True,0.9999141693115234,8.578409324400127e-05
/content/Dataset/Test/Fake/fake_3881.jpg,0,0,True,0.9999728202819824,2.717185088840779e-05
/content/Dataset/Test/Fake/fake_3882.jpg,0,0,True,0.999974250793457,2.5764866222743876e-05
/content/Dataset/Test/Fake/fake_3883.jpg,0,0,True,0.9999704360961914,2.9615102903335355e-05
/content/Dataset/Test/Fake/fake_3884.jpg,0,0,True,0.9909679293632507,0.009032046422362328
/content/Dataset/Test/Fake/fake_3885.jpg,0,0,True,0.9999690055847168,3.097150329267606e-05
/content/Dataset/Test/Fake/fake_3886.jpg,0,0,True,0.9976413249969482,0.0023586966563016176
/content/Dataset/Test/Fake/fake_3887.jpg,0,0,True,0.9347424507141113,0.06525757163763046
/content/Dataset/Test/Fake/fake_3888.jpg,0,0,True,0.9999752044677734,2.4818153178784996e-05
/content/Dataset/Test/Fake/fake_3889.jpg,0,0,True,0.9999709129333496,2.913418757088948e-05
/content/Dataset/Test/Fake/fake_389.jpg,0,0,True,0.9999711513519287,2.8821090381825343e-05
/content/Dataset/Test/Fake/fake_3890.jpg,0,0,True,0.999950647354126,4.9384110752725974e-05
/content/Dataset/Test/Fake/fake_3891.jpg,0,0,True,0.9999603033065796,3.968306555179879e-05
/content/Dataset/Test/Fake/fake_3892.jpg,0,0,True,0.9999727010726929,2.728137042140588e-05
/content/Dataset/Test/Fake/fake_3893.jpg,0,0,True,0.9999561309814453,4.391273978399113e-05
/content/Dataset/Test/Fake/fake_3894.jpg,0,0,True,0.9999740123748779,2.6043819161714055e-05
/content/Dataset/Test/Fake/fake_3895.jpg,0,0,True,0.9999531507492065,4.6862882300047204e-05
/content/Dataset/Test/Fake/fake_3896.jpg,0,0,True,0.9999762773513794,2.375890289840754e-05
/content/Dataset/Test/Fake/fake_3897.jpg,0,0,True,0.9999767541885376,2.3296417566598393e-05
/content/Dataset/Test/Fake/fake_3898.jpg,0,0,True,0.9999618530273438,3.814942829194479e-05
/content/Dataset/Test/Fake/fake_3899.jpg,0,0,True,0.9999752044677734,2.4738377760513686e-05
/content/Dataset/Test/Fake/fake_39.jpg,0,0,True,0.9999734163284302,2.6605790480971336e-05
/content/Dataset/Test/Fake/fake_390.jpg,0,0,True,0.9999768733978271,2.307495378772728e-05
/content/Dataset/Test/Fake/fake_3900.jpg,0,0,True,0.9999731779098511,2.6767749659484252e-05
/content/Dataset/Test/Fake/fake_3901.jpg,0,0,True,0.9999737739562988,2.6284298655809835e-05
/content/Dataset/Test/Fake/fake_3902.jpg,0,0,True,0.9999722242355347,2.7740032237488776e-05
/content/Dataset/Test/Fake/fake_3903.jpg,0,0,True,0.9999717473983765,2.8219701562193222e-05
/content/Dataset/Test/Fake/fake_3904.jpg,0,0,True,0.9999585151672363,4.144077320233919e-05
/content/Dataset/Test/Fake/fake_3905.jpg,0,0,True,0.9999756813049316,2.4305802071467042e-05
/content/Dataset/Test/Fake/fake_3906.jpg,0,0,True,0.9999755620956421,2.441701690258924e-05
/content/Dataset/Test/Fake/fake_3907.jpg,0,0,True,0.9999727010726929,2.7333922844263725e-05
/content/Dataset/Test/Fake/fake_3908.jpg,0,0,True,0.9999455213546753,5.450880780699663e-05
/content/Dataset/Test/Fake/fake_3909.jpg,0,0,True,0.9999650716781616,3.4981563658220693e-05
/content/Dataset/Test/Fake/fake_391.jpg,0,0,True,0.99997878074646,2.1177169401198626e-05
/content/Dataset/Test/Fake/fake_3910.jpg,0,0,True,0.9999734163284302,2.6569050532998517e-05
/content/Dataset/Test/Fake/fake_3911.jpg,0,0,True,0.9999711513519287,2.889738061639946e-05
/content/Dataset/Test/Fake/fake_3912.jpg,0,0,True,0.999473512172699,0.0005265599465928972
/content/Dataset/Test/Fake/fake_3913.jpg,0,0,True,0.999972939491272,2.7071599106420763e-05
/content/Dataset/Test/Fake/fake_3914.jpg,0,0,True,0.999972939491272,2.7103169486508705e-05
/content/Dataset/Test/Fake/fake_3915.jpg,0,0,True,0.9999724626541138,2.7500895157572813e-05
/content/Dataset/Test/Fake/fake_3916.jpg,0,0,True,0.9999189376831055,8.105578308459371e-05
/content/Dataset/Test/Fake/fake_3917.jpg,0,0,True,0.9999576807022095,4.228606485412456e-05
/content/Dataset/Test/Fake/fake_3918.jpg,0,0,True,0.9999734163284302,2.660873178683687e-05
/content/Dataset/Test/Fake/fake_3919.jpg,0,0,True,0.9999783039093018,2.1753756300313398e-05
/content/Dataset/Test/Fake/fake_392.jpg,0,0,True,0.9999762773513794,2.373415009060409e-05
/content/Dataset/Test/Fake/fake_3920.jpg,0,0,True,0.9999163150787354,8.36248800624162e-05
/content/Dataset/Test/Fake/fake_3921.jpg,0,0,True,0.9995906949043274,0.0004092997114639729
/content/Dataset/Test/Fake/fake_3922.jpg,0,0,True,0.9999771118164062,2.2891545086167753e-05
/content/Dataset/Test/Fake/fake_3923.jpg,0,0,True,0.9999723434448242,2.7671998395817354e-05
/content/Dataset/Test/Fake/fake_3924.jpg,0,0,True,0.999976634979248,2.3317552404478192e-05
/content/Dataset/Test/Fake/fake_3925.jpg,0,0,True,0.9999750852584839,2.488759309926536e-05
/content/Dataset/Test/Fake/fake_3926.jpg,0,0,True,0.9999740123748779,2.601365849841386e-05
/content/Dataset/Test/Fake/fake_3927.jpg,0,0,True,0.9999760389328003,2.4019298507482745e-05
/content/Dataset/Test/Fake/fake_3928.jpg,0,0,True,0.9999715089797974,2.843788024620153e-05
/content/Dataset/Test/Fake/fake_3929.jpg,0,0,True,0.9999732971191406,2.6670668376027606e-05
/content/Dataset/Test/Fake/fake_393.jpg,0,0,True,0.9999774694442749,2.249158569611609e-05
/content/Dataset/Test/Fake/fake_3930.jpg,0,0,True,0.9999734163284302,2.6528714442974888e-05
/content/Dataset/Test/Fake/fake_3931.jpg,0,0,True,0.9999688863754272,3.112642662017606e-05
/content/Dataset/Test/Fake/fake_3932.jpg,0,0,True,0.999962568283081,3.7390782381407917e-05
/content/Dataset/Test/Fake/fake_3933.jpg,0,0,True,0.9999762773513794,2.3721522666164674e-05
/content/Dataset/Test/Fake/fake_3934.jpg,0,0,True,0.9999769926071167,2.3022050299914554e-05
/content/Dataset/Test/Fake/fake_3935.jpg,0,0,True,0.9999780654907227,2.1933194148004986e-05
/content/Dataset/Test/Fake/fake_3936.jpg,0,0,True,0.9998093247413635,0.00019069912377744913
/content/Dataset/Test/Fake/fake_3937.jpg,0,0,True,0.9999717473983765,2.8300282792770304e-05
/content/Dataset/Test/Fake/fake_3938.jpg,0,0,True,0.9999626874923706,3.730484240804799e-05
/content/Dataset/Test/Fake/fake_3939.jpg,0,0,True,0.9999603033065796,3.966475196648389e-05
/content/Dataset/Test/Fake/fake_394.jpg,0,0,True,0.9999581575393677,4.1813371353782713e-05
/content/Dataset/Test/Fake/fake_3940.jpg,0,0,True,0.9999750852584839,2.4931376174208708e-05
/content/Dataset/Test/Fake/fake_3941.jpg,0,0,True,0.9999748468399048,2.5100780476350337e-05
/content/Dataset/Test/Fake/fake_3942.jpg,0,0,True,0.9999750852584839,2.491963459760882e-05
/content/Dataset/Test/Fake/fake_3943.jpg,0,0,True,0.9999696016311646,3.0366891223820858e-05
/content/Dataset/Test/Fake/fake_3944.jpg,0,0,True,0.9999773502349854,2.27060208999319e-05
/content/Dataset/Test/Fake/fake_3945.jpg,0,0,True,0.9999760389328003,2.3967855668161064e-05
/content/Dataset/Test/Fake/fake_3946.jpg,0,0,True,0.9999762773513794,2.3756339942337945e-05
/content/Dataset/Test/Fake/fake_3947.jpg,0,0,True,0.9999748468399048,2.51527781074401e-05
/content/Dataset/Test/Fake/fake_3948.jpg,0,0,True,0.9999727010726929,2.729000880208332e-05
/content/Dataset/Test/Fake/fake_3949.jpg,0,0,True,0.9987348914146423,0.0012650579446926713
/content/Dataset/Test/Fake/fake_395.jpg,0,0,True,0.9999743700027466,2.558812229835894e-05
/content/Dataset/Test/Fake/fake_3950.jpg,0,0,True,0.999976634979248,2.3379234335152432e-05
/content/Dataset/Test/Fake/fake_3951.jpg,0,0,True,0.9999771118164062,2.291069904458709e-05
/content/Dataset/Test/Fake/fake_3952.jpg,0,0,True,0.9985848665237427,0.001415208913385868
/content/Dataset/Test/Fake/fake_3953.jpg,0,1,False,0.4946814477443695,0.5053185820579529
/content/Dataset/Test/Fake/fake_3954.jpg,0,0,True,0.9999734163284302,2.6620511562214233e-05
/content/Dataset/Test/Fake/fake_3955.jpg,0,0,True,0.9999758005142212,2.422328725515399e-05
/content/Dataset/Test/Fake/fake_3956.jpg,0,0,True,0.9999762773513794,2.37680123973405e-05
/content/Dataset/Test/Fake/fake_3957.jpg,0,0,True,0.879043459892273,0.12095648795366287
/content/Dataset/Test/Fake/fake_3958.jpg,0,0,True,0.9950339794158936,0.004965980537235737
/content/Dataset/Test/Fake/fake_3959.jpg,0,0,True,0.9999755620956421,2.4398650566581637e-05
/content/Dataset/Test/Fake/fake_396.jpg,0,0,True,0.9999580383300781,4.192876804154366e-05
/content/Dataset/Test/Fake/fake_3960.jpg,0,0,True,0.9999772310256958,2.272140045533888e-05
/content/Dataset/Test/Fake/fake_3961.jpg,0,0,True,0.9901109337806702,0.009889057837426662
/content/Dataset/Test/Fake/fake_3962.jpg,0,0,True,0.999976634979248,2.3385924578178674e-05
/content/Dataset/Test/Fake/fake_3963.jpg,0,0,True,0.9999746084213257,2.5414025003556162e-05
/content/Dataset/Test/Fake/fake_3964.jpg,0,0,True,0.9999786615371704,2.136407420039177e-05
/content/Dataset/Test/Fake/fake_3965.jpg,0,0,True,0.9999754428863525,2.453131128277164e-05
/content/Dataset/Test/Fake/fake_3966.jpg,0,0,True,0.9999740123748779,2.6000117941293865e-05
/content/Dataset/Test/Fake/fake_3967.jpg,0,0,True,0.9996548891067505,0.0003451159573160112
/content/Dataset/Test/Fake/fake_3968.jpg,0,0,True,0.9996610879898071,0.000338915764587
/content/Dataset/Test/Fake/fake_3969.jpg,0,0,True,0.9999651908874512,3.483096952550113e-05
/content/Dataset/Test/Fake/fake_397.jpg,0,0,True,0.9999750852584839,2.4922961529227905e-05
/content/Dataset/Test/Fake/fake_3970.jpg,0,0,True,0.9999657869338989,3.415553510421887e-05
/content/Dataset/Test/Fake/fake_3971.jpg,0,0,True,0.9999790191650391,2.103448787238449e-05
/content/Dataset/Test/Fake/fake_3972.jpg,0,1,False,5.782520383945666e-05,0.9999421834945679
/content/Dataset/Test/Fake/fake_3973.jpg,0,0,True,0.999976634979248,2.3367909307125956e-05
/content/Dataset/Test/Fake/fake_3974.jpg,0,0,True,0.999971866607666,2.8137526896898635e-05
/content/Dataset/Test/Fake/fake_3975.jpg,0,0,True,0.999977707862854,2.226496690127533e-05
/content/Dataset/Test/Fake/fake_3976.jpg,0,0,True,0.9999741315841675,2.5896657461998984e-05
/content/Dataset/Test/Fake/fake_3977.jpg,0,0,True,0.9999788999557495,2.1061765437480062e-05
/content/Dataset/Test/Fake/fake_3978.jpg,0,0,True,0.9999773502349854,2.2651389372185804e-05
/content/Dataset/Test/Fake/fake_3979.jpg,0,0,True,0.9999773502349854,2.2694828658131883e-05
/content/Dataset/Test/Fake/fake_398.jpg,0,0,True,0.9999768733978271,2.3133872673497535e-05
/content/Dataset/Test/Fake/fake_3980.jpg,0,0,True,0.9999749660491943,2.501053131709341e-05
/content/Dataset/Test/Fake/fake_3981.jpg,0,0,True,0.9999665021896362,3.347130405018106e-05
/content/Dataset/Test/Fake/fake_3982.jpg,0,0,True,0.9999620914459229,3.788289177464321e-05
/content/Dataset/Test/Fake/fake_3983.jpg,0,0,True,0.9999758005142212,2.421233875793405e-05
/content/Dataset/Test/Fake/fake_3984.jpg,0,0,True,0.9999760389328003,2.3908545699669048e-05
/content/Dataset/Test/Fake/fake_3985.jpg,0,0,True,0.9999736547470093,2.6295276256860234e-05
/content/Dataset/Test/Fake/fake_3986.jpg,0,0,True,0.9999761581420898,2.3888218493084423e-05
/content/Dataset/Test/Fake/fake_3987.jpg,0,0,True,0.9999731779098511,2.6799678380484693e-05
/content/Dataset/Test/Fake/fake_3988.jpg,0,0,True,0.9999711513519287,2.888423841795884e-05
/content/Dataset/Test/Fake/fake_3989.jpg,0,0,True,0.9998518228530884,0.00014815117174293846
/content/Dataset/Test/Fake/fake_399.jpg,0,0,True,0.999976634979248,2.334127202630043e-05
/content/Dataset/Test/Fake/fake_3990.jpg,0,0,True,0.9995662569999695,0.00043378735426813364
/content/Dataset/Test/Fake/fake_3991.jpg,0,0,True,0.9999479055404663,5.214823249843903e-05
/content/Dataset/Test/Fake/fake_3992.jpg,0,0,True,0.9999164342880249,8.352470467798412e-05
/content/Dataset/Test/Fake/fake_3993.jpg,0,0,True,0.9998635053634644,0.00013647314335685223
/content/Dataset/Test/Fake/fake_3994.jpg,0,0,True,0.9999682903289795,3.171333082718775e-05
/content/Dataset/Test/Fake/fake_3995.jpg,0,0,True,0.9999747276306152,2.5241686671506613e-05
/content/Dataset/Test/Fake/fake_3996.jpg,0,0,True,0.9999799728393555,2.0048348233103752e-05
/content/Dataset/Test/Fake/fake_3997.jpg,0,1,False,3.5348562960280105e-05,0.9999645948410034
/content/Dataset/Test/Fake/fake_3998.jpg,0,0,True,0.9999591112136841,4.082977102370933e-05
/content/Dataset/Test/Fake/fake_3999.jpg,0,0,True,0.9864326119422913,0.01356740016490221
/content/Dataset/Test/Fake/fake_4.jpg,0,0,True,0.9999760389328003,2.3901842723716982e-05
/content/Dataset/Test/Fake/fake_40.jpg,0,0,True,0.9999749660491943,2.5053286663023755e-05
/content/Dataset/Test/Fake/fake_400.jpg,0,0,True,0.9999682903289795,3.175991150783375e-05
/content/Dataset/Test/Fake/fake_4000.jpg,0,0,True,0.9999762773513794,2.367446904827375e-05
/content/Dataset/Test/Fake/fake_4001.jpg,0,0,True,0.9999772310256958,2.2824688130640425e-05
/content/Dataset/Test/Fake/fake_4002.jpg,0,0,True,0.9999730587005615,2.6994004656444304e-05
/content/Dataset/Test/Fake/fake_4003.jpg,0,0,True,0.9999735355377197,2.648296685947571e-05
/content/Dataset/Test/Fake/fake_4004.jpg,0,0,True,0.9999756813049316,2.4347980797756463e-05
/content/Dataset/Test/Fake/fake_4005.jpg,0,0,True,0.9999701976776123,2.9743940103799105e-05
/content/Dataset/Test/Fake/fake_4006.jpg,0,0,True,0.8697595000267029,0.13024047017097473
/content/Dataset/Test/Fake/fake_4007.jpg,0,0,True,0.999968409538269,3.164680674672127e-05
/content/Dataset/Test/Fake/fake_4008.jpg,0,1,False,0.3951181173324585,0.6048818826675415
/content/Dataset/Test/Fake/fake_4009.jpg,0,1,False,0.195342555642128,0.8046573996543884
/content/Dataset/Test/Fake/fake_401.jpg,0,0,True,0.9999730587005615,2.695752482395619e-05
/content/Dataset/Test/Fake/fake_4010.jpg,0,0,True,0.9999198913574219,8.014913328224793e-05
/content/Dataset/Test/Fake/fake_4011.jpg,0,0,True,0.9997478127479553,0.0002522278518881649
/content/Dataset/Test/Fake/fake_4012.jpg,0,0,True,0.9999632835388184,3.669899160740897e-05
/content/Dataset/Test/Fake/fake_4013.jpg,0,0,True,0.999968409538269,3.1637689971830696e-05
/content/Dataset/Test/Fake/fake_4014.jpg,0,0,True,0.9999774694442749,2.247850534331519e-05
/content/Dataset/Test/Fake/fake_4015.jpg,0,0,True,0.9999773502349854,2.2597556380787864e-05
/content/Dataset/Test/Fake/fake_4016.jpg,0,0,True,0.9999747276306152,2.527859396650456e-05
/content/Dataset/Test/Fake/fake_4017.jpg,0,0,True,0.7895145416259766,0.21048548817634583
/content/Dataset/Test/Fake/fake_4018.jpg,0,0,True,0.9998592138290405,0.0001408237440045923
/content/Dataset/Test/Fake/fake_4019.jpg,0,0,True,0.9911313652992249,0.008868617936968803
/content/Dataset/Test/Fake/fake_402.jpg,0,0,True,0.9999765157699585,2.3526870791101828e-05
/content/Dataset/Test/Fake/fake_4020.jpg,0,0,True,0.9999148845672607,8.515936497133225e-05
/content/Dataset/Test/Fake/fake_4021.jpg,0,0,True,0.9999645948410034,3.5389140975894406e-05
/content/Dataset/Test/Fake/fake_4022.jpg,0,0,True,0.9999743700027466,2.5593248210498132e-05
/content/Dataset/Test/Fake/fake_4023.jpg,0,0,True,0.9999785423278809,2.1498351998161525e-05
/content/Dataset/Test/Fake/fake_4024.jpg,0,0,True,0.9999589920043945,4.097221972187981e-05
/content/Dataset/Test/Fake/fake_4025.jpg,0,0,True,0.9997829794883728,0.0002170676743844524
/content/Dataset/Test/Fake/fake_4026.jpg,0,0,True,0.9999713897705078,2.8644739359151572e-05
/content/Dataset/Test/Fake/fake_4027.jpg,0,0,True,0.9999710321426392,2.894487261073664e-05
/content/Dataset/Test/Fake/fake_4028.jpg,0,0,True,0.999976396560669,2.364466490689665e-05
/content/Dataset/Test/Fake/fake_4029.jpg,0,0,True,0.9999710321426392,2.8978322006878443e-05
/content/Dataset/Test/Fake/fake_403.jpg,0,0,True,0.9999747276306152,2.531424797780346e-05
/content/Dataset/Test/Fake/fake_4030.jpg,0,0,True,0.9991531372070312,0.0008468706510029733
/content/Dataset/Test/Fake/fake_4031.jpg,0,0,True,0.999975323677063,2.4728331482037902e-05
/content/Dataset/Test/Fake/fake_4032.jpg,0,0,True,0.9999750852584839,2.4967566787381656e-05
/content/Dataset/Test/Fake/fake_4033.jpg,0,0,True,0.9995461106300354,0.0004539066576398909
/content/Dataset/Test/Fake/fake_4034.jpg,0,0,True,0.9999748468399048,2.5189507141476497e-05
/content/Dataset/Test/Fake/fake_4035.jpg,0,0,True,0.999963641166687,3.631900472100824e-05
/content/Dataset/Test/Fake/fake_4036.jpg,0,0,True,0.9998156428337097,0.00018436307436786592
/content/Dataset/Test/Fake/fake_4037.jpg,0,1,False,0.32546383142471313,0.6745361685752869
/content/Dataset/Test/Fake/fake_4038.jpg,0,0,True,0.9999691247940063,3.086839205934666e-05
/content/Dataset/Test/Fake/fake_4039.jpg,0,0,True,0.9999686479568481,3.1345545721706e-05
/content/Dataset/Test/Fake/fake_404.jpg,0,0,True,0.9875202178955078,0.012479818426072598
/content/Dataset/Test/Fake/fake_4040.jpg,0,0,True,0.999970555305481,2.9442087907227688e-05
/content/Dataset/Test/Fake/fake_4041.jpg,0,0,True,0.9999760389328003,2.401279198238626e-05
/content/Dataset/Test/Fake/fake_4042.jpg,0,0,True,0.9999768733978271,2.3153694201027974e-05
/content/Dataset/Test/Fake/fake_4043.jpg,0,0,True,0.9999730587005615,2.6892765163211152e-05
/content/Dataset/Test/Fake/fake_4044.jpg,0,0,True,0.9999748468399048,2.5098146579694003e-05
/content/Dataset/Test/Fake/fake_4045.jpg,0,0,True,0.999976396560669,2.3543454517493956e-05
/content/Dataset/Test/Fake/fake_4046.jpg,0,0,True,0.9999619722366333,3.807644679909572e-05
/content/Dataset/Test/Fake/fake_4047.jpg,0,0,True,0.9999628067016602,3.72348258679267e-05
/content/Dataset/Test/Fake/fake_4048.jpg,0,0,True,0.9999716281890869,2.8422888135537505e-05
/content/Dataset/Test/Fake/fake_4049.jpg,0,0,True,0.9999781847000122,2.1854562874068506e-05
/content/Dataset/Test/Fake/fake_405.jpg,0,1,False,0.000556458136998117,0.9994434714317322
/content/Dataset/Test/Fake/fake_4050.jpg,0,0,True,0.9999409914016724,5.8963047194993123e-05
/content/Dataset/Test/Fake/fake_4051.jpg,0,0,True,0.9999744892120361,2.5563076633261517e-05
/content/Dataset/Test/Fake/fake_4052.jpg,0,0,True,0.8649836778640747,0.1350163370370865
/content/Dataset/Test/Fake/fake_4053.jpg,0,0,True,0.999977707862854,2.2246902517508715e-05
/content/Dataset/Test/Fake/fake_4054.jpg,0,0,True,0.9999784231185913,2.1536478016059846e-05
/content/Dataset/Test/Fake/fake_4055.jpg,0,0,True,0.9999573230743408,4.2733208829304203e-05
/content/Dataset/Test/Fake/fake_4056.jpg,0,0,True,0.9999597072601318,4.030288982903585e-05
/content/Dataset/Test/Fake/fake_4057.jpg,0,0,True,0.9999724626541138,2.7513537133927457e-05
/content/Dataset/Test/Fake/fake_4058.jpg,0,0,True,0.9999624490737915,3.7535151932388544e-05
/content/Dataset/Test/Fake/fake_4059.jpg,0,0,True,0.9999732971191406,2.6674126274883747e-05
/content/Dataset/Test/Fake/fake_406.jpg,0,0,True,0.9999780654907227,2.1891481083002873e-05
/content/Dataset/Test/Fake/fake_4060.jpg,0,1,False,0.17713506519794464,0.8228649497032166
/content/Dataset/Test/Fake/fake_4061.jpg,0,0,True,0.9999698400497437,3.011440821865108e-05
/content/Dataset/Test/Fake/fake_4062.jpg,0,0,True,0.9928489923477173,0.007150983437895775
/content/Dataset/Test/Fake/fake_4063.jpg,0,0,True,0.9416033625602722,0.0583965890109539
/content/Dataset/Test/Fake/fake_4064.jpg,0,0,True,0.9975776076316833,0.002422381192445755
/content/Dataset/Test/Fake/fake_4065.jpg,0,0,True,0.9999773502349854,2.2688618628308177e-05
/content/Dataset/Test/Fake/fake_4066.jpg,0,0,True,0.9999692440032959,3.078111694776453e-05
/content/Dataset/Test/Fake/fake_4067.jpg,0,0,True,0.9999496936798096,5.0359998567728326e-05
/content/Dataset/Test/Fake/fake_4068.jpg,0,0,True,0.999962329864502,3.764082430279814e-05
/content/Dataset/Test/Fake/fake_4069.jpg,0,0,True,0.9999680519104004,3.200167338945903e-05
/content/Dataset/Test/Fake/fake_407.jpg,0,0,True,0.9999780654907227,2.1979634766466916e-05
/content/Dataset/Test/Fake/fake_4070.jpg,0,0,True,0.9999624490737915,3.759727405849844e-05
/content/Dataset/Test/Fake/fake_4071.jpg,0,0,True,0.999969482421875,3.0474464438157156e-05
/content/Dataset/Test/Fake/fake_4072.jpg,0,0,True,0.9999562501907349,4.374505078885704e-05
/content/Dataset/Test/Fake/fake_4073.jpg,0,0,True,0.9999765157699585,2.351522743992973e-05
/content/Dataset/Test/Fake/fake_4074.jpg,0,0,True,0.9999724626541138,2.758941991487518e-05
/content/Dataset/Test/Fake/fake_4075.jpg,0,0,True,0.9999736547470093,2.6313740818295628e-05
/content/Dataset/Test/Fake/fake_4076.jpg,0,0,True,0.999976634979248,2.3400736608891748e-05
/content/Dataset/Test/Fake/fake_4077.jpg,0,0,True,0.9999746084213257,2.535829298722092e-05
/content/Dataset/Test/Fake/fake_4078.jpg,0,0,True,0.9999768733978271,2.317474536539521e-05
/content/Dataset/Test/Fake/fake_4079.jpg,0,0,True,0.9999760389328003,2.399923869234044e-05
/content/Dataset/Test/Fake/fake_408.jpg,0,0,True,0.9999676942825317,3.229210778954439e-05
/content/Dataset/Test/Fake/fake_4080.jpg,0,0,True,0.9999786615371704,2.1333860786398873e-05
/content/Dataset/Test/Fake/fake_4081.jpg,0,0,True,0.9999783039093018,2.1667747205356136e-05
/content/Dataset/Test/Fake/fake_4082.jpg,0,0,True,0.999974250793457,2.5723031285451725e-05
/content/Dataset/Test/Fake/fake_4083.jpg,0,0,True,0.9999693632125854,3.066907083848491e-05
/content/Dataset/Test/Fake/fake_4084.jpg,0,0,True,0.9999186992645264,8.132893708534539e-05
/content/Dataset/Test/Fake/fake_4085.jpg,0,0,True,0.999976396560669,2.3653776224819012e-05
/content/Dataset/Test/Fake/fake_4086.jpg,0,0,True,0.9999613761901855,3.8617254176642746e-05
/content/Dataset/Test/Fake/fake_4087.jpg,0,0,True,0.9998513460159302,0.00014863880642224103
/content/Dataset/Test/Fake/fake_4088.jpg,0,0,True,0.9999736547470093,2.6358848117524758e-05
/content/Dataset/Test/Fake/fake_4089.jpg,0,0,True,0.9999719858169556,2.797490196826402e-05
/content/Dataset/Test/Fake/fake_409.jpg,0,0,True,0.9999736547470093,2.6349223844590597e-05
/content/Dataset/Test/Fake/fake_4090.jpg,0,0,True,0.9999572038650513,4.280825305613689e-05
/content/Dataset/Test/Fake/fake_4091.jpg,0,0,True,0.9999279975891113,7.20059615559876e-05
/content/Dataset/Test/Fake/fake_4092.jpg,0,1,False,0.35294589400291443,0.647054135799408
/content/Dataset/Test/Fake/fake_4093.jpg,0,0,True,0.9993029832839966,0.0006969516398385167
/content/Dataset/Test/Fake/fake_4094.jpg,0,0,True,0.9999773502349854,2.2629408704233356e-05
/content/Dataset/Test/Fake/fake_4095.jpg,0,0,True,0.9999711513519287,2.8836238925578073e-05
/content/Dataset/Test/Fake/fake_4096.jpg,0,0,True,0.9999773502349854,2.2605036065215245e-05
/content/Dataset/Test/Fake/fake_4097.jpg,0,0,True,0.999974250793457,2.576617043814622e-05
/content/Dataset/Test/Fake/fake_4098.jpg,0,0,True,0.9999773502349854,2.270480945298914e-05
/content/Dataset/Test/Fake/fake_4099.jpg,0,0,True,0.9999728202819824,2.718937503232155e-05
/content/Dataset/Test/Fake/fake_41.jpg,0,0,True,0.9999755620956421,2.4406796001130715e-05
/content/Dataset/Test/Fake/fake_410.jpg,0,0,True,0.9999754428863525,2.455499634379521e-05
/content/Dataset/Test/Fake/fake_4100.jpg,0,0,True,0.999967098236084,3.290447421022691e-05
/content/Dataset/Test/Fake/fake_4101.jpg,0,0,True,0.9999351501464844,6.480653973994777e-05
/content/Dataset/Test/Fake/fake_4102.jpg,0,0,True,0.9999256134033203,7.441693742293864e-05
/content/Dataset/Test/Fake/fake_4103.jpg,0,0,True,0.999976634979248,2.3345100998994894e-05
/content/Dataset/Test/Fake/fake_4104.jpg,0,0,True,0.9999767541885376,2.3199841962195933e-05
/content/Dataset/Test/Fake/fake_4105.jpg,0,0,True,0.9999743700027466,2.5632427423261106e-05
/content/Dataset/Test/Fake/fake_4106.jpg,0,0,True,0.9999758005142212,2.4162929548765533e-05
/content/Dataset/Test/Fake/fake_4107.jpg,0,0,True,0.9999783039093018,2.167402817576658e-05
/content/Dataset/Test/Fake/fake_4108.jpg,0,0,True,0.999976396560669,2.3546081138192676e-05
/content/Dataset/Test/Fake/fake_4109.jpg,0,0,True,0.9999655485153198,3.4496173611842096e-05
/content/Dataset/Test/Fake/fake_411.jpg,0,0,True,0.9999746084213257,2.539645902288612e-05
/content/Dataset/Test/Fake/fake_4110.jpg,0,0,True,0.9999715089797974,2.8430746169760823e-05
/content/Dataset/Test/Fake/fake_4111.jpg,0,0,True,0.9999778270721436,2.2126807380118407e-05
/content/Dataset/Test/Fake/fake_4112.jpg,0,0,True,0.9999759197235107,2.4100541850202717e-05
/content/Dataset/Test/Fake/fake_4113.jpg,0,0,True,0.9999681711196899,3.183477747370489e-05
/content/Dataset/Test/Fake/fake_4114.jpg,0,0,True,0.9999738931655884,2.6057081413455307e-05
/content/Dataset/Test/Fake/fake_4115.jpg,0,0,True,0.999967098236084,3.293455301900394e-05
/content/Dataset/Test/Fake/fake_4116.jpg,0,0,True,0.999974250793457,2.5707826353027485e-05
/content/Dataset/Test/Fake/fake_4117.jpg,0,0,True,0.9999678134918213,3.2200932764681056e-05
/content/Dataset/Test/Fake/fake_4118.jpg,0,0,True,0.9999686479568481,3.140508852084167e-05
/content/Dataset/Test/Fake/fake_4119.jpg,0,0,True,0.9999738931655884,2.6077492293552496e-05
/content/Dataset/Test/Fake/fake_412.jpg,0,0,True,0.9999767541885376,2.3213540771394037e-05
/content/Dataset/Test/Fake/fake_4120.jpg,0,0,True,0.9991908669471741,0.0008091867784969509
/content/Dataset/Test/Fake/fake_4121.jpg,0,0,True,0.993473470211029,0.006526564247906208
/content/Dataset/Test/Fake/fake_4122.jpg,0,0,True,0.9999043941497803,9.557709563523531e-05
/content/Dataset/Test/Fake/fake_4123.jpg,0,0,True,0.9999489784240723,5.103334115119651e-05
/content/Dataset/Test/Fake/fake_4124.jpg,0,0,True,0.9999516010284424,4.8456189688295126e-05
/content/Dataset/Test/Fake/fake_4125.jpg,0,0,True,0.658940851688385,0.34105920791625977
/content/Dataset/Test/Fake/fake_4126.jpg,0,0,True,0.9999756813049316,2.4339251467608847e-05
/content/Dataset/Test/Fake/fake_4127.jpg,0,0,True,0.999976634979248,2.3328853785642423e-05
/content/Dataset/Test/Fake/fake_4128.jpg,0,0,True,0.9999681711196899,3.182418367941864e-05
/content/Dataset/Test/Fake/fake_4129.jpg,0,0,True,0.9999513626098633,4.859737236984074e-05
/content/Dataset/Test/Fake/fake_413.jpg,0,0,True,0.9999754428863525,2.455511457810644e-05
/content/Dataset/Test/Fake/fake_4130.jpg,0,0,True,0.9999696016311646,3.0376071663340554e-05
/content/Dataset/Test/Fake/fake_4131.jpg,0,0,True,0.999976634979248,2.333851261937525e-05
/content/Dataset/Test/Fake/fake_4132.jpg,0,0,True,0.9999754428863525,2.4510871298843995e-05
/content/Dataset/Test/Fake/fake_4133.jpg,0,0,True,0.9999648332595825,3.5209686757298186e-05
/content/Dataset/Test/Fake/fake_4134.jpg,0,0,True,0.9999735355377197,2.6509600502322428e-05
/content/Dataset/Test/Fake/fake_4135.jpg,0,0,True,0.9999717473983765,2.8250989998923615e-05
/content/Dataset/Test/Fake/fake_4136.jpg,0,0,True,0.9999723434448242,2.7611367841018364e-05
/content/Dataset/Test/Fake/fake_4137.jpg,0,0,True,0.9442177414894104,0.055782251060009
/content/Dataset/Test/Fake/fake_4138.jpg,0,0,True,0.9999736547470093,2.6304858693038113e-05
/content/Dataset/Test/Fake/fake_4139.jpg,0,0,True,0.9999252557754517,7.471985736628994e-05
/content/Dataset/Test/Fake/fake_414.jpg,0,0,True,0.9999774694442749,2.2500616978504695e-05
/content/Dataset/Test/Fake/fake_4140.jpg,0,0,True,0.999966025352478,3.403293158044107e-05
/content/Dataset/Test/Fake/fake_4141.jpg,0,0,True,0.9420685768127441,0.05793147534132004
/content/Dataset/Test/Fake/fake_4142.jpg,0,0,True,0.9999744892120361,2.5569073841325007e-05
/content/Dataset/Test/Fake/fake_4143.jpg,0,0,True,0.9999603033065796,3.966271106037311e-05
/content/Dataset/Test/Fake/fake_4144.jpg,0,0,True,0.999968409538269,3.155918966513127e-05
/content/Dataset/Test/Fake/fake_4145.jpg,0,0,True,0.9999666213989258,3.3424988941987976e-05
/content/Dataset/Test/Fake/fake_4146.jpg,0,0,True,0.9999750852584839,2.4960661903605796e-05
/content/Dataset/Test/Fake/fake_4147.jpg,0,0,True,0.9999686479568481,3.136869054287672e-05
/content/Dataset/Test/Fake/fake_4148.jpg,0,0,True,0.9963359832763672,0.0036640428006649017
/content/Dataset/Test/Fake/fake_4149.jpg,0,0,True,0.9680989980697632,0.03190101310610771
/content/Dataset/Test/Fake/fake_415.jpg,0,0,True,0.9999781847000122,2.182956632168498e-05
/content/Dataset/Test/Fake/fake_4150.jpg,0,0,True,0.9903777837753296,0.009622212499380112
/content/Dataset/Test/Fake/fake_4151.jpg,0,0,True,0.9999698400497437,3.0118890208541416e-05
/content/Dataset/Test/Fake/fake_4152.jpg,0,0,True,0.9999655485153198,3.441478111199103e-05
/content/Dataset/Test/Fake/fake_4153.jpg,0,0,True,0.9999759197235107,2.4043702069320716e-05
/content/Dataset/Test/Fake/fake_4154.jpg,0,0,True,0.9999781847000122,2.178244358219672e-05
/content/Dataset/Test/Fake/fake_4155.jpg,0,0,True,0.9999737739562988,2.6194838937954046e-05
/content/Dataset/Test/Fake/fake_4156.jpg,0,0,True,0.9999719858169556,2.8041065888828598e-05
/content/Dataset/Test/Fake/fake_4157.jpg,0,0,True,0.9999728202819824,2.720013799262233e-05
/content/Dataset/Test/Fake/fake_4158.jpg,0,0,True,0.9999743700027466,2.563345515227411e-05
/content/Dataset/Test/Fake/fake_4159.jpg,0,0,True,0.9999756813049316,2.4304064936586656e-05
/content/Dataset/Test/Fake/fake_416.jpg,0,0,True,0.9999785423278809,2.147257691831328e-05
/content/Dataset/Test/Fake/fake_4160.jpg,0,0,True,0.9999792575836182,2.0728339222841896e-05
/content/Dataset/Test/Fake/fake_4161.jpg,0,0,True,0.99997878074646,2.127526568074245e-05
/content/Dataset/Test/Fake/fake_4162.jpg,0,0,True,0.9999738931655884,2.6132562197744846e-05
/content/Dataset/Test/Fake/fake_4163.jpg,0,0,True,0.9999768733978271,2.3078146114130504e-05
/content/Dataset/Test/Fake/fake_4164.jpg,0,0,True,0.9999756813049316,2.431867142149713e-05
/content/Dataset/Test/Fake/fake_4165.jpg,0,0,True,0.9681341052055359,0.03186585009098053
/content/Dataset/Test/Fake/fake_4166.jpg,0,0,True,0.999975323677063,2.4674078304087743e-05
/content/Dataset/Test/Fake/fake_4167.jpg,0,0,True,0.999976634979248,2.3325048459810205e-05
/content/Dataset/Test/Fake/fake_4168.jpg,0,0,True,0.999972939491272,2.705448969209101e-05
/content/Dataset/Test/Fake/fake_4169.jpg,0,0,True,0.990239143371582,0.00976086501032114
/content/Dataset/Test/Fake/fake_417.jpg,0,0,True,0.9999752044677734,2.476008921803441e-05
/content/Dataset/Test/Fake/fake_4170.jpg,0,0,True,0.9999783039093018,2.168283572245855e-05
/content/Dataset/Test/Fake/fake_4171.jpg,0,0,True,0.9999719858169556,2.8058266252628528e-05
/content/Dataset/Test/Fake/fake_4172.jpg,0,0,True,0.9999771118164062,2.283293906657491e-05
/content/Dataset/Test/Fake/fake_4173.jpg,0,0,True,0.9999685287475586,3.152090357616544e-05
/content/Dataset/Test/Fake/fake_4174.jpg,0,0,True,0.9999768733978271,2.312604192411527e-05
/content/Dataset/Test/Fake/fake_4175.jpg,0,0,True,0.9999775886535645,2.243238122900948e-05
/content/Dataset/Test/Fake/fake_4176.jpg,0,0,True,0.9999774694442749,2.250068064313382e-05
/content/Dataset/Test/Fake/fake_4177.jpg,0,0,True,0.9999756813049316,2.426682476652786e-05
/content/Dataset/Test/Fake/fake_4178.jpg,0,0,True,0.9999784231185913,2.158506504201796e-05
/content/Dataset/Test/Fake/fake_4179.jpg,0,0,True,0.9999752044677734,2.4756409402471036e-05
/content/Dataset/Test/Fake/fake_418.jpg,0,0,True,0.9999750852584839,2.4960589144029655e-05
/content/Dataset/Test/Fake/fake_4180.jpg,0,0,True,0.999969482421875,3.0539777071680874e-05
/content/Dataset/Test/Fake/fake_4181.jpg,0,0,True,0.9999772310256958,2.2809021174907684e-05
/content/Dataset/Test/Fake/fake_4182.jpg,0,0,True,0.982330322265625,0.01766960509121418
/content/Dataset/Test/Fake/fake_4183.jpg,0,0,True,0.9999622106552124,3.7763791624456644e-05
/content/Dataset/Test/Fake/fake_4184.jpg,0,0,True,0.9999622106552124,3.7748377508250996e-05
/content/Dataset/Test/Fake/fake_4185.jpg,0,0,True,0.9988095760345459,0.0011904728598892689
/content/Dataset/Test/Fake/fake_4186.jpg,0,0,True,0.9999774694442749,2.2498621547129005e-05
/content/Dataset/Test/Fake/fake_4187.jpg,0,0,True,0.9999779462814331,2.2031174012226984e-05
/content/Dataset/Test/Fake/fake_4188.jpg,0,0,True,0.9999638795852661,3.616948379203677e-05
/content/Dataset/Test/Fake/fake_4189.jpg,0,0,True,0.9961144924163818,0.0038855248130857944
/content/Dataset/Test/Fake/fake_419.jpg,0,0,True,0.9999765157699585,2.3535196305601858e-05
/content/Dataset/Test/Fake/fake_4190.jpg,0,0,True,0.9999767541885376,2.328813206986524e-05
/content/Dataset/Test/Fake/fake_4191.jpg,0,1,False,0.3038005828857422,0.6961994171142578
/content/Dataset/Test/Fake/fake_4192.jpg,0,0,True,0.9999738931655884,2.6136151063838042e-05
/content/Dataset/Test/Fake/fake_4193.jpg,0,0,True,0.99997878074646,2.118415795848705e-05
/content/Dataset/Test/Fake/fake_4194.jpg,0,0,True,0.999976634979248,2.3401449652737938e-05
/content/Dataset/Test/Fake/fake_4195.jpg,0,0,True,0.999977707862854,2.2349444407154806e-05
/content/Dataset/Test/Fake/fake_4196.jpg,0,0,True,0.9999737739562988,2.625007982715033e-05
/content/Dataset/Test/Fake/fake_4197.jpg,0,0,True,0.9999759197235107,2.4069144274108112e-05
/content/Dataset/Test/Fake/fake_4198.jpg,0,0,True,0.9999654293060303,3.453537283348851e-05
/content/Dataset/Test/Fake/fake_4199.jpg,0,0,True,0.9994509816169739,0.0005489795003086329
/content/Dataset/Test/Fake/fake_42.jpg,0,0,True,0.9999740123748779,2.6033785616164096e-05
/content/Dataset/Test/Fake/fake_420.jpg,0,0,True,0.999972939491272,2.708867032197304e-05
/content/Dataset/Test/Fake/fake_4200.jpg,0,0,True,0.9999721050262451,2.7941739972447976e-05
/content/Dataset/Test/Fake/fake_4201.jpg,0,0,True,0.9999654293060303,3.4607543057063594e-05
/content/Dataset/Test/Fake/fake_4202.jpg,0,0,True,0.9999616146087646,3.8352714909706265e-05
/content/Dataset/Test/Fake/fake_4203.jpg,0,0,True,0.9999616146087646,3.844188177026808e-05
/content/Dataset/Test/Fake/fake_4204.jpg,0,0,True,0.9999771118164062,2.2915506633580662e-05
/content/Dataset/Test/Fake/fake_4205.jpg,0,0,True,0.99997878074646,2.118096745107323e-05
/content/Dataset/Test/Fake/fake_4206.jpg,0,0,True,0.9999659061431885,3.4071996196871623e-05
/content/Dataset/Test/Fake/fake_4207.jpg,0,0,True,0.9999533891677856,4.656525197788142e-05
/content/Dataset/Test/Fake/fake_4208.jpg,0,0,True,0.9999345541000366,6.538470915984362e-05
/content/Dataset/Test/Fake/fake_4209.jpg,0,0,True,0.9995666146278381,0.0004333988472353667
/content/Dataset/Test/Fake/fake_421.jpg,0,0,True,0.607222855091095,0.39277711510658264
/content/Dataset/Test/Fake/fake_4210.jpg,0,0,True,0.9999428987503052,5.709664765163325e-05
/content/Dataset/Test/Fake/fake_4211.jpg,0,0,True,0.9984560012817383,0.00154405296780169
/content/Dataset/Test/Fake/fake_4212.jpg,0,0,True,0.9999723434448242,2.7695867174770683e-05
/content/Dataset/Test/Fake/fake_4213.jpg,0,0,True,0.9999759197235107,2.4068867787718773e-05
/content/Dataset/Test/Fake/fake_4214.jpg,0,0,True,0.9999762773513794,2.3697282813373022e-05
/content/Dataset/Test/Fake/fake_4215.jpg,0,0,True,0.999951958656311,4.798850932274945e-05
/content/Dataset/Test/Fake/fake_4216.jpg,0,0,True,0.9999517202377319,4.8252742999466136e-05
/content/Dataset/Test/Fake/fake_4217.jpg,0,0,True,0.9999762773513794,2.3753236746415496e-05
/content/Dataset/Test/Fake/fake_4218.jpg,0,0,True,0.9999738931655884,2.6061903554364108e-05
/content/Dataset/Test/Fake/fake_4219.jpg,0,0,True,0.9997690320014954,0.00023094909556675702
/content/Dataset/Test/Fake/fake_422.jpg,0,0,True,0.9999523162841797,4.764946424984373e-05
/content/Dataset/Test/Fake/fake_4220.jpg,0,0,True,0.9999321699142456,6.788020982639864e-05
/content/Dataset/Test/Fake/fake_4221.jpg,0,0,True,0.9999771118164062,2.2846552383271046e-05
/content/Dataset/Test/Fake/fake_4222.jpg,0,0,True,0.99996018409729,3.983233909821138e-05
/content/Dataset/Test/Fake/fake_4223.jpg,0,0,True,0.9999748468399048,2.5137000193353742e-05
/content/Dataset/Test/Fake/fake_4224.jpg,0,0,True,0.9999674558639526,3.2584412110736594e-05
/content/Dataset/Test/Fake/fake_4225.jpg,0,0,True,0.9999736547470093,2.6285499188816175e-05
/content/Dataset/Test/Fake/fake_4226.jpg,0,0,True,0.9999707937240601,2.9215148970251903e-05
/content/Dataset/Test/Fake/fake_4227.jpg,0,0,True,0.9999775886535645,2.2361231458489783e-05
/content/Dataset/Test/Fake/fake_4228.jpg,0,0,True,0.9999676942825317,3.2358948374167085e-05
/content/Dataset/Test/Fake/fake_4229.jpg,0,0,True,0.9999711513519287,2.8885147912660614e-05
/content/Dataset/Test/Fake/fake_423.jpg,0,0,True,0.9999728202819824,2.7199488613405265e-05
/content/Dataset/Test/Fake/fake_4230.jpg,0,0,True,0.9999728202819824,2.7158484954270534e-05
/content/Dataset/Test/Fake/fake_4231.jpg,0,0,True,0.999972939491272,2.7020916604669765e-05
/content/Dataset/Test/Fake/fake_4232.jpg,0,0,True,0.9999747276306152,2.522578142816201e-05
/content/Dataset/Test/Fake/fake_4233.jpg,0,0,True,0.999971866607666,2.810869409586303e-05
/content/Dataset/Test/Fake/fake_4234.jpg,0,0,True,0.999963641166687,3.6355249903863296e-05
/content/Dataset/Test/Fake/fake_4235.jpg,0,0,True,0.9999675750732422,3.23781423503533e-05
/content/Dataset/Test/Fake/fake_4236.jpg,0,0,True,0.9999760389328003,2.3983655410120264e-05
/content/Dataset/Test/Fake/fake_4237.jpg,0,0,True,0.9999715089797974,2.8476768420659937e-05
/content/Dataset/Test/Fake/fake_4238.jpg,0,0,True,0.9999393224716187,6.0620637668762356e-05
/content/Dataset/Test/Fake/fake_4239.jpg,0,0,True,0.9999772310256958,2.273557402077131e-05
/content/Dataset/Test/Fake/fake_424.jpg,0,0,True,0.9999587535858154,4.1294344555353746e-05
/content/Dataset/Test/Fake/fake_4240.jpg,0,0,True,0.9999606609344482,3.9300623029703274e-05
/content/Dataset/Test/Fake/fake_4241.jpg,0,0,True,0.9999672174453735,3.282712714280933e-05
/content/Dataset/Test/Fake/fake_4242.jpg,0,0,True,0.9999760389328003,2.4007867978070863e-05
/content/Dataset/Test/Fake/fake_4243.jpg,0,0,True,0.9999645948410034,3.5397748433751985e-05
/content/Dataset/Test/Fake/fake_4244.jpg,0,0,True,0.9999774694442749,2.247764859930612e-05
/content/Dataset/Test/Fake/fake_4245.jpg,0,0,True,0.9999563694000244,4.360094681032933e-05
/content/Dataset/Test/Fake/fake_4246.jpg,0,0,True,0.9999662637710571,3.370500053279102e-05
/content/Dataset/Test/Fake/fake_4247.jpg,0,0,True,0.9999736547470093,2.636571298353374e-05
/content/Dataset/Test/Fake/fake_4248.jpg,0,0,True,0.9999732971191406,2.6659708964871243e-05
/content/Dataset/Test/Fake/fake_4249.jpg,0,0,True,0.9999505281448364,4.9521346227265894e-05
/content/Dataset/Test/Fake/fake_425.jpg,0,0,True,0.9999767541885376,2.3194554159999825e-05
/content/Dataset/Test/Fake/fake_4250.jpg,0,0,True,0.9999738931655884,2.614295772218611e-05
/content/Dataset/Test/Fake/fake_4251.jpg,0,0,True,0.5916086435317993,0.40839141607284546
/content/Dataset/Test/Fake/fake_4252.jpg,0,0,True,0.9999765157699585,2.347167355765123e-05
/content/Dataset/Test/Fake/fake_4253.jpg,0,0,True,0.999975323677063,2.4651524654473178e-05
/content/Dataset/Test/Fake/fake_4254.jpg,0,0,True,0.999958872795105,4.111108501092531e-05
/content/Dataset/Test/Fake/fake_4255.jpg,0,0,True,0.9573913216590881,0.04260868951678276
/content/Dataset/Test/Fake/fake_4256.jpg,0,0,True,0.9999643564224243,3.5610850318335e-05
/content/Dataset/Test/Fake/fake_4257.jpg,0,0,True,0.9999593496322632,4.06151739298366e-05
/content/Dataset/Test/Fake/fake_4258.jpg,0,0,True,0.9999586343765259,4.132380854571238e-05
/content/Dataset/Test/Fake/fake_4259.jpg,0,0,True,0.9999774694442749,2.2559212084161118e-05
/content/Dataset/Test/Fake/fake_426.jpg,0,0,True,0.9999734163284302,2.658991070347838e-05
/content/Dataset/Test/Fake/fake_4260.jpg,0,0,True,0.9999737739562988,2.6230860385112464e-05
/content/Dataset/Test/Fake/fake_4261.jpg,0,0,True,0.9999701976776123,2.9835020541213453e-05
/content/Dataset/Test/Fake/fake_4262.jpg,0,0,True,0.9999703168869019,2.972174115711823e-05
/content/Dataset/Test/Fake/fake_4263.jpg,0,0,True,0.9999511241912842,4.882341090706177e-05
/content/Dataset/Test/Fake/fake_4264.jpg,0,0,True,0.9995800852775574,0.00041991760372184217
/content/Dataset/Test/Fake/fake_4265.jpg,0,0,True,0.9999667406082153,3.3215015719179064e-05
/content/Dataset/Test/Fake/fake_4266.jpg,0,0,True,0.9999715089797974,2.8488420866779052e-05
/content/Dataset/Test/Fake/fake_4267.jpg,0,0,True,0.9999390840530396,6.088575173635036e-05
/content/Dataset/Test/Fake/fake_4268.jpg,0,0,True,0.9999773502349854,2.2697491658618674e-05
/content/Dataset/Test/Fake/fake_4269.jpg,0,0,True,0.9999740123748779,2.595841942820698e-05
/content/Dataset/Test/Fake/fake_427.jpg,0,0,True,0.9999744892120361,2.5510253180982545e-05
/content/Dataset/Test/Fake/fake_4270.jpg,0,0,True,0.999975323677063,2.4702498194528744e-05
/content/Dataset/Test/Fake/fake_4271.jpg,0,0,True,0.9999724626541138,2.7513036911841482e-05
/content/Dataset/Test/Fake/fake_4272.jpg,0,0,True,0.999970555305481,2.940976082754787e-05
/content/Dataset/Test/Fake/fake_4273.jpg,0,0,True,0.9999723434448242,2.762203621387016e-05
/content/Dataset/Test/Fake/fake_4274.jpg,0,0,True,0.9999715089797974,2.844265145540703e-05
/content/Dataset/Test/Fake/fake_4275.jpg,0,0,True,0.9999750852584839,2.4932493033702485e-05
/content/Dataset/Test/Fake/fake_4276.jpg,0,0,True,0.999974250793457,2.576263068476692e-05
/content/Dataset/Test/Fake/fake_4277.jpg,0,0,True,0.9999701976776123,2.9795100999763235e-05
/content/Dataset/Test/Fake/fake_4278.jpg,0,0,True,0.999975323677063,2.4649079932714812e-05
/content/Dataset/Test/Fake/fake_4279.jpg,0,0,True,0.9999758005142212,2.4247647161246277e-05
/content/Dataset/Test/Fake/fake_428.jpg,0,0,True,0.9999774694442749,2.2577201889362186e-05
/content/Dataset/Test/Fake/fake_4280.jpg,0,0,True,0.9999723434448242,2.7698772100848146e-05
/content/Dataset/Test/Fake/fake_4281.jpg,0,0,True,0.9999784231185913,2.1544281480601057e-05
/content/Dataset/Test/Fake/fake_4282.jpg,0,0,True,0.999909520149231,9.048241190612316e-05
/content/Dataset/Test/Fake/fake_4283.jpg,0,0,True,0.9998148083686829,0.00018520790035836399
/content/Dataset/Test/Fake/fake_4284.jpg,0,0,True,0.999967098236084,3.288935840828344e-05
/content/Dataset/Test/Fake/fake_4285.jpg,0,0,True,0.9999765157699585,2.3476241040043533e-05
/content/Dataset/Test/Fake/fake_4286.jpg,0,0,True,0.9999784231185913,2.154120011255145e-05
/content/Dataset/Test/Fake/fake_4287.jpg,0,0,True,0.9999747276306152,2.5303001166321337e-05
/content/Dataset/Test/Fake/fake_4288.jpg,0,0,True,0.999976396560669,2.3568120013806038e-05
/content/Dataset/Test/Fake/fake_4289.jpg,0,1,False,0.3047460615634918,0.6952539086341858
/content/Dataset/Test/Fake/fake_429.jpg,0,0,True,0.9999750852584839,2.488474638084881e-05
/content/Dataset/Test/Fake/fake_4290.jpg,0,0,True,0.9999761581420898,2.386435699008871e-05
/content/Dataset/Test/Fake/fake_4291.jpg,0,0,True,0.9999681711196899,3.1868981750449166e-05
/content/Dataset/Test/Fake/fake_4292.jpg,0,0,True,0.9999300241470337,6.992069393163547e-05
/content/Dataset/Test/Fake/fake_4293.jpg,0,0,True,0.9999761581420898,2.3874918042565696e-05
/content/Dataset/Test/Fake/fake_4294.jpg,0,0,True,0.9999774694442749,2.253435377497226e-05
/content/Dataset/Test/Fake/fake_4295.jpg,0,0,True,0.9999709129333496,2.9114578865119256e-05
/content/Dataset/Test/Fake/fake_4296.jpg,0,0,True,0.9999767541885376,2.3293863705475815e-05
/content/Dataset/Test/Fake/fake_4297.jpg,0,0,True,0.9999750852584839,2.4885006496333517e-05
/content/Dataset/Test/Fake/fake_4298.jpg,0,0,True,0.9999650716781616,3.4900855098385364e-05
/content/Dataset/Test/Fake/fake_4299.jpg,0,0,True,0.9999754428863525,2.4572236725362018e-05
/content/Dataset/Test/Fake/fake_43.jpg,0,0,True,0.9999287128448486,7.125227421056479e-05
/content/Dataset/Test/Fake/fake_430.jpg,0,0,True,0.999946117401123,5.386181874200702e-05
/content/Dataset/Test/Fake/fake_4300.jpg,0,0,True,0.9999721050262451,2.786323966574855e-05
/content/Dataset/Test/Fake/fake_4301.jpg,0,0,True,0.9999352693557739,6.467183993663639e-05
/content/Dataset/Test/Fake/fake_4302.jpg,0,0,True,0.9999754428863525,2.450054307701066e-05
/content/Dataset/Test/Fake/fake_4303.jpg,0,0,True,0.9999730587005615,2.6985253498423845e-05
/content/Dataset/Test/Fake/fake_4304.jpg,0,0,True,0.9999709129333496,2.9079614250804298e-05
/content/Dataset/Test/Fake/fake_4305.jpg,0,0,True,0.9999679327011108,3.209528586012311e-05
/content/Dataset/Test/Fake/fake_4306.jpg,0,0,True,0.9998422861099243,0.00015770761820022017
/content/Dataset/Test/Fake/fake_4307.jpg,0,1,False,0.05104463919997215,0.9489553570747375
/content/Dataset/Test/Fake/fake_4308.jpg,0,0,True,0.99997878074646,2.1192303393036127e-05
/content/Dataset/Test/Fake/fake_4309.jpg,0,0,True,0.9999618530273438,3.8102447433630005e-05
/content/Dataset/Test/Fake/fake_431.jpg,0,0,True,0.9999756813049316,2.4368793674511835e-05
/content/Dataset/Test/Fake/fake_4310.jpg,0,0,True,0.9999620914459229,3.7912672269158065e-05
/content/Dataset/Test/Fake/fake_4311.jpg,0,0,True,0.9999701976776123,2.9845265089534223e-05
/content/Dataset/Test/Fake/fake_4312.jpg,0,0,True,0.9994231462478638,0.0005768652190454304
/content/Dataset/Test/Fake/fake_4313.jpg,0,0,True,0.99997878074646,2.1181795091251843e-05
/content/Dataset/Test/Fake/fake_4314.jpg,0,0,True,0.9999743700027466,2.5675682991277426e-05
/content/Dataset/Test/Fake/fake_4315.jpg,0,0,True,0.999953031539917,4.698365228250623e-05
/content/Dataset/Test/Fake/fake_4316.jpg,0,0,True,0.9999707937240601,2.9195318347774446e-05
/content/Dataset/Test/Fake/fake_4317.jpg,0,0,True,0.9999740123748779,2.6029789296444505e-05
/content/Dataset/Test/Fake/fake_4318.jpg,0,0,True,0.9999699592590332,3.0043443985050544e-05
/content/Dataset/Test/Fake/fake_4319.jpg,0,0,True,0.9999533891677856,4.6567292883992195e-05
/content/Dataset/Test/Fake/fake_432.jpg,0,0,True,0.9999644756317139,3.550952169462107e-05
/content/Dataset/Test/Fake/fake_4320.jpg,0,0,True,0.9999724626541138,2.7591129764914513e-05
/content/Dataset/Test/Fake/fake_4321.jpg,0,0,True,0.9999698400497437,3.019032192241866e-05
/content/Dataset/Test/Fake/fake_4322.jpg,0,0,True,0.9999653100967407,3.470467709121294e-05
/content/Dataset/Test/Fake/fake_4323.jpg,0,0,True,0.9999713897705078,2.863239569705911e-05
/content/Dataset/Test/Fake/fake_4324.jpg,0,0,True,0.9999511241912842,4.892408469459042e-05
/content/Dataset/Test/Fake/fake_4325.jpg,0,0,True,0.7069517970085144,0.293048232793808
/content/Dataset/Test/Fake/fake_4326.jpg,0,0,True,0.9844659566879272,0.015534049831330776
/content/Dataset/Test/Fake/fake_4327.jpg,0,0,True,0.9241833686828613,0.07581660151481628
/content/Dataset/Test/Fake/fake_4328.jpg,0,0,True,0.9999632835388184,3.6702276702271774e-05
/content/Dataset/Test/Fake/fake_4329.jpg,0,0,True,0.9999785423278809,2.1462667064042762e-05
/content/Dataset/Test/Fake/fake_433.jpg,0,0,True,0.9999630451202393,3.6960649595130235e-05
/content/Dataset/Test/Fake/fake_4330.jpg,0,0,True,0.9999734163284302,2.6609926862875e-05
/content/Dataset/Test/Fake/fake_4331.jpg,0,0,True,0.9999358654022217,6.416014366550371e-05
/content/Dataset/Test/Fake/fake_4332.jpg,0,0,True,0.9999574422836304,4.2539541027508676e-05
/content/Dataset/Test/Fake/fake_4333.jpg,0,0,True,0.9999762773513794,2.372930794081185e-05
/content/Dataset/Test/Fake/fake_4334.jpg,0,0,True,0.9999454021453857,5.464761852636002e-05
/content/Dataset/Test/Fake/fake_4335.jpg,0,0,True,0.9999688863754272,3.114171704510227e-05
/content/Dataset/Test/Fake/fake_4336.jpg,0,0,True,0.9999771118164062,2.288314135512337e-05
/content/Dataset/Test/Fake/fake_4337.jpg,0,0,True,0.9999759197235107,2.4112407118082047e-05
/content/Dataset/Test/Fake/fake_4338.jpg,0,0,True,0.9999641180038452,3.5872792068403214e-05
/content/Dataset/Test/Fake/fake_4339.jpg,0,0,True,0.9999669790267944,3.306912913103588e-05
/content/Dataset/Test/Fake/fake_434.jpg,0,0,True,0.999971866607666,2.8164855393697508e-05
/content/Dataset/Test/Fake/fake_4340.jpg,0,0,True,0.9999676942825317,3.2322244805982336e-05
/content/Dataset/Test/Fake/fake_4341.jpg,0,0,True,0.9999678134918213,3.2143529097083956e-05
/content/Dataset/Test/Fake/fake_4342.jpg,0,0,True,0.9999696016311646,3.0352182875503786e-05
/content/Dataset/Test/Fake/fake_4343.jpg,0,0,True,0.9999761581420898,2.3826743927202187e-05
/content/Dataset/Test/Fake/fake_4344.jpg,0,0,True,0.99997878074646,2.12468203244498e-05
/content/Dataset/Test/Fake/fake_4345.jpg,0,0,True,0.9999761581420898,2.3851545847719535e-05
/content/Dataset/Test/Fake/fake_4346.jpg,0,0,True,0.9999593496322632,4.064183303853497e-05
/content/Dataset/Test/Fake/fake_4347.jpg,0,0,True,0.9999687671661377,3.120530163869262e-05
/content/Dataset/Test/Fake/fake_4348.jpg,0,0,True,0.9309451580047607,0.06905487924814224
/content/Dataset/Test/Fake/fake_4349.jpg,0,0,True,0.999976634979248,2.3351334675680846e-05
/content/Dataset/Test/Fake/fake_435.jpg,0,0,True,0.9689126014709473,0.031087392941117287
/content/Dataset/Test/Fake/fake_4350.jpg,0,0,True,0.9999767541885376,2.318973383808043e-05
/content/Dataset/Test/Fake/fake_4351.jpg,0,0,True,0.9999257326126099,7.427160744555295e-05
/content/Dataset/Test/Fake/fake_4352.jpg,0,0,True,0.9981715679168701,0.001828479114919901
/content/Dataset/Test/Fake/fake_4353.jpg,0,0,True,0.9945732951164246,0.0054267216473817825
/content/Dataset/Test/Fake/fake_4354.jpg,0,0,True,0.9999727010726929,2.733277688093949e-05
/content/Dataset/Test/Fake/fake_4355.jpg,0,0,True,0.9999758005142212,2.416661664028652e-05
/content/Dataset/Test/Fake/fake_4356.jpg,0,0,True,0.9999755620956421,2.4425889932899736e-05
/content/Dataset/Test/Fake/fake_4357.jpg,0,0,True,0.9999741315841675,2.5821980671025813e-05
/content/Dataset/Test/Fake/fake_4358.jpg,0,0,True,0.9999750852584839,2.4902908990043215e-05
/content/Dataset/Test/Fake/fake_4359.jpg,0,0,True,0.9999762773513794,2.369938556512352e-05
/content/Dataset/Test/Fake/fake_436.jpg,0,0,True,0.999975323677063,2.4670478524058126e-05
/content/Dataset/Test/Fake/fake_4360.jpg,0,0,True,0.999972939491272,2.7058436899096705e-05
/content/Dataset/Test/Fake/fake_4361.jpg,0,0,True,0.9999659061431885,3.405282768653706e-05
/content/Dataset/Test/Fake/fake_4362.jpg,0,0,True,0.999976634979248,2.33647006098181e-05
/content/Dataset/Test/Fake/fake_4363.jpg,0,0,True,0.9999591112136841,4.0857506974134594e-05
/content/Dataset/Test/Fake/fake_4364.jpg,0,0,True,0.9999703168869019,2.9706834538956173e-05
/content/Dataset/Test/Fake/fake_4365.jpg,0,0,True,0.9999663829803467,3.358682806720026e-05
/content/Dataset/Test/Fake/fake_4366.jpg,0,0,True,0.9999716281890869,2.835360646713525e-05
/content/Dataset/Test/Fake/fake_4367.jpg,0,0,True,0.9999748468399048,2.512628816475626e-05
/content/Dataset/Test/Fake/fake_4368.jpg,0,0,True,0.9999735355377197,2.6489105948712677e-05
/content/Dataset/Test/Fake/fake_4369.jpg,0,0,True,0.9999701976776123,2.9808683393639512e-05
/content/Dataset/Test/Fake/fake_437.jpg,0,0,True,0.9999780654907227,2.192974352510646e-05
/content/Dataset/Test/Fake/fake_4370.jpg,0,0,True,0.9999686479568481,3.129500328213908e-05
/content/Dataset/Test/Fake/fake_4371.jpg,0,0,True,0.9999774694442749,2.2570569853996858e-05
/content/Dataset/Test/Fake/fake_4372.jpg,0,0,True,0.9999687671661377,3.120488690910861e-05
/content/Dataset/Test/Fake/fake_4373.jpg,0,0,True,0.9999716281890869,2.8397311325534247e-05
/content/Dataset/Test/Fake/fake_4374.jpg,0,0,True,0.9999732971191406,2.6703499315772206e-05
/content/Dataset/Test/Fake/fake_4375.jpg,0,0,True,0.9999778270721436,2.211602622992359e-05
/content/Dataset/Test/Fake/fake_4376.jpg,0,0,True,0.9999773502349854,2.261463123431895e-05
/content/Dataset/Test/Fake/fake_4377.jpg,0,0,True,0.9999701976776123,2.983934427902568e-05
/content/Dataset/Test/Fake/fake_4378.jpg,0,0,True,0.9999734163284302,2.6606625397107564e-05
/content/Dataset/Test/Fake/fake_4379.jpg,0,0,True,0.9999747276306152,2.5220993848051876e-05
/content/Dataset/Test/Fake/fake_438.jpg,0,0,True,0.999972939491272,2.7102549211122096e-05
/content/Dataset/Test/Fake/fake_4380.jpg,0,0,True,0.9999727010726929,2.726194179558661e-05
/content/Dataset/Test/Fake/fake_4381.jpg,0,0,True,0.9999741315841675,2.5822033421718515e-05
/content/Dataset/Test/Fake/fake_4382.jpg,0,0,True,0.9999669790267944,3.2992142223520204e-05
/content/Dataset/Test/Fake/fake_4383.jpg,0,0,True,0.9999287128448486,7.125044794520363e-05
/content/Dataset/Test/Fake/fake_4384.jpg,0,0,True,0.9982331991195679,0.001766759785823524
/content/Dataset/Test/Fake/fake_4385.jpg,0,0,True,0.9999620914459229,3.793339783442207e-05
/content/Dataset/Test/Fake/fake_4386.jpg,0,0,True,0.9985942244529724,0.0014058174565434456
/content/Dataset/Test/Fake/fake_4387.jpg,0,0,True,0.9999727010726929,2.7243411750532687e-05
/content/Dataset/Test/Fake/fake_4388.jpg,0,0,True,0.9998959302902222,0.00010405266948509961
/content/Dataset/Test/Fake/fake_4389.jpg,0,0,True,0.9999697208404541,3.0288832931546494e-05
/content/Dataset/Test/Fake/fake_439.jpg,0,0,True,0.9999768733978271,2.3181795768323354e-05
/content/Dataset/Test/Fake/fake_4390.jpg,0,0,True,0.9999730587005615,2.6888252250500955e-05
/content/Dataset/Test/Fake/fake_4391.jpg,0,0,True,0.9999779462814331,2.2051228370401077e-05
/content/Dataset/Test/Fake/fake_4392.jpg,0,0,True,0.9999769926071167,2.3027187125990167e-05
/content/Dataset/Test/Fake/fake_4393.jpg,0,0,True,0.9999775886535645,2.2427439034800045e-05
/content/Dataset/Test/Fake/fake_4394.jpg,0,0,True,0.9999666213989258,3.331862899358384e-05
/content/Dataset/Test/Fake/fake_4395.jpg,0,0,True,0.9999551773071289,4.477913898881525e-05
/content/Dataset/Test/Fake/fake_4396.jpg,0,0,True,0.9999692440032959,3.07303162117023e-05
/content/Dataset/Test/Fake/fake_4397.jpg,0,0,True,0.9978513717651367,0.002148630330339074
/content/Dataset/Test/Fake/fake_4398.jpg,0,0,True,0.587222158908844,0.4127779006958008
/content/Dataset/Test/Fake/fake_4399.jpg,0,0,True,0.9917037487030029,0.008296194486320019
/content/Dataset/Test/Fake/fake_44.jpg,0,0,True,0.9999724626541138,2.7593998311203904e-05
/content/Dataset/Test/Fake/fake_440.jpg,0,0,True,0.9991487264633179,0.0008513214415870607
/content/Dataset/Test/Fake/fake_4400.jpg,0,0,True,0.9999752044677734,2.4846238375175744e-05
/content/Dataset/Test/Fake/fake_4401.jpg,0,0,True,0.9999629259109497,3.710084638441913e-05
/content/Dataset/Test/Fake/fake_4402.jpg,0,0,True,0.9999749660491943,2.497937748557888e-05
/content/Dataset/Test/Fake/fake_4403.jpg,0,0,True,0.9999778270721436,2.2145997718325816e-05
/content/Dataset/Test/Fake/fake_4404.jpg,0,0,True,0.9999760389328003,2.391639100096654e-05
/content/Dataset/Test/Fake/fake_4405.jpg,0,0,True,0.9999508857727051,4.908830305794254e-05
/content/Dataset/Test/Fake/fake_4406.jpg,0,0,True,0.9999674558639526,3.2598145480733365e-05
/content/Dataset/Test/Fake/fake_4407.jpg,0,0,True,0.9999724626541138,2.7482357836561278e-05
/content/Dataset/Test/Fake/fake_4408.jpg,0,0,True,0.9999678134918213,3.214355820091441e-05
/content/Dataset/Test/Fake/fake_4409.jpg,0,0,True,0.9999793767929077,2.0633337044273503e-05
/content/Dataset/Test/Fake/fake_441.jpg,0,0,True,0.999901533126831,9.844877058640122e-05
/content/Dataset/Test/Fake/fake_4410.jpg,0,0,True,0.9999595880508423,4.038090264657512e-05
/content/Dataset/Test/Fake/fake_4411.jpg,0,0,True,0.9999735355377197,2.6428668206790462e-05
/content/Dataset/Test/Fake/fake_4412.jpg,0,0,True,0.9999748468399048,2.5145127438008785e-05
/content/Dataset/Test/Fake/fake_4413.jpg,0,0,True,0.9999637603759766,3.618556002038531e-05
/content/Dataset/Test/Fake/fake_4414.jpg,0,0,True,0.9999581575393677,4.1805036744335666e-05
/content/Dataset/Test/Fake/fake_4415.jpg,0,0,True,0.9999759197235107,2.4096016204566695e-05
/content/Dataset/Test/Fake/fake_4416.jpg,0,0,True,0.9999622106552124,3.77629985450767e-05
/content/Dataset/Test/Fake/fake_4417.jpg,0,0,True,0.9999772310256958,2.2819574951427057e-05
/content/Dataset/Test/Fake/fake_4418.jpg,0,0,True,0.9999731779098511,2.6842673833016306e-05
/content/Dataset/Test/Fake/fake_4419.jpg,0,0,True,0.9999711513519287,2.8849910449935123e-05
/content/Dataset/Test/Fake/fake_442.jpg,0,0,True,0.9999761581420898,2.385686821071431e-05
/content/Dataset/Test/Fake/fake_4420.jpg,0,1,False,0.00019342717132531106,0.9998065829277039
/content/Dataset/Test/Fake/fake_4421.jpg,0,0,True,0.9999724626541138,2.7518994102138095e-05
/content/Dataset/Test/Fake/fake_4422.jpg,0,0,True,0.9999767541885376,2.3282669644686393e-05
/content/Dataset/Test/Fake/fake_4423.jpg,0,0,True,0.9999772310256958,2.2805132175562903e-05
/content/Dataset/Test/Fake/fake_4424.jpg,0,0,True,0.9999727010726929,2.7313963073538616e-05
/content/Dataset/Test/Fake/fake_4425.jpg,0,0,True,0.9999631643295288,3.687594289658591e-05
/content/Dataset/Test/Fake/fake_4426.jpg,0,0,True,0.9999372959136963,6.264408875722438e-05
/content/Dataset/Test/Fake/fake_4427.jpg,0,0,True,0.9999755620956421,2.4406330339843407e-05
/content/Dataset/Test/Fake/fake_4428.jpg,0,0,True,0.9999635219573975,3.649997597676702e-05
/content/Dataset/Test/Fake/fake_4429.jpg,0,0,True,0.9999778270721436,2.213406696682796e-05
/content/Dataset/Test/Fake/fake_443.jpg,0,0,True,0.9999771118164062,2.2887135855853558e-05
/content/Dataset/Test/Fake/fake_4430.jpg,0,0,True,0.9998538494110107,0.00014618184650316834
/content/Dataset/Test/Fake/fake_4431.jpg,0,0,True,0.9999759197235107,2.4076054614852183e-05
/content/Dataset/Test/Fake/fake_4432.jpg,0,0,True,0.9999352693557739,6.466708873631433e-05
/content/Dataset/Test/Fake/fake_4433.jpg,0,0,True,0.9999732971191406,2.6727908334578387e-05
/content/Dataset/Test/Fake/fake_4434.jpg,0,0,True,0.9999755620956421,2.4422395654255524e-05
/content/Dataset/Test/Fake/fake_4435.jpg,0,0,True,0.9999761581420898,2.3815860913600773e-05
/content/Dataset/Test/Fake/fake_4436.jpg,0,0,True,0.9999727010726929,2.735775888140779e-05
/content/Dataset/Test/Fake/fake_4437.jpg,0,0,True,0.9999667406082153,3.322781412862241e-05
/content/Dataset/Test/Fake/fake_4438.jpg,0,0,True,0.9999752044677734,2.4840173864504322e-05
/content/Dataset/Test/Fake/fake_4439.jpg,0,0,True,0.9999500513076782,4.99280467920471e-05
/content/Dataset/Test/Fake/fake_444.jpg,0,0,True,0.9999767541885376,2.3253269318956882e-05
/content/Dataset/Test/Fake/fake_4440.jpg,0,0,True,0.9999693632125854,3.065486089326441e-05
/content/Dataset/Test/Fake/fake_4441.jpg,0,0,True,0.9999758005142212,2.4215943994931877e-05
/content/Dataset/Test/Fake/fake_4442.jpg,0,0,True,0.9999760389328003,2.3989261535461992e-05
/content/Dataset/Test/Fake/fake_4443.jpg,0,0,True,0.9999765157699585,2.346308065170888e-05
/content/Dataset/Test/Fake/fake_4444.jpg,0,0,True,0.9999758005142212,2.4230450435425155e-05
/content/Dataset/Test/Fake/fake_4445.jpg,0,0,True,0.9999762773513794,2.377363489358686e-05
/content/Dataset/Test/Fake/fake_4446.jpg,0,0,True,0.9999732971191406,2.6690693630371243e-05
/content/Dataset/Test/Fake/fake_4447.jpg,0,0,True,0.9999747276306152,2.5244478820241056e-05
/content/Dataset/Test/Fake/fake_4448.jpg,0,0,True,0.9999780654907227,2.1909569113631733e-05
/content/Dataset/Test/Fake/fake_4449.jpg,0,0,True,0.9999747276306152,2.5257026209146716e-05
/content/Dataset/Test/Fake/fake_445.jpg,0,0,True,0.999976634979248,2.3345901354332455e-05
/content/Dataset/Test/Fake/fake_4450.jpg,0,0,True,0.9999779462814331,2.2031594198779203e-05
/content/Dataset/Test/Fake/fake_4451.jpg,0,0,True,0.9999566078186035,4.338419603300281e-05
/content/Dataset/Test/Fake/fake_4452.jpg,0,0,True,0.9999758005142212,2.415525887045078e-05
/content/Dataset/Test/Fake/fake_4453.jpg,0,0,True,0.9999749660491943,2.507370118109975e-05
/content/Dataset/Test/Fake/fake_4454.jpg,0,0,True,0.9997938275337219,0.00020624070020858198
/content/Dataset/Test/Fake/fake_4455.jpg,0,0,True,0.9998854398727417,0.00011458418885013089
/content/Dataset/Test/Fake/fake_4456.jpg,0,0,True,0.999962329864502,3.765726796700619e-05
/content/Dataset/Test/Fake/fake_4457.jpg,0,0,True,0.9999719858169556,2.7966101697529666e-05
/content/Dataset/Test/Fake/fake_4458.jpg,0,0,True,0.9999403953552246,5.965122181805782e-05
/content/Dataset/Test/Fake/fake_4459.jpg,0,0,True,0.9999744892120361,2.5531599021633156e-05
/content/Dataset/Test/Fake/fake_446.jpg,0,0,True,0.9999622106552124,3.7755147786810994e-05
/content/Dataset/Test/Fake/fake_4460.jpg,0,0,True,0.999975323677063,2.472097366990056e-05
/content/Dataset/Test/Fake/fake_4461.jpg,0,0,True,0.9999750852584839,2.4885031962185167e-05
/content/Dataset/Test/Fake/fake_4462.jpg,0,0,True,0.999969482421875,3.056131026824005e-05
/content/Dataset/Test/Fake/fake_4463.jpg,0,0,True,0.9999756813049316,2.432017936371267e-05
/content/Dataset/Test/Fake/fake_4464.jpg,0,0,True,0.9999767541885376,2.3251937818713486e-05
/content/Dataset/Test/Fake/fake_4465.jpg,0,0,True,0.9999414682388306,5.851571404491551e-05
/content/Dataset/Test/Fake/fake_4466.jpg,0,0,True,0.9999752044677734,2.479790236975532e-05
/content/Dataset/Test/Fake/fake_4467.jpg,0,0,True,0.9999769926071167,2.2988831915427e-05
/content/Dataset/Test/Fake/fake_4468.jpg,0,0,True,0.9999785423278809,2.1417070456664078e-05
/content/Dataset/Test/Fake/fake_4469.jpg,0,0,True,0.999948263168335,5.17893313372042e-05
/content/Dataset/Test/Fake/fake_447.jpg,0,0,True,0.9999673366546631,3.2710002415115014e-05
/content/Dataset/Test/Fake/fake_4470.jpg,0,1,False,0.00011554854427231476,0.9998844861984253
/content/Dataset/Test/Fake/fake_4471.jpg,0,0,True,0.9999727010726929,2.7335385311744176e-05
/content/Dataset/Test/Fake/fake_4472.jpg,0,0,True,0.9999738931655884,2.6086670914082788e-05
/content/Dataset/Test/Fake/fake_4473.jpg,0,0,True,0.9999734163284302,2.6603505830280483e-05
/content/Dataset/Test/Fake/fake_4474.jpg,0,0,True,0.999970555305481,2.9499535230570473e-05
/content/Dataset/Test/Fake/fake_4475.jpg,0,0,True,0.9831105470657349,0.016889415681362152
/content/Dataset/Test/Fake/fake_4476.jpg,0,1,False,3.1685849535278976e-05,0.9999682903289795
/content/Dataset/Test/Fake/fake_4477.jpg,0,0,True,0.9999773502349854,2.26155807467876e-05
/content/Dataset/Test/Fake/fake_4478.jpg,0,0,True,0.999972939491272,2.703318568819668e-05
/content/Dataset/Test/Fake/fake_4479.jpg,0,0,True,0.9999643564224243,3.564808866940439e-05
/content/Dataset/Test/Fake/fake_448.jpg,0,0,True,0.9999730587005615,2.6934652851196006e-05
/content/Dataset/Test/Fake/fake_4480.jpg,0,0,True,0.9999741315841675,2.5900115360855125e-05
/content/Dataset/Test/Fake/fake_4481.jpg,0,0,True,0.9999772310256958,2.2735313905286603e-05
/content/Dataset/Test/Fake/fake_4482.jpg,0,0,True,0.9999754428863525,2.4596716684754938e-05
/content/Dataset/Test/Fake/fake_4483.jpg,0,0,True,0.9999747276306152,2.532096186769195e-05
/content/Dataset/Test/Fake/fake_4484.jpg,0,0,True,0.9998830556869507,0.00011690485553117469
/content/Dataset/Test/Fake/fake_4485.jpg,0,0,True,0.9999790191650391,2.0970974219380878e-05
/content/Dataset/Test/Fake/fake_4486.jpg,0,0,True,0.9999758005142212,2.4177959858207032e-05
/content/Dataset/Test/Fake/fake_4487.jpg,0,0,True,0.999920129776001,7.987094431882724e-05
/content/Dataset/Test/Fake/fake_4488.jpg,0,0,True,0.9999407529830933,5.929194230702706e-05
/content/Dataset/Test/Fake/fake_4489.jpg,0,0,True,0.9999746084213257,2.5349396310048178e-05
/content/Dataset/Test/Fake/fake_449.jpg,0,0,True,0.9999738931655884,2.6087218429893255e-05
/content/Dataset/Test/Fake/fake_4490.jpg,0,0,True,0.9999712705612183,2.877479164453689e-05
/content/Dataset/Test/Fake/fake_4491.jpg,0,0,True,0.9999785423278809,2.145730468328111e-05
/content/Dataset/Test/Fake/fake_4492.jpg,0,0,True,0.9947975873947144,0.005202386993914843
/content/Dataset/Test/Fake/fake_4493.jpg,0,0,True,0.7811093330383301,0.2188906967639923
/content/Dataset/Test/Fake/fake_4494.jpg,0,0,True,0.9999668598175049,3.3097079722210765e-05
/content/Dataset/Test/Fake/fake_4495.jpg,0,0,True,0.9999674558639526,3.2506442948943004e-05
/content/Dataset/Test/Fake/fake_4496.jpg,0,0,True,0.9999762773513794,2.3720369426882826e-05
/content/Dataset/Test/Fake/fake_4497.jpg,0,0,True,0.9999735355377197,2.6424488169141114e-05
/content/Dataset/Test/Fake/fake_4498.jpg,0,0,True,0.999976396560669,2.3625572794117033e-05
/content/Dataset/Test/Fake/fake_4499.jpg,0,0,True,0.9999723434448242,2.7682715881383047e-05
/content/Dataset/Test/Fake/fake_45.jpg,0,0,True,0.999969482421875,3.054059197893366e-05
/content/Dataset/Test/Fake/fake_450.jpg,0,0,True,0.9999762773513794,2.3698527002125047e-05
/content/Dataset/Test/Fake/fake_4500.jpg,0,0,True,0.9999730587005615,2.6907180654234253e-05
/content/Dataset/Test/Fake/fake_4501.jpg,0,0,True,0.9936460256576538,0.006354029290378094
/content/Dataset/Test/Fake/fake_4502.jpg,0,0,True,0.9999788999557495,2.109348315570969e-05
/content/Dataset/Test/Fake/fake_4503.jpg,0,0,True,0.999953031539917,4.694575909525156e-05
/content/Dataset/Test/Fake/fake_4504.jpg,0,0,True,0.9999648332595825,3.5116096114506945e-05
/content/Dataset/Test/Fake/fake_4505.jpg,0,0,True,0.9999685287475586,3.1457573641091585e-05
/content/Dataset/Test/Fake/fake_4506.jpg,0,0,True,0.9999760389328003,2.3911190510261804e-05
/content/Dataset/Test/Fake/fake_4507.jpg,0,0,True,0.9999736547470093,2.636551289469935e-05
/content/Dataset/Test/Fake/fake_4508.jpg,0,0,True,0.9980010390281677,0.0019990040455013514
/content/Dataset/Test/Fake/fake_4509.jpg,0,0,True,0.9979977011680603,0.0020022373646497726
/content/Dataset/Test/Fake/fake_451.jpg,0,0,True,0.9999758005142212,2.4211070922319777e-05
/content/Dataset/Test/Fake/fake_4510.jpg,0,0,True,0.9999724626541138,2.7526028134161606e-05
/content/Dataset/Test/Fake/fake_4511.jpg,0,0,True,0.9999685287475586,3.143240974168293e-05
/content/Dataset/Test/Fake/fake_4512.jpg,0,0,True,0.8435666561126709,0.1564333438873291
/content/Dataset/Test/Fake/fake_4513.jpg,0,0,True,0.9988118410110474,0.0011881216196343303
/content/Dataset/Test/Fake/fake_4514.jpg,0,0,True,0.9999721050262451,2.7903979571419768e-05
/content/Dataset/Test/Fake/fake_4515.jpg,0,0,True,0.9999650716781616,3.494781776680611e-05
/content/Dataset/Test/Fake/fake_4516.jpg,0,0,True,0.9999555349349976,4.446226012078114e-05
/content/Dataset/Test/Fake/fake_4517.jpg,0,0,True,0.8816001415252686,0.11839985102415085
/content/Dataset/Test/Fake/fake_4518.jpg,0,0,True,0.9999743700027466,2.568018862803001e-05
/content/Dataset/Test/Fake/fake_4519.jpg,0,0,True,0.9999730587005615,2.691826921363827e-05
/content/Dataset/Test/Fake/fake_452.jpg,0,0,True,0.9999774694442749,2.2584783437196165e-05
/content/Dataset/Test/Fake/fake_4520.jpg,0,0,True,0.9999710321426392,2.8971689971513115e-05
/content/Dataset/Test/Fake/fake_4521.jpg,0,0,True,0.9999785423278809,2.1482101146830246e-05
/content/Dataset/Test/Fake/fake_4522.jpg,0,0,True,0.9999780654907227,2.1907939299126156e-05
/content/Dataset/Test/Fake/fake_4523.jpg,0,0,True,0.999966025352478,3.392615690245293e-05
/content/Dataset/Test/Fake/fake_4524.jpg,0,0,True,0.9999693632125854,3.066986391786486e-05
/content/Dataset/Test/Fake/fake_4525.jpg,0,0,True,0.9999438524246216,5.611358938040212e-05
/content/Dataset/Test/Fake/fake_4526.jpg,0,0,True,0.999970555305481,2.9429935239022598e-05
/content/Dataset/Test/Fake/fake_4527.jpg,0,0,True,0.998414158821106,0.0015857915859669447
/content/Dataset/Test/Fake/fake_4528.jpg,0,0,True,0.9999725818634033,2.7435355150373653e-05
/content/Dataset/Test/Fake/fake_4529.jpg,0,0,True,0.9999780654907227,2.1908148482907563e-05
/content/Dataset/Test/Fake/fake_453.jpg,0,0,True,0.9999715089797974,2.8505597583716735e-05
/content/Dataset/Test/Fake/fake_4530.jpg,0,0,True,0.9999693632125854,3.0648341635242105e-05
/content/Dataset/Test/Fake/fake_4531.jpg,0,0,True,0.9983459711074829,0.0016540320357307792
/content/Dataset/Test/Fake/fake_4532.jpg,0,0,True,0.9999793767929077,2.0613098968169652e-05
/content/Dataset/Test/Fake/fake_4533.jpg,0,0,True,0.9999734163284302,2.653322007972747e-05
/content/Dataset/Test/Fake/fake_4534.jpg,0,0,True,0.9999645948410034,3.5463232052279636e-05
/content/Dataset/Test/Fake/fake_4535.jpg,0,0,True,0.9999703168869019,2.9724831620114855e-05
/content/Dataset/Test/Fake/fake_4536.jpg,0,0,True,0.9999662637710571,3.3678108593448997e-05
/content/Dataset/Test/Fake/fake_4537.jpg,0,0,True,0.9999672174453735,3.2839056075317785e-05
/content/Dataset/Test/Fake/fake_4538.jpg,0,0,True,0.9999730587005615,2.6916934075416066e-05
/content/Dataset/Test/Fake/fake_4539.jpg,0,0,True,0.9999749660491943,2.5088960683206096e-05
/content/Dataset/Test/Fake/fake_454.jpg,0,0,True,0.9999748468399048,2.510449121473357e-05
/content/Dataset/Test/Fake/fake_4540.jpg,0,0,True,0.9999736547470093,2.6323479687562212e-05
/content/Dataset/Test/Fake/fake_4541.jpg,0,0,True,0.999963641166687,3.637803456513211e-05
/content/Dataset/Test/Fake/fake_4542.jpg,0,0,True,0.9999738931655884,2.6079507733811624e-05
/content/Dataset/Test/Fake/fake_4543.jpg,0,0,True,0.9999749660491943,2.503060022718273e-05
/content/Dataset/Test/Fake/fake_4544.jpg,0,0,True,0.9999786615371704,2.1343874323065393e-05
/content/Dataset/Test/Fake/fake_4545.jpg,0,0,True,0.999967098236084,3.287123399786651e-05
/content/Dataset/Test/Fake/fake_4546.jpg,0,0,True,0.9999678134918213,3.2145919249160215e-05
/content/Dataset/Test/Fake/fake_4547.jpg,0,0,True,0.9999748468399048,2.511241655156482e-05
/content/Dataset/Test/Fake/fake_4548.jpg,0,0,True,0.9999607801437378,3.9181475585792214e-05
/content/Dataset/Test/Fake/fake_4549.jpg,0,0,True,0.999968409538269,3.15337092615664e-05
/content/Dataset/Test/Fake/fake_455.jpg,0,0,True,0.9999761581420898,2.3844404495321214e-05
/content/Dataset/Test/Fake/fake_4550.jpg,0,0,True,0.9999673366546631,3.2641539291944355e-05
/content/Dataset/Test/Fake/fake_4551.jpg,0,0,True,0.9999678134918213,3.2197556720348075e-05
/content/Dataset/Test/Fake/fake_4552.jpg,0,0,True,0.9999675750732422,3.247682616347447e-05
/content/Dataset/Test/Fake/fake_4553.jpg,0,0,True,0.9999648332595825,3.516247306833975e-05
/content/Dataset/Test/Fake/fake_4554.jpg,0,0,True,0.9999775886535645,2.2418116714106873e-05
/content/Dataset/Test/Fake/fake_4555.jpg,0,0,True,0.9999381303787231,6.185559323057532e-05
/content/Dataset/Test/Fake/fake_4556.jpg,0,0,True,0.9999697208404541,3.0272516596596688e-05
/content/Dataset/Test/Fake/fake_4557.jpg,0,0,True,0.9999717473983765,2.821082125592511e-05
/content/Dataset/Test/Fake/fake_4558.jpg,0,0,True,0.9998968839645386,0.0001031038846122101
/content/Dataset/Test/Fake/fake_4559.jpg,0,0,True,0.9999773502349854,2.264436989207752e-05
/content/Dataset/Test/Fake/fake_456.jpg,0,0,True,0.9999778270721436,2.21964673983166e-05
/content/Dataset/Test/Fake/fake_4560.jpg,0,0,True,0.9999750852584839,2.4955044864327647e-05
/content/Dataset/Test/Fake/fake_4561.jpg,0,0,True,0.9999744892120361,2.5490606276434846e-05
/content/Dataset/Test/Fake/fake_4562.jpg,0,0,True,0.999977707862854,2.232937367807608e-05
/content/Dataset/Test/Fake/fake_4563.jpg,0,0,True,0.9965294003486633,0.003470642725005746
/content/Dataset/Test/Fake/fake_4564.jpg,0,0,True,0.9999743700027466,2.565363138273824e-05
/content/Dataset/Test/Fake/fake_4565.jpg,0,0,True,0.9999477863311768,5.2221781515982e-05
/content/Dataset/Test/Fake/fake_4566.jpg,0,0,True,0.9999468326568604,5.3153384214965627e-05
/content/Dataset/Test/Fake/fake_4567.jpg,0,0,True,0.9999769926071167,2.3036282073007897e-05
/content/Dataset/Test/Fake/fake_4568.jpg,0,0,True,0.9999772310256958,2.2722504581906833e-05
/content/Dataset/Test/Fake/fake_4569.jpg,0,0,True,0.9999710321426392,2.891141048166901e-05
/content/Dataset/Test/Fake/fake_457.jpg,0,0,True,0.9999779462814331,2.209387457696721e-05
/content/Dataset/Test/Fake/fake_4570.jpg,0,0,True,0.9961434006690979,0.003856685943901539
/content/Dataset/Test/Fake/fake_4571.jpg,0,0,True,0.9999762773513794,2.37699623539811e-05
/content/Dataset/Test/Fake/fake_4572.jpg,0,0,True,0.9999699592590332,3.0080082069616765e-05
/content/Dataset/Test/Fake/fake_4573.jpg,0,0,True,0.9999605417251587,3.950150130549446e-05
/content/Dataset/Test/Fake/fake_4574.jpg,0,0,True,0.9999752044677734,2.4767790819169022e-05
/content/Dataset/Test/Fake/fake_4575.jpg,0,0,True,0.9989112615585327,0.0010887073585763574
/content/Dataset/Test/Fake/fake_4576.jpg,0,0,True,0.9999747276306152,2.527215656300541e-05
/content/Dataset/Test/Fake/fake_4577.jpg,0,0,True,0.9999744892120361,2.551935540395789e-05
/content/Dataset/Test/Fake/fake_4578.jpg,0,0,True,0.9999390840530396,6.091095565352589e-05
/content/Dataset/Test/Fake/fake_4579.jpg,0,0,True,0.9999728202819824,2.712374771363102e-05
/content/Dataset/Test/Fake/fake_458.jpg,0,0,True,0.9999698400497437,3.0202072593965568e-05
/content/Dataset/Test/Fake/fake_4580.jpg,0,0,True,0.9999752044677734,2.4818249585223384e-05
/content/Dataset/Test/Fake/fake_4581.jpg,0,0,True,0.9999706745147705,2.9293878469616175e-05
/content/Dataset/Test/Fake/fake_4582.jpg,0,0,True,0.9999748468399048,2.5143448510789312e-05
/content/Dataset/Test/Fake/fake_4583.jpg,0,0,True,0.9999127388000488,8.728648390388116e-05
/content/Dataset/Test/Fake/fake_4584.jpg,0,0,True,0.9991452693939209,0.0008547123870812356
/content/Dataset/Test/Fake/fake_4585.jpg,0,0,True,0.9999774694442749,2.249004137411248e-05
/content/Dataset/Test/Fake/fake_4586.jpg,0,0,True,0.999968409538269,3.154189107590355e-05
/content/Dataset/Test/Fake/fake_4587.jpg,0,0,True,0.999967098236084,3.285079947090708e-05
/content/Dataset/Test/Fake/fake_4588.jpg,0,0,True,0.9999747276306152,2.5212479158653878e-05
/content/Dataset/Test/Fake/fake_4589.jpg,0,0,True,0.999976634979248,2.3325739675783552e-05
/content/Dataset/Test/Fake/fake_459.jpg,0,0,True,0.9999765157699585,2.345851498830598e-05
/content/Dataset/Test/Fake/fake_4590.jpg,0,0,True,0.9999727010726929,2.7308960852678865e-05
/content/Dataset/Test/Fake/fake_4591.jpg,0,0,True,0.9999778270721436,2.217137807747349e-05
/content/Dataset/Test/Fake/fake_4592.jpg,0,0,True,0.9999778270721436,2.2199898012331687e-05
/content/Dataset/Test/Fake/fake_4593.jpg,0,0,True,0.9999743700027466,2.5664423446869478e-05
/content/Dataset/Test/Fake/fake_4594.jpg,0,0,True,0.9999698400497437,3.0182838600012474e-05
/content/Dataset/Test/Fake/fake_4595.jpg,0,0,True,0.9999700784683228,2.9969587558298372e-05
/content/Dataset/Test/Fake/fake_4596.jpg,0,0,True,0.9999586343765259,4.131360037717968e-05
/content/Dataset/Test/Fake/fake_4597.jpg,0,0,True,0.9999650716781616,3.4879827580880374e-05
/content/Dataset/Test/Fake/fake_4598.jpg,0,0,True,0.9998834133148193,0.00011651354725472629
/content/Dataset/Test/Fake/fake_4599.jpg,0,0,True,0.9955912828445435,0.004408800974488258
/content/Dataset/Test/Fake/fake_46.jpg,0,0,True,0.9999717473983765,2.8210874006617814e-05
/content/Dataset/Test/Fake/fake_460.jpg,0,0,True,0.9999783039093018,2.1701207515434362e-05
/content/Dataset/Test/Fake/fake_4600.jpg,0,0,True,0.9999676942825317,3.226246917620301e-05
/content/Dataset/Test/Fake/fake_4601.jpg,0,0,True,0.9999245405197144,7.546688721049577e-05
/content/Dataset/Test/Fake/fake_4602.jpg,0,0,True,0.9959182143211365,0.004081753082573414
/content/Dataset/Test/Fake/fake_4603.jpg,0,0,True,0.9999492168426514,5.075079025118612e-05
/content/Dataset/Test/Fake/fake_4604.jpg,0,0,True,0.9999663829803467,3.359019319759682e-05
/content/Dataset/Test/Fake/fake_4605.jpg,0,0,True,0.9999773502349854,2.2643398551736027e-05
/content/Dataset/Test/Fake/fake_4606.jpg,0,0,True,0.9999738931655884,2.6148069082410075e-05
/content/Dataset/Test/Fake/fake_4607.jpg,0,0,True,0.9999767541885376,2.326784306205809e-05
/content/Dataset/Test/Fake/fake_4608.jpg,0,0,True,0.9999749660491943,2.505624979676213e-05
/content/Dataset/Test/Fake/fake_4609.jpg,0,0,True,0.9999723434448242,2.7658752514980733e-05
/content/Dataset/Test/Fake/fake_461.jpg,0,0,True,0.9999783039093018,2.165425757993944e-05
/content/Dataset/Test/Fake/fake_4610.jpg,0,0,True,0.9999748468399048,2.5189217922161333e-05
/content/Dataset/Test/Fake/fake_4611.jpg,0,0,True,0.9999759197235107,2.4034417947405018e-05
/content/Dataset/Test/Fake/fake_4612.jpg,0,0,True,0.9999712705612183,2.8754737286362797e-05
/content/Dataset/Test/Fake/fake_4613.jpg,0,0,True,0.9999732971191406,2.6647887352737598e-05
/content/Dataset/Test/Fake/fake_4614.jpg,0,0,True,0.9999749660491943,2.5009458113345318e-05
/content/Dataset/Test/Fake/fake_4615.jpg,0,0,True,0.9999288320541382,7.11746615706943e-05
/content/Dataset/Test/Fake/fake_4616.jpg,0,0,True,0.9997743964195251,0.00022561608057003468
/content/Dataset/Test/Fake/fake_4617.jpg,0,0,True,0.999977707862854,2.2260952391661704e-05
/content/Dataset/Test/Fake/fake_4618.jpg,0,0,True,0.9999773502349854,2.2662798073724844e-05
/content/Dataset/Test/Fake/fake_4619.jpg,0,0,True,0.9999771118164062,2.286887502123136e-05
/content/Dataset/Test/Fake/fake_462.jpg,0,0,True,0.9999712705612183,2.8683416530839168e-05
/content/Dataset/Test/Fake/fake_4620.jpg,0,0,True,0.9999759197235107,2.4033088266151026e-05
/content/Dataset/Test/Fake/fake_4621.jpg,0,0,True,0.9999740123748779,2.6026464183814824e-05
/content/Dataset/Test/Fake/fake_4622.jpg,0,0,True,0.9999535083770752,4.651838753488846e-05
/content/Dataset/Test/Fake/fake_4623.jpg,0,0,True,0.9998772144317627,0.0001228007604368031
/content/Dataset/Test/Fake/fake_4624.jpg,0,0,True,0.9999387264251709,6.126847438281402e-05
/content/Dataset/Test/Fake/fake_4625.jpg,0,0,True,0.9999744892120361,2.5544433810864575e-05
/content/Dataset/Test/Fake/fake_4626.jpg,0,0,True,0.9999734163284302,2.6635492758941837e-05
/content/Dataset/Test/Fake/fake_4627.jpg,0,0,True,0.9999730587005615,2.6891842935583554e-05
/content/Dataset/Test/Fake/fake_4628.jpg,0,0,True,0.999947190284729,5.277649324852973e-05
/content/Dataset/Test/Fake/fake_4629.jpg,0,0,True,0.9999457597732544,5.418101136456244e-05
/content/Dataset/Test/Fake/fake_463.jpg,0,0,True,0.9999780654907227,2.1910364012001082e-05
/content/Dataset/Test/Fake/fake_4630.jpg,0,0,True,0.9999716281890869,2.8316126190475188e-05
/content/Dataset/Test/Fake/fake_4631.jpg,0,0,True,0.9999727010726929,2.7320840672473423e-05
/content/Dataset/Test/Fake/fake_4632.jpg,0,0,True,0.9999673366546631,3.261182428104803e-05
/content/Dataset/Test/Fake/fake_4633.jpg,0,0,True,0.9999759197235107,2.409215630905237e-05
/content/Dataset/Test/Fake/fake_4634.jpg,0,0,True,0.9999774694442749,2.2514612282975577e-05
/content/Dataset/Test/Fake/fake_4635.jpg,0,0,True,0.9999788999557495,2.1055981051176786e-05
/content/Dataset/Test/Fake/fake_4636.jpg,0,0,True,0.9999607801437378,3.9201877370942384e-05
/content/Dataset/Test/Fake/fake_4637.jpg,0,1,False,0.2737840414047241,0.7262158989906311
/content/Dataset/Test/Fake/fake_4638.jpg,0,0,True,0.9999768733978271,2.310448144271504e-05
/content/Dataset/Test/Fake/fake_4639.jpg,0,0,True,0.9999709129333496,2.9130076654837467e-05
/content/Dataset/Test/Fake/fake_464.jpg,0,0,True,0.9999756813049316,2.430798122077249e-05
/content/Dataset/Test/Fake/fake_4640.jpg,0,0,True,0.9999771118164062,2.2835880372440442e-05
/content/Dataset/Test/Fake/fake_4641.jpg,0,0,True,0.9999687671661377,3.1286650482797995e-05
/content/Dataset/Test/Fake/fake_4642.jpg,0,0,True,0.817469596862793,0.18253040313720703
/content/Dataset/Test/Fake/fake_4643.jpg,0,0,True,0.9999643564224243,3.562545680324547e-05
/content/Dataset/Test/Fake/fake_4644.jpg,0,0,True,0.9999750852584839,2.4914570531109348e-05
/content/Dataset/Test/Fake/fake_4645.jpg,0,1,False,0.09361022710800171,0.9063897132873535
/content/Dataset/Test/Fake/fake_4646.jpg,0,0,True,0.9999603033065796,3.9701124478597194e-05
/content/Dataset/Test/Fake/fake_4647.jpg,0,0,True,0.9999731779098511,2.68144558503991e-05
/content/Dataset/Test/Fake/fake_4648.jpg,0,0,True,0.9999289512634277,7.099955837475136e-05
/content/Dataset/Test/Fake/fake_4649.jpg,0,0,True,0.9999761581420898,2.389911242062226e-05
/content/Dataset/Test/Fake/fake_465.jpg,0,0,True,0.9999773502349854,2.262192174384836e-05
/content/Dataset/Test/Fake/fake_4650.jpg,0,0,True,0.9999775886535645,2.242835944343824e-05
/content/Dataset/Test/Fake/fake_4651.jpg,0,0,True,0.9999741315841675,2.5860870664473623e-05
/content/Dataset/Test/Fake/fake_4652.jpg,0,0,True,0.9999771118164062,2.2847401851322502e-05
/content/Dataset/Test/Fake/fake_4653.jpg,0,0,True,0.9999262094497681,7.379161979770288e-05
/content/Dataset/Test/Fake/fake_4654.jpg,0,0,True,0.9999743700027466,2.5573730454198085e-05
/content/Dataset/Test/Fake/fake_4655.jpg,0,0,True,0.9999674558639526,3.2500862289452925e-05
/content/Dataset/Test/Fake/fake_4656.jpg,0,0,True,0.999977707862854,2.2315241949399933e-05
/content/Dataset/Test/Fake/fake_4657.jpg,0,0,True,0.9999798536300659,2.018035957007669e-05
/content/Dataset/Test/Fake/fake_4658.jpg,0,0,True,0.9999690055847168,3.1047267839312553e-05
/content/Dataset/Test/Fake/fake_4659.jpg,0,0,True,0.9999451637268066,5.486640293383971e-05
/content/Dataset/Test/Fake/fake_466.jpg,0,0,True,0.9999769926071167,2.3025540940579958e-05
/content/Dataset/Test/Fake/fake_4660.jpg,0,0,True,0.9999735355377197,2.6476500352146104e-05
/content/Dataset/Test/Fake/fake_4661.jpg,0,0,True,0.9999762773513794,2.3709828383289278e-05
/content/Dataset/Test/Fake/fake_4662.jpg,0,0,True,0.9999780654907227,2.196959758293815e-05
/content/Dataset/Test/Fake/fake_4663.jpg,0,0,True,0.9999775886535645,2.2371064915205352e-05
/content/Dataset/Test/Fake/fake_4664.jpg,0,0,True,0.999972939491272,2.702795245568268e-05
/content/Dataset/Test/Fake/fake_4665.jpg,0,0,True,0.9999642372131348,3.574913353077136e-05
/content/Dataset/Test/Fake/fake_4666.jpg,0,0,True,0.9999655485153198,3.4402146411594003e-05
/content/Dataset/Test/Fake/fake_4667.jpg,0,0,True,0.9999784231185913,2.1605144866043702e-05
/content/Dataset/Test/Fake/fake_4668.jpg,0,0,True,0.9999786615371704,2.1340880266507156e-05
/content/Dataset/Test/Fake/fake_4669.jpg,0,0,True,0.9999772310256958,2.2783717213314958e-05
/content/Dataset/Test/Fake/fake_467.jpg,0,1,False,0.3510168194770813,0.6489831209182739
/content/Dataset/Test/Fake/fake_4670.jpg,0,0,True,0.9999228715896606,7.711433863732964e-05
/content/Dataset/Test/Fake/fake_4671.jpg,0,0,True,0.9999741315841675,2.5868022930808365e-05
/content/Dataset/Test/Fake/fake_4672.jpg,0,0,True,0.9992281198501587,0.0007719149580225348
/content/Dataset/Test/Fake/fake_4673.jpg,0,0,True,0.9999728202819824,2.713275171117857e-05
/content/Dataset/Test/Fake/fake_4674.jpg,0,0,True,0.9999741315841675,2.5886829462251626e-05
/content/Dataset/Test/Fake/fake_4675.jpg,0,0,True,0.9999712705612183,2.8695238142972812e-05
/content/Dataset/Test/Fake/fake_4676.jpg,0,0,True,0.999972939491272,2.7043035515816882e-05
/content/Dataset/Test/Fake/fake_4677.jpg,0,0,True,0.9999696016311646,3.0364981284947135e-05
/content/Dataset/Test/Fake/fake_4678.jpg,0,0,True,0.999976634979248,2.335411772946827e-05
/content/Dataset/Test/Fake/fake_4679.jpg,0,0,True,0.9999774694442749,2.2536931282957084e-05
/content/Dataset/Test/Fake/fake_468.jpg,0,0,True,0.999976634979248,2.337510886718519e-05
/content/Dataset/Test/Fake/fake_4680.jpg,0,0,True,0.9999785423278809,2.146680162695702e-05
/content/Dataset/Test/Fake/fake_4681.jpg,0,1,False,0.19729001820087433,0.8027099370956421
/content/Dataset/Test/Fake/fake_4682.jpg,0,0,True,0.9999486207962036,5.138661072123796e-05
/content/Dataset/Test/Fake/fake_4683.jpg,0,0,True,0.9999686479568481,3.1300285627366975e-05
/content/Dataset/Test/Fake/fake_4684.jpg,0,0,True,0.9534069299697876,0.04659304767847061
/content/Dataset/Test/Fake/fake_4685.jpg,0,0,True,0.9999723434448242,2.7714388124877587e-05
/content/Dataset/Test/Fake/fake_4686.jpg,0,0,True,0.9999598264694214,4.0218998037744313e-05
/content/Dataset/Test/Fake/fake_4687.jpg,0,0,True,0.9998509883880615,0.00014897847722750157
/content/Dataset/Test/Fake/fake_4688.jpg,0,0,True,0.9999756813049316,2.436131217109505e-05
/content/Dataset/Test/Fake/fake_4689.jpg,0,0,True,0.999976396560669,2.3592363504576497e-05
/content/Dataset/Test/Fake/fake_469.jpg,0,0,True,0.9999761581420898,2.3849248464102857e-05
/content/Dataset/Test/Fake/fake_4690.jpg,0,0,True,0.9999613761901855,3.8624511944362894e-05
/content/Dataset/Test/Fake/fake_4691.jpg,0,0,True,0.9999737739562988,2.6204881578451023e-05
/content/Dataset/Test/Fake/fake_4692.jpg,0,0,True,0.9935749173164368,0.006425079423934221
/content/Dataset/Test/Fake/fake_4693.jpg,0,0,True,0.999961256980896,3.8785812648711726e-05
/content/Dataset/Test/Fake/fake_4694.jpg,0,0,True,0.9999756813049316,2.434695852571167e-05
/content/Dataset/Test/Fake/fake_4695.jpg,0,0,True,0.9999754428863525,2.4526867491658777e-05
/content/Dataset/Test/Fake/fake_4696.jpg,0,0,True,0.9999778270721436,2.2197908037924208e-05
/content/Dataset/Test/Fake/fake_4697.jpg,0,0,True,0.7104021310806274,0.28959789872169495
/content/Dataset/Test/Fake/fake_4698.jpg,0,0,True,0.9999701976776123,2.979012788273394e-05
/content/Dataset/Test/Fake/fake_4699.jpg,0,0,True,0.9999659061431885,3.408662087167613e-05
/content/Dataset/Test/Fake/fake_47.jpg,0,0,True,0.9999740123748779,2.604029214126058e-05
/content/Dataset/Test/Fake/fake_470.jpg,0,0,True,0.9999698400497437,3.015705806319602e-05
/content/Dataset/Test/Fake/fake_4700.jpg,0,0,True,0.9999724626541138,2.7593603590503335e-05
/content/Dataset/Test/Fake/fake_4701.jpg,0,0,True,0.9993258714675903,0.0006741991965100169
/content/Dataset/Test/Fake/fake_4702.jpg,0,0,True,0.9999749660491943,2.500421214790549e-05
/content/Dataset/Test/Fake/fake_4703.jpg,0,0,True,0.9999725818634033,2.744215635175351e-05
/content/Dataset/Test/Fake/fake_4704.jpg,0,0,True,0.9999759197235107,2.4040515199885704e-05
/content/Dataset/Test/Fake/fake_4705.jpg,0,0,True,0.9999743700027466,2.5601719244150445e-05
/content/Dataset/Test/Fake/fake_4706.jpg,0,0,True,0.999975323677063,2.4649831175338477e-05
/content/Dataset/Test/Fake/fake_4707.jpg,0,0,True,0.9999760389328003,2.396004128968343e-05
/content/Dataset/Test/Fake/fake_4708.jpg,0,0,True,0.9999719858169556,2.807293458317872e-05
/content/Dataset/Test/Fake/fake_4709.jpg,0,0,True,0.9999731779098511,2.684254832274746e-05
/content/Dataset/Test/Fake/fake_471.jpg,0,0,True,0.9999747276306152,2.5315115635748953e-05
/content/Dataset/Test/Fake/fake_4710.jpg,0,0,True,0.9999754428863525,2.4513630705769174e-05
/content/Dataset/Test/Fake/fake_4711.jpg,0,0,True,0.9999778270721436,2.220675742137246e-05
/content/Dataset/Test/Fake/fake_4712.jpg,0,0,True,0.999955415725708,4.459436240722425e-05
/content/Dataset/Test/Fake/fake_4713.jpg,0,0,True,0.9999752044677734,2.4823739295243286e-05
/content/Dataset/Test/Fake/fake_4714.jpg,0,0,True,0.9999747276306152,2.521880560379941e-05
/content/Dataset/Test/Fake/fake_4715.jpg,0,0,True,0.9998958110809326,0.00010416215809527785
/content/Dataset/Test/Fake/fake_4716.jpg,0,0,True,0.9999717473983765,2.8254844437469728e-05
/content/Dataset/Test/Fake/fake_4717.jpg,0,0,True,0.9999747276306152,2.5235476641682908e-05
/content/Dataset/Test/Fake/fake_4718.jpg,0,0,True,0.9999752044677734,2.482120726199355e-05
/content/Dataset/Test/Fake/fake_4719.jpg,0,0,True,0.9999780654907227,2.189219230785966e-05
/content/Dataset/Test/Fake/fake_472.jpg,0,0,True,0.9999785423278809,2.141466029570438e-05
/content/Dataset/Test/Fake/fake_4720.jpg,0,0,True,0.9999783039093018,2.1665142412530258e-05
/content/Dataset/Test/Fake/fake_4721.jpg,0,0,True,0.9999767541885376,2.3300573957385495e-05
/content/Dataset/Test/Fake/fake_4722.jpg,0,0,True,0.9999574422836304,4.2574079998303205e-05
/content/Dataset/Test/Fake/fake_4723.jpg,0,0,True,0.9999723434448242,2.766606121440418e-05
/content/Dataset/Test/Fake/fake_4724.jpg,0,0,True,0.9999641180038452,3.5873679735232145e-05
/content/Dataset/Test/Fake/fake_4725.jpg,0,0,True,0.9999713897705078,2.8568570996867493e-05
/content/Dataset/Test/Fake/fake_4726.jpg,0,0,True,0.9999719858169556,2.8039970857207663e-05
/content/Dataset/Test/Fake/fake_4727.jpg,0,0,True,0.9999557733535767,4.421705671120435e-05
/content/Dataset/Test/Fake/fake_4728.jpg,0,0,True,0.9999767541885376,2.3283979317056946e-05
/content/Dataset/Test/Fake/fake_4729.jpg,0,0,True,0.999976396560669,2.356364711886272e-05
/content/Dataset/Test/Fake/fake_473.jpg,0,0,True,0.9999792575836182,2.076504097203724e-05
/content/Dataset/Test/Fake/fake_4730.jpg,0,0,True,0.9999514818191528,4.846464435104281e-05
/content/Dataset/Test/Fake/fake_4731.jpg,0,0,True,0.9999783039093018,2.174025576096028e-05
/content/Dataset/Test/Fake/fake_4732.jpg,0,0,True,0.9999773502349854,2.2636919311480597e-05
/content/Dataset/Test/Fake/fake_4733.jpg,0,1,False,0.056805431842803955,0.9431945085525513
/content/Dataset/Test/Fake/fake_4734.jpg,0,1,False,0.35508406162261963,0.6449159979820251
/content/Dataset/Test/Fake/fake_4735.jpg,0,0,True,0.9952888488769531,0.004711097106337547
/content/Dataset/Test/Fake/fake_4736.jpg,0,0,True,0.9999790191650391,2.1027808543294668e-05
/content/Dataset/Test/Fake/fake_4737.jpg,0,0,True,0.999218225479126,0.0007817723671905696
/content/Dataset/Test/Fake/fake_4738.jpg,0,0,True,0.9999709129333496,2.912804666266311e-05
/content/Dataset/Test/Fake/fake_4739.jpg,0,0,True,0.9998879432678223,0.00011206053750356659
/content/Dataset/Test/Fake/fake_474.jpg,0,0,True,0.9999767541885376,2.3274857085198164e-05
/content/Dataset/Test/Fake/fake_4740.jpg,0,0,True,0.999977707862854,2.2258787794271484e-05
/content/Dataset/Test/Fake/fake_4741.jpg,0,0,True,0.999954342842102,4.5636646973434836e-05
/content/Dataset/Test/Fake/fake_4742.jpg,0,0,True,0.9999632835388184,3.66810018022079e-05
/content/Dataset/Test/Fake/fake_4743.jpg,0,0,True,0.9999574422836304,4.2614658013917506e-05
/content/Dataset/Test/Fake/fake_4744.jpg,0,0,True,0.9999277591705322,7.22077747923322e-05
/content/Dataset/Test/Fake/fake_4745.jpg,0,0,True,0.9617017507553101,0.038298219442367554
/content/Dataset/Test/Fake/fake_4746.jpg,0,0,True,0.9999597072601318,4.029174306197092e-05
/content/Dataset/Test/Fake/fake_4747.jpg,0,0,True,0.9999325275421143,6.744775600964203e-05
/content/Dataset/Test/Fake/fake_4748.jpg,0,0,True,0.9934051632881165,0.006594830192625523
/content/Dataset/Test/Fake/fake_4749.jpg,0,0,True,0.9999790191650391,2.0931451217620634e-05
/content/Dataset/Test/Fake/fake_475.jpg,0,0,True,0.9999756813049316,2.4336142814718187e-05
/content/Dataset/Test/Fake/fake_4750.jpg,0,0,True,0.9999719858169556,2.805906842695549e-05
/content/Dataset/Test/Fake/fake_4751.jpg,0,0,True,0.9999673366546631,3.2643001759424806e-05
/content/Dataset/Test/Fake/fake_4752.jpg,0,0,True,0.9999721050262451,2.7950054573011585e-05
/content/Dataset/Test/Fake/fake_4753.jpg,0,0,True,0.9999698400497437,3.0135293854982592e-05
/content/Dataset/Test/Fake/fake_4754.jpg,0,0,True,0.9999637603759766,3.618645860115066e-05
/content/Dataset/Test/Fake/fake_4755.jpg,0,0,True,0.9999493360519409,5.062250784249045e-05
/content/Dataset/Test/Fake/fake_4756.jpg,0,0,True,0.9999784231185913,2.1530398953473195e-05
/content/Dataset/Test/Fake/fake_4757.jpg,0,0,True,0.9999735355377197,2.6460953449713998e-05
/content/Dataset/Test/Fake/fake_4758.jpg,0,0,True,0.9999762773513794,2.3687793145654723e-05
/content/Dataset/Test/Fake/fake_4759.jpg,0,0,True,0.9999792575836182,2.0727369701489806e-05
/content/Dataset/Test/Fake/fake_476.jpg,0,0,True,0.9999732971191406,2.6728495868155733e-05
/content/Dataset/Test/Fake/fake_4760.jpg,0,0,True,0.9999701976776123,2.9787826861138456e-05
/content/Dataset/Test/Fake/fake_4761.jpg,0,0,True,0.9881165027618408,0.011883530765771866
/content/Dataset/Test/Fake/fake_4762.jpg,0,0,True,0.9999728202819824,2.7158326702192426e-05
/content/Dataset/Test/Fake/fake_4763.jpg,0,0,True,0.9999774694442749,2.247224620077759e-05
/content/Dataset/Test/Fake/fake_4764.jpg,0,0,True,0.9999786615371704,2.1282121451804414e-05
/content/Dataset/Test/Fake/fake_4765.jpg,0,0,True,0.999971866607666,2.815355037455447e-05
/content/Dataset/Test/Fake/fake_4766.jpg,0,0,True,0.9999669790267944,3.302648474345915e-05
/content/Dataset/Test/Fake/fake_4767.jpg,0,0,True,0.9999741315841675,2.589964606158901e-05
/content/Dataset/Test/Fake/fake_4768.jpg,0,0,True,0.9999352693557739,6.477973511209711e-05
/content/Dataset/Test/Fake/fake_4769.jpg,0,0,True,0.9999667406082153,3.3272845030296594e-05
/content/Dataset/Test/Fake/fake_477.jpg,0,0,True,0.9999585151672363,4.1432282159803435e-05
/content/Dataset/Test/Fake/fake_4770.jpg,0,0,True,0.9999755620956421,2.439762647554744e-05
/content/Dataset/Test/Fake/fake_4771.jpg,0,0,True,0.9999626874923706,3.733406265382655e-05
/content/Dataset/Test/Fake/fake_4772.jpg,0,0,True,0.9999520778656006,4.792974141309969e-05
/content/Dataset/Test/Fake/fake_4773.jpg,0,0,True,0.9999765157699585,2.3432176021742634e-05
/content/Dataset/Test/Fake/fake_4774.jpg,0,0,True,0.9975181818008423,0.00248189689591527
/content/Dataset/Test/Fake/fake_4775.jpg,0,0,True,0.9999643564224243,3.569323234842159e-05
/content/Dataset/Test/Fake/fake_4776.jpg,0,0,True,0.9999631643295288,3.688262586365454e-05
/content/Dataset/Test/Fake/fake_4777.jpg,0,0,True,0.9999654293060303,3.457613638602197e-05
/content/Dataset/Test/Fake/fake_4778.jpg,0,0,True,0.9999769926071167,2.3064769266056828e-05
/content/Dataset/Test/Fake/fake_4779.jpg,0,0,True,0.9998964071273804,0.00010361098247813061
/content/Dataset/Test/Fake/fake_478.jpg,0,0,True,0.9999774694442749,2.2541318685398437e-05
/content/Dataset/Test/Fake/fake_4780.jpg,0,0,True,0.9999722242355347,2.7736885385820642e-05
/content/Dataset/Test/Fake/fake_4781.jpg,0,0,True,0.988637387752533,0.011362636461853981
/content/Dataset/Test/Fake/fake_4782.jpg,0,0,True,0.9999772310256958,2.2738047846360132e-05
/content/Dataset/Test/Fake/fake_4783.jpg,0,0,True,0.9985119700431824,0.0014880528906360269
/content/Dataset/Test/Fake/fake_4784.jpg,0,0,True,0.9999772310256958,2.2827151042292826e-05
/content/Dataset/Test/Fake/fake_4785.jpg,0,0,True,0.9999725818634033,2.746174141066149e-05
/content/Dataset/Test/Fake/fake_4786.jpg,0,0,True,0.9999526739120483,4.735231050290167e-05
/content/Dataset/Test/Fake/fake_4787.jpg,0,0,True,0.9999687671661377,3.117689266218804e-05
/content/Dataset/Test/Fake/fake_4788.jpg,0,0,True,0.9999755620956421,2.4400744223385118e-05
/content/Dataset/Test/Fake/fake_4789.jpg,0,0,True,0.9999715089797974,2.8482661946327426e-05
/content/Dataset/Test/Fake/fake_479.jpg,0,0,True,0.9959845542907715,0.004015488550066948
/content/Dataset/Test/Fake/fake_4790.jpg,0,0,True,0.9999697208404541,3.0280456485343166e-05
/content/Dataset/Test/Fake/fake_4791.jpg,0,0,True,0.9999772310256958,2.272178971907124e-05
/content/Dataset/Test/Fake/fake_4792.jpg,0,0,True,0.9998559951782227,0.00014396660844795406
/content/Dataset/Test/Fake/fake_4793.jpg,0,0,True,0.9999690055847168,3.103525159531273e-05
/content/Dataset/Test/Fake/fake_4794.jpg,0,0,True,0.9077034592628479,0.09229656308889389
/content/Dataset/Test/Fake/fake_4795.jpg,0,0,True,0.9999762773513794,2.373125244048424e-05
/content/Dataset/Test/Fake/fake_4796.jpg,0,0,True,0.9999728202819824,2.7181389668839984e-05
/content/Dataset/Test/Fake/fake_4797.jpg,0,0,True,0.9981623291969299,0.0018377389060333371
/content/Dataset/Test/Fake/fake_4798.jpg,0,0,True,0.9999762773513794,2.3749615138513036e-05
/content/Dataset/Test/Fake/fake_4799.jpg,0,0,True,0.9999735355377197,2.6420455469633453e-05
/content/Dataset/Test/Fake/fake_48.jpg,0,0,True,0.9999406337738037,5.933871943852864e-05
/content/Dataset/Test/Fake/fake_480.jpg,0,0,True,0.9999761581420898,2.3818882255000062e-05
/content/Dataset/Test/Fake/fake_4800.jpg,0,0,True,0.9999762773513794,2.370178117416799e-05
/content/Dataset/Test/Fake/fake_4801.jpg,0,0,True,0.9999774694442749,2.2496347810374573e-05
/content/Dataset/Test/Fake/fake_4802.jpg,0,0,True,0.9999716281890869,2.8337955882307142e-05
/content/Dataset/Test/Fake/fake_4803.jpg,0,0,True,0.9999759197235107,2.411728200968355e-05
/content/Dataset/Test/Fake/fake_4804.jpg,0,0,True,0.9999786615371704,2.1386824300861917e-05
/content/Dataset/Test/Fake/fake_4805.jpg,0,0,True,0.9999791383743286,2.085464439005591e-05
/content/Dataset/Test/Fake/fake_4806.jpg,0,0,True,0.999975323677063,2.4662433133926243e-05
/content/Dataset/Test/Fake/fake_4807.jpg,0,0,True,0.9999748468399048,2.520921225368511e-05
/content/Dataset/Test/Fake/fake_4808.jpg,0,0,True,0.9999744892120361,2.5459969037910923e-05
/content/Dataset/Test/Fake/fake_4809.jpg,0,0,True,0.9999701976776123,2.9782086130580865e-05
/content/Dataset/Test/Fake/fake_481.jpg,0,0,True,0.9999788999557495,2.105879320879467e-05
/content/Dataset/Test/Fake/fake_4810.jpg,0,1,False,0.128587543964386,0.8714125156402588
/content/Dataset/Test/Fake/fake_4811.jpg,0,0,True,0.9999706745147705,2.9335476938285865e-05
/content/Dataset/Test/Fake/fake_4812.jpg,0,0,True,0.999977707862854,2.225978641945403e-05
/content/Dataset/Test/Fake/fake_4813.jpg,0,0,True,0.9999743700027466,2.5574023311492056e-05
/content/Dataset/Test/Fake/fake_4814.jpg,0,0,True,0.9999706745147705,2.9320037356228568e-05
/content/Dataset/Test/Fake/fake_4815.jpg,0,0,True,0.9999754428863525,2.4587405277998187e-05
/content/Dataset/Test/Fake/fake_4816.jpg,0,0,True,0.9999744892120361,2.55696850217646e-05
/content/Dataset/Test/Fake/fake_4817.jpg,0,0,True,0.9999769926071167,2.2960544811212458e-05
/content/Dataset/Test/Fake/fake_4818.jpg,0,0,True,0.9999761581420898,2.386374217167031e-05
/content/Dataset/Test/Fake/fake_4819.jpg,0,0,True,0.999903678894043,9.63713027886115e-05
/content/Dataset/Test/Fake/fake_482.jpg,0,0,True,0.9999765157699585,2.3530752514488995e-05
/content/Dataset/Test/Fake/fake_4820.jpg,0,0,True,0.9999704360961914,2.954108640551567e-05
/content/Dataset/Test/Fake/fake_4821.jpg,0,0,True,0.9999758005142212,2.4238170226453803e-05
/content/Dataset/Test/Fake/fake_4822.jpg,0,0,True,0.9999704360961914,2.9566224839072675e-05
/content/Dataset/Test/Fake/fake_4823.jpg,0,0,True,0.9924928545951843,0.0075071267783641815
/content/Dataset/Test/Fake/fake_4824.jpg,0,0,True,0.9999724626541138,2.7527499696589075e-05
/content/Dataset/Test/Fake/fake_4825.jpg,0,0,True,0.9999775886535645,2.24434206756996e-05
/content/Dataset/Test/Fake/fake_4826.jpg,0,0,True,0.999975323677063,2.4649785700603388e-05
/content/Dataset/Test/Fake/fake_4827.jpg,0,0,True,0.9999760389328003,2.3902070097392425e-05
/content/Dataset/Test/Fake/fake_4828.jpg,0,0,True,0.9999738931655884,2.6094832719536498e-05
/content/Dataset/Test/Fake/fake_4829.jpg,0,0,True,0.9999731779098511,2.680509896890726e-05
/content/Dataset/Test/Fake/fake_483.jpg,0,0,True,0.9999449253082275,5.508197136805393e-05
/content/Dataset/Test/Fake/fake_4830.jpg,0,0,True,0.9990842342376709,0.0009158010361716151
/content/Dataset/Test/Fake/fake_4831.jpg,0,0,True,0.9999492168426514,5.082518691779114e-05
/content/Dataset/Test/Fake/fake_4832.jpg,0,0,True,0.9999761581420898,2.381270496698562e-05
/content/Dataset/Test/Fake/fake_4833.jpg,0,0,True,0.9999760389328003,2.4012471840251237e-05
/content/Dataset/Test/Fake/fake_4834.jpg,0,0,True,0.9999748468399048,2.5204644771292806e-05
/content/Dataset/Test/Fake/fake_4835.jpg,0,0,True,0.9999691247940063,3.089790334342979e-05
/content/Dataset/Test/Fake/fake_4836.jpg,0,0,True,0.9999768733978271,2.3120262994780205e-05
/content/Dataset/Test/Fake/fake_4837.jpg,0,0,True,0.9999772310256958,2.281532943015918e-05
/content/Dataset/Test/Fake/fake_4838.jpg,0,0,True,0.9998296499252319,0.00017035999917425215
/content/Dataset/Test/Fake/fake_4839.jpg,0,0,True,0.9999771118164062,2.28290864470182e-05
/content/Dataset/Test/Fake/fake_484.jpg,0,0,True,0.9999775886535645,2.2439699023379944e-05
/content/Dataset/Test/Fake/fake_4840.jpg,0,0,True,0.9999743700027466,2.557002335379366e-05
/content/Dataset/Test/Fake/fake_4841.jpg,0,0,True,0.9999747276306152,2.5215918867615983e-05
/content/Dataset/Test/Fake/fake_4842.jpg,0,0,True,0.9999756813049316,2.435796704958193e-05
/content/Dataset/Test/Fake/fake_4843.jpg,0,0,True,0.9999755620956421,2.4431177735095844e-05
/content/Dataset/Test/Fake/fake_4844.jpg,0,0,True,0.9999772310256958,2.2768643248127773e-05
/content/Dataset/Test/Fake/fake_4845.jpg,0,0,True,0.9999744892120361,2.5539051421219483e-05
/content/Dataset/Test/Fake/fake_4846.jpg,0,0,True,0.9999722242355347,2.779029091470875e-05
/content/Dataset/Test/Fake/fake_4847.jpg,0,0,True,0.9999727010726929,2.734320514719002e-05
/content/Dataset/Test/Fake/fake_4848.jpg,0,0,True,0.9999237060546875,7.633084896951914e-05
/content/Dataset/Test/Fake/fake_4849.jpg,0,0,True,0.9999767541885376,2.328791015315801e-05
/content/Dataset/Test/Fake/fake_485.jpg,0,0,True,0.9999761581420898,2.3852955564507283e-05
/content/Dataset/Test/Fake/fake_4850.jpg,0,0,True,0.9999767541885376,2.3254666302818805e-05
/content/Dataset/Test/Fake/fake_4851.jpg,0,0,True,0.9999779462814331,2.2003625417710282e-05
/content/Dataset/Test/Fake/fake_4852.jpg,0,0,True,0.999976634979248,2.3377138859359547e-05
/content/Dataset/Test/Fake/fake_4853.jpg,0,0,True,0.9999728202819824,2.7213083740207367e-05
/content/Dataset/Test/Fake/fake_4854.jpg,0,0,True,0.9999666213989258,3.3355379855493084e-05
/content/Dataset/Test/Fake/fake_4855.jpg,0,0,True,0.9999774694442749,2.2515190721605904e-05
/content/Dataset/Test/Fake/fake_4856.jpg,0,0,True,0.9999719858169556,2.8008755180053413e-05
/content/Dataset/Test/Fake/fake_4857.jpg,0,1,False,0.24903731048107147,0.7509627342224121
/content/Dataset/Test/Fake/fake_4858.jpg,0,0,True,0.9999699592590332,3.0085991966188885e-05
/content/Dataset/Test/Fake/fake_4859.jpg,0,0,True,0.9999724626541138,2.75836846412858e-05
/content/Dataset/Test/Fake/fake_486.jpg,0,0,True,0.9999765157699585,2.3449792934115976e-05
/content/Dataset/Test/Fake/fake_4860.jpg,0,0,True,0.9999717473983765,2.8249860406504013e-05
/content/Dataset/Test/Fake/fake_4861.jpg,0,0,True,0.9999678134918213,3.221635051886551e-05
/content/Dataset/Test/Fake/fake_4862.jpg,0,0,True,0.9999550580978394,4.4957396312383935e-05
/content/Dataset/Test/Fake/fake_4863.jpg,0,1,False,0.0018409070326015353,0.9981591105461121
/content/Dataset/Test/Fake/fake_4864.jpg,0,0,True,0.8693041801452637,0.13069583475589752
/content/Dataset/Test/Fake/fake_4865.jpg,0,0,True,0.9998465776443481,0.0001533812319394201
/content/Dataset/Test/Fake/fake_4866.jpg,0,0,True,0.9999754428863525,2.45336505031446e-05
/content/Dataset/Test/Fake/fake_4867.jpg,0,0,True,0.9999701976776123,2.9856197215849534e-05
/content/Dataset/Test/Fake/fake_4868.jpg,0,0,True,0.9999762773513794,2.3763865101500414e-05
/content/Dataset/Test/Fake/fake_4869.jpg,0,0,True,0.999970555305481,2.939380647148937e-05
/content/Dataset/Test/Fake/fake_487.jpg,0,0,True,0.9999790191650391,2.0940875401720405e-05
/content/Dataset/Test/Fake/fake_4870.jpg,0,0,True,0.9999716281890869,2.8413945983629674e-05
/content/Dataset/Test/Fake/fake_4871.jpg,0,0,True,0.999924898147583,7.504361565224826e-05
/content/Dataset/Test/Fake/fake_4872.jpg,0,0,True,0.999834418296814,0.0001655130326980725
/content/Dataset/Test/Fake/fake_4873.jpg,0,0,True,0.9999706745147705,2.9287732104421593e-05
/content/Dataset/Test/Fake/fake_4874.jpg,0,0,True,0.9999451637268066,5.481985499500297e-05
/content/Dataset/Test/Fake/fake_4875.jpg,0,0,True,0.9999759197235107,2.4124989067786373e-05
/content/Dataset/Test/Fake/fake_4876.jpg,0,0,True,0.9999790191650391,2.1015239326516166e-05
/content/Dataset/Test/Fake/fake_4877.jpg,0,0,True,0.9934883117675781,0.006511737126857042
/content/Dataset/Test/Fake/fake_4878.jpg,0,0,True,0.9998817443847656,0.00011823107342934236
/content/Dataset/Test/Fake/fake_4879.jpg,0,0,True,0.9999774694442749,2.2581509256269783e-05
/content/Dataset/Test/Fake/fake_488.jpg,0,0,True,0.9999759197235107,2.4031713110161945e-05
/content/Dataset/Test/Fake/fake_4880.jpg,0,0,True,0.9999767541885376,2.3288488591788337e-05
/content/Dataset/Test/Fake/fake_4881.jpg,0,0,True,0.9999760389328003,2.4019389456952922e-05
/content/Dataset/Test/Fake/fake_4882.jpg,0,0,True,0.9999650716781616,3.4914439311251044e-05
/content/Dataset/Test/Fake/fake_4883.jpg,0,0,True,0.9999785423278809,2.1456220565596595e-05
/content/Dataset/Test/Fake/fake_4884.jpg,0,0,True,0.9999698400497437,3.0171931939548813e-05
/content/Dataset/Test/Fake/fake_4885.jpg,0,0,True,0.9999740123748779,2.601956293801777e-05
/content/Dataset/Test/Fake/fake_4886.jpg,0,0,True,0.999976396560669,2.3638758648303337e-05
/content/Dataset/Test/Fake/fake_4887.jpg,0,0,True,0.9979561567306519,0.002043777843937278
/content/Dataset/Test/Fake/fake_4888.jpg,0,0,True,0.9999773502349854,2.2671185433864594e-05
/content/Dataset/Test/Fake/fake_4889.jpg,0,0,True,0.982553243637085,0.017446842044591904
/content/Dataset/Test/Fake/fake_489.jpg,0,0,True,0.9999767541885376,2.3286354917217977e-05
/content/Dataset/Test/Fake/fake_4890.jpg,0,0,True,0.8896991014480591,0.11030086129903793
/content/Dataset/Test/Fake/fake_4891.jpg,0,0,True,0.9999642372131348,3.576740709831938e-05
/content/Dataset/Test/Fake/fake_4892.jpg,0,0,True,0.9999562501907349,4.37610324297566e-05
/content/Dataset/Test/Fake/fake_4893.jpg,0,0,True,0.9999758005142212,2.4230266717495397e-05
/content/Dataset/Test/Fake/fake_4894.jpg,0,0,True,0.9999738931655884,2.6100729883182794e-05
/content/Dataset/Test/Fake/fake_4895.jpg,0,0,True,0.9999765157699585,2.3515138309448957e-05
/content/Dataset/Test/Fake/fake_4896.jpg,0,0,True,0.9999631643295288,3.682319220388308e-05
/content/Dataset/Test/Fake/fake_4897.jpg,0,0,True,0.6330280303955078,0.3669719099998474
/content/Dataset/Test/Fake/fake_4898.jpg,0,0,True,0.9999574422836304,4.2603649490047246e-05
/content/Dataset/Test/Fake/fake_4899.jpg,0,0,True,0.9630754590034485,0.036924563348293304
/content/Dataset/Test/Fake/fake_49.jpg,0,0,True,0.9999743700027466,2.567967567301821e-05
/content/Dataset/Test/Fake/fake_490.jpg,0,0,True,0.9999756813049316,2.4349419618374668e-05
/content/Dataset/Test/Fake/fake_4900.jpg,0,0,True,0.9999661445617676,3.38034333253745e-05
/content/Dataset/Test/Fake/fake_4901.jpg,0,0,True,0.9999678134918213,3.2169686164706945e-05
/content/Dataset/Test/Fake/fake_4902.jpg,0,0,True,0.9999668598175049,3.309591193101369e-05
/content/Dataset/Test/Fake/fake_4903.jpg,0,0,True,0.8972448706626892,0.10275507718324661
/content/Dataset/Test/Fake/fake_4904.jpg,0,0,True,0.9999741315841675,2.5875178835121915e-05
/content/Dataset/Test/Fake/fake_4905.jpg,0,0,True,0.9999662637710571,3.3749711292330176e-05
/content/Dataset/Test/Fake/fake_4906.jpg,0,0,True,0.9999717473983765,2.8304279112489894e-05
/content/Dataset/Test/Fake/fake_4907.jpg,0,0,True,0.999964714050293,3.52898241544608e-05
/content/Dataset/Test/Fake/fake_4908.jpg,0,0,True,0.9999754428863525,2.456867696309928e-05
/content/Dataset/Test/Fake/fake_4909.jpg,0,0,True,0.9999752044677734,2.484962715243455e-05
/content/Dataset/Test/Fake/fake_491.jpg,0,0,True,0.999976396560669,2.3577023966936395e-05
/content/Dataset/Test/Fake/fake_4910.jpg,0,0,True,0.9999464750289917,5.349296043277718e-05
/content/Dataset/Test/Fake/fake_4911.jpg,0,0,True,0.9999758005142212,2.4140979803632945e-05
/content/Dataset/Test/Fake/fake_4912.jpg,0,0,True,0.9999783039093018,2.1727755665779114e-05
/content/Dataset/Test/Fake/fake_4913.jpg,0,0,True,0.9999761581420898,2.3806209355825558e-05
/content/Dataset/Test/Fake/fake_4914.jpg,0,0,True,0.9999339580535889,6.598515756195411e-05
/content/Dataset/Test/Fake/fake_4915.jpg,0,0,True,0.9999723434448242,2.771351682895329e-05
/content/Dataset/Test/Fake/fake_4916.jpg,0,0,True,0.9999538660049438,4.6137822209857404e-05
/content/Dataset/Test/Fake/fake_4917.jpg,0,0,True,0.9999594688415527,4.0561106288805604e-05
/content/Dataset/Test/Fake/fake_4918.jpg,0,0,True,0.999976634979248,2.3383468942483887e-05
/content/Dataset/Test/Fake/fake_4919.jpg,0,0,True,0.9999105930328369,8.944029832491651e-05
/content/Dataset/Test/Fake/fake_492.jpg,0,0,True,0.9999741315841675,2.586703521956224e-05
/content/Dataset/Test/Fake/fake_4920.jpg,0,0,True,0.9999706745147705,2.93015345960157e-05
/content/Dataset/Test/Fake/fake_4921.jpg,0,1,False,0.47899895906448364,0.5210010409355164
/content/Dataset/Test/Fake/fake_4922.jpg,0,0,True,0.9999666213989258,3.3352200262015685e-05
/content/Dataset/Test/Fake/fake_4923.jpg,0,0,True,0.9999663829803467,3.361153358127922e-05
/content/Dataset/Test/Fake/fake_4924.jpg,0,0,True,0.9999737739562988,2.6232912205159664e-05
/content/Dataset/Test/Fake/fake_4925.jpg,0,0,True,0.999971866607666,2.8075286536477506e-05
/content/Dataset/Test/Fake/fake_4926.jpg,0,0,True,0.9999783039093018,2.1667126929969527e-05
/content/Dataset/Test/Fake/fake_4927.jpg,0,0,True,0.9999734163284302,2.6609190172166564e-05
/content/Dataset/Test/Fake/fake_4928.jpg,0,0,True,0.9999655485153198,3.441711305640638e-05
/content/Dataset/Test/Fake/fake_4929.jpg,0,0,True,0.9999740123748779,2.60336855717469e-05
/content/Dataset/Test/Fake/fake_493.jpg,0,0,True,0.9998378753662109,0.00016207282897084951
/content/Dataset/Test/Fake/fake_4930.jpg,0,0,True,0.9999768733978271,2.311739808646962e-05
/content/Dataset/Test/Fake/fake_4931.jpg,0,0,True,0.9999778270721436,2.214774940512143e-05
/content/Dataset/Test/Fake/fake_4932.jpg,0,0,True,0.9999661445617676,3.381069109309465e-05
/content/Dataset/Test/Fake/fake_4933.jpg,0,0,True,0.9999768733978271,2.3121277990867384e-05
/content/Dataset/Test/Fake/fake_4934.jpg,0,0,True,0.9999743700027466,2.5607701900298707e-05
/content/Dataset/Test/Fake/fake_4935.jpg,0,0,True,0.9999710321426392,2.9014574465691112e-05
/content/Dataset/Test/Fake/fake_4936.jpg,0,0,True,0.9999741315841675,2.5809353246586397e-05
/content/Dataset/Test/Fake/fake_4937.jpg,0,0,True,0.9999620914459229,3.787024979828857e-05
/content/Dataset/Test/Fake/fake_4938.jpg,0,0,True,0.9999744892120361,2.5504585210001096e-05
/content/Dataset/Test/Fake/fake_4939.jpg,0,0,True,0.9999732971191406,2.674690585990902e-05
/content/Dataset/Test/Fake/fake_494.jpg,0,0,True,0.9999603033065796,3.9737675251672044e-05
/content/Dataset/Test/Fake/fake_4940.jpg,0,0,True,0.9999724626541138,2.7489906642585993e-05
/content/Dataset/Test/Fake/fake_4941.jpg,0,0,True,0.9999697208404541,3.0263019652920775e-05
/content/Dataset/Test/Fake/fake_4942.jpg,0,0,True,0.9999762773513794,2.369341927987989e-05
/content/Dataset/Test/Fake/fake_4943.jpg,0,0,True,0.9999656677246094,3.4386997867841274e-05
/content/Dataset/Test/Fake/fake_4944.jpg,0,0,True,0.999955415725708,4.460882337298244e-05
/content/Dataset/Test/Fake/fake_4945.jpg,0,0,True,0.9999761581420898,2.3861306544858962e-05
/content/Dataset/Test/Fake/fake_4946.jpg,0,0,True,0.9999736547470093,2.6381483621662483e-05
/content/Dataset/Test/Fake/fake_4947.jpg,0,0,True,0.9999594688415527,4.052132135257125e-05
/content/Dataset/Test/Fake/fake_4948.jpg,0,0,True,0.9999685287475586,3.150242264382541e-05
/content/Dataset/Test/Fake/fake_4949.jpg,0,0,True,0.9999737739562988,2.6244373657391407e-05
/content/Dataset/Test/Fake/fake_495.jpg,0,0,True,0.9999774694442749,2.2478056052932516e-05
/content/Dataset/Test/Fake/fake_4950.jpg,0,0,True,0.9999747276306152,2.5265095246140845e-05
/content/Dataset/Test/Fake/fake_4951.jpg,0,0,True,0.9999772310256958,2.2785803594160825e-05
/content/Dataset/Test/Fake/fake_4952.jpg,0,0,True,0.9999750852584839,2.4896995455492288e-05
/content/Dataset/Test/Fake/fake_4953.jpg,0,0,True,0.9999686479568481,3.130204640910961e-05
/content/Dataset/Test/Fake/fake_4954.jpg,0,1,False,0.008689291775226593,0.991310715675354
/content/Dataset/Test/Fake/fake_4955.jpg,0,0,True,0.9999768733978271,2.3091484763426706e-05
/content/Dataset/Test/Fake/fake_4956.jpg,0,0,True,0.9999704360961914,2.9517233997466974e-05
/content/Dataset/Test/Fake/fake_4957.jpg,0,0,True,0.9999696016311646,3.0377057555597275e-05
/content/Dataset/Test/Fake/fake_4958.jpg,0,0,True,0.9989036321640015,0.0010963932145386934
/content/Dataset/Test/Fake/fake_4959.jpg,0,0,True,0.9999707937240601,2.9231285225250758e-05
/content/Dataset/Test/Fake/fake_496.jpg,0,0,True,0.999972939491272,2.7085543479188345e-05
/content/Dataset/Test/Fake/fake_4960.jpg,0,0,True,0.9999521970748901,4.78279689559713e-05
/content/Dataset/Test/Fake/fake_4961.jpg,0,0,True,0.9999679327011108,3.210835711797699e-05
/content/Dataset/Test/Fake/fake_4962.jpg,0,0,True,0.9999693632125854,3.063057374674827e-05
/content/Dataset/Test/Fake/fake_4963.jpg,0,0,True,0.9999595880508423,4.045113382744603e-05
/content/Dataset/Test/Fake/fake_4964.jpg,0,0,True,0.9999567270278931,4.3276511860312894e-05
/content/Dataset/Test/Fake/fake_4965.jpg,0,0,True,0.9999744892120361,2.5524441298330203e-05
/content/Dataset/Test/Fake/fake_4966.jpg,0,0,True,0.9999750852584839,2.4861450583557598e-05
/content/Dataset/Test/Fake/fake_4967.jpg,0,0,True,0.999974250793457,2.5769093554117717e-05
/content/Dataset/Test/Fake/fake_4968.jpg,0,0,True,0.9999754428863525,2.4606712031527422e-05
/content/Dataset/Test/Fake/fake_4969.jpg,0,0,True,0.9998898506164551,0.00011013545736204833
/content/Dataset/Test/Fake/fake_497.jpg,0,0,True,0.9999780654907227,2.1987769287079573e-05
/content/Dataset/Test/Fake/fake_4970.jpg,0,0,True,0.9999679327011108,3.210658178431913e-05
/content/Dataset/Test/Fake/fake_4971.jpg,0,0,True,0.9999774694442749,2.257405867567286e-05
/content/Dataset/Test/Fake/fake_4972.jpg,0,0,True,0.9999752044677734,2.4786881112959236e-05
/content/Dataset/Test/Fake/fake_4973.jpg,0,0,True,0.9999768733978271,2.3173772206064314e-05
/content/Dataset/Test/Fake/fake_4974.jpg,0,0,True,0.9999731779098511,2.6840549253392965e-05
/content/Dataset/Test/Fake/fake_4975.jpg,0,0,True,0.9999736547470093,2.6328450985602103e-05
/content/Dataset/Test/Fake/fake_4976.jpg,0,0,True,0.9999728202819824,2.717618008318823e-05
/content/Dataset/Test/Fake/fake_4977.jpg,0,0,True,0.9999716281890869,2.8412181563908234e-05
/content/Dataset/Test/Fake/fake_4978.jpg,0,0,True,0.9999712705612183,2.8693157219095156e-05
/content/Dataset/Test/Fake/fake_4979.jpg,0,0,True,0.9999762773513794,2.3773407519911416e-05
/content/Dataset/Test/Fake/fake_498.jpg,0,0,True,0.999976634979248,2.3357839381787926e-05
/content/Dataset/Test/Fake/fake_4980.jpg,0,0,True,0.9999790191650391,2.094770570693072e-05
/content/Dataset/Test/Fake/fake_4981.jpg,0,0,True,0.9998501539230347,0.0001498542696936056
/content/Dataset/Test/Fake/fake_4982.jpg,0,0,True,0.9999754428863525,2.456281981721986e-05
/content/Dataset/Test/Fake/fake_4983.jpg,0,0,True,0.7495076656341553,0.2504923343658447
/content/Dataset/Test/Fake/fake_4984.jpg,0,0,True,0.999976634979248,2.331190808035899e-05
/content/Dataset/Test/Fake/fake_4985.jpg,0,0,True,0.9967252612113953,0.003274810966104269
/content/Dataset/Test/Fake/fake_4986.jpg,0,1,False,2.7766105631599203e-05,0.9999722242355347
/content/Dataset/Test/Fake/fake_4987.jpg,0,0,True,0.9999688863754272,3.106681469944306e-05
/content/Dataset/Test/Fake/fake_4988.jpg,0,0,True,0.9999710321426392,2.89176132355351e-05
/content/Dataset/Test/Fake/fake_4989.jpg,0,0,True,0.9999746084213257,2.5361243388033472e-05
/content/Dataset/Test/Fake/fake_499.jpg,0,0,True,0.9999780654907227,2.190610030083917e-05
/content/Dataset/Test/Fake/fake_4990.jpg,0,0,True,0.999972939491272,2.7090041839983314e-05
/content/Dataset/Test/Fake/fake_4991.jpg,0,0,True,0.9999749660491943,2.5034632926690392e-05
/content/Dataset/Test/Fake/fake_4992.jpg,0,0,True,0.9999493360519409,5.066220182925463e-05
/content/Dataset/Test/Fake/fake_4993.jpg,0,0,True,0.9999735355377197,2.6492059987504035e-05
/content/Dataset/Test/Fake/fake_4994.jpg,0,0,True,0.9999761581420898,2.38358807109762e-05
/content/Dataset/Test/Fake/fake_4995.jpg,0,0,True,0.9999779462814331,2.2058064132579602e-05
/content/Dataset/Test/Fake/fake_4996.jpg,0,0,True,0.9999730587005615,2.6996271117241122e-05
/content/Dataset/Test/Fake/fake_4997.jpg,0,0,True,0.9999755620956421,2.4434046281385235e-05
/content/Dataset/Test/Fake/fake_4998.jpg,0,0,True,0.9999561309814453,4.3879881559405476e-05
/content/Dataset/Test/Fake/fake_4999.jpg,0,0,True,0.9999778270721436,2.2188934963196516e-05
/content/Dataset/Test/Fake/fake_5.jpg,0,0,True,0.9999750852584839,2.496551678632386e-05
/content/Dataset/Test/Fake/fake_50.jpg,0,0,True,0.9999769926071167,2.3040938685880974e-05
/content/Dataset/Test/Fake/fake_500.jpg,0,0,True,0.999976634979248,2.3344387955148704e-05
/content/Dataset/Test/Fake/fake_5000.jpg,0,0,True,0.9972473978996277,0.0027526060584932566
/content/Dataset/Test/Fake/fake_5001.jpg,0,0,True,0.9999748468399048,2.5202049073413946e-05
/content/Dataset/Test/Fake/fake_5002.jpg,0,0,True,0.9999382495880127,6.172106805024669e-05
/content/Dataset/Test/Fake/fake_5003.jpg,0,0,True,0.9998947381973267,0.00010522527736611664
/content/Dataset/Test/Fake/fake_5004.jpg,0,0,True,0.9999727010726929,2.735564521572087e-05
/content/Dataset/Test/Fake/fake_5005.jpg,0,0,True,0.9999750852584839,2.4905211830628105e-05
/content/Dataset/Test/Fake/fake_5006.jpg,0,0,True,0.9999759197235107,2.4078097339952365e-05
/content/Dataset/Test/Fake/fake_5007.jpg,0,0,True,0.9999769926071167,2.3020818844088353e-05
/content/Dataset/Test/Fake/fake_5008.jpg,0,0,True,0.9999743700027466,2.568729360064026e-05
/content/Dataset/Test/Fake/fake_5009.jpg,0,0,True,0.9999760389328003,2.3996310119400732e-05
/content/Dataset/Test/Fake/fake_501.jpg,0,0,True,0.9999773502349854,2.261102963529993e-05
/content/Dataset/Test/Fake/fake_5010.jpg,0,0,True,0.9999722242355347,2.7741540179704316e-05
/content/Dataset/Test/Fake/fake_5011.jpg,0,1,False,0.0049532996490597725,0.9950467348098755
/content/Dataset/Test/Fake/fake_5012.jpg,0,0,True,0.9999774694442749,2.2542350052390248e-05
/content/Dataset/Test/Fake/fake_5013.jpg,0,0,True,0.9999734163284302,2.6525223802309483e-05
/content/Dataset/Test/Fake/fake_5014.jpg,0,0,True,0.9999758005142212,2.415056042082142e-05
/content/Dataset/Test/Fake/fake_5015.jpg,0,0,True,0.9999673366546631,3.2632480724714696e-05
/content/Dataset/Test/Fake/fake_5016.jpg,0,0,True,0.9999756813049316,2.4346125428564847e-05
/content/Dataset/Test/Fake/fake_5017.jpg,0,0,True,0.9999631643295288,3.686672789626755e-05
/content/Dataset/Test/Fake/fake_5018.jpg,0,0,True,0.9999759197235107,2.4057741029537283e-05
/content/Dataset/Test/Fake/fake_5019.jpg,0,0,True,0.9836940169334412,0.016306042671203613
/content/Dataset/Test/Fake/fake_502.jpg,0,0,True,0.9999775886535645,2.2396039639716037e-05
/content/Dataset/Test/Fake/fake_5020.jpg,0,0,True,0.9999208450317383,7.915939931990579e-05
/content/Dataset/Test/Fake/fake_5021.jpg,0,0,True,0.9999758005142212,2.4148188458639197e-05
/content/Dataset/Test/Fake/fake_5022.jpg,0,0,True,0.9998577833175659,0.0001421661872882396
/content/Dataset/Test/Fake/fake_5023.jpg,0,0,True,0.9999709129333496,2.909270733653102e-05
/content/Dataset/Test/Fake/fake_5024.jpg,0,0,True,0.9999744892120361,2.5513489163131453e-05
/content/Dataset/Test/Fake/fake_5025.jpg,0,0,True,0.9999780654907227,2.1984144041198306e-05
/content/Dataset/Test/Fake/fake_5026.jpg,0,0,True,0.9999756813049316,2.4339275114471093e-05
/content/Dataset/Test/Fake/fake_5027.jpg,0,0,True,0.9999176263809204,8.238050213549286e-05
/content/Dataset/Test/Fake/fake_5028.jpg,0,0,True,0.9999415874481201,5.83515502512455e-05
/content/Dataset/Test/Fake/fake_5029.jpg,0,0,True,0.9999532699584961,4.6683075197506696e-05
/content/Dataset/Test/Fake/fake_503.jpg,0,0,True,0.9999723434448242,2.7617477826424874e-05
/content/Dataset/Test/Fake/fake_5030.jpg,0,0,True,0.9999719858169556,2.8007740183966234e-05
/content/Dataset/Test/Fake/fake_5031.jpg,0,0,True,0.9999765157699585,2.344766653550323e-05
/content/Dataset/Test/Fake/fake_5032.jpg,0,0,True,0.9999747276306152,2.524351657484658e-05
/content/Dataset/Test/Fake/fake_5033.jpg,0,0,True,0.9998936653137207,0.00010632580961100757
/content/Dataset/Test/Fake/fake_5034.jpg,0,0,True,0.9998526573181152,0.0001472804433433339
/content/Dataset/Test/Fake/fake_5035.jpg,0,0,True,0.9999755620956421,2.4471495635225438e-05
/content/Dataset/Test/Fake/fake_5036.jpg,0,0,True,0.999976396560669,2.357668745389674e-05
/content/Dataset/Test/Fake/fake_5037.jpg,0,0,True,0.9999576807022095,4.2328352719778195e-05
/content/Dataset/Test/Fake/fake_5038.jpg,0,0,True,0.9996360540390015,0.00036396877840161324
/content/Dataset/Test/Fake/fake_5039.jpg,0,0,True,0.9999697208404541,3.0239103580242954e-05
/content/Dataset/Test/Fake/fake_504.jpg,0,0,True,0.9999779462814331,2.2099206034909002e-05
/content/Dataset/Test/Fake/fake_5040.jpg,0,0,True,0.9999548196792603,4.51919186161831e-05
/content/Dataset/Test/Fake/fake_5041.jpg,0,0,True,0.9999722242355347,2.7801688702311367e-05
/content/Dataset/Test/Fake/fake_5042.jpg,0,0,True,0.9999735355377197,2.6435149266035296e-05
/content/Dataset/Test/Fake/fake_5043.jpg,0,0,True,0.9999494552612305,5.0505041144788265e-05
/content/Dataset/Test/Fake/fake_5044.jpg,0,0,True,0.9999502897262573,4.9710317398421466e-05
/content/Dataset/Test/Fake/fake_5045.jpg,0,0,True,0.9998070597648621,0.00019293131481390446
/content/Dataset/Test/Fake/fake_5046.jpg,0,1,False,0.23482440412044525,0.7651756405830383
/content/Dataset/Test/Fake/fake_5047.jpg,0,0,True,0.9998249411582947,0.00017512448539491743
/content/Dataset/Test/Fake/fake_5048.jpg,0,1,False,0.003325900062918663,0.9966740608215332
/content/Dataset/Test/Fake/fake_5049.jpg,0,0,True,0.9999767541885376,2.3301861801883206e-05
/content/Dataset/Test/Fake/fake_505.jpg,0,0,True,0.999977707862854,2.23095812543761e-05
/content/Dataset/Test/Fake/fake_5050.jpg,0,0,True,0.9999796152114868,2.037536251009442e-05
/content/Dataset/Test/Fake/fake_5051.jpg,0,0,True,0.999964714050293,3.531298352754675e-05
/content/Dataset/Test/Fake/fake_5052.jpg,0,1,False,0.12061629444360733,0.8793836832046509
/content/Dataset/Test/Fake/fake_5053.jpg,0,0,True,0.8968402743339539,0.10315968841314316
/content/Dataset/Test/Fake/fake_5054.jpg,0,0,True,0.9999728202819824,2.7218404284212738e-05
/content/Dataset/Test/Fake/fake_5055.jpg,0,0,True,0.9510462284088135,0.048953745514154434
/content/Dataset/Test/Fake/fake_5056.jpg,0,0,True,0.9999780654907227,2.1982066755299456e-05
/content/Dataset/Test/Fake/fake_5057.jpg,0,0,True,0.9999598264694214,4.019863627036102e-05
/content/Dataset/Test/Fake/fake_5058.jpg,0,0,True,0.9999560117721558,4.393841663841158e-05
/content/Dataset/Test/Fake/fake_5059.jpg,0,0,True,0.9999632835388184,3.674591425806284e-05
/content/Dataset/Test/Fake/fake_506.jpg,0,0,True,0.9999783039093018,2.1694253518944606e-05
/content/Dataset/Test/Fake/fake_5060.jpg,0,0,True,0.9999582767486572,4.170780084677972e-05
/content/Dataset/Test/Fake/fake_5061.jpg,0,0,True,0.9999061822891235,9.386191959492862e-05
/content/Dataset/Test/Fake/fake_5062.jpg,0,0,True,0.9999774694442749,2.254136052215472e-05
/content/Dataset/Test/Fake/fake_5063.jpg,0,0,True,0.9998457431793213,0.0001542489044368267
/content/Dataset/Test/Fake/fake_5064.jpg,0,0,True,0.9999682903289795,3.1699120881967247e-05
/content/Dataset/Test/Fake/fake_5065.jpg,0,0,True,0.9999731779098511,2.6852379960473627e-05
/content/Dataset/Test/Fake/fake_5066.jpg,0,0,True,0.9999731779098511,2.6869978682952933e-05
/content/Dataset/Test/Fake/fake_5067.jpg,0,0,True,0.9999762773513794,2.3744178179185838e-05
/content/Dataset/Test/Fake/fake_5068.jpg,0,0,True,0.9999734163284302,2.655536991369445e-05
/content/Dataset/Test/Fake/fake_5069.jpg,0,0,True,0.9999786615371704,2.131384826498106e-05
/content/Dataset/Test/Fake/fake_507.jpg,0,0,True,0.9999502897262573,4.97433211421594e-05
/content/Dataset/Test/Fake/fake_5070.jpg,0,0,True,0.9999768733978271,2.3068529117153957e-05
/content/Dataset/Test/Fake/fake_5071.jpg,0,0,True,0.9999735355377197,2.64248410530854e-05
/content/Dataset/Test/Fake/fake_5072.jpg,0,0,True,0.999977707862854,2.2261461708694696e-05
/content/Dataset/Test/Fake/fake_5073.jpg,0,0,True,0.9999127388000488,8.725236693862826e-05
/content/Dataset/Test/Fake/fake_5074.jpg,0,0,True,0.9999548196792603,4.515262844506651e-05
/content/Dataset/Test/Fake/fake_5075.jpg,0,0,True,0.9999744892120361,2.5558860215824097e-05
/content/Dataset/Test/Fake/fake_5076.jpg,0,0,True,0.9999649524688721,3.4987966500921175e-05
/content/Dataset/Test/Fake/fake_5077.jpg,0,0,True,0.9999690055847168,3.099946115980856e-05
/content/Dataset/Test/Fake/fake_5078.jpg,0,0,True,0.9999679327011108,3.204271342838183e-05
/content/Dataset/Test/Fake/fake_5079.jpg,0,0,True,0.999954104423523,4.592983168549836e-05
/content/Dataset/Test/Fake/fake_508.jpg,0,0,True,0.9999768733978271,2.3154376322054304e-05
/content/Dataset/Test/Fake/fake_5080.jpg,0,0,True,0.9999759197235107,2.4099277652567253e-05
/content/Dataset/Test/Fake/fake_5081.jpg,0,0,True,0.9999758005142212,2.422638499410823e-05
/content/Dataset/Test/Fake/fake_5082.jpg,0,0,True,0.9999783039093018,2.164928082493134e-05
/content/Dataset/Test/Fake/fake_5083.jpg,0,0,True,0.9999550580978394,4.4882515794597566e-05
/content/Dataset/Test/Fake/fake_5084.jpg,0,0,True,0.9999760389328003,2.4010685592656955e-05
/content/Dataset/Test/Fake/fake_5085.jpg,0,0,True,0.9999655485153198,3.4471446269890293e-05
/content/Dataset/Test/Fake/fake_5086.jpg,0,0,True,0.9999740123748779,2.6019835786428303e-05
/content/Dataset/Test/Fake/fake_5087.jpg,0,0,True,0.9999314546585083,6.85874983901158e-05
/content/Dataset/Test/Fake/fake_5088.jpg,0,0,True,0.9999749660491943,2.50719313044101e-05
/content/Dataset/Test/Fake/fake_5089.jpg,0,0,True,0.9946356415748596,0.005364364478737116
/content/Dataset/Test/Fake/fake_509.jpg,0,0,True,0.9999774694442749,2.2567428459296934e-05
/content/Dataset/Test/Fake/fake_5090.jpg,0,0,True,0.9999644756317139,3.5570159525377676e-05
/content/Dataset/Test/Fake/fake_5091.jpg,0,0,True,0.9735985398292542,0.026401473209261894
/content/Dataset/Test/Fake/fake_5092.jpg,0,0,True,0.9999731779098511,2.6822688596439548e-05
/content/Dataset/Test/Fake/fake_5093.jpg,0,0,True,0.9999692440032959,3.073189873248339e-05
/content/Dataset/Test/Fake/fake_5094.jpg,0,0,True,0.9999493360519409,5.070682163932361e-05
/content/Dataset/Test/Fake/fake_5095.jpg,0,0,True,0.9999781847000122,2.1852561985724606e-05
/content/Dataset/Test/Fake/fake_5096.jpg,0,0,True,0.9999727010726929,2.7282567316433415e-05
/content/Dataset/Test/Fake/fake_5097.jpg,0,0,True,0.9999728202819824,2.71226090262644e-05
/content/Dataset/Test/Fake/fake_5098.jpg,0,0,True,0.9999785423278809,2.149478495994117e-05
/content/Dataset/Test/Fake/fake_5099.jpg,0,0,True,0.9999663829803467,3.366237797308713e-05
/content/Dataset/Test/Fake/fake_51.jpg,0,0,True,0.999976396560669,2.3583635993418284e-05
/content/Dataset/Test/Fake/fake_510.jpg,0,0,True,0.9999548196792603,4.5150045480113477e-05
/content/Dataset/Test/Fake/fake_5100.jpg,0,0,True,0.9999750852584839,2.494440741429571e-05
/content/Dataset/Test/Fake/fake_5101.jpg,0,0,True,0.9999698400497437,3.0162551411194727e-05
/content/Dataset/Test/Fake/fake_5102.jpg,0,0,True,0.9999473094940186,5.2684572438010946e-05
/content/Dataset/Test/Fake/fake_5103.jpg,0,0,True,0.9999775886535645,2.238335582660511e-05
/content/Dataset/Test/Fake/fake_5104.jpg,0,0,True,0.9999769926071167,2.2972044462221675e-05
/content/Dataset/Test/Fake/fake_5105.jpg,0,0,True,0.9999407529830933,5.9211648476775736e-05
/content/Dataset/Test/Fake/fake_5106.jpg,0,0,True,0.9999716281890869,2.8410044251359068e-05
/content/Dataset/Test/Fake/fake_5107.jpg,0,0,True,0.9999727010726929,2.7313284590491094e-05
/content/Dataset/Test/Fake/fake_5108.jpg,0,0,True,0.9999781847000122,2.1787636796943843e-05
/content/Dataset/Test/Fake/fake_5109.jpg,0,0,True,0.9999781847000122,2.1816369553562254e-05
/content/Dataset/Test/Fake/fake_511.jpg,0,0,True,0.9999758005142212,2.422102443233598e-05
/content/Dataset/Test/Fake/fake_5110.jpg,0,0,True,0.9999703168869019,2.9641718356288038e-05
/content/Dataset/Test/Fake/fake_5111.jpg,0,0,True,0.999976634979248,2.335423050681129e-05
/content/Dataset/Test/Fake/fake_5112.jpg,0,0,True,0.9999758005142212,2.415611015749164e-05
/content/Dataset/Test/Fake/fake_5113.jpg,0,0,True,0.9999638795852661,3.6128112697042525e-05
/content/Dataset/Test/Fake/fake_5114.jpg,0,0,True,0.9999376535415649,6.229909922694787e-05
/content/Dataset/Test/Fake/fake_5115.jpg,0,1,False,0.0016402495093643665,0.998359739780426
/content/Dataset/Test/Fake/fake_5116.jpg,0,0,True,0.9999681711196899,3.187998663634062e-05
/content/Dataset/Test/Fake/fake_5117.jpg,0,0,True,0.9999744892120361,2.549500459281262e-05
/content/Dataset/Test/Fake/fake_5118.jpg,0,0,True,0.9999668598175049,3.312413900857791e-05
/content/Dataset/Test/Fake/fake_5119.jpg,0,0,True,0.9999756813049316,2.4366516299778596e-05
/content/Dataset/Test/Fake/fake_512.jpg,0,0,True,0.9999791383743286,2.080402737192344e-05
/content/Dataset/Test/Fake/fake_5120.jpg,0,0,True,0.9999767541885376,2.3287886506295763e-05
/content/Dataset/Test/Fake/fake_5121.jpg,0,0,True,0.9999700784683228,2.9966357033117674e-05
/content/Dataset/Test/Fake/fake_5122.jpg,0,0,True,0.9999215602874756,7.84300355007872e-05
/content/Dataset/Test/Fake/fake_5123.jpg,0,0,True,0.9999746084213257,2.5376946723554283e-05
/content/Dataset/Test/Fake/fake_5124.jpg,0,0,True,0.9999754428863525,2.4606662918813527e-05
/content/Dataset/Test/Fake/fake_5125.jpg,0,0,True,0.9999635219573975,3.650234066299163e-05
/content/Dataset/Test/Fake/fake_5126.jpg,0,0,True,0.9999741315841675,2.590792064438574e-05
/content/Dataset/Test/Fake/fake_5127.jpg,0,0,True,0.9999687671661377,3.129071046714671e-05
/content/Dataset/Test/Fake/fake_5128.jpg,0,0,True,0.999964714050293,3.533151175361127e-05
/content/Dataset/Test/Fake/fake_5129.jpg,0,0,True,0.9999737739562988,2.620965642563533e-05
/content/Dataset/Test/Fake/fake_513.jpg,0,0,True,0.9999713897705078,2.8583175662788562e-05
/content/Dataset/Test/Fake/fake_5130.jpg,0,0,True,0.9999587535858154,4.122407335671596e-05
/content/Dataset/Test/Fake/fake_5131.jpg,0,0,True,0.999970555305481,2.9385313609964214e-05
/content/Dataset/Test/Fake/fake_5132.jpg,0,0,True,0.9988377690315247,0.0011622387683019042
/content/Dataset/Test/Fake/fake_5133.jpg,0,0,True,0.9999772310256958,2.2822143364464864e-05
/content/Dataset/Test/Fake/fake_5134.jpg,0,0,True,0.9999752044677734,2.4846453015925363e-05
/content/Dataset/Test/Fake/fake_5135.jpg,0,0,True,0.9999735355377197,2.640813727339264e-05
/content/Dataset/Test/Fake/fake_5136.jpg,0,0,True,0.9999711513519287,2.8826478228438646e-05
/content/Dataset/Test/Fake/fake_5137.jpg,0,0,True,0.9999746084213257,2.535323983465787e-05
/content/Dataset/Test/Fake/fake_5138.jpg,0,0,True,0.9929118752479553,0.007088114507496357
/content/Dataset/Test/Fake/fake_5139.jpg,0,0,True,0.9999703168869019,2.9718055884586647e-05
/content/Dataset/Test/Fake/fake_514.jpg,0,0,True,0.9999741315841675,2.5838486180873588e-05
/content/Dataset/Test/Fake/fake_5140.jpg,0,0,True,0.9998594522476196,0.00014049591845832765
/content/Dataset/Test/Fake/fake_5141.jpg,0,0,True,0.9999767541885376,2.3191769287222996e-05
/content/Dataset/Test/Fake/fake_5142.jpg,0,0,True,0.8276718258857727,0.1723281890153885
/content/Dataset/Test/Fake/fake_5143.jpg,0,0,True,0.9999725818634033,2.7404863431002013e-05
/content/Dataset/Test/Fake/fake_5144.jpg,0,0,True,0.9999768733978271,2.3125843654270284e-05
/content/Dataset/Test/Fake/fake_5145.jpg,0,0,True,0.9999749660491943,2.5016901417984627e-05
/content/Dataset/Test/Fake/fake_5146.jpg,0,0,True,0.9999734163284302,2.663422310433816e-05
/content/Dataset/Test/Fake/fake_5147.jpg,0,0,True,0.9999727010726929,2.726316415646579e-05
/content/Dataset/Test/Fake/fake_5148.jpg,0,0,True,0.9999784231185913,2.1615822333842516e-05
/content/Dataset/Test/Fake/fake_5149.jpg,0,0,True,0.9999736547470093,2.6387220714241266e-05
/content/Dataset/Test/Fake/fake_515.jpg,0,0,True,0.9999761581420898,2.384088293183595e-05
/content/Dataset/Test/Fake/fake_5150.jpg,0,0,True,0.9999704360961914,2.9553542844951153e-05
/content/Dataset/Test/Fake/fake_5151.jpg,0,0,True,0.9999771118164062,2.2884210920892656e-05
/content/Dataset/Test/Fake/fake_5152.jpg,0,0,True,0.9999642372131348,3.578648102120496e-05
/content/Dataset/Test/Fake/fake_5153.jpg,0,0,True,0.9999703168869019,2.9652290322701447e-05
/content/Dataset/Test/Fake/fake_5154.jpg,0,1,False,0.430919885635376,0.5690801739692688
/content/Dataset/Test/Fake/fake_5155.jpg,0,0,True,0.999977707862854,2.223816409241408e-05
/content/Dataset/Test/Fake/fake_5156.jpg,0,0,True,0.9999674558639526,3.249655492254533e-05
/content/Dataset/Test/Fake/fake_5157.jpg,0,0,True,0.9999793767929077,2.0678173314081505e-05
/content/Dataset/Test/Fake/fake_5158.jpg,0,0,True,0.9999765157699585,2.354217940592207e-05
/content/Dataset/Test/Fake/fake_5159.jpg,0,0,True,0.9999738931655884,2.609095099614933e-05
/content/Dataset/Test/Fake/fake_516.jpg,0,0,True,0.999402642250061,0.0005974034429527819
/content/Dataset/Test/Fake/fake_5160.jpg,0,0,True,0.9999637603759766,3.619580456870608e-05
/content/Dataset/Test/Fake/fake_5161.jpg,0,0,True,0.9918964505195618,0.008103586733341217
/content/Dataset/Test/Fake/fake_5162.jpg,0,0,True,0.9989546537399292,0.0010453620925545692
/content/Dataset/Test/Fake/fake_5163.jpg,0,0,True,0.9189154505729675,0.08108452707529068
/content/Dataset/Test/Fake/fake_5164.jpg,0,0,True,0.9999724626541138,2.749669693002943e-05
/content/Dataset/Test/Fake/fake_5165.jpg,0,0,True,0.9999661445617676,3.389304765732959e-05
/content/Dataset/Test/Fake/fake_5166.jpg,0,0,True,0.9999773502349854,2.2665610231342725e-05
/content/Dataset/Test/Fake/fake_5167.jpg,0,0,True,0.9999775886535645,2.2452155462815426e-05
/content/Dataset/Test/Fake/fake_5168.jpg,0,0,True,0.9999775886535645,2.239984314655885e-05
/content/Dataset/Test/Fake/fake_5169.jpg,0,0,True,0.9999719858169556,2.799940739350859e-05
/content/Dataset/Test/Fake/fake_517.jpg,0,0,True,0.9999489784240723,5.0979982916032895e-05
/content/Dataset/Test/Fake/fake_5170.jpg,0,0,True,0.9999628067016602,3.718681546160951e-05
/content/Dataset/Test/Fake/fake_5171.jpg,0,0,True,0.9999741315841675,2.5919982363120653e-05
/content/Dataset/Test/Fake/fake_5172.jpg,0,0,True,0.9999774694442749,2.2579053620574996e-05
/content/Dataset/Test/Fake/fake_5173.jpg,0,0,True,0.9856956601142883,0.014304392971098423
/content/Dataset/Test/Fake/fake_5174.jpg,0,0,True,0.999977707862854,2.229579877166543e-05
/content/Dataset/Test/Fake/fake_5175.jpg,0,0,True,0.9999727010726929,2.7311592930345796e-05
/content/Dataset/Test/Fake/fake_5176.jpg,0,0,True,0.9999736547470093,2.6311881811125204e-05
/content/Dataset/Test/Fake/fake_5177.jpg,0,0,True,0.9999752044677734,2.4789862436591648e-05
/content/Dataset/Test/Fake/fake_5178.jpg,0,0,True,0.9999774694442749,2.2520387574331835e-05
/content/Dataset/Test/Fake/fake_5179.jpg,0,0,True,0.9999754428863525,2.454530658724252e-05
/content/Dataset/Test/Fake/fake_518.jpg,0,0,True,0.9999734163284302,2.6534939024713822e-05
/content/Dataset/Test/Fake/fake_5180.jpg,0,0,True,0.9643634557723999,0.0356365442276001
/content/Dataset/Test/Fake/fake_5181.jpg,0,0,True,0.9999781847000122,2.1874226149520837e-05
/content/Dataset/Test/Fake/fake_5182.jpg,0,0,True,0.9999725818634033,2.7413934731157497e-05
/content/Dataset/Test/Fake/fake_5183.jpg,0,0,True,0.9999765157699585,2.349895476072561e-05
/content/Dataset/Test/Fake/fake_5184.jpg,0,0,True,0.9999599456787109,4.003924550488591e-05
/content/Dataset/Test/Fake/fake_5185.jpg,0,0,True,0.9999752044677734,2.4816969016683288e-05
/content/Dataset/Test/Fake/fake_5186.jpg,0,0,True,0.9999734163284302,2.652724833751563e-05
/content/Dataset/Test/Fake/fake_5187.jpg,0,0,True,0.9999778270721436,2.2118769265944138e-05
/content/Dataset/Test/Fake/fake_5188.jpg,0,0,True,0.9999775886535645,2.2358055502991192e-05
/content/Dataset/Test/Fake/fake_5189.jpg,0,0,True,0.9999687671661377,3.118608583463356e-05
/content/Dataset/Test/Fake/fake_519.jpg,0,0,True,0.9999781847000122,2.1837227905052714e-05
/content/Dataset/Test/Fake/fake_5190.jpg,0,0,True,0.9999736547470093,2.6324532882426865e-05
/content/Dataset/Test/Fake/fake_5191.jpg,0,0,True,0.9999772310256958,2.280380249430891e-05
/content/Dataset/Test/Fake/fake_5192.jpg,0,0,True,0.9999780654907227,2.1901798390899785e-05
/content/Dataset/Test/Fake/fake_5193.jpg,0,0,True,0.9999785423278809,2.146285078197252e-05
/content/Dataset/Test/Fake/fake_5194.jpg,0,0,True,0.9999743700027466,2.5596200430300087e-05
/content/Dataset/Test/Fake/fake_5195.jpg,0,0,True,0.9999748468399048,2.5181243472616188e-05
/content/Dataset/Test/Fake/fake_5196.jpg,0,0,True,0.9999523162841797,4.769970109919086e-05
/content/Dataset/Test/Fake/fake_5197.jpg,0,0,True,0.9999383687973022,6.157685857033357e-05
/content/Dataset/Test/Fake/fake_5198.jpg,0,0,True,0.9999768733978271,2.309016235813033e-05
/content/Dataset/Test/Fake/fake_5199.jpg,0,0,True,0.9999682903289795,3.1666000722907484e-05
/content/Dataset/Test/Fake/fake_52.jpg,0,0,True,0.9999663829803467,3.356444722157903e-05
/content/Dataset/Test/Fake/fake_520.jpg,0,0,True,0.999977707862854,2.224961826868821e-05
/content/Dataset/Test/Fake/fake_5200.jpg,0,0,True,0.9999450445175171,5.4933469073148444e-05
/content/Dataset/Test/Fake/fake_5201.jpg,0,0,True,0.9999734163284302,2.656877040863037e-05
/content/Dataset/Test/Fake/fake_5202.jpg,0,0,True,0.9999781847000122,2.1765394194517285e-05
/content/Dataset/Test/Fake/fake_5203.jpg,0,0,True,0.9999784231185913,2.1579775420832448e-05
/content/Dataset/Test/Fake/fake_5204.jpg,0,0,True,0.99986732006073,0.00013261433923617005
/content/Dataset/Test/Fake/fake_5205.jpg,0,0,True,0.9989994168281555,0.001000593532808125
/content/Dataset/Test/Fake/fake_5206.jpg,0,0,True,0.9999709129333496,2.9144192012608983e-05
/content/Dataset/Test/Fake/fake_5207.jpg,0,0,True,0.9999743700027466,2.568023955973331e-05
/content/Dataset/Test/Fake/fake_5208.jpg,0,0,True,0.9999769926071167,2.3036192942527123e-05
/content/Dataset/Test/Fake/fake_5209.jpg,0,0,True,0.9999784231185913,2.154898720618803e-05
/content/Dataset/Test/Fake/fake_521.jpg,0,0,True,0.9999767541885376,2.3186858015833423e-05
/content/Dataset/Test/Fake/fake_5210.jpg,0,0,True,0.9999767541885376,2.319258601346519e-05
/content/Dataset/Test/Fake/fake_5211.jpg,0,0,True,0.9999583959579468,4.155693022767082e-05
/content/Dataset/Test/Fake/fake_5212.jpg,0,0,True,0.9999738931655884,2.610060437291395e-05
/content/Dataset/Test/Fake/fake_5213.jpg,0,0,True,0.9999790191650391,2.100620258715935e-05
/content/Dataset/Test/Fake/fake_5214.jpg,0,0,True,0.9999303817749023,6.958039739402011e-05
/content/Dataset/Test/Fake/fake_5215.jpg,0,0,True,0.99993896484375,6.100728205638006e-05
/content/Dataset/Test/Fake/fake_5216.jpg,0,0,True,0.999976634979248,2.3316908482229337e-05
/content/Dataset/Test/Fake/fake_5217.jpg,0,0,True,0.9999765157699585,2.3464916012017056e-05
/content/Dataset/Test/Fake/fake_5218.jpg,0,0,True,0.999953031539917,4.693304799729958e-05
/content/Dataset/Test/Fake/fake_5219.jpg,0,0,True,0.9999724626541138,2.758636765065603e-05
/content/Dataset/Test/Fake/fake_522.jpg,0,0,True,0.9999692440032959,3.075028143939562e-05
/content/Dataset/Test/Fake/fake_5220.jpg,0,0,True,0.9999746084213257,2.538609624025412e-05
/content/Dataset/Test/Fake/fake_5221.jpg,0,0,True,0.9999728202819824,2.716931157920044e-05
/content/Dataset/Test/Fake/fake_5222.jpg,0,0,True,0.9999665021896362,3.3525164326420054e-05
/content/Dataset/Test/Fake/fake_5223.jpg,0,0,True,0.9999594688415527,4.0476905269315466e-05
/content/Dataset/Test/Fake/fake_5224.jpg,0,0,True,0.9999674558639526,3.259932782384567e-05
/content/Dataset/Test/Fake/fake_5225.jpg,0,0,True,0.9999678134918213,3.2236759579973295e-05
/content/Dataset/Test/Fake/fake_5226.jpg,0,0,True,0.999977707862854,2.2280621124082245e-05
/content/Dataset/Test/Fake/fake_5227.jpg,0,0,True,0.9999370574951172,6.291805766522884e-05
/content/Dataset/Test/Fake/fake_5228.jpg,0,0,True,0.9999788999557495,2.105899329762906e-05
/content/Dataset/Test/Fake/fake_5229.jpg,0,0,True,0.9999783039093018,2.170694097003434e-05
/content/Dataset/Test/Fake/fake_523.jpg,0,0,True,0.9999662637710571,3.373033905518241e-05
/content/Dataset/Test/Fake/fake_5230.jpg,0,0,True,0.9999632835388184,3.668044519145042e-05
/content/Dataset/Test/Fake/fake_5231.jpg,0,0,True,0.9999730587005615,2.6904104743152857e-05
/content/Dataset/Test/Fake/fake_5232.jpg,0,0,True,0.9999765157699585,2.3494181732530706e-05
/content/Dataset/Test/Fake/fake_5233.jpg,0,0,True,0.9999696016311646,3.038945942535065e-05
/content/Dataset/Test/Fake/fake_5234.jpg,0,0,True,0.9999758005142212,2.4185430447687395e-05
/content/Dataset/Test/Fake/fake_5235.jpg,0,0,True,0.9996663331985474,0.0003336246300023049
/content/Dataset/Test/Fake/fake_5236.jpg,0,0,True,0.9999768733978271,2.3145194063545205e-05
/content/Dataset/Test/Fake/fake_5237.jpg,0,0,True,0.9999771118164062,2.287605093442835e-05
/content/Dataset/Test/Fake/fake_5238.jpg,0,0,True,0.9999768733978271,2.3141485144151375e-05
/content/Dataset/Test/Fake/fake_5239.jpg,0,0,True,0.9999493360519409,5.065901859779842e-05
/content/Dataset/Test/Fake/fake_524.jpg,0,0,True,0.9999790191650391,2.1020552594563924e-05
/content/Dataset/Test/Fake/fake_5240.jpg,0,0,True,0.9999610185623169,3.903676770278253e-05
/content/Dataset/Test/Fake/fake_5241.jpg,0,0,True,0.9881623387336731,0.011837604455649853
/content/Dataset/Test/Fake/fake_5242.jpg,0,0,True,0.9999772310256958,2.276414852531161e-05
/content/Dataset/Test/Fake/fake_5243.jpg,0,0,True,0.9539167881011963,0.0460832454264164
/content/Dataset/Test/Fake/fake_5244.jpg,0,0,True,0.9998356103897095,0.0001643073046579957
/content/Dataset/Test/Fake/fake_5245.jpg,0,0,True,0.999976634979248,2.3394979507429525e-05
/content/Dataset/Test/Fake/fake_5246.jpg,0,0,True,0.9604604840278625,0.03953952342271805
/content/Dataset/Test/Fake/fake_5247.jpg,0,0,True,0.9999620914459229,3.7902802432654426e-05
/content/Dataset/Test/Fake/fake_5248.jpg,0,0,True,0.9999716281890869,2.8426087737898342e-05
/content/Dataset/Test/Fake/fake_5249.jpg,0,0,True,0.9999738931655884,2.613846845633816e-05
/content/Dataset/Test/Fake/fake_525.jpg,0,0,True,0.9999783039093018,2.171453888877295e-05
/content/Dataset/Test/Fake/fake_5250.jpg,0,0,True,0.9999725818634033,2.7372028853278607e-05
/content/Dataset/Test/Fake/fake_5251.jpg,0,0,True,0.9999784231185913,2.1623696738970466e-05
/content/Dataset/Test/Fake/fake_5252.jpg,0,0,True,0.9999759197235107,2.4097555069602095e-05
/content/Dataset/Test/Fake/fake_5253.jpg,0,0,True,0.9999744892120361,2.5481052944087423e-05
/content/Dataset/Test/Fake/fake_5254.jpg,0,0,True,0.9999743700027466,2.5675781216705218e-05
/content/Dataset/Test/Fake/fake_5255.jpg,0,0,True,0.9999693632125854,3.067442594328895e-05
/content/Dataset/Test/Fake/fake_5256.jpg,0,0,True,0.9999780654907227,2.192744068452157e-05
/content/Dataset/Test/Fake/fake_5257.jpg,0,0,True,0.9999397993087769,6.013979509589262e-05
/content/Dataset/Test/Fake/fake_5258.jpg,0,0,True,0.9999518394470215,4.818372326553799e-05
/content/Dataset/Test/Fake/fake_5259.jpg,0,0,True,0.9999779462814331,2.2067908503231592e-05
/content/Dataset/Test/Fake/fake_526.jpg,0,0,True,0.9999717473983765,2.8210713935550302e-05
/content/Dataset/Test/Fake/fake_5260.jpg,0,0,True,0.9625681042671204,0.037431925535202026
/content/Dataset/Test/Fake/fake_5261.jpg,0,0,True,0.9999779462814331,2.2092526705819182e-05
/content/Dataset/Test/Fake/fake_5262.jpg,0,0,True,0.999956488609314,4.346991772763431e-05
/content/Dataset/Test/Fake/fake_5263.jpg,0,0,True,0.9999672174453735,3.278579970356077e-05
/content/Dataset/Test/Fake/fake_5264.jpg,0,0,True,0.9999773502349854,2.2614587578573264e-05
/content/Dataset/Test/Fake/fake_5265.jpg,0,0,True,0.9999603033065796,3.96438772440888e-05
/content/Dataset/Test/Fake/fake_5266.jpg,0,0,True,0.9999709129333496,2.9120938052074052e-05
/content/Dataset/Test/Fake/fake_5267.jpg,0,0,True,0.9999619722366333,3.806352106039412e-05
/content/Dataset/Test/Fake/fake_5268.jpg,0,0,True,0.999966025352478,3.397398177185096e-05
/content/Dataset/Test/Fake/fake_5269.jpg,0,0,True,0.9999700784683228,2.9887871278333478e-05
/content/Dataset/Test/Fake/fake_527.jpg,0,0,True,0.9999755620956421,2.4474809833918698e-05
/content/Dataset/Test/Fake/fake_5270.jpg,0,0,True,0.9999747276306152,2.5239711249014363e-05
/content/Dataset/Test/Fake/fake_5271.jpg,0,0,True,0.9999767541885376,2.3279560991795734e-05
/content/Dataset/Test/Fake/fake_5272.jpg,0,0,True,0.9999692440032959,3.070096136070788e-05
/content/Dataset/Test/Fake/fake_5273.jpg,0,0,True,0.9999788999557495,2.1090103473397903e-05
/content/Dataset/Test/Fake/fake_5274.jpg,0,0,True,0.9999569654464722,4.305135371396318e-05
/content/Dataset/Test/Fake/fake_5275.jpg,0,0,True,0.9999773502349854,2.2623755285167135e-05
/content/Dataset/Test/Fake/fake_5276.jpg,0,0,True,0.9999779462814331,2.206092540291138e-05
/content/Dataset/Test/Fake/fake_5277.jpg,0,0,True,0.9999767541885376,2.329781636944972e-05
/content/Dataset/Test/Fake/fake_5278.jpg,0,0,True,0.9999758005142212,2.4227494577644393e-05
/content/Dataset/Test/Fake/fake_5279.jpg,0,0,True,0.9999785423278809,2.151617627532687e-05
/content/Dataset/Test/Fake/fake_528.jpg,0,0,True,0.9999762773513794,2.3694412448094226e-05
/content/Dataset/Test/Fake/fake_5280.jpg,0,0,True,0.9999700784683228,2.987524749187287e-05
/content/Dataset/Test/Fake/fake_5281.jpg,0,0,True,0.9999363422393799,6.365851004375145e-05
/content/Dataset/Test/Fake/fake_5282.jpg,0,0,True,0.9999661445617676,3.387336619198322e-05
/content/Dataset/Test/Fake/fake_5283.jpg,0,0,True,0.9999755620956421,2.447616498102434e-05
/content/Dataset/Test/Fake/fake_5284.jpg,0,0,True,0.9999669790267944,3.2970438041957095e-05
/content/Dataset/Test/Fake/fake_5285.jpg,0,0,True,0.9999747276306152,2.524910269130487e-05
/content/Dataset/Test/Fake/fake_5286.jpg,0,0,True,0.9999725818634033,2.742816104728263e-05
/content/Dataset/Test/Fake/fake_5287.jpg,0,0,True,0.9998199343681335,0.0001800576865207404
/content/Dataset/Test/Fake/fake_5288.jpg,0,0,True,0.9999728202819824,2.714206675591413e-05
/content/Dataset/Test/Fake/fake_5289.jpg,0,0,True,0.9999746084213257,2.53345315286424e-05
/content/Dataset/Test/Fake/fake_529.jpg,0,0,True,0.999976634979248,2.3314307327382267e-05
/content/Dataset/Test/Fake/fake_5290.jpg,0,0,True,0.9999775886535645,2.240518369944766e-05
/content/Dataset/Test/Fake/fake_5291.jpg,0,0,True,0.9999648332595825,3.5129054595017806e-05
/content/Dataset/Test/Fake/fake_5292.jpg,0,0,True,0.999967098236084,3.285681668785401e-05
/content/Dataset/Test/Fake/fake_5293.jpg,0,0,True,0.9999784231185913,2.1557889340328984e-05
/content/Dataset/Test/Fake/fake_5294.jpg,0,0,True,0.9999780654907227,2.1952193492325023e-05
/content/Dataset/Test/Fake/fake_5295.jpg,0,0,True,0.9999761581420898,2.3805914679542184e-05
/content/Dataset/Test/Fake/fake_5296.jpg,0,0,True,0.9999784231185913,2.1523315808735788e-05
/content/Dataset/Test/Fake/fake_5297.jpg,0,0,True,0.9999758005142212,2.4224280423368327e-05
/content/Dataset/Test/Fake/fake_5298.jpg,0,0,True,0.9999774694442749,2.2545938918483444e-05
/content/Dataset/Test/Fake/fake_5299.jpg,0,0,True,0.9999783039093018,2.173181746911723e-05
/content/Dataset/Test/Fake/fake_53.jpg,0,0,True,0.9999690055847168,3.09560309688095e-05
/content/Dataset/Test/Fake/fake_530.jpg,0,0,True,0.9999758005142212,2.4183840650948696e-05
/content/Dataset/Test/Fake/fake_5300.jpg,0,0,True,0.9999783039093018,2.170892730646301e-05
/content/Dataset/Test/Fake/fake_5301.jpg,0,0,True,0.9999778270721436,2.215533640992362e-05
/content/Dataset/Test/Fake/fake_5302.jpg,0,0,True,0.9999722242355347,2.7776433853432536e-05
/content/Dataset/Test/Fake/fake_5303.jpg,0,0,True,0.9999719858169556,2.7974849217571318e-05
/content/Dataset/Test/Fake/fake_5304.jpg,0,0,True,0.9999746084213257,2.5420520614716224e-05
/content/Dataset/Test/Fake/fake_5305.jpg,0,0,True,0.9999734163284302,2.661162579897791e-05
/content/Dataset/Test/Fake/fake_5306.jpg,0,0,True,0.999972939491272,2.7001029593520798e-05
/content/Dataset/Test/Fake/fake_5307.jpg,0,0,True,0.9999768733978271,2.3148682885221206e-05
/content/Dataset/Test/Fake/fake_5308.jpg,0,0,True,0.9999698400497437,3.0100367439445108e-05
/content/Dataset/Test/Fake/fake_5309.jpg,0,0,True,0.999969482421875,3.0501443688990548e-05
/content/Dataset/Test/Fake/fake_531.jpg,0,0,True,0.9925791621208191,0.0074208881705999374
/content/Dataset/Test/Fake/fake_5310.jpg,0,0,True,0.999974250793457,2.570191827544477e-05
/content/Dataset/Test/Fake/fake_5311.jpg,0,0,True,0.9999775886535645,2.238843808299862e-05
/content/Dataset/Test/Fake/fake_5312.jpg,0,0,True,0.9999526739120483,4.7334971895907074e-05
/content/Dataset/Test/Fake/fake_5313.jpg,0,0,True,0.9999700784683228,2.9977678423165344e-05
/content/Dataset/Test/Fake/fake_5314.jpg,0,0,True,0.9999505281448364,4.945088949170895e-05
/content/Dataset/Test/Fake/fake_5315.jpg,0,0,True,0.9999603033065796,3.9646147342864424e-05
/content/Dataset/Test/Fake/fake_5316.jpg,0,0,True,0.9999692440032959,3.070986713282764e-05
/content/Dataset/Test/Fake/fake_5317.jpg,0,0,True,0.9998403787612915,0.00015955779235810041
/content/Dataset/Test/Fake/fake_5318.jpg,0,0,True,0.9999760389328003,2.393537579337135e-05
/content/Dataset/Test/Fake/fake_5319.jpg,0,0,True,0.9999780654907227,2.1975674826535396e-05
/content/Dataset/Test/Fake/fake_532.jpg,0,0,True,0.9999767541885376,2.3214293833007105e-05
/content/Dataset/Test/Fake/fake_5320.jpg,0,0,True,0.9607545137405396,0.03924551606178284
/content/Dataset/Test/Fake/fake_5321.jpg,0,0,True,0.9999730587005615,2.696318188100122e-05
/content/Dataset/Test/Fake/fake_5322.jpg,0,0,True,0.9999723434448242,2.765561657724902e-05
/content/Dataset/Test/Fake/fake_5323.jpg,0,0,True,0.9999696016311646,3.038227259821724e-05
/content/Dataset/Test/Fake/fake_5324.jpg,0,0,True,0.9999790191650391,2.10244397749193e-05
/content/Dataset/Test/Fake/fake_5325.jpg,0,0,True,0.9999752044677734,2.473578388162423e-05
/content/Dataset/Test/Fake/fake_5326.jpg,0,0,True,0.9999775886535645,2.2371235900209285e-05
/content/Dataset/Test/Fake/fake_5327.jpg,0,0,True,0.9999755620956421,2.4469303752994165e-05
/content/Dataset/Test/Fake/fake_5328.jpg,0,0,True,0.999967098236084,3.288227162556723e-05
/content/Dataset/Test/Fake/fake_5329.jpg,0,0,True,0.9999785423278809,2.151123044313863e-05
/content/Dataset/Test/Fake/fake_533.jpg,0,0,True,0.99997878074646,2.1241206923150457e-05
/content/Dataset/Test/Fake/fake_5330.jpg,0,0,True,0.9999760389328003,2.392738861090038e-05
/content/Dataset/Test/Fake/fake_5331.jpg,0,0,True,0.999975323677063,2.4718807253520936e-05
/content/Dataset/Test/Fake/fake_5332.jpg,0,0,True,0.9999159574508667,8.400709339184687e-05
/content/Dataset/Test/Fake/fake_5333.jpg,0,0,True,0.9999505281448364,4.9452959501650184e-05
/content/Dataset/Test/Fake/fake_5334.jpg,0,0,True,0.9999611377716064,3.8856891478644684e-05
/content/Dataset/Test/Fake/fake_5335.jpg,0,0,True,0.9999688863754272,3.1093135476112366e-05
/content/Dataset/Test/Fake/fake_5336.jpg,0,0,True,0.9999778270721436,2.218610097770579e-05
/content/Dataset/Test/Fake/fake_5337.jpg,0,0,True,0.9999639987945557,3.5949396988144144e-05
/content/Dataset/Test/Fake/fake_5338.jpg,0,0,True,0.999977707862854,2.233201485069003e-05
/content/Dataset/Test/Fake/fake_5339.jpg,0,0,True,0.9999679327011108,3.2060470402939245e-05
/content/Dataset/Test/Fake/fake_534.jpg,0,0,True,0.9999784231185913,2.1581958208116703e-05
/content/Dataset/Test/Fake/fake_5340.jpg,0,0,True,0.9999672174453735,3.275932613178156e-05
/content/Dataset/Test/Fake/fake_5341.jpg,0,0,True,0.9999700784683228,2.988177220686339e-05
/content/Dataset/Test/Fake/fake_5342.jpg,0,0,True,0.9999648332595825,3.5147619200870395e-05
/content/Dataset/Test/Fake/fake_5343.jpg,0,0,True,0.9999778270721436,2.2114867533673532e-05
/content/Dataset/Test/Fake/fake_5344.jpg,0,0,True,0.999977707862854,2.2281959900283255e-05
/content/Dataset/Test/Fake/fake_5345.jpg,0,0,True,0.9999707937240601,2.9165319574531168e-05
/content/Dataset/Test/Fake/fake_5346.jpg,0,0,True,0.9999759197235107,2.4069946448435076e-05
/content/Dataset/Test/Fake/fake_5347.jpg,0,0,True,0.9999780654907227,2.1954852854833007e-05
/content/Dataset/Test/Fake/fake_5348.jpg,0,0,True,0.9999768733978271,2.3069871531333774e-05
/content/Dataset/Test/Fake/fake_5349.jpg,0,0,True,0.9999765157699585,2.347297231608536e-05
/content/Dataset/Test/Fake/fake_535.jpg,0,0,True,0.9999779462814331,2.2018151867087e-05
/content/Dataset/Test/Fake/fake_5350.jpg,0,0,True,0.9999778270721436,2.2170404918142594e-05
/content/Dataset/Test/Fake/fake_5351.jpg,0,0,True,0.9999762773513794,2.366419903410133e-05
/content/Dataset/Test/Fake/fake_5352.jpg,0,0,True,0.9999778270721436,2.2132844605948776e-05
/content/Dataset/Test/Fake/fake_5353.jpg,0,0,True,0.9999783039093018,2.1697916963603348e-05
/content/Dataset/Test/Fake/fake_5354.jpg,0,0,True,0.9999785423278809,2.1492651285370812e-05
/content/Dataset/Test/Fake/fake_5355.jpg,0,0,True,0.9999793767929077,2.0670067897299305e-05
/content/Dataset/Test/Fake/fake_5356.jpg,0,0,True,0.9999485015869141,5.144123133504763e-05
/content/Dataset/Test/Fake/fake_5357.jpg,0,0,True,0.9998443126678467,0.00015571160474792123
/content/Dataset/Test/Fake/fake_5358.jpg,0,0,True,0.9999494552612305,5.0597318477230147e-05
/content/Dataset/Test/Fake/fake_5359.jpg,0,0,True,0.9999723434448242,2.7677066100295633e-05
/content/Dataset/Test/Fake/fake_536.jpg,0,0,True,0.999975323677063,2.469618630129844e-05
/content/Dataset/Test/Fake/fake_5360.jpg,0,0,True,0.9999771118164062,2.2916556190466508e-05
/content/Dataset/Test/Fake/fake_5361.jpg,0,0,True,0.9999754428863525,2.4597233277745545e-05
/content/Dataset/Test/Fake/fake_5362.jpg,0,0,True,0.9999785423278809,2.1440082491608337e-05
/content/Dataset/Test/Fake/fake_5363.jpg,0,0,True,0.9999778270721436,2.212537219747901e-05
/content/Dataset/Test/Fake/fake_5364.jpg,0,0,True,0.999976634979248,2.3381329810945317e-05
/content/Dataset/Test/Fake/fake_5365.jpg,0,0,True,0.9999604225158691,3.960624599130824e-05
/content/Dataset/Test/Fake/fake_5366.jpg,0,0,True,0.9999747276306152,2.5216279027517885e-05
/content/Dataset/Test/Fake/fake_5367.jpg,0,0,True,0.9999688863754272,3.111099431407638e-05
/content/Dataset/Test/Fake/fake_5368.jpg,0,0,True,0.9999747276306152,2.5269964680774137e-05
/content/Dataset/Test/Fake/fake_5369.jpg,0,0,True,0.999935507774353,6.447269697673619e-05
/content/Dataset/Test/Fake/fake_537.jpg,0,0,True,0.9999767541885376,2.3251050151884556e-05
/content/Dataset/Test/Fake/fake_5370.jpg,0,0,True,0.9999761581420898,2.384754225204233e-05
/content/Dataset/Test/Fake/fake_5371.jpg,0,0,True,0.9848723411560059,0.015127688646316528
/content/Dataset/Test/Fake/fake_5372.jpg,0,0,True,0.999976634979248,2.3337754100793973e-05
/content/Dataset/Test/Fake/fake_5373.jpg,0,0,True,0.9999768733978271,2.3118036551750265e-05
/content/Dataset/Test/Fake/fake_5374.jpg,0,0,True,0.999969482421875,3.0489693017443642e-05
/content/Dataset/Test/Fake/fake_5375.jpg,0,0,True,0.9997527003288269,0.0002472778724040836
/content/Dataset/Test/Fake/fake_5376.jpg,0,0,True,0.9999755620956421,2.4401813789154403e-05
/content/Dataset/Test/Fake/fake_5377.jpg,0,0,True,0.9999786615371704,2.128388950950466e-05
/content/Dataset/Test/Fake/fake_5378.jpg,0,0,True,0.9999778270721436,2.2171672753756866e-05
/content/Dataset/Test/Fake/fake_5379.jpg,0,0,True,0.9988478422164917,0.0011521560372784734
/content/Dataset/Test/Fake/fake_538.jpg,0,0,True,0.9999747276306152,2.524476803955622e-05
/content/Dataset/Test/Fake/fake_5380.jpg,0,0,True,0.9999790191650391,2.0966452211723663e-05
/content/Dataset/Test/Fake/fake_5381.jpg,0,0,True,0.9999731779098511,2.688087261049077e-05
/content/Dataset/Test/Fake/fake_5382.jpg,0,0,True,0.9999754428863525,2.4527918867534027e-05
/content/Dataset/Test/Fake/fake_5383.jpg,0,0,True,0.9999750852584839,2.4938008209574036e-05
/content/Dataset/Test/Fake/fake_5384.jpg,0,0,True,0.9999784231185913,2.159264295187313e-05
/content/Dataset/Test/Fake/fake_5385.jpg,0,0,True,0.9999550580978394,4.495191024034284e-05
/content/Dataset/Test/Fake/fake_5386.jpg,0,0,True,0.9999790191650391,2.0972573111066595e-05
/content/Dataset/Test/Fake/fake_5387.jpg,0,0,True,0.9999760389328003,2.393994145677425e-05
/content/Dataset/Test/Fake/fake_5388.jpg,0,0,True,0.9999779462814331,2.2108481061877683e-05
/content/Dataset/Test/Fake/fake_5389.jpg,0,0,True,0.9999703168869019,2.969683555420488e-05
/content/Dataset/Test/Fake/fake_539.jpg,0,0,True,0.9999746084213257,2.537815635150764e-05
/content/Dataset/Test/Fake/fake_5390.jpg,0,0,True,0.9999488592147827,5.114890882396139e-05
/content/Dataset/Test/Fake/fake_5391.jpg,0,0,True,0.9999747276306152,2.5303990696556866e-05
/content/Dataset/Test/Fake/fake_5392.jpg,0,0,True,0.9999771118164062,2.291817327204626e-05
/content/Dataset/Test/Fake/fake_5393.jpg,0,0,True,0.9999784231185913,2.153077002731152e-05
/content/Dataset/Test/Fake/fake_5394.jpg,0,0,True,0.9999634027481079,3.654807005659677e-05
/content/Dataset/Test/Fake/fake_5395.jpg,0,0,True,0.9999771118164062,2.294047772011254e-05
/content/Dataset/Test/Fake/fake_5396.jpg,0,0,True,0.999974250793457,2.5708193788887e-05
/content/Dataset/Test/Fake/fake_5397.jpg,0,0,True,0.9999762773513794,2.375713302171789e-05
/content/Dataset/Test/Fake/fake_5398.jpg,0,0,True,0.9999767541885376,2.3193691959022544e-05
/content/Dataset/Test/Fake/fake_5399.jpg,0,0,True,0.999966025352478,3.3962576708290726e-05
/content/Dataset/Test/Fake/fake_54.jpg,0,0,True,0.9969419836997986,0.0030579636804759502
/content/Dataset/Test/Fake/fake_540.jpg,0,0,True,0.9999755620956421,2.4386738004977815e-05
/content/Dataset/Test/Fake/fake_5400.jpg,0,1,False,0.07304895669221878,0.9269511103630066
/content/Dataset/Test/Fake/fake_5401.jpg,0,0,True,0.9998677968978882,0.00013220803521107882
/content/Dataset/Test/Fake/fake_5402.jpg,0,0,True,0.999976634979248,2.3403859813697636e-05
/content/Dataset/Test/Fake/fake_5403.jpg,0,0,True,0.9999750852584839,2.4892673536669463e-05
/content/Dataset/Test/Fake/fake_5404.jpg,0,0,True,0.999977707862854,2.2292331777862273e-05
/content/Dataset/Test/Fake/fake_5405.jpg,0,0,True,0.9999761581420898,2.3809614503988996e-05
/content/Dataset/Test/Fake/fake_5406.jpg,0,0,True,0.9999762773513794,2.3730732209514827e-05
/content/Dataset/Test/Fake/fake_5407.jpg,0,0,True,0.9999561309814453,4.3862182792508975e-05
/content/Dataset/Test/Fake/fake_5408.jpg,0,0,True,0.9999790191650391,2.0927060177200474e-05
/content/Dataset/Test/Fake/fake_5409.jpg,0,0,True,0.9999773502349854,2.2677932065562345e-05
/content/Dataset/Test/Fake/fake_541.jpg,0,0,True,0.9999731779098511,2.679165299923625e-05
/content/Dataset/Test/Fake/fake_5410.jpg,0,0,True,0.9999760389328003,2.3928027076181024e-05
/content/Dataset/Test/Fake/fake_5411.jpg,0,0,True,0.9999600648880005,3.9988342905417085e-05
/content/Dataset/Test/Fake/fake_5412.jpg,0,0,True,0.999975323677063,2.4617738745291717e-05
/content/Dataset/Test/Fake/fake_5413.jpg,0,0,True,0.9999762773513794,2.3684880943619646e-05
/content/Dataset/Test/Fake/fake_5414.jpg,0,0,True,0.9999275207519531,7.248415204230696e-05
/content/Dataset/Test/Fake/fake_5415.jpg,0,0,True,0.9999758005142212,2.4194059733417816e-05
/content/Dataset/Test/Fake/fake_5416.jpg,0,0,True,0.9999762773513794,2.3761916963849217e-05
/content/Dataset/Test/Fake/fake_5417.jpg,0,0,True,0.999971866607666,2.8128404665039852e-05
/content/Dataset/Test/Fake/fake_5418.jpg,0,0,True,0.9999706745147705,2.9280470698722638e-05
/content/Dataset/Test/Fake/fake_5419.jpg,0,0,True,0.9999765157699585,2.342723928450141e-05
/content/Dataset/Test/Fake/fake_542.jpg,0,0,True,0.999964714050293,3.5243410820839927e-05
/content/Dataset/Test/Fake/fake_5420.jpg,0,0,True,0.9999768733978271,2.3122360289562494e-05
/content/Dataset/Test/Fake/fake_5421.jpg,0,0,True,0.9999792575836182,2.073328141705133e-05
/content/Dataset/Test/Fake/fake_5422.jpg,0,0,True,0.9999780654907227,2.1956380805931985e-05
/content/Dataset/Test/Fake/fake_5423.jpg,0,0,True,0.9999781847000122,2.1826526790391654e-05
/content/Dataset/Test/Fake/fake_5424.jpg,0,0,True,0.9999772310256958,2.2822208848083392e-05
/content/Dataset/Test/Fake/fake_5425.jpg,0,0,True,0.999972939491272,2.7090351068181917e-05
/content/Dataset/Test/Fake/fake_5426.jpg,0,0,True,0.9999731779098511,2.6796482416102663e-05
/content/Dataset/Test/Fake/fake_5427.jpg,0,0,True,0.9999767541885376,2.322093496331945e-05
/content/Dataset/Test/Fake/fake_5428.jpg,0,0,True,0.9999760389328003,2.396986928943079e-05
/content/Dataset/Test/Fake/fake_5429.jpg,0,0,True,0.9999790191650391,2.0982837668270804e-05
/content/Dataset/Test/Fake/fake_543.jpg,0,0,True,0.9999676942825317,3.226578701287508e-05
/content/Dataset/Test/Fake/fake_5430.jpg,0,0,True,0.9999741315841675,2.5808341888478026e-05
/content/Dataset/Test/Fake/fake_5431.jpg,0,0,True,0.9999773502349854,2.2619635274168104e-05
/content/Dataset/Test/Fake/fake_5432.jpg,0,0,True,0.9999794960021973,2.0530174879240803e-05
/content/Dataset/Test/Fake/fake_5433.jpg,0,0,True,0.9999754428863525,2.4590477551100776e-05
/content/Dataset/Test/Fake/fake_5434.jpg,0,0,True,0.999962568283081,3.7483787309611216e-05
/content/Dataset/Test/Fake/fake_5435.jpg,0,0,True,0.9998965263366699,0.00010343693429604173
/content/Dataset/Test/Fake/fake_5436.jpg,0,0,True,0.999967098236084,3.290871245553717e-05
/content/Dataset/Test/Fake/fake_5437.jpg,0,0,True,0.9999678134918213,3.215110336896032e-05
/content/Dataset/Test/Fake/fake_5438.jpg,0,0,True,0.999971866607666,2.819189103320241e-05
/content/Dataset/Test/Fake/fake_5439.jpg,0,0,True,0.9999737739562988,2.6210604119114578e-05
/content/Dataset/Test/Fake/fake_544.jpg,0,0,True,0.9999724626541138,2.7580343157751486e-05
/content/Dataset/Test/Fake/fake_5440.jpg,0,0,True,0.9999648332595825,3.521784674376249e-05
/content/Dataset/Test/Fake/fake_5441.jpg,0,0,True,0.999969482421875,3.056483910768293e-05
/content/Dataset/Test/Fake/fake_5442.jpg,0,0,True,0.999976396560669,2.359168865950778e-05
/content/Dataset/Test/Fake/fake_5443.jpg,0,0,True,0.9999779462814331,2.2108206394477747e-05
/content/Dataset/Test/Fake/fake_5444.jpg,0,0,True,0.9999679327011108,3.206401743227616e-05
/content/Dataset/Test/Fake/fake_5445.jpg,0,0,True,0.9999791383743286,2.080503873003181e-05
/content/Dataset/Test/Fake/fake_5446.jpg,0,0,True,0.9999686479568481,3.135792212560773e-05
/content/Dataset/Test/Fake/fake_5447.jpg,0,0,True,0.9999749660491943,2.5068009563256055e-05
/content/Dataset/Test/Fake/fake_5448.jpg,0,0,True,0.9999570846557617,4.29670290031936e-05
/content/Dataset/Test/Fake/fake_5449.jpg,0,0,True,0.9999749660491943,2.504960684746038e-05
/content/Dataset/Test/Fake/fake_545.jpg,0,0,True,0.9999780654907227,2.1927169655100442e-05
/content/Dataset/Test/Fake/fake_5450.jpg,0,0,True,0.9999703168869019,2.9739831006736495e-05
/content/Dataset/Test/Fake/fake_5451.jpg,0,0,True,0.9999651908874512,3.4761014831019565e-05
/content/Dataset/Test/Fake/fake_5452.jpg,0,0,True,0.9998759031295776,0.00012407038593664765
/content/Dataset/Test/Fake/fake_5453.jpg,0,0,True,0.9999746084213257,2.534091254347004e-05
/content/Dataset/Test/Fake/fake_5454.jpg,0,0,True,0.9999688863754272,3.107010343228467e-05
/content/Dataset/Test/Fake/fake_5455.jpg,0,0,True,0.9999793767929077,2.0573919755406678e-05
/content/Dataset/Test/Fake/fake_5456.jpg,0,0,True,0.9999688863754272,3.10875620925799e-05
/content/Dataset/Test/Fake/fake_5457.jpg,0,0,True,0.9999778270721436,2.2224152417038567e-05
/content/Dataset/Test/Fake/fake_5458.jpg,0,0,True,0.9999786615371704,2.137206138286274e-05
/content/Dataset/Test/Fake/fake_5459.jpg,0,0,True,0.9999748468399048,2.5104945962084457e-05
/content/Dataset/Test/Fake/fake_546.jpg,0,0,True,0.9999760389328003,2.396200579823926e-05
/content/Dataset/Test/Fake/fake_5460.jpg,0,0,True,0.9999750852584839,2.496123306627851e-05
/content/Dataset/Test/Fake/fake_5461.jpg,0,0,True,0.9999667406082153,3.3315613109152764e-05
/content/Dataset/Test/Fake/fake_5462.jpg,0,0,True,0.9999688863754272,3.112405102001503e-05
/content/Dataset/Test/Fake/fake_5463.jpg,0,0,True,0.9999594688415527,4.0575614548288286e-05
/content/Dataset/Test/Fake/fake_5464.jpg,0,0,True,0.9999752044677734,2.480213515809737e-05
/content/Dataset/Test/Fake/fake_5465.jpg,0,0,True,0.99996018409729,3.976454900112003e-05
/content/Dataset/Test/Fake/fake_5466.jpg,0,0,True,0.9999790191650391,2.095375930366572e-05
/content/Dataset/Test/Fake/fake_5467.jpg,0,0,True,0.9999774694442749,2.2575717594008893e-05
/content/Dataset/Test/Fake/fake_5468.jpg,0,0,True,0.9999756813049316,2.42796686507063e-05
/content/Dataset/Test/Fake/fake_5469.jpg,0,0,True,0.9999728202819824,2.7129906811751425e-05
/content/Dataset/Test/Fake/fake_547.jpg,0,0,True,0.999977707862854,2.2249258108786307e-05
/content/Dataset/Test/Fake/fake_5470.jpg,0,0,True,0.9999755620956421,2.447859151288867e-05
/content/Dataset/Test/Fake/fake_5471.jpg,0,0,True,0.9999774694442749,2.2502334104501642e-05
/content/Dataset/Test/Fake/fake_5472.jpg,0,0,True,0.9999774694442749,2.247424163215328e-05
/content/Dataset/Test/Fake/fake_5473.jpg,0,0,True,0.9999722242355347,2.776626388367731e-05
/content/Dataset/Test/Fake/fake_5474.jpg,0,0,True,0.9999749660491943,2.501258313714061e-05
/content/Dataset/Test/Fake/fake_5475.jpg,0,0,True,0.9999730587005615,2.689538086997345e-05
/content/Dataset/Test/Fake/fake_5476.jpg,0,0,True,0.9999754428863525,2.4539383957744576e-05
/content/Dataset/Test/Fake/fake_5477.jpg,0,0,True,0.9999433755874634,5.6637971283635125e-05
/content/Dataset/Test/Fake/fake_5478.jpg,0,0,True,0.9999725818634033,2.74608246400021e-05
/content/Dataset/Test/Fake/fake_5479.jpg,0,0,True,0.9999747276306152,2.528312506910879e-05
/content/Dataset/Test/Fake/fake_548.jpg,0,0,True,0.9999783039093018,2.1657788238371722e-05
/content/Dataset/Test/Fake/fake_5480.jpg,0,0,True,0.9999637603759766,3.623922384576872e-05
/content/Dataset/Test/Fake/fake_5481.jpg,0,0,True,0.9999746084213257,2.5380117222084664e-05
/content/Dataset/Test/Fake/fake_5482.jpg,0,0,True,0.9999752044677734,2.473908352840226e-05
/content/Dataset/Test/Fake/fake_5483.jpg,0,0,True,0.9999706745147705,2.9360891858232208e-05
/content/Dataset/Test/Fake/fake_5484.jpg,0,0,True,0.9999693632125854,3.0661263735964894e-05
/content/Dataset/Test/Fake/fake_5485.jpg,0,0,True,0.9999793767929077,2.067949390038848e-05
/content/Dataset/Test/Fake/fake_5486.jpg,0,0,True,0.9999716281890869,2.8417223802534863e-05
/content/Dataset/Test/Fake/fake_5487.jpg,0,0,True,0.999935507774353,6.449827924370766e-05
/content/Dataset/Test/Fake/fake_5488.jpg,0,0,True,0.9999771118164062,2.2867128791403957e-05
/content/Dataset/Test/Fake/fake_5489.jpg,0,0,True,0.9999773502349854,2.2638216250925325e-05
/content/Dataset/Test/Fake/fake_549.jpg,0,0,True,0.9999760389328003,2.390986992395483e-05
/content/Dataset/Test/Fake/fake_5490.jpg,0,0,True,0.999976396560669,2.3546397642348893e-05
/content/Dataset/Test/Fake/fake_5491.jpg,0,0,True,0.9999773502349854,2.2697924578096718e-05
/content/Dataset/Test/Fake/fake_55.jpg,0,0,True,0.9994377493858337,0.0005622842581942677
/content/Dataset/Test/Fake/fake_550.jpg,0,0,True,0.9999783039093018,2.1725807528127916e-05
/content/Dataset/Test/Fake/fake_551.jpg,0,0,True,0.9999774694442749,2.247584779979661e-05
/content/Dataset/Test/Fake/fake_552.jpg,0,0,True,0.9999762773513794,2.3775084628141485e-05
/content/Dataset/Test/Fake/fake_553.jpg,0,0,True,0.9999727010726929,2.727653190959245e-05
/content/Dataset/Test/Fake/fake_554.jpg,0,0,True,0.9999659061431885,3.404844392207451e-05
/content/Dataset/Test/Fake/fake_555.jpg,0,0,True,0.9999760389328003,2.4002580175874755e-05
/content/Dataset/Test/Fake/fake_556.jpg,0,0,True,0.9999635219573975,3.644894604803994e-05
/content/Dataset/Test/Fake/fake_557.jpg,0,0,True,0.9999752044677734,2.4820117687340826e-05
/content/Dataset/Test/Fake/fake_558.jpg,0,0,True,0.9999748468399048,2.519339795981068e-05
/content/Dataset/Test/Fake/fake_559.jpg,0,0,True,0.9999765157699585,2.3460283046006225e-05
/content/Dataset/Test/Fake/fake_56.jpg,0,0,True,0.9999785423278809,2.1488185666385107e-05
/content/Dataset/Test/Fake/fake_560.jpg,0,0,True,0.999971866607666,2.8091892090742476e-05
/content/Dataset/Test/Fake/fake_561.jpg,0,0,True,0.9999722242355347,2.7756785129895434e-05
/content/Dataset/Test/Fake/fake_562.jpg,0,0,True,0.999977707862854,2.2305623133433983e-05
/content/Dataset/Test/Fake/fake_563.jpg,0,0,True,0.9999780654907227,2.193388354498893e-05
/content/Dataset/Test/Fake/fake_564.jpg,0,0,True,0.9999791383743286,2.0913297703373246e-05
/content/Dataset/Test/Fake/fake_565.jpg,0,0,True,0.9999781847000122,2.1865842427359894e-05
/content/Dataset/Test/Fake/fake_566.jpg,0,0,True,0.9999624490737915,3.756107616936788e-05
/content/Dataset/Test/Fake/fake_567.jpg,0,0,True,0.9999666213989258,3.3376192732248455e-05
/content/Dataset/Test/Fake/fake_568.jpg,0,0,True,0.9999728202819824,2.7152838811161928e-05
/content/Dataset/Test/Fake/fake_569.jpg,0,0,True,0.9999697208404541,3.0305127438623458e-05
/content/Dataset/Test/Fake/fake_57.jpg,0,0,True,0.9999743700027466,2.558075539127458e-05
/content/Dataset/Test/Fake/fake_570.jpg,0,0,True,0.9999758005142212,2.4252920411527157e-05
/content/Dataset/Test/Fake/fake_571.jpg,0,0,True,0.9886414408683777,0.011358571238815784
/content/Dataset/Test/Fake/fake_572.jpg,0,0,True,0.9999780654907227,2.1880710846744478e-05
/content/Dataset/Test/Fake/fake_573.jpg,0,0,True,0.9999784231185913,2.162295459129382e-05
/content/Dataset/Test/Fake/fake_574.jpg,0,0,True,0.99997878074646,2.1274130631354637e-05
/content/Dataset/Test/Fake/fake_575.jpg,0,0,True,0.9999731779098511,2.6871543013839982e-05
/content/Dataset/Test/Fake/fake_576.jpg,0,0,True,0.9999727010726929,2.728418076003436e-05
/content/Dataset/Test/Fake/fake_577.jpg,0,0,True,0.9999736547470093,2.6371621061116457e-05
/content/Dataset/Test/Fake/fake_578.jpg,0,0,True,0.9999769926071167,2.3064418201101944e-05
/content/Dataset/Test/Fake/fake_579.jpg,0,0,True,0.9999768733978271,2.3081358449417166e-05
/content/Dataset/Test/Fake/fake_58.jpg,0,0,True,0.9999728202819824,2.7125817723572254e-05
/content/Dataset/Test/Fake/fake_580.jpg,0,0,True,0.9999772310256958,2.279884574818425e-05
/content/Dataset/Test/Fake/fake_581.jpg,0,0,True,0.9999768733978271,2.3089458409231156e-05
/content/Dataset/Test/Fake/fake_582.jpg,0,0,True,0.9999762773513794,2.3670854716328904e-05
/content/Dataset/Test/Fake/fake_583.jpg,0,0,True,0.9999759197235107,2.4124481569742784e-05
/content/Dataset/Test/Fake/fake_584.jpg,0,0,True,0.9999711513519287,2.8788455892936327e-05
/content/Dataset/Test/Fake/fake_585.jpg,0,0,True,0.9999758005142212,2.418079566268716e-05
/content/Dataset/Test/Fake/fake_586.jpg,0,0,True,0.9999773502349854,2.2656078726868145e-05
/content/Dataset/Test/Fake/fake_587.jpg,0,0,True,0.9999758005142212,2.422326542728115e-05
/content/Dataset/Test/Fake/fake_588.jpg,0,0,True,0.9999767541885376,2.3267577489605173e-05
/content/Dataset/Test/Fake/fake_589.jpg,0,0,True,0.9999786615371704,2.1323690816643648e-05
/content/Dataset/Test/Fake/fake_59.jpg,0,0,True,0.9999744892120361,2.5471115804975852e-05
/content/Dataset/Test/Fake/fake_590.jpg,0,0,True,0.9999793767929077,2.0570780179696158e-05
/content/Dataset/Test/Fake/fake_591.jpg,0,0,True,0.9999721050262451,2.787570520013105e-05
/content/Dataset/Test/Fake/fake_592.jpg,0,0,True,0.999970555305481,2.9407321562757716e-05
/content/Dataset/Test/Fake/fake_593.jpg,0,0,True,0.9999767541885376,2.327510082977824e-05
/content/Dataset/Test/Fake/fake_594.jpg,0,0,True,0.9999771118164062,2.289789881615434e-05
/content/Dataset/Test/Fake/fake_595.jpg,0,0,True,0.99997878074646,2.126484105247073e-05
/content/Dataset/Test/Fake/fake_596.jpg,0,0,True,0.9999728202819824,2.7176101866643876e-05
/content/Dataset/Test/Fake/fake_597.jpg,0,0,True,0.9999749660491943,2.5050587282748893e-05
/content/Dataset/Test/Fake/fake_598.jpg,0,0,True,0.9999781847000122,2.1864007067051716e-05
/content/Dataset/Test/Fake/fake_599.jpg,0,0,True,0.9999769926071167,2.304588269907981e-05
/content/Dataset/Test/Fake/fake_6.jpg,0,0,True,0.9999350309371948,6.497672438854352e-05
/content/Dataset/Test/Fake/fake_60.jpg,0,0,True,0.999945878982544,5.4150692449184135e-05
/content/Dataset/Test/Fake/fake_600.jpg,0,0,True,0.9999793767929077,2.0652158127631992e-05
/content/Dataset/Test/Fake/fake_601.jpg,0,0,True,0.9999788999557495,2.1153638954274356e-05
/content/Dataset/Test/Fake/fake_602.jpg,0,0,True,0.999977707862854,2.2307305698632263e-05
/content/Dataset/Test/Fake/fake_603.jpg,0,0,True,0.9999783039093018,2.1738389477832243e-05
/content/Dataset/Test/Fake/fake_604.jpg,0,0,True,0.9999778270721436,2.2198331862455234e-05
/content/Dataset/Test/Fake/fake_605.jpg,0,0,True,0.9999760389328003,2.3971879272721708e-05
/content/Dataset/Test/Fake/fake_606.jpg,0,0,True,0.9999727010726929,2.734498048084788e-05
/content/Dataset/Test/Fake/fake_607.jpg,0,0,True,0.9999748468399048,2.515071719244588e-05
/content/Dataset/Test/Fake/fake_608.jpg,0,0,True,0.9999728202819824,2.7139347366755828e-05
/content/Dataset/Test/Fake/fake_609.jpg,0,0,True,0.9999728202819824,2.7221285563427955e-05
/content/Dataset/Test/Fake/fake_61.jpg,0,0,True,0.9999778270721436,2.213934567407705e-05
/content/Dataset/Test/Fake/fake_610.jpg,0,0,True,0.9999737739562988,2.6205107133137062e-05
/content/Dataset/Test/Fake/fake_611.jpg,0,0,True,0.9999728202819824,2.7166071959072724e-05
/content/Dataset/Test/Fake/fake_612.jpg,0,0,True,0.9999710321426392,2.8927321181981824e-05
/content/Dataset/Test/Fake/fake_613.jpg,0,0,True,0.9999786615371704,2.1348312657210045e-05
/content/Dataset/Test/Fake/fake_614.jpg,0,0,True,0.9999485015869141,5.147990304976702e-05
/content/Dataset/Test/Fake/fake_615.jpg,0,0,True,0.9999773502349854,2.2627207727055065e-05
/content/Dataset/Test/Fake/fake_616.jpg,0,0,True,0.9999762773513794,2.3667042114539072e-05
/content/Dataset/Test/Fake/fake_617.jpg,0,0,True,0.9999768733978271,2.3169530322775245e-05
/content/Dataset/Test/Fake/fake_618.jpg,0,0,True,0.9999768733978271,2.318018232472241e-05
/content/Dataset/Test/Fake/fake_619.jpg,0,0,True,0.9999749660491943,2.497708919690922e-05
/content/Dataset/Test/Fake/fake_62.jpg,0,0,True,0.9999738931655884,2.6094134227605537e-05
/content/Dataset/Test/Fake/fake_620.jpg,0,0,True,0.9999752044677734,2.4849887267919257e-05
/content/Dataset/Test/Fake/fake_621.jpg,0,0,True,0.9999717473983765,2.827268690452911e-05
/content/Dataset/Test/Fake/fake_622.jpg,0,0,True,0.9999723434448242,2.762153417279478e-05
/content/Dataset/Test/Fake/fake_623.jpg,0,0,True,0.9999785423278809,2.1410984118119814e-05
/content/Dataset/Test/Fake/fake_624.jpg,0,0,True,0.9999783039093018,2.166373815271072e-05
/content/Dataset/Test/Fake/fake_625.jpg,0,0,True,0.9999775886535645,2.2369506041286513e-05
/content/Dataset/Test/Fake/fake_626.jpg,0,0,True,0.999974250793457,2.5740995624801144e-05
/content/Dataset/Test/Fake/fake_627.jpg,0,0,True,0.9999778270721436,2.211465653090272e-05
/content/Dataset/Test/Fake/fake_628.jpg,0,0,True,0.9999731779098511,2.6807450922206044e-05
/content/Dataset/Test/Fake/fake_629.jpg,0,0,True,0.9999704360961914,2.9546439691330306e-05
/content/Dataset/Test/Fake/fake_63.jpg,0,0,True,0.9990149736404419,0.0009850618662312627
/content/Dataset/Test/Fake/fake_630.jpg,0,0,True,0.9999759197235107,2.4049411877058446e-05
/content/Dataset/Test/Fake/fake_631.jpg,0,0,True,0.9999756813049316,2.4292548914672807e-05
/content/Dataset/Test/Fake/fake_632.jpg,0,0,True,0.9999693632125854,3.069324156967923e-05
/content/Dataset/Test/Fake/fake_633.jpg,0,0,True,0.9999731779098511,2.6778830942930654e-05
/content/Dataset/Test/Fake/fake_634.jpg,0,0,True,0.9999767541885376,2.325963396287989e-05
/content/Dataset/Test/Fake/fake_635.jpg,0,0,True,0.9999768733978271,2.3124894141801633e-05
/content/Dataset/Test/Fake/fake_636.jpg,0,0,True,0.9999760389328003,2.3937567675602622e-05
/content/Dataset/Test/Fake/fake_637.jpg,0,0,True,0.9999783039093018,2.171267624362372e-05
/content/Dataset/Test/Fake/fake_638.jpg,0,0,True,0.9999760389328003,2.3930264433147386e-05
/content/Dataset/Test/Fake/fake_639.jpg,0,0,True,0.9999769926071167,2.3031911041471176e-05
/content/Dataset/Test/Fake/fake_64.jpg,0,0,True,0.9999659061431885,3.4037308068946004e-05
/content/Dataset/Test/Fake/fake_640.jpg,0,0,True,0.9999772310256958,2.2803847969044e-05
/content/Dataset/Test/Fake/fake_641.jpg,0,0,True,0.9999767541885376,2.32402999245096e-05
/content/Dataset/Test/Fake/fake_642.jpg,0,0,True,0.999976396560669,2.3643242457183078e-05
/content/Dataset/Test/Fake/fake_643.jpg,0,0,True,0.9999792575836182,2.077149838441983e-05
/content/Dataset/Test/Fake/fake_644.jpg,0,0,True,0.9999747276306152,2.5270495825679973e-05
/content/Dataset/Test/Fake/fake_645.jpg,0,0,True,0.99997878074646,2.1245097741484642e-05
/content/Dataset/Test/Fake/fake_646.jpg,0,0,True,0.9999555349349976,4.444437217898667e-05
/content/Dataset/Test/Fake/fake_647.jpg,0,0,True,0.9999772310256958,2.2796213670517318e-05
/content/Dataset/Test/Fake/fake_648.jpg,0,0,True,0.9999785423278809,2.1464837118401192e-05
/content/Dataset/Test/Fake/fake_649.jpg,0,0,True,0.9999778270721436,2.2147582058096305e-05
/content/Dataset/Test/Fake/fake_65.jpg,0,0,True,0.9999020099639893,9.802834392758086e-05
/content/Dataset/Test/Fake/fake_650.jpg,0,0,True,0.9999769926071167,2.3037819119053893e-05
/content/Dataset/Test/Fake/fake_651.jpg,0,0,True,0.9999614953994751,3.848736378131434e-05
/content/Dataset/Test/Fake/fake_652.jpg,0,0,True,0.9999743700027466,2.5669121896498837e-05
/content/Dataset/Test/Fake/fake_653.jpg,0,0,True,0.9999768733978271,2.3151287678047083e-05
/content/Dataset/Test/Fake/fake_654.jpg,0,0,True,0.999977707862854,2.2256834199652076e-05
/content/Dataset/Test/Fake/fake_655.jpg,0,0,True,0.9999774694442749,2.2542004444403574e-05
/content/Dataset/Test/Fake/fake_656.jpg,0,0,True,0.999976634979248,2.3368667825707234e-05
/content/Dataset/Test/Fake/fake_657.jpg,0,0,True,0.9999760389328003,2.395592673565261e-05
/content/Dataset/Test/Fake/fake_658.jpg,0,0,True,0.999977707862854,2.2348869606503285e-05
/content/Dataset/Test/Fake/fake_659.jpg,0,0,True,0.9999788999557495,2.114782910211943e-05
/content/Dataset/Test/Fake/fake_66.jpg,0,0,True,0.9999772310256958,2.279719410580583e-05
/content/Dataset/Test/Fake/fake_660.jpg,0,0,True,0.9999723434448242,2.7658015824272297e-05
/content/Dataset/Test/Fake/fake_661.jpg,0,0,True,0.9999773502349854,2.2708794858772308e-05
/content/Dataset/Test/Fake/fake_662.jpg,0,0,True,0.9999716281890869,2.8406493584043346e-05
/content/Dataset/Test/Fake/fake_663.jpg,0,0,True,0.9999771118164062,2.287384631927125e-05
/content/Dataset/Test/Fake/fake_664.jpg,0,0,True,0.9999759197235107,2.4113072868203744e-05
/content/Dataset/Test/Fake/fake_665.jpg,0,0,True,0.9999709129333496,2.908194437623024e-05
/content/Dataset/Test/Fake/fake_666.jpg,0,0,True,0.9999768733978271,2.3086991859599948e-05
/content/Dataset/Test/Fake/fake_667.jpg,0,0,True,0.9999719858169556,2.797660999931395e-05
/content/Dataset/Test/Fake/fake_668.jpg,0,0,True,0.9999691247940063,3.085223579546437e-05
/content/Dataset/Test/Fake/fake_669.jpg,0,0,True,0.9999629259109497,3.705551353050396e-05
/content/Dataset/Test/Fake/fake_67.jpg,0,0,True,0.999975323677063,2.4718097847653553e-05
/content/Dataset/Test/Fake/fake_670.jpg,0,0,True,0.9999750852584839,2.4971279344754294e-05
/content/Dataset/Test/Fake/fake_671.jpg,0,0,True,0.9999755620956421,2.4421371563221328e-05
/content/Dataset/Test/Fake/fake_672.jpg,0,0,True,0.9999762773513794,2.370315996813588e-05
/content/Dataset/Test/Fake/fake_673.jpg,0,0,True,0.9999797344207764,2.0301757103879936e-05
/content/Dataset/Test/Fake/fake_674.jpg,0,0,True,0.9999750852584839,2.4866123567335308e-05
/content/Dataset/Test/Fake/fake_675.jpg,0,0,True,0.9999195337295532,8.04568117018789e-05
/content/Dataset/Test/Fake/fake_676.jpg,0,0,True,0.9999768733978271,2.307493195985444e-05
/content/Dataset/Test/Fake/fake_677.jpg,0,0,True,0.9999778270721436,2.2160300432005897e-05
/content/Dataset/Test/Fake/fake_678.jpg,0,0,True,0.9999755620956421,2.4458453481202014e-05
/content/Dataset/Test/Fake/fake_679.jpg,0,0,True,0.999974250793457,2.5745070161065087e-05
/content/Dataset/Test/Fake/fake_68.jpg,0,0,True,0.9999746084213257,2.5437861040700227e-05
/content/Dataset/Test/Fake/fake_680.jpg,0,0,True,0.9999401569366455,5.9896668972214684e-05
/content/Dataset/Test/Fake/fake_681.jpg,0,0,True,0.999976634979248,2.33764476433862e-05
/content/Dataset/Test/Fake/fake_682.jpg,0,0,True,0.9999778270721436,2.2192511096363887e-05
/content/Dataset/Test/Fake/fake_683.jpg,0,0,True,0.9999775886535645,2.2384017938748002e-05
/content/Dataset/Test/Fake/fake_684.jpg,0,0,True,0.999976634979248,2.3391679860651493e-05
/content/Dataset/Test/Fake/fake_685.jpg,0,0,True,0.9999663829803467,3.362114875926636e-05
/content/Dataset/Test/Fake/fake_686.jpg,0,0,True,0.9999723434448242,2.7691112336469814e-05
/content/Dataset/Test/Fake/fake_687.jpg,0,0,True,0.9999767541885376,2.3195529138320126e-05
/content/Dataset/Test/Fake/fake_688.jpg,0,0,True,0.9999765157699585,2.3463975594495423e-05
/content/Dataset/Test/Fake/fake_689.jpg,0,0,True,0.999976634979248,2.3382688596029766e-05
/content/Dataset/Test/Fake/fake_69.jpg,0,0,True,0.9999746084213257,2.5362718588439748e-05
/content/Dataset/Test/Fake/fake_690.jpg,0,0,True,0.9999756813049316,2.428782136121299e-05
/content/Dataset/Test/Fake/fake_691.jpg,0,0,True,0.9999754428863525,2.4511364244972356e-05
/content/Dataset/Test/Fake/fake_692.jpg,0,0,True,0.9999768733978271,2.3136499294196256e-05
/content/Dataset/Test/Fake/fake_693.jpg,0,0,True,0.9999738931655884,2.611390118545387e-05
/content/Dataset/Test/Fake/fake_694.jpg,0,0,True,0.9999750852584839,2.4880475393729284e-05
/content/Dataset/Test/Fake/fake_695.jpg,0,0,True,0.999968409538269,3.1587162084179e-05
/content/Dataset/Test/Fake/fake_696.jpg,0,0,True,0.9999711513519287,2.880169267882593e-05
/content/Dataset/Test/Fake/fake_697.jpg,0,0,True,0.9999769926071167,2.301260974491015e-05
/content/Dataset/Test/Fake/fake_698.jpg,0,0,True,0.9999772310256958,2.2724087102687918e-05
/content/Dataset/Test/Fake/fake_699.jpg,0,0,True,0.9999761581420898,2.3823244191589765e-05
/content/Dataset/Test/Fake/fake_7.jpg,0,0,True,0.9999734163284302,2.6569681722321548e-05
/content/Dataset/Test/Fake/fake_70.jpg,0,0,True,0.9999774694442749,2.2485513909487054e-05
/content/Dataset/Test/Fake/fake_700.jpg,0,0,True,0.999976634979248,2.3343074644799344e-05
/content/Dataset/Test/Fake/fake_701.jpg,0,0,True,0.9999785423278809,2.141351615136955e-05
/content/Dataset/Test/Fake/fake_702.jpg,0,0,True,0.9999750852584839,2.492868952685967e-05
/content/Dataset/Test/Fake/fake_703.jpg,0,0,True,0.9999772310256958,2.2779526261729188e-05
/content/Dataset/Test/Fake/fake_704.jpg,0,0,True,0.9999758005142212,2.4250794012914412e-05
/content/Dataset/Test/Fake/fake_705.jpg,0,0,True,0.999885082244873,0.00011492855264805257
/content/Dataset/Test/Fake/fake_706.jpg,0,1,False,0.4411601424217224,0.5588398575782776
/content/Dataset/Test/Fake/fake_707.jpg,0,0,True,0.9999755620956421,2.4481978471158072e-05
/content/Dataset/Test/Fake/fake_708.jpg,0,0,True,0.9999758005142212,2.4162700356100686e-05
/content/Dataset/Test/Fake/fake_709.jpg,0,0,True,0.9999767541885376,2.325990135432221e-05
/content/Dataset/Test/Fake/fake_71.jpg,0,0,True,0.999976396560669,2.3556818632641807e-05
/content/Dataset/Test/Fake/fake_710.jpg,0,0,True,0.9999756813049316,2.432115434203297e-05
/content/Dataset/Test/Fake/fake_711.jpg,0,0,True,0.9999783039093018,2.1701331206713803e-05
/content/Dataset/Test/Fake/fake_712.jpg,0,0,True,0.9999735355377197,2.6436586267664097e-05
/content/Dataset/Test/Fake/fake_713.jpg,0,0,True,0.9999781847000122,2.178339855163358e-05
/content/Dataset/Test/Fake/fake_714.jpg,0,0,True,0.9999778270721436,2.218218651250936e-05
/content/Dataset/Test/Fake/fake_715.jpg,0,0,True,0.9999716281890869,2.835247323673684e-05
/content/Dataset/Test/Fake/fake_716.jpg,0,0,True,0.9999756813049316,2.4315959308296442e-05
/content/Dataset/Test/Fake/fake_717.jpg,0,0,True,0.9999734163284302,2.655468779266812e-05
/content/Dataset/Test/Fake/fake_718.jpg,0,0,True,0.9999772310256958,2.2755573809263296e-05
/content/Dataset/Test/Fake/fake_719.jpg,0,0,True,0.9999762773513794,2.3721273464616388e-05
/content/Dataset/Test/Fake/fake_72.jpg,0,0,True,0.9999716281890869,2.842291542037856e-05
/content/Dataset/Test/Fake/fake_720.jpg,0,0,True,0.9999784231185913,2.153844980057329e-05
/content/Dataset/Test/Fake/fake_721.jpg,0,0,True,0.9999771118164062,2.289032272528857e-05
/content/Dataset/Test/Fake/fake_722.jpg,0,0,True,0.9999755620956421,2.448321356496308e-05
/content/Dataset/Test/Fake/fake_723.jpg,0,0,True,0.9999701976776123,2.9759203243884258e-05
/content/Dataset/Test/Fake/fake_724.jpg,0,0,True,0.9999749660491943,2.499898982932791e-05
/content/Dataset/Test/Fake/fake_725.jpg,0,0,True,0.9999737739562988,2.618402140797116e-05
/content/Dataset/Test/Fake/fake_726.jpg,0,0,True,0.9999728202819824,2.7212226996198297e-05
/content/Dataset/Test/Fake/fake_727.jpg,0,0,True,0.9999778270721436,2.2147116396808997e-05
/content/Dataset/Test/Fake/fake_728.jpg,0,0,True,0.9999778270721436,2.2229409296414815e-05
/content/Dataset/Test/Fake/fake_729.jpg,0,0,True,0.9999697208404541,3.0322038583108224e-05
/content/Dataset/Test/Fake/fake_73.jpg,0,0,True,0.9999690055847168,3.0996652640169486e-05
/content/Dataset/Test/Fake/fake_730.jpg,0,0,True,0.9999760389328003,2.390592453593854e-05
/content/Dataset/Test/Fake/fake_731.jpg,0,0,True,0.9999759197235107,2.4103186660795473e-05
/content/Dataset/Test/Fake/fake_732.jpg,0,0,True,0.9999774694442749,2.251545083709061e-05
/content/Dataset/Test/Fake/fake_733.jpg,0,0,True,0.9999743700027466,2.5639887098805048e-05
/content/Dataset/Test/Fake/fake_734.jpg,0,0,True,0.9999728202819824,2.7141211830894463e-05
/content/Dataset/Test/Fake/fake_735.jpg,0,0,True,0.9998262524604797,0.000173734370036982
/content/Dataset/Test/Fake/fake_736.jpg,0,0,True,0.9999775886535645,2.239736568299122e-05
/content/Dataset/Test/Fake/fake_737.jpg,0,0,True,0.999976396560669,2.3609649360878393e-05
/content/Dataset/Test/Fake/fake_738.jpg,0,0,True,0.9999773502349854,2.2658196030533873e-05
/content/Dataset/Test/Fake/fake_739.jpg,0,0,True,0.9999778270721436,2.219960151705891e-05
/content/Dataset/Test/Fake/fake_74.jpg,0,0,True,0.9999744892120361,2.548851443862077e-05
/content/Dataset/Test/Fake/fake_740.jpg,0,0,True,0.9999780654907227,2.1978084987495095e-05
/content/Dataset/Test/Fake/fake_741.jpg,0,0,True,0.9999769926071167,2.295973536092788e-05
/content/Dataset/Test/Fake/fake_742.jpg,0,0,True,0.9999792575836182,2.0758388927788474e-05
/content/Dataset/Test/Fake/fake_743.jpg,0,0,True,0.9999692440032959,3.0717365007149056e-05
/content/Dataset/Test/Fake/fake_744.jpg,0,0,True,0.999977707862854,2.235029751318507e-05
/content/Dataset/Test/Fake/fake_745.jpg,0,0,True,0.999974250793457,2.5719795303302817e-05
/content/Dataset/Test/Fake/fake_746.jpg,0,0,True,0.9999758005142212,2.4142293113982305e-05
/content/Dataset/Test/Fake/fake_747.jpg,0,0,True,0.9999736547470093,2.6386465833638795e-05
/content/Dataset/Test/Fake/fake_748.jpg,0,0,True,0.9999761581420898,2.3793476430000737e-05
/content/Dataset/Test/Fake/fake_749.jpg,0,0,True,0.9999774694442749,2.254935861856211e-05
/content/Dataset/Test/Fake/fake_75.jpg,0,0,True,0.9999769926071167,2.2987471311353147e-05
/content/Dataset/Test/Fake/fake_750.jpg,0,0,True,0.9999767541885376,2.3233649699250236e-05
/content/Dataset/Test/Fake/fake_751.jpg,0,0,True,0.9999687671661377,3.122238922514953e-05
/content/Dataset/Test/Fake/fake_752.jpg,0,0,True,0.999977707862854,2.2238842575461604e-05
/content/Dataset/Test/Fake/fake_753.jpg,0,0,True,0.9999774694442749,2.2498426915262826e-05
/content/Dataset/Test/Fake/fake_754.jpg,0,0,True,0.9999761581420898,2.3895534468465485e-05
/content/Dataset/Test/Fake/fake_755.jpg,0,0,True,0.7661486864089966,0.23385131359100342
/content/Dataset/Test/Fake/fake_756.jpg,0,0,True,0.9999756813049316,2.426913852104917e-05
/content/Dataset/Test/Fake/fake_757.jpg,0,0,True,0.9999746084213257,2.5372444724780507e-05
/content/Dataset/Test/Fake/fake_758.jpg,0,0,True,0.9999629259109497,3.7083937058923766e-05
/content/Dataset/Test/Fake/fake_759.jpg,0,0,True,0.9999762773513794,2.372688686591573e-05
/content/Dataset/Test/Fake/fake_76.jpg,0,0,True,0.9999738931655884,2.6111611077794805e-05
/content/Dataset/Test/Fake/fake_760.jpg,0,0,True,0.9999639987945557,3.596898022806272e-05
/content/Dataset/Test/Fake/fake_761.jpg,0,0,True,0.999970555305481,2.9464335966622457e-05
/content/Dataset/Test/Fake/fake_762.jpg,0,0,True,0.9999784231185913,2.1570596800302155e-05
/content/Dataset/Test/Fake/fake_763.jpg,0,0,True,0.9999788999557495,2.1107489374116994e-05
/content/Dataset/Test/Fake/fake_764.jpg,0,0,True,0.9999771118164062,2.288287942064926e-05
/content/Dataset/Test/Fake/fake_765.jpg,0,0,True,0.9999740123748779,2.5976647521019913e-05
/content/Dataset/Test/Fake/fake_766.jpg,0,0,True,0.9999775886535645,2.23576498683542e-05
/content/Dataset/Test/Fake/fake_767.jpg,0,0,True,0.9999767541885376,2.328906521142926e-05
/content/Dataset/Test/Fake/fake_768.jpg,0,0,True,0.999974250793457,2.5726467356435023e-05
/content/Dataset/Test/Fake/fake_769.jpg,0,0,True,0.9999648332595825,3.518403900670819e-05
/content/Dataset/Test/Fake/fake_77.jpg,0,0,True,0.9999759197235107,2.411187597317621e-05
/content/Dataset/Test/Fake/fake_770.jpg,0,0,True,0.9999732971191406,2.6703246476245113e-05
/content/Dataset/Test/Fake/fake_771.jpg,0,0,True,0.9999783039093018,2.169996514567174e-05
/content/Dataset/Test/Fake/fake_772.jpg,0,0,True,0.9999735355377197,2.6513871489441954e-05
/content/Dataset/Test/Fake/fake_773.jpg,0,0,True,0.9999754428863525,2.4540086087654345e-05
/content/Dataset/Test/Fake/fake_774.jpg,0,0,True,0.9999759197235107,2.4027312974794768e-05
/content/Dataset/Test/Fake/fake_775.jpg,0,0,True,0.9999775886535645,2.2440983229898848e-05
/content/Dataset/Test/Fake/fake_776.jpg,0,0,True,0.9999796152114868,2.0430428776307963e-05
/content/Dataset/Test/Fake/fake_777.jpg,0,0,True,0.9999725818634033,2.7470332497614436e-05
/content/Dataset/Test/Fake/fake_778.jpg,0,0,True,0.9999765157699585,2.3535734726465307e-05
/content/Dataset/Test/Fake/fake_779.jpg,0,0,True,0.9998444318771362,0.00015555875143036246
/content/Dataset/Test/Fake/fake_78.jpg,0,0,True,0.9999741315841675,2.5885248760459945e-05
/content/Dataset/Test/Fake/fake_780.jpg,0,0,True,0.9999765157699585,2.3536609660368413e-05
/content/Dataset/Test/Fake/fake_781.jpg,0,0,True,0.9999735355377197,2.6479430744075216e-05
/content/Dataset/Test/Fake/fake_782.jpg,0,0,True,0.9999759197235107,2.4096452762023546e-05
/content/Dataset/Test/Fake/fake_783.jpg,0,0,True,0.9999760389328003,2.3964292267919518e-05
/content/Dataset/Test/Fake/fake_784.jpg,0,0,True,0.9999783039093018,2.166274680348579e-05
/content/Dataset/Test/Fake/fake_785.jpg,0,0,True,0.9999781847000122,2.1794930944452062e-05
/content/Dataset/Test/Fake/fake_786.jpg,0,0,True,0.9999728202819824,2.7127371140522882e-05
/content/Dataset/Test/Fake/fake_787.jpg,0,0,True,0.9999701976776123,2.9772374546155334e-05
/content/Dataset/Test/Fake/fake_788.jpg,0,0,True,0.999974250793457,2.5760198695934378e-05
/content/Dataset/Test/Fake/fake_789.jpg,0,0,True,0.9999675750732422,3.2451003789901733e-05
/content/Dataset/Test/Fake/fake_79.jpg,0,0,True,0.9999736547470093,2.6287978471373208e-05
/content/Dataset/Test/Fake/fake_790.jpg,0,0,True,0.9999780654907227,2.1879812265979126e-05
/content/Dataset/Test/Fake/fake_791.jpg,0,0,True,0.9999759197235107,2.4077682610368356e-05
/content/Dataset/Test/Fake/fake_792.jpg,0,0,True,0.999976634979248,2.3329608666244894e-05
/content/Dataset/Test/Fake/fake_793.jpg,0,0,True,0.9999769926071167,2.3052542019286193e-05
/content/Dataset/Test/Fake/fake_794.jpg,0,0,True,0.9999772310256958,2.2819378500571474e-05
/content/Dataset/Test/Fake/fake_795.jpg,0,0,True,0.9998705387115479,0.00012940198939759284
/content/Dataset/Test/Fake/fake_796.jpg,0,0,True,0.9999778270721436,2.2173915567691438e-05
/content/Dataset/Test/Fake/fake_797.jpg,0,0,True,0.999972939491272,2.7041514840675518e-05
/content/Dataset/Test/Fake/fake_798.jpg,0,0,True,0.9999762773513794,2.37547774304403e-05
/content/Dataset/Test/Fake/fake_799.jpg,0,0,True,0.9999765157699585,2.3445139959221706e-05
/content/Dataset/Test/Fake/fake_8.jpg,0,0,True,0.9999549388885498,4.50936786364764e-05
/content/Dataset/Test/Fake/fake_80.jpg,0,0,True,0.9999772310256958,2.2760132196708582e-05
/content/Dataset/Test/Fake/fake_800.jpg,0,0,True,0.9955782294273376,0.004421788267791271
/content/Dataset/Test/Fake/fake_801.jpg,0,0,True,0.9999781847000122,2.1777084839413874e-05
/content/Dataset/Test/Fake/fake_802.jpg,0,0,True,0.999974250793457,2.56944440479856e-05
/content/Dataset/Test/Fake/fake_803.jpg,0,0,True,0.999976396560669,2.357178345846478e-05
/content/Dataset/Test/Fake/fake_804.jpg,0,0,True,0.9999793767929077,2.065229637082666e-05
/content/Dataset/Test/Fake/fake_805.jpg,0,0,True,0.9999772310256958,2.27455730055226e-05
/content/Dataset/Test/Fake/fake_806.jpg,0,0,True,0.9999779462814331,2.199944901803974e-05
/content/Dataset/Test/Fake/fake_807.jpg,0,0,True,0.999971866607666,2.8183423637528904e-05
/content/Dataset/Test/Fake/fake_808.jpg,0,0,True,0.9999791383743286,2.0802281142096035e-05
/content/Dataset/Test/Fake/fake_809.jpg,0,0,True,0.9999761581420898,2.3854161554481834e-05
/content/Dataset/Test/Fake/fake_81.jpg,0,0,True,0.9999727010726929,2.7338513973518275e-05
/content/Dataset/Test/Fake/fake_810.jpg,0,0,True,0.9999707937240601,2.9261213057907298e-05
/content/Dataset/Test/Fake/fake_811.jpg,0,0,True,0.9999759197235107,2.4127748474711552e-05
/content/Dataset/Test/Fake/fake_812.jpg,0,0,True,0.9999784231185913,2.153785499103833e-05
/content/Dataset/Test/Fake/fake_813.jpg,0,0,True,0.9999758005142212,2.417320865788497e-05
/content/Dataset/Test/Fake/fake_814.jpg,0,0,True,0.9999769926071167,2.2990585421212018e-05
/content/Dataset/Test/Fake/fake_815.jpg,0,0,True,0.9999717473983765,2.8299960831645876e-05
/content/Dataset/Test/Fake/fake_816.jpg,0,0,True,0.9999759197235107,2.4042348741204478e-05
/content/Dataset/Test/Fake/fake_817.jpg,0,0,True,0.9999778270721436,2.2139303837320767e-05
/content/Dataset/Test/Fake/fake_818.jpg,0,0,True,0.999975323677063,2.4722956368350424e-05
/content/Dataset/Test/Fake/fake_819.jpg,0,0,True,0.9999524354934692,4.753876419272274e-05
/content/Dataset/Test/Fake/fake_82.jpg,0,0,True,0.999976634979248,2.334545752091799e-05
/content/Dataset/Test/Fake/fake_820.jpg,0,0,True,0.999976634979248,2.3373258954961784e-05
/content/Dataset/Test/Fake/fake_821.jpg,0,0,True,0.9999773502349854,2.266253977722954e-05
/content/Dataset/Test/Fake/fake_822.jpg,0,0,True,0.9999771118164062,2.2900323529029265e-05
/content/Dataset/Test/Fake/fake_823.jpg,0,0,True,0.9999743700027466,2.56216517300345e-05
/content/Dataset/Test/Fake/fake_824.jpg,0,0,True,0.9999767541885376,2.3227601559483446e-05
/content/Dataset/Test/Fake/fake_825.jpg,0,0,True,0.9999725818634033,2.7402746127336286e-05
/content/Dataset/Test/Fake/fake_826.jpg,0,0,True,0.999976396560669,2.3623906599823385e-05
/content/Dataset/Test/Fake/fake_827.jpg,0,0,True,0.9999769926071167,2.2980546418693848e-05
/content/Dataset/Test/Fake/fake_828.jpg,0,0,True,0.999974250793457,2.5756071408977732e-05
/content/Dataset/Test/Fake/fake_829.jpg,0,0,True,0.9999779462814331,2.210378079325892e-05
/content/Dataset/Test/Fake/fake_83.jpg,0,0,True,0.9999674558639526,3.2598520192550495e-05
/content/Dataset/Test/Fake/fake_830.jpg,0,0,True,0.9999114274978638,8.854913176037371e-05
/content/Dataset/Test/Fake/fake_831.jpg,0,0,True,0.9999762773513794,2.3689352019573562e-05
/content/Dataset/Test/Fake/fake_832.jpg,0,0,True,0.9999774694442749,2.2500038539874367e-05
/content/Dataset/Test/Fake/fake_833.jpg,0,0,True,0.9999781847000122,2.182581738452427e-05
/content/Dataset/Test/Fake/fake_834.jpg,0,0,True,0.9999783039093018,2.170884545193985e-05
/content/Dataset/Test/Fake/fake_835.jpg,0,0,True,0.9999560117721558,4.402175545692444e-05
/content/Dataset/Test/Fake/fake_836.jpg,0,0,True,0.9999786615371704,2.133168345608283e-05
/content/Dataset/Test/Fake/fake_837.jpg,0,0,True,0.9999780654907227,2.19864487007726e-05
/content/Dataset/Test/Fake/fake_838.jpg,0,0,True,0.99997878074646,2.118676457030233e-05
/content/Dataset/Test/Fake/fake_839.jpg,0,0,True,0.9999747276306152,2.5281822672695853e-05
/content/Dataset/Test/Fake/fake_84.jpg,0,0,True,0.9999657869338989,3.4152766602346674e-05
/content/Dataset/Test/Fake/fake_840.jpg,0,0,True,0.9999773502349854,2.2605036065215245e-05
/content/Dataset/Test/Fake/fake_841.jpg,0,0,True,0.9999783039093018,2.1741310774814337e-05
/content/Dataset/Test/Fake/fake_842.jpg,0,0,True,0.999977707862854,2.2347354388330132e-05
/content/Dataset/Test/Fake/fake_843.jpg,0,0,True,0.9999767541885376,2.3219430659082718e-05
/content/Dataset/Test/Fake/fake_844.jpg,0,0,True,0.9999785423278809,2.1465450117830187e-05
/content/Dataset/Test/Fake/fake_845.jpg,0,0,True,0.9999740123748779,2.5954508600989357e-05
/content/Dataset/Test/Fake/fake_846.jpg,0,0,True,0.9999783039093018,2.168827450077515e-05
/content/Dataset/Test/Fake/fake_847.jpg,0,0,True,0.9999754428863525,2.455261164868716e-05
/content/Dataset/Test/Fake/fake_848.jpg,0,0,True,0.9999759197235107,2.403767211944796e-05
/content/Dataset/Test/Fake/fake_849.jpg,0,0,True,0.9999793767929077,2.0623461750801653e-05
/content/Dataset/Test/Fake/fake_85.jpg,0,0,True,0.9809655547142029,0.019034530967473984
/content/Dataset/Test/Fake/fake_850.jpg,0,0,True,0.9999747276306152,2.5252233172068372e-05
/content/Dataset/Test/Fake/fake_851.jpg,0,0,True,0.9999756813049316,2.4311508241225965e-05
/content/Dataset/Test/Fake/fake_852.jpg,0,0,True,0.9999749660491943,2.5056200684048235e-05
/content/Dataset/Test/Fake/fake_853.jpg,0,0,True,0.9999699592590332,3.0000039259903133e-05
/content/Dataset/Test/Fake/fake_854.jpg,0,0,True,0.9999737739562988,2.6264779080520384e-05
/content/Dataset/Test/Fake/fake_855.jpg,0,0,True,0.9999735355377197,2.6434845494804904e-05
/content/Dataset/Test/Fake/fake_856.jpg,0,0,True,0.9999788999557495,2.1070445654913783e-05
/content/Dataset/Test/Fake/fake_857.jpg,0,0,True,0.999976396560669,2.3547900127596222e-05
/content/Dataset/Test/Fake/fake_858.jpg,0,0,True,0.9999765157699585,2.3437762138200924e-05
/content/Dataset/Test/Fake/fake_859.jpg,0,0,True,0.9999750852584839,2.4902550649130717e-05
/content/Dataset/Test/Fake/fake_86.jpg,0,0,True,0.5175051093101501,0.48249486088752747
/content/Dataset/Test/Fake/fake_860.jpg,0,0,True,0.9999740123748779,2.5930314222932793e-05
/content/Dataset/Test/Fake/fake_861.jpg,0,0,True,0.9999659061431885,3.413785816519521e-05
/content/Dataset/Test/Fake/fake_862.jpg,0,0,True,0.9999746084213257,2.5414339688722976e-05
/content/Dataset/Test/Fake/fake_863.jpg,0,0,True,0.9999762773513794,2.3748028979753144e-05
/content/Dataset/Test/Fake/fake_864.jpg,0,0,True,0.9999788999557495,2.1101250240462832e-05
/content/Dataset/Test/Fake/fake_865.jpg,0,0,True,0.9999783039093018,2.169996514567174e-05
/content/Dataset/Test/Fake/fake_866.jpg,0,0,True,0.9999758005142212,2.424491867714096e-05
/content/Dataset/Test/Fake/fake_867.jpg,0,0,True,0.9999771118164062,2.2888641979079694e-05
/content/Dataset/Test/Fake/fake_868.jpg,0,0,True,0.999974250793457,2.5799241484492086e-05
/content/Dataset/Test/Fake/fake_869.jpg,0,0,True,0.9999749660491943,2.5053286663023755e-05
/content/Dataset/Test/Fake/fake_87.jpg,0,0,True,0.9999014139175415,9.857088298304006e-05
/content/Dataset/Test/Fake/fake_870.jpg,0,0,True,0.9999780654907227,2.19638786802534e-05
/content/Dataset/Test/Fake/fake_871.jpg,0,0,True,0.9999759197235107,2.402909922238905e-05
/content/Dataset/Test/Fake/fake_872.jpg,0,0,True,0.9999759197235107,2.40683166339295e-05
/content/Dataset/Test/Fake/fake_873.jpg,0,0,True,0.9999738931655884,2.6130643163924105e-05
/content/Dataset/Test/Fake/fake_874.jpg,0,0,True,0.9999728202819824,2.7236997993895784e-05
/content/Dataset/Test/Fake/fake_875.jpg,0,0,True,0.9999750852584839,2.490005863364786e-05
/content/Dataset/Test/Fake/fake_876.jpg,0,0,True,0.9999759197235107,2.4057624614215456e-05
/content/Dataset/Test/Fake/fake_877.jpg,0,0,True,0.9999780654907227,2.1991734683979303e-05
/content/Dataset/Test/Fake/fake_878.jpg,0,0,True,0.9999707937240601,2.9214843380032107e-05
/content/Dataset/Test/Fake/fake_879.jpg,0,0,True,0.9999784231185913,2.1635556549881585e-05
/content/Dataset/Test/Fake/fake_88.jpg,0,0,True,0.9999605417251587,3.94289345422294e-05
/content/Dataset/Test/Fake/fake_880.jpg,0,0,True,0.9999737739562988,2.626951209094841e-05
/content/Dataset/Test/Fake/fake_881.jpg,0,0,True,0.9999710321426392,2.893195596698206e-05
/content/Dataset/Test/Fake/fake_882.jpg,0,0,True,0.9999767541885376,2.3222020899993367e-05
/content/Dataset/Test/Fake/fake_883.jpg,0,0,True,0.9999743700027466,2.5671275579952635e-05
/content/Dataset/Test/Fake/fake_884.jpg,0,0,True,0.9999780654907227,2.1903049855609424e-05
/content/Dataset/Test/Fake/fake_885.jpg,0,0,True,0.9999771118164062,2.2897769667906687e-05
/content/Dataset/Test/Fake/fake_886.jpg,0,0,True,0.9999750852584839,2.4885790480766445e-05
/content/Dataset/Test/Fake/fake_887.jpg,0,0,True,0.9999768733978271,2.3184162273537368e-05
/content/Dataset/Test/Fake/fake_888.jpg,0,0,True,0.9999754428863525,2.4552751710871235e-05
/content/Dataset/Test/Fake/fake_889.jpg,0,0,True,0.9999735355377197,2.6444957256899215e-05
/content/Dataset/Test/Fake/fake_89.jpg,0,0,True,0.9999740123748779,2.600242441985756e-05
/content/Dataset/Test/Fake/fake_890.jpg,0,0,True,0.9999657869338989,3.416544132051058e-05
/content/Dataset/Test/Fake/fake_891.jpg,0,0,True,0.9999768733978271,2.308606963197235e-05
/content/Dataset/Test/Fake/fake_892.jpg,0,0,True,0.9999740123748779,2.6023162718047388e-05
/content/Dataset/Test/Fake/fake_893.jpg,0,0,True,0.999974250793457,2.570954166003503e-05
/content/Dataset/Test/Fake/fake_894.jpg,0,0,True,0.9999774694442749,2.2563945094589144e-05
/content/Dataset/Test/Fake/fake_895.jpg,0,0,True,0.9999774694442749,2.2494137738249265e-05
/content/Dataset/Test/Fake/fake_896.jpg,0,0,True,0.999974250793457,2.5703218852868304e-05
/content/Dataset/Test/Fake/fake_897.jpg,0,0,True,0.9999756813049316,2.429713640594855e-05
/content/Dataset/Test/Fake/fake_898.jpg,0,0,True,0.9999769926071167,2.3031470846035518e-05
/content/Dataset/Test/Fake/fake_899.jpg,0,0,True,0.9999767541885376,2.3299508029595017e-05
/content/Dataset/Test/Fake/fake_9.jpg,0,0,True,0.9999769926071167,2.2990672732703388e-05
/content/Dataset/Test/Fake/fake_90.jpg,0,0,True,0.9999730587005615,2.695233342819847e-05
/content/Dataset/Test/Fake/fake_900.jpg,0,0,True,0.9999749660491943,2.5085419110837393e-05
/content/Dataset/Test/Fake/fake_901.jpg,0,0,True,0.9999778270721436,2.2117586922831833e-05
/content/Dataset/Test/Fake/fake_902.jpg,0,0,True,0.9999774694442749,2.2581896701012738e-05
/content/Dataset/Test/Fake/fake_903.jpg,0,0,True,0.9999758005142212,2.4236969693447463e-05
/content/Dataset/Test/Fake/fake_904.jpg,0,0,True,0.9999747276306152,2.529696939745918e-05
/content/Dataset/Test/Fake/fake_905.jpg,0,0,True,0.9999762773513794,2.366546141274739e-05
/content/Dataset/Test/Fake/fake_906.jpg,0,0,True,0.9999710321426392,2.8938882678630762e-05
/content/Dataset/Test/Fake/fake_907.jpg,0,0,True,0.9999780654907227,2.1991629182593897e-05
/content/Dataset/Test/Fake/fake_908.jpg,0,0,True,0.999975323677063,2.4647199097671546e-05
/content/Dataset/Test/Fake/fake_909.jpg,0,0,True,0.9999775886535645,2.236811997136101e-05
/content/Dataset/Test/Fake/fake_91.jpg,0,0,True,0.9999690055847168,3.104880670434795e-05
/content/Dataset/Test/Fake/fake_910.jpg,0,0,True,0.9999772310256958,2.2820640879217535e-05
/content/Dataset/Test/Fake/fake_911.jpg,0,0,True,0.9999785423278809,2.1461110009113327e-05
/content/Dataset/Test/Fake/fake_912.jpg,0,0,True,0.9999669790267944,3.302210825495422e-05
/content/Dataset/Test/Fake/fake_913.jpg,0,0,True,0.9999743700027466,2.5586072297301143e-05
/content/Dataset/Test/Fake/fake_914.jpg,0,0,True,0.9999767541885376,2.3280315872398205e-05
/content/Dataset/Test/Fake/fake_915.jpg,0,0,True,0.9999765157699585,2.349196256545838e-05
/content/Dataset/Test/Fake/fake_916.jpg,0,0,True,0.9958273768424988,0.004172576125711203
/content/Dataset/Test/Fake/fake_917.jpg,0,0,True,0.9999790191650391,2.096809294016566e-05
/content/Dataset/Test/Fake/fake_918.jpg,0,0,True,0.9999761581420898,2.3858849090174772e-05
/content/Dataset/Test/Fake/fake_919.jpg,0,0,True,0.999970555305481,2.944961488537956e-05
/content/Dataset/Test/Fake/fake_92.jpg,0,0,True,0.9999644756317139,3.552232374204323e-05
/content/Dataset/Test/Fake/fake_920.jpg,0,0,True,0.99997878074646,2.1193010979914106e-05
/content/Dataset/Test/Fake/fake_921.jpg,0,0,True,0.9999769926071167,2.305927046108991e-05
/content/Dataset/Test/Fake/fake_922.jpg,0,0,True,0.999977707862854,2.2278665710473433e-05
/content/Dataset/Test/Fake/fake_923.jpg,0,0,True,0.9999748468399048,2.5133236704277806e-05
/content/Dataset/Test/Fake/fake_924.jpg,0,0,True,0.9999731779098511,2.682440390344709e-05
/content/Dataset/Test/Fake/fake_925.jpg,0,0,True,0.9999641180038452,3.5826808016281575e-05
/content/Dataset/Test/Fake/fake_926.jpg,0,0,True,0.9999771118164062,2.2886873921379447e-05
/content/Dataset/Test/Fake/fake_927.jpg,0,0,True,0.9999779462814331,2.2108122720965184e-05
/content/Dataset/Test/Fake/fake_928.jpg,0,0,True,0.9999748468399048,2.5161969460896216e-05
/content/Dataset/Test/Fake/fake_929.jpg,0,0,True,0.9999765157699585,2.3513972337241285e-05
/content/Dataset/Test/Fake/fake_93.jpg,0,0,True,0.9999769926071167,2.30420810112264e-05
/content/Dataset/Test/Fake/fake_930.jpg,0,0,True,0.9999774694442749,2.252936792501714e-05
/content/Dataset/Test/Fake/fake_931.jpg,0,0,True,0.9999680519104004,3.1919105822453275e-05
/content/Dataset/Test/Fake/fake_932.jpg,0,0,True,0.9999760389328003,2.3954009520821273e-05
/content/Dataset/Test/Fake/fake_933.jpg,0,0,True,0.9999772310256958,2.275145197927486e-05
/content/Dataset/Test/Fake/fake_934.jpg,0,0,True,0.9999775886535645,2.2448344680014998e-05
/content/Dataset/Test/Fake/fake_935.jpg,0,0,True,0.9999533891677856,4.663796062231995e-05
/content/Dataset/Test/Fake/fake_936.jpg,0,0,True,0.9999785423278809,2.1408064640127122e-05
/content/Dataset/Test/Fake/fake_937.jpg,0,0,True,0.9999765157699585,2.3530034013674594e-05
/content/Dataset/Test/Fake/fake_938.jpg,0,0,True,0.9999778270721436,2.2147243726067245e-05
/content/Dataset/Test/Fake/fake_939.jpg,0,0,True,0.9999785423278809,2.1458286937559023e-05
/content/Dataset/Test/Fake/fake_94.jpg,0,0,True,0.9999735355377197,2.642806612129789e-05
/content/Dataset/Test/Fake/fake_940.jpg,0,0,True,0.9999784231185913,2.154835055989679e-05
/content/Dataset/Test/Fake/fake_941.jpg,0,0,True,0.9999743700027466,2.5590172299416736e-05
/content/Dataset/Test/Fake/fake_942.jpg,0,0,True,0.9999740123748779,2.6032421374111436e-05
/content/Dataset/Test/Fake/fake_943.jpg,0,0,True,0.9999746084213257,2.536424290155992e-05
/content/Dataset/Test/Fake/fake_944.jpg,0,0,True,0.9999783039093018,2.1677831682609394e-05
/content/Dataset/Test/Fake/fake_945.jpg,0,0,True,0.9999690055847168,3.097481021541171e-05
/content/Dataset/Test/Fake/fake_946.jpg,0,0,True,0.9999756813049316,2.432419205433689e-05
/content/Dataset/Test/Fake/fake_947.jpg,0,0,True,0.9999785423278809,2.1451351130963303e-05
/content/Dataset/Test/Fake/fake_948.jpg,0,0,True,0.9999759197235107,2.4109209334710613e-05
/content/Dataset/Test/Fake/fake_949.jpg,0,0,True,0.9999773502349854,2.2696973246638663e-05
/content/Dataset/Test/Fake/fake_95.jpg,0,0,True,0.9999638795852661,3.609821942518465e-05
/content/Dataset/Test/Fake/fake_950.jpg,0,0,True,0.9999756813049316,2.4337115974049084e-05
/content/Dataset/Test/Fake/fake_951.jpg,0,0,True,0.999976634979248,2.340997707506176e-05
/content/Dataset/Test/Fake/fake_952.jpg,0,0,True,0.9999758005142212,2.417343966953922e-05
/content/Dataset/Test/Fake/fake_953.jpg,0,0,True,0.9999784231185913,2.155172114726156e-05
/content/Dataset/Test/Fake/fake_954.jpg,0,0,True,0.9999754428863525,2.4613142159068957e-05
/content/Dataset/Test/Fake/fake_955.jpg,0,0,True,0.9999767541885376,2.3208980564959347e-05
/content/Dataset/Test/Fake/fake_956.jpg,0,0,True,0.9999768733978271,2.315543679287657e-05
/content/Dataset/Test/Fake/fake_957.jpg,0,0,True,0.999977707862854,2.2328800696413964e-05
/content/Dataset/Test/Fake/fake_958.jpg,0,0,True,0.9999737739562988,2.628359834488947e-05
/content/Dataset/Test/Fake/fake_959.jpg,0,0,True,0.9999775886535645,2.240924550278578e-05
/content/Dataset/Test/Fake/fake_96.jpg,0,0,True,0.9999727010726929,2.7352176402928308e-05
/content/Dataset/Test/Fake/fake_960.jpg,0,0,True,0.9999761581420898,2.3878630599938333e-05
/content/Dataset/Test/Fake/fake_961.jpg,0,0,True,0.9999772310256958,2.2755162717658095e-05
/content/Dataset/Test/Fake/fake_962.jpg,0,0,True,0.9999765157699585,2.3504604541813023e-05
/content/Dataset/Test/Fake/fake_963.jpg,0,0,True,0.9999774694442749,2.2475418518297374e-05
/content/Dataset/Test/Fake/fake_964.jpg,0,0,True,0.999976396560669,2.362275517953094e-05
/content/Dataset/Test/Fake/fake_965.jpg,0,0,True,0.9999768733978271,2.3139298718888313e-05
/content/Dataset/Test/Fake/fake_966.jpg,0,0,True,0.9999550580978394,4.4992997572990134e-05
/content/Dataset/Test/Fake/fake_967.jpg,0,0,True,0.9999616146087646,3.837243639281951e-05
/content/Dataset/Test/Fake/fake_968.jpg,0,0,True,0.999975323677063,2.463986493239645e-05
/content/Dataset/Test/Fake/fake_969.jpg,0,0,True,0.9999783039093018,2.1734180336352438e-05
/content/Dataset/Test/Fake/fake_97.jpg,0,0,True,0.9999767541885376,2.3190572392195463e-05
/content/Dataset/Test/Fake/fake_970.jpg,0,0,True,0.9999736547470093,2.6319363314541988e-05
/content/Dataset/Test/Fake/fake_971.jpg,0,0,True,0.9999754428863525,2.4516155463061295e-05
/content/Dataset/Test/Fake/fake_972.jpg,0,0,True,0.9999785423278809,2.148400562873576e-05
/content/Dataset/Test/Fake/fake_973.jpg,0,0,True,0.999976634979248,2.3325426809606142e-05
/content/Dataset/Test/Fake/fake_974.jpg,0,0,True,0.999972939491272,2.7028079784940928e-05
/content/Dataset/Test/Fake/fake_975.jpg,0,0,True,0.9999755620956421,2.440954267513007e-05
/content/Dataset/Test/Fake/fake_976.jpg,0,0,True,0.9985085129737854,0.0014914653729647398
/content/Dataset/Test/Fake/fake_977.jpg,0,0,True,0.9999771118164062,2.293229590577539e-05
/content/Dataset/Test/Fake/fake_978.jpg,0,0,True,0.9999779462814331,2.2039412215235643e-05
/content/Dataset/Test/Fake/fake_979.jpg,0,0,True,0.9999784231185913,2.152590241166763e-05
/content/Dataset/Test/Fake/fake_98.jpg,0,0,True,0.9999768733978271,2.3083339328877628e-05
/content/Dataset/Test/Fake/fake_980.jpg,0,0,True,0.9999772310256958,2.2797237761551514e-05
/content/Dataset/Test/Fake/fake_981.jpg,0,0,True,0.9999772310256958,2.2744856323697604e-05
/content/Dataset/Test/Fake/fake_982.jpg,0,0,True,0.9999781847000122,2.1769421437056735e-05
/content/Dataset/Test/Fake/fake_983.jpg,0,0,True,0.927808403968811,0.07219164818525314
/content/Dataset/Test/Fake/fake_984.jpg,0,0,True,0.9999715089797974,2.8465010473155417e-05
/content/Dataset/Test/Fake/fake_985.jpg,0,0,True,0.9999587535858154,4.1240858990931883e-05
/content/Dataset/Test/Fake/fake_986.jpg,0,0,True,0.9999758005142212,2.421030876575969e-05
/content/Dataset/Test/Fake/fake_987.jpg,0,0,True,0.9999744892120361,2.545479583204724e-05
/content/Dataset/Test/Fake/fake_988.jpg,0,0,True,0.999976396560669,2.3621900254511274e-05
/content/Dataset/Test/Fake/fake_989.jpg,0,0,True,0.9999784231185913,2.160720578103792e-05
/content/Dataset/Test/Fake/fake_99.jpg,0,0,True,0.9999779462814331,2.2097709006629884e-05
/content/Dataset/Test/Fake/fake_990.jpg,0,0,True,0.9999724626541138,2.7511438020155765e-05
/content/Dataset/Test/Fake/fake_991.jpg,0,0,True,0.9999791383743286,2.083581784972921e-05
/content/Dataset/Test/Fake/fake_992.jpg,0,0,True,0.9999761581420898,2.3795610104571097e-05
/content/Dataset/Test/Fake/fake_993.jpg,0,0,True,0.999976634979248,2.3324048015638255e-05
/content/Dataset/Test/Fake/fake_994.jpg,0,0,True,0.9999698400497437,3.010424188687466e-05
/content/Dataset/Test/Fake/fake_995.jpg,0,0,True,0.9999750852584839,2.4953949832706712e-05
/content/Dataset/Test/Fake/fake_996.jpg,0,0,True,0.999977707862854,2.2312324290396646e-05
/content/Dataset/Test/Fake/fake_997.jpg,0,0,True,0.9999772310256958,2.2735141101293266e-05
/content/Dataset/Test/Fake/fake_998.jpg,0,0,True,0.9999759197235107,2.4037006369326264e-05
/content/Dataset/Test/Fake/fake_999.jpg,0,0,True,0.999977707862854,2.233493432868272e-05
/content/Dataset/Test/Real/real_0.jpg,1,1,True,2.374370160396211e-05,0.9999762773513794
/content/Dataset/Test/Real/real_1.jpg,1,1,True,2.4608800231362693e-05,0.9999754428863525
/content/Dataset/Test/Real/real_10.jpg,1,1,True,0.008493857458233833,0.9915061593055725
/content/Dataset/Test/Real/real_100.jpg,1,1,True,0.2873026132583618,0.7126973867416382
/content/Dataset/Test/Real/real_1000.jpg,1,1,True,2.310946183570195e-05,0.9999768733978271
/content/Dataset/Test/Real/real_1001.jpg,1,1,True,0.00024199944164138287,0.9997579455375671
/content/Dataset/Test/Real/real_1002.jpg,1,1,True,6.223753007361665e-05,0.9999377727508545
/content/Dataset/Test/Real/real_1003.jpg,1,1,True,0.00039254911825992167,0.999607503414154
/content/Dataset/Test/Real/real_1004.jpg,1,1,True,0.0030009455513209105,0.9969990253448486
/content/Dataset/Test/Real/real_1005.jpg,1,1,True,2.5593737518647686e-05,0.9999743700027466
/content/Dataset/Test/Real/real_1006.jpg,1,1,True,2.2103695300756954e-05,0.9999779462814331
/content/Dataset/Test/Real/real_1007.jpg,1,1,True,0.008992421440780163,0.9910076260566711
/content/Dataset/Test/Real/real_1008.jpg,1,1,True,2.2467233065981418e-05,0.9999775886535645
/content/Dataset/Test/Real/real_1009.jpg,1,1,True,2.0665240299422294e-05,0.9999793767929077
/content/Dataset/Test/Real/real_101.jpg,1,1,True,0.00013466595555655658,0.9998652935028076
/content/Dataset/Test/Real/real_1010.jpg,1,1,True,2.2447551600635052e-05,0.9999775886535645
/content/Dataset/Test/Real/real_1011.jpg,1,1,True,2.162833698093891e-05,0.9999784231185913
/content/Dataset/Test/Real/real_1012.jpg,1,1,True,2.086952554236632e-05,0.9999791383743286
/content/Dataset/Test/Real/real_1013.jpg,1,1,True,0.0030614484567195177,0.9969385862350464
/content/Dataset/Test/Real/real_1014.jpg,1,1,True,2.596599551907275e-05,0.9999740123748779
/content/Dataset/Test/Real/real_1015.jpg,1,1,True,0.0001105198753066361,0.9998894929885864
/content/Dataset/Test/Real/real_1016.jpg,1,1,True,2.1366335204220377e-05,0.9999786615371704
/content/Dataset/Test/Real/real_1017.jpg,1,1,True,3.6276294849812984e-05,0.9999637603759766
/content/Dataset/Test/Real/real_1018.jpg,1,1,True,2.8936869057361037e-05,0.9999710321426392
/content/Dataset/Test/Real/real_1019.jpg,1,1,True,2.8237738661118783e-05,0.9999717473983765
/content/Dataset/Test/Real/real_102.jpg,1,1,True,6.524843774968758e-05,0.9999347925186157
/content/Dataset/Test/Real/real_1020.jpg,1,1,True,0.0007633970235474408,0.9992365837097168
/content/Dataset/Test/Real/real_1021.jpg,1,1,True,2.2975111278356053e-05,0.9999769926071167
/content/Dataset/Test/Real/real_1022.jpg,1,1,True,2.618499638629146e-05,0.9999737739562988
/content/Dataset/Test/Real/real_1023.jpg,1,1,True,3.242619277443737e-05,0.9999675750732422
/content/Dataset/Test/Real/real_1024.jpg,1,1,True,2.4468461560900323e-05,0.9999755620956421
/content/Dataset/Test/Real/real_1025.jpg,1,1,True,2.4906519684009254e-05,0.9999750852584839
/content/Dataset/Test/Real/real_1026.jpg,1,1,True,2.063833744614385e-05,0.9999793767929077
/content/Dataset/Test/Real/real_1027.jpg,1,1,True,2.2936408640816808e-05,0.9999771118164062
/content/Dataset/Test/Real/real_1028.jpg,1,1,True,2.3989397959667258e-05,0.9999760389328003
/content/Dataset/Test/Real/real_1029.jpg,1,1,True,0.00010030866542365402,0.9998996257781982
/content/Dataset/Test/Real/real_103.jpg,1,1,True,6.89360749674961e-05,0.9999310970306396
/content/Dataset/Test/Real/real_1030.jpg,1,1,True,2.1527606804738753e-05,0.9999784231185913
/content/Dataset/Test/Real/real_1031.jpg,1,1,True,0.027358615770936012,0.9726414084434509
/content/Dataset/Test/Real/real_1032.jpg,1,1,True,4.346096466179006e-05,0.999956488609314
/content/Dataset/Test/Real/real_1033.jpg,1,1,True,7.041356002446264e-05,0.9999295473098755
/content/Dataset/Test/Real/real_1034.jpg,1,1,True,4.749794243252836e-05,0.9999525547027588
/content/Dataset/Test/Real/real_1035.jpg,1,1,True,2.1340576495276764e-05,0.9999786615371704
/content/Dataset/Test/Real/real_1036.jpg,1,1,True,3.100469257333316e-05,0.9999690055847168
/content/Dataset/Test/Real/real_1037.jpg,1,1,True,2.0556582967401482e-05,0.9999794960021973
/content/Dataset/Test/Real/real_1038.jpg,1,1,True,2.1251376892905682e-05,0.99997878074646
/content/Dataset/Test/Real/real_1039.jpg,1,1,True,2.4953616957645863e-05,0.9999750852584839
/content/Dataset/Test/Real/real_104.jpg,1,1,True,0.0004643134889192879,0.9995356798171997
/content/Dataset/Test/Real/real_1040.jpg,1,1,True,2.195112574554514e-05,0.9999780654907227
/content/Dataset/Test/Real/real_1041.jpg,1,1,True,2.2696409359923564e-05,0.9999773502349854
/content/Dataset/Test/Real/real_1042.jpg,1,1,True,2.3691045498708263e-05,0.9999762773513794
/content/Dataset/Test/Real/real_1043.jpg,1,1,True,2.5689590984256938e-05,0.999974250793457
/content/Dataset/Test/Real/real_1044.jpg,1,1,True,2.7627675081021152e-05,0.9999723434448242
/content/Dataset/Test/Real/real_1045.jpg,1,1,True,9.556341683492064e-05,0.9999043941497803
/content/Dataset/Test/Real/real_1046.jpg,1,1,True,2.4678551199031062e-05,0.999975323677063
/content/Dataset/Test/Real/real_1047.jpg,1,0,False,0.9998453855514526,0.00015457429981324822
/content/Dataset/Test/Real/real_1048.jpg,1,0,False,0.9999737739562988,2.6216830519842915e-05
/content/Dataset/Test/Real/real_1049.jpg,1,1,True,0.00021687403204850852,0.9997830986976624
/content/Dataset/Test/Real/real_105.jpg,1,1,True,0.0008377076010219753,0.9991623163223267
/content/Dataset/Test/Real/real_1050.jpg,1,1,True,0.0021149113308638334,0.9978850483894348
/content/Dataset/Test/Real/real_1051.jpg,1,1,True,2.7282725568511523e-05,0.9999727010726929
/content/Dataset/Test/Real/real_1052.jpg,1,1,True,2.3824743038858287e-05,0.9999761581420898
/content/Dataset/Test/Real/real_1053.jpg,1,1,True,3.538850069162436e-05,0.9999645948410034
/content/Dataset/Test/Real/real_1054.jpg,1,1,True,5.148319178260863e-05,0.9999485015869141
/content/Dataset/Test/Real/real_1055.jpg,1,1,True,2.2187581635080278e-05,0.9999778270721436
/content/Dataset/Test/Real/real_1056.jpg,1,1,True,2.7298701752442867e-05,0.9999727010726929
/content/Dataset/Test/Real/real_1057.jpg,1,1,True,4.0115683077601716e-05,0.9999598264694214
/content/Dataset/Test/Real/real_1058.jpg,1,0,False,0.9999164342880249,8.352199802175164e-05
/content/Dataset/Test/Real/real_1059.jpg,1,0,False,0.8175968527793884,0.18240320682525635
/content/Dataset/Test/Real/real_106.jpg,1,1,True,2.280958869960159e-05,0.9999772310256958
/content/Dataset/Test/Real/real_1060.jpg,1,1,True,0.4634304344654083,0.5365695953369141
/content/Dataset/Test/Real/real_1061.jpg,1,1,True,0.00018457658006809652,0.9998154044151306
/content/Dataset/Test/Real/real_1062.jpg,1,1,True,7.974187610670924e-05,0.9999202489852905
/content/Dataset/Test/Real/real_1063.jpg,1,1,True,0.00011044338316423818,0.9998894929885864
/content/Dataset/Test/Real/real_1064.jpg,1,1,True,2.8246302463230677e-05,0.9999717473983765
/content/Dataset/Test/Real/real_1065.jpg,1,1,True,4.077347330166958e-05,0.9999592304229736
/content/Dataset/Test/Real/real_1066.jpg,1,0,False,0.9994990825653076,0.0005009612650610507
/content/Dataset/Test/Real/real_1067.jpg,1,1,True,0.0605737641453743,0.9394261837005615
/content/Dataset/Test/Real/real_1068.jpg,1,1,True,5.3591553296428174e-05,0.9999463558197021
/content/Dataset/Test/Real/real_1069.jpg,1,1,True,0.061574116349220276,0.9384258985519409
/content/Dataset/Test/Real/real_107.jpg,1,1,True,2.1707000996684656e-05,0.9999783039093018
/content/Dataset/Test/Real/real_1070.jpg,1,1,True,2.224599120381754e-05,0.999977707862854
/content/Dataset/Test/Real/real_1071.jpg,1,1,True,3.61565180355683e-05,0.9999638795852661
/content/Dataset/Test/Real/real_1072.jpg,1,1,True,2.23937131522689e-05,0.9999775886535645
/content/Dataset/Test/Real/real_1073.jpg,1,1,True,4.1493178287055343e-05,0.9999585151672363
/content/Dataset/Test/Real/real_1074.jpg,1,1,True,2.1894822566537187e-05,0.9999780654907227
/content/Dataset/Test/Real/real_1075.jpg,1,1,True,2.5385032131453045e-05,0.9999746084213257
/content/Dataset/Test/Real/real_1076.jpg,1,1,True,0.05173371359705925,0.9482662677764893
/content/Dataset/Test/Real/real_1077.jpg,1,1,True,3.320485120639205e-05,0.9999667406082153
/content/Dataset/Test/Real/real_1078.jpg,1,1,True,2.356852564844303e-05,0.999976396560669
/content/Dataset/Test/Real/real_1079.jpg,1,1,True,2.304663030372467e-05,0.9999769926071167
/content/Dataset/Test/Real/real_108.jpg,1,1,True,5.96626523474697e-05,0.9999402761459351
/content/Dataset/Test/Real/real_1080.jpg,1,1,True,5.3690950153395534e-05,0.9999463558197021
/content/Dataset/Test/Real/real_1081.jpg,1,1,True,4.003485446446575e-05,0.9999599456787109
/content/Dataset/Test/Real/real_1082.jpg,1,1,True,0.0005343560478650033,0.9994656443595886
/content/Dataset/Test/Real/real_1083.jpg,1,1,True,2.251115620310884e-05,0.9999774694442749
/content/Dataset/Test/Real/real_1084.jpg,1,1,True,0.00012335774954408407,0.9998766183853149
/content/Dataset/Test/Real/real_1085.jpg,1,1,True,2.4916877009673044e-05,0.9999750852584839
/content/Dataset/Test/Real/real_1086.jpg,1,1,True,4.5664291974389926e-05,0.999954342842102
/content/Dataset/Test/Real/real_1087.jpg,1,1,True,2.271964513056446e-05,0.9999772310256958
/content/Dataset/Test/Real/real_1088.jpg,1,1,True,5.275721559883095e-05,0.999947190284729
/content/Dataset/Test/Real/real_1089.jpg,1,1,True,2.2343732780427672e-05,0.999977707862854
/content/Dataset/Test/Real/real_109.jpg,1,1,True,2.5373195967404172e-05,0.9999746084213257
/content/Dataset/Test/Real/real_1090.jpg,1,0,False,0.9999648332595825,3.516076321830042e-05
/content/Dataset/Test/Real/real_1091.jpg,1,1,True,2.745432902884204e-05,0.9999725818634033
/content/Dataset/Test/Real/real_1092.jpg,1,1,True,3.283119804109447e-05,0.9999672174453735
/content/Dataset/Test/Real/real_1093.jpg,1,1,True,6.677794590359554e-05,0.9999332427978516
/content/Dataset/Test/Real/real_1094.jpg,1,1,True,8.734859875403345e-05,0.9999126195907593
/content/Dataset/Test/Real/real_1095.jpg,1,1,True,8.439764496870339e-05,0.999915599822998
/content/Dataset/Test/Real/real_1096.jpg,1,1,True,6.954624404897913e-05,0.9999305009841919
/content/Dataset/Test/Real/real_1097.jpg,1,1,True,3.633022788562812e-05,0.999963641166687
/content/Dataset/Test/Real/real_1098.jpg,1,1,True,2.0878223949694075e-05,0.9999791383743286
/content/Dataset/Test/Real/real_1099.jpg,1,1,True,2.3355967641691677e-05,0.999976634979248
/content/Dataset/Test/Real/real_11.jpg,1,1,True,2.32181901083095e-05,0.9999767541885376
/content/Dataset/Test/Real/real_110.jpg,1,0,False,0.9914621710777283,0.008537781424820423
/content/Dataset/Test/Real/real_1100.jpg,1,1,True,3.339682371006347e-05,0.9999666213989258
/content/Dataset/Test/Real/real_1101.jpg,1,1,True,2.091568967443891e-05,0.9999791383743286
/content/Dataset/Test/Real/real_1102.jpg,1,1,True,2.0234163457644172e-05,0.9999797344207764
/content/Dataset/Test/Real/real_1103.jpg,1,1,True,0.0004509620775934309,0.9995489716529846
/content/Dataset/Test/Real/real_1104.jpg,1,1,True,0.0004972106544300914,0.9995027780532837
/content/Dataset/Test/Real/real_1105.jpg,1,1,True,2.209564445365686e-05,0.9999779462814331
/content/Dataset/Test/Real/real_1106.jpg,1,1,True,3.623168959165923e-05,0.9999637603759766
/content/Dataset/Test/Real/real_1107.jpg,1,1,True,4.0710725443204865e-05,0.9999592304229736
/content/Dataset/Test/Real/real_1108.jpg,1,1,True,5.312282883096486e-05,0.9999468326568604
/content/Dataset/Test/Real/real_1109.jpg,1,1,True,0.02989770658314228,0.9701022505760193
/content/Dataset/Test/Real/real_111.jpg,1,0,False,0.8370921015739441,0.1629078984260559
/content/Dataset/Test/Real/real_1110.jpg,1,1,True,2.355684046051465e-05,0.999976396560669
/content/Dataset/Test/Real/real_1111.jpg,1,1,True,2.351477996853646e-05,0.9999765157699585
/content/Dataset/Test/Real/real_1112.jpg,1,1,True,3.2815889426274225e-05,0.9999672174453735
/content/Dataset/Test/Real/real_1113.jpg,1,1,True,2.2535170501214452e-05,0.9999774694442749
/content/Dataset/Test/Real/real_1114.jpg,1,1,True,2.227713594038505e-05,0.999977707862854
/content/Dataset/Test/Real/real_1115.jpg,1,0,False,0.9098981022834778,0.0901019498705864
/content/Dataset/Test/Real/real_1116.jpg,1,0,False,0.577638566493988,0.4223614037036896
/content/Dataset/Test/Real/real_1117.jpg,1,1,True,7.018911855993792e-05,0.9999297857284546
/content/Dataset/Test/Real/real_1118.jpg,1,1,True,2.400031553406734e-05,0.9999760389328003
/content/Dataset/Test/Real/real_1119.jpg,1,1,True,2.2978529159445316e-05,0.9999769926071167
/content/Dataset/Test/Real/real_112.jpg,1,1,True,0.00014342348731588572,0.9998565912246704
/content/Dataset/Test/Real/real_1120.jpg,1,1,True,4.962208549841307e-05,0.9999504089355469
/content/Dataset/Test/Real/real_1121.jpg,1,1,True,2.2864251150167547e-05,0.9999771118164062
/content/Dataset/Test/Real/real_1122.jpg,1,1,True,2.5608484065742232e-05,0.9999743700027466
/content/Dataset/Test/Real/real_1123.jpg,1,1,True,2.2679598259855993e-05,0.9999773502349854
/content/Dataset/Test/Real/real_1124.jpg,1,1,True,0.026322100311517715,0.9736778736114502
/content/Dataset/Test/Real/real_1125.jpg,1,1,True,4.7969340812414885e-05,0.9999520778656006
/content/Dataset/Test/Real/real_1126.jpg,1,0,False,0.997927188873291,0.0020728439558297396
/content/Dataset/Test/Real/real_1127.jpg,1,0,False,0.8231959342956543,0.1768040508031845
/content/Dataset/Test/Real/real_1128.jpg,1,1,True,9.946211503120139e-05,0.9999005794525146
/content/Dataset/Test/Real/real_1129.jpg,1,1,True,2.2359505237545818e-05,0.9999775886535645
/content/Dataset/Test/Real/real_113.jpg,1,1,True,0.0012133868876844645,0.9987866282463074
/content/Dataset/Test/Real/real_1130.jpg,1,1,True,0.0012291037710383534,0.9987708926200867
/content/Dataset/Test/Real/real_1131.jpg,1,1,True,0.0001334782864432782,0.9998664855957031
/content/Dataset/Test/Real/real_1132.jpg,1,1,True,2.2273650756687857e-05,0.999977707862854
/content/Dataset/Test/Real/real_1133.jpg,1,1,True,2.854329977708403e-05,0.9999715089797974
/content/Dataset/Test/Real/real_1134.jpg,1,1,True,0.00011863323743455112,0.999881386756897
/content/Dataset/Test/Real/real_1135.jpg,1,1,True,0.00011766984243877232,0.9998823404312134
/content/Dataset/Test/Real/real_1136.jpg,1,1,True,7.373779953923076e-05,0.9999262094497681
/content/Dataset/Test/Real/real_1137.jpg,1,1,True,3.168587863910943e-05,0.9999682903289795
/content/Dataset/Test/Real/real_1138.jpg,1,1,True,2.487625170033425e-05,0.9999750852584839
/content/Dataset/Test/Real/real_1139.jpg,1,1,True,2.2353877284331247e-05,0.9999775886535645
/content/Dataset/Test/Real/real_114.jpg,1,0,False,0.8348438739776611,0.16515614092350006
/content/Dataset/Test/Real/real_1140.jpg,1,1,True,0.00047757680295035243,0.9995224475860596
/content/Dataset/Test/Real/real_1141.jpg,1,1,True,2.180123010475654e-05,0.9999781847000122
/content/Dataset/Test/Real/real_1142.jpg,1,1,True,2.824299008352682e-05,0.9999717473983765
/content/Dataset/Test/Real/real_1143.jpg,1,1,True,4.166267899563536e-05,0.9999582767486572
/content/Dataset/Test/Real/real_1144.jpg,1,1,True,2.2153497411636636e-05,0.9999778270721436
/content/Dataset/Test/Real/real_1145.jpg,1,1,True,3.508761074044742e-05,0.9999649524688721
/content/Dataset/Test/Real/real_1146.jpg,1,1,True,2.577044506324455e-05,0.999974250793457
/content/Dataset/Test/Real/real_1147.jpg,1,1,True,0.00014657140127383173,0.9998533725738525
/content/Dataset/Test/Real/real_1148.jpg,1,1,True,2.8012413167743944e-05,0.9999719858169556
/content/Dataset/Test/Real/real_1149.jpg,1,1,True,2.1269666831358336e-05,0.99997878074646
/content/Dataset/Test/Real/real_115.jpg,1,1,True,0.003783765947446227,0.9962162375450134
/content/Dataset/Test/Real/real_1150.jpg,1,1,True,0.4780367910861969,0.5219631791114807
/content/Dataset/Test/Real/real_1151.jpg,1,1,True,5.488728857017122e-05,0.9999451637268066
/content/Dataset/Test/Real/real_1152.jpg,1,1,True,3.568928150343709e-05,0.9999643564224243
/content/Dataset/Test/Real/real_1153.jpg,1,1,True,3.31104347424116e-05,0.9999668598175049
/content/Dataset/Test/Real/real_1154.jpg,1,1,True,4.50098559667822e-05,0.9999549388885498
/content/Dataset/Test/Real/real_1155.jpg,1,1,True,0.1901775747537613,0.8098224401473999
/content/Dataset/Test/Real/real_1156.jpg,1,1,True,0.0013584631960839033,0.9986415505409241
/content/Dataset/Test/Real/real_1157.jpg,1,1,True,8.575833635404706e-05,0.999914288520813
/content/Dataset/Test/Real/real_1158.jpg,1,1,True,6.778601527912542e-05,0.9999321699142456
/content/Dataset/Test/Real/real_1159.jpg,1,1,True,0.24879539012908936,0.7512046098709106
/content/Dataset/Test/Real/real_116.jpg,1,0,False,0.999933123588562,6.685688276775181e-05
/content/Dataset/Test/Real/real_1160.jpg,1,1,True,2.7257990950602107e-05,0.9999727010726929
/content/Dataset/Test/Real/real_1161.jpg,1,1,True,3.6028679460287094e-05,0.9999639987945557
/content/Dataset/Test/Real/real_1162.jpg,1,1,True,0.11196611076593399,0.888033926486969
/content/Dataset/Test/Real/real_1163.jpg,1,1,True,4.295518374419771e-05,0.9999570846557617
/content/Dataset/Test/Real/real_1164.jpg,1,1,True,9.795180812943727e-05,0.9999020099639893
/content/Dataset/Test/Real/real_1165.jpg,1,1,True,7.459028711309657e-05,0.9999253749847412
/content/Dataset/Test/Real/real_1166.jpg,1,1,True,6.359280814649537e-05,0.9999364614486694
/content/Dataset/Test/Real/real_1167.jpg,1,1,True,2.173990105802659e-05,0.9999783039093018
/content/Dataset/Test/Real/real_1168.jpg,1,1,True,2.200652306783013e-05,0.9999779462814331
/content/Dataset/Test/Real/real_1169.jpg,1,1,True,0.0011628662468865514,0.9988371729850769
/content/Dataset/Test/Real/real_117.jpg,1,0,False,0.9991389513015747,0.0008609662181697786
/content/Dataset/Test/Real/real_1170.jpg,1,1,True,5.2829214837402105e-05,0.999947190284729
/content/Dataset/Test/Real/real_1171.jpg,1,1,True,2.359396057727281e-05,0.999976396560669
/content/Dataset/Test/Real/real_1172.jpg,1,1,True,2.2638863811152987e-05,0.9999773502349854
/content/Dataset/Test/Real/real_1173.jpg,1,1,True,0.4460177719593048,0.5539821982383728
/content/Dataset/Test/Real/real_1174.jpg,1,1,True,3.461242886260152e-05,0.9999654293060303
/content/Dataset/Test/Real/real_1175.jpg,1,1,True,6.11066643614322e-05,0.9999388456344604
/content/Dataset/Test/Real/real_1176.jpg,1,1,True,2.394231705693528e-05,0.9999760389328003
/content/Dataset/Test/Real/real_1177.jpg,1,1,True,2.6764735594042577e-05,0.9999731779098511
/content/Dataset/Test/Real/real_1178.jpg,1,1,True,2.1811792976222932e-05,0.9999781847000122
/content/Dataset/Test/Real/real_1179.jpg,1,1,True,2.2512229406856932e-05,0.9999774694442749
/content/Dataset/Test/Real/real_118.jpg,1,1,True,2.5315310267615132e-05,0.9999747276306152
/content/Dataset/Test/Real/real_1180.jpg,1,1,True,9.725552808959037e-05,0.9999027252197266
/content/Dataset/Test/Real/real_1181.jpg,1,1,True,2.342545303690713e-05,0.9999765157699585
/content/Dataset/Test/Real/real_1182.jpg,1,1,True,4.6336190280271694e-05,0.9999536275863647
/content/Dataset/Test/Real/real_1183.jpg,1,1,True,2.370928632444702e-05,0.9999762773513794
/content/Dataset/Test/Real/real_1184.jpg,1,1,True,2.5677789381006733e-05,0.9999743700027466
/content/Dataset/Test/Real/real_1185.jpg,1,1,True,2.3706845240667462e-05,0.9999762773513794
/content/Dataset/Test/Real/real_1186.jpg,1,1,True,4.00403150706552e-05,0.9999599456787109
/content/Dataset/Test/Real/real_1187.jpg,1,1,True,5.714719736715779e-05,0.9999428987503052
/content/Dataset/Test/Real/real_1188.jpg,1,0,False,0.9999560117721558,4.403523416840471e-05
/content/Dataset/Test/Real/real_1189.jpg,1,1,True,2.541950198065024e-05,0.9999746084213257
/content/Dataset/Test/Real/real_119.jpg,1,1,True,0.0004330060910433531,0.9995669722557068
/content/Dataset/Test/Real/real_1190.jpg,1,1,True,2.1327594367903657e-05,0.9999786615371704
/content/Dataset/Test/Real/real_1191.jpg,1,1,True,2.222559487563558e-05,0.9999778270721436
/content/Dataset/Test/Real/real_1192.jpg,1,1,True,2.264175782329403e-05,0.9999773502349854
/content/Dataset/Test/Real/real_1193.jpg,1,1,True,2.254056562378537e-05,0.9999774694442749
/content/Dataset/Test/Real/real_1194.jpg,1,1,True,2.1179794202907942e-05,0.99997878074646
/content/Dataset/Test/Real/real_1195.jpg,1,0,False,0.9999113082885742,8.873104525264353e-05
/content/Dataset/Test/Real/real_1196.jpg,1,0,False,0.9997444748878479,0.0002554987440817058
/content/Dataset/Test/Real/real_1197.jpg,1,1,True,2.2682475901092403e-05,0.9999773502349854
/content/Dataset/Test/Real/real_1198.jpg,1,1,True,2.9781776902382262e-05,0.9999701976776123
/content/Dataset/Test/Real/real_1199.jpg,1,1,True,0.00011443698895163834,0.9998855590820312
/content/Dataset/Test/Real/real_12.jpg,1,1,True,8.014959166757762e-05,0.9999198913574219
/content/Dataset/Test/Real/real_120.jpg,1,0,False,0.9161707758903503,0.08382920920848846
/content/Dataset/Test/Real/real_1200.jpg,1,1,True,0.0007262725848704576,0.9992737174034119
/content/Dataset/Test/Real/real_1201.jpg,1,0,False,0.969773530960083,0.03022647462785244
/content/Dataset/Test/Real/real_1202.jpg,1,0,False,0.9999455213546753,5.444443740998395e-05
/content/Dataset/Test/Real/real_1203.jpg,1,1,True,0.00023942305415403098,0.9997605681419373
/content/Dataset/Test/Real/real_1204.jpg,1,1,True,3.130742334178649e-05,0.9999686479568481
/content/Dataset/Test/Real/real_1205.jpg,1,1,True,2.9630411518155597e-05,0.9999703168869019
/content/Dataset/Test/Real/real_1206.jpg,1,1,True,0.0022374687250703573,0.9977625608444214
/content/Dataset/Test/Real/real_1207.jpg,1,1,True,2.0447405404411256e-05,0.9999794960021973
/content/Dataset/Test/Real/real_1208.jpg,1,1,True,4.0656486817169935e-05,0.9999593496322632
/content/Dataset/Test/Real/real_1209.jpg,1,0,False,0.9500596523284912,0.049940310418605804
/content/Dataset/Test/Real/real_121.jpg,1,1,True,6.293317710515112e-05,0.9999370574951172
/content/Dataset/Test/Real/real_1210.jpg,1,1,True,3.4668948501348495e-05,0.9999653100967407
/content/Dataset/Test/Real/real_1211.jpg,1,1,True,0.0002470483595971018,0.999752938747406
/content/Dataset/Test/Real/real_1212.jpg,1,1,True,4.629207251127809e-05,0.9999537467956543
/content/Dataset/Test/Real/real_1213.jpg,1,1,True,2.3138705728342757e-05,0.9999768733978271
/content/Dataset/Test/Real/real_1214.jpg,1,0,False,0.9984471201896667,0.0015529254451394081
/content/Dataset/Test/Real/real_1215.jpg,1,0,False,0.9644374251365662,0.03556264564394951
/content/Dataset/Test/Real/real_1216.jpg,1,0,False,0.9983073472976685,0.0016926852986216545
/content/Dataset/Test/Real/real_1217.jpg,1,1,True,2.1051604562671855e-05,0.9999788999557495
/content/Dataset/Test/Real/real_1218.jpg,1,1,True,4.198114402242936e-05,0.9999580383300781
/content/Dataset/Test/Real/real_1219.jpg,1,1,True,2.1821490008733235e-05,0.9999781847000122
/content/Dataset/Test/Real/real_122.jpg,1,0,False,0.9963068962097168,0.003693067003041506
/content/Dataset/Test/Real/real_1220.jpg,1,1,True,2.5794961402425542e-05,0.999974250793457
/content/Dataset/Test/Real/real_1221.jpg,1,1,True,2.4073413442238234e-05,0.9999759197235107
/content/Dataset/Test/Real/real_1222.jpg,1,1,True,2.5539637135807425e-05,0.9999744892120361
/content/Dataset/Test/Real/real_1223.jpg,1,1,True,2.643673724378459e-05,0.9999735355377197
/content/Dataset/Test/Real/real_1224.jpg,1,1,True,2.327898437215481e-05,0.9999767541885376
/content/Dataset/Test/Real/real_1225.jpg,1,1,True,2.2045527657610364e-05,0.9999779462814331
/content/Dataset/Test/Real/real_1226.jpg,1,1,True,3.093242412433028e-05,0.9999691247940063
/content/Dataset/Test/Real/real_1227.jpg,1,1,True,6.339443643810228e-05,0.999936580657959
/content/Dataset/Test/Real/real_1228.jpg,1,1,True,0.09564348310232162,0.9043565392494202
/content/Dataset/Test/Real/real_1229.jpg,1,1,True,2.6177856852882542e-05,0.9999737739562988
/content/Dataset/Test/Real/real_123.jpg,1,1,True,2.2090798665885814e-05,0.9999779462814331
/content/Dataset/Test/Real/real_1230.jpg,1,1,True,3.650216604000889e-05,0.9999635219573975
/content/Dataset/Test/Real/real_1231.jpg,1,1,True,0.00017175485845655203,0.9998282194137573
/content/Dataset/Test/Real/real_1232.jpg,1,1,True,3.988631215179339e-05,0.9999600648880005
/content/Dataset/Test/Real/real_1233.jpg,1,1,True,2.227530967502389e-05,0.999977707862854
/content/Dataset/Test/Real/real_1234.jpg,1,1,True,2.771848267002497e-05,0.9999722242355347
/content/Dataset/Test/Real/real_1235.jpg,1,1,True,9.01425737538375e-05,0.9999098777770996
/content/Dataset/Test/Real/real_1236.jpg,1,1,True,0.00020417901396285743,0.9997958540916443
/content/Dataset/Test/Real/real_1237.jpg,1,1,True,2.3427621272276156e-05,0.9999765157699585
/content/Dataset/Test/Real/real_1238.jpg,1,1,True,2.3517963199992664e-05,0.9999765157699585
/content/Dataset/Test/Real/real_1239.jpg,1,1,True,6.392654904630035e-05,0.9999361038208008
/content/Dataset/Test/Real/real_124.jpg,1,0,False,0.999942421913147,5.752857759944163e-05
/content/Dataset/Test/Real/real_1240.jpg,1,1,True,2.4704688257770613e-05,0.999975323677063
/content/Dataset/Test/Real/real_1241.jpg,1,0,False,0.9948721528053284,0.005127770360559225
/content/Dataset/Test/Real/real_1242.jpg,1,1,True,2.2902442651684396e-05,0.9999771118164062
/content/Dataset/Test/Real/real_1243.jpg,1,1,True,2.1306370399543084e-05,0.9999786615371704
/content/Dataset/Test/Real/real_1244.jpg,1,1,True,5.836045602336526e-05,0.9999415874481201
/content/Dataset/Test/Real/real_1245.jpg,1,1,True,0.0005878623342141509,0.9994121789932251
/content/Dataset/Test/Real/real_1246.jpg,1,1,True,0.35783782601356506,0.6421621441841125
/content/Dataset/Test/Real/real_1247.jpg,1,1,True,9.341420081909746e-05,0.9999065399169922
/content/Dataset/Test/Real/real_1248.jpg,1,1,True,6.107638182584196e-05,0.99993896484375
/content/Dataset/Test/Real/real_1249.jpg,1,1,True,0.00038674764800816774,0.9996132254600525
/content/Dataset/Test/Real/real_125.jpg,1,1,True,0.0006545892683789134,0.9993453621864319
/content/Dataset/Test/Real/real_1250.jpg,1,1,True,2.7825137294712476e-05,0.9999722242355347
/content/Dataset/Test/Real/real_1251.jpg,1,1,True,0.0003010577638633549,0.9996989965438843
/content/Dataset/Test/Real/real_1252.jpg,1,1,True,7.579517841804773e-05,0.9999241828918457
/content/Dataset/Test/Real/real_1253.jpg,1,1,True,0.009057206101715565,0.9909427762031555
/content/Dataset/Test/Real/real_1254.jpg,1,1,True,2.6184547095908783e-05,0.9999737739562988
/content/Dataset/Test/Real/real_1255.jpg,1,1,True,2.2785869077779353e-05,0.9999772310256958
/content/Dataset/Test/Real/real_1256.jpg,1,1,True,3.122721318504773e-05,0.9999687671661377
/content/Dataset/Test/Real/real_1257.jpg,1,1,True,2.1413108697743155e-05,0.9999785423278809
/content/Dataset/Test/Real/real_1258.jpg,1,1,True,2.3885120754130185e-05,0.9999761581420898
/content/Dataset/Test/Real/real_1259.jpg,1,1,True,2.7094562028651126e-05,0.999972939491272
/content/Dataset/Test/Real/real_126.jpg,1,0,False,0.7625066041946411,0.2374933660030365
/content/Dataset/Test/Real/real_1260.jpg,1,1,True,4.383349369163625e-05,0.9999561309814453
/content/Dataset/Test/Real/real_1261.jpg,1,1,True,2.1988400476402603e-05,0.9999780654907227
/content/Dataset/Test/Real/real_1262.jpg,1,1,True,2.3660431907046586e-05,0.999976396560669
/content/Dataset/Test/Real/real_1263.jpg,1,1,True,8.66043774294667e-05,0.9999133348464966
/content/Dataset/Test/Real/real_1264.jpg,1,1,True,0.0002740342461038381,0.9997259974479675
/content/Dataset/Test/Real/real_1265.jpg,1,1,True,0.0005936682573519647,0.9994063377380371
/content/Dataset/Test/Real/real_1266.jpg,1,1,True,2.34510880545713e-05,0.9999765157699585
/content/Dataset/Test/Real/real_1267.jpg,1,1,True,0.00011201235611224547,0.9998879432678223
/content/Dataset/Test/Real/real_1268.jpg,1,1,True,0.16586501896381378,0.8341349959373474
/content/Dataset/Test/Real/real_1269.jpg,1,1,True,0.0002835633640643209,0.9997164607048035
/content/Dataset/Test/Real/real_127.jpg,1,1,True,0.0048138974234461784,0.9951861500740051
/content/Dataset/Test/Real/real_1270.jpg,1,1,True,0.07663008570671082,0.9233699440956116
/content/Dataset/Test/Real/real_1271.jpg,1,1,True,0.002382246544584632,0.997617781162262
/content/Dataset/Test/Real/real_1272.jpg,1,1,True,2.934557960543316e-05,0.9999706745147705
/content/Dataset/Test/Real/real_1273.jpg,1,1,True,2.1718307834817097e-05,0.9999783039093018
/content/Dataset/Test/Real/real_1274.jpg,1,1,True,7.267441833391786e-05,0.999927282333374
/content/Dataset/Test/Real/real_1275.jpg,1,1,True,6.486404890893027e-05,0.9999351501464844
/content/Dataset/Test/Real/real_1276.jpg,1,1,True,0.00018151082622352988,0.9998185038566589
/content/Dataset/Test/Real/real_1277.jpg,1,1,True,0.00023803893418516964,0.9997619986534119
/content/Dataset/Test/Real/real_1278.jpg,1,1,True,0.007843543775379658,0.9921563863754272
/content/Dataset/Test/Real/real_1279.jpg,1,1,True,0.00010466457752045244,0.9998953342437744
/content/Dataset/Test/Real/real_128.jpg,1,0,False,0.6871507167816162,0.3128492534160614
/content/Dataset/Test/Real/real_1280.jpg,1,1,True,2.463211421854794e-05,0.999975323677063
/content/Dataset/Test/Real/real_1281.jpg,1,1,True,2.1292740711942315e-05,0.9999786615371704
/content/Dataset/Test/Real/real_1282.jpg,1,1,True,2.2354557586368173e-05,0.9999775886535645
/content/Dataset/Test/Real/real_1283.jpg,1,1,True,2.182250864279922e-05,0.9999781847000122
/content/Dataset/Test/Real/real_1284.jpg,1,1,True,2.1844560251338407e-05,0.9999781847000122
/content/Dataset/Test/Real/real_1285.jpg,1,1,True,2.4536060664104298e-05,0.9999754428863525
/content/Dataset/Test/Real/real_1286.jpg,1,1,True,3.7394849641714245e-05,0.999962568283081
/content/Dataset/Test/Real/real_1287.jpg,1,1,True,2.107241380144842e-05,0.9999788999557495
/content/Dataset/Test/Real/real_1288.jpg,1,1,True,2.4373350242967717e-05,0.9999756813049316
/content/Dataset/Test/Real/real_1289.jpg,1,1,True,0.00010021076741395518,0.9998997449874878
/content/Dataset/Test/Real/real_129.jpg,1,1,True,2.1845975425094366e-05,0.9999781847000122
/content/Dataset/Test/Real/real_1290.jpg,1,1,True,0.2722506523132324,0.7277493476867676
/content/Dataset/Test/Real/real_1291.jpg,1,1,True,2.4242977815447375e-05,0.9999758005142212
/content/Dataset/Test/Real/real_1292.jpg,1,1,True,5.480464824358933e-05,0.9999451637268066
/content/Dataset/Test/Real/real_1293.jpg,1,1,True,3.5104614653391764e-05,0.9999649524688721
/content/Dataset/Test/Real/real_1294.jpg,1,1,True,2.6536357836448587e-05,0.9999734163284302
/content/Dataset/Test/Real/real_1295.jpg,1,1,True,0.0003873369423672557,0.9996127486228943
/content/Dataset/Test/Real/real_1296.jpg,1,1,True,4.141059980611317e-05,0.9999586343765259
/content/Dataset/Test/Real/real_1297.jpg,1,1,True,0.0008820518269203603,0.999117910861969
/content/Dataset/Test/Real/real_1298.jpg,1,1,True,0.0007999101653695107,0.9992000460624695
/content/Dataset/Test/Real/real_1299.jpg,1,1,True,3.183911758242175e-05,0.9999681711196899
/content/Dataset/Test/Real/real_13.jpg,1,1,True,3.156981983920559e-05,0.999968409538269
/content/Dataset/Test/Real/real_130.jpg,1,1,True,0.00025594295584596694,0.9997439980506897
/content/Dataset/Test/Real/real_1300.jpg,1,1,True,0.04785338416695595,0.9521466493606567
/content/Dataset/Test/Real/real_1301.jpg,1,1,True,2.1499583453987725e-05,0.9999785423278809
/content/Dataset/Test/Real/real_1302.jpg,1,1,True,2.264847353217192e-05,0.9999773502349854
/content/Dataset/Test/Real/real_1303.jpg,1,0,False,0.6625334024429321,0.3374665677547455
/content/Dataset/Test/Real/real_1304.jpg,1,1,True,3.715809725690633e-05,0.9999628067016602
/content/Dataset/Test/Real/real_1305.jpg,1,1,True,5.699236135114916e-05,0.9999430179595947
/content/Dataset/Test/Real/real_1306.jpg,1,1,True,5.5240416259039193e-05,0.999944806098938
/content/Dataset/Test/Real/real_1307.jpg,1,1,True,3.349720282130875e-05,0.9999665021896362
/content/Dataset/Test/Real/real_1308.jpg,1,1,True,2.9044636903563514e-05,0.9999709129333496
/content/Dataset/Test/Real/real_1309.jpg,1,1,True,2.5837920475169085e-05,0.9999741315841675
/content/Dataset/Test/Real/real_131.jpg,1,0,False,0.59360671043396,0.40639328956604004
/content/Dataset/Test/Real/real_1310.jpg,1,1,True,2.491704435669817e-05,0.9999750852584839
/content/Dataset/Test/Real/real_1311.jpg,1,1,True,5.250441245152615e-05,0.9999475479125977
/content/Dataset/Test/Real/real_1312.jpg,1,1,True,1.980569686566014e-05,0.9999802112579346
/content/Dataset/Test/Real/real_1313.jpg,1,1,True,2.241824404336512e-05,0.9999775886535645
/content/Dataset/Test/Real/real_1314.jpg,1,1,True,2.2036048903828487e-05,0.9999779462814331
/content/Dataset/Test/Real/real_1315.jpg,1,1,True,2.1289348296704702e-05,0.9999786615371704
/content/Dataset/Test/Real/real_1316.jpg,1,1,True,0.0002146894985344261,0.9997853636741638
/content/Dataset/Test/Real/real_1317.jpg,1,1,True,3.210085924365558e-05,0.9999679327011108
/content/Dataset/Test/Real/real_1318.jpg,1,1,True,2.268202297273092e-05,0.9999773502349854
/content/Dataset/Test/Real/real_1319.jpg,1,1,True,3.259255026932806e-05,0.9999674558639526
/content/Dataset/Test/Real/real_132.jpg,1,0,False,0.9745467305183411,0.0254532340914011
/content/Dataset/Test/Real/real_1320.jpg,1,1,True,2.3131842681323178e-05,0.9999768733978271
/content/Dataset/Test/Real/real_1321.jpg,1,1,True,0.02169225737452507,0.9783077239990234
/content/Dataset/Test/Real/real_1322.jpg,1,1,True,0.0009431051439605653,0.999056875705719
/content/Dataset/Test/Real/real_1323.jpg,1,1,True,2.911346746259369e-05,0.9999709129333496
/content/Dataset/Test/Real/real_1324.jpg,1,1,True,5.101766873849556e-05,0.9999489784240723
/content/Dataset/Test/Real/real_1325.jpg,1,1,True,0.0001534485345473513,0.9998465776443481
/content/Dataset/Test/Real/real_1326.jpg,1,1,True,0.000711108383256942,0.9992889165878296
/content/Dataset/Test/Real/real_1327.jpg,1,1,True,7.495308091165498e-05,0.9999250173568726
/content/Dataset/Test/Real/real_1328.jpg,1,1,True,0.37330949306488037,0.6266905069351196
/content/Dataset/Test/Real/real_1329.jpg,1,1,True,0.0001261480647372082,0.9998738765716553
/content/Dataset/Test/Real/real_133.jpg,1,1,True,2.9763745260424912e-05,0.9999701976776123
/content/Dataset/Test/Real/real_1330.jpg,1,1,True,2.146053702745121e-05,0.9999785423278809
/content/Dataset/Test/Real/real_1331.jpg,1,1,True,9.252765448763967e-05,0.9999074935913086
/content/Dataset/Test/Real/real_1332.jpg,1,1,True,2.774590757326223e-05,0.9999722242355347
/content/Dataset/Test/Real/real_1333.jpg,1,1,True,2.1096782802487724e-05,0.9999788999557495
/content/Dataset/Test/Real/real_1334.jpg,1,0,False,0.9944739937782288,0.005525972694158554
/content/Dataset/Test/Real/real_1335.jpg,1,1,True,4.197661837679334e-05,0.9999580383300781
/content/Dataset/Test/Real/real_1336.jpg,1,1,True,0.004871530458331108,0.9951285123825073
/content/Dataset/Test/Real/real_1337.jpg,1,1,True,6.967999797780067e-05,0.9999302625656128
/content/Dataset/Test/Real/real_1338.jpg,1,1,True,3.09474125970155e-05,0.9999690055847168
/content/Dataset/Test/Real/real_1339.jpg,1,1,True,2.173488428525161e-05,0.9999783039093018
/content/Dataset/Test/Real/real_134.jpg,1,1,True,2.870413300115615e-05,0.9999712705612183
/content/Dataset/Test/Real/real_1340.jpg,1,1,True,3.5851688153343275e-05,0.9999641180038452
/content/Dataset/Test/Real/real_1341.jpg,1,1,True,6.916607526363805e-05,0.9999308586120605
/content/Dataset/Test/Real/real_1342.jpg,1,0,False,0.9985059499740601,0.0014940389664843678
/content/Dataset/Test/Real/real_1343.jpg,1,1,True,2.4515104087186046e-05,0.9999754428863525
/content/Dataset/Test/Real/real_1344.jpg,1,1,True,0.0012511612148955464,0.998748779296875
/content/Dataset/Test/Real/real_1345.jpg,1,1,True,2.177772876166273e-05,0.9999781847000122
/content/Dataset/Test/Real/real_1346.jpg,1,1,True,9.680991934146732e-05,0.9999032020568848
/content/Dataset/Test/Real/real_1347.jpg,1,1,True,2.5201570679200813e-05,0.9999748468399048
/content/Dataset/Test/Real/real_1348.jpg,1,1,True,0.0001296020345762372,0.9998704195022583
/content/Dataset/Test/Real/real_1349.jpg,1,1,True,5.908135790377855e-05,0.9999408721923828
/content/Dataset/Test/Real/real_135.jpg,1,1,True,2.2954305677558295e-05,0.9999769926071167
/content/Dataset/Test/Real/real_1350.jpg,1,1,True,0.0003098539309576154,0.9996901750564575
/content/Dataset/Test/Real/real_1351.jpg,1,1,True,3.1741528800921515e-05,0.9999682903289795
/content/Dataset/Test/Real/real_1352.jpg,1,1,True,3.773390926653519e-05,0.9999622106552124
/content/Dataset/Test/Real/real_1353.jpg,1,1,True,3.5092092730337754e-05,0.9999649524688721
/content/Dataset/Test/Real/real_1354.jpg,1,1,True,2.273939026053995e-05,0.9999772310256958
/content/Dataset/Test/Real/real_1355.jpg,1,1,True,2.5421999453101307e-05,0.9999746084213257
/content/Dataset/Test/Real/real_1356.jpg,1,1,True,2.5813018510234542e-05,0.9999741315841675
/content/Dataset/Test/Real/real_1357.jpg,1,1,True,0.0022987909615039825,0.9977012276649475
/content/Dataset/Test/Real/real_1358.jpg,1,1,True,2.0826400941587053e-05,0.9999791383743286
/content/Dataset/Test/Real/real_1359.jpg,1,1,True,2.3493397748097777e-05,0.9999765157699585
/content/Dataset/Test/Real/real_136.jpg,1,1,True,2.4161525288945995e-05,0.9999758005142212
/content/Dataset/Test/Real/real_1360.jpg,1,1,True,2.328071423107758e-05,0.9999767541885376
/content/Dataset/Test/Real/real_1361.jpg,1,1,True,2.133526504621841e-05,0.9999786615371704
/content/Dataset/Test/Real/real_1362.jpg,1,1,True,0.2544045150279999,0.7455954551696777
/content/Dataset/Test/Real/real_1363.jpg,1,1,True,0.0008157884003594518,0.9991841912269592
/content/Dataset/Test/Real/real_1364.jpg,1,1,True,2.2848947992315516e-05,0.9999771118164062
/content/Dataset/Test/Real/real_1365.jpg,1,1,True,2.3894554033176973e-05,0.9999761581420898
/content/Dataset/Test/Real/real_1366.jpg,1,1,True,0.007695727050304413,0.992304265499115
/content/Dataset/Test/Real/real_1367.jpg,1,0,False,0.5922790169715881,0.4077209234237671
/content/Dataset/Test/Real/real_1368.jpg,1,1,True,0.00015833729412406683,0.9998416900634766
/content/Dataset/Test/Real/real_1369.jpg,1,1,True,2.7107587811769918e-05,0.999972939491272
/content/Dataset/Test/Real/real_137.jpg,1,1,True,2.0292523913667537e-05,0.9999797344207764
/content/Dataset/Test/Real/real_1370.jpg,1,1,True,0.00021907055634073913,0.9997809529304504
/content/Dataset/Test/Real/real_1371.jpg,1,1,True,2.1986785213812254e-05,0.9999780654907227
/content/Dataset/Test/Real/real_1372.jpg,1,0,False,0.9795977473258972,0.020402196794748306
/content/Dataset/Test/Real/real_1373.jpg,1,1,True,2.1973935872665606e-05,0.9999780654907227
/content/Dataset/Test/Real/real_1374.jpg,1,1,True,0.00016375018458347768,0.9998362064361572
/content/Dataset/Test/Real/real_1375.jpg,1,1,True,2.2993130187387578e-05,0.9999769926071167
/content/Dataset/Test/Real/real_1376.jpg,1,1,True,4.716847251984291e-05,0.9999527931213379
/content/Dataset/Test/Real/real_1377.jpg,1,1,True,2.31957728829002e-05,0.9999767541885376
/content/Dataset/Test/Real/real_1378.jpg,1,1,True,2.950884481833782e-05,0.9999704360961914
/content/Dataset/Test/Real/real_1379.jpg,1,1,True,7.4999981734436e-05,0.9999250173568726
/content/Dataset/Test/Real/real_138.jpg,1,1,True,3.219123027520254e-05,0.9999678134918213
/content/Dataset/Test/Real/real_1380.jpg,1,1,True,2.2722419089404866e-05,0.9999772310256958
/content/Dataset/Test/Real/real_1381.jpg,1,1,True,4.657031240640208e-05,0.9999533891677856
/content/Dataset/Test/Real/real_1382.jpg,1,1,True,0.04007284715771675,0.9599272012710571
/content/Dataset/Test/Real/real_1383.jpg,1,1,True,0.00023330819385591894,0.9997666478157043
/content/Dataset/Test/Real/real_1384.jpg,1,1,True,2.2578344214707613e-05,0.9999774694442749
/content/Dataset/Test/Real/real_1385.jpg,1,1,True,2.1351263058022596e-05,0.9999786615371704
/content/Dataset/Test/Real/real_1386.jpg,1,1,True,2.389819928794168e-05,0.9999761581420898
/content/Dataset/Test/Real/real_1387.jpg,1,1,True,2.7914704332943074e-05,0.9999721050262451
/content/Dataset/Test/Real/real_1388.jpg,1,1,True,5.2366256568348035e-05,0.9999476671218872
/content/Dataset/Test/Real/real_1389.jpg,1,1,True,7.156900392146781e-05,0.9999284744262695
/content/Dataset/Test/Real/real_139.jpg,1,0,False,0.9272745847702026,0.07272537052631378
/content/Dataset/Test/Real/real_1390.jpg,1,1,True,2.2045087462174706e-05,0.9999779462814331
/content/Dataset/Test/Real/real_1391.jpg,1,1,True,0.001004318706691265,0.9989957213401794
/content/Dataset/Test/Real/real_1392.jpg,1,1,True,0.000148331411764957,0.9998517036437988
/content/Dataset/Test/Real/real_1393.jpg,1,1,True,4.862750938627869e-05,0.9999513626098633
/content/Dataset/Test/Real/real_1394.jpg,1,1,True,2.1458225091919303e-05,0.9999785423278809
/content/Dataset/Test/Real/real_1395.jpg,1,1,True,5.3689720516558737e-05,0.9999463558197021
/content/Dataset/Test/Real/real_1396.jpg,1,1,True,0.00036210421239957213,0.9996378421783447
/content/Dataset/Test/Real/real_1397.jpg,1,1,True,0.0012957081198692322,0.9987043142318726
/content/Dataset/Test/Real/real_1398.jpg,1,0,False,0.9986671209335327,0.001332881161943078
/content/Dataset/Test/Real/real_1399.jpg,1,1,True,2.911349292844534e-05,0.9999709129333496
/content/Dataset/Test/Real/real_14.jpg,1,1,True,2.187090831284877e-05,0.9999781847000122
/content/Dataset/Test/Real/real_140.jpg,1,1,True,5.3154650231590495e-05,0.9999468326568604
/content/Dataset/Test/Real/real_1400.jpg,1,1,True,4.665424057748169e-05,0.9999533891677856
/content/Dataset/Test/Real/real_1401.jpg,1,1,True,0.000365811720257625,0.9996341466903687
/content/Dataset/Test/Real/real_1402.jpg,1,1,True,0.11960544437170029,0.8803945779800415
/content/Dataset/Test/Real/real_1403.jpg,1,1,True,0.01639796420931816,0.9836020469665527
/content/Dataset/Test/Real/real_1404.jpg,1,1,True,2.7987047360511497e-05,0.9999719858169556
/content/Dataset/Test/Real/real_1405.jpg,1,1,True,0.0019254613434895873,0.9980745315551758
/content/Dataset/Test/Real/real_1406.jpg,1,1,True,2.151693479390815e-05,0.9999784231185913
/content/Dataset/Test/Real/real_1407.jpg,1,1,True,4.0330800402443856e-05,0.9999597072601318
/content/Dataset/Test/Real/real_1408.jpg,1,1,True,2.155507172574289e-05,0.9999784231185913
/content/Dataset/Test/Real/real_1409.jpg,1,1,True,2.572568155301269e-05,0.999974250793457
/content/Dataset/Test/Real/real_141.jpg,1,1,True,2.8789718271582387e-05,0.9999711513519287
/content/Dataset/Test/Real/real_1410.jpg,1,1,True,6.914557161508128e-05,0.9999308586120605
/content/Dataset/Test/Real/real_1411.jpg,1,1,True,0.00010389144881628454,0.9998960494995117
/content/Dataset/Test/Real/real_1412.jpg,1,1,True,6.846921314718202e-05,0.9999315738677979
/content/Dataset/Test/Real/real_1413.jpg,1,1,True,8.618421998107806e-05,0.9999138116836548
/content/Dataset/Test/Real/real_1414.jpg,1,1,True,6.249963189475238e-05,0.9999375343322754
/content/Dataset/Test/Real/real_1415.jpg,1,1,True,0.00014555788948200643,0.9998544454574585
/content/Dataset/Test/Real/real_1416.jpg,1,1,True,4.653001087717712e-05,0.9999535083770752
/content/Dataset/Test/Real/real_1417.jpg,1,0,False,0.9994944334030151,0.0005055039655417204
/content/Dataset/Test/Real/real_1418.jpg,1,1,True,2.277626481372863e-05,0.9999772310256958
/content/Dataset/Test/Real/real_1419.jpg,1,1,True,5.529822738026269e-05,0.9999446868896484
/content/Dataset/Test/Real/real_142.jpg,1,1,True,0.0004061638028360903,0.9995937943458557
/content/Dataset/Test/Real/real_1420.jpg,1,1,True,2.8447424483601935e-05,0.9999715089797974
/content/Dataset/Test/Real/real_1421.jpg,1,1,True,7.488592382287607e-05,0.9999251365661621
/content/Dataset/Test/Real/real_1422.jpg,1,1,True,2.3253845938597806e-05,0.9999767541885376
/content/Dataset/Test/Real/real_1423.jpg,1,1,True,6.528403173433617e-05,0.9999346733093262
/content/Dataset/Test/Real/real_1424.jpg,1,1,True,6.767060403944924e-05,0.9999322891235352
/content/Dataset/Test/Real/real_1425.jpg,1,1,True,4.432132845977321e-05,0.9999556541442871
/content/Dataset/Test/Real/real_1426.jpg,1,1,True,0.0003940396127291024,0.9996059536933899
/content/Dataset/Test/Real/real_1427.jpg,1,1,True,2.7381744075682946e-05,0.9999725818634033
/content/Dataset/Test/Real/real_1428.jpg,1,1,True,3.352132989675738e-05,0.9999665021896362
/content/Dataset/Test/Real/real_1429.jpg,1,1,True,0.0007819847669452429,0.9992179870605469
/content/Dataset/Test/Real/real_143.jpg,1,1,True,0.0010229297913610935,0.9989770650863647
/content/Dataset/Test/Real/real_1430.jpg,1,1,True,2.8914195354445837e-05,0.9999710321426392
/content/Dataset/Test/Real/real_1431.jpg,1,1,True,5.262261402094737e-05,0.9999474287033081
/content/Dataset/Test/Real/real_1432.jpg,1,1,True,2.7691323339240626e-05,0.9999723434448242
/content/Dataset/Test/Real/real_1433.jpg,1,1,True,3.096553700743243e-05,0.9999690055847168
/content/Dataset/Test/Real/real_1434.jpg,1,1,True,0.00033082571462728083,0.9996691942214966
/content/Dataset/Test/Real/real_1435.jpg,1,1,True,2.4518072677892633e-05,0.9999754428863525
/content/Dataset/Test/Real/real_1436.jpg,1,1,True,2.2068457838031463e-05,0.9999779462814331
/content/Dataset/Test/Real/real_1437.jpg,1,1,True,4.6948716772021726e-05,0.999953031539917
/content/Dataset/Test/Real/real_1438.jpg,1,1,True,2.1216788809397258e-05,0.99997878074646
/content/Dataset/Test/Real/real_1439.jpg,1,1,True,0.0002614935801830143,0.9997385144233704
/content/Dataset/Test/Real/real_144.jpg,1,1,True,2.5270783226005733e-05,0.9999747276306152
/content/Dataset/Test/Real/real_1440.jpg,1,0,False,0.7220011949539185,0.27799874544143677
/content/Dataset/Test/Real/real_1441.jpg,1,1,True,9.868110646493733e-05,0.999901294708252
/content/Dataset/Test/Real/real_1442.jpg,1,1,True,2.10137168323854e-05,0.9999790191650391
/content/Dataset/Test/Real/real_1443.jpg,1,1,True,2.285853770445101e-05,0.9999771118164062
/content/Dataset/Test/Real/real_1444.jpg,1,1,True,8.05880335974507e-05,0.9999194145202637
/content/Dataset/Test/Real/real_1445.jpg,1,1,True,2.409479748166632e-05,0.9999759197235107
/content/Dataset/Test/Real/real_1446.jpg,1,1,True,8.31492870929651e-05,0.9999167919158936
/content/Dataset/Test/Real/real_1447.jpg,1,1,True,5.1743809308391064e-05,0.999948263168335
/content/Dataset/Test/Real/real_1448.jpg,1,0,False,0.6713401079177856,0.32865986227989197
/content/Dataset/Test/Real/real_1449.jpg,1,1,True,2.158002280339133e-05,0.9999784231185913
/content/Dataset/Test/Real/real_145.jpg,1,1,True,2.1503457901417278e-05,0.9999785423278809
/content/Dataset/Test/Real/real_1450.jpg,1,1,True,2.485386903572362e-05,0.9999752044677734
/content/Dataset/Test/Real/real_1451.jpg,1,1,True,3.0818915547570214e-05,0.9999691247940063
/content/Dataset/Test/Real/real_1452.jpg,1,1,True,0.00015976485155988485,0.999840259552002
/content/Dataset/Test/Real/real_1453.jpg,1,1,True,0.016654370352625847,0.983345627784729
/content/Dataset/Test/Real/real_1454.jpg,1,1,True,2.976096402562689e-05,0.9999701976776123
/content/Dataset/Test/Real/real_1455.jpg,1,1,True,2.138256240868941e-05,0.9999786615371704
/content/Dataset/Test/Real/real_1456.jpg,1,0,False,0.998996913433075,0.0010031071724370122
/content/Dataset/Test/Real/real_1457.jpg,1,1,True,0.00011018977238563821,0.9998898506164551
/content/Dataset/Test/Real/real_1458.jpg,1,1,True,0.14052905142307281,0.8594709038734436
/content/Dataset/Test/Real/real_1459.jpg,1,1,True,2.22027774725575e-05,0.9999778270721436
/content/Dataset/Test/Real/real_146.jpg,1,1,True,0.00021188049868214875,0.9997881054878235
/content/Dataset/Test/Real/real_1460.jpg,1,1,True,2.358170058869291e-05,0.999976396560669
/content/Dataset/Test/Real/real_1461.jpg,1,1,True,0.004748668987303972,0.9952512979507446
/content/Dataset/Test/Real/real_1462.jpg,1,1,True,2.273050085932482e-05,0.9999772310256958
/content/Dataset/Test/Real/real_1463.jpg,1,1,True,2.6703602998168208e-05,0.9999732971191406
/content/Dataset/Test/Real/real_1464.jpg,1,1,True,2.165266778320074e-05,0.9999783039093018
/content/Dataset/Test/Real/real_1465.jpg,1,1,True,0.0003804289153777063,0.9996196031570435
/content/Dataset/Test/Real/real_1466.jpg,1,1,True,2.024709465331398e-05,0.9999797344207764
/content/Dataset/Test/Real/real_1467.jpg,1,1,True,2.250042416562792e-05,0.9999774694442749
/content/Dataset/Test/Real/real_1468.jpg,1,1,True,6.0699720052070916e-05,0.9999393224716187
/content/Dataset/Test/Real/real_1469.jpg,1,1,True,2.372496237512678e-05,0.9999762773513794
/content/Dataset/Test/Real/real_147.jpg,1,1,True,0.0009234700119122863,0.9990764856338501
/content/Dataset/Test/Real/real_1470.jpg,1,1,True,2.5221474061254412e-05,0.9999747276306152
/content/Dataset/Test/Real/real_1471.jpg,1,1,True,2.2267959138844162e-05,0.999977707862854
/content/Dataset/Test/Real/real_1472.jpg,1,1,True,5.761592910857871e-05,0.999942421913147
/content/Dataset/Test/Real/real_1473.jpg,1,1,True,0.0001503610983490944,0.9998495578765869
/content/Dataset/Test/Real/real_1474.jpg,1,1,True,2.1838186512468383e-05,0.9999781847000122
/content/Dataset/Test/Real/real_1475.jpg,1,1,True,2.2152778910822235e-05,0.9999778270721436
/content/Dataset/Test/Real/real_1476.jpg,1,1,True,2.685089384613093e-05,0.9999731779098511
/content/Dataset/Test/Real/real_1477.jpg,1,1,True,2.2621683456236497e-05,0.9999773502349854
/content/Dataset/Test/Real/real_1478.jpg,1,1,True,2.2773594537284225e-05,0.9999772310256958
/content/Dataset/Test/Real/real_1479.jpg,1,1,True,2.1885449314140715e-05,0.9999780654907227
/content/Dataset/Test/Real/real_148.jpg,1,1,True,0.0035747322253882885,0.996425211429596
/content/Dataset/Test/Real/real_1480.jpg,1,1,True,0.06860536336898804,0.9313946962356567
/content/Dataset/Test/Real/real_1481.jpg,1,0,False,0.598170280456543,0.40182971954345703
/content/Dataset/Test/Real/real_1482.jpg,1,1,True,2.034245517279487e-05,0.9999796152114868
/content/Dataset/Test/Real/real_1483.jpg,1,1,True,2.1543377442867495e-05,0.9999784231185913
/content/Dataset/Test/Real/real_1484.jpg,1,1,True,0.00032256529084406793,0.9996774196624756
/content/Dataset/Test/Real/real_1485.jpg,1,1,True,2.5006738724187016e-05,0.9999749660491943
/content/Dataset/Test/Real/real_1486.jpg,1,1,True,2.1530644517042674e-05,0.9999784231185913
/content/Dataset/Test/Real/real_1487.jpg,1,1,True,2.374141513428185e-05,0.9999762773513794
/content/Dataset/Test/Real/real_1488.jpg,1,1,True,2.230468817288056e-05,0.999977707862854
/content/Dataset/Test/Real/real_1489.jpg,1,1,True,2.1130128516233526e-05,0.9999788999557495
/content/Dataset/Test/Real/real_149.jpg,1,1,True,0.09685881435871124,0.9031411409378052
/content/Dataset/Test/Real/real_1490.jpg,1,1,True,2.433906774967909e-05,0.9999756813049316
/content/Dataset/Test/Real/real_1491.jpg,1,1,True,2.621715611894615e-05,0.9999737739562988
/content/Dataset/Test/Real/real_1492.jpg,1,1,True,2.8227643269929104e-05,0.9999717473983765
/content/Dataset/Test/Real/real_1493.jpg,1,1,True,0.005878955591470003,0.9941210150718689
/content/Dataset/Test/Real/real_1494.jpg,1,1,True,0.005347149912267923,0.9946528673171997
/content/Dataset/Test/Real/real_1495.jpg,1,1,True,0.0002291553100803867,0.9997708201408386
/content/Dataset/Test/Real/real_1496.jpg,1,1,True,0.003790067508816719,0.996209979057312
/content/Dataset/Test/Real/real_1497.jpg,1,1,True,0.0011224161135032773,0.9988775849342346
/content/Dataset/Test/Real/real_1498.jpg,1,0,False,0.9682958126068115,0.03170415759086609
/content/Dataset/Test/Real/real_1499.jpg,1,0,False,0.7601125836372375,0.23988737165927887
/content/Dataset/Test/Real/real_15.jpg,1,1,True,0.01756730116903782,0.9824327230453491
/content/Dataset/Test/Real/real_150.jpg,1,1,True,4.381953476695344e-05,0.9999561309814453
/content/Dataset/Test/Real/real_1500.jpg,1,0,False,0.999964714050293,3.529743480612524e-05
/content/Dataset/Test/Real/real_1501.jpg,1,1,True,2.18318346014712e-05,0.9999781847000122
/content/Dataset/Test/Real/real_1502.jpg,1,1,True,2.283934190927539e-05,0.9999771118164062
/content/Dataset/Test/Real/real_1503.jpg,1,1,True,0.00035404376103542745,0.9996459484100342
/content/Dataset/Test/Real/real_1504.jpg,1,1,True,0.14893056452274323,0.851069450378418
/content/Dataset/Test/Real/real_1505.jpg,1,1,True,0.00034956372110173106,0.9996504783630371
/content/Dataset/Test/Real/real_1506.jpg,1,1,True,0.00015216281462926418,0.9998477697372437
/content/Dataset/Test/Real/real_1507.jpg,1,1,True,7.593235204694793e-05,0.9999240636825562
/content/Dataset/Test/Real/real_1508.jpg,1,0,False,0.9857580661773682,0.01424188632518053
/content/Dataset/Test/Real/real_1509.jpg,1,0,False,0.999942421913147,5.755837628385052e-05
/content/Dataset/Test/Real/real_151.jpg,1,1,True,0.00031452192342840135,0.999685525894165
/content/Dataset/Test/Real/real_1510.jpg,1,0,False,0.9825066328048706,0.017493437975645065
/content/Dataset/Test/Real/real_1511.jpg,1,1,True,2.2127926058601588e-05,0.9999778270721436
/content/Dataset/Test/Real/real_1512.jpg,1,1,True,2.134786336682737e-05,0.9999786615371704
/content/Dataset/Test/Real/real_1513.jpg,1,1,True,2.139796197297983e-05,0.9999785423278809
/content/Dataset/Test/Real/real_1514.jpg,1,1,True,2.2954218366066925e-05,0.9999769926071167
/content/Dataset/Test/Real/real_1515.jpg,1,0,False,0.9998210072517395,0.00017906416906043887
/content/Dataset/Test/Real/real_1516.jpg,1,1,True,2.2330226784106344e-05,0.999977707862854
/content/Dataset/Test/Real/real_1517.jpg,1,1,True,0.0001665866730036214,0.999833345413208
/content/Dataset/Test/Real/real_1518.jpg,1,1,True,2.407527426839806e-05,0.9999759197235107
/content/Dataset/Test/Real/real_1519.jpg,1,1,True,0.0015581392217427492,0.9984418749809265
/content/Dataset/Test/Real/real_152.jpg,1,0,False,0.9016883969306946,0.09831158816814423
/content/Dataset/Test/Real/real_1520.jpg,1,1,True,9.932609827956185e-05,0.9999006986618042
/content/Dataset/Test/Real/real_1521.jpg,1,1,True,2.8352958906907588e-05,0.9999716281890869
/content/Dataset/Test/Real/real_1522.jpg,1,1,True,2.174326073145494e-05,0.9999783039093018
/content/Dataset/Test/Real/real_1523.jpg,1,1,True,6.468583887908608e-05,0.9999352693557739
/content/Dataset/Test/Real/real_1524.jpg,1,1,True,4.598723535309546e-05,0.9999539852142334
/content/Dataset/Test/Real/real_1525.jpg,1,1,True,2.1960631784168072e-05,0.9999780654907227
/content/Dataset/Test/Real/real_1526.jpg,1,0,False,0.9939175844192505,0.0060824062675237656
/content/Dataset/Test/Real/real_1527.jpg,1,1,True,0.0053008487448096275,0.9946991205215454
/content/Dataset/Test/Real/real_1528.jpg,1,1,True,2.2572681700694375e-05,0.9999774694442749
/content/Dataset/Test/Real/real_1529.jpg,1,0,False,0.508407473564148,0.49159252643585205
/content/Dataset/Test/Real/real_153.jpg,1,0,False,0.9998458623886108,0.00015407455794047564
/content/Dataset/Test/Real/real_1530.jpg,1,1,True,5.706093361368403e-05,0.9999428987503052
/content/Dataset/Test/Real/real_1531.jpg,1,1,True,0.0001011675558402203,0.9998987913131714
/content/Dataset/Test/Real/real_1532.jpg,1,1,True,2.1823736460646614e-05,0.9999781847000122
/content/Dataset/Test/Real/real_1533.jpg,1,1,True,3.94061571569182e-05,0.9999605417251587
/content/Dataset/Test/Real/real_1534.jpg,1,1,True,9.433317609364167e-05,0.9999057054519653
/content/Dataset/Test/Real/real_1535.jpg,1,1,True,3.4696633520070463e-05,0.9999653100967407
/content/Dataset/Test/Real/real_1536.jpg,1,1,True,2.536663851060439e-05,0.9999746084213257
/content/Dataset/Test/Real/real_1537.jpg,1,1,True,2.231109101558104e-05,0.999977707862854
/content/Dataset/Test/Real/real_1538.jpg,1,1,True,2.2381222152034752e-05,0.9999775886535645
/content/Dataset/Test/Real/real_1539.jpg,1,1,True,2.315460005775094e-05,0.9999768733978271
/content/Dataset/Test/Real/real_154.jpg,1,1,True,2.139763455488719e-05,0.9999785423278809
/content/Dataset/Test/Real/real_1540.jpg,1,1,True,3.093301711487584e-05,0.9999691247940063
/content/Dataset/Test/Real/real_1541.jpg,1,1,True,0.04964447394013405,0.950355589389801
/content/Dataset/Test/Real/real_1542.jpg,1,1,True,3.774881042772904e-05,0.9999622106552124
/content/Dataset/Test/Real/real_1543.jpg,1,1,True,0.0013991573359817266,0.9986009001731873
/content/Dataset/Test/Real/real_1544.jpg,1,1,True,0.00021040525462012738,0.9997896552085876
/content/Dataset/Test/Real/real_1545.jpg,1,1,True,0.31411847472190857,0.685881495475769
/content/Dataset/Test/Real/real_1546.jpg,1,1,True,2.227199547633063e-05,0.999977707862854
/content/Dataset/Test/Real/real_1547.jpg,1,1,True,2.83856425085105e-05,0.9999716281890869
/content/Dataset/Test/Real/real_1548.jpg,1,1,True,8.928553870646283e-05,0.9999107122421265
/content/Dataset/Test/Real/real_1549.jpg,1,1,True,2.110869718308095e-05,0.9999788999557495
/content/Dataset/Test/Real/real_155.jpg,1,1,True,2.9460345103871077e-05,0.999970555305481
/content/Dataset/Test/Real/real_1550.jpg,1,1,True,2.4927643607952632e-05,0.9999750852584839
/content/Dataset/Test/Real/real_1551.jpg,1,1,True,2.180353840230964e-05,0.9999781847000122
/content/Dataset/Test/Real/real_1552.jpg,1,1,True,2.183425021939911e-05,0.9999781847000122
/content/Dataset/Test/Real/real_1553.jpg,1,1,True,2.257799860672094e-05,0.9999774694442749
/content/Dataset/Test/Real/real_1554.jpg,1,1,True,5.414320912677795e-05,0.999945878982544
/content/Dataset/Test/Real/real_1555.jpg,1,1,True,9.80690965661779e-05,0.9999018907546997
/content/Dataset/Test/Real/real_1556.jpg,1,1,True,4.072758019901812e-05,0.9999592304229736
/content/Dataset/Test/Real/real_1557.jpg,1,1,True,0.00025878616725094616,0.99974125623703
/content/Dataset/Test/Real/real_1558.jpg,1,1,True,0.2799549102783203,0.7200451493263245
/content/Dataset/Test/Real/real_1559.jpg,1,1,True,0.000162440279382281,0.9998375177383423
/content/Dataset/Test/Real/real_156.jpg,1,1,True,4.5688597310800105e-05,0.999954342842102
/content/Dataset/Test/Real/real_1560.jpg,1,1,True,0.00011044612620025873,0.9998894929885864
/content/Dataset/Test/Real/real_1561.jpg,1,1,True,2.836161365848966e-05,0.9999716281890869
/content/Dataset/Test/Real/real_1562.jpg,1,1,True,3.2542953704250976e-05,0.9999674558639526
/content/Dataset/Test/Real/real_1563.jpg,1,1,True,2.8407903300831094e-05,0.9999716281890869
/content/Dataset/Test/Real/real_1564.jpg,1,1,True,2.8024463972542435e-05,0.9999719858169556
/content/Dataset/Test/Real/real_1565.jpg,1,1,True,0.00010976995690725744,0.9998902082443237
/content/Dataset/Test/Real/real_1566.jpg,1,1,True,2.918496284110006e-05,0.9999707937240601
/content/Dataset/Test/Real/real_1567.jpg,1,1,True,0.03165427967905998,0.9683457612991333
/content/Dataset/Test/Real/real_1568.jpg,1,1,True,2.476320878486149e-05,0.9999752044677734
/content/Dataset/Test/Real/real_1569.jpg,1,1,True,2.3797358153387904e-05,0.9999761581420898
/content/Dataset/Test/Real/real_157.jpg,1,1,True,2.1441717763082124e-05,0.9999785423278809
/content/Dataset/Test/Real/real_1570.jpg,1,1,True,3.190982170053758e-05,0.9999680519104004
/content/Dataset/Test/Real/real_1571.jpg,1,1,True,6.39105710433796e-05,0.9999361038208008
/content/Dataset/Test/Real/real_1572.jpg,1,1,True,4.7654186346335337e-05,0.9999523162841797
/content/Dataset/Test/Real/real_1573.jpg,1,1,True,2.2089912818046287e-05,0.9999779462814331
/content/Dataset/Test/Real/real_1574.jpg,1,1,True,2.212258732470218e-05,0.9999778270721436
/content/Dataset/Test/Real/real_1575.jpg,1,1,True,4.132144385948777e-05,0.9999586343765259
/content/Dataset/Test/Real/real_1576.jpg,1,1,True,2.0922871044604108e-05,0.9999790191650391
/content/Dataset/Test/Real/real_1577.jpg,1,1,True,2.185670928156469e-05,0.9999781847000122
/content/Dataset/Test/Real/real_1578.jpg,1,1,True,2.1059555365354754e-05,0.9999788999557495
/content/Dataset/Test/Real/real_1579.jpg,1,1,True,2.2315900423564017e-05,0.999977707862854
/content/Dataset/Test/Real/real_158.jpg,1,1,True,0.00010313152597518638,0.9998968839645386
/content/Dataset/Test/Real/real_1580.jpg,1,1,True,0.0001549752923892811,0.999845027923584
/content/Dataset/Test/Real/real_1581.jpg,1,1,True,2.280147782585118e-05,0.9999772310256958
/content/Dataset/Test/Real/real_1582.jpg,1,1,True,0.0004272238293197006,0.9995728135108948
/content/Dataset/Test/Real/real_1583.jpg,1,1,True,0.005471817683428526,0.9945282340049744
/content/Dataset/Test/Real/real_1584.jpg,1,1,True,5.2424260502448305e-05,0.9999475479125977
/content/Dataset/Test/Real/real_1585.jpg,1,1,True,2.7153329938300885e-05,0.9999728202819824
/content/Dataset/Test/Real/real_1586.jpg,1,1,True,2.2939644622965716e-05,0.9999771118164062
/content/Dataset/Test/Real/real_1587.jpg,1,1,True,0.0002056880621239543,0.9997943043708801
/content/Dataset/Test/Real/real_1588.jpg,1,1,True,2.5492256099823862e-05,0.9999744892120361
/content/Dataset/Test/Real/real_1589.jpg,1,1,True,0.06281481683254242,0.9371852278709412
/content/Dataset/Test/Real/real_159.jpg,1,1,True,2.2236805307329632e-05,0.999977707862854
/content/Dataset/Test/Real/real_1590.jpg,1,0,False,0.8873533010482788,0.11264671385288239
/content/Dataset/Test/Real/real_1591.jpg,1,1,True,0.0005465071881189942,0.9994534850120544
/content/Dataset/Test/Real/real_1592.jpg,1,1,True,2.4844721338013187e-05,0.9999752044677734
/content/Dataset/Test/Real/real_1593.jpg,1,1,True,2.1468378690769896e-05,0.9999785423278809
/content/Dataset/Test/Real/real_1594.jpg,1,1,True,2.367250453971792e-05,0.9999762773513794
/content/Dataset/Test/Real/real_1595.jpg,1,1,True,4.365178756415844e-05,0.9999563694000244
/content/Dataset/Test/Real/real_1596.jpg,1,1,True,0.0008246813085861504,0.9991752505302429
/content/Dataset/Test/Real/real_1597.jpg,1,1,True,0.0024839998222887516,0.9975160360336304
/content/Dataset/Test/Real/real_1598.jpg,1,0,False,0.9934502840042114,0.006549719255417585
/content/Dataset/Test/Real/real_1599.jpg,1,1,True,0.00027389501337893307,0.9997261166572571
/content/Dataset/Test/Real/real_16.jpg,1,1,True,2.722180579439737e-05,0.9999728202819824
/content/Dataset/Test/Real/real_160.jpg,1,1,True,4.331106902100146e-05,0.9999567270278931
/content/Dataset/Test/Real/real_1600.jpg,1,0,False,0.9994891881942749,0.0005108256009407341
/content/Dataset/Test/Real/real_1601.jpg,1,0,False,0.997917115688324,0.0020829171407967806
/content/Dataset/Test/Real/real_1602.jpg,1,1,True,2.2892178094480187e-05,0.9999771118164062
/content/Dataset/Test/Real/real_1603.jpg,1,1,True,0.30918988585472107,0.6908100843429565
/content/Dataset/Test/Real/real_1604.jpg,1,1,True,8.771302236709744e-05,0.9999122619628906
/content/Dataset/Test/Real/real_1605.jpg,1,1,True,0.0010786056518554688,0.9989213943481445
/content/Dataset/Test/Real/real_1606.jpg,1,1,True,0.001760980230756104,0.9982390403747559
/content/Dataset/Test/Real/real_1607.jpg,1,0,False,0.9999566078186035,4.344936678535305e-05
/content/Dataset/Test/Real/real_1608.jpg,1,1,True,0.00012485773186199367,0.9998750686645508
/content/Dataset/Test/Real/real_1609.jpg,1,1,True,2.440288517391309e-05,0.9999755620956421
/content/Dataset/Test/Real/real_161.jpg,1,1,True,2.7815878638648428e-05,0.9999722242355347
/content/Dataset/Test/Real/real_1610.jpg,1,1,True,0.008009719662368298,0.9919902682304382
/content/Dataset/Test/Real/real_1611.jpg,1,1,True,2.3541975679108873e-05,0.9999765157699585
/content/Dataset/Test/Real/real_1612.jpg,1,1,True,2.221639806521125e-05,0.9999778270721436
/content/Dataset/Test/Real/real_1613.jpg,1,1,True,2.153793684556149e-05,0.9999784231185913
/content/Dataset/Test/Real/real_1614.jpg,1,1,True,2.222112198069226e-05,0.9999778270721436
/content/Dataset/Test/Real/real_1615.jpg,1,1,True,0.00034817514824680984,0.9996517896652222
/content/Dataset/Test/Real/real_1616.jpg,1,1,True,0.00010683020082069561,0.9998931884765625
/content/Dataset/Test/Real/real_1617.jpg,1,1,True,2.5519500923110172e-05,0.9999744892120361
/content/Dataset/Test/Real/real_1618.jpg,1,1,True,2.2406016796594486e-05,0.9999775886535645
/content/Dataset/Test/Real/real_1619.jpg,1,1,True,3.436470797169022e-05,0.9999656677246094
/content/Dataset/Test/Real/real_162.jpg,1,1,True,0.0001954280014615506,0.9998045563697815
/content/Dataset/Test/Real/real_1620.jpg,1,1,True,2.715314803936053e-05,0.9999728202819824
/content/Dataset/Test/Real/real_1621.jpg,1,1,True,2.3816497559892014e-05,0.9999761581420898
/content/Dataset/Test/Real/real_1622.jpg,1,1,True,3.2187788747251034e-05,0.9999678134918213
/content/Dataset/Test/Real/real_1623.jpg,1,1,True,2.22691069211578e-05,0.999977707862854
/content/Dataset/Test/Real/real_1624.jpg,1,1,True,6.700458470731974e-05,0.9999330043792725
/content/Dataset/Test/Real/real_1625.jpg,1,0,False,0.9999691247940063,3.09032948280219e-05
/content/Dataset/Test/Real/real_1626.jpg,1,1,True,2.3893917386885732e-05,0.9999761581420898
/content/Dataset/Test/Real/real_1627.jpg,1,1,True,2.1090205336804502e-05,0.9999788999557495
/content/Dataset/Test/Real/real_1628.jpg,1,1,True,2.0824851162615232e-05,0.9999791383743286
/content/Dataset/Test/Real/real_1629.jpg,1,1,True,2.2744681700714864e-05,0.9999772310256958
/content/Dataset/Test/Real/real_163.jpg,1,1,True,2.4702969312784262e-05,0.999975323677063
/content/Dataset/Test/Real/real_1630.jpg,1,1,True,9.968753147404641e-05,0.9999003410339355
/content/Dataset/Test/Real/real_1631.jpg,1,1,True,2.107707769027911e-05,0.9999788999557495
/content/Dataset/Test/Real/real_1632.jpg,1,1,True,0.0014930092729628086,0.9985069632530212
/content/Dataset/Test/Real/real_1633.jpg,1,1,True,2.167022648791317e-05,0.9999783039093018
/content/Dataset/Test/Real/real_1634.jpg,1,1,True,2.3476108253817074e-05,0.9999765157699585
/content/Dataset/Test/Real/real_1635.jpg,1,1,True,2.227590448455885e-05,0.999977707862854
/content/Dataset/Test/Real/real_1636.jpg,1,1,True,0.00010426769586047158,0.9998956918716431
/content/Dataset/Test/Real/real_1637.jpg,1,1,True,0.1923132687807083,0.8076866865158081
/content/Dataset/Test/Real/real_1638.jpg,1,1,True,0.0001214265066664666,0.9998785257339478
/content/Dataset/Test/Real/real_1639.jpg,1,1,True,2.1642921637976542e-05,0.9999783039093018
/content/Dataset/Test/Real/real_164.jpg,1,1,True,2.3171871362137608e-05,0.9999768733978271
/content/Dataset/Test/Real/real_1640.jpg,1,1,True,3.48315697920043e-05,0.9999651908874512
/content/Dataset/Test/Real/real_1641.jpg,1,1,True,3.613276203395799e-05,0.9999638795852661
/content/Dataset/Test/Real/real_1642.jpg,1,1,True,0.009906629100441933,0.9900934100151062
/content/Dataset/Test/Real/real_1643.jpg,1,1,True,3.40335100190714e-05,0.9999659061431885
/content/Dataset/Test/Real/real_1644.jpg,1,1,True,2.9233155146357603e-05,0.9999707937240601
/content/Dataset/Test/Real/real_1645.jpg,1,1,True,2.1371695765992627e-05,0.9999786615371704
/content/Dataset/Test/Real/real_1646.jpg,1,1,True,7.141138485167176e-05,0.9999285936355591
/content/Dataset/Test/Real/real_1647.jpg,1,1,True,2.8686838049907237e-05,0.9999712705612183
/content/Dataset/Test/Real/real_1648.jpg,1,1,True,2.3819677153369412e-05,0.9999761581420898
/content/Dataset/Test/Real/real_1649.jpg,1,1,True,2.7817468435387127e-05,0.9999722242355347
/content/Dataset/Test/Real/real_165.jpg,1,0,False,0.9999347925186157,6.515286077046767e-05
/content/Dataset/Test/Real/real_1650.jpg,1,1,True,2.148109706467949e-05,0.9999785423278809
/content/Dataset/Test/Real/real_1651.jpg,1,1,True,2.278945430589374e-05,0.9999772310256958
/content/Dataset/Test/Real/real_1652.jpg,1,1,True,0.13808561861515045,0.8619143962860107
/content/Dataset/Test/Real/real_1653.jpg,1,1,True,2.151459557353519e-05,0.9999785423278809
/content/Dataset/Test/Real/real_1654.jpg,1,1,True,2.1660433048964478e-05,0.9999783039093018
/content/Dataset/Test/Real/real_1655.jpg,1,1,True,2.1227113393251784e-05,0.99997878074646
/content/Dataset/Test/Real/real_1656.jpg,1,1,True,0.0008834691252559423,0.9991164803504944
/content/Dataset/Test/Real/real_1657.jpg,1,1,True,3.7362202419899404e-05,0.9999626874923706
/content/Dataset/Test/Real/real_1658.jpg,1,0,False,0.9999591112136841,4.0942617488326505e-05
/content/Dataset/Test/Real/real_1659.jpg,1,0,False,0.9998553991317749,0.0001446138194296509
/content/Dataset/Test/Real/real_166.jpg,1,1,True,3.170093259541318e-05,0.9999682903289795
/content/Dataset/Test/Real/real_1660.jpg,1,1,True,0.00309948343783617,0.9969005584716797
/content/Dataset/Test/Real/real_1661.jpg,1,0,False,0.9999574422836304,4.2596297134878114e-05
/content/Dataset/Test/Real/real_1662.jpg,1,1,True,2.170890729757957e-05,0.9999783039093018
/content/Dataset/Test/Real/real_1663.jpg,1,1,True,2.188167127314955e-05,0.9999780654907227
/content/Dataset/Test/Real/real_1664.jpg,1,1,True,2.5716335585457273e-05,0.999974250793457
/content/Dataset/Test/Real/real_1665.jpg,1,1,True,4.52400345238857e-05,0.9999547004699707
/content/Dataset/Test/Real/real_1666.jpg,1,1,True,2.409969238215126e-05,0.9999759197235107
/content/Dataset/Test/Real/real_1667.jpg,1,1,True,2.2577374693355523e-05,0.9999774694442749
/content/Dataset/Test/Real/real_1668.jpg,1,1,True,2.2194837583811022e-05,0.9999778270721436
/content/Dataset/Test/Real/real_1669.jpg,1,1,True,2.1100242520333268e-05,0.9999788999557495
/content/Dataset/Test/Real/real_167.jpg,1,1,True,0.0008861704263836145,0.9991138577461243
/content/Dataset/Test/Real/real_1670.jpg,1,1,True,2.367453635088168e-05,0.9999762773513794
/content/Dataset/Test/Real/real_1671.jpg,1,1,True,2.2739044652553275e-05,0.9999772310256958
/content/Dataset/Test/Real/real_1672.jpg,1,1,True,2.3669366782996804e-05,0.9999762773513794
/content/Dataset/Test/Real/real_1673.jpg,1,1,True,2.211824175901711e-05,0.9999778270721436
/content/Dataset/Test/Real/real_1674.jpg,1,1,True,0.0001399837783537805,0.9998600482940674
/content/Dataset/Test/Real/real_1675.jpg,1,1,True,2.4740736989770085e-05,0.9999752044677734
/content/Dataset/Test/Real/real_1676.jpg,1,1,True,0.0026979793328791857,0.9973019361495972
/content/Dataset/Test/Real/real_1677.jpg,1,0,False,0.9998751878738403,0.00012474419781938195
/content/Dataset/Test/Real/real_1678.jpg,1,1,True,2.207028774137143e-05,0.9999779462814331
/content/Dataset/Test/Real/real_1679.jpg,1,0,False,0.7365365028381348,0.2634635269641876
/content/Dataset/Test/Real/real_168.jpg,1,1,True,0.01708948239684105,0.9829105734825134
/content/Dataset/Test/Real/real_1680.jpg,1,1,True,0.041267599910497665,0.9587323665618896
/content/Dataset/Test/Real/real_1681.jpg,1,0,False,0.999919056892395,8.094178338069469e-05
/content/Dataset/Test/Real/real_1682.jpg,1,1,True,3.186463436577469e-05,0.9999681711196899
/content/Dataset/Test/Real/real_1683.jpg,1,1,True,3.1905772630125284e-05,0.9999680519104004
/content/Dataset/Test/Real/real_1684.jpg,1,1,True,2.888608469220344e-05,0.9999711513519287
/content/Dataset/Test/Real/real_1685.jpg,1,1,True,5.4807413107482716e-05,0.9999451637268066
/content/Dataset/Test/Real/real_1686.jpg,1,1,True,6.472205859608948e-05,0.9999352693557739
/content/Dataset/Test/Real/real_1687.jpg,1,1,True,4.17079972976353e-05,0.9999582767486572
/content/Dataset/Test/Real/real_1688.jpg,1,1,True,0.00019431152031756938,0.999805748462677
/content/Dataset/Test/Real/real_1689.jpg,1,1,True,2.360708276682999e-05,0.999976396560669
/content/Dataset/Test/Real/real_169.jpg,1,1,True,3.0486467949231155e-05,0.999969482421875
/content/Dataset/Test/Real/real_1690.jpg,1,1,True,2.1636607925756834e-05,0.9999783039093018
/content/Dataset/Test/Real/real_1691.jpg,1,1,True,3.6096778785577044e-05,0.9999638795852661
/content/Dataset/Test/Real/real_1692.jpg,1,1,True,0.0004240181588102132,0.9995760321617126
/content/Dataset/Test/Real/real_1693.jpg,1,1,True,0.023920996114611626,0.9760789275169373
/content/Dataset/Test/Real/real_1694.jpg,1,1,True,3.64728293789085e-05,0.9999635219573975
/content/Dataset/Test/Real/real_1695.jpg,1,1,True,2.79379564744886e-05,0.9999721050262451
/content/Dataset/Test/Real/real_1696.jpg,1,1,True,3.073444531764835e-05,0.9999692440032959
/content/Dataset/Test/Real/real_1697.jpg,1,1,True,2.2449821699410677e-05,0.9999775886535645
/content/Dataset/Test/Real/real_1698.jpg,1,0,False,0.6003219485282898,0.3996780812740326
/content/Dataset/Test/Real/real_1699.jpg,1,1,True,2.5984574676840566e-05,0.9999740123748779
/content/Dataset/Test/Real/real_17.jpg,1,1,True,3.081494651269168e-05,0.9999691247940063
/content/Dataset/Test/Real/real_170.jpg,1,1,True,2.5105760869337246e-05,0.9999748468399048
/content/Dataset/Test/Real/real_1700.jpg,1,1,True,3.069613376283087e-05,0.9999692440032959
/content/Dataset/Test/Real/real_1701.jpg,1,1,True,0.09934837371110916,0.9006516337394714
/content/Dataset/Test/Real/real_1702.jpg,1,1,True,0.004439773503690958,0.9955601692199707
/content/Dataset/Test/Real/real_1703.jpg,1,1,True,0.0003736494982149452,0.9996262788772583
/content/Dataset/Test/Real/real_1704.jpg,1,0,False,0.9998886585235596,0.00011130399070680141
/content/Dataset/Test/Real/real_1705.jpg,1,0,False,0.9999319314956665,6.80491648381576e-05
/content/Dataset/Test/Real/real_1706.jpg,1,1,True,0.1001860648393631,0.8998139500617981
/content/Dataset/Test/Real/real_1707.jpg,1,1,True,2.09988920687465e-05,0.9999790191650391
/content/Dataset/Test/Real/real_1708.jpg,1,1,True,2.2440104658016935e-05,0.9999775886535645
/content/Dataset/Test/Real/real_1709.jpg,1,1,True,0.1609681099653244,0.8390318751335144
/content/Dataset/Test/Real/real_171.jpg,1,1,True,2.152916567865759e-05,0.9999784231185913
/content/Dataset/Test/Real/real_1710.jpg,1,1,True,0.06297844648361206,0.9370216131210327
/content/Dataset/Test/Real/real_1711.jpg,1,0,False,0.9999630451202393,3.689961158670485e-05
/content/Dataset/Test/Real/real_1712.jpg,1,0,False,0.9983408451080322,0.0016591143794357777
/content/Dataset/Test/Real/real_1713.jpg,1,0,False,0.8092201352119446,0.1907798945903778
/content/Dataset/Test/Real/real_1714.jpg,1,0,False,0.9839856028556824,0.01601445861160755
/content/Dataset/Test/Real/real_1715.jpg,1,1,True,2.6946318030240946e-05,0.9999730587005615
/content/Dataset/Test/Real/real_1716.jpg,1,1,True,2.533346923883073e-05,0.9999746084213257
/content/Dataset/Test/Real/real_1717.jpg,1,1,True,7.835341966710985e-05,0.9999216794967651
/content/Dataset/Test/Real/real_1718.jpg,1,1,True,0.0010303652379661798,0.9989696741104126
/content/Dataset/Test/Real/real_1719.jpg,1,0,False,0.9023287892341614,0.09767116606235504
/content/Dataset/Test/Real/real_172.jpg,1,1,True,2.2419248125515878e-05,0.9999775886535645
/content/Dataset/Test/Real/real_1720.jpg,1,1,True,2.2159561922308058e-05,0.9999778270721436
/content/Dataset/Test/Real/real_1721.jpg,1,1,True,2.228601988463197e-05,0.999977707862854
/content/Dataset/Test/Real/real_1722.jpg,1,1,True,2.67678260570392e-05,0.9999731779098511
/content/Dataset/Test/Real/real_1723.jpg,1,1,True,3.5232355003245175e-05,0.999964714050293
/content/Dataset/Test/Real/real_1724.jpg,1,1,True,2.410373963357415e-05,0.9999759197235107
/content/Dataset/Test/Real/real_1725.jpg,1,1,True,0.0005179325817152858,0.9994820952415466
/content/Dataset/Test/Real/real_1726.jpg,1,1,True,9.264234540751204e-05,0.999907374382019
/content/Dataset/Test/Real/real_1727.jpg,1,1,True,2.494850014045369e-05,0.9999750852584839
/content/Dataset/Test/Real/real_1728.jpg,1,1,True,2.1754814952146262e-05,0.9999783039093018
/content/Dataset/Test/Real/real_1729.jpg,1,1,True,2.3545295334770344e-05,0.999976396560669
/content/Dataset/Test/Real/real_173.jpg,1,1,True,3.714095146278851e-05,0.9999628067016602
/content/Dataset/Test/Real/real_1730.jpg,1,1,True,8.724013605387881e-05,0.9999127388000488
/content/Dataset/Test/Real/real_1731.jpg,1,1,True,2.1398207536549307e-05,0.9999785423278809
/content/Dataset/Test/Real/real_1732.jpg,1,1,True,2.369848152738996e-05,0.9999762773513794
/content/Dataset/Test/Real/real_1733.jpg,1,1,True,0.00021401808771770447,0.9997859597206116
/content/Dataset/Test/Real/real_1734.jpg,1,1,True,2.2332740627462044e-05,0.999977707862854
/content/Dataset/Test/Real/real_1735.jpg,1,1,True,2.5218299924745224e-05,0.9999747276306152
/content/Dataset/Test/Real/real_1736.jpg,1,1,True,2.2606200218433514e-05,0.9999773502349854
/content/Dataset/Test/Real/real_1737.jpg,1,1,True,0.00014770221605431288,0.9998522996902466
/content/Dataset/Test/Real/real_1738.jpg,1,0,False,0.9570980072021484,0.04290197044610977
/content/Dataset/Test/Real/real_1739.jpg,1,1,True,2.6408037228975445e-05,0.9999735355377197
/content/Dataset/Test/Real/real_174.jpg,1,1,True,6.879252032376826e-05,0.9999312162399292
/content/Dataset/Test/Real/real_1740.jpg,1,1,True,2.057066376437433e-05,0.9999793767929077
/content/Dataset/Test/Real/real_1741.jpg,1,1,True,0.2270738184452057,0.7729261517524719
/content/Dataset/Test/Real/real_1742.jpg,1,1,True,0.0009022154263220727,0.9990978240966797
/content/Dataset/Test/Real/real_1743.jpg,1,0,False,0.9999182224273682,8.172837988240644e-05
/content/Dataset/Test/Real/real_1744.jpg,1,1,True,7.606656436109915e-05,0.9999239444732666
/content/Dataset/Test/Real/real_1745.jpg,1,1,True,2.271065386594273e-05,0.9999772310256958
/content/Dataset/Test/Real/real_1746.jpg,1,1,True,2.8016476790071465e-05,0.9999719858169556
/content/Dataset/Test/Real/real_1747.jpg,1,1,True,8.049073221627623e-05,0.9999195337295532
/content/Dataset/Test/Real/real_1748.jpg,1,0,False,0.9440074563026428,0.055992573499679565
/content/Dataset/Test/Real/real_1749.jpg,1,1,True,0.0007539819343946874,0.9992460012435913
/content/Dataset/Test/Real/real_175.jpg,1,0,False,0.7642849087715149,0.23571506142616272
/content/Dataset/Test/Real/real_1750.jpg,1,1,True,2.272517122037243e-05,0.9999772310256958
/content/Dataset/Test/Real/real_1751.jpg,1,1,True,4.647909736377187e-05,0.9999535083770752
/content/Dataset/Test/Real/real_1752.jpg,1,1,True,3.563435893738642e-05,0.9999643564224243
/content/Dataset/Test/Real/real_1753.jpg,1,1,True,2.280702392454259e-05,0.9999772310256958
/content/Dataset/Test/Real/real_1754.jpg,1,1,True,2.4151964680640958e-05,0.9999758005142212
/content/Dataset/Test/Real/real_1755.jpg,1,1,True,6.646638212259859e-05,0.9999334812164307
/content/Dataset/Test/Real/real_1756.jpg,1,1,True,2.475494511600118e-05,0.9999752044677734
/content/Dataset/Test/Real/real_1757.jpg,1,1,True,2.5204884877894074e-05,0.9999748468399048
/content/Dataset/Test/Real/real_1758.jpg,1,1,True,2.504999065422453e-05,0.9999749660491943
/content/Dataset/Test/Real/real_1759.jpg,1,0,False,0.9703566431999207,0.029643353074789047
/content/Dataset/Test/Real/real_176.jpg,1,0,False,0.9948098659515381,0.005190146155655384
/content/Dataset/Test/Real/real_1760.jpg,1,1,True,3.101388938375749e-05,0.9999690055847168
/content/Dataset/Test/Real/real_1761.jpg,1,1,True,2.180112642236054e-05,0.9999781847000122
/content/Dataset/Test/Real/real_1762.jpg,1,1,True,2.9156113669159822e-05,0.9999707937240601
/content/Dataset/Test/Real/real_1763.jpg,1,1,True,3.52001516148448e-05,0.9999648332595825
/content/Dataset/Test/Real/real_1764.jpg,1,1,True,0.0003318627714179456,0.9996681213378906
/content/Dataset/Test/Real/real_1765.jpg,1,1,True,0.35472822189331055,0.6452717781066895
/content/Dataset/Test/Real/real_1766.jpg,1,1,True,0.00012697522470261902,0.9998730421066284
/content/Dataset/Test/Real/real_1767.jpg,1,1,True,2.15452273550909e-05,0.9999784231185913
/content/Dataset/Test/Real/real_1768.jpg,1,0,False,0.5043743252754211,0.49562567472457886
/content/Dataset/Test/Real/real_1769.jpg,1,1,True,3.924486009054817e-05,0.9999607801437378
/content/Dataset/Test/Real/real_177.jpg,1,1,True,8.048052404774353e-05,0.9999195337295532
/content/Dataset/Test/Real/real_1770.jpg,1,1,True,2.7647969545796514e-05,0.9999723434448242
/content/Dataset/Test/Real/real_1771.jpg,1,1,True,2.655815660546068e-05,0.9999734163284302
/content/Dataset/Test/Real/real_1772.jpg,1,1,True,2.592396231193561e-05,0.9999741315841675
/content/Dataset/Test/Real/real_1773.jpg,1,1,True,2.4607837985968217e-05,0.9999754428863525
/content/Dataset/Test/Real/real_1774.jpg,1,0,False,0.9998158812522888,0.0001841708435676992
/content/Dataset/Test/Real/real_1775.jpg,1,1,True,2.232903534604702e-05,0.999977707862854
/content/Dataset/Test/Real/real_1776.jpg,1,1,True,2.6937375878333114e-05,0.9999730587005615
/content/Dataset/Test/Real/real_1777.jpg,1,1,True,4.70639206469059e-05,0.9999529123306274
/content/Dataset/Test/Real/real_1778.jpg,1,1,True,8.444917330052704e-05,0.999915599822998
/content/Dataset/Test/Real/real_1779.jpg,1,1,True,4.7731693484820426e-05,0.9999523162841797
/content/Dataset/Test/Real/real_178.jpg,1,1,True,4.3092266423627734e-05,0.9999569654464722
/content/Dataset/Test/Real/real_1780.jpg,1,1,True,0.0043243104591965675,0.9956757426261902
/content/Dataset/Test/Real/real_1781.jpg,1,1,True,0.003400414250791073,0.9965996146202087
/content/Dataset/Test/Real/real_1782.jpg,1,1,True,2.2745030946680345e-05,0.9999772310256958
/content/Dataset/Test/Real/real_1783.jpg,1,1,True,2.0983978174626827e-05,0.9999790191650391
/content/Dataset/Test/Real/real_1784.jpg,1,1,True,2.22100625251187e-05,0.9999778270721436
/content/Dataset/Test/Real/real_1785.jpg,1,1,True,0.005252564791589975,0.9947474598884583
/content/Dataset/Test/Real/real_1786.jpg,1,1,True,2.5580804503988475e-05,0.9999743700027466
/content/Dataset/Test/Real/real_1787.jpg,1,0,False,0.9999483823776245,5.1593826356111094e-05
/content/Dataset/Test/Real/real_1788.jpg,1,0,False,0.9993434548377991,0.0006565830553881824
/content/Dataset/Test/Real/real_1789.jpg,1,0,False,0.9989768266677856,0.0010231706546619534
/content/Dataset/Test/Real/real_179.jpg,1,1,True,2.255404797324445e-05,0.9999774694442749
/content/Dataset/Test/Real/real_1790.jpg,1,1,True,2.282899913552683e-05,0.9999771118164062
/content/Dataset/Test/Real/real_1791.jpg,1,0,False,0.9995788931846619,0.00042105797911062837
/content/Dataset/Test/Real/real_1792.jpg,1,1,True,4.070067006978206e-05,0.9999593496322632
/content/Dataset/Test/Real/real_1793.jpg,1,1,True,2.5307102987426333e-05,0.9999747276306152
/content/Dataset/Test/Real/real_1794.jpg,1,1,True,2.8320529963821173e-05,0.9999716281890869
/content/Dataset/Test/Real/real_1795.jpg,1,0,False,0.9999697208404541,3.0249111659941263e-05
/content/Dataset/Test/Real/real_1796.jpg,1,1,True,2.2376099877874367e-05,0.9999775886535645
/content/Dataset/Test/Real/real_1797.jpg,1,1,True,2.7948746719630435e-05,0.9999721050262451
/content/Dataset/Test/Real/real_1798.jpg,1,1,True,2.1596162696368992e-05,0.9999784231185913
/content/Dataset/Test/Real/real_1799.jpg,1,1,True,2.6370364139438607e-05,0.9999736547470093
/content/Dataset/Test/Real/real_18.jpg,1,1,True,4.7893096052575856e-05,0.9999520778656006
/content/Dataset/Test/Real/real_180.jpg,1,1,True,2.4126484277076088e-05,0.9999759197235107
/content/Dataset/Test/Real/real_1800.jpg,1,1,True,8.67212365847081e-05,0.999913215637207
/content/Dataset/Test/Real/real_1801.jpg,1,1,True,2.567876799730584e-05,0.9999743700027466
/content/Dataset/Test/Real/real_1802.jpg,1,1,True,0.2907183766365051,0.7092815637588501
/content/Dataset/Test/Real/real_1803.jpg,1,1,True,0.0001564443955430761,0.9998434782028198
/content/Dataset/Test/Real/real_1804.jpg,1,1,True,0.00027307705022394657,0.9997269511222839
/content/Dataset/Test/Real/real_1805.jpg,1,0,False,0.9668411612510681,0.0331588052213192
/content/Dataset/Test/Real/real_1806.jpg,1,1,True,4.326627458794974e-05,0.9999567270278931
/content/Dataset/Test/Real/real_1807.jpg,1,1,True,3.311096952529624e-05,0.9999668598175049
/content/Dataset/Test/Real/real_1808.jpg,1,1,True,0.0012212570291012526,0.998778760433197
/content/Dataset/Test/Real/real_1809.jpg,1,1,True,2.4095923436107114e-05,0.9999759197235107
/content/Dataset/Test/Real/real_181.jpg,1,1,True,2.7123955078423023e-05,0.9999728202819824
/content/Dataset/Test/Real/real_1810.jpg,1,1,True,2.123059493897017e-05,0.99997878074646
/content/Dataset/Test/Real/real_1811.jpg,1,1,True,0.00018190049740951508,0.9998181462287903
/content/Dataset/Test/Real/real_1812.jpg,1,1,True,0.019911272451281548,0.9800887703895569
/content/Dataset/Test/Real/real_1813.jpg,1,0,False,0.9999736547470093,2.6379822884337045e-05
/content/Dataset/Test/Real/real_1814.jpg,1,0,False,0.9945566654205322,0.005443310830742121
/content/Dataset/Test/Real/real_1815.jpg,1,1,True,0.000980739714577794,0.9990192651748657
/content/Dataset/Test/Real/real_1816.jpg,1,1,True,0.00023971543123479933,0.9997603297233582
/content/Dataset/Test/Real/real_1817.jpg,1,0,False,0.9999579191207886,4.207456731819548e-05
/content/Dataset/Test/Real/real_1818.jpg,1,1,True,0.004911850206553936,0.9950881600379944
/content/Dataset/Test/Real/real_1819.jpg,1,1,True,0.34864699840545654,0.6513530015945435
/content/Dataset/Test/Real/real_182.jpg,1,1,True,2.1938714780844748e-05,0.9999780654907227
/content/Dataset/Test/Real/real_1820.jpg,1,0,False,0.8944554924964905,0.10554449260234833
/content/Dataset/Test/Real/real_1821.jpg,1,1,True,0.011359117925167084,0.9886409044265747
/content/Dataset/Test/Real/real_1822.jpg,1,1,True,2.4147335352608934e-05,0.9999758005142212
/content/Dataset/Test/Real/real_1823.jpg,1,1,True,0.0059085083194077015,0.9940914511680603
/content/Dataset/Test/Real/real_1824.jpg,1,1,True,2.1367211957112886e-05,0.9999786615371704
/content/Dataset/Test/Real/real_1825.jpg,1,1,True,2.181162744818721e-05,0.9999781847000122
/content/Dataset/Test/Real/real_1826.jpg,1,0,False,0.9999064207077026,9.3605209258385e-05
/content/Dataset/Test/Real/real_1827.jpg,1,1,True,2.078814577544108e-05,0.9999792575836182
/content/Dataset/Test/Real/real_1828.jpg,1,0,False,0.9999374151229858,6.257412314880639e-05
/content/Dataset/Test/Real/real_1829.jpg,1,1,True,6.070689778425731e-05,0.9999393224716187
/content/Dataset/Test/Real/real_183.jpg,1,1,True,2.3977023374754936e-05,0.9999760389328003
/content/Dataset/Test/Real/real_1830.jpg,1,1,True,0.00011196857667528093,0.9998880624771118
/content/Dataset/Test/Real/real_1831.jpg,1,0,False,0.9670950770378113,0.03290493041276932
/content/Dataset/Test/Real/real_1832.jpg,1,1,True,6.872956873849034e-05,0.9999312162399292
/content/Dataset/Test/Real/real_1833.jpg,1,1,True,5.668897938448936e-05,0.9999432563781738
/content/Dataset/Test/Real/real_1834.jpg,1,1,True,0.0003767578164115548,0.99962317943573
/content/Dataset/Test/Real/real_1835.jpg,1,1,True,0.00019256799714639783,0.9998074173927307
/content/Dataset/Test/Real/real_1836.jpg,1,1,True,2.4645576559123583e-05,0.999975323677063
/content/Dataset/Test/Real/real_1837.jpg,1,1,True,2.303491964994464e-05,0.9999769926071167
/content/Dataset/Test/Real/real_1838.jpg,1,1,True,2.3364143999060616e-05,0.999976634979248
/content/Dataset/Test/Real/real_1839.jpg,1,1,True,0.006937744095921516,0.9930621981620789
/content/Dataset/Test/Real/real_184.jpg,1,1,True,7.78806206653826e-05,0.9999221563339233
/content/Dataset/Test/Real/real_1840.jpg,1,1,True,3.656260741990991e-05,0.9999634027481079
/content/Dataset/Test/Real/real_1841.jpg,1,1,True,0.2960841655731201,0.7039157748222351
/content/Dataset/Test/Real/real_1842.jpg,1,1,True,3.632499647210352e-05,0.999963641166687
/content/Dataset/Test/Real/real_1843.jpg,1,1,True,0.00026924957637675107,0.9997307658195496
/content/Dataset/Test/Real/real_1844.jpg,1,1,True,0.00011064788850490004,0.9998893737792969
/content/Dataset/Test/Real/real_1845.jpg,1,1,True,0.0002387332933722064,0.9997612833976746
/content/Dataset/Test/Real/real_1846.jpg,1,1,True,0.09255301207304001,0.9074469804763794
/content/Dataset/Test/Real/real_1847.jpg,1,0,False,0.9949577450752258,0.005042214412242174
/content/Dataset/Test/Real/real_1848.jpg,1,0,False,0.9999387264251709,6.1307757277973e-05
/content/Dataset/Test/Real/real_1849.jpg,1,0,False,0.504904568195343,0.4950953722000122
/content/Dataset/Test/Real/real_185.jpg,1,1,True,2.377213786530774e-05,0.9999762773513794
/content/Dataset/Test/Real/real_1850.jpg,1,1,True,4.095897384104319e-05,0.9999589920043945
/content/Dataset/Test/Real/real_1851.jpg,1,0,False,0.9796619415283203,0.020338023081421852
/content/Dataset/Test/Real/real_1852.jpg,1,0,False,0.9997789263725281,0.0002210664242738858
/content/Dataset/Test/Real/real_1853.jpg,1,1,True,0.012241379357874393,0.9877585768699646
/content/Dataset/Test/Real/real_1854.jpg,1,1,True,0.1686217337846756,0.8313782215118408
/content/Dataset/Test/Real/real_1855.jpg,1,1,True,0.006842549424618483,0.9931574463844299
/content/Dataset/Test/Real/real_1856.jpg,1,1,True,4.32352208008524e-05,0.9999567270278931
/content/Dataset/Test/Real/real_1857.jpg,1,1,True,2.054907599813305e-05,0.9999794960021973
/content/Dataset/Test/Real/real_1858.jpg,1,1,True,2.3745809812680818e-05,0.9999762773513794
/content/Dataset/Test/Real/real_1859.jpg,1,1,True,0.00032319698948413134,0.9996768236160278
/content/Dataset/Test/Real/real_186.jpg,1,1,True,0.13640710711479187,0.8635928630828857
/content/Dataset/Test/Real/real_1860.jpg,1,1,True,7.548386929556727e-05,0.9999245405197144
/content/Dataset/Test/Real/real_1861.jpg,1,1,True,4.1365208744537085e-05,0.9999586343765259
/content/Dataset/Test/Real/real_1862.jpg,1,1,True,2.765464159892872e-05,0.9999723434448242
/content/Dataset/Test/Real/real_1863.jpg,1,1,True,2.1315150661394e-05,0.9999786615371704
/content/Dataset/Test/Real/real_1864.jpg,1,1,True,0.0004294347600080073,0.9995705485343933
/content/Dataset/Test/Real/real_1865.jpg,1,1,True,4.0087237721309066e-05,0.9999599456787109
/content/Dataset/Test/Real/real_1866.jpg,1,1,True,0.00014474405907094479,0.9998552799224854
/content/Dataset/Test/Real/real_1867.jpg,1,1,True,5.4472999181598425e-05,0.9999455213546753
/content/Dataset/Test/Real/real_1868.jpg,1,1,True,2.6213107048533857e-05,0.9999737739562988
/content/Dataset/Test/Real/real_1869.jpg,1,1,True,3.7419642467284575e-05,0.999962568283081
/content/Dataset/Test/Real/real_187.jpg,1,1,True,2.1519272195291705e-05,0.9999784231185913
/content/Dataset/Test/Real/real_1870.jpg,1,1,True,8.32672740216367e-05,0.999916672706604
/content/Dataset/Test/Real/real_1871.jpg,1,1,True,0.0003197750193066895,0.9996802806854248
/content/Dataset/Test/Real/real_1872.jpg,1,1,True,0.02185620553791523,0.9781437516212463
/content/Dataset/Test/Real/real_1873.jpg,1,1,True,2.405950363026932e-05,0.9999759197235107
/content/Dataset/Test/Real/real_1874.jpg,1,1,True,4.8802467063069344e-05,0.9999512434005737
/content/Dataset/Test/Real/real_1875.jpg,1,1,True,0.4396878778934479,0.5603120923042297
/content/Dataset/Test/Real/real_1876.jpg,1,1,True,0.0005069267353974283,0.9994930028915405
/content/Dataset/Test/Real/real_1877.jpg,1,1,True,0.0009666432742960751,0.9990333318710327
/content/Dataset/Test/Real/real_1878.jpg,1,1,True,0.0003663467359729111,0.9996336698532104
/content/Dataset/Test/Real/real_1879.jpg,1,1,True,3.389437188161537e-05,0.9999661445617676
/content/Dataset/Test/Real/real_188.jpg,1,1,True,2.178826071030926e-05,0.9999781847000122
/content/Dataset/Test/Real/real_1880.jpg,1,1,True,2.2589907530345954e-05,0.9999773502349854
/content/Dataset/Test/Real/real_1881.jpg,1,1,True,2.33465907513164e-05,0.999976634979248
/content/Dataset/Test/Real/real_1882.jpg,1,1,True,3.405036113690585e-05,0.9999659061431885
/content/Dataset/Test/Real/real_1883.jpg,1,1,True,0.0013367654755711555,0.9986631870269775
/content/Dataset/Test/Real/real_1884.jpg,1,0,False,0.9998855590820312,0.0001144758498412557
/content/Dataset/Test/Real/real_1885.jpg,1,1,True,9.783540008356795e-05,0.9999021291732788
/content/Dataset/Test/Real/real_1886.jpg,1,1,True,2.306118403794244e-05,0.9999769926071167
/content/Dataset/Test/Real/real_1887.jpg,1,1,True,0.00022578697826247662,0.9997742772102356
/content/Dataset/Test/Real/real_1888.jpg,1,1,True,3.068489968427457e-05,0.9999693632125854
/content/Dataset/Test/Real/real_1889.jpg,1,1,True,0.0007538849604316056,0.9992461204528809
/content/Dataset/Test/Real/real_189.jpg,1,1,True,3.296962313470431e-05,0.9999669790267944
/content/Dataset/Test/Real/real_1890.jpg,1,1,True,0.09262379258871078,0.907376229763031
/content/Dataset/Test/Real/real_1891.jpg,1,1,True,0.00037604643148370087,0.9996238946914673
/content/Dataset/Test/Real/real_1892.jpg,1,1,True,5.5502841860288754e-05,0.9999444484710693
/content/Dataset/Test/Real/real_1893.jpg,1,0,False,0.9987038373947144,0.0012961352476850152
/content/Dataset/Test/Real/real_1894.jpg,1,1,True,0.06415306776762009,0.9358469247817993
/content/Dataset/Test/Real/real_1895.jpg,1,0,False,0.9715512990951538,0.0284486822783947
/content/Dataset/Test/Real/real_1896.jpg,1,0,False,0.9999325275421143,6.751887121936306e-05
/content/Dataset/Test/Real/real_1897.jpg,1,0,False,0.999941349029541,5.8592991990735754e-05
/content/Dataset/Test/Real/real_1898.jpg,1,0,False,0.9999417066574097,5.830205191159621e-05
/content/Dataset/Test/Real/real_1899.jpg,1,1,True,2.7138936275150627e-05,0.9999728202819824
/content/Dataset/Test/Real/real_19.jpg,1,1,True,0.00019885977962985635,0.9998012185096741
/content/Dataset/Test/Real/real_190.jpg,1,1,True,3.0739694921066985e-05,0.9999692440032959
/content/Dataset/Test/Real/real_1900.jpg,1,1,True,0.002417446579784155,0.9975825548171997
/content/Dataset/Test/Real/real_1901.jpg,1,1,True,5.309427069732919e-05,0.9999469518661499
/content/Dataset/Test/Real/real_1902.jpg,1,1,True,3.905400444637053e-05,0.9999608993530273
/content/Dataset/Test/Real/real_1903.jpg,1,1,True,0.00025090508279390633,0.9997491240501404
/content/Dataset/Test/Real/real_1904.jpg,1,0,False,0.9998962879180908,0.00010371487587690353
/content/Dataset/Test/Real/real_1905.jpg,1,1,True,4.6783534344285727e-05,0.9999532699584961
/content/Dataset/Test/Real/real_1906.jpg,1,1,True,0.00025916690356098115,0.9997407793998718
/content/Dataset/Test/Real/real_1907.jpg,1,1,True,0.0008236572030000389,0.9991763234138489
/content/Dataset/Test/Real/real_1908.jpg,1,1,True,4.213054126012139e-05,0.9999579191207886
/content/Dataset/Test/Real/real_1909.jpg,1,0,False,0.9953911304473877,0.004608907271176577
/content/Dataset/Test/Real/real_191.jpg,1,1,True,2.1914647732046433e-05,0.9999780654907227
/content/Dataset/Test/Real/real_1910.jpg,1,1,True,0.00010125635890290141,0.9998987913131714
/content/Dataset/Test/Real/real_1911.jpg,1,0,False,0.7969108819961548,0.2030891627073288
/content/Dataset/Test/Real/real_1912.jpg,1,1,True,0.04268950596451759,0.9573104381561279
/content/Dataset/Test/Real/real_1913.jpg,1,1,True,0.0001545362756587565,0.9998453855514526
/content/Dataset/Test/Real/real_1914.jpg,1,0,False,0.999165415763855,0.0008346200920641422
/content/Dataset/Test/Real/real_1915.jpg,1,0,False,0.9999045133590698,9.54901915974915e-05
/content/Dataset/Test/Real/real_1916.jpg,1,1,True,2.1195961380726658e-05,0.99997878074646
/content/Dataset/Test/Real/real_1917.jpg,1,1,True,0.007568432483822107,0.9924315214157104
/content/Dataset/Test/Real/real_1918.jpg,1,1,True,3.766225927392952e-05,0.999962329864502
/content/Dataset/Test/Real/real_1919.jpg,1,1,True,2.719606527534779e-05,0.9999728202819824
/content/Dataset/Test/Real/real_192.jpg,1,1,True,2.5005690986290574e-05,0.9999749660491943
/content/Dataset/Test/Real/real_1920.jpg,1,1,True,0.00012961775064468384,0.9998704195022583
/content/Dataset/Test/Real/real_1921.jpg,1,1,True,2.5222654585377313e-05,0.9999747276306152
/content/Dataset/Test/Real/real_1922.jpg,1,1,True,0.4120124876499176,0.5879875421524048
/content/Dataset/Test/Real/real_1923.jpg,1,1,True,2.4738377760513686e-05,0.9999752044677734
/content/Dataset/Test/Real/real_1924.jpg,1,1,True,2.1047148038633168e-05,0.9999788999557495
/content/Dataset/Test/Real/real_1925.jpg,1,1,True,0.17138619720935822,0.828613817691803
/content/Dataset/Test/Real/real_1926.jpg,1,0,False,0.8859161734580994,0.11408384889364243
/content/Dataset/Test/Real/real_1927.jpg,1,1,True,2.8066349841537885e-05,0.9999719858169556
/content/Dataset/Test/Real/real_1928.jpg,1,1,True,2.4601995392004028e-05,0.9999754428863525
/content/Dataset/Test/Real/real_1929.jpg,1,1,True,2.701290213735774e-05,0.999972939491272
/content/Dataset/Test/Real/real_193.jpg,1,1,True,2.972250513266772e-05,0.9999703168869019
/content/Dataset/Test/Real/real_1930.jpg,1,1,True,2.5402659957762808e-05,0.9999746084213257
/content/Dataset/Test/Real/real_1931.jpg,1,1,True,0.0004041519423481077,0.9995958209037781
/content/Dataset/Test/Real/real_1932.jpg,1,1,True,0.012655477970838547,0.98734450340271
/content/Dataset/Test/Real/real_1933.jpg,1,1,True,0.004526831209659576,0.9954732060432434
/content/Dataset/Test/Real/real_1934.jpg,1,1,True,2.931539529527072e-05,0.9999706745147705
/content/Dataset/Test/Real/real_1935.jpg,1,1,True,0.00017714788555167615,0.9998229146003723
/content/Dataset/Test/Real/real_1936.jpg,1,1,True,4.999546945327893e-05,0.9999500513076782
/content/Dataset/Test/Real/real_1937.jpg,1,1,True,2.575712642283179e-05,0.999974250793457
/content/Dataset/Test/Real/real_1938.jpg,1,1,True,4.365332642919384e-05,0.9999563694000244
/content/Dataset/Test/Real/real_1939.jpg,1,1,True,2.290873453603126e-05,0.9999771118164062
/content/Dataset/Test/Real/real_194.jpg,1,1,True,0.009394875727593899,0.9906051754951477
/content/Dataset/Test/Real/real_1940.jpg,1,1,True,0.4818993806838989,0.5181005597114563
/content/Dataset/Test/Real/real_1941.jpg,1,1,True,0.036056265234947205,0.9639437794685364
/content/Dataset/Test/Real/real_1942.jpg,1,1,True,2.2699850887875073e-05,0.9999773502349854
/content/Dataset/Test/Real/real_1943.jpg,1,1,True,0.00012232964218128473,0.9998776912689209
/content/Dataset/Test/Real/real_1944.jpg,1,1,True,0.00014209869550541043,0.9998579025268555
/content/Dataset/Test/Real/real_1945.jpg,1,0,False,0.9999611377716064,3.886526610585861e-05
/content/Dataset/Test/Real/real_1946.jpg,1,0,False,0.9999569654464722,4.3019339500460774e-05
/content/Dataset/Test/Real/real_1947.jpg,1,0,False,0.9994887113571167,0.0005113027873449028
/content/Dataset/Test/Real/real_1948.jpg,1,0,False,0.9915812611579895,0.008418708108365536
/content/Dataset/Test/Real/real_1949.jpg,1,1,True,2.291288365086075e-05,0.9999771118164062
/content/Dataset/Test/Real/real_195.jpg,1,1,True,5.580706420005299e-05,0.9999442100524902
/content/Dataset/Test/Real/real_1950.jpg,1,1,True,2.168113860534504e-05,0.9999783039093018
/content/Dataset/Test/Real/real_1951.jpg,1,1,True,2.0769557522726245e-05,0.9999792575836182
/content/Dataset/Test/Real/real_1952.jpg,1,1,True,8.662535401526839e-05,0.9999133348464966
/content/Dataset/Test/Real/real_1953.jpg,1,1,True,0.00017218496941495687,0.9998277425765991
/content/Dataset/Test/Real/real_1954.jpg,1,0,False,0.9903292655944824,0.009670654311776161
/content/Dataset/Test/Real/real_1955.jpg,1,1,True,2.6394873202661984e-05,0.9999736547470093
/content/Dataset/Test/Real/real_1956.jpg,1,1,True,2.3300928660319187e-05,0.9999767541885376
/content/Dataset/Test/Real/real_1957.jpg,1,1,True,0.00015818110841792077,0.9998418092727661
/content/Dataset/Test/Real/real_1958.jpg,1,1,True,8.207617065636441e-05,0.9999178647994995
/content/Dataset/Test/Real/real_1959.jpg,1,1,True,4.6922123146941885e-05,0.999953031539917
/content/Dataset/Test/Real/real_196.jpg,1,1,True,5.104804222355597e-05,0.9999489784240723
/content/Dataset/Test/Real/real_1960.jpg,1,1,True,2.5447663574595936e-05,0.9999746084213257
/content/Dataset/Test/Real/real_1961.jpg,1,1,True,0.23780284821987152,0.7621971964836121
/content/Dataset/Test/Real/real_1962.jpg,1,1,True,0.01793924905359745,0.9820607900619507
/content/Dataset/Test/Real/real_1963.jpg,1,1,True,0.01749333180487156,0.9825066924095154
/content/Dataset/Test/Real/real_1964.jpg,1,0,False,0.5016204714775085,0.49837952852249146
/content/Dataset/Test/Real/real_1965.jpg,1,0,False,0.9966825842857361,0.0033174133859574795
/content/Dataset/Test/Real/real_1966.jpg,1,0,False,0.8139294981956482,0.18607056140899658
/content/Dataset/Test/Real/real_1967.jpg,1,1,True,2.774426684482023e-05,0.9999722242355347
/content/Dataset/Test/Real/real_1968.jpg,1,1,True,3.407631811569445e-05,0.9999659061431885
/content/Dataset/Test/Real/real_1969.jpg,1,0,False,0.9814884662628174,0.018511516973376274
/content/Dataset/Test/Real/real_197.jpg,1,1,True,3.744513378478587e-05,0.999962568283081
/content/Dataset/Test/Real/real_1970.jpg,1,0,False,0.5020682215690613,0.49793174862861633
/content/Dataset/Test/Real/real_1971.jpg,1,1,True,2.1964213374303654e-05,0.9999780654907227
/content/Dataset/Test/Real/real_1972.jpg,1,1,True,2.3979378966032527e-05,0.9999760389328003
/content/Dataset/Test/Real/real_1973.jpg,1,1,True,0.0001038237169268541,0.9998961687088013
/content/Dataset/Test/Real/real_1974.jpg,1,1,True,3.17879967042245e-05,0.9999681711196899
/content/Dataset/Test/Real/real_1975.jpg,1,1,True,4.8287081881426275e-05,0.9999517202377319
/content/Dataset/Test/Real/real_1976.jpg,1,0,False,0.9999643564224243,3.5653396480483934e-05
/content/Dataset/Test/Real/real_1977.jpg,1,1,True,2.083595609292388e-05,0.9999791383743286
/content/Dataset/Test/Real/real_1978.jpg,1,1,True,2.3178081391961314e-05,0.9999768733978271
/content/Dataset/Test/Real/real_1979.jpg,1,1,True,7.288157212315127e-05,0.9999271631240845
/content/Dataset/Test/Real/real_198.jpg,1,1,True,0.00028127466794103384,0.9997187256813049
/content/Dataset/Test/Real/real_1980.jpg,1,1,True,2.3614491510670632e-05,0.999976396560669
/content/Dataset/Test/Real/real_1981.jpg,1,1,True,0.00012855607201345265,0.9998713731765747
/content/Dataset/Test/Real/real_1982.jpg,1,1,True,2.4953473257482983e-05,0.9999750852584839
/content/Dataset/Test/Real/real_1983.jpg,1,0,False,0.9999715089797974,2.8544744054670446e-05
/content/Dataset/Test/Real/real_1984.jpg,1,1,True,0.438046932220459,0.561953067779541
/content/Dataset/Test/Real/real_1985.jpg,1,1,True,0.0004102610400877893,0.999589741230011
/content/Dataset/Test/Real/real_1986.jpg,1,1,True,2.527560354792513e-05,0.9999747276306152
/content/Dataset/Test/Real/real_1987.jpg,1,1,True,3.416961044422351e-05,0.9999657869338989
/content/Dataset/Test/Real/real_1988.jpg,1,1,True,0.000529952347278595,0.999470055103302
/content/Dataset/Test/Real/real_1989.jpg,1,0,False,0.8418067097663879,0.15819329023361206
/content/Dataset/Test/Real/real_199.jpg,1,1,True,2.2586742488783784e-05,0.9999774694442749
/content/Dataset/Test/Real/real_1990.jpg,1,1,True,0.0006788871833123267,0.9993211030960083
/content/Dataset/Test/Real/real_1991.jpg,1,1,True,0.09509028494358063,0.9049097299575806
/content/Dataset/Test/Real/real_1992.jpg,1,1,True,6.479097646661103e-05,0.9999351501464844
/content/Dataset/Test/Real/real_1993.jpg,1,1,True,2.1928926798864268e-05,0.9999780654907227
/content/Dataset/Test/Real/real_1994.jpg,1,1,True,2.8197104256832972e-05,0.9999717473983765
/content/Dataset/Test/Real/real_1995.jpg,1,1,True,2.0521874830592424e-05,0.9999794960021973
/content/Dataset/Test/Real/real_1996.jpg,1,0,False,0.9999169111251831,8.302798232762143e-05
/content/Dataset/Test/Real/real_1997.jpg,1,1,True,0.00023471584427170455,0.9997653365135193
/content/Dataset/Test/Real/real_1998.jpg,1,0,False,0.908458948135376,0.09154108911752701
/content/Dataset/Test/Real/real_1999.jpg,1,1,True,4.6983292122604325e-05,0.999953031539917
/content/Dataset/Test/Real/real_2.jpg,1,1,True,0.05440792441368103,0.9455920457839966
/content/Dataset/Test/Real/real_20.jpg,1,1,True,2.175047848140821e-05,0.9999783039093018
/content/Dataset/Test/Real/real_200.jpg,1,1,True,2.2443740817834623e-05,0.9999775886535645
/content/Dataset/Test/Real/real_2000.jpg,1,1,True,9.863219747785479e-05,0.9999014139175415
/content/Dataset/Test/Real/real_2001.jpg,1,1,True,2.1183370336075313e-05,0.99997878074646
/content/Dataset/Test/Real/real_2002.jpg,1,1,True,0.004418326076120138,0.9955816864967346
/content/Dataset/Test/Real/real_2003.jpg,1,0,False,0.9591943025588989,0.040805645287036896
/content/Dataset/Test/Real/real_2004.jpg,1,1,True,0.18326465785503387,0.8167353868484497
/content/Dataset/Test/Real/real_2005.jpg,1,1,True,7.347031350946054e-05,0.9999265670776367
/content/Dataset/Test/Real/real_2006.jpg,1,1,True,4.058420381625183e-05,0.9999594688415527
/content/Dataset/Test/Real/real_2007.jpg,1,1,True,2.1227679098956287e-05,0.99997878074646
/content/Dataset/Test/Real/real_2008.jpg,1,0,False,0.5117087364196777,0.48829129338264465
/content/Dataset/Test/Real/real_2009.jpg,1,0,False,0.9907262325286865,0.009273763746023178
/content/Dataset/Test/Real/real_201.jpg,1,1,True,2.178988142986782e-05,0.9999781847000122
/content/Dataset/Test/Real/real_2010.jpg,1,0,False,0.8744146823883057,0.1255853772163391
/content/Dataset/Test/Real/real_2011.jpg,1,0,False,0.9999443292617798,5.568830238189548e-05
/content/Dataset/Test/Real/real_2012.jpg,1,0,False,0.9999083280563354,9.16576391318813e-05
/content/Dataset/Test/Real/real_2013.jpg,1,1,True,0.49032163619995117,0.5096783638000488
/content/Dataset/Test/Real/real_2014.jpg,1,1,True,0.00016954504826571792,0.9998304843902588
/content/Dataset/Test/Real/real_2015.jpg,1,1,True,2.284544098074548e-05,0.9999771118164062
/content/Dataset/Test/Real/real_2016.jpg,1,1,True,2.342880361538846e-05,0.9999765157699585
/content/Dataset/Test/Real/real_2017.jpg,1,1,True,2.2258192984736525e-05,0.999977707862854
/content/Dataset/Test/Real/real_2018.jpg,1,1,True,4.224604708724655e-05,0.999957799911499
/content/Dataset/Test/Real/real_2019.jpg,1,1,True,2.318502447451465e-05,0.9999768733978271
/content/Dataset/Test/Real/real_202.jpg,1,1,True,3.3720752981025726e-05,0.9999662637710571
/content/Dataset/Test/Real/real_2020.jpg,1,1,True,2.1921629013377242e-05,0.9999780654907227
/content/Dataset/Test/Real/real_2021.jpg,1,1,True,0.0001266502949874848,0.9998732805252075
/content/Dataset/Test/Real/real_2022.jpg,1,1,True,2.2030922991689295e-05,0.9999779462814331
/content/Dataset/Test/Real/real_2023.jpg,1,1,True,2.0190909708617255e-05,0.9999798536300659
/content/Dataset/Test/Real/real_2024.jpg,1,1,True,9.578713070368394e-05,0.9999041557312012
/content/Dataset/Test/Real/real_2025.jpg,1,0,False,0.9996970891952515,0.00030292055453173816
/content/Dataset/Test/Real/real_2026.jpg,1,1,True,2.311109346919693e-05,0.9999768733978271
/content/Dataset/Test/Real/real_2027.jpg,1,1,True,2.261525696667377e-05,0.9999773502349854
/content/Dataset/Test/Real/real_2028.jpg,1,1,True,5.077828245703131e-05,0.9999492168426514
/content/Dataset/Test/Real/real_2029.jpg,1,1,True,2.2735011953045614e-05,0.9999772310256958
/content/Dataset/Test/Real/real_203.jpg,1,1,True,3.905661287717521e-05,0.9999608993530273
/content/Dataset/Test/Real/real_2030.jpg,1,1,True,3.053092586924322e-05,0.999969482421875
/content/Dataset/Test/Real/real_2031.jpg,1,1,True,6.073017357266508e-05,0.9999393224716187
/content/Dataset/Test/Real/real_2032.jpg,1,1,True,0.0011991342762485147,0.9988008737564087
/content/Dataset/Test/Real/real_2033.jpg,1,0,False,0.9992885589599609,0.000711421191226691
/content/Dataset/Test/Real/real_2034.jpg,1,1,True,0.00032192078651860356,0.9996781349182129
/content/Dataset/Test/Real/real_2035.jpg,1,1,True,0.008157441392540932,0.9918426275253296
/content/Dataset/Test/Real/real_2036.jpg,1,1,True,0.3820068836212158,0.6179931163787842
/content/Dataset/Test/Real/real_2037.jpg,1,1,True,9.489109652349725e-05,0.9999051094055176
/content/Dataset/Test/Real/real_2038.jpg,1,1,True,0.00817531906068325,0.9918246865272522
/content/Dataset/Test/Real/real_2039.jpg,1,1,True,2.233714985777624e-05,0.999977707862854
/content/Dataset/Test/Real/real_204.jpg,1,1,True,2.944902553281281e-05,0.999970555305481
/content/Dataset/Test/Real/real_2040.jpg,1,0,False,0.9998962879180908,0.00010371448297519237
/content/Dataset/Test/Real/real_2041.jpg,1,1,True,2.5204979465343058e-05,0.9999748468399048
/content/Dataset/Test/Real/real_2042.jpg,1,1,True,3.660870061139576e-05,0.9999634027481079
/content/Dataset/Test/Real/real_2043.jpg,1,0,False,0.9999403953552246,5.9584017435554415e-05
/content/Dataset/Test/Real/real_2044.jpg,1,0,False,0.999953031539917,4.6989833208499476e-05
/content/Dataset/Test/Real/real_2045.jpg,1,1,True,2.4155790015356615e-05,0.9999758005142212
/content/Dataset/Test/Real/real_2046.jpg,1,1,True,0.00018103033653460443,0.9998189806938171
/content/Dataset/Test/Real/real_2047.jpg,1,1,True,3.29226822941564e-05,0.999967098236084
/content/Dataset/Test/Real/real_2048.jpg,1,1,True,3.0162551411194727e-05,0.9999698400497437
/content/Dataset/Test/Real/real_2049.jpg,1,1,True,0.00013181052054278553,0.9998681545257568
/content/Dataset/Test/Real/real_205.jpg,1,1,True,2.278526153531857e-05,0.9999772310256958
/content/Dataset/Test/Real/real_2050.jpg,1,1,True,4.605079084285535e-05,0.9999539852142334
/content/Dataset/Test/Real/real_2051.jpg,1,1,True,2.210188176832162e-05,0.9999779462814331
/content/Dataset/Test/Real/real_2052.jpg,1,1,True,4.862472997047007e-05,0.9999513626098633
/content/Dataset/Test/Real/real_2053.jpg,1,1,True,0.3937143087387085,0.6062856912612915
/content/Dataset/Test/Real/real_2054.jpg,1,1,True,5.92410760873463e-05,0.9999407529830933
/content/Dataset/Test/Real/real_2055.jpg,1,1,True,0.0002924537693616003,0.9997075200080872
/content/Dataset/Test/Real/real_2056.jpg,1,1,True,2.5752240617293864e-05,0.999974250793457
/content/Dataset/Test/Real/real_2057.jpg,1,1,True,2.9058544896543026e-05,0.9999709129333496
/content/Dataset/Test/Real/real_2058.jpg,1,1,True,2.274474718433339e-05,0.9999772310256958
/content/Dataset/Test/Real/real_2059.jpg,1,1,True,2.4038268747972324e-05,0.9999759197235107
/content/Dataset/Test/Real/real_206.jpg,1,1,True,3.5620698326965794e-05,0.9999643564224243
/content/Dataset/Test/Real/real_2060.jpg,1,1,True,2.6501205866225064e-05,0.9999735355377197
/content/Dataset/Test/Real/real_2061.jpg,1,1,True,3.802738501690328e-05,0.9999619722366333
/content/Dataset/Test/Real/real_2062.jpg,1,1,True,4.718728087027557e-05,0.9999527931213379
/content/Dataset/Test/Real/real_2063.jpg,1,1,True,3.553889473550953e-05,0.9999644756317139
/content/Dataset/Test/Real/real_2064.jpg,1,1,True,5.549077832256444e-05,0.9999444484710693
/content/Dataset/Test/Real/real_2065.jpg,1,0,False,0.9999676942825317,3.227920751669444e-05
/content/Dataset/Test/Real/real_2066.jpg,1,0,False,0.8364183902740479,0.16358165442943573
/content/Dataset/Test/Real/real_2067.jpg,1,0,False,0.9915095567703247,0.008490484207868576
/content/Dataset/Test/Real/real_2068.jpg,1,1,True,0.00012231401342432946,0.9998776912689209
/content/Dataset/Test/Real/real_2069.jpg,1,1,True,2.14516567211831e-05,0.9999785423278809
/content/Dataset/Test/Real/real_207.jpg,1,1,True,2.2792584786657244e-05,0.9999772310256958
/content/Dataset/Test/Real/real_2070.jpg,1,1,True,5.1703515055123717e-05,0.999948263168335
/content/Dataset/Test/Real/real_2071.jpg,1,1,True,2.0473940821830183e-05,0.9999794960021973
/content/Dataset/Test/Real/real_2072.jpg,1,1,True,2.148835119442083e-05,0.9999785423278809
/content/Dataset/Test/Real/real_2073.jpg,1,1,True,2.2152989913593046e-05,0.9999778270721436
/content/Dataset/Test/Real/real_2074.jpg,1,1,True,2.6648753191693686e-05,0.9999732971191406
/content/Dataset/Test/Real/real_2075.jpg,1,1,True,0.0017601236468181014,0.9982398748397827
/content/Dataset/Test/Real/real_2076.jpg,1,1,True,0.010986129753291607,0.9890138506889343
/content/Dataset/Test/Real/real_2077.jpg,1,1,True,2.7614421924226917e-05,0.9999723434448242
/content/Dataset/Test/Real/real_2078.jpg,1,1,True,0.00020478302030824125,0.9997952580451965
/content/Dataset/Test/Real/real_2079.jpg,1,1,True,0.041406042873859406,0.9585939645767212
/content/Dataset/Test/Real/real_208.jpg,1,1,True,0.001006986596621573,0.9989929795265198
/content/Dataset/Test/Real/real_2080.jpg,1,1,True,2.356848017370794e-05,0.999976396560669
/content/Dataset/Test/Real/real_2081.jpg,1,1,True,7.098338392097503e-05,0.9999290704727173
/content/Dataset/Test/Real/real_2082.jpg,1,1,True,3.0743096431251615e-05,0.9999692440032959
/content/Dataset/Test/Real/real_2083.jpg,1,1,True,2.344346466998104e-05,0.9999765157699585
/content/Dataset/Test/Real/real_2084.jpg,1,0,False,0.9998664855957031,0.00013346962805371732
/content/Dataset/Test/Real/real_2085.jpg,1,1,True,0.00021196072339080274,0.9997881054878235
/content/Dataset/Test/Real/real_2086.jpg,1,1,True,0.011421584524214268,0.9885784387588501
/content/Dataset/Test/Real/real_2087.jpg,1,1,True,0.24497024714946747,0.7550297975540161
/content/Dataset/Test/Real/real_2088.jpg,1,1,True,0.4946625530719757,0.5053374171257019
/content/Dataset/Test/Real/real_2089.jpg,1,1,True,0.0005797081394121051,0.9994202852249146
/content/Dataset/Test/Real/real_209.jpg,1,1,True,4.269198689144105e-05,0.9999573230743408
/content/Dataset/Test/Real/real_2090.jpg,1,0,False,0.9999719858169556,2.80328586086398e-05
/content/Dataset/Test/Real/real_2091.jpg,1,0,False,0.9999724626541138,2.7576110369409434e-05
/content/Dataset/Test/Real/real_2092.jpg,1,1,True,2.194608168792911e-05,0.9999780654907227
/content/Dataset/Test/Real/real_2093.jpg,1,1,True,0.06776019185781479,0.932239830493927
/content/Dataset/Test/Real/real_2094.jpg,1,1,True,0.00018509950314182788,0.9998149275779724
/content/Dataset/Test/Real/real_2095.jpg,1,1,True,2.1229257981758565e-05,0.99997878074646
/content/Dataset/Test/Real/real_2096.jpg,1,1,True,2.9805160011164844e-05,0.9999701976776123
/content/Dataset/Test/Real/real_2097.jpg,1,1,True,2.6534129574429244e-05,0.9999734163284302
/content/Dataset/Test/Real/real_2098.jpg,1,1,True,2.0724208297906443e-05,0.9999792575836182
/content/Dataset/Test/Real/real_2099.jpg,1,1,True,0.00020507961744442582,0.9997949004173279
/content/Dataset/Test/Real/real_21.jpg,1,1,True,0.10847434401512146,0.8915256261825562
/content/Dataset/Test/Real/real_210.jpg,1,1,True,0.0019259040709584951,0.9980740547180176
/content/Dataset/Test/Real/real_2100.jpg,1,1,True,0.009988054633140564,0.990011990070343
/content/Dataset/Test/Real/real_2101.jpg,1,0,False,0.9989303946495056,0.0010696511017158628
/content/Dataset/Test/Real/real_2102.jpg,1,1,True,0.0007211719057522714,0.9992788434028625
/content/Dataset/Test/Real/real_2103.jpg,1,1,True,3.6658831959357485e-05,0.9999632835388184
/content/Dataset/Test/Real/real_2104.jpg,1,1,True,2.2195028577698395e-05,0.9999778270721436
/content/Dataset/Test/Real/real_2105.jpg,1,1,True,6.116397707955912e-05,0.9999388456344604
/content/Dataset/Test/Real/real_2106.jpg,1,1,True,9.047361527336761e-05,0.999909520149231
/content/Dataset/Test/Real/real_2107.jpg,1,1,True,4.099375655641779e-05,0.9999589920043945
/content/Dataset/Test/Real/real_2108.jpg,1,1,True,2.2298647309071384e-05,0.999977707862854
/content/Dataset/Test/Real/real_2109.jpg,1,1,True,0.00015079916920512915,0.9998492002487183
/content/Dataset/Test/Real/real_211.jpg,1,1,True,2.1936162738711573e-05,0.9999780654907227
/content/Dataset/Test/Real/real_2110.jpg,1,1,True,3.070869206567295e-05,0.9999692440032959
/content/Dataset/Test/Real/real_2111.jpg,1,1,True,4.994238042854704e-05,0.9999500513076782
/content/Dataset/Test/Real/real_2112.jpg,1,1,True,0.10895837843418121,0.89104163646698
/content/Dataset/Test/Real/real_2113.jpg,1,1,True,2.4682245566509664e-05,0.999975323677063
/content/Dataset/Test/Real/real_2114.jpg,1,1,True,2.711113302211743e-05,0.999972939491272
/content/Dataset/Test/Real/real_2115.jpg,1,1,True,2.299549669260159e-05,0.9999769926071167
/content/Dataset/Test/Real/real_2116.jpg,1,1,True,7.059914059937e-05,0.9999294281005859
/content/Dataset/Test/Real/real_2117.jpg,1,1,True,0.000718947674613446,0.999281108379364
/content/Dataset/Test/Real/real_2118.jpg,1,1,True,2.3350934498012066e-05,0.999976634979248
/content/Dataset/Test/Real/real_2119.jpg,1,1,True,0.16207042336463928,0.8379295468330383
/content/Dataset/Test/Real/real_212.jpg,1,1,True,0.0001530227455077693,0.9998469352722168
/content/Dataset/Test/Real/real_2120.jpg,1,1,True,4.866926610702649e-05,0.9999513626098633
/content/Dataset/Test/Real/real_2121.jpg,1,1,True,3.9928061596583575e-05,0.9999600648880005
/content/Dataset/Test/Real/real_2122.jpg,1,1,True,2.6673797037801705e-05,0.9999732971191406
/content/Dataset/Test/Real/real_2123.jpg,1,0,False,0.9999622106552124,3.781445775530301e-05
/content/Dataset/Test/Real/real_2124.jpg,1,0,False,0.9999394416809082,6.057250720914453e-05
/content/Dataset/Test/Real/real_2125.jpg,1,1,True,4.6640448999824e-05,0.9999533891677856
/content/Dataset/Test/Real/real_2126.jpg,1,1,True,2.356086224608589e-05,0.999976396560669
/content/Dataset/Test/Real/real_2127.jpg,1,1,True,0.0004164065176155418,0.9995835423469543
/content/Dataset/Test/Real/real_2128.jpg,1,0,False,0.9999121427536011,8.783941302681342e-05
/content/Dataset/Test/Real/real_2129.jpg,1,0,False,0.9999523162841797,4.769911174662411e-05
/content/Dataset/Test/Real/real_213.jpg,1,1,True,4.0395309042651206e-05,0.9999595880508423
/content/Dataset/Test/Real/real_2130.jpg,1,1,True,2.7154184863320552e-05,0.9999728202819824
/content/Dataset/Test/Real/real_2131.jpg,1,1,True,2.2757398255635053e-05,0.9999772310256958
/content/Dataset/Test/Real/real_2132.jpg,1,1,True,0.4044855237007141,0.5955144166946411
/content/Dataset/Test/Real/real_2133.jpg,1,1,True,2.2090840502642095e-05,0.9999779462814331
/content/Dataset/Test/Real/real_2134.jpg,1,1,True,2.234564999525901e-05,0.999977707862854
/content/Dataset/Test/Real/real_2135.jpg,1,1,True,2.2271442503551953e-05,0.999977707862854
/content/Dataset/Test/Real/real_2136.jpg,1,1,True,4.434119910001755e-05,0.9999556541442871
/content/Dataset/Test/Real/real_2137.jpg,1,1,True,4.637178062694147e-05,0.9999536275863647
/content/Dataset/Test/Real/real_2138.jpg,1,1,True,2.143801611964591e-05,0.9999785423278809
/content/Dataset/Test/Real/real_2139.jpg,1,1,True,0.00737693440169096,0.9926230907440186
/content/Dataset/Test/Real/real_214.jpg,1,1,True,2.3272903490578756e-05,0.9999767541885376
/content/Dataset/Test/Real/real_2140.jpg,1,1,True,7.511364674428478e-05,0.999924898147583
/content/Dataset/Test/Real/real_2141.jpg,1,1,True,2.906381087086629e-05,0.9999709129333496
/content/Dataset/Test/Real/real_2142.jpg,1,1,True,2.71671360678738e-05,0.9999728202819824
/content/Dataset/Test/Real/real_2143.jpg,1,0,False,0.5375956892967224,0.4624043107032776
/content/Dataset/Test/Real/real_2144.jpg,1,0,False,0.8249977827072144,0.17500224709510803
/content/Dataset/Test/Real/real_2145.jpg,1,1,True,6.304526323219761e-05,0.9999369382858276
/content/Dataset/Test/Real/real_2146.jpg,1,0,False,0.9382252097129822,0.06177472695708275
/content/Dataset/Test/Real/real_2147.jpg,1,1,True,3.681532689370215e-05,0.9999631643295288
/content/Dataset/Test/Real/real_2148.jpg,1,1,True,0.00031168051646091044,0.9996883869171143
/content/Dataset/Test/Real/real_2149.jpg,1,1,True,9.644678357290104e-05,0.9999035596847534
/content/Dataset/Test/Real/real_215.jpg,1,1,True,3.7849487853236496e-05,0.9999620914459229
/content/Dataset/Test/Real/real_2150.jpg,1,1,True,2.1843081412953325e-05,0.9999781847000122
/content/Dataset/Test/Real/real_2151.jpg,1,1,True,0.00036090967478230596,0.9996390342712402
/content/Dataset/Test/Real/real_2152.jpg,1,1,True,2.141188087989576e-05,0.9999785423278809
/content/Dataset/Test/Real/real_2153.jpg,1,1,True,0.491731196641922,0.5082688331604004
/content/Dataset/Test/Real/real_2154.jpg,1,1,True,6.579302134923637e-05,0.999934196472168
/content/Dataset/Test/Real/real_2155.jpg,1,1,True,2.294997284479905e-05,0.9999769926071167
/content/Dataset/Test/Real/real_2156.jpg,1,1,True,0.006407532840967178,0.9935924410820007
/content/Dataset/Test/Real/real_2157.jpg,1,1,True,2.3225631593959406e-05,0.9999767541885376
/content/Dataset/Test/Real/real_2158.jpg,1,1,True,2.133913221769035e-05,0.9999786615371704
/content/Dataset/Test/Real/real_2159.jpg,1,1,True,2.2020167307346128e-05,0.9999779462814331
/content/Dataset/Test/Real/real_216.jpg,1,1,True,2.1236142856650986e-05,0.99997878074646
/content/Dataset/Test/Real/real_2160.jpg,1,0,False,0.9999217987060547,7.825440843589604e-05
/content/Dataset/Test/Real/real_2161.jpg,1,0,False,0.9999605417251587,3.9492424548370764e-05
/content/Dataset/Test/Real/real_2162.jpg,1,1,True,6.912499520694837e-05,0.9999308586120605
/content/Dataset/Test/Real/real_2163.jpg,1,1,True,0.0003047832869924605,0.9996953010559082
/content/Dataset/Test/Real/real_2164.jpg,1,1,True,2.7521147785591893e-05,0.9999724626541138
/content/Dataset/Test/Real/real_2165.jpg,1,1,True,8.332940342370421e-05,0.999916672706604
/content/Dataset/Test/Real/real_2166.jpg,1,1,True,6.481679884018376e-05,0.9999351501464844
/content/Dataset/Test/Real/real_2167.jpg,1,0,False,0.9999371767044067,6.284597475314513e-05
/content/Dataset/Test/Real/real_2168.jpg,1,0,False,0.995088517665863,0.004911507945507765
/content/Dataset/Test/Real/real_2169.jpg,1,0,False,0.9999524354934692,4.7567064029863104e-05
/content/Dataset/Test/Real/real_217.jpg,1,1,True,2.1987309082760476e-05,0.9999780654907227
/content/Dataset/Test/Real/real_2170.jpg,1,0,False,0.9999438524246216,5.616760972770862e-05
/content/Dataset/Test/Real/real_2171.jpg,1,1,True,7.38202579668723e-05,0.9999262094497681
/content/Dataset/Test/Real/real_2172.jpg,1,1,True,4.7057008487172425e-05,0.9999529123306274
/content/Dataset/Test/Real/real_2173.jpg,1,1,True,2.1760268282378092e-05,0.9999781847000122
/content/Dataset/Test/Real/real_2174.jpg,1,1,True,0.00010526934056542814,0.9998947381973267
/content/Dataset/Test/Real/real_2175.jpg,1,1,True,5.947372119408101e-05,0.9999405145645142
/content/Dataset/Test/Real/real_2176.jpg,1,0,False,0.7205504775047302,0.27944958209991455
/content/Dataset/Test/Real/real_2177.jpg,1,1,True,3.0619707104051486e-05,0.9999693632125854
/content/Dataset/Test/Real/real_2178.jpg,1,1,True,7.431567064486444e-05,0.9999257326126099
/content/Dataset/Test/Real/real_2179.jpg,1,1,True,2.6872130547417328e-05,0.9999731779098511
/content/Dataset/Test/Real/real_218.jpg,1,1,True,2.5775803806027398e-05,0.999974250793457
/content/Dataset/Test/Real/real_2180.jpg,1,1,True,4.231939237797633e-05,0.9999576807022095
/content/Dataset/Test/Real/real_2181.jpg,1,1,True,0.000300147250527516,0.9996998310089111
/content/Dataset/Test/Real/real_2182.jpg,1,1,True,0.0019634875934571028,0.9980365633964539
/content/Dataset/Test/Real/real_2183.jpg,1,1,True,5.5770196922821924e-05,0.9999442100524902
/content/Dataset/Test/Real/real_2184.jpg,1,1,True,0.0004455789166968316,0.999554455280304
/content/Dataset/Test/Real/real_2185.jpg,1,1,True,7.918689516372979e-05,0.9999208450317383
/content/Dataset/Test/Real/real_2186.jpg,1,1,True,0.0008153587114065886,0.9991846680641174
/content/Dataset/Test/Real/real_2187.jpg,1,1,True,2.765450881270226e-05,0.9999723434448242
/content/Dataset/Test/Real/real_2188.jpg,1,1,True,6.259154906729236e-05,0.9999374151229858
/content/Dataset/Test/Real/real_2189.jpg,1,1,True,6.221871444722638e-05,0.9999377727508545
/content/Dataset/Test/Real/real_219.jpg,1,1,True,4.4790500396629795e-05,0.9999551773071289
/content/Dataset/Test/Real/real_2190.jpg,1,1,True,2.1436440874822438e-05,0.9999785423278809
/content/Dataset/Test/Real/real_2191.jpg,1,1,True,0.23053990304470062,0.769460141658783
/content/Dataset/Test/Real/real_2192.jpg,1,0,False,0.8448261022567749,0.1551739126443863
/content/Dataset/Test/Real/real_2193.jpg,1,1,True,2.47646494244691e-05,0.9999752044677734
/content/Dataset/Test/Real/real_2194.jpg,1,1,True,2.2770553187001497e-05,0.9999772310256958
/content/Dataset/Test/Real/real_2195.jpg,1,1,True,6.185895472299308e-05,0.9999381303787231
/content/Dataset/Test/Real/real_2196.jpg,1,1,True,0.0003912178217433393,0.9996088147163391
/content/Dataset/Test/Real/real_2197.jpg,1,1,True,2.8897491574753076e-05,0.9999711513519287
/content/Dataset/Test/Real/real_2198.jpg,1,1,True,0.002865730319172144,0.9971342086791992
/content/Dataset/Test/Real/real_2199.jpg,1,1,True,2.400209996267222e-05,0.9999760389328003
/content/Dataset/Test/Real/real_22.jpg,1,1,True,2.2417132640839554e-05,0.9999775886535645
/content/Dataset/Test/Real/real_220.jpg,1,1,True,0.00017623892927076668,0.9998237490653992
/content/Dataset/Test/Real/real_2200.jpg,1,1,True,2.4754024707362987e-05,0.9999752044677734
/content/Dataset/Test/Real/real_2201.jpg,1,1,True,3.520441532600671e-05,0.9999648332595825
/content/Dataset/Test/Real/real_2202.jpg,1,1,True,0.0001778806181391701,0.999822199344635
/content/Dataset/Test/Real/real_2203.jpg,1,1,True,0.00010118221689481288,0.9998987913131714
/content/Dataset/Test/Real/real_2204.jpg,1,1,True,2.2050027837394737e-05,0.9999779462814331
/content/Dataset/Test/Real/real_2205.jpg,1,0,False,0.640398383140564,0.3596016466617584
/content/Dataset/Test/Real/real_2206.jpg,1,1,True,0.0005583739839494228,0.9994415640830994
/content/Dataset/Test/Real/real_2207.jpg,1,1,True,2.2016534785507247e-05,0.9999779462814331
/content/Dataset/Test/Real/real_2208.jpg,1,1,True,6.14105083514005e-05,0.9999386072158813
/content/Dataset/Test/Real/real_2209.jpg,1,1,True,2.5413661205675453e-05,0.9999746084213257
/content/Dataset/Test/Real/real_221.jpg,1,0,False,0.6084371209144592,0.39156290888786316
/content/Dataset/Test/Real/real_2210.jpg,1,1,True,2.366230546613224e-05,0.999976396560669
/content/Dataset/Test/Real/real_2211.jpg,1,1,True,4.283635280444287e-05,0.9999572038650513
/content/Dataset/Test/Real/real_2212.jpg,1,1,True,0.0005168732604943216,0.9994831085205078
/content/Dataset/Test/Real/real_2213.jpg,1,0,False,0.8320026993751526,0.16799728572368622
/content/Dataset/Test/Real/real_2214.jpg,1,0,False,0.5873987078666687,0.4126013219356537
/content/Dataset/Test/Real/real_2215.jpg,1,0,False,0.6182189583778381,0.38178104162216187
/content/Dataset/Test/Real/real_2216.jpg,1,1,True,2.2101250578998588e-05,0.9999779462814331
/content/Dataset/Test/Real/real_2217.jpg,1,1,True,2.0745324945892207e-05,0.9999792575836182
/content/Dataset/Test/Real/real_2218.jpg,1,1,True,3.2783955248305574e-05,0.9999672174453735
/content/Dataset/Test/Real/real_2219.jpg,1,1,True,2.3580711058457382e-05,0.999976396560669
/content/Dataset/Test/Real/real_222.jpg,1,0,False,0.9996368885040283,0.0003631130966823548
/content/Dataset/Test/Real/real_2220.jpg,1,1,True,0.30798041820526123,0.6920196413993835
/content/Dataset/Test/Real/real_2221.jpg,1,1,True,2.3560905901831575e-05,0.999976396560669
/content/Dataset/Test/Real/real_2222.jpg,1,1,True,0.0012374971993267536,0.9987624883651733
/content/Dataset/Test/Real/real_2223.jpg,1,1,True,0.0007741207373328507,0.9992258548736572
/content/Dataset/Test/Real/real_2224.jpg,1,1,True,3.4658540243981406e-05,0.9999653100967407
/content/Dataset/Test/Real/real_2225.jpg,1,0,False,0.999911904335022,8.802958473097533e-05
/content/Dataset/Test/Real/real_2226.jpg,1,1,True,0.0002116426476277411,0.9997883439064026
/content/Dataset/Test/Real/real_2227.jpg,1,0,False,0.9959349632263184,0.004065073095262051
/content/Dataset/Test/Real/real_2228.jpg,1,1,True,0.00041247086483053863,0.9995875954627991
/content/Dataset/Test/Real/real_2229.jpg,1,1,True,5.358129055821337e-05,0.9999464750289917
/content/Dataset/Test/Real/real_223.jpg,1,1,True,0.0002170980878872797,0.9997828602790833
/content/Dataset/Test/Real/real_2230.jpg,1,1,True,2.3550461264676414e-05,0.999976396560669
/content/Dataset/Test/Real/real_2231.jpg,1,1,True,4.765105404658243e-05,0.9999523162841797
/content/Dataset/Test/Real/real_2232.jpg,1,1,True,4.6172546717571095e-05,0.9999538660049438
/content/Dataset/Test/Real/real_2233.jpg,1,1,True,0.005564253777265549,0.9944356679916382
/content/Dataset/Test/Real/real_2234.jpg,1,1,True,0.0001276715047424659,0.9998723268508911
/content/Dataset/Test/Real/real_2235.jpg,1,1,True,0.00017656254931353033,0.9998235106468201
/content/Dataset/Test/Real/real_2236.jpg,1,1,True,2.3225409677252173e-05,0.9999767541885376
/content/Dataset/Test/Real/real_2237.jpg,1,0,False,0.9999380111694336,6.2036000599619e-05
/content/Dataset/Test/Real/real_2238.jpg,1,0,False,0.9999452829360962,5.475951184052974e-05
/content/Dataset/Test/Real/real_2239.jpg,1,1,True,6.387090979842469e-05,0.9999361038208008
/content/Dataset/Test/Real/real_224.jpg,1,1,True,3.411758007132448e-05,0.9999659061431885
/content/Dataset/Test/Real/real_2240.jpg,1,1,True,0.0005019532982259989,0.9994980096817017
/content/Dataset/Test/Real/real_2241.jpg,1,1,True,0.0002343292289879173,0.9997656941413879
/content/Dataset/Test/Real/real_2242.jpg,1,1,True,8.019897359190509e-05,0.9999197721481323
/content/Dataset/Test/Real/real_2243.jpg,1,1,True,0.00046468587242998183,0.999535322189331
/content/Dataset/Test/Real/real_2244.jpg,1,0,False,0.8521508574485779,0.14784909784793854
/content/Dataset/Test/Real/real_2245.jpg,1,1,True,0.010580248199403286,0.98941969871521
/content/Dataset/Test/Real/real_2246.jpg,1,1,True,0.0008085654699243605,0.9991914629936218
/content/Dataset/Test/Real/real_2247.jpg,1,1,True,2.1075669792480767e-05,0.9999788999557495
/content/Dataset/Test/Real/real_2248.jpg,1,1,True,2.1566360373981297e-05,0.9999784231185913
/content/Dataset/Test/Real/real_2249.jpg,1,1,True,3.803043000516482e-05,0.9999619722366333
/content/Dataset/Test/Real/real_225.jpg,1,1,True,0.28581228852272034,0.714187741279602
/content/Dataset/Test/Real/real_2250.jpg,1,1,True,2.269221113238018e-05,0.9999773502349854
/content/Dataset/Test/Real/real_2251.jpg,1,1,True,3.3088937925640494e-05,0.9999668598175049
/content/Dataset/Test/Real/real_2252.jpg,1,1,True,2.4487464543199167e-05,0.9999755620956421
/content/Dataset/Test/Real/real_2253.jpg,1,1,True,5.039919415139593e-05,0.99994957447052
/content/Dataset/Test/Real/real_2254.jpg,1,1,True,2.1793870473629795e-05,0.9999781847000122
/content/Dataset/Test/Real/real_2255.jpg,1,0,False,0.9989427924156189,0.0010572124738246202
/content/Dataset/Test/Real/real_2256.jpg,1,1,True,0.007443323265761137,0.9925566911697388
/content/Dataset/Test/Real/real_2257.jpg,1,0,False,0.9991744160652161,0.00082551030209288
/content/Dataset/Test/Real/real_2258.jpg,1,0,False,0.9998874664306641,0.00011254585842834786
/content/Dataset/Test/Real/real_2259.jpg,1,1,True,2.3075372155290097e-05,0.9999768733978271
/content/Dataset/Test/Real/real_226.jpg,1,1,True,0.001786509994417429,0.998213529586792
/content/Dataset/Test/Real/real_2260.jpg,1,1,True,0.0003666769480332732,0.9996333122253418
/content/Dataset/Test/Real/real_2261.jpg,1,1,True,0.38028764724731445,0.6197122931480408
/content/Dataset/Test/Real/real_2262.jpg,1,1,True,0.3244881331920624,0.6755118370056152
/content/Dataset/Test/Real/real_2263.jpg,1,1,True,2.710420267248992e-05,0.999972939491272
/content/Dataset/Test/Real/real_2264.jpg,1,1,True,0.013717642985284328,0.9862824082374573
/content/Dataset/Test/Real/real_2265.jpg,1,1,True,2.075842894555535e-05,0.9999792575836182
/content/Dataset/Test/Real/real_2266.jpg,1,1,True,2.0363377188914455e-05,0.9999796152114868
/content/Dataset/Test/Real/real_2267.jpg,1,1,True,2.1624768123729154e-05,0.9999784231185913
/content/Dataset/Test/Real/real_2268.jpg,1,1,True,2.18042860069545e-05,0.9999781847000122
/content/Dataset/Test/Real/real_2269.jpg,1,1,True,2.2403302864404395e-05,0.9999775886535645
/content/Dataset/Test/Real/real_227.jpg,1,1,True,2.2721182176610455e-05,0.9999772310256958
/content/Dataset/Test/Real/real_2270.jpg,1,1,True,0.00015396485105156898,0.9998459815979004
/content/Dataset/Test/Real/real_2271.jpg,1,0,False,0.9998422861099243,0.00015774356143083423
/content/Dataset/Test/Real/real_2272.jpg,1,1,True,0.04365044832229614,0.9563496112823486
/content/Dataset/Test/Real/real_2273.jpg,1,1,True,0.00014824217942077667,0.9998517036437988
/content/Dataset/Test/Real/real_2274.jpg,1,1,True,2.184547520300839e-05,0.9999781847000122
/content/Dataset/Test/Real/real_2275.jpg,1,1,True,2.1203157302807085e-05,0.99997878074646
/content/Dataset/Test/Real/real_2276.jpg,1,1,True,2.2167021597852e-05,0.9999778270721436
/content/Dataset/Test/Real/real_2277.jpg,1,1,True,2.085185951727908e-05,0.9999791383743286
/content/Dataset/Test/Real/real_2278.jpg,1,1,True,2.320915700693149e-05,0.9999767541885376
/content/Dataset/Test/Real/real_2279.jpg,1,1,True,2.057576239167247e-05,0.9999793767929077
/content/Dataset/Test/Real/real_228.jpg,1,1,True,4.152401379542425e-05,0.9999585151672363
/content/Dataset/Test/Real/real_2280.jpg,1,1,True,5.5149823310784996e-05,0.999944806098938
/content/Dataset/Test/Real/real_2281.jpg,1,1,True,2.2536009055329487e-05,0.9999774694442749
/content/Dataset/Test/Real/real_2282.jpg,1,1,True,2.3328097086050548e-05,0.999976634979248
/content/Dataset/Test/Real/real_2283.jpg,1,1,True,0.00043211772572249174,0.9995679259300232
/content/Dataset/Test/Real/real_2284.jpg,1,1,True,3.251729503972456e-05,0.9999674558639526
/content/Dataset/Test/Real/real_2285.jpg,1,1,True,2.6549418180366047e-05,0.9999734163284302
/content/Dataset/Test/Real/real_2286.jpg,1,0,False,0.5622891187667847,0.4377109110355377
/content/Dataset/Test/Real/real_2287.jpg,1,1,True,2.5930412448360585e-05,0.9999740123748779
/content/Dataset/Test/Real/real_2288.jpg,1,1,True,2.4156801373464987e-05,0.9999758005142212
/content/Dataset/Test/Real/real_2289.jpg,1,1,True,0.0005349349812604487,0.9994650483131409
/content/Dataset/Test/Real/real_229.jpg,1,1,True,2.114526796503924e-05,0.9999788999557495
/content/Dataset/Test/Real/real_2290.jpg,1,0,False,0.9999558925628662,4.411029294715263e-05
/content/Dataset/Test/Real/real_2291.jpg,1,1,True,8.330779382959008e-05,0.999916672706604
/content/Dataset/Test/Real/real_2292.jpg,1,1,True,2.1364949134294875e-05,0.9999786615371704
/content/Dataset/Test/Real/real_2293.jpg,1,0,False,0.9914178848266602,0.008582089096307755
/content/Dataset/Test/Real/real_2294.jpg,1,1,True,0.00031136980396695435,0.9996886253356934
/content/Dataset/Test/Real/real_2295.jpg,1,1,True,0.00029862308292649686,0.9997013211250305
/content/Dataset/Test/Real/real_2296.jpg,1,1,True,4.81236565974541e-05,0.9999518394470215
/content/Dataset/Test/Real/real_2297.jpg,1,1,True,6.559243047377095e-05,0.9999344348907471
/content/Dataset/Test/Real/real_2298.jpg,1,1,True,0.4868379533290863,0.5131620168685913
/content/Dataset/Test/Real/real_2299.jpg,1,1,True,0.10151881724596024,0.8984812498092651
/content/Dataset/Test/Real/real_23.jpg,1,1,True,3.369172918610275e-05,0.9999662637710571
/content/Dataset/Test/Real/real_230.jpg,1,1,True,2.0642095478251576e-05,0.9999793767929077
/content/Dataset/Test/Real/real_2300.jpg,1,1,True,0.023856133222579956,0.9761438369750977
/content/Dataset/Test/Real/real_2301.jpg,1,1,True,0.00016050279373303056,0.9998394250869751
/content/Dataset/Test/Real/real_2302.jpg,1,1,True,0.026549989357590675,0.9734500050544739
/content/Dataset/Test/Real/real_2303.jpg,1,1,True,2.201071947638411e-05,0.9999779462814331
/content/Dataset/Test/Real/real_2304.jpg,1,1,True,0.00021242628281470388,0.9997876286506653
/content/Dataset/Test/Real/real_2305.jpg,1,1,True,0.002036441583186388,0.997963547706604
/content/Dataset/Test/Real/real_2306.jpg,1,1,True,6.377876707119867e-05,0.9999362230300903
/content/Dataset/Test/Real/real_2307.jpg,1,1,True,2.142458652087953e-05,0.9999785423278809
/content/Dataset/Test/Real/real_2308.jpg,1,1,True,0.00014451374590862542,0.9998555183410645
/content/Dataset/Test/Real/real_2309.jpg,1,1,True,2.2464513676823117e-05,0.9999775886535645
/content/Dataset/Test/Real/real_231.jpg,1,1,True,0.0014665881171822548,0.9985333681106567
/content/Dataset/Test/Real/real_2310.jpg,1,0,False,0.9524756073951721,0.0475243479013443
/content/Dataset/Test/Real/real_2311.jpg,1,1,True,0.005841823760420084,0.994158148765564
/content/Dataset/Test/Real/real_2312.jpg,1,1,True,4.3978616304229945e-05,0.9999560117721558
/content/Dataset/Test/Real/real_2313.jpg,1,1,True,0.00014179482241161168,0.9998581409454346
/content/Dataset/Test/Real/real_2314.jpg,1,1,True,0.22087396681308746,0.779125988483429
/content/Dataset/Test/Real/real_2315.jpg,1,1,True,5.374432657845318e-05,0.9999462366104126
/content/Dataset/Test/Real/real_2316.jpg,1,1,True,2.1596162696368992e-05,0.9999784231185913
/content/Dataset/Test/Real/real_2317.jpg,1,1,True,2.317861253686715e-05,0.9999768733978271
/content/Dataset/Test/Real/real_2318.jpg,1,1,True,2.5032817575265653e-05,0.9999749660491943
/content/Dataset/Test/Real/real_2319.jpg,1,1,True,5.3146894060773775e-05,0.9999468326568604
/content/Dataset/Test/Real/real_232.jpg,1,0,False,0.9821760058403015,0.01782402954995632
/content/Dataset/Test/Real/real_2320.jpg,1,0,False,0.9999552965164185,4.464406083570793e-05
/content/Dataset/Test/Real/real_2321.jpg,1,0,False,0.9819108843803406,0.018089156597852707
/content/Dataset/Test/Real/real_2322.jpg,1,1,True,3.005350117746275e-05,0.9999699592590332
/content/Dataset/Test/Real/real_2323.jpg,1,1,True,2.3345322915702127e-05,0.999976634979248
/content/Dataset/Test/Real/real_2324.jpg,1,1,True,0.00019812434038612992,0.9998019337654114
/content/Dataset/Test/Real/real_2325.jpg,1,1,True,2.3301572582568042e-05,0.9999767541885376
/content/Dataset/Test/Real/real_2326.jpg,1,1,True,0.0006167714018374681,0.9993832111358643
/content/Dataset/Test/Real/real_2327.jpg,1,1,True,2.098998083965853e-05,0.9999790191650391
/content/Dataset/Test/Real/real_2328.jpg,1,1,True,0.0005810634465888143,0.9994189739227295
/content/Dataset/Test/Real/real_2329.jpg,1,1,True,2.3958828023751266e-05,0.9999760389328003
/content/Dataset/Test/Real/real_233.jpg,1,1,True,2.7618769308901392e-05,0.9999723434448242
/content/Dataset/Test/Real/real_2330.jpg,1,1,True,2.7553975087357685e-05,0.9999724626541138
/content/Dataset/Test/Real/real_2331.jpg,1,1,True,8.245233038906008e-05,0.9999175071716309
/content/Dataset/Test/Real/real_2332.jpg,1,1,True,0.03417748212814331,0.9658225178718567
/content/Dataset/Test/Real/real_2333.jpg,1,1,True,0.00421894621104002,0.9957810640335083
/content/Dataset/Test/Real/real_2334.jpg,1,1,True,0.00013890673290006816,0.9998611211776733
/content/Dataset/Test/Real/real_2335.jpg,1,1,True,6.633545126533136e-05,0.9999337196350098
/content/Dataset/Test/Real/real_2336.jpg,1,0,False,0.9999696016311646,3.040975207113661e-05
/content/Dataset/Test/Real/real_2337.jpg,1,1,True,3.945650678360835e-05,0.9999605417251587
/content/Dataset/Test/Real/real_2338.jpg,1,1,True,3.6537268897518516e-05,0.9999634027481079
/content/Dataset/Test/Real/real_2339.jpg,1,1,True,9.237778431270272e-05,0.9999076128005981
/content/Dataset/Test/Real/real_234.jpg,1,1,True,2.0739551473525353e-05,0.9999792575836182
/content/Dataset/Test/Real/real_2340.jpg,1,1,True,0.0006876394618302584,0.9993124008178711
/content/Dataset/Test/Real/real_2341.jpg,1,1,True,0.38509413599967957,0.614905834197998
/content/Dataset/Test/Real/real_2342.jpg,1,1,True,2.3171252905740403e-05,0.9999768733978271
/content/Dataset/Test/Real/real_2343.jpg,1,1,True,0.000125541104353033,0.999874472618103
/content/Dataset/Test/Real/real_2344.jpg,1,1,True,0.03642122074961662,0.9635788202285767
/content/Dataset/Test/Real/real_2345.jpg,1,0,False,0.9999070167541504,9.302166290581226e-05
/content/Dataset/Test/Real/real_2346.jpg,1,1,True,3.59821533493232e-05,0.9999639987945557
/content/Dataset/Test/Real/real_2347.jpg,1,1,True,0.0006241882801987231,0.9993758797645569
/content/Dataset/Test/Real/real_2348.jpg,1,0,False,0.9991508722305298,0.0008491433109156787
/content/Dataset/Test/Real/real_2349.jpg,1,1,True,0.0007685870514251292,0.9992314577102661
/content/Dataset/Test/Real/real_235.jpg,1,1,True,2.1122552425367758e-05,0.9999788999557495
/content/Dataset/Test/Real/real_2350.jpg,1,1,True,3.556870069587603e-05,0.9999644756317139
/content/Dataset/Test/Real/real_2351.jpg,1,1,True,0.0033193943090736866,0.9966805577278137
/content/Dataset/Test/Real/real_2352.jpg,1,1,True,2.1565003407886252e-05,0.9999784231185913
/content/Dataset/Test/Real/real_2353.jpg,1,1,True,2.077823410218116e-05,0.9999792575836182
/content/Dataset/Test/Real/real_2354.jpg,1,1,True,2.1260946596157737e-05,0.99997878074646
/content/Dataset/Test/Real/real_2355.jpg,1,1,True,2.025472349487245e-05,0.9999797344207764
/content/Dataset/Test/Real/real_2356.jpg,1,1,True,5.898193921893835e-05,0.9999409914016724
/content/Dataset/Test/Real/real_2357.jpg,1,1,True,0.002429337240755558,0.9975706934928894
/content/Dataset/Test/Real/real_2358.jpg,1,1,True,0.00018199537589680403,0.9998180270195007
/content/Dataset/Test/Real/real_2359.jpg,1,1,True,2.0651763406931423e-05,0.9999793767929077
/content/Dataset/Test/Real/real_236.jpg,1,1,True,2.1192927306401543e-05,0.99997878074646
/content/Dataset/Test/Real/real_2360.jpg,1,1,True,0.0006381195271387696,0.9993619322776794
/content/Dataset/Test/Real/real_2361.jpg,1,1,True,0.0001174156423076056,0.9998825788497925
/content/Dataset/Test/Real/real_2362.jpg,1,0,False,0.5415871143341064,0.45841285586357117
/content/Dataset/Test/Real/real_2363.jpg,1,1,True,0.003023238154128194,0.9969767332077026
/content/Dataset/Test/Real/real_2364.jpg,1,1,True,0.0002459088573232293,0.9997541308403015
/content/Dataset/Test/Real/real_2365.jpg,1,0,False,0.7100219130516052,0.28997811675071716
/content/Dataset/Test/Real/real_2366.jpg,1,1,True,5.287875683279708e-05,0.9999470710754395
/content/Dataset/Test/Real/real_2367.jpg,1,1,True,2.3799810151103884e-05,0.9999761581420898
/content/Dataset/Test/Real/real_2368.jpg,1,1,True,0.00013264722656458616,0.99986732006073
/content/Dataset/Test/Real/real_2369.jpg,1,1,True,3.2424464734504e-05,0.9999675750732422
/content/Dataset/Test/Real/real_237.jpg,1,1,True,2.33619812206598e-05,0.999976634979248
/content/Dataset/Test/Real/real_2370.jpg,1,1,True,2.3449478248949163e-05,0.9999765157699585
/content/Dataset/Test/Real/real_2371.jpg,1,1,True,2.954514457087498e-05,0.9999704360961914
/content/Dataset/Test/Real/real_2372.jpg,1,1,True,4.7767069190740585e-05,0.9999521970748901
/content/Dataset/Test/Real/real_2373.jpg,1,1,True,3.191633368260227e-05,0.9999680519104004
/content/Dataset/Test/Real/real_2374.jpg,1,1,True,0.00010642683628248051,0.9998935461044312
/content/Dataset/Test/Real/real_2375.jpg,1,1,True,2.4047600163612515e-05,0.9999759197235107
/content/Dataset/Test/Real/real_2376.jpg,1,1,True,6.606108945561573e-05,0.9999339580535889
/content/Dataset/Test/Real/real_2377.jpg,1,1,True,2.5398830985068344e-05,0.9999746084213257
/content/Dataset/Test/Real/real_2378.jpg,1,1,True,3.866453698719852e-05,0.9999613761901855
/content/Dataset/Test/Real/real_2379.jpg,1,1,True,0.0033648181706666946,0.9966352581977844
/content/Dataset/Test/Real/real_238.jpg,1,1,True,9.405929449712858e-05,0.9999059438705444
/content/Dataset/Test/Real/real_2380.jpg,1,1,True,2.4413757273578085e-05,0.9999755620956421
/content/Dataset/Test/Real/real_2381.jpg,1,1,True,2.1902424123254605e-05,0.9999780654907227
/content/Dataset/Test/Real/real_2382.jpg,1,0,False,0.9999428987503052,5.7140332501148805e-05
/content/Dataset/Test/Real/real_2383.jpg,1,0,False,0.8932413458824158,0.10675867646932602
/content/Dataset/Test/Real/real_2384.jpg,1,1,True,6.450528599089012e-05,0.999935507774353
/content/Dataset/Test/Real/real_2385.jpg,1,1,True,2.3664333639317192e-05,0.9999762773513794
/content/Dataset/Test/Real/real_2386.jpg,1,1,True,0.002361054066568613,0.9976389408111572
/content/Dataset/Test/Real/real_2387.jpg,1,1,True,2.4988479708554223e-05,0.9999749660491943
/content/Dataset/Test/Real/real_2388.jpg,1,0,False,0.9576594233512878,0.04234058037400246
/content/Dataset/Test/Real/real_2389.jpg,1,1,True,0.017867345362901688,0.982132613658905
/content/Dataset/Test/Real/real_239.jpg,1,1,True,3.010984255524818e-05,0.9999698400497437
/content/Dataset/Test/Real/real_2390.jpg,1,1,True,9.542801126372069e-05,0.9999045133590698
/content/Dataset/Test/Real/real_2391.jpg,1,1,True,0.4567835330963135,0.5432164669036865
/content/Dataset/Test/Real/real_2392.jpg,1,1,True,0.0006212687585502863,0.9993786811828613
/content/Dataset/Test/Real/real_2393.jpg,1,1,True,5.17749140271917e-05,0.999948263168335
/content/Dataset/Test/Real/real_2394.jpg,1,1,True,3.0872277420712635e-05,0.9999691247940063
/content/Dataset/Test/Real/real_2395.jpg,1,0,False,0.9999663829803467,3.357081732247025e-05
/content/Dataset/Test/Real/real_2396.jpg,1,1,True,6.205592944752425e-05,0.999937891960144
/content/Dataset/Test/Real/real_2397.jpg,1,1,True,3.686676427605562e-05,0.9999631643295288
/content/Dataset/Test/Real/real_2398.jpg,1,1,True,3.114854916930199e-05,0.9999688863754272
/content/Dataset/Test/Real/real_2399.jpg,1,1,True,0.00016682528075762093,0.9998331069946289
/content/Dataset/Test/Real/real_24.jpg,1,0,False,0.7116477489471436,0.28835225105285645
/content/Dataset/Test/Real/real_240.jpg,1,1,True,2.2653723135590553e-05,0.9999773502349854
/content/Dataset/Test/Real/real_2400.jpg,1,1,True,0.26464924216270447,0.7353507876396179
/content/Dataset/Test/Real/real_2401.jpg,1,0,False,0.8499711155891418,0.15002885460853577
/content/Dataset/Test/Real/real_2402.jpg,1,1,True,2.5171424567815848e-05,0.9999748468399048
/content/Dataset/Test/Real/real_2403.jpg,1,1,True,2.365828913752921e-05,0.999976396560669
/content/Dataset/Test/Real/real_2404.jpg,1,1,True,0.0127444202080369,0.9872555732727051
/content/Dataset/Test/Real/real_2405.jpg,1,1,True,0.1546347439289093,0.8453652262687683
/content/Dataset/Test/Real/real_2406.jpg,1,0,False,0.9999666213989258,3.33694442815613e-05
/content/Dataset/Test/Real/real_2407.jpg,1,1,True,0.006952003575861454,0.9930480122566223
/content/Dataset/Test/Real/real_2408.jpg,1,1,True,2.467902231728658e-05,0.999975323677063
/content/Dataset/Test/Real/real_2409.jpg,1,0,False,0.9129948616027832,0.08700516074895859
/content/Dataset/Test/Real/real_241.jpg,1,1,True,2.234290150227025e-05,0.999977707862854
/content/Dataset/Test/Real/real_2410.jpg,1,1,True,2.5081162675633095e-05,0.9999749660491943
/content/Dataset/Test/Real/real_2411.jpg,1,1,True,0.4962444305419922,0.5037556290626526
/content/Dataset/Test/Real/real_2412.jpg,1,1,True,4.960509977536276e-05,0.9999504089355469
/content/Dataset/Test/Real/real_2413.jpg,1,1,True,0.0010728089837357402,0.9989271759986877
/content/Dataset/Test/Real/real_2414.jpg,1,1,True,0.000629674643278122,0.9993703961372375
/content/Dataset/Test/Real/real_2415.jpg,1,1,True,0.0010918810730800033,0.9989081621170044
/content/Dataset/Test/Real/real_2416.jpg,1,0,False,0.9999446868896484,5.526512177311815e-05
/content/Dataset/Test/Real/real_2417.jpg,1,0,False,0.9872188568115234,0.012781190685927868
/content/Dataset/Test/Real/real_2418.jpg,1,0,False,0.9995753169059753,0.00042463757563382387
/content/Dataset/Test/Real/real_2419.jpg,1,0,False,0.9999016523361206,9.835596574703231e-05
/content/Dataset/Test/Real/real_242.jpg,1,1,True,2.4988428776850924e-05,0.9999749660491943
/content/Dataset/Test/Real/real_2420.jpg,1,1,True,4.715880277217366e-05,0.9999527931213379
/content/Dataset/Test/Real/real_2421.jpg,1,0,False,0.9998359680175781,0.00016403132758568972
/content/Dataset/Test/Real/real_2422.jpg,1,0,False,0.9999595880508423,4.03584235755261e-05
/content/Dataset/Test/Real/real_2423.jpg,1,1,True,2.4644470613566227e-05,0.999975323677063
/content/Dataset/Test/Real/real_2424.jpg,1,0,False,0.7311340570449829,0.2688659727573395
/content/Dataset/Test/Real/real_2425.jpg,1,1,True,0.0002427173894830048,0.9997572302818298
/content/Dataset/Test/Real/real_2426.jpg,1,0,False,0.999416708946228,0.0005833405302837491
/content/Dataset/Test/Real/real_2427.jpg,1,0,False,0.9999297857284546,7.022164936643094e-05
/content/Dataset/Test/Real/real_2428.jpg,1,0,False,0.9999192953109741,8.068008173722774e-05
/content/Dataset/Test/Real/real_2429.jpg,1,1,True,0.017532795667648315,0.9824672341346741
/content/Dataset/Test/Real/real_243.jpg,1,1,True,5.8042984164785594e-05,0.9999419450759888
/content/Dataset/Test/Real/real_2430.jpg,1,1,True,2.0480190869420767e-05,0.9999794960021973
/content/Dataset/Test/Real/real_2431.jpg,1,1,True,0.08945915848016739,0.9105408787727356
/content/Dataset/Test/Real/real_2432.jpg,1,1,True,0.08175177127122879,0.9182482361793518
/content/Dataset/Test/Real/real_2433.jpg,1,1,True,4.5939465053379536e-05,0.999954104423523
/content/Dataset/Test/Real/real_2434.jpg,1,1,True,2.155710717488546e-05,0.9999784231185913
/content/Dataset/Test/Real/real_2435.jpg,1,1,True,3.0798324587522075e-05,0.9999692440032959
/content/Dataset/Test/Real/real_2436.jpg,1,0,False,0.7913673520088196,0.20863258838653564
/content/Dataset/Test/Real/real_2437.jpg,1,1,True,2.4122502509271726e-05,0.9999759197235107
/content/Dataset/Test/Real/real_2438.jpg,1,1,True,0.0007168407901190221,0.9992831349372864
/content/Dataset/Test/Real/real_2439.jpg,1,1,True,2.6456284103915095e-05,0.9999735355377197
/content/Dataset/Test/Real/real_244.jpg,1,1,True,2.2012167391949333e-05,0.9999779462814331
/content/Dataset/Test/Real/real_2440.jpg,1,1,True,3.171738353557885e-05,0.9999682903289795
/content/Dataset/Test/Real/real_2441.jpg,1,1,True,2.9130407710908912e-05,0.9999709129333496
/content/Dataset/Test/Real/real_2442.jpg,1,1,True,0.0014984557637944818,0.9985015392303467
/content/Dataset/Test/Real/real_2443.jpg,1,0,False,0.9937268495559692,0.006273180712014437
/content/Dataset/Test/Real/real_2444.jpg,1,1,True,0.09175392240285873,0.9082460999488831
/content/Dataset/Test/Real/real_2445.jpg,1,1,True,2.204193515353836e-05,0.9999779462814331
/content/Dataset/Test/Real/real_2446.jpg,1,1,True,2.454717832733877e-05,0.9999754428863525
/content/Dataset/Test/Real/real_2447.jpg,1,1,True,3.100259345956147e-05,0.9999690055847168
/content/Dataset/Test/Real/real_2448.jpg,1,1,True,0.00017312497948296368,0.9998268485069275
/content/Dataset/Test/Real/real_2449.jpg,1,1,True,2.6958605303661898e-05,0.9999730587005615
/content/Dataset/Test/Real/real_245.jpg,1,1,True,3.070239836233668e-05,0.9999692440032959
/content/Dataset/Test/Real/real_2450.jpg,1,1,True,3.513367846608162e-05,0.9999648332595825
/content/Dataset/Test/Real/real_2451.jpg,1,1,True,8.46370094222948e-05,0.999915361404419
/content/Dataset/Test/Real/real_2452.jpg,1,1,True,0.31771641969680786,0.6822835803031921
/content/Dataset/Test/Real/real_2453.jpg,1,0,False,0.9437403678894043,0.056259606033563614
/content/Dataset/Test/Real/real_2454.jpg,1,1,True,9.129851241596043e-05,0.9999086856842041
/content/Dataset/Test/Real/real_2455.jpg,1,1,True,2.9721200917265378e-05,0.9999703168869019
/content/Dataset/Test/Real/real_2456.jpg,1,1,True,2.5325500246253796e-05,0.9999747276306152
/content/Dataset/Test/Real/real_2457.jpg,1,1,True,3.715579441632144e-05,0.9999628067016602
/content/Dataset/Test/Real/real_2458.jpg,1,0,False,0.9999485015869141,5.152548328624107e-05
/content/Dataset/Test/Real/real_2459.jpg,1,0,False,0.629352331161499,0.37064772844314575
/content/Dataset/Test/Real/real_246.jpg,1,1,True,9.112334373639897e-05,0.9999089241027832
/content/Dataset/Test/Real/real_2460.jpg,1,0,False,0.9999634027481079,3.661299706436694e-05
/content/Dataset/Test/Real/real_2461.jpg,1,0,False,0.9998561143875122,0.00014389058924280107
/content/Dataset/Test/Real/real_2462.jpg,1,1,True,4.686962711275555e-05,0.9999531507492065
/content/Dataset/Test/Real/real_2463.jpg,1,1,True,3.523292616591789e-05,0.999964714050293
/content/Dataset/Test/Real/real_2464.jpg,1,1,True,2.578608109615743e-05,0.999974250793457
/content/Dataset/Test/Real/real_2465.jpg,1,1,True,3.3089949283748865e-05,0.9999668598175049
/content/Dataset/Test/Real/real_2466.jpg,1,1,True,2.209817284892779e-05,0.9999779462814331
/content/Dataset/Test/Real/real_2467.jpg,1,1,True,2.5833955078269355e-05,0.9999741315841675
/content/Dataset/Test/Real/real_2468.jpg,1,1,True,2.1922234736848623e-05,0.9999780654907227
/content/Dataset/Test/Real/real_2469.jpg,1,1,True,2.1996220311848447e-05,0.9999779462814331
/content/Dataset/Test/Real/real_247.jpg,1,1,True,2.645764652697835e-05,0.9999735355377197
/content/Dataset/Test/Real/real_2470.jpg,1,1,True,2.412758840364404e-05,0.9999759197235107
/content/Dataset/Test/Real/real_2471.jpg,1,1,True,2.1145810023881495e-05,0.9999788999557495
/content/Dataset/Test/Real/real_2472.jpg,1,1,True,4.441208147909492e-05,0.9999555349349976
/content/Dataset/Test/Real/real_2473.jpg,1,1,True,3.361095514264889e-05,0.9999663829803467
/content/Dataset/Test/Real/real_2474.jpg,1,1,True,0.0009752115001901984,0.9990247488021851
/content/Dataset/Test/Real/real_2475.jpg,1,1,True,0.013204274699091911,0.9867956638336182
/content/Dataset/Test/Real/real_2476.jpg,1,1,True,5.516944656847045e-05,0.999944806098938
/content/Dataset/Test/Real/real_2477.jpg,1,1,True,3.0772342142881826e-05,0.9999692440032959
/content/Dataset/Test/Real/real_2478.jpg,1,1,True,2.4326047423528507e-05,0.9999756813049316
/content/Dataset/Test/Real/real_2479.jpg,1,1,True,2.042935557255987e-05,0.9999796152114868
/content/Dataset/Test/Real/real_248.jpg,1,1,True,3.8355166907422245e-05,0.9999616146087646
/content/Dataset/Test/Real/real_2480.jpg,1,1,True,4.207496749586426e-05,0.9999579191207886
/content/Dataset/Test/Real/real_2481.jpg,1,1,True,0.0013257716782391071,0.9986742734909058
/content/Dataset/Test/Real/real_2482.jpg,1,1,True,2.386941014265176e-05,0.9999761581420898
/content/Dataset/Test/Real/real_2483.jpg,1,1,True,2.423572186671663e-05,0.9999758005142212
/content/Dataset/Test/Real/real_2484.jpg,1,1,True,2.2334699679049663e-05,0.999977707862854
/content/Dataset/Test/Real/real_2485.jpg,1,1,True,0.4338344633579254,0.5661655068397522
/content/Dataset/Test/Real/real_2486.jpg,1,1,True,0.013267300091683865,0.9867326617240906
/content/Dataset/Test/Real/real_2487.jpg,1,1,True,7.88042088970542e-05,0.9999212026596069
/content/Dataset/Test/Real/real_2488.jpg,1,1,True,8.547029574401677e-05,0.9999145269393921
/content/Dataset/Test/Real/real_2489.jpg,1,1,True,2.1045581888756715e-05,0.9999788999557495
/content/Dataset/Test/Real/real_249.jpg,1,1,True,2.1257723346934654e-05,0.99997878074646
/content/Dataset/Test/Real/real_2490.jpg,1,1,True,2.5658548111096025e-05,0.9999743700027466
/content/Dataset/Test/Real/real_2491.jpg,1,1,True,2.0956618755008094e-05,0.9999790191650391
/content/Dataset/Test/Real/real_2492.jpg,1,1,True,8.350185089511797e-05,0.9999164342880249
/content/Dataset/Test/Real/real_2493.jpg,1,1,True,2.17792021430796e-05,0.9999781847000122
/content/Dataset/Test/Real/real_2494.jpg,1,1,True,0.000389022083254531,0.999610960483551
/content/Dataset/Test/Real/real_2495.jpg,1,1,True,0.03251812607049942,0.9674819111824036
/content/Dataset/Test/Real/real_2496.jpg,1,1,True,2.225488242402207e-05,0.999977707862854
/content/Dataset/Test/Real/real_2497.jpg,1,1,True,2.738699367910158e-05,0.9999725818634033
/content/Dataset/Test/Real/real_2498.jpg,1,1,True,0.00013669559848494828,0.9998632669448853
/content/Dataset/Test/Real/real_2499.jpg,1,1,True,2.5721117708599195e-05,0.999974250793457
/content/Dataset/Test/Real/real_25.jpg,1,1,True,2.1755411580670625e-05,0.9999781847000122
/content/Dataset/Test/Real/real_250.jpg,1,1,True,2.0094610590604134e-05,0.9999798536300659
/content/Dataset/Test/Real/real_2500.jpg,1,1,True,2.1472329535754398e-05,0.9999785423278809
/content/Dataset/Test/Real/real_2501.jpg,1,1,True,4.7011526476126164e-05,0.999953031539917
/content/Dataset/Test/Real/real_2502.jpg,1,1,True,2.0577392206178047e-05,0.9999793767929077
/content/Dataset/Test/Real/real_2503.jpg,1,1,True,2.4573035261710174e-05,0.9999754428863525
/content/Dataset/Test/Real/real_2504.jpg,1,1,True,0.0003327676095068455,0.9996672868728638
/content/Dataset/Test/Real/real_2505.jpg,1,1,True,4.533038372755982e-05,0.9999547004699707
/content/Dataset/Test/Real/real_2506.jpg,1,0,False,0.7273303866386414,0.2726696729660034
/content/Dataset/Test/Real/real_2507.jpg,1,1,True,0.0006201099022291601,0.9993798732757568
/content/Dataset/Test/Real/real_2508.jpg,1,1,True,0.11843741685152054,0.8815626502037048
/content/Dataset/Test/Real/real_2509.jpg,1,1,True,0.00034472908009774983,0.9996552467346191
/content/Dataset/Test/Real/real_251.jpg,1,1,True,2.2087091565481387e-05,0.9999779462814331
/content/Dataset/Test/Real/real_2510.jpg,1,1,True,0.00010876511805690825,0.9998912811279297
/content/Dataset/Test/Real/real_2511.jpg,1,1,True,3.8584894355153665e-05,0.9999613761901855
/content/Dataset/Test/Real/real_2512.jpg,1,0,False,0.9997429251670837,0.0002570610959082842
/content/Dataset/Test/Real/real_2513.jpg,1,1,True,0.0007006427040323615,0.9992992877960205
/content/Dataset/Test/Real/real_2514.jpg,1,1,True,3.5042728995904326e-05,0.9999649524688721
/content/Dataset/Test/Real/real_2515.jpg,1,1,True,2.2317324692266993e-05,0.999977707862854
/content/Dataset/Test/Real/real_2516.jpg,1,1,True,0.0012024317402392626,0.9987975358963013
/content/Dataset/Test/Real/real_2517.jpg,1,1,True,0.09607426077127457,0.9039257168769836
/content/Dataset/Test/Real/real_2518.jpg,1,0,False,0.749751091003418,0.25024887919425964
/content/Dataset/Test/Real/real_2519.jpg,1,0,False,0.9999610185623169,3.896130874636583e-05
/content/Dataset/Test/Real/real_252.jpg,1,1,True,7.231299969134852e-05,0.9999276399612427
/content/Dataset/Test/Real/real_2520.jpg,1,0,False,0.9999619722366333,3.8078480429248884e-05
/content/Dataset/Test/Real/real_2521.jpg,1,1,True,0.00013728417980019003,0.9998626708984375
/content/Dataset/Test/Real/real_2522.jpg,1,1,True,2.0787372704944573e-05,0.9999792575836182
/content/Dataset/Test/Real/real_2523.jpg,1,1,True,0.0006400704733096063,0.9993599057197571
/content/Dataset/Test/Real/real_2524.jpg,1,1,True,0.00023940067330840975,0.9997605681419373
/content/Dataset/Test/Real/real_2525.jpg,1,1,True,0.001557404873892665,0.9984425902366638
/content/Dataset/Test/Real/real_2526.jpg,1,1,True,0.0027732683811336756,0.9972266554832458
/content/Dataset/Test/Real/real_2527.jpg,1,1,True,2.9673481549252756e-05,0.9999703168869019
/content/Dataset/Test/Real/real_2528.jpg,1,1,True,2.135914473910816e-05,0.9999786615371704
/content/Dataset/Test/Real/real_2529.jpg,1,1,True,2.433820736769121e-05,0.9999756813049316
/content/Dataset/Test/Real/real_253.jpg,1,1,True,0.0005361002404242754,0.9994638562202454
/content/Dataset/Test/Real/real_2530.jpg,1,1,True,5.48868156329263e-05,0.9999451637268066
/content/Dataset/Test/Real/real_2531.jpg,1,1,True,0.000540760753210634,0.9994592070579529
/content/Dataset/Test/Real/real_2532.jpg,1,1,True,7.028476102277637e-05,0.999929666519165
/content/Dataset/Test/Real/real_2533.jpg,1,1,True,4.2272960854461417e-05,0.9999576807022095
/content/Dataset/Test/Real/real_2534.jpg,1,1,True,0.0014676738064736128,0.9985322952270508
/content/Dataset/Test/Real/real_2535.jpg,1,1,True,6.923728506080806e-05,0.999930739402771
/content/Dataset/Test/Real/real_2536.jpg,1,1,True,2.2296902898233384e-05,0.999977707862854
/content/Dataset/Test/Real/real_2537.jpg,1,1,True,2.4536411729059182e-05,0.9999754428863525
/content/Dataset/Test/Real/real_2538.jpg,1,1,True,0.0010626513976603746,0.9989373087882996
/content/Dataset/Test/Real/real_2539.jpg,1,0,False,0.9993601441383362,0.0006398414261639118
/content/Dataset/Test/Real/real_254.jpg,1,1,True,0.00017780225607566535,0.999822199344635
/content/Dataset/Test/Real/real_2540.jpg,1,0,False,0.9999250173568726,7.496701437048614e-05
/content/Dataset/Test/Real/real_2541.jpg,1,0,False,0.9998142123222351,0.00018586796068120748
/content/Dataset/Test/Real/real_2542.jpg,1,0,False,0.9365180134773254,0.06348200887441635
/content/Dataset/Test/Real/real_2543.jpg,1,0,False,0.9999727010726929,2.7251777282799594e-05
/content/Dataset/Test/Real/real_2544.jpg,1,1,True,6.793771171942353e-05,0.999932050704956
/content/Dataset/Test/Real/real_2545.jpg,1,1,True,5.704015347873792e-05,0.9999428987503052
/content/Dataset/Test/Real/real_2546.jpg,1,1,True,2.4932041924330406e-05,0.9999750852584839
/content/Dataset/Test/Real/real_2547.jpg,1,0,False,0.706593930721283,0.29340603947639465
/content/Dataset/Test/Real/real_2548.jpg,1,1,True,2.7799516828963533e-05,0.9999722242355347
/content/Dataset/Test/Real/real_2549.jpg,1,1,True,2.3232785679283552e-05,0.9999767541885376
/content/Dataset/Test/Real/real_255.jpg,1,1,True,4.538631037576124e-05,0.9999545812606812
/content/Dataset/Test/Real/real_2550.jpg,1,1,True,3.643785748863593e-05,0.9999635219573975
/content/Dataset/Test/Real/real_2551.jpg,1,1,True,0.002849780721589923,0.9971502423286438
/content/Dataset/Test/Real/real_2552.jpg,1,0,False,0.9447689056396484,0.05523112788796425
/content/Dataset/Test/Real/real_2553.jpg,1,1,True,0.00022832264949101955,0.9997716546058655
/content/Dataset/Test/Real/real_2554.jpg,1,0,False,0.9999662637710571,3.3692307624733075e-05
/content/Dataset/Test/Real/real_2555.jpg,1,0,False,0.9399176239967346,0.06008237227797508
/content/Dataset/Test/Real/real_2556.jpg,1,1,True,2.648225927259773e-05,0.9999735355377197
/content/Dataset/Test/Real/real_2557.jpg,1,1,True,2.3205173420137726e-05,0.9999767541885376
/content/Dataset/Test/Real/real_2558.jpg,1,1,True,2.4789009330561385e-05,0.9999752044677734
/content/Dataset/Test/Real/real_2559.jpg,1,1,True,0.008853073231875896,0.991146981716156
/content/Dataset/Test/Real/real_256.jpg,1,1,True,0.00012480633449740708,0.9998751878738403
/content/Dataset/Test/Real/real_2560.jpg,1,1,True,4.388703382574022e-05,0.9999561309814453
/content/Dataset/Test/Real/real_2561.jpg,1,1,True,3.8701717130606994e-05,0.999961256980896
/content/Dataset/Test/Real/real_2562.jpg,1,1,True,2.216011125710793e-05,0.9999778270721436
/content/Dataset/Test/Real/real_2563.jpg,1,1,True,5.258975215838291e-05,0.9999474287033081
/content/Dataset/Test/Real/real_2564.jpg,1,1,True,0.00021240964997559786,0.9997876286506653
/content/Dataset/Test/Real/real_2565.jpg,1,1,True,2.184812183259055e-05,0.9999781847000122
/content/Dataset/Test/Real/real_2566.jpg,1,1,True,3.2643190934322774e-05,0.9999673366546631
/content/Dataset/Test/Real/real_2567.jpg,1,0,False,0.9999668598175049,3.310875763418153e-05
/content/Dataset/Test/Real/real_2568.jpg,1,1,True,3.0697799957124516e-05,0.9999692440032959
/content/Dataset/Test/Real/real_2569.jpg,1,1,True,0.019374996423721313,0.9806250333786011
/content/Dataset/Test/Real/real_257.jpg,1,1,True,2.509738078515511e-05,0.9999748468399048
/content/Dataset/Test/Real/real_2570.jpg,1,1,True,6.260110239963979e-05,0.9999374151229858
/content/Dataset/Test/Real/real_2571.jpg,1,0,False,0.9999603033065796,3.9752911106916144e-05
/content/Dataset/Test/Real/real_2572.jpg,1,1,True,2.6597874239087105e-05,0.9999734163284302
/content/Dataset/Test/Real/real_2573.jpg,1,1,True,0.00016149990551639348,0.9998384714126587
/content/Dataset/Test/Real/real_2574.jpg,1,1,True,0.0004771067469846457,0.9995229244232178
/content/Dataset/Test/Real/real_2575.jpg,1,1,True,3.564295911928639e-05,0.9999643564224243
/content/Dataset/Test/Real/real_2576.jpg,1,1,True,2.596985905256588e-05,0.9999740123748779
/content/Dataset/Test/Real/real_2577.jpg,1,1,True,2.5387622372363694e-05,0.9999746084213257
/content/Dataset/Test/Real/real_2578.jpg,1,0,False,0.6265026330947876,0.3734974265098572
/content/Dataset/Test/Real/real_2579.jpg,1,1,True,0.0025476678274571896,0.9974523186683655
/content/Dataset/Test/Real/real_258.jpg,1,1,True,2.1590376491076313e-05,0.9999784231185913
/content/Dataset/Test/Real/real_2580.jpg,1,1,True,0.0003791587660089135,0.999620795249939
/content/Dataset/Test/Real/real_2581.jpg,1,1,True,4.147707295487635e-05,0.9999585151672363
/content/Dataset/Test/Real/real_2582.jpg,1,1,True,2.3243712348630652e-05,0.9999767541885376
/content/Dataset/Test/Real/real_2583.jpg,1,1,True,2.3749116735416465e-05,0.9999762773513794
/content/Dataset/Test/Real/real_2584.jpg,1,1,True,7.090531289577484e-05,0.9999290704727173
/content/Dataset/Test/Real/real_2585.jpg,1,1,True,7.216152880573645e-05,0.9999278783798218
/content/Dataset/Test/Real/real_2586.jpg,1,1,True,0.0750083401799202,0.9249916672706604
/content/Dataset/Test/Real/real_2587.jpg,1,1,True,2.2459136744146235e-05,0.9999775886535645
/content/Dataset/Test/Real/real_2588.jpg,1,1,True,0.0206932183355093,0.9793068170547485
/content/Dataset/Test/Real/real_2589.jpg,1,1,True,2.047419548034668e-05,0.9999794960021973
/content/Dataset/Test/Real/real_259.jpg,1,1,True,3.613648732425645e-05,0.9999638795852661
/content/Dataset/Test/Real/real_2590.jpg,1,1,True,4.2496521928114817e-05,0.9999574422836304
/content/Dataset/Test/Real/real_2591.jpg,1,1,True,0.18127258121967316,0.8187274932861328
/content/Dataset/Test/Real/real_2592.jpg,1,0,False,0.9394484758377075,0.0605514831840992
/content/Dataset/Test/Real/real_2593.jpg,1,0,False,0.9996670484542847,0.00033299613278359175
/content/Dataset/Test/Real/real_2594.jpg,1,1,True,2.3796994355507195e-05,0.9999761581420898
/content/Dataset/Test/Real/real_2595.jpg,1,1,True,2.0554563889163546e-05,0.9999794960021973
/content/Dataset/Test/Real/real_2596.jpg,1,1,True,2.5117973564192653e-05,0.9999748468399048
/content/Dataset/Test/Real/real_2597.jpg,1,1,True,2.218732697656378e-05,0.9999778270721436
/content/Dataset/Test/Real/real_2598.jpg,1,1,True,2.1447689505293965e-05,0.9999785423278809
/content/Dataset/Test/Real/real_2599.jpg,1,1,True,2.506021519366186e-05,0.9999749660491943
/content/Dataset/Test/Real/real_26.jpg,1,1,True,0.0032241346780210733,0.9967759251594543
/content/Dataset/Test/Real/real_260.jpg,1,1,True,3.0077901101321913e-05,0.9999699592590332
/content/Dataset/Test/Real/real_2600.jpg,1,1,True,3.735162317752838e-05,0.9999626874923706
/content/Dataset/Test/Real/real_2601.jpg,1,0,False,0.999924898147583,7.506079418817535e-05
/content/Dataset/Test/Real/real_2602.jpg,1,1,True,2.5688810637802817e-05,0.9999743700027466
/content/Dataset/Test/Real/real_2603.jpg,1,1,True,2.605390181997791e-05,0.9999738931655884
/content/Dataset/Test/Real/real_2604.jpg,1,1,True,4.812393308384344e-05,0.9999518394470215
/content/Dataset/Test/Real/real_2605.jpg,1,1,True,2.2669284589937888e-05,0.9999773502349854
/content/Dataset/Test/Real/real_2606.jpg,1,1,True,0.00026408370467834175,0.9997358918190002
/content/Dataset/Test/Real/real_2607.jpg,1,1,True,2.2648582671536133e-05,0.9999773502349854
/content/Dataset/Test/Real/real_2608.jpg,1,1,True,0.14643634855747223,0.853563666343689
/content/Dataset/Test/Real/real_2609.jpg,1,1,True,0.00030361965764313936,0.9996963739395142
/content/Dataset/Test/Real/real_261.jpg,1,1,True,2.640619823068846e-05,0.9999735355377197
/content/Dataset/Test/Real/real_2610.jpg,1,1,True,2.8148075216449797e-05,0.999971866607666
/content/Dataset/Test/Real/real_2611.jpg,1,1,True,2.1357269361033104e-05,0.9999786615371704
/content/Dataset/Test/Real/real_2612.jpg,1,1,True,0.00021226245735306293,0.9997877478599548
/content/Dataset/Test/Real/real_2613.jpg,1,0,False,0.8725086450576782,0.12749136984348297
/content/Dataset/Test/Real/real_2614.jpg,1,0,False,0.9955297112464905,0.004470293875783682
/content/Dataset/Test/Real/real_2615.jpg,1,1,True,4.63396827399265e-05,0.9999536275863647
/content/Dataset/Test/Real/real_2616.jpg,1,1,True,2.718024916248396e-05,0.9999728202819824
/content/Dataset/Test/Real/real_2617.jpg,1,1,True,0.00012680025247391313,0.999873161315918
/content/Dataset/Test/Real/real_2618.jpg,1,1,True,4.504769094637595e-05,0.9999549388885498
/content/Dataset/Test/Real/real_2619.jpg,1,1,True,2.163631870644167e-05,0.9999783039093018
/content/Dataset/Test/Real/real_262.jpg,1,1,True,0.039841532707214355,0.9601584672927856
/content/Dataset/Test/Real/real_2620.jpg,1,1,True,2.004284215217922e-05,0.9999799728393555
/content/Dataset/Test/Real/real_2621.jpg,1,1,True,5.4976710089249536e-05,0.9999450445175171
/content/Dataset/Test/Real/real_2622.jpg,1,1,True,6.650949944742024e-05,0.9999334812164307
/content/Dataset/Test/Real/real_2623.jpg,1,1,True,0.0016246653394773602,0.9983752965927124
/content/Dataset/Test/Real/real_2624.jpg,1,1,True,2.2097730834502727e-05,0.9999779462814331
/content/Dataset/Test/Real/real_2625.jpg,1,1,True,2.166373815271072e-05,0.9999783039093018
/content/Dataset/Test/Real/real_2626.jpg,1,1,True,5.223771950113587e-05,0.9999477863311768
/content/Dataset/Test/Real/real_2627.jpg,1,1,True,2.199125083279796e-05,0.9999780654907227
/content/Dataset/Test/Real/real_2628.jpg,1,1,True,0.4011166989803314,0.5988832712173462
/content/Dataset/Test/Real/real_2629.jpg,1,1,True,7.456426101271063e-05,0.9999253749847412
/content/Dataset/Test/Real/real_263.jpg,1,1,True,0.3167133927345276,0.6832866072654724
/content/Dataset/Test/Real/real_2630.jpg,1,1,True,4.601667751558125e-05,0.9999539852142334
/content/Dataset/Test/Real/real_2631.jpg,1,1,True,0.00014745946100447327,0.9998525381088257
/content/Dataset/Test/Real/real_2632.jpg,1,1,True,2.3885075279395096e-05,0.9999761581420898
/content/Dataset/Test/Real/real_2633.jpg,1,1,True,2.0684914488811046e-05,0.9999792575836182
/content/Dataset/Test/Real/real_2634.jpg,1,1,True,0.0010908227413892746,0.9989092350006104
/content/Dataset/Test/Real/real_2635.jpg,1,1,True,2.1633926735376008e-05,0.9999784231185913
/content/Dataset/Test/Real/real_2636.jpg,1,1,True,2.0929754100507125e-05,0.9999790191650391
/content/Dataset/Test/Real/real_2637.jpg,1,1,True,2.023464548983611e-05,0.9999797344207764
/content/Dataset/Test/Real/real_2638.jpg,1,1,True,0.021650370210409164,0.9783495664596558
/content/Dataset/Test/Real/real_2639.jpg,1,1,True,0.013923765160143375,0.986076295375824
/content/Dataset/Test/Real/real_264.jpg,1,1,True,7.585143612232059e-05,0.9999241828918457
/content/Dataset/Test/Real/real_2640.jpg,1,1,True,0.0077458037994802,0.9922541379928589
/content/Dataset/Test/Real/real_2641.jpg,1,1,True,2.4039691197685897e-05,0.9999759197235107
/content/Dataset/Test/Real/real_2642.jpg,1,1,True,2.5533256120979786e-05,0.9999744892120361
/content/Dataset/Test/Real/real_2643.jpg,1,1,True,3.0065226383158006e-05,0.9999699592590332
/content/Dataset/Test/Real/real_2644.jpg,1,0,False,0.7517735362052917,0.24822644889354706
/content/Dataset/Test/Real/real_2645.jpg,1,1,True,2.075403244816698e-05,0.9999792575836182
/content/Dataset/Test/Real/real_2646.jpg,1,1,True,2.1620253392029554e-05,0.9999784231185913
/content/Dataset/Test/Real/real_2647.jpg,1,1,True,5.574908573180437e-05,0.9999442100524902
/content/Dataset/Test/Real/real_2648.jpg,1,0,False,0.9293880462646484,0.07061196118593216
/content/Dataset/Test/Real/real_2649.jpg,1,0,False,0.9976885318756104,0.0023114350624382496
/content/Dataset/Test/Real/real_265.jpg,1,1,True,2.2213958800421096e-05,0.9999778270721436
/content/Dataset/Test/Real/real_2650.jpg,1,1,True,0.0020821362268179655,0.9979178309440613
/content/Dataset/Test/Real/real_2651.jpg,1,1,True,3.259211371187121e-05,0.9999674558639526
/content/Dataset/Test/Real/real_2652.jpg,1,1,True,2.3013839381746948e-05,0.9999769926071167
/content/Dataset/Test/Real/real_2653.jpg,1,1,True,2.1748197468696162e-05,0.9999783039093018
/content/Dataset/Test/Real/real_2654.jpg,1,1,True,9.07477005966939e-05,0.9999092817306519
/content/Dataset/Test/Real/real_2655.jpg,1,1,True,0.07014309614896774,0.9298568964004517
/content/Dataset/Test/Real/real_2656.jpg,1,1,True,2.0707731891889125e-05,0.9999792575836182
/content/Dataset/Test/Real/real_2657.jpg,1,1,True,0.00018839769472833723,0.999811589717865
/content/Dataset/Test/Real/real_2658.jpg,1,1,True,2.2442265617428347e-05,0.9999775886535645
/content/Dataset/Test/Real/real_2659.jpg,1,1,True,4.41246411355678e-05,0.9999558925628662
/content/Dataset/Test/Real/real_266.jpg,1,1,True,2.174670407839585e-05,0.9999783039093018
/content/Dataset/Test/Real/real_2660.jpg,1,1,True,2.4982282411656342e-05,0.9999749660491943
/content/Dataset/Test/Real/real_2661.jpg,1,1,True,0.026116900146007538,0.9738830924034119
/content/Dataset/Test/Real/real_2662.jpg,1,0,False,0.9305826425552368,0.06941738724708557
/content/Dataset/Test/Real/real_2663.jpg,1,0,False,0.9967747330665588,0.0032252930104732513
/content/Dataset/Test/Real/real_2664.jpg,1,1,True,2.041237530647777e-05,0.9999796152114868
/content/Dataset/Test/Real/real_2665.jpg,1,1,True,7.19714371371083e-05,0.9999279975891113
/content/Dataset/Test/Real/real_2666.jpg,1,1,True,0.00027023840812034905,0.9997296929359436
/content/Dataset/Test/Real/real_2667.jpg,1,1,True,0.06936784088611603,0.9306321144104004
/content/Dataset/Test/Real/real_2668.jpg,1,1,True,6.989416579017416e-05,0.9999301433563232
/content/Dataset/Test/Real/real_2669.jpg,1,1,True,0.00023473978217225522,0.9997652173042297
/content/Dataset/Test/Real/real_267.jpg,1,1,True,3.17212579830084e-05,0.9999682903289795
/content/Dataset/Test/Real/real_2670.jpg,1,1,True,3.184017987223342e-05,0.9999681711196899
/content/Dataset/Test/Real/real_2671.jpg,1,1,True,5.0106966227758676e-05,0.9999499320983887
/content/Dataset/Test/Real/real_2672.jpg,1,1,True,3.0352501198649406e-05,0.9999696016311646
/content/Dataset/Test/Real/real_2673.jpg,1,1,True,0.01847929321229458,0.9815207123756409
/content/Dataset/Test/Real/real_2674.jpg,1,1,True,0.4028821587562561,0.5971178412437439
/content/Dataset/Test/Real/real_2675.jpg,1,1,True,3.235589247196913e-05,0.9999676942825317
/content/Dataset/Test/Real/real_2676.jpg,1,1,True,0.00033742020605131984,0.9996626377105713
/content/Dataset/Test/Real/real_2677.jpg,1,1,True,2.702259189391043e-05,0.999972939491272
/content/Dataset/Test/Real/real_2678.jpg,1,1,True,4.0188861021306366e-05,0.9999598264694214
/content/Dataset/Test/Real/real_2679.jpg,1,1,True,3.690879748319276e-05,0.9999630451202393
/content/Dataset/Test/Real/real_268.jpg,1,1,True,0.18196259438991547,0.8180373907089233
/content/Dataset/Test/Real/real_2680.jpg,1,0,False,0.9756331443786621,0.024366868659853935
/content/Dataset/Test/Real/real_2681.jpg,1,1,True,0.00011859906953759491,0.999881386756897
/content/Dataset/Test/Real/real_2682.jpg,1,1,True,2.6940819225274026e-05,0.9999730587005615
/content/Dataset/Test/Real/real_2683.jpg,1,1,True,7.3557450377848e-05,0.9999264478683472
/content/Dataset/Test/Real/real_2684.jpg,1,1,True,0.00018032710067927837,0.9998196959495544
/content/Dataset/Test/Real/real_2685.jpg,1,1,True,4.645281660486944e-05,0.9999535083770752
/content/Dataset/Test/Real/real_2686.jpg,1,1,True,3.35169788741041e-05,0.9999665021896362
/content/Dataset/Test/Real/real_2687.jpg,1,0,False,0.8597102165222168,0.1402897834777832
/content/Dataset/Test/Real/real_2688.jpg,1,1,True,0.0008020709501579404,0.9991979002952576
/content/Dataset/Test/Real/real_2689.jpg,1,1,True,3.920356175513007e-05,0.9999607801437378
/content/Dataset/Test/Real/real_269.jpg,1,1,True,2.1242969523882493e-05,0.99997878074646
/content/Dataset/Test/Real/real_2690.jpg,1,0,False,0.9999263286590576,7.369485683739185e-05
/content/Dataset/Test/Real/real_2691.jpg,1,0,False,0.9998891353607178,0.00011088480096077546
/content/Dataset/Test/Real/real_2692.jpg,1,0,False,0.9820214509963989,0.017978589981794357
/content/Dataset/Test/Real/real_2693.jpg,1,1,True,0.000871822820045054,0.9991281628608704
/content/Dataset/Test/Real/real_2694.jpg,1,1,True,2.6508663722779602e-05,0.9999735355377197
/content/Dataset/Test/Real/real_2695.jpg,1,1,True,2.444919664412737e-05,0.9999755620956421
/content/Dataset/Test/Real/real_2696.jpg,1,1,True,2.4506291083525866e-05,0.9999754428863525
/content/Dataset/Test/Real/real_2697.jpg,1,0,False,0.9988422989845276,0.0011577493278309703
/content/Dataset/Test/Real/real_2698.jpg,1,1,True,0.44132712483406067,0.5586728453636169
/content/Dataset/Test/Real/real_2699.jpg,1,1,True,0.2952658534049988,0.7047340869903564
/content/Dataset/Test/Real/real_27.jpg,1,1,True,0.0004652713832911104,0.9995347261428833
/content/Dataset/Test/Real/real_270.jpg,1,1,True,4.4846579839941114e-05,0.9999551773071289
/content/Dataset/Test/Real/real_2700.jpg,1,1,True,0.237885519862175,0.7621145248413086
/content/Dataset/Test/Real/real_2701.jpg,1,1,True,0.00045285752275958657,0.9995470643043518
/content/Dataset/Test/Real/real_2702.jpg,1,1,True,0.0011169513454660773,0.998883068561554
/content/Dataset/Test/Real/real_2703.jpg,1,1,True,0.0002553614031057805,0.9997445940971375
/content/Dataset/Test/Real/real_2704.jpg,1,1,True,0.0008024789276532829,0.9991975426673889
/content/Dataset/Test/Real/real_2705.jpg,1,1,True,5.769367271568626e-05,0.9999423027038574
/content/Dataset/Test/Real/real_2706.jpg,1,1,True,6.61299200146459e-05,0.9999338388442993
/content/Dataset/Test/Real/real_2707.jpg,1,1,True,2.207089710282162e-05,0.9999779462814331
/content/Dataset/Test/Real/real_2708.jpg,1,1,True,9.992736886488274e-05,0.9999001026153564
/content/Dataset/Test/Real/real_2709.jpg,1,1,True,8.717569289728999e-05,0.9999128580093384
/content/Dataset/Test/Real/real_271.jpg,1,1,True,2.9016207918175496e-05,0.9999710321426392
/content/Dataset/Test/Real/real_2710.jpg,1,1,True,2.3577427782583982e-05,0.999976396560669
/content/Dataset/Test/Real/real_2711.jpg,1,1,True,4.874051228398457e-05,0.9999512434005737
/content/Dataset/Test/Real/real_2712.jpg,1,1,True,2.2709788026986644e-05,0.9999772310256958
/content/Dataset/Test/Real/real_2713.jpg,1,1,True,0.2585532069206238,0.741446852684021
/content/Dataset/Test/Real/real_2714.jpg,1,1,True,2.580450745881535e-05,0.999974250793457
/content/Dataset/Test/Real/real_2715.jpg,1,1,True,3.2725976780056953e-05,0.9999672174453735
/content/Dataset/Test/Real/real_2716.jpg,1,1,True,2.251141268061474e-05,0.9999774694442749
/content/Dataset/Test/Real/real_2717.jpg,1,1,True,2.2585558326682076e-05,0.9999774694442749
/content/Dataset/Test/Real/real_2718.jpg,1,0,False,0.9512177109718323,0.048782363533973694
/content/Dataset/Test/Real/real_2719.jpg,1,1,True,0.0015835207886993885,0.9984164237976074
/content/Dataset/Test/Real/real_272.jpg,1,1,True,0.0618879608809948,0.9381120204925537
/content/Dataset/Test/Real/real_2720.jpg,1,1,True,3.6102868762100115e-05,0.9999638795852661
/content/Dataset/Test/Real/real_2721.jpg,1,1,True,2.077419230772648e-05,0.9999792575836182
/content/Dataset/Test/Real/real_2722.jpg,1,1,True,2.288157156726811e-05,0.9999771118164062
/content/Dataset/Test/Real/real_2723.jpg,1,1,True,0.00021339785598684102,0.9997866749763489
/content/Dataset/Test/Real/real_2724.jpg,1,1,True,0.003954851534217596,0.9960451722145081
/content/Dataset/Test/Real/real_2725.jpg,1,1,True,0.00082188262604177,0.9991781115531921
/content/Dataset/Test/Real/real_2726.jpg,1,1,True,5.1530743803596124e-05,0.9999485015869141
/content/Dataset/Test/Real/real_2727.jpg,1,1,True,2.619226506794803e-05,0.9999737739562988
/content/Dataset/Test/Real/real_2728.jpg,1,1,True,0.0769437626004219,0.9230562448501587
/content/Dataset/Test/Real/real_2729.jpg,1,1,True,3.8967584259808064e-05,0.9999610185623169
/content/Dataset/Test/Real/real_273.jpg,1,1,True,3.892375752911903e-05,0.9999610185623169
/content/Dataset/Test/Real/real_2730.jpg,1,1,True,4.8507554311072454e-05,0.9999514818191528
/content/Dataset/Test/Real/real_2731.jpg,1,1,True,0.00017401057993993163,0.9998260140419006
/content/Dataset/Test/Real/real_2732.jpg,1,1,True,0.00014964792353566736,0.9998502731323242
/content/Dataset/Test/Real/real_2733.jpg,1,1,True,9.223254164680839e-05,0.9999077320098877
/content/Dataset/Test/Real/real_2734.jpg,1,1,True,0.1462169885635376,0.8537830710411072
/content/Dataset/Test/Real/real_2735.jpg,1,0,False,0.674834668636322,0.3251652717590332
/content/Dataset/Test/Real/real_2736.jpg,1,1,True,0.0015204643132165074,0.9984795451164246
/content/Dataset/Test/Real/real_2737.jpg,1,1,True,2.098109689541161e-05,0.9999790191650391
/content/Dataset/Test/Real/real_2738.jpg,1,1,True,0.00010677255340851843,0.9998931884765625
/content/Dataset/Test/Real/real_2739.jpg,1,1,True,7.916400500107557e-05,0.9999208450317383
/content/Dataset/Test/Real/real_274.jpg,1,1,True,0.0012523892801254988,0.9987475872039795
/content/Dataset/Test/Real/real_2740.jpg,1,1,True,0.00011425739648984745,0.9998856782913208
/content/Dataset/Test/Real/real_2741.jpg,1,1,True,0.000893445685505867,0.9991065859794617
/content/Dataset/Test/Real/real_2742.jpg,1,1,True,2.922088788182009e-05,0.9999707937240601
/content/Dataset/Test/Real/real_2743.jpg,1,0,False,0.9686263203620911,0.03137363865971565
/content/Dataset/Test/Real/real_2744.jpg,1,0,False,0.6848486065864563,0.3151513934135437
/content/Dataset/Test/Real/real_2745.jpg,1,1,True,2.8043312340741977e-05,0.9999719858169556
/content/Dataset/Test/Real/real_2746.jpg,1,1,True,0.3025897145271301,0.6974102854728699
/content/Dataset/Test/Real/real_2747.jpg,1,1,True,4.832919148611836e-05,0.9999517202377319
/content/Dataset/Test/Real/real_2748.jpg,1,1,True,2.0691977624665014e-05,0.9999792575836182
/content/Dataset/Test/Real/real_2749.jpg,1,1,True,2.4884035155992024e-05,0.9999750852584839
/content/Dataset/Test/Real/real_275.jpg,1,0,False,0.9999227523803711,7.728335913270712e-05
/content/Dataset/Test/Real/real_2750.jpg,1,1,True,0.02617979235947132,0.9738202095031738
/content/Dataset/Test/Real/real_2751.jpg,1,1,True,0.41830751299858093,0.5816924571990967
/content/Dataset/Test/Real/real_2752.jpg,1,0,False,0.5622491836547852,0.43775084614753723
/content/Dataset/Test/Real/real_2753.jpg,1,1,True,0.0055348994210362434,0.9944650530815125
/content/Dataset/Test/Real/real_2754.jpg,1,1,True,0.0008185605402104557,0.9991814494132996
/content/Dataset/Test/Real/real_2755.jpg,1,1,True,4.309760333853774e-05,0.9999568462371826
/content/Dataset/Test/Real/real_2756.jpg,1,1,True,2.503508767404128e-05,0.9999749660491943
/content/Dataset/Test/Real/real_2757.jpg,1,1,True,2.1493124222615734e-05,0.9999785423278809
/content/Dataset/Test/Real/real_2758.jpg,1,0,False,0.9999468326568604,5.310575943440199e-05
/content/Dataset/Test/Real/real_2759.jpg,1,0,False,0.9999322891235352,6.773025961592793e-05
/content/Dataset/Test/Real/real_276.jpg,1,1,True,0.00011574913514778018,0.9998842477798462
/content/Dataset/Test/Real/real_2760.jpg,1,0,False,0.9999494552612305,5.05936513945926e-05
/content/Dataset/Test/Real/real_2761.jpg,1,1,True,2.6457975764060393e-05,0.9999735355377197
/content/Dataset/Test/Real/real_2762.jpg,1,1,True,3.455912883509882e-05,0.9999654293060303
/content/Dataset/Test/Real/real_2763.jpg,1,1,True,2.3946700821397826e-05,0.9999760389328003
/content/Dataset/Test/Real/real_2764.jpg,1,1,True,2.557229163357988e-05,0.9999743700027466
/content/Dataset/Test/Real/real_2765.jpg,1,1,True,2.1961888705845922e-05,0.9999780654907227
/content/Dataset/Test/Real/real_2766.jpg,1,1,True,7.06549035385251e-05,0.9999293088912964
/content/Dataset/Test/Real/real_2767.jpg,1,1,True,2.2040336261852644e-05,0.9999779462814331
/content/Dataset/Test/Real/real_2768.jpg,1,0,False,0.9552336931228638,0.04476632922887802
/content/Dataset/Test/Real/real_2769.jpg,1,1,True,2.5651919713709503e-05,0.9999743700027466
/content/Dataset/Test/Real/real_277.jpg,1,1,True,2.0863773897872306e-05,0.9999791383743286
/content/Dataset/Test/Real/real_2770.jpg,1,1,True,4.523624374996871e-05,0.9999548196792603
/content/Dataset/Test/Real/real_2771.jpg,1,0,False,0.999370276927948,0.0006297907675616443
/content/Dataset/Test/Real/real_2772.jpg,1,1,True,0.00012699580111075193,0.9998730421066284
/content/Dataset/Test/Real/real_2773.jpg,1,1,True,2.113113623636309e-05,0.9999788999557495
/content/Dataset/Test/Real/real_2774.jpg,1,1,True,0.00017225083138328046,0.9998277425765991
/content/Dataset/Test/Real/real_2775.jpg,1,1,True,2.1224277588771656e-05,0.99997878074646
/content/Dataset/Test/Real/real_2776.jpg,1,1,True,5.9509515267563984e-05,0.9999405145645142
/content/Dataset/Test/Real/real_2777.jpg,1,1,True,0.005859635770320892,0.9941403269767761
/content/Dataset/Test/Real/real_2778.jpg,1,1,True,2.6166500902036205e-05,0.9999737739562988
/content/Dataset/Test/Real/real_2779.jpg,1,1,True,2.113768641720526e-05,0.9999788999557495
/content/Dataset/Test/Real/real_278.jpg,1,1,True,5.221321771387011e-05,0.9999477863311768
/content/Dataset/Test/Real/real_2780.jpg,1,1,True,2.201319693995174e-05,0.9999779462814331
/content/Dataset/Test/Real/real_2781.jpg,1,1,True,0.008574129082262516,0.9914258718490601
/content/Dataset/Test/Real/real_2782.jpg,1,1,True,2.332324584131129e-05,0.999976634979248
/content/Dataset/Test/Real/real_2783.jpg,1,1,True,0.00029483987600542605,0.9997051358222961
/content/Dataset/Test/Real/real_2784.jpg,1,1,True,6.171529821585864e-05,0.9999382495880127
/content/Dataset/Test/Real/real_2785.jpg,1,1,True,7.022218778729439e-05,0.9999297857284546
/content/Dataset/Test/Real/real_2786.jpg,1,1,True,0.22229449450969696,0.7777054905891418
/content/Dataset/Test/Real/real_2787.jpg,1,1,True,0.45662742853164673,0.5433725714683533
/content/Dataset/Test/Real/real_2788.jpg,1,1,True,0.00014670829114038497,0.999853253364563
/content/Dataset/Test/Real/real_2789.jpg,1,1,True,0.0007784264744259417,0.9992215633392334
/content/Dataset/Test/Real/real_279.jpg,1,1,True,2.4389717509620823e-05,0.9999755620956421
/content/Dataset/Test/Real/real_2790.jpg,1,1,True,2.31680714932736e-05,0.9999768733978271
/content/Dataset/Test/Real/real_2791.jpg,1,1,True,2.5289395125582814e-05,0.9999747276306152
/content/Dataset/Test/Real/real_2792.jpg,1,1,True,2.6278734367224388e-05,0.9999737739562988
/content/Dataset/Test/Real/real_2793.jpg,1,1,True,7.752545934636146e-05,0.999922513961792
/content/Dataset/Test/Real/real_2794.jpg,1,0,False,0.9999592304229736,4.0800390706863254e-05
/content/Dataset/Test/Real/real_2795.jpg,1,1,True,5.61600572837051e-05,0.9999438524246216
/content/Dataset/Test/Real/real_2796.jpg,1,1,True,2.173637767555192e-05,0.9999783039093018
/content/Dataset/Test/Real/real_2797.jpg,1,1,True,2.1597441445919685e-05,0.9999784231185913
/content/Dataset/Test/Real/real_2798.jpg,1,0,False,0.9949835538864136,0.005016464274376631
/content/Dataset/Test/Real/real_2799.jpg,1,1,True,2.054827200481668e-05,0.9999794960021973
/content/Dataset/Test/Real/real_28.jpg,1,1,True,4.6318302338477224e-05,0.9999536275863647
/content/Dataset/Test/Real/real_280.jpg,1,1,True,2.6675628760131076e-05,0.9999732971191406
/content/Dataset/Test/Real/real_2800.jpg,1,1,True,3.2649357308400795e-05,0.9999673366546631
/content/Dataset/Test/Real/real_2801.jpg,1,0,False,0.9610050320625305,0.03899495303630829
/content/Dataset/Test/Real/real_2802.jpg,1,1,True,0.0011364190140739083,0.9988635778427124
/content/Dataset/Test/Real/real_2803.jpg,1,1,True,0.00010573644249234349,0.9998942613601685
/content/Dataset/Test/Real/real_2804.jpg,1,1,True,2.4629551262478344e-05,0.999975323677063
/content/Dataset/Test/Real/real_2805.jpg,1,1,True,2.2101925424067304e-05,0.9999779462814331
/content/Dataset/Test/Real/real_2806.jpg,1,1,True,2.2025502403266728e-05,0.9999779462814331
/content/Dataset/Test/Real/real_2807.jpg,1,1,True,2.8833408578066155e-05,0.9999711513519287
/content/Dataset/Test/Real/real_2808.jpg,1,1,True,6.524656782858074e-05,0.9999347925186157
/content/Dataset/Test/Real/real_2809.jpg,1,1,True,2.1874100639251992e-05,0.9999781847000122
/content/Dataset/Test/Real/real_281.jpg,1,1,True,4.747204002342187e-05,0.9999525547027588
/content/Dataset/Test/Real/real_2810.jpg,1,1,True,2.146975020878017e-05,0.9999785423278809
/content/Dataset/Test/Real/real_2811.jpg,1,1,True,2.1297879357007332e-05,0.9999786615371704
/content/Dataset/Test/Real/real_2812.jpg,1,1,True,2.1814206775161438e-05,0.9999781847000122
/content/Dataset/Test/Real/real_2813.jpg,1,1,True,2.28642275033053e-05,0.9999771118164062
/content/Dataset/Test/Real/real_2814.jpg,1,1,True,2.255413528473582e-05,0.9999774694442749
/content/Dataset/Test/Real/real_2815.jpg,1,1,True,0.0002289105177624151,0.9997710585594177
/content/Dataset/Test/Real/real_2816.jpg,1,1,True,0.00024023708829190582,0.9997597336769104
/content/Dataset/Test/Real/real_2817.jpg,1,1,True,3.9131249650381505e-05,0.9999608993530273
/content/Dataset/Test/Real/real_2818.jpg,1,1,True,0.00029814118170179427,0.9997017979621887
/content/Dataset/Test/Real/real_2819.jpg,1,0,False,0.9993990659713745,0.0006008867640048265
/content/Dataset/Test/Real/real_282.jpg,1,1,True,0.0002241896727355197,0.9997758269309998
/content/Dataset/Test/Real/real_2820.jpg,1,1,True,2.2515105229103938e-05,0.9999774694442749
/content/Dataset/Test/Real/real_2821.jpg,1,1,True,0.13013100624084473,0.8698689937591553
/content/Dataset/Test/Real/real_2822.jpg,1,0,False,0.9308678507804871,0.06913217157125473
/content/Dataset/Test/Real/real_2823.jpg,1,1,True,0.08184400200843811,0.9181559681892395
/content/Dataset/Test/Real/real_2824.jpg,1,1,True,2.1531548554776236e-05,0.9999784231185913
/content/Dataset/Test/Real/real_2825.jpg,1,1,True,2.5426534193684347e-05,0.9999746084213257
/content/Dataset/Test/Real/real_2826.jpg,1,1,True,2.2046917365514673e-05,0.9999779462814331
/content/Dataset/Test/Real/real_2827.jpg,1,1,True,3.71713176718913e-05,0.9999628067016602
/content/Dataset/Test/Real/real_2828.jpg,1,1,True,5.063128992333077e-05,0.9999493360519409
/content/Dataset/Test/Real/real_2829.jpg,1,1,True,5.098440669826232e-05,0.9999489784240723
/content/Dataset/Test/Real/real_283.jpg,1,1,True,0.00019547331612557173,0.9998045563697815
/content/Dataset/Test/Real/real_2830.jpg,1,1,True,2.1852561985724606e-05,0.9999781847000122
/content/Dataset/Test/Real/real_2831.jpg,1,1,True,2.206885619671084e-05,0.9999779462814331
/content/Dataset/Test/Real/real_2832.jpg,1,1,True,2.2358524802257307e-05,0.9999775886535645
/content/Dataset/Test/Real/real_2833.jpg,1,0,False,0.6003671884536743,0.39963284134864807
/content/Dataset/Test/Real/real_2834.jpg,1,1,True,6.451562512665987e-05,0.999935507774353
/content/Dataset/Test/Real/real_2835.jpg,1,1,True,2.1989657398080453e-05,0.9999780654907227
/content/Dataset/Test/Real/real_2836.jpg,1,1,True,3.308322629891336e-05,0.9999668598175049
/content/Dataset/Test/Real/real_2837.jpg,1,1,True,2.1293775716912933e-05,0.9999786615371704
/content/Dataset/Test/Real/real_2838.jpg,1,1,True,2.3978212993824854e-05,0.9999760389328003
/content/Dataset/Test/Real/real_2839.jpg,1,1,True,0.33085522055625916,0.6691448092460632
/content/Dataset/Test/Real/real_284.jpg,1,1,True,2.5984651074395515e-05,0.9999740123748779
/content/Dataset/Test/Real/real_2840.jpg,1,0,False,0.9999403953552246,5.961533315712586e-05
/content/Dataset/Test/Real/real_2841.jpg,1,1,True,4.878934123553336e-05,0.9999512434005737
/content/Dataset/Test/Real/real_2842.jpg,1,1,True,2.2606847778661177e-05,0.9999773502349854
/content/Dataset/Test/Real/real_2843.jpg,1,1,True,2.2920929040992633e-05,0.9999771118164062
/content/Dataset/Test/Real/real_2844.jpg,1,1,True,0.00013526309339795262,0.9998646974563599
/content/Dataset/Test/Real/real_2845.jpg,1,1,True,2.2845986677566543e-05,0.9999771118164062
/content/Dataset/Test/Real/real_2846.jpg,1,1,True,2.009118179557845e-05,0.9999798536300659
/content/Dataset/Test/Real/real_2847.jpg,1,1,True,2.2535643438459374e-05,0.9999774694442749
/content/Dataset/Test/Real/real_2848.jpg,1,1,True,0.00013947040133643895,0.9998605251312256
/content/Dataset/Test/Real/real_2849.jpg,1,1,True,2.1657788238371722e-05,0.9999783039093018
/content/Dataset/Test/Real/real_285.jpg,1,1,True,2.1574260244960897e-05,0.9999784231185913
/content/Dataset/Test/Real/real_2850.jpg,1,1,True,0.0005816917982883751,0.9994183778762817
/content/Dataset/Test/Real/real_2851.jpg,1,1,True,0.0007190165342763066,0.9992809891700745
/content/Dataset/Test/Real/real_2852.jpg,1,0,False,0.9999202489852905,7.975008338689804e-05
/content/Dataset/Test/Real/real_2853.jpg,1,1,True,2.762008625722956e-05,0.9999723434448242
/content/Dataset/Test/Real/real_2854.jpg,1,1,True,2.256605148431845e-05,0.9999774694442749
/content/Dataset/Test/Real/real_2855.jpg,1,1,True,2.547213625803124e-05,0.9999744892120361
/content/Dataset/Test/Real/real_2856.jpg,1,1,True,7.365627971012145e-05,0.9999263286590576
/content/Dataset/Test/Real/real_2857.jpg,1,1,True,0.004742293152958155,0.9952576756477356
/content/Dataset/Test/Real/real_2858.jpg,1,0,False,0.9999632835388184,3.667683995445259e-05
/content/Dataset/Test/Real/real_2859.jpg,1,1,True,3.578992618713528e-05,0.9999642372131348
/content/Dataset/Test/Real/real_286.jpg,1,0,False,0.9999284744262695,7.154921331675723e-05
/content/Dataset/Test/Real/real_2860.jpg,1,0,False,0.9999668598175049,3.317301525385119e-05
/content/Dataset/Test/Real/real_2861.jpg,1,0,False,0.9979289770126343,0.002071030903607607
/content/Dataset/Test/Real/real_2862.jpg,1,1,True,2.5766537874005735e-05,0.999974250793457
/content/Dataset/Test/Real/real_2863.jpg,1,1,True,4.986576459486969e-05,0.9999501705169678
/content/Dataset/Test/Real/real_2864.jpg,1,1,True,2.7114492695545778e-05,0.999972939491272
/content/Dataset/Test/Real/real_2865.jpg,1,1,True,2.307198337803129e-05,0.9999768733978271
/content/Dataset/Test/Real/real_2866.jpg,1,0,False,0.9997742772102356,0.00022573358728550375
/content/Dataset/Test/Real/real_2867.jpg,1,0,False,0.9741066694259644,0.025893349200487137
/content/Dataset/Test/Real/real_2868.jpg,1,0,False,0.9999438524246216,5.613296525552869e-05
/content/Dataset/Test/Real/real_2869.jpg,1,0,False,0.9999488592147827,5.112589133204892e-05
/content/Dataset/Test/Real/real_287.jpg,1,1,True,3.596801980165765e-05,0.9999639987945557
/content/Dataset/Test/Real/real_2870.jpg,1,0,False,0.9998841285705566,0.00011581116996239871
/content/Dataset/Test/Real/real_2871.jpg,1,1,True,3.290156018920243e-05,0.999967098236084
/content/Dataset/Test/Real/real_2872.jpg,1,0,False,0.89324951171875,0.10675048828125
/content/Dataset/Test/Real/real_2873.jpg,1,1,True,3.675481639220379e-05,0.9999632835388184
/content/Dataset/Test/Real/real_2874.jpg,1,1,True,3.0121100280666724e-05,0.9999698400497437
/content/Dataset/Test/Real/real_2875.jpg,1,1,True,2.0631096049328335e-05,0.9999793767929077
/content/Dataset/Test/Real/real_2876.jpg,1,1,True,0.00015155582514125854,0.9998483657836914
/content/Dataset/Test/Real/real_2877.jpg,1,0,False,0.9773717522621155,0.022628208622336388
/content/Dataset/Test/Real/real_2878.jpg,1,1,True,6.917868449818343e-05,0.9999308586120605
/content/Dataset/Test/Real/real_2879.jpg,1,1,True,0.00011773448932217434,0.9998822212219238
/content/Dataset/Test/Real/real_288.jpg,1,1,True,0.000128102459711954,0.9998718500137329
/content/Dataset/Test/Real/real_2880.jpg,1,1,True,2.3172049623099156e-05,0.9999768733978271
/content/Dataset/Test/Real/real_2881.jpg,1,1,True,0.008343365043401718,0.9916566610336304
/content/Dataset/Test/Real/real_2882.jpg,1,1,True,3.966153599321842e-05,0.9999603033065796
/content/Dataset/Test/Real/real_2883.jpg,1,1,True,5.49472460988909e-05,0.9999450445175171
/content/Dataset/Test/Real/real_2884.jpg,1,0,False,0.999933123588562,6.688399298582226e-05
/content/Dataset/Test/Real/real_2885.jpg,1,1,True,7.571831520181149e-05,0.9999243021011353
/content/Dataset/Test/Real/real_2886.jpg,1,1,True,0.00013533922901842743,0.9998646974563599
/content/Dataset/Test/Real/real_2887.jpg,1,1,True,2.1703897800762206e-05,0.9999783039093018
/content/Dataset/Test/Real/real_2888.jpg,1,1,True,5.423084076028317e-05,0.9999457597732544
/content/Dataset/Test/Real/real_2889.jpg,1,1,True,0.00014976185047999024,0.9998502731323242
/content/Dataset/Test/Real/real_289.jpg,1,1,True,4.175364665570669e-05,0.9999582767486572
/content/Dataset/Test/Real/real_2890.jpg,1,1,True,6.266954733291641e-05,0.9999372959136963
/content/Dataset/Test/Real/real_2891.jpg,1,1,True,2.076935925288126e-05,0.9999792575836182
/content/Dataset/Test/Real/real_2892.jpg,1,1,True,0.0055923317559063435,0.9944076538085938
/content/Dataset/Test/Real/real_2893.jpg,1,1,True,2.175871304643806e-05,0.9999781847000122
/content/Dataset/Test/Real/real_2894.jpg,1,1,True,4.584764246828854e-05,0.999954104423523
/content/Dataset/Test/Real/real_2895.jpg,1,1,True,2.2497591999126598e-05,0.9999774694442749
/content/Dataset/Test/Real/real_2896.jpg,1,1,True,5.9490448620636016e-05,0.9999405145645142
/content/Dataset/Test/Real/real_2897.jpg,1,1,True,2.303847941220738e-05,0.9999769926071167
/content/Dataset/Test/Real/real_2898.jpg,1,1,True,2.4131844838848338e-05,0.9999759197235107
/content/Dataset/Test/Real/real_2899.jpg,1,1,True,0.00021839964028913528,0.9997816681861877
/content/Dataset/Test/Real/real_29.jpg,1,1,True,0.1647931933403015,0.8352067470550537
/content/Dataset/Test/Real/real_290.jpg,1,0,False,0.9993675351142883,0.000632530776783824
/content/Dataset/Test/Real/real_2900.jpg,1,1,True,0.016097653657197952,0.9839023947715759
/content/Dataset/Test/Real/real_2901.jpg,1,1,True,2.495475928299129e-05,0.9999750852584839
/content/Dataset/Test/Real/real_2902.jpg,1,1,True,0.00010388976807007566,0.9998960494995117
/content/Dataset/Test/Real/real_2903.jpg,1,0,False,0.9998881816864014,0.00011180800356669351
/content/Dataset/Test/Real/real_2904.jpg,1,1,True,0.16896846890449524,0.8310315012931824
/content/Dataset/Test/Real/real_2905.jpg,1,1,True,2.100916753988713e-05,0.9999790191650391
/content/Dataset/Test/Real/real_2906.jpg,1,0,False,0.999600350856781,0.0003997150342911482
/content/Dataset/Test/Real/real_2907.jpg,1,1,True,2.2234984498936683e-05,0.999977707862854
/content/Dataset/Test/Real/real_2908.jpg,1,1,True,0.2961038649082184,0.703896164894104
/content/Dataset/Test/Real/real_2909.jpg,1,1,True,9.17200741241686e-05,0.9999083280563354
/content/Dataset/Test/Real/real_291.jpg,1,1,True,7.354532135650516e-05,0.9999264478683472
/content/Dataset/Test/Real/real_2910.jpg,1,1,True,9.518935257801786e-05,0.9999047517776489
/content/Dataset/Test/Real/real_2911.jpg,1,1,True,2.2996022380539216e-05,0.9999769926071167
/content/Dataset/Test/Real/real_2912.jpg,1,1,True,8.803000673651695e-05,0.999911904335022
/content/Dataset/Test/Real/real_2913.jpg,1,1,True,0.00018812432244885713,0.9998119473457336
/content/Dataset/Test/Real/real_2914.jpg,1,1,True,3.780796760111116e-05,0.9999622106552124
/content/Dataset/Test/Real/real_2915.jpg,1,1,True,2.036945807049051e-05,0.9999796152114868
/content/Dataset/Test/Real/real_2916.jpg,1,1,True,2.9415708922897466e-05,0.999970555305481
/content/Dataset/Test/Real/real_2917.jpg,1,1,True,3.305765494587831e-05,0.9999669790267944
/content/Dataset/Test/Real/real_2918.jpg,1,1,True,2.3213031454361044e-05,0.9999767541885376
/content/Dataset/Test/Real/real_2919.jpg,1,1,True,0.00016531274013686925,0.9998346567153931
/content/Dataset/Test/Real/real_292.jpg,1,0,False,0.7060964703559875,0.29390355944633484
/content/Dataset/Test/Real/real_2920.jpg,1,1,True,0.03597700223326683,0.9640229940414429
/content/Dataset/Test/Real/real_2921.jpg,1,1,True,0.45683401823043823,0.5431659817695618
/content/Dataset/Test/Real/real_2922.jpg,1,1,True,2.5105879103648476e-05,0.9999748468399048
/content/Dataset/Test/Real/real_2923.jpg,1,1,True,2.4015860617510043e-05,0.9999760389328003
/content/Dataset/Test/Real/real_2924.jpg,1,1,True,0.004211620427668095,0.9957883954048157
/content/Dataset/Test/Real/real_2925.jpg,1,1,True,0.004548116587102413,0.9954518675804138
/content/Dataset/Test/Real/real_2926.jpg,1,0,False,0.7859800457954407,0.21401996910572052
/content/Dataset/Test/Real/real_2927.jpg,1,1,True,0.00010161945829167962,0.9998983144760132
/content/Dataset/Test/Real/real_2928.jpg,1,1,True,2.8570641006808728e-05,0.9999713897705078
/content/Dataset/Test/Real/real_2929.jpg,1,1,True,2.9679225917789154e-05,0.9999703168869019
/content/Dataset/Test/Real/real_293.jpg,1,0,False,0.9999376535415649,6.233136809896678e-05
/content/Dataset/Test/Real/real_2930.jpg,1,1,True,2.535452222218737e-05,0.9999746084213257
/content/Dataset/Test/Real/real_2931.jpg,1,1,True,2.4661350835231133e-05,0.999975323677063
/content/Dataset/Test/Real/real_2932.jpg,1,1,True,0.13585403561592102,0.8641459941864014
/content/Dataset/Test/Real/real_2933.jpg,1,1,True,6.0541668062796816e-05,0.9999394416809082
/content/Dataset/Test/Real/real_2934.jpg,1,1,True,0.00010255967936245725,0.9998974800109863
/content/Dataset/Test/Real/real_2935.jpg,1,1,True,0.00011275081487838179,0.999887228012085
/content/Dataset/Test/Real/real_2936.jpg,1,1,True,2.5654073397163302e-05,0.9999743700027466
/content/Dataset/Test/Real/real_2937.jpg,1,1,True,7.341463788179681e-05,0.9999265670776367
/content/Dataset/Test/Real/real_2938.jpg,1,1,True,2.0763258362421766e-05,0.9999792575836182
/content/Dataset/Test/Real/real_2939.jpg,1,1,True,0.0007946505211293697,0.9992054104804993
/content/Dataset/Test/Real/real_294.jpg,1,1,True,0.0002643880434334278,0.9997356534004211
/content/Dataset/Test/Real/real_2940.jpg,1,1,True,3.204567838110961e-05,0.9999679327011108
/content/Dataset/Test/Real/real_2941.jpg,1,1,True,0.018331950530409813,0.9816680550575256
/content/Dataset/Test/Real/real_2942.jpg,1,1,True,0.000522645830642432,0.9994773268699646
/content/Dataset/Test/Real/real_2943.jpg,1,1,True,0.00017545121954753995,0.999824583530426
/content/Dataset/Test/Real/real_2944.jpg,1,1,True,5.5558342864969745e-05,0.9999444484710693
/content/Dataset/Test/Real/real_2945.jpg,1,1,True,2.3766244339640252e-05,0.9999762773513794
/content/Dataset/Test/Real/real_2946.jpg,1,1,True,0.00015416157839354128,0.9998458623886108
/content/Dataset/Test/Real/real_2947.jpg,1,1,True,3.5931960155721754e-05,0.9999641180038452
/content/Dataset/Test/Real/real_2948.jpg,1,1,True,2.539265733503271e-05,0.9999746084213257
/content/Dataset/Test/Real/real_2949.jpg,1,1,True,2.5782170268939808e-05,0.999974250793457
/content/Dataset/Test/Real/real_295.jpg,1,1,True,3.0828319722786546e-05,0.9999691247940063
/content/Dataset/Test/Real/real_2950.jpg,1,1,True,0.00038994240458123386,0.9996101260185242
/content/Dataset/Test/Real/real_2951.jpg,1,1,True,0.00014163889863993973,0.9998583793640137
/content/Dataset/Test/Real/real_2952.jpg,1,0,False,0.9999494552612305,5.054200300946832e-05
/content/Dataset/Test/Real/real_2953.jpg,1,1,True,2.2704094590153545e-05,0.9999773502349854
/content/Dataset/Test/Real/real_2954.jpg,1,0,False,0.9787124395370483,0.02128753997385502
/content/Dataset/Test/Real/real_2955.jpg,1,0,False,0.7639518976211548,0.23604810237884521
/content/Dataset/Test/Real/real_2956.jpg,1,1,True,0.4857672154903412,0.5142328143119812
/content/Dataset/Test/Real/real_2957.jpg,1,1,True,2.2616830392507836e-05,0.9999773502349854
/content/Dataset/Test/Real/real_2958.jpg,1,1,True,2.240321737190243e-05,0.9999775886535645
/content/Dataset/Test/Real/real_2959.jpg,1,1,True,2.123865306202788e-05,0.99997878074646
/content/Dataset/Test/Real/real_296.jpg,1,1,True,0.00013278212281875312,0.9998672008514404
/content/Dataset/Test/Real/real_2960.jpg,1,1,True,5.381910523283295e-05,0.9999462366104126
/content/Dataset/Test/Real/real_2961.jpg,1,1,True,3.778529571718536e-05,0.9999622106552124
/content/Dataset/Test/Real/real_2962.jpg,1,1,True,2.2337277187034488e-05,0.999977707862854
/content/Dataset/Test/Real/real_2963.jpg,1,1,True,0.15724213421344757,0.8427578806877136
/content/Dataset/Test/Real/real_2964.jpg,1,1,True,0.00016302979202009737,0.9998369216918945
/content/Dataset/Test/Real/real_2965.jpg,1,1,True,0.00010194499918725342,0.9998980760574341
/content/Dataset/Test/Real/real_2966.jpg,1,1,True,2.148097519238945e-05,0.9999785423278809
/content/Dataset/Test/Real/real_2967.jpg,1,1,True,2.734534427872859e-05,0.9999727010726929
/content/Dataset/Test/Real/real_2968.jpg,1,1,True,0.0015542657347396016,0.9984458088874817
/content/Dataset/Test/Real/real_2969.jpg,1,1,True,0.0011180710280314088,0.9988818764686584
/content/Dataset/Test/Real/real_297.jpg,1,1,True,2.3575988961965777e-05,0.999976396560669
/content/Dataset/Test/Real/real_2970.jpg,1,0,False,0.9988056421279907,0.0011943443678319454
/content/Dataset/Test/Real/real_2971.jpg,1,1,True,0.0010131163289770484,0.9989868998527527
/content/Dataset/Test/Real/real_2972.jpg,1,1,True,8.866176358424127e-05,0.9999113082885742
/content/Dataset/Test/Real/real_2973.jpg,1,1,True,0.0002896210935432464,0.9997103810310364
/content/Dataset/Test/Real/real_2974.jpg,1,1,True,0.00013288762420415878,0.9998670816421509
/content/Dataset/Test/Real/real_2975.jpg,1,1,True,2.3075834178598598e-05,0.9999768733978271
/content/Dataset/Test/Real/real_2976.jpg,1,1,True,2.22678754653316e-05,0.999977707862854
/content/Dataset/Test/Real/real_2977.jpg,1,1,True,2.9990942493896e-05,0.9999699592590332
/content/Dataset/Test/Real/real_2978.jpg,1,0,False,0.9953331351280212,0.004666807595640421
/content/Dataset/Test/Real/real_2979.jpg,1,0,False,0.9998592138290405,0.00014080923574510962
/content/Dataset/Test/Real/real_298.jpg,1,1,True,2.530152960389387e-05,0.9999747276306152
/content/Dataset/Test/Real/real_2980.jpg,1,1,True,2.3024815163807943e-05,0.9999769926071167
/content/Dataset/Test/Real/real_2981.jpg,1,1,True,8.540072303730994e-05,0.9999146461486816
/content/Dataset/Test/Real/real_2982.jpg,1,1,True,0.0008656501886434853,0.999134361743927
/content/Dataset/Test/Real/real_2983.jpg,1,1,True,4.233642539475113e-05,0.9999576807022095
/content/Dataset/Test/Real/real_2984.jpg,1,1,True,0.00025683423154987395,0.9997431635856628
/content/Dataset/Test/Real/real_2985.jpg,1,1,True,2.7163066988578066e-05,0.9999728202819824
/content/Dataset/Test/Real/real_2986.jpg,1,1,True,0.006955908611416817,0.9930440783500671
/content/Dataset/Test/Real/real_2987.jpg,1,1,True,2.4443927031825297e-05,0.9999755620956421
/content/Dataset/Test/Real/real_2988.jpg,1,1,True,4.083090243511833e-05,0.9999591112136841
/content/Dataset/Test/Real/real_2989.jpg,1,1,True,0.014349617063999176,0.985650360584259
/content/Dataset/Test/Real/real_299.jpg,1,1,True,2.259070606669411e-05,0.9999773502349854
/content/Dataset/Test/Real/real_2990.jpg,1,1,True,2.2664291464025155e-05,0.9999773502349854
/content/Dataset/Test/Real/real_2991.jpg,1,1,True,2.9134022042853758e-05,0.9999709129333496
/content/Dataset/Test/Real/real_2992.jpg,1,1,True,3.510581882437691e-05,0.9999649524688721
/content/Dataset/Test/Real/real_2993.jpg,1,1,True,4.348086440586485e-05,0.999956488609314
/content/Dataset/Test/Real/real_2994.jpg,1,1,True,6.132331327535212e-05,0.9999387264251709
/content/Dataset/Test/Real/real_2995.jpg,1,1,True,0.0007299504359252751,0.9992700219154358
/content/Dataset/Test/Real/real_2996.jpg,1,1,True,2.3219387003337033e-05,0.9999767541885376
/content/Dataset/Test/Real/real_2997.jpg,1,1,True,2.3645025066798553e-05,0.999976396560669
/content/Dataset/Test/Real/real_2998.jpg,1,1,True,2.4696939362911507e-05,0.999975323677063
/content/Dataset/Test/Real/real_2999.jpg,1,1,True,3.3668991818558425e-05,0.9999663829803467
/content/Dataset/Test/Real/real_3.jpg,1,0,False,0.7575101852416992,0.2424897849559784
/content/Dataset/Test/Real/real_30.jpg,1,0,False,0.999958872795105,4.116302807233296e-05
/content/Dataset/Test/Real/real_300.jpg,1,1,True,2.3389960915665142e-05,0.999976634979248
/content/Dataset/Test/Real/real_3000.jpg,1,1,True,2.1170224499655887e-05,0.99997878074646
/content/Dataset/Test/Real/real_3001.jpg,1,1,True,2.252855119877495e-05,0.9999774694442749
/content/Dataset/Test/Real/real_3002.jpg,1,1,True,2.1930140064796433e-05,0.9999780654907227
/content/Dataset/Test/Real/real_3003.jpg,1,1,True,4.8710724513512105e-05,0.9999512434005737
/content/Dataset/Test/Real/real_3004.jpg,1,1,True,2.0947467419318855e-05,0.9999790191650391
/content/Dataset/Test/Real/real_3005.jpg,1,1,True,3.956174259656109e-05,0.9999604225158691
/content/Dataset/Test/Real/real_3006.jpg,1,1,True,0.0002604098117444664,0.9997395873069763
/content/Dataset/Test/Real/real_3007.jpg,1,0,False,0.998665452003479,0.001334529253654182
/content/Dataset/Test/Real/real_3008.jpg,1,1,True,0.00048141059232875705,0.999518632888794
/content/Dataset/Test/Real/real_3009.jpg,1,1,True,2.4648374164826237e-05,0.999975323677063
/content/Dataset/Test/Real/real_301.jpg,1,1,True,2.1229987396509387e-05,0.99997878074646
/content/Dataset/Test/Real/real_3010.jpg,1,1,True,2.4374094209633768e-05,0.9999756813049316
/content/Dataset/Test/Real/real_3011.jpg,1,1,True,0.00021837654639966786,0.9997816681861877
/content/Dataset/Test/Real/real_3012.jpg,1,1,True,2.9557713787653483e-05,0.9999704360961914
/content/Dataset/Test/Real/real_3013.jpg,1,1,True,4.622863343684003e-05,0.9999537467956543
/content/Dataset/Test/Real/real_3014.jpg,1,1,True,2.5576608095434494e-05,0.9999743700027466
/content/Dataset/Test/Real/real_3015.jpg,1,1,True,0.11729058623313904,0.8827093839645386
/content/Dataset/Test/Real/real_3016.jpg,1,0,False,0.9999591112136841,4.092344897799194e-05
/content/Dataset/Test/Real/real_3017.jpg,1,1,True,4.982820973964408e-05,0.9999501705169678
/content/Dataset/Test/Real/real_3018.jpg,1,1,True,2.9553768399637192e-05,0.9999704360961914
/content/Dataset/Test/Real/real_3019.jpg,1,1,True,0.004445474594831467,0.995554506778717
/content/Dataset/Test/Real/real_302.jpg,1,1,True,6.618467887165025e-05,0.9999338388442993
/content/Dataset/Test/Real/real_3020.jpg,1,1,True,0.0002424724807497114,0.9997575879096985
/content/Dataset/Test/Real/real_3021.jpg,1,1,True,0.0002240294124931097,0.9997759461402893
/content/Dataset/Test/Real/real_3022.jpg,1,0,False,0.9999319314956665,6.811325147282332e-05
/content/Dataset/Test/Real/real_3023.jpg,1,0,False,0.9997023940086365,0.0002976135292556137
/content/Dataset/Test/Real/real_3024.jpg,1,1,True,0.0002316616737516597,0.9997683167457581
/content/Dataset/Test/Real/real_3025.jpg,1,0,False,0.9999281167984009,7.192786870291457e-05
/content/Dataset/Test/Real/real_3026.jpg,1,1,True,2.8090928026358597e-05,0.999971866607666
/content/Dataset/Test/Real/real_3027.jpg,1,1,True,2.6763027562992647e-05,0.9999731779098511
/content/Dataset/Test/Real/real_3028.jpg,1,1,True,3.875841139233671e-05,0.999961256980896
/content/Dataset/Test/Real/real_3029.jpg,1,1,True,2.195604429289233e-05,0.9999780654907227
/content/Dataset/Test/Real/real_303.jpg,1,1,True,2.3086508008418605e-05,0.9999768733978271
/content/Dataset/Test/Real/real_3030.jpg,1,1,True,2.019162093347404e-05,0.9999798536300659
/content/Dataset/Test/Real/real_3031.jpg,1,0,False,0.9999650716781616,3.4959884942509234e-05
/content/Dataset/Test/Real/real_3032.jpg,1,1,True,6.633139855694026e-05,0.9999337196350098
/content/Dataset/Test/Real/real_3033.jpg,1,1,True,2.4670031052664854e-05,0.999975323677063
/content/Dataset/Test/Real/real_3034.jpg,1,1,True,5.546729516936466e-05,0.9999445676803589
/content/Dataset/Test/Real/real_3035.jpg,1,1,True,0.004425378981977701,0.9955745935440063
/content/Dataset/Test/Real/real_3036.jpg,1,1,True,3.257713979110122e-05,0.9999674558639526
/content/Dataset/Test/Real/real_3037.jpg,1,1,True,2.2426347641157918e-05,0.9999775886535645
/content/Dataset/Test/Real/real_3038.jpg,1,1,True,2.115101415256504e-05,0.9999788999557495
/content/Dataset/Test/Real/real_3039.jpg,1,1,True,6.045415284461342e-05,0.9999395608901978
/content/Dataset/Test/Real/real_304.jpg,1,1,True,5.8228990383213386e-05,0.9999418258666992
/content/Dataset/Test/Real/real_3040.jpg,1,1,True,4.360061575425789e-05,0.9999563694000244
/content/Dataset/Test/Real/real_3041.jpg,1,0,False,0.9800007939338684,0.01999921351671219
/content/Dataset/Test/Real/real_3042.jpg,1,1,True,8.022413385333493e-05,0.9999197721481323
/content/Dataset/Test/Real/real_3043.jpg,1,0,False,0.9966388940811157,0.0033610379323363304
/content/Dataset/Test/Real/real_3044.jpg,1,1,True,2.131451947207097e-05,0.9999786615371704
/content/Dataset/Test/Real/real_3045.jpg,1,1,True,2.379150282649789e-05,0.9999761581420898
/content/Dataset/Test/Real/real_3046.jpg,1,1,True,0.00034560984931886196,0.9996544122695923
/content/Dataset/Test/Real/real_3047.jpg,1,1,True,8.844500553095713e-05,0.9999115467071533
/content/Dataset/Test/Real/real_3048.jpg,1,1,True,2.1520976588362828e-05,0.9999784231185913
/content/Dataset/Test/Real/real_3049.jpg,1,1,True,0.00011884076229762286,0.9998811483383179
/content/Dataset/Test/Real/real_305.jpg,1,1,True,2.2893664208822884e-05,0.9999771118164062
/content/Dataset/Test/Real/real_3050.jpg,1,1,True,0.00031119861523620784,0.9996888637542725
/content/Dataset/Test/Real/real_3051.jpg,1,1,True,0.27693718671798706,0.7230628728866577
/content/Dataset/Test/Real/real_3052.jpg,1,0,False,0.8826977610588074,0.11730217933654785
/content/Dataset/Test/Real/real_3053.jpg,1,1,True,0.0043657259084284306,0.9956342577934265
/content/Dataset/Test/Real/real_3054.jpg,1,1,True,0.10694746673107147,0.8930525779724121
/content/Dataset/Test/Real/real_3055.jpg,1,1,True,2.0931771359755658e-05,0.9999790191650391
/content/Dataset/Test/Real/real_3056.jpg,1,1,True,9.36523501877673e-05,0.9999063014984131
/content/Dataset/Test/Real/real_3057.jpg,1,1,True,2.2315560272545554e-05,0.999977707862854
/content/Dataset/Test/Real/real_3058.jpg,1,1,True,0.0013031121343374252,0.9986968636512756
/content/Dataset/Test/Real/real_3059.jpg,1,1,True,0.09289703518152237,0.9071030020713806
/content/Dataset/Test/Real/real_306.jpg,1,1,True,2.162303644581698e-05,0.9999784231185913
/content/Dataset/Test/Real/real_3060.jpg,1,1,True,3.883421959471889e-05,0.9999611377716064
/content/Dataset/Test/Real/real_3061.jpg,1,1,True,0.0004588995943777263,0.999541163444519
/content/Dataset/Test/Real/real_3062.jpg,1,1,True,2.519527515687514e-05,0.9999748468399048
/content/Dataset/Test/Real/real_3063.jpg,1,0,False,0.6553700566291809,0.3446299731731415
/content/Dataset/Test/Real/real_3064.jpg,1,1,True,0.00043872359674423933,0.9995612502098083
/content/Dataset/Test/Real/real_3065.jpg,1,1,True,0.00021433380607049912,0.9997857213020325
/content/Dataset/Test/Real/real_3066.jpg,1,0,False,0.6140538454055786,0.3859461843967438
/content/Dataset/Test/Real/real_3067.jpg,1,1,True,3.760186518775299e-05,0.9999624490737915
/content/Dataset/Test/Real/real_3068.jpg,1,1,True,0.00018343827105127275,0.9998165965080261
/content/Dataset/Test/Real/real_3069.jpg,1,1,True,4.3532145355129614e-05,0.999956488609314
/content/Dataset/Test/Real/real_307.jpg,1,1,True,3.6615649150917307e-05,0.9999634027481079
/content/Dataset/Test/Real/real_3070.jpg,1,1,True,2.963527185784187e-05,0.9999703168869019
/content/Dataset/Test/Real/real_3071.jpg,1,1,True,4.8186571802943945e-05,0.9999518394470215
/content/Dataset/Test/Real/real_3072.jpg,1,1,True,5.670417158398777e-05,0.9999432563781738
/content/Dataset/Test/Real/real_3073.jpg,1,1,True,3.2994881621561944e-05,0.9999669790267944
/content/Dataset/Test/Real/real_3074.jpg,1,1,True,3.087530785705894e-05,0.9999691247940063
/content/Dataset/Test/Real/real_3075.jpg,1,1,True,2.1603043933282606e-05,0.9999784231185913
/content/Dataset/Test/Real/real_3076.jpg,1,1,True,2.658126686583273e-05,0.9999734163284302
/content/Dataset/Test/Real/real_3077.jpg,1,1,True,2.9264534532558173e-05,0.9999707937240601
/content/Dataset/Test/Real/real_3078.jpg,1,1,True,3.171178832417354e-05,0.9999682903289795
/content/Dataset/Test/Real/real_3079.jpg,1,1,True,2.5551085855113342e-05,0.9999744892120361
/content/Dataset/Test/Real/real_308.jpg,1,1,True,2.2007863663020544e-05,0.9999779462814331
/content/Dataset/Test/Real/real_3080.jpg,1,1,True,0.0004575577040668577,0.9995424747467041
/content/Dataset/Test/Real/real_3081.jpg,1,1,True,2.6946421712636948e-05,0.9999730587005615
/content/Dataset/Test/Real/real_3082.jpg,1,1,True,0.0004404261417221278,0.9995595812797546
/content/Dataset/Test/Real/real_3083.jpg,1,1,True,2.3002910893410444e-05,0.9999769926071167
/content/Dataset/Test/Real/real_3084.jpg,1,1,True,2.4317165298270993e-05,0.9999756813049316
/content/Dataset/Test/Real/real_3085.jpg,1,1,True,0.0049187494441866875,0.9950813055038452
/content/Dataset/Test/Real/real_3086.jpg,1,0,False,0.9977854490280151,0.0022145758848637342
/content/Dataset/Test/Real/real_3087.jpg,1,1,True,2.143419442290906e-05,0.9999785423278809
/content/Dataset/Test/Real/real_3088.jpg,1,1,True,0.0003239336365368217,0.9996761083602905
/content/Dataset/Test/Real/real_3089.jpg,1,1,True,3.1712996133137494e-05,0.9999682903289795
/content/Dataset/Test/Real/real_309.jpg,1,1,True,3.1657244107918814e-05,0.9999682903289795
/content/Dataset/Test/Real/real_3090.jpg,1,1,True,0.00019185598648618907,0.999808132648468
/content/Dataset/Test/Real/real_3091.jpg,1,1,True,6.466339982580394e-05,0.9999353885650635
/content/Dataset/Test/Real/real_3092.jpg,1,1,True,0.00013170321471989155,0.9998682737350464
/content/Dataset/Test/Real/real_3093.jpg,1,1,True,6.809350452385843e-05,0.9999319314956665
/content/Dataset/Test/Real/real_3094.jpg,1,1,True,5.711276753572747e-05,0.9999428987503052
/content/Dataset/Test/Real/real_3095.jpg,1,1,True,3.971278783865273e-05,0.9999603033065796
/content/Dataset/Test/Real/real_3096.jpg,1,1,True,2.1774341803393327e-05,0.9999781847000122
/content/Dataset/Test/Real/real_3097.jpg,1,1,True,0.02765488624572754,0.9723451137542725
/content/Dataset/Test/Real/real_3098.jpg,1,1,True,0.0005158725543878973,0.9994840621948242
/content/Dataset/Test/Real/real_3099.jpg,1,1,True,0.00013428997772280127,0.9998656511306763
/content/Dataset/Test/Real/real_31.jpg,1,0,False,0.998794674873352,0.0012053204700350761
/content/Dataset/Test/Real/real_310.jpg,1,1,True,2.5325598471681587e-05,0.9999747276306152
/content/Dataset/Test/Real/real_3100.jpg,1,1,True,0.00013151248276699334,0.9998685121536255
/content/Dataset/Test/Real/real_3101.jpg,1,1,True,0.00032074321643449366,0.9996793270111084
/content/Dataset/Test/Real/real_3102.jpg,1,1,True,0.00025195046328008175,0.9997480511665344
/content/Dataset/Test/Real/real_3103.jpg,1,1,True,0.0001796641299733892,0.9998204112052917
/content/Dataset/Test/Real/real_3104.jpg,1,1,True,0.00011062646808568388,0.9998893737792969
/content/Dataset/Test/Real/real_3105.jpg,1,1,True,3.2760824979050085e-05,0.9999672174453735
/content/Dataset/Test/Real/real_3106.jpg,1,1,True,2.432978362776339e-05,0.9999756813049316
/content/Dataset/Test/Real/real_3107.jpg,1,1,True,2.8873691917397082e-05,0.9999711513519287
/content/Dataset/Test/Real/real_3108.jpg,1,1,True,0.0007532337331213057,0.9992468357086182
/content/Dataset/Test/Real/real_3109.jpg,1,1,True,0.0002008765732171014,0.9997991919517517
/content/Dataset/Test/Real/real_311.jpg,1,1,True,0.2966299057006836,0.7033700942993164
/content/Dataset/Test/Real/real_3110.jpg,1,0,False,0.9778202176094055,0.022179797291755676
/content/Dataset/Test/Real/real_3111.jpg,1,1,True,2.0923847841913812e-05,0.9999790191650391
/content/Dataset/Test/Real/real_3112.jpg,1,1,True,0.00012531001993920654,0.9998747110366821
/content/Dataset/Test/Real/real_3113.jpg,1,1,True,2.4559070880059153e-05,0.9999754428863525
/content/Dataset/Test/Real/real_3114.jpg,1,1,True,2.3559088731417432e-05,0.999976396560669
/content/Dataset/Test/Real/real_3115.jpg,1,1,True,0.000375038682250306,0.9996249675750732
/content/Dataset/Test/Real/real_3116.jpg,1,1,True,2.2365988115780056e-05,0.9999775886535645
/content/Dataset/Test/Real/real_3117.jpg,1,1,True,0.000201944523723796,0.9997981190681458
/content/Dataset/Test/Real/real_3118.jpg,1,0,False,0.996265709400177,0.0037342740688472986
/content/Dataset/Test/Real/real_3119.jpg,1,1,True,2.7376076104701497e-05,0.9999725818634033
/content/Dataset/Test/Real/real_312.jpg,1,1,True,5.464323839987628e-05,0.9999454021453857
/content/Dataset/Test/Real/real_3120.jpg,1,1,True,0.0017150897765532136,0.9982848763465881
/content/Dataset/Test/Real/real_3121.jpg,1,1,True,0.28538766503334045,0.7146123051643372
/content/Dataset/Test/Real/real_3122.jpg,1,0,False,0.9999240636825562,7.596957584610209e-05
/content/Dataset/Test/Real/real_3123.jpg,1,1,True,0.00010294847015757114,0.9998970031738281
/content/Dataset/Test/Real/real_3124.jpg,1,1,True,0.0016028671525418758,0.998397171497345
/content/Dataset/Test/Real/real_3125.jpg,1,1,True,0.0006544015486724675,0.999345600605011
/content/Dataset/Test/Real/real_3126.jpg,1,1,True,0.0003164179215673357,0.9996836185455322
/content/Dataset/Test/Real/real_3127.jpg,1,0,False,0.999908447265625,9.148588287644088e-05
/content/Dataset/Test/Real/real_3128.jpg,1,1,True,3.679672227008268e-05,0.9999631643295288
/content/Dataset/Test/Real/real_3129.jpg,1,1,True,2.5389050279045478e-05,0.9999746084213257
/content/Dataset/Test/Real/real_313.jpg,1,0,False,0.9137725234031677,0.08622752875089645
/content/Dataset/Test/Real/real_3130.jpg,1,1,True,0.0002213283587479964,0.999778687953949
/content/Dataset/Test/Real/real_3131.jpg,1,1,True,2.3357839381787926e-05,0.999976634979248
/content/Dataset/Test/Real/real_3132.jpg,1,1,True,2.265631701448001e-05,0.9999773502349854
/content/Dataset/Test/Real/real_3133.jpg,1,1,True,0.00020863109966740012,0.9997914433479309
/content/Dataset/Test/Real/real_3134.jpg,1,1,True,7.24127166904509e-05,0.9999276399612427
/content/Dataset/Test/Real/real_3135.jpg,1,1,True,5.054985740571283e-05,0.9999494552612305
/content/Dataset/Test/Real/real_3136.jpg,1,1,True,0.03199906647205353,0.9680009484291077
/content/Dataset/Test/Real/real_3137.jpg,1,1,True,0.001876538386568427,0.9981234669685364
/content/Dataset/Test/Real/real_3138.jpg,1,1,True,0.0006469057407230139,0.9993531107902527
/content/Dataset/Test/Real/real_3139.jpg,1,1,True,4.719110802398063e-05,0.9999527931213379
/content/Dataset/Test/Real/real_314.jpg,1,1,True,5.1594463002402335e-05,0.9999483823776245
/content/Dataset/Test/Real/real_3140.jpg,1,1,True,2.5384159016539343e-05,0.9999746084213257
/content/Dataset/Test/Real/real_3141.jpg,1,1,True,2.237481930933427e-05,0.9999775886535645
/content/Dataset/Test/Real/real_3142.jpg,1,0,False,0.9995379447937012,0.0004620414401870221
/content/Dataset/Test/Real/real_3143.jpg,1,0,False,0.9998849630355835,0.00011500836990308017
/content/Dataset/Test/Real/real_3144.jpg,1,1,True,0.22605125606060028,0.7739487886428833
/content/Dataset/Test/Real/real_3145.jpg,1,1,True,0.00011190292570972815,0.9998880624771118
/content/Dataset/Test/Real/real_3146.jpg,1,1,True,5.699752728105523e-05,0.9999430179595947
/content/Dataset/Test/Real/real_3147.jpg,1,1,True,0.00011057363008148968,0.9998893737792969
/content/Dataset/Test/Real/real_3148.jpg,1,1,True,0.00022298243129625916,0.9997770190238953
/content/Dataset/Test/Real/real_3149.jpg,1,0,False,0.9986914992332458,0.001308560837060213
/content/Dataset/Test/Real/real_315.jpg,1,1,True,7.686068420298398e-05,0.9999231100082397
/content/Dataset/Test/Real/real_3150.jpg,1,1,True,0.10216546803712845,0.8978345394134521
/content/Dataset/Test/Real/real_3151.jpg,1,1,True,2.232522274425719e-05,0.999977707862854
/content/Dataset/Test/Real/real_3152.jpg,1,1,True,3.741182808880694e-05,0.999962568283081
/content/Dataset/Test/Real/real_3153.jpg,1,1,True,9.70992841757834e-05,0.9999028444290161
/content/Dataset/Test/Real/real_3154.jpg,1,1,True,0.00012035983672831208,0.9998795986175537
/content/Dataset/Test/Real/real_3155.jpg,1,0,False,0.5092687606811523,0.49073126912117004
/content/Dataset/Test/Real/real_3156.jpg,1,1,True,0.44954976439476013,0.5504502058029175
/content/Dataset/Test/Real/real_3157.jpg,1,1,True,3.155630110995844e-05,0.999968409538269
/content/Dataset/Test/Real/real_3158.jpg,1,1,True,3.959472451242618e-05,0.9999604225158691
/content/Dataset/Test/Real/real_3159.jpg,1,1,True,0.0005477159866131842,0.9994522929191589
/content/Dataset/Test/Real/real_316.jpg,1,1,True,9.31651156861335e-05,0.9999067783355713
/content/Dataset/Test/Real/real_3160.jpg,1,1,True,6.642685184488073e-05,0.9999336004257202
/content/Dataset/Test/Real/real_3161.jpg,1,1,True,2.52328045462491e-05,0.9999747276306152
/content/Dataset/Test/Real/real_3162.jpg,1,1,True,4.585717397276312e-05,0.999954104423523
/content/Dataset/Test/Real/real_3163.jpg,1,1,True,4.4147076550871134e-05,0.9999558925628662
/content/Dataset/Test/Real/real_3164.jpg,1,1,True,2.2947673642192967e-05,0.9999769926071167
/content/Dataset/Test/Real/real_3165.jpg,1,1,True,0.15580151975154877,0.8441985249519348
/content/Dataset/Test/Real/real_3166.jpg,1,1,True,2.0674604456871748e-05,0.9999793767929077
/content/Dataset/Test/Real/real_3167.jpg,1,1,True,0.003818359225988388,0.9961817264556885
/content/Dataset/Test/Real/real_3168.jpg,1,1,True,0.00017876457422971725,0.9998212456703186
/content/Dataset/Test/Real/real_3169.jpg,1,1,True,7.034256123006344e-05,0.999929666519165
/content/Dataset/Test/Real/real_317.jpg,1,1,True,3.593507790355943e-05,0.9999641180038452
/content/Dataset/Test/Real/real_3170.jpg,1,1,True,0.0005755432648584247,0.9994244575500488
/content/Dataset/Test/Real/real_3171.jpg,1,1,True,0.00021243294759187847,0.9997876286506653
/content/Dataset/Test/Real/real_3172.jpg,1,1,True,0.0013981661759316921,0.9986018538475037
/content/Dataset/Test/Real/real_3173.jpg,1,1,True,0.0028684702701866627,0.9971314668655396
/content/Dataset/Test/Real/real_3174.jpg,1,0,False,0.9991601705551147,0.0008398243808187544
/content/Dataset/Test/Real/real_3175.jpg,1,1,True,0.0013546491973102093,0.9986453652381897
/content/Dataset/Test/Real/real_3176.jpg,1,1,True,0.2888748347759247,0.7111251950263977
/content/Dataset/Test/Real/real_3177.jpg,1,1,True,0.0026610810309648514,0.9973389506340027
/content/Dataset/Test/Real/real_3178.jpg,1,1,True,3.7291614717105404e-05,0.9999626874923706
/content/Dataset/Test/Real/real_3179.jpg,1,0,False,0.9984316229820251,0.0015684145037084818
/content/Dataset/Test/Real/real_318.jpg,1,1,True,2.0448225768632255e-05,0.9999794960021973
/content/Dataset/Test/Real/real_3180.jpg,1,0,False,0.999933123588562,6.689484143862501e-05
/content/Dataset/Test/Real/real_3181.jpg,1,1,True,2.2268448446993716e-05,0.999977707862854
/content/Dataset/Test/Real/real_3182.jpg,1,1,True,0.008718964643776417,0.9912810921669006
/content/Dataset/Test/Real/real_3183.jpg,1,1,True,0.0012712344760075212,0.9987288117408752
/content/Dataset/Test/Real/real_3184.jpg,1,1,True,2.1911597286816686e-05,0.9999780654907227
/content/Dataset/Test/Real/real_3185.jpg,1,1,True,2.252429840154946e-05,0.9999774694442749
/content/Dataset/Test/Real/real_3186.jpg,1,0,False,0.6206485629081726,0.3793514668941498
/content/Dataset/Test/Real/real_3187.jpg,1,0,False,0.9972326159477234,0.0027673691511154175
/content/Dataset/Test/Real/real_3188.jpg,1,1,True,2.1072775780339725e-05,0.9999788999557495
/content/Dataset/Test/Real/real_3189.jpg,1,1,True,5.8298941439716145e-05,0.9999417066574097
/content/Dataset/Test/Real/real_319.jpg,1,1,True,2.111731555487495e-05,0.9999788999557495
/content/Dataset/Test/Real/real_3190.jpg,1,1,True,2.443476660118904e-05,0.9999755620956421
/content/Dataset/Test/Real/real_3191.jpg,1,1,True,2.8413945983629674e-05,0.9999716281890869
/content/Dataset/Test/Real/real_3192.jpg,1,0,False,0.9998983144760132,0.00010166937863687053
/content/Dataset/Test/Real/real_3193.jpg,1,1,True,0.00011794237798312679,0.9998821020126343
/content/Dataset/Test/Real/real_3194.jpg,1,1,True,0.00011764729424612597,0.9998823404312134
/content/Dataset/Test/Real/real_3195.jpg,1,1,True,3.795543307205662e-05,0.9999620914459229
/content/Dataset/Test/Real/real_3196.jpg,1,1,True,2.2006501239957288e-05,0.9999779462814331
/content/Dataset/Test/Real/real_3197.jpg,1,1,True,2.0819568817387335e-05,0.9999791383743286
/content/Dataset/Test/Real/real_3198.jpg,1,1,True,0.0005552057409659028,0.9994447827339172
/content/Dataset/Test/Real/real_3199.jpg,1,1,True,0.00021979489247314632,0.9997802376747131
/content/Dataset/Test/Real/real_32.jpg,1,0,False,0.9999357461929321,6.424059392884374e-05
/content/Dataset/Test/Real/real_320.jpg,1,1,True,0.00011318298493279144,0.9998867511749268
/content/Dataset/Test/Real/real_3200.jpg,1,1,True,5.482456253957935e-05,0.9999451637268066
/content/Dataset/Test/Real/real_3201.jpg,1,1,True,0.00020801910432055593,0.9997920393943787
/content/Dataset/Test/Real/real_3202.jpg,1,1,True,0.00011826355330413207,0.9998817443847656
/content/Dataset/Test/Real/real_3203.jpg,1,1,True,4.134237315156497e-05,0.9999586343765259
/content/Dataset/Test/Real/real_3204.jpg,1,1,True,2.5616714992793277e-05,0.9999743700027466
/content/Dataset/Test/Real/real_3205.jpg,1,1,True,3.998289321316406e-05,0.9999600648880005
/content/Dataset/Test/Real/real_3206.jpg,1,1,True,2.6673313186620362e-05,0.9999732971191406
/content/Dataset/Test/Real/real_3207.jpg,1,0,False,0.5612324476242065,0.43876758217811584
/content/Dataset/Test/Real/real_3208.jpg,1,1,True,0.0019158425275236368,0.9980841875076294
/content/Dataset/Test/Real/real_3209.jpg,1,1,True,0.001560534117743373,0.9984394907951355
/content/Dataset/Test/Real/real_321.jpg,1,1,True,2.126380604750011e-05,0.99997878074646
/content/Dataset/Test/Real/real_3210.jpg,1,1,True,4.9605758249526843e-05,0.9999504089355469
/content/Dataset/Test/Real/real_3211.jpg,1,1,True,2.165754085581284e-05,0.9999783039093018
/content/Dataset/Test/Real/real_3212.jpg,1,1,True,0.0008554200176149607,0.9991445541381836
/content/Dataset/Test/Real/real_3213.jpg,1,1,True,9.547088120598346e-05,0.9999045133590698
/content/Dataset/Test/Real/real_3214.jpg,1,1,True,0.09339364618062973,0.9066063165664673
/content/Dataset/Test/Real/real_3215.jpg,1,1,True,2.206010503869038e-05,0.9999779462814331
/content/Dataset/Test/Real/real_3216.jpg,1,1,True,2.4108634534059092e-05,0.9999759197235107
/content/Dataset/Test/Real/real_3217.jpg,1,1,True,2.3390273781842552e-05,0.999976634979248
/content/Dataset/Test/Real/real_3218.jpg,1,1,True,2.2575652110390365e-05,0.9999774694442749
/content/Dataset/Test/Real/real_3219.jpg,1,1,True,2.266078990942333e-05,0.9999773502349854
/content/Dataset/Test/Real/real_322.jpg,1,1,True,6.300288805505261e-05,0.9999369382858276
/content/Dataset/Test/Real/real_3220.jpg,1,1,True,2.047298585239332e-05,0.9999794960021973
/content/Dataset/Test/Real/real_3221.jpg,1,1,True,4.941453880746849e-05,0.9999505281448364
/content/Dataset/Test/Real/real_3222.jpg,1,0,False,0.9999631643295288,3.684809780679643e-05
/content/Dataset/Test/Real/real_3223.jpg,1,1,True,0.0006003286689519882,0.9993996620178223
/content/Dataset/Test/Real/real_3224.jpg,1,1,True,4.575888306135312e-05,0.9999542236328125
/content/Dataset/Test/Real/real_3225.jpg,1,1,True,0.2741827964782715,0.7258172631263733
/content/Dataset/Test/Real/real_3226.jpg,1,1,True,0.04056966304779053,0.9594302773475647
/content/Dataset/Test/Real/real_3227.jpg,1,1,True,2.202289761044085e-05,0.9999779462814331
/content/Dataset/Test/Real/real_3228.jpg,1,1,True,2.151024636987131e-05,0.9999785423278809
/content/Dataset/Test/Real/real_3229.jpg,1,1,True,2.5074559744098224e-05,0.9999749660491943
/content/Dataset/Test/Real/real_323.jpg,1,1,True,2.1644904336426407e-05,0.9999783039093018
/content/Dataset/Test/Real/real_3230.jpg,1,1,True,2.309989940840751e-05,0.9999768733978271
/content/Dataset/Test/Real/real_3231.jpg,1,1,True,0.0840848907828331,0.9159150719642639
/content/Dataset/Test/Real/real_3232.jpg,1,0,False,0.6967833042144775,0.30321669578552246
/content/Dataset/Test/Real/real_3233.jpg,1,1,True,9.533496631775051e-05,0.9999046325683594
/content/Dataset/Test/Real/real_3234.jpg,1,1,True,2.1727819330408238e-05,0.9999783039093018
/content/Dataset/Test/Real/real_3235.jpg,1,1,True,2.397903699602466e-05,0.9999760389328003
/content/Dataset/Test/Real/real_3236.jpg,1,1,True,0.0027783738914877176,0.9972215890884399
/content/Dataset/Test/Real/real_3237.jpg,1,1,True,3.2345462386729196e-05,0.9999676942825317
/content/Dataset/Test/Real/real_3238.jpg,1,1,True,2.247280463052448e-05,0.9999774694442749
/content/Dataset/Test/Real/real_3239.jpg,1,1,True,0.00019934365991503,0.9998006224632263
/content/Dataset/Test/Real/real_324.jpg,1,1,True,0.00011472435289761052,0.9998853206634521
/content/Dataset/Test/Real/real_3240.jpg,1,1,True,0.0009471419616602361,0.9990528225898743
/content/Dataset/Test/Real/real_3241.jpg,1,0,False,0.9995908141136169,0.000409186992328614
/content/Dataset/Test/Real/real_3242.jpg,1,1,True,2.169317849620711e-05,0.9999783039093018
/content/Dataset/Test/Real/real_3243.jpg,1,0,False,0.9952812790870667,0.004718666896224022
/content/Dataset/Test/Real/real_3244.jpg,1,1,True,0.0005828788853250444,0.9994171857833862
/content/Dataset/Test/Real/real_3245.jpg,1,0,False,0.9978688955307007,0.002131030196323991
/content/Dataset/Test/Real/real_3246.jpg,1,1,True,0.17101120948791504,0.828988790512085
/content/Dataset/Test/Real/real_3247.jpg,1,1,True,0.0006667359848506749,0.9993332028388977
/content/Dataset/Test/Real/real_3248.jpg,1,1,True,0.00012657797196879983,0.9998733997344971
/content/Dataset/Test/Real/real_3249.jpg,1,1,True,2.954971023427788e-05,0.9999704360961914
/content/Dataset/Test/Real/real_325.jpg,1,1,True,4.027199975098483e-05,0.9999597072601318
/content/Dataset/Test/Real/real_3250.jpg,1,1,True,2.673341441550292e-05,0.9999732971191406
/content/Dataset/Test/Real/real_3251.jpg,1,1,True,2.4311437300639227e-05,0.9999756813049316
/content/Dataset/Test/Real/real_3252.jpg,1,1,True,0.00010436388402013108,0.9998955726623535
/content/Dataset/Test/Real/real_3253.jpg,1,1,True,0.0003096676373388618,0.9996904134750366
/content/Dataset/Test/Real/real_3254.jpg,1,0,False,0.9985103011131287,0.001489731715992093
/content/Dataset/Test/Real/real_3255.jpg,1,0,False,0.9999271631240845,7.27722654119134e-05
/content/Dataset/Test/Real/real_3256.jpg,1,1,True,0.17393550276756287,0.8260644674301147
/content/Dataset/Test/Real/real_3257.jpg,1,1,True,3.093649138463661e-05,0.9999690055847168
/content/Dataset/Test/Real/real_3258.jpg,1,1,True,2.2121997972135432e-05,0.9999778270721436
/content/Dataset/Test/Real/real_3259.jpg,1,1,True,2.237947228422854e-05,0.9999775886535645
/content/Dataset/Test/Real/real_326.jpg,1,0,False,0.9966350197792053,0.003365037264302373
/content/Dataset/Test/Real/real_3260.jpg,1,1,True,0.0007341074524447322,0.9992658495903015
/content/Dataset/Test/Real/real_3261.jpg,1,1,True,2.3104657884687185e-05,0.9999768733978271
/content/Dataset/Test/Real/real_3262.jpg,1,0,False,0.9116053581237793,0.08839467167854309
/content/Dataset/Test/Real/real_3263.jpg,1,1,True,0.0007638823590241373,0.9992361068725586
/content/Dataset/Test/Real/real_3264.jpg,1,1,True,4.490062201512046e-05,0.9999550580978394
/content/Dataset/Test/Real/real_3265.jpg,1,1,True,5.0589114835020155e-05,0.9999494552612305
/content/Dataset/Test/Real/real_3266.jpg,1,1,True,2.4840504920575768e-05,0.9999752044677734
/content/Dataset/Test/Real/real_3267.jpg,1,1,True,3.007010127475951e-05,0.9999699592590332
/content/Dataset/Test/Real/real_3268.jpg,1,1,True,0.0005385659169405699,0.9994614720344543
/content/Dataset/Test/Real/real_3269.jpg,1,1,True,0.04983892664313316,0.9501610398292542
/content/Dataset/Test/Real/real_327.jpg,1,1,True,2.2275988158071414e-05,0.999977707862854
/content/Dataset/Test/Real/real_3270.jpg,1,1,True,0.0022617920767515898,0.997738242149353
/content/Dataset/Test/Real/real_3271.jpg,1,1,True,0.4763794541358948,0.52362060546875
/content/Dataset/Test/Real/real_3272.jpg,1,0,False,0.9973451495170593,0.0026549252215772867
/content/Dataset/Test/Real/real_3273.jpg,1,0,False,0.9999206066131592,7.94364750618115e-05
/content/Dataset/Test/Real/real_3274.jpg,1,0,False,0.5896305441856384,0.4103693962097168
/content/Dataset/Test/Real/real_3275.jpg,1,1,True,0.00013722504081670195,0.999862790107727
/content/Dataset/Test/Real/real_3276.jpg,1,1,True,2.261284134874586e-05,0.9999773502349854
/content/Dataset/Test/Real/real_3277.jpg,1,1,True,6.169288099044934e-05,0.9999382495880127
/content/Dataset/Test/Real/real_3278.jpg,1,1,True,7.064924284350127e-05,0.9999293088912964
/content/Dataset/Test/Real/real_3279.jpg,1,1,True,0.00011390418512746692,0.9998860359191895
/content/Dataset/Test/Real/real_328.jpg,1,1,True,2.2790281946072355e-05,0.9999772310256958
/content/Dataset/Test/Real/real_3280.jpg,1,1,True,3.683685645228252e-05,0.9999631643295288
/content/Dataset/Test/Real/real_3281.jpg,1,1,True,2.4669867343618535e-05,0.999975323677063
/content/Dataset/Test/Real/real_3282.jpg,1,0,False,0.9917505383491516,0.008249476552009583
/content/Dataset/Test/Real/real_3283.jpg,1,0,False,0.7808093428611755,0.21919065713882446
/content/Dataset/Test/Real/real_3284.jpg,1,0,False,0.9998124241828918,0.0001876202441053465
/content/Dataset/Test/Real/real_3285.jpg,1,0,False,0.9999182224273682,8.171771332854405e-05
/content/Dataset/Test/Real/real_3286.jpg,1,1,True,2.099454650306143e-05,0.9999790191650391
/content/Dataset/Test/Real/real_3287.jpg,1,1,True,2.2577482013730332e-05,0.9999774694442749
/content/Dataset/Test/Real/real_3288.jpg,1,1,True,2.2745898604625836e-05,0.9999772310256958
/content/Dataset/Test/Real/real_3289.jpg,1,1,True,2.1793393898406066e-05,0.9999781847000122
/content/Dataset/Test/Real/real_329.jpg,1,1,True,2.172705171687994e-05,0.9999783039093018
/content/Dataset/Test/Real/real_3290.jpg,1,1,True,0.0384162962436676,0.96158367395401
/content/Dataset/Test/Real/real_3291.jpg,1,0,False,0.9999308586120605,6.910614320077002e-05
/content/Dataset/Test/Real/real_3292.jpg,1,0,False,0.9999241828918457,7.581122918054461e-05
/content/Dataset/Test/Real/real_3293.jpg,1,1,True,2.0762268832186237e-05,0.9999792575836182
/content/Dataset/Test/Real/real_3294.jpg,1,1,True,3.6494788218988106e-05,0.9999635219573975
/content/Dataset/Test/Real/real_3295.jpg,1,1,True,4.877589890384115e-05,0.9999512434005737
/content/Dataset/Test/Real/real_3296.jpg,1,1,True,2.5616935090511106e-05,0.9999743700027466
/content/Dataset/Test/Real/real_3297.jpg,1,1,True,4.094105679541826e-05,0.9999591112136841
/content/Dataset/Test/Real/real_3298.jpg,1,1,True,0.006681412924081087,0.9933185577392578
/content/Dataset/Test/Real/real_3299.jpg,1,1,True,8.741626515984535e-05,0.9999126195907593
/content/Dataset/Test/Real/real_33.jpg,1,0,False,0.9998879432678223,0.00011209688091184944
/content/Dataset/Test/Real/real_330.jpg,1,1,True,2.108903936459683e-05,0.9999788999557495
/content/Dataset/Test/Real/real_3300.jpg,1,1,True,3.218748315703124e-05,0.9999678134918213
/content/Dataset/Test/Real/real_3301.jpg,1,1,True,2.114875678671524e-05,0.9999788999557495
/content/Dataset/Test/Real/real_3302.jpg,1,1,True,0.000138347182655707,0.9998615980148315
/content/Dataset/Test/Real/real_3303.jpg,1,1,True,4.897762119071558e-05,0.9999510049819946
/content/Dataset/Test/Real/real_3304.jpg,1,1,True,3.701179230120033e-05,0.9999630451202393
/content/Dataset/Test/Real/real_3305.jpg,1,1,True,0.026006631553173065,0.9739933013916016
/content/Dataset/Test/Real/real_3306.jpg,1,1,True,3.10266696033068e-05,0.9999690055847168
/content/Dataset/Test/Real/real_3307.jpg,1,1,True,2.0853431124123745e-05,0.9999791383743286
/content/Dataset/Test/Real/real_3308.jpg,1,0,False,0.9998258948326111,0.000174105676705949
/content/Dataset/Test/Real/real_3309.jpg,1,1,True,0.00017060124082490802,0.9998294115066528
/content/Dataset/Test/Real/real_331.jpg,1,1,True,5.4606043704552576e-05,0.9999454021453857
/content/Dataset/Test/Real/real_3310.jpg,1,1,True,4.986167550669052e-05,0.9999501705169678
/content/Dataset/Test/Real/real_3311.jpg,1,1,True,2.9998953323229216e-05,0.9999699592590332
/content/Dataset/Test/Real/real_3312.jpg,1,0,False,0.9875434637069702,0.012456508353352547
/content/Dataset/Test/Real/real_3313.jpg,1,1,True,2.2280579287325963e-05,0.999977707862854
/content/Dataset/Test/Real/real_3314.jpg,1,1,True,0.3689168095588684,0.6310831904411316
/content/Dataset/Test/Real/real_3315.jpg,1,0,False,0.5310934782028198,0.4689065217971802
/content/Dataset/Test/Real/real_3316.jpg,1,1,True,2.6621271899784915e-05,0.9999734163284302
/content/Dataset/Test/Real/real_3317.jpg,1,1,True,2.4879644115571864e-05,0.9999750852584839
/content/Dataset/Test/Real/real_3318.jpg,1,1,True,2.545707866374869e-05,0.9999744892120361
/content/Dataset/Test/Real/real_3319.jpg,1,1,True,0.014889512211084366,0.9851105213165283
/content/Dataset/Test/Real/real_332.jpg,1,1,True,0.01585964486002922,0.9841403961181641
/content/Dataset/Test/Real/real_3320.jpg,1,1,True,2.0023357137688436e-05,0.9999799728393555
/content/Dataset/Test/Real/real_3321.jpg,1,1,True,2.170884545193985e-05,0.9999783039093018
/content/Dataset/Test/Real/real_3322.jpg,1,1,True,8.792506559984758e-05,0.9999120235443115
/content/Dataset/Test/Real/real_3323.jpg,1,1,True,3.473590186331421e-05,0.9999653100967407
/content/Dataset/Test/Real/real_3324.jpg,1,0,False,0.751709520816803,0.24829043447971344
/content/Dataset/Test/Real/real_3325.jpg,1,1,True,0.00020013326138723642,0.999799907207489
/content/Dataset/Test/Real/real_3326.jpg,1,1,True,0.000635763572063297,0.9993641972541809
/content/Dataset/Test/Real/real_3327.jpg,1,1,True,2.4064140234258957e-05,0.9999759197235107
/content/Dataset/Test/Real/real_3328.jpg,1,1,True,3.5456367186270654e-05,0.9999645948410034
/content/Dataset/Test/Real/real_3329.jpg,1,1,True,2.2944765078136697e-05,0.9999771118164062
/content/Dataset/Test/Real/real_333.jpg,1,1,True,2.2198692022357136e-05,0.9999778270721436
/content/Dataset/Test/Real/real_3330.jpg,1,1,True,3.218254278181121e-05,0.9999678134918213
/content/Dataset/Test/Real/real_3331.jpg,1,1,True,2.3105119907995686e-05,0.9999768733978271
/content/Dataset/Test/Real/real_3332.jpg,1,1,True,2.5401133825653233e-05,0.9999746084213257
/content/Dataset/Test/Real/real_3333.jpg,1,1,True,0.016802653670310974,0.9831973314285278
/content/Dataset/Test/Real/real_3334.jpg,1,1,True,2.1266787371132523e-05,0.99997878074646
/content/Dataset/Test/Real/real_3335.jpg,1,1,True,2.148771454812959e-05,0.9999785423278809
/content/Dataset/Test/Real/real_3336.jpg,1,1,True,5.682277333107777e-05,0.9999431371688843
/content/Dataset/Test/Real/real_3337.jpg,1,1,True,2.1466188627528027e-05,0.9999785423278809
/content/Dataset/Test/Real/real_3338.jpg,1,1,True,8.60824657138437e-05,0.9999139308929443
/content/Dataset/Test/Real/real_3339.jpg,1,1,True,0.40724414587020874,0.5927558541297913
/content/Dataset/Test/Real/real_334.jpg,1,1,True,2.479957947798539e-05,0.9999752044677734
/content/Dataset/Test/Real/real_3340.jpg,1,1,True,5.0163809646619484e-05,0.9999498128890991
/content/Dataset/Test/Real/real_3341.jpg,1,1,True,2.9108914532116614e-05,0.9999709129333496
/content/Dataset/Test/Real/real_3342.jpg,1,1,True,2.1925621695118025e-05,0.9999780654907227
/content/Dataset/Test/Real/real_3343.jpg,1,1,True,7.127851131372154e-05,0.9999287128448486
/content/Dataset/Test/Real/real_3344.jpg,1,1,True,4.694428571383469e-05,0.999953031539917
/content/Dataset/Test/Real/real_3345.jpg,1,1,True,2.332707299501635e-05,0.999976634979248
/content/Dataset/Test/Real/real_3346.jpg,1,1,True,2.0777877580258064e-05,0.9999792575836182
/content/Dataset/Test/Real/real_3347.jpg,1,1,True,0.00011191636440344155,0.9998880624771118
/content/Dataset/Test/Real/real_3348.jpg,1,0,False,0.9868671894073486,0.013132785446941853
/content/Dataset/Test/Real/real_3349.jpg,1,0,False,0.9999630451202393,3.698250657180324e-05
/content/Dataset/Test/Real/real_335.jpg,1,1,True,0.0005277442396618426,0.9994723200798035
/content/Dataset/Test/Real/real_3350.jpg,1,1,True,0.0001484549284214154,0.9998514652252197
/content/Dataset/Test/Real/real_3351.jpg,1,1,True,0.0022400696761906147,0.9977599382400513
/content/Dataset/Test/Real/real_3352.jpg,1,1,True,2.2865167920826934e-05,0.9999771118164062
/content/Dataset/Test/Real/real_3353.jpg,1,1,True,0.00010970079165417701,0.9998903274536133
/content/Dataset/Test/Real/real_3354.jpg,1,1,True,0.0001725090405670926,0.99982750415802
/content/Dataset/Test/Real/real_3355.jpg,1,0,False,0.584376335144043,0.4156236946582794
/content/Dataset/Test/Real/real_3356.jpg,1,0,False,0.9999279975891113,7.204888970591128e-05
/content/Dataset/Test/Real/real_3357.jpg,1,0,False,0.9998917579650879,0.00010819647286552936
/content/Dataset/Test/Real/real_3358.jpg,1,0,False,0.9998830556869507,0.00011690339306369424
/content/Dataset/Test/Real/real_3359.jpg,1,0,False,0.9999009370803833,9.906143532134593e-05
/content/Dataset/Test/Real/real_336.jpg,1,1,True,8.378340862691402e-05,0.9999161958694458
/content/Dataset/Test/Real/real_3360.jpg,1,0,False,0.8916743397712708,0.10832566767930984
/content/Dataset/Test/Real/real_3361.jpg,1,1,True,0.000870038231369108,0.9991299510002136
/content/Dataset/Test/Real/real_3362.jpg,1,1,True,2.1612688215100206e-05,0.9999784231185913
/content/Dataset/Test/Real/real_3363.jpg,1,1,True,6.907413626322523e-05,0.9999309778213501
/content/Dataset/Test/Real/real_3364.jpg,1,1,True,4.378541052574292e-05,0.9999562501907349
/content/Dataset/Test/Real/real_3365.jpg,1,1,True,2.835934174072463e-05,0.9999716281890869
/content/Dataset/Test/Real/real_3366.jpg,1,0,False,0.9352248907089233,0.06477513909339905
/content/Dataset/Test/Real/real_3367.jpg,1,1,True,0.0001219918267452158,0.9998780488967896
/content/Dataset/Test/Real/real_3368.jpg,1,1,True,5.344085366232321e-05,0.9999465942382812
/content/Dataset/Test/Real/real_3369.jpg,1,1,True,2.576191764092073e-05,0.999974250793457
/content/Dataset/Test/Real/real_337.jpg,1,1,True,2.3711525500402786e-05,0.9999762773513794
/content/Dataset/Test/Real/real_3370.jpg,1,1,True,2.3452879759133793e-05,0.9999765157699585
/content/Dataset/Test/Real/real_3371.jpg,1,1,True,2.5344439563923515e-05,0.9999746084213257
/content/Dataset/Test/Real/real_3372.jpg,1,1,True,6.719225348206237e-05,0.9999327659606934
/content/Dataset/Test/Real/real_3373.jpg,1,1,True,2.1857897081645206e-05,0.9999781847000122
/content/Dataset/Test/Real/real_3374.jpg,1,0,False,0.9999310970306396,6.89410007908009e-05
/content/Dataset/Test/Real/real_3375.jpg,1,0,False,0.9999446868896484,5.5313579650828615e-05
/content/Dataset/Test/Real/real_3376.jpg,1,0,False,0.9994638562202454,0.0005361905205063522
/content/Dataset/Test/Real/real_3377.jpg,1,1,True,2.2683687348035164e-05,0.9999773502349854
/content/Dataset/Test/Real/real_3378.jpg,1,0,False,0.9999662637710571,3.375402229721658e-05
/content/Dataset/Test/Real/real_3379.jpg,1,1,True,0.4831678569316864,0.5168321132659912
/content/Dataset/Test/Real/real_338.jpg,1,1,True,2.1213108993833885e-05,0.99997878074646
/content/Dataset/Test/Real/real_3380.jpg,1,1,True,0.00182666617911309,0.9981733560562134
/content/Dataset/Test/Real/real_3381.jpg,1,1,True,0.19375579059123993,0.8062441945075989
/content/Dataset/Test/Real/real_3382.jpg,1,1,True,0.003261539852246642,0.9967384934425354
/content/Dataset/Test/Real/real_3383.jpg,1,1,True,3.400288915145211e-05,0.999966025352478
/content/Dataset/Test/Real/real_3384.jpg,1,1,True,4.608505332726054e-05,0.9999538660049438
/content/Dataset/Test/Real/real_3385.jpg,1,1,True,0.00010297251719748601,0.9998970031738281
/content/Dataset/Test/Real/real_3386.jpg,1,1,True,0.00012105816858820617,0.9998788833618164
/content/Dataset/Test/Real/real_3387.jpg,1,1,True,2.9883709430578165e-05,0.9999700784683228
/content/Dataset/Test/Real/real_3388.jpg,1,1,True,5.036854054196738e-05,0.99994957447052
/content/Dataset/Test/Real/real_3389.jpg,1,1,True,0.00014571119390893728,0.999854326248169
/content/Dataset/Test/Real/real_339.jpg,1,0,False,0.9998792409896851,0.00012079884618287906
/content/Dataset/Test/Real/real_3390.jpg,1,1,True,2.5086041205213405e-05,0.9999749660491943
/content/Dataset/Test/Real/real_3391.jpg,1,1,True,0.00105355866253376,0.998946487903595
/content/Dataset/Test/Real/real_3392.jpg,1,1,True,2.05931173695717e-05,0.9999793767929077
/content/Dataset/Test/Real/real_3393.jpg,1,1,True,2.728855179157108e-05,0.9999727010726929
/content/Dataset/Test/Real/real_3394.jpg,1,1,True,3.568325701053254e-05,0.9999643564224243
/content/Dataset/Test/Real/real_3395.jpg,1,1,True,3.544754144968465e-05,0.9999645948410034
/content/Dataset/Test/Real/real_3396.jpg,1,0,False,0.5700460076332092,0.42995399236679077
/content/Dataset/Test/Real/real_3397.jpg,1,1,True,9.837031393544748e-05,0.9999016523361206
/content/Dataset/Test/Real/real_3398.jpg,1,1,True,3.853113958030008e-05,0.9999614953994751
/content/Dataset/Test/Real/real_3399.jpg,1,1,True,2.3586200768477283e-05,0.999976396560669
/content/Dataset/Test/Real/real_34.jpg,1,0,False,0.9999498128890991,5.016175418859348e-05
/content/Dataset/Test/Real/real_340.jpg,1,1,True,0.2646571099758148,0.7353429198265076
/content/Dataset/Test/Real/real_3400.jpg,1,0,False,0.7414146065711975,0.2585853934288025
/content/Dataset/Test/Real/real_3401.jpg,1,1,True,4.902398359263316e-05,0.9999510049819946
/content/Dataset/Test/Real/real_3402.jpg,1,1,True,2.2310538042802364e-05,0.999977707862854
/content/Dataset/Test/Real/real_3403.jpg,1,1,True,2.4644801669637673e-05,0.999975323677063
/content/Dataset/Test/Real/real_3404.jpg,1,1,True,0.000267184863332659,0.9997327923774719
/content/Dataset/Test/Real/real_3405.jpg,1,1,True,3.4878561564255506e-05,0.9999650716781616
/content/Dataset/Test/Real/real_3406.jpg,1,1,True,2.2137255655252375e-05,0.9999778270721436
/content/Dataset/Test/Real/real_3407.jpg,1,1,True,0.0058291321620345116,0.9941708445549011
/content/Dataset/Test/Real/real_3408.jpg,1,1,True,2.7963273169007152e-05,0.9999719858169556
/content/Dataset/Test/Real/real_3409.jpg,1,1,True,2.3822607545298524e-05,0.9999761581420898
/content/Dataset/Test/Real/real_341.jpg,1,0,False,0.9938850998878479,0.006114867515861988
/content/Dataset/Test/Real/real_3410.jpg,1,1,True,4.3284391722409055e-05,0.9999567270278931
/content/Dataset/Test/Real/real_3411.jpg,1,1,True,0.00021190676488913596,0.9997881054878235
/content/Dataset/Test/Real/real_3412.jpg,1,1,True,8.317537867696956e-05,0.9999167919158936
/content/Dataset/Test/Real/real_3413.jpg,1,1,True,0.00019466962839942425,0.9998053908348083
/content/Dataset/Test/Real/real_3414.jpg,1,1,True,4.446612001629546e-05,0.9999555349349976
/content/Dataset/Test/Real/real_3415.jpg,1,1,True,5.7133576774504036e-05,0.9999428987503052
/content/Dataset/Test/Real/real_3416.jpg,1,0,False,0.6458955407142639,0.3541044592857361
/content/Dataset/Test/Real/real_3417.jpg,1,1,True,0.001064114854671061,0.998935878276825
/content/Dataset/Test/Real/real_3418.jpg,1,0,False,0.8869067430496216,0.11309320479631424
/content/Dataset/Test/Real/real_3419.jpg,1,1,True,2.220025817223359e-05,0.9999778270721436
/content/Dataset/Test/Real/real_342.jpg,1,1,True,0.0002219249145127833,0.9997780919075012
/content/Dataset/Test/Real/real_3420.jpg,1,1,True,2.9832801374141127e-05,0.9999701976776123
/content/Dataset/Test/Real/real_3421.jpg,1,1,True,7.390337123069912e-05,0.9999260902404785
/content/Dataset/Test/Real/real_3422.jpg,1,1,True,0.0002549668133724481,0.9997450709342957
/content/Dataset/Test/Real/real_3423.jpg,1,1,True,4.027107570436783e-05,0.9999597072601318
/content/Dataset/Test/Real/real_3424.jpg,1,1,True,2.273123936902266e-05,0.9999772310256958
/content/Dataset/Test/Real/real_3425.jpg,1,1,True,3.263304097345099e-05,0.9999673366546631
/content/Dataset/Test/Real/real_3426.jpg,1,0,False,0.6696737408638,0.33032628893852234
/content/Dataset/Test/Real/real_3427.jpg,1,1,True,0.00015874773089308292,0.9998412132263184
/content/Dataset/Test/Real/real_3428.jpg,1,1,True,4.057092883158475e-05,0.9999594688415527
/content/Dataset/Test/Real/real_3429.jpg,1,0,False,0.9999046325683594,9.538207814330235e-05
/content/Dataset/Test/Real/real_343.jpg,1,1,True,0.00021281609951984137,0.9997871518135071
/content/Dataset/Test/Real/real_3430.jpg,1,0,False,0.9999185800552368,8.142842852976173e-05
/content/Dataset/Test/Real/real_3431.jpg,1,1,True,0.1827656328678131,0.8172343969345093
/content/Dataset/Test/Real/real_3432.jpg,1,0,False,0.9999407529830933,5.926294033997692e-05
/content/Dataset/Test/Real/real_3433.jpg,1,0,False,0.999951958656311,4.799331509275362e-05
/content/Dataset/Test/Real/real_3434.jpg,1,1,True,2.4346310965484008e-05,0.9999756813049316
/content/Dataset/Test/Real/real_3435.jpg,1,1,True,3.241098238504492e-05,0.9999675750732422
/content/Dataset/Test/Real/real_3436.jpg,1,1,True,0.025943536311388016,0.9740564227104187
/content/Dataset/Test/Real/real_3437.jpg,1,1,True,5.2833293011644855e-05,0.999947190284729
/content/Dataset/Test/Real/real_3438.jpg,1,1,True,5.408143624663353e-05,0.999945878982544
/content/Dataset/Test/Real/real_3439.jpg,1,1,True,2.2955116946832277e-05,0.9999769926071167
/content/Dataset/Test/Real/real_344.jpg,1,1,True,2.1862317225895822e-05,0.9999781847000122
/content/Dataset/Test/Real/real_3440.jpg,1,1,True,2.2184301997185685e-05,0.9999778270721436
/content/Dataset/Test/Real/real_3441.jpg,1,1,True,0.002247418509796262,0.9977526068687439
/content/Dataset/Test/Real/real_3442.jpg,1,1,True,8.293943392345682e-05,0.9999170303344727
/content/Dataset/Test/Real/real_3443.jpg,1,0,False,0.7937050461769104,0.2062949389219284
/content/Dataset/Test/Real/real_3444.jpg,1,1,True,8.611776138423011e-05,0.9999139308929443
/content/Dataset/Test/Real/real_3445.jpg,1,1,True,0.05153455585241318,0.9484654664993286
/content/Dataset/Test/Real/real_3446.jpg,1,1,True,2.7901449357159436e-05,0.9999721050262451
/content/Dataset/Test/Real/real_3447.jpg,1,1,True,0.08332591503858566,0.9166740775108337
/content/Dataset/Test/Real/real_3448.jpg,1,0,False,0.9999498128890991,5.0166348955826834e-05
/content/Dataset/Test/Real/real_3449.jpg,1,0,False,0.9999328851699829,6.706985004711896e-05
/content/Dataset/Test/Real/real_345.jpg,1,1,True,4.4161646655993536e-05,0.9999558925628662
/content/Dataset/Test/Real/real_3450.jpg,1,1,True,3.819915946223773e-05,0.9999618530273438
/content/Dataset/Test/Real/real_3451.jpg,1,1,True,2.4804759959806688e-05,0.9999752044677734
/content/Dataset/Test/Real/real_3452.jpg,1,0,False,0.9999232292175293,7.672864012420177e-05
/content/Dataset/Test/Real/real_3453.jpg,1,0,False,0.9998503923416138,0.00014957117673475295
/content/Dataset/Test/Real/real_3454.jpg,1,0,False,0.9999141693115234,8.586142939748242e-05
/content/Dataset/Test/Real/real_3455.jpg,1,1,True,0.0002568788477219641,0.9997431635856628
/content/Dataset/Test/Real/real_3456.jpg,1,1,True,3.606446261983365e-05,0.9999638795852661
/content/Dataset/Test/Real/real_3457.jpg,1,1,True,0.008159450255334377,0.9918404817581177
/content/Dataset/Test/Real/real_3458.jpg,1,1,True,2.1809171812492423e-05,0.9999781847000122
/content/Dataset/Test/Real/real_3459.jpg,1,1,True,0.021356919780373573,0.978643000125885
/content/Dataset/Test/Real/real_346.jpg,1,1,True,2.574607788119465e-05,0.999974250793457
/content/Dataset/Test/Real/real_3460.jpg,1,1,True,0.00040517168235965073,0.9995948672294617
/content/Dataset/Test/Real/real_3461.jpg,1,1,True,2.1136174837010913e-05,0.9999788999557495
/content/Dataset/Test/Real/real_3462.jpg,1,1,True,2.0744850189657882e-05,0.9999792575836182
/content/Dataset/Test/Real/real_3463.jpg,1,1,True,4.799862654181197e-05,0.999951958656311
/content/Dataset/Test/Real/real_3464.jpg,1,1,True,4.001206616521813e-05,0.9999599456787109
/content/Dataset/Test/Real/real_3465.jpg,1,1,True,0.00019574766338337213,0.9998043179512024
/content/Dataset/Test/Real/real_3466.jpg,1,1,True,2.1000994820497e-05,0.9999790191650391
/content/Dataset/Test/Real/real_3467.jpg,1,1,True,3.0351111490745097e-05,0.9999696016311646
/content/Dataset/Test/Real/real_3468.jpg,1,1,True,3.7745427107438445e-05,0.9999622106552124
/content/Dataset/Test/Real/real_3469.jpg,1,0,False,0.9999436140060425,5.6328361097257584e-05
/content/Dataset/Test/Real/real_347.jpg,1,1,True,4.5477856474462897e-05,0.9999544620513916
/content/Dataset/Test/Real/real_3470.jpg,1,0,False,0.9998990297317505,0.00010091193689731881
/content/Dataset/Test/Real/real_3471.jpg,1,1,True,2.2651605831924826e-05,0.9999773502349854
/content/Dataset/Test/Real/real_3472.jpg,1,1,True,6.745027349097654e-05,0.9999325275421143
/content/Dataset/Test/Real/real_3473.jpg,1,1,True,3.30601105815731e-05,0.9999669790267944
/content/Dataset/Test/Real/real_3474.jpg,1,1,True,4.278482811059803e-05,0.9999572038650513
/content/Dataset/Test/Real/real_3475.jpg,1,0,False,0.9719374179840088,0.02806265279650688
/content/Dataset/Test/Real/real_3476.jpg,1,1,True,0.0994776040315628,0.9005223512649536
/content/Dataset/Test/Real/real_3477.jpg,1,1,True,0.0007326507475227118,0.9992673993110657
/content/Dataset/Test/Real/real_3478.jpg,1,1,True,2.2337957489071414e-05,0.999977707862854
/content/Dataset/Test/Real/real_3479.jpg,1,1,True,8.040358079597354e-05,0.9999195337295532
/content/Dataset/Test/Real/real_348.jpg,1,1,True,0.00014454654592555016,0.9998553991317749
/content/Dataset/Test/Real/real_3480.jpg,1,1,True,0.146945983171463,0.8530539870262146
/content/Dataset/Test/Real/real_3481.jpg,1,1,True,0.000573323923163116,0.9994267225265503
/content/Dataset/Test/Real/real_3482.jpg,1,0,False,0.5278540253639221,0.4721459150314331
/content/Dataset/Test/Real/real_3483.jpg,1,1,True,0.43570348620414734,0.564296543598175
/content/Dataset/Test/Real/real_3484.jpg,1,0,False,0.9598838090896606,0.04011617600917816
/content/Dataset/Test/Real/real_3485.jpg,1,1,True,0.00010486427345313132,0.9998950958251953
/content/Dataset/Test/Real/real_3486.jpg,1,1,True,4.165632708463818e-05,0.9999583959579468
/content/Dataset/Test/Real/real_3487.jpg,1,1,True,2.1660929633071646e-05,0.9999783039093018
/content/Dataset/Test/Real/real_3488.jpg,1,1,True,0.00018450831703376025,0.9998155236244202
/content/Dataset/Test/Real/real_3489.jpg,1,1,True,4.393426570459269e-05,0.9999560117721558
/content/Dataset/Test/Real/real_349.jpg,1,1,True,0.0001636454398976639,0.9998363256454468
/content/Dataset/Test/Real/real_3490.jpg,1,1,True,0.001705020316876471,0.9982950091362
/content/Dataset/Test/Real/real_3491.jpg,1,1,True,0.2222827821969986,0.7777172327041626
/content/Dataset/Test/Real/real_3492.jpg,1,0,False,0.6703810691833496,0.32961899042129517
/content/Dataset/Test/Real/real_3493.jpg,1,0,False,0.9193836450576782,0.08061637729406357
/content/Dataset/Test/Real/real_3494.jpg,1,1,True,0.0008494349895045161,0.9991505146026611
/content/Dataset/Test/Real/real_3495.jpg,1,0,False,0.9998353719711304,0.00016459301696158946
/content/Dataset/Test/Real/real_3496.jpg,1,1,True,2.215284257545136e-05,0.9999778270721436
/content/Dataset/Test/Real/real_3497.jpg,1,1,True,0.00029449601424857974,0.9997054934501648
/content/Dataset/Test/Real/real_3498.jpg,1,1,True,0.000150549880345352,0.9998494386672974
/content/Dataset/Test/Real/real_3499.jpg,1,1,True,6.709390436299145e-05,0.9999328851699829
/content/Dataset/Test/Real/real_35.jpg,1,0,False,0.9999116659164429,8.837140921968967e-05
/content/Dataset/Test/Real/real_350.jpg,1,1,True,2.9407994588837028e-05,0.999970555305481
/content/Dataset/Test/Real/real_3500.jpg,1,1,True,0.00017812196165323257,0.9998219609260559
/content/Dataset/Test/Real/real_3501.jpg,1,1,True,0.3918198049068451,0.6081801652908325
/content/Dataset/Test/Real/real_3502.jpg,1,1,True,2.4629998733871616e-05,0.999975323677063
/content/Dataset/Test/Real/real_3503.jpg,1,1,True,3.139146065223031e-05,0.9999686479568481
/content/Dataset/Test/Real/real_3504.jpg,1,1,True,0.0002920857223216444,0.9997078776359558
/content/Dataset/Test/Real/real_3505.jpg,1,1,True,3.5122186091030017e-05,0.9999648332595825
/content/Dataset/Test/Real/real_3506.jpg,1,0,False,0.9975475668907166,0.0024524179752916098
/content/Dataset/Test/Real/real_3507.jpg,1,0,False,0.9805020689964294,0.019497927278280258
/content/Dataset/Test/Real/real_3508.jpg,1,1,True,0.00015913709648884833,0.9998408555984497
/content/Dataset/Test/Real/real_3509.jpg,1,1,True,0.45395413041114807,0.5460458993911743
/content/Dataset/Test/Real/real_351.jpg,1,1,True,2.5891420591506176e-05,0.9999741315841675
/content/Dataset/Test/Real/real_3510.jpg,1,1,True,0.0003975189756602049,0.9996024966239929
/content/Dataset/Test/Real/real_3511.jpg,1,1,True,0.008713074028491974,0.9912869334220886
/content/Dataset/Test/Real/real_3512.jpg,1,1,True,0.00033334075124002993,0.999666690826416
/content/Dataset/Test/Real/real_3513.jpg,1,1,True,0.0013945226091891527,0.9986055493354797
/content/Dataset/Test/Real/real_3514.jpg,1,0,False,0.9826504588127136,0.01734958402812481
/content/Dataset/Test/Real/real_3515.jpg,1,0,False,0.999891996383667,0.00010795892012538388
/content/Dataset/Test/Real/real_3516.jpg,1,1,True,0.11903400719165802,0.880966067314148
/content/Dataset/Test/Real/real_3517.jpg,1,1,True,0.14078253507614136,0.8592174649238586
/content/Dataset/Test/Real/real_3518.jpg,1,1,True,2.8265272703720257e-05,0.9999717473983765
/content/Dataset/Test/Real/real_3519.jpg,1,1,True,2.8975255190744065e-05,0.9999710321426392
/content/Dataset/Test/Real/real_352.jpg,1,1,True,0.047254111617803574,0.9527458548545837
/content/Dataset/Test/Real/real_3520.jpg,1,1,True,0.0003826968022622168,0.9996172189712524
/content/Dataset/Test/Real/real_3521.jpg,1,1,True,0.11123538762331009,0.8887645602226257
/content/Dataset/Test/Real/real_3522.jpg,1,1,True,0.008338474668562412,0.991661548614502
/content/Dataset/Test/Real/real_3523.jpg,1,1,True,0.031671591103076935,0.9683284163475037
/content/Dataset/Test/Real/real_3524.jpg,1,1,True,2.4797001970000565e-05,0.9999752044677734
/content/Dataset/Test/Real/real_3525.jpg,1,1,True,0.09044691175222397,0.9095531105995178
/content/Dataset/Test/Real/real_3526.jpg,1,1,True,0.04942385479807854,0.95057612657547
/content/Dataset/Test/Real/real_3527.jpg,1,0,False,0.9751004576683044,0.024899514392018318
/content/Dataset/Test/Real/real_3528.jpg,1,1,True,2.3566188247059472e-05,0.999976396560669
/content/Dataset/Test/Real/real_3529.jpg,1,1,True,3.1495037546847016e-05,0.9999685287475586
/content/Dataset/Test/Real/real_353.jpg,1,1,True,4.841245026909746e-05,0.9999516010284424
/content/Dataset/Test/Real/real_3530.jpg,1,1,True,6.073752592783421e-05,0.9999392032623291
/content/Dataset/Test/Real/real_3531.jpg,1,1,True,2.3074228010955267e-05,0.9999768733978271
/content/Dataset/Test/Real/real_3532.jpg,1,1,True,4.520032598520629e-05,0.9999548196792603
/content/Dataset/Test/Real/real_3533.jpg,1,1,True,0.05376073718070984,0.9462392926216125
/content/Dataset/Test/Real/real_3534.jpg,1,1,True,2.0254085029591806e-05,0.9999797344207764
/content/Dataset/Test/Real/real_3535.jpg,1,1,True,2.2343732780427672e-05,0.999977707862854
/content/Dataset/Test/Real/real_3536.jpg,1,1,True,4.133610491408035e-05,0.9999586343765259
/content/Dataset/Test/Real/real_3537.jpg,1,1,True,0.0001327213685726747,0.99986732006073
/content/Dataset/Test/Real/real_3538.jpg,1,1,True,0.0007640993571840227,0.9992358684539795
/content/Dataset/Test/Real/real_3539.jpg,1,1,True,2.0228915673214942e-05,0.9999797344207764
/content/Dataset/Test/Real/real_354.jpg,1,1,True,2.2485215595224872e-05,0.9999774694442749
/content/Dataset/Test/Real/real_3540.jpg,1,1,True,5.3509393183048815e-05,0.9999464750289917
/content/Dataset/Test/Real/real_3541.jpg,1,1,True,2.1554576960625127e-05,0.9999784231185913
/content/Dataset/Test/Real/real_3542.jpg,1,0,False,0.9999163150787354,8.363046072190627e-05
/content/Dataset/Test/Real/real_3543.jpg,1,1,True,3.359217953402549e-05,0.9999663829803467
/content/Dataset/Test/Real/real_3544.jpg,1,1,True,0.02665099874138832,0.9733490347862244
/content/Dataset/Test/Real/real_3545.jpg,1,1,True,0.00015463739691767842,0.9998453855514526
/content/Dataset/Test/Real/real_3546.jpg,1,1,True,3.427901538088918e-05,0.9999656677246094
/content/Dataset/Test/Real/real_3547.jpg,1,1,True,2.7389525712351315e-05,0.9999725818634033
/content/Dataset/Test/Real/real_3548.jpg,1,1,True,3.52919778379146e-05,0.999964714050293
/content/Dataset/Test/Real/real_3549.jpg,1,1,True,2.8578622732311487e-05,0.9999713897705078
/content/Dataset/Test/Real/real_355.jpg,1,1,True,0.4691311717033386,0.5308688282966614
/content/Dataset/Test/Real/real_3550.jpg,1,1,True,0.2732849419116974,0.7267150282859802
/content/Dataset/Test/Real/real_3551.jpg,1,1,True,0.00012408506881911308,0.9998759031295776
/content/Dataset/Test/Real/real_3552.jpg,1,0,False,0.9999551773071289,4.480750430957414e-05
/content/Dataset/Test/Real/real_3553.jpg,1,0,False,0.9999667406082153,3.329293758724816e-05
/content/Dataset/Test/Real/real_3554.jpg,1,0,False,0.9999395608901978,6.048159775673412e-05
/content/Dataset/Test/Real/real_3555.jpg,1,0,False,0.9999434947967529,5.6515018513891846e-05
/content/Dataset/Test/Real/real_3556.jpg,1,0,False,0.9999645948410034,3.545484651112929e-05
/content/Dataset/Test/Real/real_3557.jpg,1,0,False,0.9999476671218872,5.238358426140621e-05
/content/Dataset/Test/Real/real_3558.jpg,1,1,True,3.276467032264918e-05,0.9999672174453735
/content/Dataset/Test/Real/real_3559.jpg,1,0,False,0.9999560117721558,4.4026288378518075e-05
/content/Dataset/Test/Real/real_356.jpg,1,1,True,6.272047903621569e-05,0.9999372959136963
/content/Dataset/Test/Real/real_3560.jpg,1,0,False,0.9999459981918335,5.402061651693657e-05
/content/Dataset/Test/Real/real_3561.jpg,1,1,True,0.001311080763116479,0.9986888766288757
/content/Dataset/Test/Real/real_3562.jpg,1,1,True,4.3073116103187203e-05,0.9999569654464722
/content/Dataset/Test/Real/real_3563.jpg,1,1,True,0.005816902965307236,0.9941831231117249
/content/Dataset/Test/Real/real_3564.jpg,1,0,False,0.9999394416809082,6.05323730269447e-05
/content/Dataset/Test/Real/real_3565.jpg,1,1,True,8.998515841085464e-05,0.9999099969863892
/content/Dataset/Test/Real/real_3566.jpg,1,1,True,2.7820813556900248e-05,0.9999722242355347
/content/Dataset/Test/Real/real_3567.jpg,1,1,True,2.307607610418927e-05,0.9999768733978271
/content/Dataset/Test/Real/real_3568.jpg,1,1,True,8.658786828164011e-05,0.9999134540557861
/content/Dataset/Test/Real/real_3569.jpg,1,0,False,0.9999152421951294,8.473327034153044e-05
/content/Dataset/Test/Real/real_357.jpg,1,1,True,0.00032740042661316693,0.9996726512908936
/content/Dataset/Test/Real/real_3570.jpg,1,0,False,0.9999139308929443,8.607769996160641e-05
/content/Dataset/Test/Real/real_3571.jpg,1,0,False,0.9950858950614929,0.004914083983749151
/content/Dataset/Test/Real/real_3572.jpg,1,1,True,0.00010748497152235359,0.9998924732208252
/content/Dataset/Test/Real/real_3573.jpg,1,1,True,0.00053795101121068,0.9994620680809021
/content/Dataset/Test/Real/real_3574.jpg,1,1,True,0.16889871656894684,0.8311012983322144
/content/Dataset/Test/Real/real_3575.jpg,1,1,True,2.1748259314335883e-05,0.9999783039093018
/content/Dataset/Test/Real/real_3576.jpg,1,0,False,0.9999324083328247,6.754547212040052e-05
/content/Dataset/Test/Real/real_3577.jpg,1,0,False,0.9999234676361084,7.658113463548943e-05
/content/Dataset/Test/Real/real_3578.jpg,1,0,False,0.9999649524688721,3.501059836708009e-05
/content/Dataset/Test/Real/real_3579.jpg,1,1,True,0.0003734406491275877,0.9996265172958374
/content/Dataset/Test/Real/real_358.jpg,1,1,True,2.22906528506428e-05,0.999977707862854
/content/Dataset/Test/Real/real_3580.jpg,1,0,False,0.9998606443405151,0.00013932764704804868
/content/Dataset/Test/Real/real_3581.jpg,1,0,False,0.9998788833618164,0.00012111914111301303
/content/Dataset/Test/Real/real_3582.jpg,1,1,True,0.43701913952827454,0.5629808902740479
/content/Dataset/Test/Real/real_3583.jpg,1,0,False,0.9994366765022278,0.0005633112159557641
/content/Dataset/Test/Real/real_3584.jpg,1,0,False,0.999935507774353,6.447024497902021e-05
/content/Dataset/Test/Real/real_3585.jpg,1,0,False,0.9999481439590454,5.179846266401e-05
/content/Dataset/Test/Real/real_3586.jpg,1,1,True,7.566036219941452e-05,0.9999243021011353
/content/Dataset/Test/Real/real_3587.jpg,1,1,True,2.4527451387257315e-05,0.9999754428863525
/content/Dataset/Test/Real/real_3588.jpg,1,1,True,0.005042425822466612,0.9949576258659363
/content/Dataset/Test/Real/real_3589.jpg,1,1,True,2.711412889766507e-05,0.999972939491272
/content/Dataset/Test/Real/real_359.jpg,1,1,True,0.0009004994644783437,0.9990994930267334
/content/Dataset/Test/Real/real_3590.jpg,1,1,True,0.11743897944688797,0.8825609683990479
/content/Dataset/Test/Real/real_3591.jpg,1,0,False,0.9999654293060303,3.45738953910768e-05
/content/Dataset/Test/Real/real_3592.jpg,1,0,False,0.9999480247497559,5.19467648700811e-05
/content/Dataset/Test/Real/real_3593.jpg,1,0,False,0.8822304606437683,0.11776954680681229
/content/Dataset/Test/Real/real_3594.jpg,1,0,False,0.9495271444320679,0.05047288537025452
/content/Dataset/Test/Real/real_3595.jpg,1,1,True,0.23205427825450897,0.7679457664489746
/content/Dataset/Test/Real/real_3596.jpg,1,1,True,0.1343211680650711,0.8656788468360901
/content/Dataset/Test/Real/real_3597.jpg,1,1,True,0.16263294219970703,0.8373671174049377
/content/Dataset/Test/Real/real_3598.jpg,1,1,True,0.18738135695457458,0.8126186728477478
/content/Dataset/Test/Real/real_3599.jpg,1,1,True,0.29691553115844727,0.703084409236908
/content/Dataset/Test/Real/real_36.jpg,1,0,False,0.9999440908432007,5.591995068243705e-05
/content/Dataset/Test/Real/real_360.jpg,1,1,True,0.0074445586651563644,0.9925554394721985
/content/Dataset/Test/Real/real_3600.jpg,1,1,True,2.4200982807087712e-05,0.9999758005142212
/content/Dataset/Test/Real/real_3601.jpg,1,1,True,0.00015776236250530928,0.9998421669006348
/content/Dataset/Test/Real/real_3602.jpg,1,1,True,2.0322251657489687e-05,0.9999797344207764
/content/Dataset/Test/Real/real_3603.jpg,1,0,False,0.998950719833374,0.0010491927387192845
/content/Dataset/Test/Real/real_3604.jpg,1,0,False,0.6206042170524597,0.37939581274986267
/content/Dataset/Test/Real/real_3605.jpg,1,1,True,0.003923434764146805,0.9960765242576599
/content/Dataset/Test/Real/real_3606.jpg,1,1,True,3.245617335778661e-05,0.9999675750732422
/content/Dataset/Test/Real/real_3607.jpg,1,1,True,0.00010437234595883638,0.9998955726623535
/content/Dataset/Test/Real/real_3608.jpg,1,1,True,0.0001261136494576931,0.9998738765716553
/content/Dataset/Test/Real/real_3609.jpg,1,1,True,0.00020275426504667848,0.9997972846031189
/content/Dataset/Test/Real/real_361.jpg,1,1,True,0.003390104044228792,0.9966098666191101
/content/Dataset/Test/Real/real_3610.jpg,1,1,True,2.646236498549115e-05,0.9999735355377197
/content/Dataset/Test/Real/real_3611.jpg,1,1,True,6.311864126473665e-05,0.9999368190765381
/content/Dataset/Test/Real/real_3612.jpg,1,1,True,3.746470611076802e-05,0.999962568283081
/content/Dataset/Test/Real/real_3613.jpg,1,1,True,0.16768422722816467,0.8323158025741577
/content/Dataset/Test/Real/real_3614.jpg,1,0,False,0.6417348384857178,0.35826510190963745
/content/Dataset/Test/Real/real_3615.jpg,1,1,True,0.1298506110906601,0.8701493740081787
/content/Dataset/Test/Real/real_3616.jpg,1,0,False,0.5877302289009094,0.4122697412967682
/content/Dataset/Test/Real/real_3617.jpg,1,0,False,0.9999586343765259,4.134048140258528e-05
/content/Dataset/Test/Real/real_3618.jpg,1,0,False,0.9999147653579712,8.526336750946939e-05
/content/Dataset/Test/Real/real_3619.jpg,1,1,True,2.2905674995854497e-05,0.9999771118164062
/content/Dataset/Test/Real/real_362.jpg,1,1,True,3.088629455305636e-05,0.9999691247940063
/content/Dataset/Test/Real/real_3620.jpg,1,0,False,0.999087929725647,0.0009120191098190844
/content/Dataset/Test/Real/real_3621.jpg,1,1,True,2.0386773030622862e-05,0.9999796152114868
/content/Dataset/Test/Real/real_3622.jpg,1,1,True,2.026082802331075e-05,0.9999797344207764
/content/Dataset/Test/Real/real_3623.jpg,1,1,True,0.00010489027772564441,0.9998950958251953
/content/Dataset/Test/Real/real_3624.jpg,1,1,True,0.00010962998931063339,0.9998903274536133
/content/Dataset/Test/Real/real_3625.jpg,1,0,False,0.9940749406814575,0.00592502485960722
/content/Dataset/Test/Real/real_3626.jpg,1,0,False,0.5966771841049194,0.4033227860927582
/content/Dataset/Test/Real/real_3627.jpg,1,1,True,2.4946288249338977e-05,0.9999750852584839
/content/Dataset/Test/Real/real_3628.jpg,1,1,True,3.02099379041465e-05,0.9999698400497437
/content/Dataset/Test/Real/real_3629.jpg,1,1,True,0.06608816981315613,0.9339118003845215
/content/Dataset/Test/Real/real_363.jpg,1,1,True,0.00021297951752785593,0.9997870326042175
/content/Dataset/Test/Real/real_3630.jpg,1,0,False,0.999954342842102,4.563912807498127e-05
/content/Dataset/Test/Real/real_3631.jpg,1,1,True,2.77806739177322e-05,0.9999722242355347
/content/Dataset/Test/Real/real_3632.jpg,1,1,True,0.0002481830306351185,0.9997518658638
/content/Dataset/Test/Real/real_3633.jpg,1,1,True,6.263860268518329e-05,0.9999374151229858
/content/Dataset/Test/Real/real_3634.jpg,1,1,True,7.557043863926083e-05,0.9999244213104248
/content/Dataset/Test/Real/real_3635.jpg,1,0,False,0.7891876101493835,0.21081237494945526
/content/Dataset/Test/Real/real_3636.jpg,1,1,True,9.656291513238102e-05,0.9999034404754639
/content/Dataset/Test/Real/real_3637.jpg,1,1,True,0.0013045967789366841,0.998695433139801
/content/Dataset/Test/Real/real_3638.jpg,1,0,False,0.9998881816864014,0.0001117560823331587
/content/Dataset/Test/Real/real_3639.jpg,1,0,False,0.9993492960929871,0.000650661822874099
/content/Dataset/Test/Real/real_364.jpg,1,1,True,9.871235670289025e-05,0.999901294708252
/content/Dataset/Test/Real/real_3640.jpg,1,1,True,0.03147757053375244,0.9685224294662476
/content/Dataset/Test/Real/real_3641.jpg,1,0,False,0.9999551773071289,4.4799471652368084e-05
/content/Dataset/Test/Real/real_3642.jpg,1,1,True,0.0009403630974702537,0.9990596175193787
/content/Dataset/Test/Real/real_3643.jpg,1,0,False,0.9999117851257324,8.8179724116344e-05
/content/Dataset/Test/Real/real_3644.jpg,1,1,True,2.2963196897762828e-05,0.9999769926071167
/content/Dataset/Test/Real/real_3645.jpg,1,1,True,2.932177267211955e-05,0.9999706745147705
/content/Dataset/Test/Real/real_3646.jpg,1,1,True,2.8749664124916308e-05,0.9999712705612183
/content/Dataset/Test/Real/real_3647.jpg,1,1,True,0.00038037251215428114,0.9996196031570435
/content/Dataset/Test/Real/real_3648.jpg,1,1,True,2.1778538211947307e-05,0.9999781847000122
/content/Dataset/Test/Real/real_3649.jpg,1,1,True,2.4859531549736857e-05,0.9999750852584839
/content/Dataset/Test/Real/real_365.jpg,1,1,True,2.152181878045667e-05,0.9999784231185913
/content/Dataset/Test/Real/real_3650.jpg,1,1,True,0.0007026674575172365,0.9992972612380981
/content/Dataset/Test/Real/real_3651.jpg,1,0,False,0.9834958910942078,0.01650414429605007
/content/Dataset/Test/Real/real_3652.jpg,1,1,True,2.7023159418604337e-05,0.999972939491272
/content/Dataset/Test/Real/real_3653.jpg,1,1,True,4.564443588606082e-05,0.999954342842102
/content/Dataset/Test/Real/real_3654.jpg,1,1,True,0.00018668729171622545,0.9998133778572083
/content/Dataset/Test/Real/real_3655.jpg,1,1,True,0.00023272386169992387,0.9997672438621521
/content/Dataset/Test/Real/real_3656.jpg,1,1,True,0.0001328615180682391,0.9998670816421509
/content/Dataset/Test/Real/real_3657.jpg,1,1,True,4.208885729894973e-05,0.9999579191207886
/content/Dataset/Test/Real/real_3658.jpg,1,1,True,2.1711495719500817e-05,0.9999783039093018
/content/Dataset/Test/Real/real_3659.jpg,1,1,True,0.001132457284256816,0.9988675117492676
/content/Dataset/Test/Real/real_366.jpg,1,1,True,2.2224639906198718e-05,0.9999778270721436
/content/Dataset/Test/Real/real_3660.jpg,1,1,True,2.4865743398549967e-05,0.9999750852584839
/content/Dataset/Test/Real/real_3661.jpg,1,0,False,0.9999674558639526,3.250653389841318e-05
/content/Dataset/Test/Real/real_3662.jpg,1,1,True,2.47004245466087e-05,0.999975323677063
/content/Dataset/Test/Real/real_3663.jpg,1,1,True,9.158330067293718e-05,0.999908447265625
/content/Dataset/Test/Real/real_3664.jpg,1,1,True,2.232524275314063e-05,0.999977707862854
/content/Dataset/Test/Real/real_3665.jpg,1,1,True,4.5628290536114946e-05,0.999954342842102
/content/Dataset/Test/Real/real_3666.jpg,1,1,True,2.4518680220353417e-05,0.9999754428863525
/content/Dataset/Test/Real/real_3667.jpg,1,1,True,0.00011042612459277734,0.999889612197876
/content/Dataset/Test/Real/real_3668.jpg,1,1,True,0.0001019989576889202,0.9998979568481445
/content/Dataset/Test/Real/real_3669.jpg,1,0,False,0.831871747970581,0.16812822222709656
/content/Dataset/Test/Real/real_367.jpg,1,1,True,0.000191260885912925,0.9998087286949158
/content/Dataset/Test/Real/real_3670.jpg,1,1,True,2.1677955373888835e-05,0.9999783039093018
/content/Dataset/Test/Real/real_3671.jpg,1,1,True,4.3506002839421853e-05,0.999956488609314
/content/Dataset/Test/Real/real_3672.jpg,1,1,True,3.538525925250724e-05,0.9999645948410034
/content/Dataset/Test/Real/real_3673.jpg,1,1,True,2.457090340612922e-05,0.9999754428863525
/content/Dataset/Test/Real/real_3674.jpg,1,1,True,2.0678251530625857e-05,0.9999793767929077
/content/Dataset/Test/Real/real_3675.jpg,1,1,True,3.438057319726795e-05,0.9999656677246094
/content/Dataset/Test/Real/real_3676.jpg,1,1,True,0.00035705367918126285,0.9996429681777954
/content/Dataset/Test/Real/real_3677.jpg,1,1,True,0.00010382073378423229,0.9998961687088013
/content/Dataset/Test/Real/real_3678.jpg,1,1,True,0.4092159569263458,0.5907840728759766
/content/Dataset/Test/Real/real_3679.jpg,1,1,True,3.748847302631475e-05,0.999962568283081
/content/Dataset/Test/Real/real_368.jpg,1,1,True,0.4821580648422241,0.5178418755531311
/content/Dataset/Test/Real/real_3680.jpg,1,1,True,0.00016082222282420844,0.999839186668396
/content/Dataset/Test/Real/real_3681.jpg,1,0,False,0.5300458073616028,0.46995413303375244
/content/Dataset/Test/Real/real_3682.jpg,1,0,False,0.5157142877578735,0.48428571224212646
/content/Dataset/Test/Real/real_3683.jpg,1,0,False,0.9991645812988281,0.0008354205056093633
/content/Dataset/Test/Real/real_3684.jpg,1,1,True,2.5566465410520323e-05,0.9999744892120361
/content/Dataset/Test/Real/real_3685.jpg,1,0,False,0.9257932305335999,0.07420676201581955
/content/Dataset/Test/Real/real_3686.jpg,1,1,True,0.0003226763510610908,0.999677300453186
/content/Dataset/Test/Real/real_3687.jpg,1,0,False,0.9998806715011597,0.00011933815403608605
/content/Dataset/Test/Real/real_3688.jpg,1,0,False,0.9999436140060425,5.643014083034359e-05
/content/Dataset/Test/Real/real_3689.jpg,1,0,False,0.9999659061431885,3.405614188523032e-05
/content/Dataset/Test/Real/real_369.jpg,1,1,True,2.1085157641209662e-05,0.9999788999557495
/content/Dataset/Test/Real/real_3690.jpg,1,1,True,0.0001413120044162497,0.9998586177825928
/content/Dataset/Test/Real/real_3691.jpg,1,0,False,0.9999006986618042,9.93505454971455e-05
/content/Dataset/Test/Real/real_3692.jpg,1,1,True,5.596859773504548e-05,0.9999439716339111
/content/Dataset/Test/Real/real_3693.jpg,1,0,False,0.7733917832374573,0.22660823166370392
/content/Dataset/Test/Real/real_3694.jpg,1,1,True,2.2496646124636754e-05,0.9999774694442749
/content/Dataset/Test/Real/real_3695.jpg,1,1,True,2.1176885638851672e-05,0.99997878074646
/content/Dataset/Test/Real/real_3696.jpg,1,0,False,0.9818887114524841,0.0181113388389349
/content/Dataset/Test/Real/real_3697.jpg,1,0,False,0.9927566647529602,0.0072433301247656345
/content/Dataset/Test/Real/real_3698.jpg,1,0,False,0.6870537996292114,0.3129461705684662
/content/Dataset/Test/Real/real_3699.jpg,1,0,False,0.9868744015693665,0.013125580735504627
/content/Dataset/Test/Real/real_37.jpg,1,1,True,0.003867578925564885,0.9961323738098145
/content/Dataset/Test/Real/real_370.jpg,1,1,True,2.273626705573406e-05,0.9999772310256958
/content/Dataset/Test/Real/real_3700.jpg,1,0,False,0.9994897842407227,0.0005101879360154271
/content/Dataset/Test/Real/real_3701.jpg,1,0,False,0.9997151494026184,0.0002848154108505696
/content/Dataset/Test/Real/real_3702.jpg,1,1,True,4.61697782156989e-05,0.9999538660049438
/content/Dataset/Test/Real/real_3703.jpg,1,1,True,2.0518802557489835e-05,0.9999794960021973
/content/Dataset/Test/Real/real_3704.jpg,1,1,True,3.269072840339504e-05,0.9999673366546631
/content/Dataset/Test/Real/real_3705.jpg,1,0,False,0.9999676942825317,3.2291463867295533e-05
/content/Dataset/Test/Real/real_3706.jpg,1,1,True,3.151077180518769e-05,0.9999685287475586
/content/Dataset/Test/Real/real_3707.jpg,1,1,True,2.7432321076048538e-05,0.9999725818634033
/content/Dataset/Test/Real/real_3708.jpg,1,1,True,0.0004735355614684522,0.9995265007019043
/content/Dataset/Test/Real/real_3709.jpg,1,1,True,7.839018508093432e-05,0.9999215602874756
/content/Dataset/Test/Real/real_371.jpg,1,1,True,8.091438212431967e-05,0.999919056892395
/content/Dataset/Test/Real/real_3710.jpg,1,1,True,0.349229097366333,0.6507709622383118
/content/Dataset/Test/Real/real_3711.jpg,1,1,True,2.1843892682227306e-05,0.9999781847000122
/content/Dataset/Test/Real/real_3712.jpg,1,0,False,0.9999134540557861,8.656153659103438e-05
/content/Dataset/Test/Real/real_3713.jpg,1,0,False,0.9999163150787354,8.370754221687093e-05
/content/Dataset/Test/Real/real_3714.jpg,1,0,False,0.9999337196350098,6.624744855798781e-05
/content/Dataset/Test/Real/real_3715.jpg,1,1,True,0.04339198023080826,0.9566080570220947
/content/Dataset/Test/Real/real_3716.jpg,1,0,False,0.9999574422836304,4.250876008882187e-05
/content/Dataset/Test/Real/real_3717.jpg,1,1,True,9.237293124897406e-05,0.9999076128005981
/content/Dataset/Test/Real/real_3718.jpg,1,0,False,0.9998587369918823,0.0001412263372913003
/content/Dataset/Test/Real/real_3719.jpg,1,1,True,5.768393384641968e-05,0.9999423027038574
/content/Dataset/Test/Real/real_372.jpg,1,1,True,0.00029708590591326356,0.9997028708457947
/content/Dataset/Test/Real/real_3720.jpg,1,1,True,2.6111560146091506e-05,0.9999738931655884
/content/Dataset/Test/Real/real_3721.jpg,1,1,True,3.459503568592481e-05,0.9999654293060303
/content/Dataset/Test/Real/real_3722.jpg,1,1,True,2.5848319637589157e-05,0.9999741315841675
/content/Dataset/Test/Real/real_3723.jpg,1,1,True,2.5710816771606915e-05,0.999974250793457
/content/Dataset/Test/Real/real_3724.jpg,1,1,True,3.437591658439487e-05,0.9999656677246094
/content/Dataset/Test/Real/real_3725.jpg,1,1,True,3.397744876565412e-05,0.999966025352478
/content/Dataset/Test/Real/real_3726.jpg,1,1,True,2.2063784854253754e-05,0.9999779462814331
/content/Dataset/Test/Real/real_3727.jpg,1,1,True,0.0010648826137185097,0.9989351630210876
/content/Dataset/Test/Real/real_3728.jpg,1,1,True,5.1343457016628236e-05,0.9999486207962036
/content/Dataset/Test/Real/real_3729.jpg,1,1,True,2.6492187316762283e-05,0.9999735355377197
/content/Dataset/Test/Real/real_373.jpg,1,1,True,0.002886395435780287,0.9971135854721069
/content/Dataset/Test/Real/real_3730.jpg,1,1,True,2.0922370822518133e-05,0.9999790191650391
/content/Dataset/Test/Real/real_3731.jpg,1,1,True,2.2961445210967213e-05,0.9999769926071167
/content/Dataset/Test/Real/real_3732.jpg,1,1,True,2.1203321011853404e-05,0.99997878074646
/content/Dataset/Test/Real/real_3733.jpg,1,1,True,2.387223139521666e-05,0.9999761581420898
/content/Dataset/Test/Real/real_3734.jpg,1,0,False,0.9999105930328369,8.935981168178841e-05
/content/Dataset/Test/Real/real_3735.jpg,1,1,True,2.6088213417096995e-05,0.9999738931655884
/content/Dataset/Test/Real/real_3736.jpg,1,0,False,0.9997442364692688,0.00025574295432306826
/content/Dataset/Test/Real/real_3737.jpg,1,1,True,0.001140052918344736,0.9988600015640259
/content/Dataset/Test/Real/real_3738.jpg,1,1,True,6.393075454980135e-05,0.9999361038208008
/content/Dataset/Test/Real/real_3739.jpg,1,1,True,4.812489714822732e-05,0.9999518394470215
/content/Dataset/Test/Real/real_374.jpg,1,1,True,2.1765517885796726e-05,0.9999781847000122
/content/Dataset/Test/Real/real_3740.jpg,1,1,True,2.81017528322991e-05,0.999971866607666
/content/Dataset/Test/Real/real_3741.jpg,1,1,True,5.8527268265606835e-05,0.9999414682388306
/content/Dataset/Test/Real/real_3742.jpg,1,0,False,0.9999669790267944,3.299044328741729e-05
/content/Dataset/Test/Real/real_3743.jpg,1,0,False,0.9647635221481323,0.035236459225416183
/content/Dataset/Test/Real/real_3744.jpg,1,1,True,0.00025965218083001673,0.9997403025627136
/content/Dataset/Test/Real/real_3745.jpg,1,1,True,0.006800184492021799,0.9931997656822205
/content/Dataset/Test/Real/real_3746.jpg,1,1,True,9.733846673043445e-05,0.999902606010437
/content/Dataset/Test/Real/real_3747.jpg,1,1,True,3.247252243454568e-05,0.9999675750732422
/content/Dataset/Test/Real/real_3748.jpg,1,1,True,3.9220765756908804e-05,0.9999607801437378
/content/Dataset/Test/Real/real_3749.jpg,1,0,False,0.9999493360519409,5.064954893896356e-05
/content/Dataset/Test/Real/real_375.jpg,1,1,True,6.712872709613293e-05,0.9999328851699829
/content/Dataset/Test/Real/real_3750.jpg,1,0,False,0.9999425411224365,5.7473032939014956e-05
/content/Dataset/Test/Real/real_3751.jpg,1,0,False,0.9999513626098633,4.8680591135052964e-05
/content/Dataset/Test/Real/real_3752.jpg,1,1,True,0.0002297615574207157,0.9997702240943909
/content/Dataset/Test/Real/real_3753.jpg,1,0,False,0.9919402003288269,0.008059784770011902
/content/Dataset/Test/Real/real_3754.jpg,1,1,True,0.0001296494883717969,0.9998703002929688
/content/Dataset/Test/Real/real_3755.jpg,1,1,True,3.2224463211605325e-05,0.9999678134918213
/content/Dataset/Test/Real/real_3756.jpg,1,1,True,4.6458975702989846e-05,0.9999535083770752
/content/Dataset/Test/Real/real_3757.jpg,1,1,True,7.949503924464807e-05,0.9999204874038696
/content/Dataset/Test/Real/real_3758.jpg,1,1,True,2.1867363102501258e-05,0.9999781847000122
/content/Dataset/Test/Real/real_3759.jpg,1,1,True,5.229244561633095e-05,0.9999476671218872
/content/Dataset/Test/Real/real_376.jpg,1,1,True,0.00039219879545271397,0.9996078610420227
/content/Dataset/Test/Real/real_3760.jpg,1,1,True,0.07045231759548187,0.9295476675033569
/content/Dataset/Test/Real/real_3761.jpg,1,1,True,2.32130096264882e-05,0.9999767541885376
/content/Dataset/Test/Real/real_3762.jpg,1,1,True,2.084879633912351e-05,0.9999791383743286
/content/Dataset/Test/Real/real_3763.jpg,1,1,True,5.2749470341950655e-05,0.999947190284729
/content/Dataset/Test/Real/real_3764.jpg,1,1,True,2.1182926502660848e-05,0.99997878074646
/content/Dataset/Test/Real/real_3765.jpg,1,1,True,3.191277210135013e-05,0.9999680519104004
/content/Dataset/Test/Real/real_3766.jpg,1,1,True,0.30078262090682983,0.6992173790931702
/content/Dataset/Test/Real/real_3767.jpg,1,1,True,3.398943954380229e-05,0.999966025352478
/content/Dataset/Test/Real/real_3768.jpg,1,1,True,3.165739690302871e-05,0.9999682903289795
/content/Dataset/Test/Real/real_3769.jpg,1,1,True,2.0898702132399194e-05,0.9999791383743286
/content/Dataset/Test/Real/real_377.jpg,1,1,True,2.6383746444480494e-05,0.9999736547470093
/content/Dataset/Test/Real/real_3770.jpg,1,1,True,2.099182347592432e-05,0.9999790191650391
/content/Dataset/Test/Real/real_3771.jpg,1,1,True,9.63098427746445e-05,0.999903678894043
/content/Dataset/Test/Real/real_3772.jpg,1,1,True,6.359371764119714e-05,0.9999364614486694
/content/Dataset/Test/Real/real_3773.jpg,1,1,True,3.1536506867269054e-05,0.999968409538269
/content/Dataset/Test/Real/real_3774.jpg,1,0,False,0.8245855569839478,0.17541444301605225
/content/Dataset/Test/Real/real_3775.jpg,1,0,False,0.9985709190368652,0.001429101568646729
/content/Dataset/Test/Real/real_3776.jpg,1,1,True,0.24834823608398438,0.7516517639160156
/content/Dataset/Test/Real/real_3777.jpg,1,1,True,2.5977515178965405e-05,0.9999740123748779
/content/Dataset/Test/Real/real_3778.jpg,1,0,False,0.996353030204773,0.0036470231134444475
/content/Dataset/Test/Real/real_3779.jpg,1,1,True,0.3837256133556366,0.616274356842041
/content/Dataset/Test/Real/real_378.jpg,1,1,True,2.907748057623394e-05,0.9999709129333496
/content/Dataset/Test/Real/real_3780.jpg,1,0,False,0.7717559933662415,0.22824397683143616
/content/Dataset/Test/Real/real_3781.jpg,1,1,True,0.001406170311383903,0.9985938668251038
/content/Dataset/Test/Real/real_3782.jpg,1,1,True,5.7328466937178746e-05,0.9999426603317261
/content/Dataset/Test/Real/real_3783.jpg,1,1,True,0.15066923201084137,0.8493307828903198
/content/Dataset/Test/Real/real_3784.jpg,1,1,True,3.7113586586201563e-05,0.9999629259109497
/content/Dataset/Test/Real/real_3785.jpg,1,0,False,0.7464932799339294,0.25350674986839294
/content/Dataset/Test/Real/real_3786.jpg,1,0,False,0.9999445676803589,5.548369517782703e-05
/content/Dataset/Test/Real/real_3787.jpg,1,1,True,2.957096330646891e-05,0.9999704360961914
/content/Dataset/Test/Real/real_3788.jpg,1,1,True,2.057811798295006e-05,0.9999793767929077
/content/Dataset/Test/Real/real_3789.jpg,1,1,True,4.9308342568110675e-05,0.999950647354126
/content/Dataset/Test/Real/real_379.jpg,1,1,True,4.9006361223291606e-05,0.9999510049819946
/content/Dataset/Test/Real/real_3790.jpg,1,1,True,9.658151975600049e-05,0.9999034404754639
/content/Dataset/Test/Real/real_3791.jpg,1,1,True,0.0004724660830106586,0.9995275735855103
/content/Dataset/Test/Real/real_3792.jpg,1,1,True,0.0006416943506337702,0.9993583559989929
/content/Dataset/Test/Real/real_3793.jpg,1,1,True,5.960845737718046e-05,0.9999403953552246
/content/Dataset/Test/Real/real_3794.jpg,1,1,True,2.2451427867054008e-05,0.9999775886535645
/content/Dataset/Test/Real/real_3795.jpg,1,0,False,0.9455323815345764,0.054467592388391495
/content/Dataset/Test/Real/real_3796.jpg,1,1,True,0.0002629062219057232,0.9997370839118958
/content/Dataset/Test/Real/real_3797.jpg,1,1,True,3.787805326282978e-05,0.9999620914459229
/content/Dataset/Test/Real/real_3798.jpg,1,0,False,0.9998829364776611,0.00011710568651324138
/content/Dataset/Test/Real/real_3799.jpg,1,1,True,3.831247522612102e-05,0.9999617338180542
/content/Dataset/Test/Real/real_38.jpg,1,1,True,2.3163323930930346e-05,0.9999768733978271
/content/Dataset/Test/Real/real_380.jpg,1,0,False,0.9998618364334106,0.0001381456240778789
/content/Dataset/Test/Real/real_3800.jpg,1,0,False,0.9914401769638062,0.008559832349419594
/content/Dataset/Test/Real/real_3801.jpg,1,1,True,4.3282703700242564e-05,0.9999567270278931
/content/Dataset/Test/Real/real_3802.jpg,1,1,True,3.528618981363252e-05,0.999964714050293
/content/Dataset/Test/Real/real_3803.jpg,1,1,True,2.744482844718732e-05,0.9999725818634033
/content/Dataset/Test/Real/real_3804.jpg,1,1,True,3.154546720907092e-05,0.999968409538269
/content/Dataset/Test/Real/real_3805.jpg,1,0,False,0.8579179048538208,0.1420821100473404
/content/Dataset/Test/Real/real_3806.jpg,1,1,True,0.004100254736840725,0.9958997368812561
/content/Dataset/Test/Real/real_3807.jpg,1,1,True,5.441702887765132e-05,0.9999455213546753
/content/Dataset/Test/Real/real_3808.jpg,1,1,True,2.8723245122819208e-05,0.9999712705612183
/content/Dataset/Test/Real/real_3809.jpg,1,1,True,0.0007246558670885861,0.9992753863334656
/content/Dataset/Test/Real/real_381.jpg,1,1,True,0.00013980087533127517,0.9998601675033569
/content/Dataset/Test/Real/real_3810.jpg,1,1,True,0.0002846150891855359,0.9997153878211975
/content/Dataset/Test/Real/real_3811.jpg,1,1,True,3.138197644148022e-05,0.9999686479568481
/content/Dataset/Test/Real/real_3812.jpg,1,1,True,2.168957689718809e-05,0.9999783039093018
/content/Dataset/Test/Real/real_3813.jpg,1,1,True,2.1695434043067507e-05,0.9999783039093018
/content/Dataset/Test/Real/real_3814.jpg,1,1,True,7.451493729604408e-05,0.9999254941940308
/content/Dataset/Test/Real/real_3815.jpg,1,1,True,2.361633778491523e-05,0.999976396560669
/content/Dataset/Test/Real/real_3816.jpg,1,1,True,2.122820478689391e-05,0.99997878074646
/content/Dataset/Test/Real/real_3817.jpg,1,1,True,0.0005973062943667173,0.999402642250061
/content/Dataset/Test/Real/real_3818.jpg,1,1,True,4.189259925624356e-05,0.9999581575393677
/content/Dataset/Test/Real/real_3819.jpg,1,1,True,2.115545248670969e-05,0.9999788999557495
/content/Dataset/Test/Real/real_382.jpg,1,1,True,2.1462175936903805e-05,0.9999785423278809
/content/Dataset/Test/Real/real_3820.jpg,1,1,True,4.058768899994902e-05,0.9999594688415527
/content/Dataset/Test/Real/real_3821.jpg,1,1,True,2.4149501768988557e-05,0.9999758005142212
/content/Dataset/Test/Real/real_3822.jpg,1,1,True,2.9704142434638925e-05,0.9999703168869019
/content/Dataset/Test/Real/real_3823.jpg,1,1,True,2.2713687940267846e-05,0.9999772310256958
/content/Dataset/Test/Real/real_3824.jpg,1,1,True,2.4266453692689538e-05,0.9999756813049316
/content/Dataset/Test/Real/real_3825.jpg,1,1,True,2.3606566173839383e-05,0.999976396560669
/content/Dataset/Test/Real/real_3826.jpg,1,1,True,2.1129080778337084e-05,0.9999788999557495
/content/Dataset/Test/Real/real_3827.jpg,1,1,True,5.2119990868959576e-05,0.9999479055404663
/content/Dataset/Test/Real/real_3828.jpg,1,1,True,2.143419442290906e-05,0.9999785423278809
/content/Dataset/Test/Real/real_3829.jpg,1,1,True,2.1896243197261356e-05,0.9999780654907227
/content/Dataset/Test/Real/real_383.jpg,1,1,True,6.16008837823756e-05,0.9999383687973022
/content/Dataset/Test/Real/real_3830.jpg,1,0,False,0.9925161004066467,0.007483884692192078
/content/Dataset/Test/Real/real_3831.jpg,1,1,True,0.00016513785521965474,0.9998347759246826
/content/Dataset/Test/Real/real_3832.jpg,1,1,True,5.154464815859683e-05,0.9999485015869141
/content/Dataset/Test/Real/real_3833.jpg,1,1,True,2.93632983812131e-05,0.9999706745147705
/content/Dataset/Test/Real/real_3834.jpg,1,1,True,3.8372141716536134e-05,0.9999616146087646
/content/Dataset/Test/Real/real_3835.jpg,1,1,True,8.048966265050694e-05,0.9999195337295532
/content/Dataset/Test/Real/real_3836.jpg,1,0,False,0.9739901423454285,0.026009827852249146
/content/Dataset/Test/Real/real_3837.jpg,1,1,True,0.001259554992429912,0.9987404942512512
/content/Dataset/Test/Real/real_3838.jpg,1,1,True,7.689608901273459e-05,0.9999231100082397
/content/Dataset/Test/Real/real_3839.jpg,1,0,False,0.9999088048934937,9.1138543211855e-05
/content/Dataset/Test/Real/real_384.jpg,1,1,True,0.04978499561548233,0.9502149820327759
/content/Dataset/Test/Real/real_3840.jpg,1,0,False,0.9997972846031189,0.0002027886948781088
/content/Dataset/Test/Real/real_3841.jpg,1,1,True,0.2371315360069275,0.7628684043884277
/content/Dataset/Test/Real/real_3842.jpg,1,0,False,0.9998878240585327,0.00011213257675990462
/content/Dataset/Test/Real/real_3843.jpg,1,0,False,0.9999610185623169,3.900457886629738e-05
/content/Dataset/Test/Real/real_3844.jpg,1,1,True,9.384490840602666e-05,0.9999061822891235
/content/Dataset/Test/Real/real_3845.jpg,1,1,True,0.000265673705143854,0.9997343420982361
/content/Dataset/Test/Real/real_3846.jpg,1,1,True,0.0014205167535692453,0.9985795021057129
/content/Dataset/Test/Real/real_3847.jpg,1,1,True,0.2390012890100479,0.7609987854957581
/content/Dataset/Test/Real/real_3848.jpg,1,0,False,0.9930163621902466,0.006983584724366665
/content/Dataset/Test/Real/real_3849.jpg,1,1,True,0.0033950970973819494,0.9966049194335938
/content/Dataset/Test/Real/real_385.jpg,1,1,True,2.615951598272659e-05,0.9999738931655884
/content/Dataset/Test/Real/real_3850.jpg,1,1,True,0.34515148401260376,0.6548485159873962
/content/Dataset/Test/Real/real_3851.jpg,1,1,True,2.2422926122089848e-05,0.9999775886535645
/content/Dataset/Test/Real/real_3852.jpg,1,1,True,4.5902590500190854e-05,0.999954104423523
/content/Dataset/Test/Real/real_3853.jpg,1,1,True,3.0820854590274394e-05,0.9999691247940063
/content/Dataset/Test/Real/real_3854.jpg,1,1,True,2.6813149816007353e-05,0.9999731779098511
/content/Dataset/Test/Real/real_3855.jpg,1,1,True,0.018814846873283386,0.9811851382255554
/content/Dataset/Test/Real/real_3856.jpg,1,1,True,2.1563666450674646e-05,0.9999784231185913
/content/Dataset/Test/Real/real_3857.jpg,1,0,False,0.9998695850372314,0.00013034390576649457
/content/Dataset/Test/Real/real_3858.jpg,1,0,False,0.9998835325241089,0.0001164777931990102
/content/Dataset/Test/Real/real_3859.jpg,1,1,True,5.898857853026129e-05,0.9999409914016724
/content/Dataset/Test/Real/real_386.jpg,1,1,True,4.087910201633349e-05,0.9999591112136841
/content/Dataset/Test/Real/real_3860.jpg,1,0,False,0.9999614953994751,3.856058538076468e-05
/content/Dataset/Test/Real/real_3861.jpg,1,0,False,0.9999097585678101,9.026146290125325e-05
/content/Dataset/Test/Real/real_3862.jpg,1,0,False,0.9989870190620422,0.0010129691800102592
/content/Dataset/Test/Real/real_3863.jpg,1,0,False,0.9996559619903564,0.00034402208984829485
/content/Dataset/Test/Real/real_3864.jpg,1,0,False,0.9996669292449951,0.0003330577164888382
/content/Dataset/Test/Real/real_3865.jpg,1,0,False,0.9999585151672363,4.150960376136936e-05
/content/Dataset/Test/Real/real_3866.jpg,1,0,False,0.9999313354492188,6.870847573736683e-05
/content/Dataset/Test/Real/real_3867.jpg,1,1,True,2.2049292965675704e-05,0.9999779462814331
/content/Dataset/Test/Real/real_3868.jpg,1,1,True,2.4653594664414413e-05,0.999975323677063
/content/Dataset/Test/Real/real_3869.jpg,1,1,True,4.8570971557637677e-05,0.9999514818191528
/content/Dataset/Test/Real/real_387.jpg,1,1,True,0.00021562166512012482,0.9997844099998474
/content/Dataset/Test/Real/real_3870.jpg,1,1,True,0.00021421205019578338,0.999785840511322
/content/Dataset/Test/Real/real_3871.jpg,1,0,False,0.9999412298202515,5.877162766410038e-05
/content/Dataset/Test/Real/real_3872.jpg,1,0,False,0.9999648332595825,3.5137498343829066e-05
/content/Dataset/Test/Real/real_3873.jpg,1,1,True,0.000100673183624167,0.9998992681503296
/content/Dataset/Test/Real/real_3874.jpg,1,1,True,0.0007600298267789185,0.9992400407791138
/content/Dataset/Test/Real/real_3875.jpg,1,1,True,0.00022890375112183392,0.9997710585594177
/content/Dataset/Test/Real/real_3876.jpg,1,1,True,0.17847944796085358,0.8215205669403076
/content/Dataset/Test/Real/real_3877.jpg,1,1,True,0.0001026786703732796,0.9998973608016968
/content/Dataset/Test/Real/real_3878.jpg,1,1,True,5.214853081270121e-05,0.9999479055404663
/content/Dataset/Test/Real/real_3879.jpg,1,1,True,4.069170609000139e-05,0.9999593496322632
/content/Dataset/Test/Real/real_388.jpg,1,1,True,0.08013108372688293,0.9198688864707947
/content/Dataset/Test/Real/real_3880.jpg,1,1,True,5.5152613640530035e-05,0.999944806098938
/content/Dataset/Test/Real/real_3881.jpg,1,0,False,0.9997991919517517,0.00020077891531400383
/content/Dataset/Test/Real/real_3882.jpg,1,1,True,2.7811369363917038e-05,0.9999722242355347
/content/Dataset/Test/Real/real_3883.jpg,1,0,False,0.5134048461914062,0.48659512400627136
/content/Dataset/Test/Real/real_3884.jpg,1,1,True,0.0001337772118858993,0.999866247177124
/content/Dataset/Test/Real/real_3885.jpg,1,1,True,0.0009122594492509961,0.9990876913070679
/content/Dataset/Test/Real/real_3886.jpg,1,1,True,3.1008537916932255e-05,0.9999690055847168
/content/Dataset/Test/Real/real_3887.jpg,1,1,True,6.124697392806411e-05,0.9999387264251709
/content/Dataset/Test/Real/real_3888.jpg,1,1,True,5.611069718725048e-05,0.9999438524246216
/content/Dataset/Test/Real/real_3889.jpg,1,1,True,5.500124825630337e-05,0.9999450445175171
/content/Dataset/Test/Real/real_389.jpg,1,1,True,2.2430840544984676e-05,0.9999775886535645
/content/Dataset/Test/Real/real_3890.jpg,1,0,False,0.9887269735336304,0.01127301249653101
/content/Dataset/Test/Real/real_3891.jpg,1,1,True,3.707481300807558e-05,0.9999629259109497
/content/Dataset/Test/Real/real_3892.jpg,1,0,False,0.9984795451164246,0.0015204258961603045
/content/Dataset/Test/Real/real_3893.jpg,1,0,False,0.6091782450675964,0.39082175493240356
/content/Dataset/Test/Real/real_3894.jpg,1,1,True,8.163858001353219e-05,0.9999183416366577
/content/Dataset/Test/Real/real_3895.jpg,1,0,False,0.9999628067016602,3.720720997080207e-05
/content/Dataset/Test/Real/real_3896.jpg,1,0,False,0.9999619722366333,3.8048419810365885e-05
/content/Dataset/Test/Real/real_3897.jpg,1,1,True,2.8695756554952823e-05,0.9999712705612183
/content/Dataset/Test/Real/real_3898.jpg,1,1,True,0.0968727394938469,0.9031272530555725
/content/Dataset/Test/Real/real_3899.jpg,1,1,True,9.279255755245686e-05,0.9999072551727295
/content/Dataset/Test/Real/real_39.jpg,1,1,True,0.00019458052702248096,0.9998053908348083
/content/Dataset/Test/Real/real_390.jpg,1,1,True,3.311867476440966e-05,0.9999668598175049
/content/Dataset/Test/Real/real_3900.jpg,1,1,True,8.31501602078788e-05,0.9999167919158936
/content/Dataset/Test/Real/real_3901.jpg,1,1,True,2.6051713575725444e-05,0.9999738931655884
/content/Dataset/Test/Real/real_3902.jpg,1,1,True,0.05020097270607948,0.9497990608215332
/content/Dataset/Test/Real/real_3903.jpg,1,0,False,0.9963082671165466,0.0036916565150022507
/content/Dataset/Test/Real/real_3904.jpg,1,0,False,0.9998865127563477,0.00011344187805661932
/content/Dataset/Test/Real/real_3905.jpg,1,1,True,0.0002739571500569582,0.9997259974479675
/content/Dataset/Test/Real/real_3906.jpg,1,1,True,0.024232257157564163,0.9757677316665649
/content/Dataset/Test/Real/real_3907.jpg,1,0,False,0.9917222857475281,0.008277690038084984
/content/Dataset/Test/Real/real_3908.jpg,1,1,True,0.0004020135384052992,0.99959796667099
/content/Dataset/Test/Real/real_3909.jpg,1,0,False,0.9999560117721558,4.393904600874521e-05
/content/Dataset/Test/Real/real_391.jpg,1,1,True,3.5602970456238836e-05,0.9999643564224243
/content/Dataset/Test/Real/real_3910.jpg,1,1,True,2.2018550225766376e-05,0.9999779462814331
/content/Dataset/Test/Real/real_3911.jpg,1,1,True,6.924692570464686e-05,0.999930739402771
/content/Dataset/Test/Real/real_3912.jpg,1,1,True,2.086488893837668e-05,0.9999791383743286
/content/Dataset/Test/Real/real_3913.jpg,1,1,True,2.8635944545385428e-05,0.9999713897705078
/content/Dataset/Test/Real/real_3914.jpg,1,0,False,0.9989684820175171,0.0010315413819625974
/content/Dataset/Test/Real/real_3915.jpg,1,0,False,0.9999493360519409,5.0666843890212476e-05
/content/Dataset/Test/Real/real_3916.jpg,1,0,False,0.9999163150787354,8.364034874830395e-05
/content/Dataset/Test/Real/real_3917.jpg,1,1,True,5.35307772224769e-05,0.9999464750289917
/content/Dataset/Test/Real/real_3918.jpg,1,1,True,7.747032941551879e-05,0.999922513961792
/content/Dataset/Test/Real/real_3919.jpg,1,1,True,0.384503573179245,0.6154963970184326
/content/Dataset/Test/Real/real_392.jpg,1,1,True,2.6588590117171407e-05,0.9999734163284302
/content/Dataset/Test/Real/real_3920.jpg,1,0,False,0.9999145269393921,8.54559475556016e-05
/content/Dataset/Test/Real/real_3921.jpg,1,1,True,0.344376802444458,0.655623197555542
/content/Dataset/Test/Real/real_3922.jpg,1,0,False,0.9907683730125427,0.009231639094650745
/content/Dataset/Test/Real/real_3923.jpg,1,0,False,0.5808966755867004,0.41910335421562195
/content/Dataset/Test/Real/real_3924.jpg,1,1,True,0.05383673682808876,0.9461632966995239
/content/Dataset/Test/Real/real_3925.jpg,1,1,True,2.463981945766136e-05,0.999975323677063
/content/Dataset/Test/Real/real_3926.jpg,1,0,False,0.9998719692230225,0.00012805763981305063
/content/Dataset/Test/Real/real_3927.jpg,1,1,True,0.0004982850514352322,0.9995017051696777
/content/Dataset/Test/Real/real_3928.jpg,1,1,True,2.1237399778328836e-05,0.99997878074646
/content/Dataset/Test/Real/real_3929.jpg,1,1,True,2.6292818802176043e-05,0.9999736547470093
/content/Dataset/Test/Real/real_393.jpg,1,0,False,0.9999616146087646,3.839677810901776e-05
/content/Dataset/Test/Real/real_3930.jpg,1,1,True,0.00029054871993139386,0.99970942735672
/content/Dataset/Test/Real/real_3931.jpg,1,1,True,2.2280748453340493e-05,0.999977707862854
/content/Dataset/Test/Real/real_3932.jpg,1,1,True,3.2150608603842556e-05,0.9999678134918213
/content/Dataset/Test/Real/real_3933.jpg,1,1,True,9.184776718029752e-05,0.9999080896377563
/content/Dataset/Test/Real/real_3934.jpg,1,1,True,8.486321894451976e-05,0.9999151229858398
/content/Dataset/Test/Real/real_3935.jpg,1,1,True,2.266571573272813e-05,0.9999773502349854
/content/Dataset/Test/Real/real_3936.jpg,1,1,True,2.2900847397977486e-05,0.9999771118164062
/content/Dataset/Test/Real/real_3937.jpg,1,0,False,0.5584446787834167,0.44155532121658325
/content/Dataset/Test/Real/real_3938.jpg,1,1,True,2.5828385332715698e-05,0.9999741315841675
/content/Dataset/Test/Real/real_3939.jpg,1,1,True,2.2176918719196692e-05,0.9999778270721436
/content/Dataset/Test/Real/real_394.jpg,1,1,True,2.4012333597056568e-05,0.9999760389328003
/content/Dataset/Test/Real/real_3940.jpg,1,0,False,0.9828616380691528,0.017138369381427765
/content/Dataset/Test/Real/real_3941.jpg,1,1,True,2.9512364562833682e-05,0.9999704360961914
/content/Dataset/Test/Real/real_3942.jpg,1,1,True,0.0021122212056070566,0.9978877902030945
/content/Dataset/Test/Real/real_3943.jpg,1,0,False,0.9609963297843933,0.03900369256734848
/content/Dataset/Test/Real/real_3944.jpg,1,1,True,0.0012733956100419164,0.9987265467643738
/content/Dataset/Test/Real/real_3945.jpg,1,0,False,0.9184010624885559,0.08159898221492767
/content/Dataset/Test/Real/real_3946.jpg,1,1,True,2.110628156515304e-05,0.9999788999557495
/content/Dataset/Test/Real/real_3947.jpg,1,1,True,0.3205268085002899,0.6794731616973877
/content/Dataset/Test/Real/real_3948.jpg,1,0,False,0.9999643564224243,3.5620836570160463e-05
/content/Dataset/Test/Real/real_3949.jpg,1,0,False,0.999941349029541,5.8702618844108656e-05
/content/Dataset/Test/Real/real_395.jpg,1,1,True,2.5118692065007053e-05,0.9999748468399048
/content/Dataset/Test/Real/real_3950.jpg,1,0,False,0.9982807636260986,0.0017192780505865812
/content/Dataset/Test/Real/real_3951.jpg,1,1,True,2.2636984795099124e-05,0.9999773502349854
/content/Dataset/Test/Real/real_3952.jpg,1,1,True,2.2766427719034255e-05,0.9999772310256958
/content/Dataset/Test/Real/real_3953.jpg,1,1,True,0.001031119260005653,0.9989688396453857
/content/Dataset/Test/Real/real_3954.jpg,1,1,True,0.00013738030975218862,0.999862551689148
/content/Dataset/Test/Real/real_3955.jpg,1,1,True,2.060985571006313e-05,0.9999793767929077
/content/Dataset/Test/Real/real_3956.jpg,1,1,True,2.4178812964237295e-05,0.9999758005142212
/content/Dataset/Test/Real/real_3957.jpg,1,0,False,0.8863028883934021,0.1136971265077591
/content/Dataset/Test/Real/real_3958.jpg,1,0,False,0.9999396800994873,6.035559272277169e-05
/content/Dataset/Test/Real/real_3959.jpg,1,1,True,0.2989053428173065,0.7010946273803711
/content/Dataset/Test/Real/real_396.jpg,1,1,True,5.759291161666624e-05,0.999942421913147
/content/Dataset/Test/Real/real_3960.jpg,1,1,True,2.239240893686656e-05,0.9999775886535645
/content/Dataset/Test/Real/real_3961.jpg,1,1,True,2.0426494302228093e-05,0.9999796152114868
/content/Dataset/Test/Real/real_3962.jpg,1,1,True,3.932420804630965e-05,0.9999606609344482
/content/Dataset/Test/Real/real_3963.jpg,1,1,True,2.919320104410872e-05,0.9999707937240601
/content/Dataset/Test/Real/real_3964.jpg,1,1,True,0.0001720574509818107,0.9998278617858887
/content/Dataset/Test/Real/real_3965.jpg,1,1,True,0.000167971957125701,0.999832034111023
/content/Dataset/Test/Real/real_3966.jpg,1,1,True,5.3541290981229395e-05,0.9999464750289917
/content/Dataset/Test/Real/real_3967.jpg,1,1,True,4.876227103522979e-05,0.9999512434005737
/content/Dataset/Test/Real/real_3968.jpg,1,1,True,3.2989752071443945e-05,0.9999669790267944
/content/Dataset/Test/Real/real_3969.jpg,1,0,False,0.503219485282898,0.49678051471710205
/content/Dataset/Test/Real/real_397.jpg,1,1,True,9.209719428326935e-05,0.9999078512191772
/content/Dataset/Test/Real/real_3970.jpg,1,0,False,0.9999598264694214,4.023085057269782e-05
/content/Dataset/Test/Real/real_3971.jpg,1,1,True,2.767521800706163e-05,0.9999723434448242
/content/Dataset/Test/Real/real_3972.jpg,1,1,True,3.744859714061022e-05,0.999962568283081
/content/Dataset/Test/Real/real_3973.jpg,1,1,True,6.23261439613998e-05,0.9999376535415649
/content/Dataset/Test/Real/real_3974.jpg,1,1,True,2.1308038412826136e-05,0.9999786615371704
/content/Dataset/Test/Real/real_3975.jpg,1,0,False,0.9999575614929199,4.246059324941598e-05
/content/Dataset/Test/Real/real_3976.jpg,1,1,True,0.055615928024053574,0.9443840980529785
/content/Dataset/Test/Real/real_3977.jpg,1,1,True,0.0012039985740557313,0.9987959861755371
/content/Dataset/Test/Real/real_3978.jpg,1,1,True,2.643819789227564e-05,0.9999735355377197
/content/Dataset/Test/Real/real_3979.jpg,1,1,True,2.2606265702052042e-05,0.9999773502349854
/content/Dataset/Test/Real/real_398.jpg,1,1,True,2.106909960275516e-05,0.9999788999557495
/content/Dataset/Test/Real/real_3980.jpg,1,1,True,2.249394492537249e-05,0.9999774694442749
/content/Dataset/Test/Real/real_3981.jpg,1,1,True,4.070668728672899e-05,0.9999593496322632
/content/Dataset/Test/Real/real_3982.jpg,1,1,True,3.406299583730288e-05,0.9999659061431885
/content/Dataset/Test/Real/real_3983.jpg,1,1,True,0.0006373345386236906,0.9993626475334167
/content/Dataset/Test/Real/real_3984.jpg,1,1,True,0.06879452615976334,0.9312054514884949
/content/Dataset/Test/Real/real_3985.jpg,1,1,True,4.4238229747861624e-05,0.9999557733535767
/content/Dataset/Test/Real/real_3986.jpg,1,1,True,2.2179583538672887e-05,0.9999778270721436
/content/Dataset/Test/Real/real_3987.jpg,1,1,True,0.3282226622104645,0.6717773675918579
/content/Dataset/Test/Real/real_3988.jpg,1,1,True,0.0028744845185428858,0.9971255660057068
/content/Dataset/Test/Real/real_3989.jpg,1,1,True,2.354233402002137e-05,0.9999765157699585
/content/Dataset/Test/Real/real_399.jpg,1,1,True,2.0587973267538473e-05,0.9999793767929077
/content/Dataset/Test/Real/real_3990.jpg,1,1,True,2.042542109848e-05,0.9999796152114868
/content/Dataset/Test/Real/real_3991.jpg,1,0,False,0.9842966198921204,0.015703421086072922
/content/Dataset/Test/Real/real_3992.jpg,1,0,False,0.7103493213653564,0.28965070843696594
/content/Dataset/Test/Real/real_3993.jpg,1,1,True,2.4161940018530004e-05,0.9999758005142212
/content/Dataset/Test/Real/real_3994.jpg,1,1,True,3.3121421438409016e-05,0.9999668598175049
/content/Dataset/Test/Real/real_3995.jpg,1,1,True,2.6546786102699116e-05,0.9999734163284302
/content/Dataset/Test/Real/real_3996.jpg,1,1,True,2.3506037905463018e-05,0.9999765157699585
/content/Dataset/Test/Real/real_3997.jpg,1,1,True,0.031323257833719254,0.968676745891571
/content/Dataset/Test/Real/real_3998.jpg,1,1,True,2.885934736696072e-05,0.9999711513519287
/content/Dataset/Test/Real/real_3999.jpg,1,1,True,2.2899646864971146e-05,0.9999771118164062
/content/Dataset/Test/Real/real_4.jpg,1,1,True,8.692160190548748e-05,0.9999130964279175
/content/Dataset/Test/Real/real_40.jpg,1,1,True,0.0002010200551012531,0.9997989535331726
/content/Dataset/Test/Real/real_400.jpg,1,1,True,2.286117523908615e-05,0.9999771118164062
/content/Dataset/Test/Real/real_4000.jpg,1,1,True,2.4477494662278332e-05,0.9999755620956421
/content/Dataset/Test/Real/real_4001.jpg,1,0,False,0.9986017346382141,0.0013983286917209625
/content/Dataset/Test/Real/real_4002.jpg,1,0,False,0.9434197545051575,0.05658026039600372
/content/Dataset/Test/Real/real_4003.jpg,1,0,False,0.9999368190765381,6.317880615824834e-05
/content/Dataset/Test/Real/real_4004.jpg,1,0,False,0.9995114803314209,0.0004885435337200761
/content/Dataset/Test/Real/real_4005.jpg,1,1,True,0.002420149277895689,0.9975798726081848
/content/Dataset/Test/Real/real_4006.jpg,1,1,True,0.00013366882922127843,0.9998663663864136
/content/Dataset/Test/Real/real_4007.jpg,1,1,True,0.00017545725859235972,0.999824583530426
/content/Dataset/Test/Real/real_4008.jpg,1,1,True,0.016696911305189133,0.9833031296730042
/content/Dataset/Test/Real/real_4009.jpg,1,0,False,0.7598569989204407,0.24014300107955933
/content/Dataset/Test/Real/real_401.jpg,1,1,True,2.5228953745681792e-05,0.9999747276306152
/content/Dataset/Test/Real/real_4010.jpg,1,0,False,0.9999539852142334,4.605377034749836e-05
/content/Dataset/Test/Real/real_4011.jpg,1,1,True,6.1945611378178e-05,0.9999380111694336
/content/Dataset/Test/Real/real_4012.jpg,1,1,True,6.636998296016827e-05,0.9999336004257202
/content/Dataset/Test/Real/real_4013.jpg,1,1,True,2.7247257094131783e-05,0.9999727010726929
/content/Dataset/Test/Real/real_4014.jpg,1,1,True,2.195927118009422e-05,0.9999780654907227
/content/Dataset/Test/Real/real_4015.jpg,1,0,False,0.9982604384422302,0.0017395189497619867
/content/Dataset/Test/Real/real_4016.jpg,1,0,False,0.9999481439590454,5.191066884435713e-05
/content/Dataset/Test/Real/real_4017.jpg,1,1,True,0.0001167831796919927,0.9998831748962402
/content/Dataset/Test/Real/real_4018.jpg,1,1,True,2.3020818844088353e-05,0.9999769926071167
/content/Dataset/Test/Real/real_4019.jpg,1,1,True,2.3718695956631564e-05,0.9999762773513794
/content/Dataset/Test/Real/real_402.jpg,1,1,True,3.6951769288862124e-05,0.9999630451202393
/content/Dataset/Test/Real/real_4020.jpg,1,1,True,5.133371814736165e-05,0.9999486207962036
/content/Dataset/Test/Real/real_4021.jpg,1,1,True,2.3543812858406454e-05,0.999976396560669
/content/Dataset/Test/Real/real_4022.jpg,1,1,True,2.0701174435089342e-05,0.9999792575836182
/content/Dataset/Test/Real/real_4023.jpg,1,1,True,2.47595708060544e-05,0.9999752044677734
/content/Dataset/Test/Real/real_4024.jpg,1,1,True,0.0006040253210812807,0.9993959665298462
/content/Dataset/Test/Real/real_4025.jpg,1,1,True,0.08669449388980865,0.9133055210113525
/content/Dataset/Test/Real/real_4026.jpg,1,1,True,0.004028412513434887,0.9959716200828552
/content/Dataset/Test/Real/real_4027.jpg,1,0,False,0.9999500513076782,4.9969679821515456e-05
/content/Dataset/Test/Real/real_4028.jpg,1,1,True,0.4181092083454132,0.5818908214569092
/content/Dataset/Test/Real/real_4029.jpg,1,0,False,0.997006356716156,0.0029936213977634907
/content/Dataset/Test/Real/real_403.jpg,1,1,True,2.166960621252656e-05,0.9999783039093018
/content/Dataset/Test/Real/real_4030.jpg,1,1,True,0.0009185680537484586,0.9990813732147217
/content/Dataset/Test/Real/real_4031.jpg,1,0,False,0.997736930847168,0.0022630803287029266
/content/Dataset/Test/Real/real_4032.jpg,1,0,False,0.9631118774414062,0.036888137459754944
/content/Dataset/Test/Real/real_4033.jpg,1,0,False,0.9999257326126099,7.42253614589572e-05
/content/Dataset/Test/Real/real_4034.jpg,1,0,False,0.5415917634963989,0.4584082365036011
/content/Dataset/Test/Real/real_4035.jpg,1,1,True,0.0031577730551362038,0.9968422651290894
/content/Dataset/Test/Real/real_4036.jpg,1,1,True,3.517518416629173e-05,0.9999648332595825
/content/Dataset/Test/Real/real_4037.jpg,1,1,True,0.0002277327876072377,0.9997722506523132
/content/Dataset/Test/Real/real_4038.jpg,1,0,False,0.988330602645874,0.011669470928609371
/content/Dataset/Test/Real/real_4039.jpg,1,1,True,3.685140109155327e-05,0.9999631643295288
/content/Dataset/Test/Real/real_404.jpg,1,1,True,2.4896971808630042e-05,0.9999750852584839
/content/Dataset/Test/Real/real_4040.jpg,1,0,False,0.9825465679168701,0.017453480511903763
/content/Dataset/Test/Real/real_4041.jpg,1,1,True,0.00029715622076764703,0.9997028708457947
/content/Dataset/Test/Real/real_4042.jpg,1,1,True,0.47677287459373474,0.5232270956039429
/content/Dataset/Test/Real/real_4043.jpg,1,1,True,3.472623211564496e-05,0.9999653100967407
/content/Dataset/Test/Real/real_4044.jpg,1,1,True,2.1924159227637574e-05,0.9999780654907227
/content/Dataset/Test/Real/real_4045.jpg,1,1,True,2.1822801500093192e-05,0.9999781847000122
/content/Dataset/Test/Real/real_4046.jpg,1,1,True,2.3244556359713897e-05,0.9999767541885376
/content/Dataset/Test/Real/real_4047.jpg,1,0,False,0.999890923500061,0.00010905403178185225
/content/Dataset/Test/Real/real_4048.jpg,1,0,False,0.9997832179069519,0.0002167745988117531
/content/Dataset/Test/Real/real_4049.jpg,1,0,False,0.8554772734642029,0.1445227861404419
/content/Dataset/Test/Real/real_405.jpg,1,1,True,3.900190131389536e-05,0.9999610185623169
/content/Dataset/Test/Real/real_4050.jpg,1,1,True,0.0002902336127590388,0.9997097849845886
/content/Dataset/Test/Real/real_4051.jpg,1,0,False,0.9961243271827698,0.0038756856229156256
/content/Dataset/Test/Real/real_4052.jpg,1,0,False,0.6827681064605713,0.31723183393478394
/content/Dataset/Test/Real/real_4053.jpg,1,1,True,2.432377550576348e-05,0.9999756813049316
/content/Dataset/Test/Real/real_4054.jpg,1,1,True,6.342436972772703e-05,0.999936580657959
/content/Dataset/Test/Real/real_4055.jpg,1,0,False,0.9996604919433594,0.0003395394596736878
/content/Dataset/Test/Real/real_4056.jpg,1,0,False,0.9999256134033203,7.44377393857576e-05
/content/Dataset/Test/Real/real_4057.jpg,1,0,False,0.9999420642852783,5.7990870118374005e-05
/content/Dataset/Test/Real/real_4058.jpg,1,1,True,0.13836485147476196,0.8616350889205933
/content/Dataset/Test/Real/real_4059.jpg,1,1,True,0.00015186538803391159,0.9998481273651123
/content/Dataset/Test/Real/real_406.jpg,1,1,True,2.105879320879467e-05,0.9999788999557495
/content/Dataset/Test/Real/real_4060.jpg,1,1,True,0.0001317337591899559,0.9998682737350464
/content/Dataset/Test/Real/real_4061.jpg,1,1,True,0.0020349505357444286,0.9979650974273682
/content/Dataset/Test/Real/real_4062.jpg,1,1,True,0.2705235183238983,0.7294764518737793
/content/Dataset/Test/Real/real_4063.jpg,1,1,True,2.6151186830247752e-05,0.9999738931655884
/content/Dataset/Test/Real/real_4064.jpg,1,0,False,0.9999167919158936,8.316538878716528e-05
/content/Dataset/Test/Real/real_4065.jpg,1,1,True,2.4575543648097664e-05,0.9999754428863525
/content/Dataset/Test/Real/real_4066.jpg,1,1,True,0.0002027560112765059,0.9997972846031189
/content/Dataset/Test/Real/real_4067.jpg,1,1,True,2.364056126680225e-05,0.999976396560669
/content/Dataset/Test/Real/real_4068.jpg,1,1,True,0.002481229603290558,0.99751877784729
/content/Dataset/Test/Real/real_4069.jpg,1,1,True,0.0005947457393631339,0.9994052648544312
/content/Dataset/Test/Real/real_407.jpg,1,1,True,2.2048745449865237e-05,0.9999779462814331
/content/Dataset/Test/Real/real_4070.jpg,1,1,True,0.00015010038623586297,0.9998499155044556
/content/Dataset/Test/Real/real_4071.jpg,1,1,True,0.0007174039492383599,0.9992826581001282
/content/Dataset/Test/Real/real_4072.jpg,1,1,True,0.0002828915312420577,0.9997170567512512
/content/Dataset/Test/Real/real_4073.jpg,1,1,True,0.00044641303247772157,0.9995536208152771
/content/Dataset/Test/Real/real_4074.jpg,1,1,True,0.04085132107138634,0.9591487050056458
/content/Dataset/Test/Real/real_4075.jpg,1,1,True,0.00026718128356151283,0.9997327923774719
/content/Dataset/Test/Real/real_4076.jpg,1,1,True,0.005647989455610514,0.9943519830703735
/content/Dataset/Test/Real/real_4077.jpg,1,0,False,0.7526893615722656,0.24731062352657318
/content/Dataset/Test/Real/real_4078.jpg,1,1,True,3.5757209843723103e-05,0.9999642372131348
/content/Dataset/Test/Real/real_4079.jpg,1,1,True,3.7762853025924414e-05,0.9999622106552124
/content/Dataset/Test/Real/real_408.jpg,1,1,True,0.42523646354675293,0.5747635364532471
/content/Dataset/Test/Real/real_4080.jpg,1,0,False,0.9999475479125977,5.2443363529164344e-05
/content/Dataset/Test/Real/real_4081.jpg,1,1,True,2.127587686118204e-05,0.99997878074646
/content/Dataset/Test/Real/real_4082.jpg,1,0,False,0.9999575614929199,4.245180753059685e-05
/content/Dataset/Test/Real/real_4083.jpg,1,1,True,8.863497350830585e-05,0.9999113082885742
/content/Dataset/Test/Real/real_4084.jpg,1,1,True,0.00028834326076321304,0.9997116923332214
/content/Dataset/Test/Real/real_4085.jpg,1,1,True,5.098100155009888e-05,0.9999489784240723
/content/Dataset/Test/Real/real_4086.jpg,1,1,True,3.2752264814917e-05,0.9999672174453735
/content/Dataset/Test/Real/real_4087.jpg,1,1,True,4.6802713768556714e-05,0.9999531507492065
/content/Dataset/Test/Real/real_4088.jpg,1,1,True,2.628622496558819e-05,0.9999736547470093
/content/Dataset/Test/Real/real_4089.jpg,1,1,True,7.0830705226399e-05,0.9999291896820068
/content/Dataset/Test/Real/real_409.jpg,1,1,True,3.7420642911456525e-05,0.999962568283081
/content/Dataset/Test/Real/real_4090.jpg,1,1,True,2.6626375984051265e-05,0.9999734163284302
/content/Dataset/Test/Real/real_4091.jpg,1,1,True,5.2357514505274594e-05,0.9999476671218872
/content/Dataset/Test/Real/real_4092.jpg,1,1,True,2.4322776880580932e-05,0.9999756813049316
/content/Dataset/Test/Real/real_4093.jpg,1,1,True,2.6719269953900948e-05,0.9999732971191406
/content/Dataset/Test/Real/real_4094.jpg,1,0,False,0.9999294281005859,7.052996079437435e-05
/content/Dataset/Test/Real/real_4095.jpg,1,0,False,0.9999094009399414,9.064564073923975e-05
/content/Dataset/Test/Real/real_4096.jpg,1,1,True,0.0022370375227183104,0.99776291847229
/content/Dataset/Test/Real/real_4097.jpg,1,1,True,6.607450632145628e-05,0.9999339580535889
/content/Dataset/Test/Real/real_4098.jpg,1,1,True,3.4558503102744e-05,0.9999654293060303
/content/Dataset/Test/Real/real_4099.jpg,1,1,True,0.00018485098553355783,0.9998151659965515
/content/Dataset/Test/Real/real_41.jpg,1,0,False,0.5327746868133545,0.46722525358200073
/content/Dataset/Test/Real/real_410.jpg,1,1,True,2.326638059457764e-05,0.9999767541885376
/content/Dataset/Test/Real/real_4100.jpg,1,1,True,0.00026008006534539163,0.999739944934845
/content/Dataset/Test/Real/real_4101.jpg,1,1,True,3.10612449538894e-05,0.9999688863754272
/content/Dataset/Test/Real/real_4102.jpg,1,0,False,0.6270297765731812,0.37297022342681885
/content/Dataset/Test/Real/real_4103.jpg,1,1,True,2.1408881366369314e-05,0.9999785423278809
/content/Dataset/Test/Real/real_4104.jpg,1,1,True,8.024999988265336e-05,0.9999197721481323
/content/Dataset/Test/Real/real_4105.jpg,1,1,True,0.017901510000228882,0.9820984601974487
/content/Dataset/Test/Real/real_4106.jpg,1,0,False,0.9997486472129822,0.0002513926010578871
/content/Dataset/Test/Real/real_4107.jpg,1,0,False,0.999922513961792,7.751703378744423e-05
/content/Dataset/Test/Real/real_4108.jpg,1,0,False,0.999961256980896,3.8788843085058033e-05
/content/Dataset/Test/Real/real_4109.jpg,1,0,False,0.999962568283081,3.742749322555028e-05
/content/Dataset/Test/Real/real_411.jpg,1,1,True,2.421289354970213e-05,0.9999758005142212
/content/Dataset/Test/Real/real_4110.jpg,1,0,False,0.9999412298202515,5.8740410167956725e-05
/content/Dataset/Test/Real/real_4111.jpg,1,0,False,0.6181805729866028,0.38181936740875244
/content/Dataset/Test/Real/real_4112.jpg,1,0,False,0.9876739382743835,0.012326054275035858
/content/Dataset/Test/Real/real_4113.jpg,1,1,True,0.0003233396855648607,0.9996767044067383
/content/Dataset/Test/Real/real_4114.jpg,1,1,True,0.0003790682530961931,0.9996209144592285
/content/Dataset/Test/Real/real_4115.jpg,1,1,True,2.9792485293000937e-05,0.9999701976776123
/content/Dataset/Test/Real/real_4116.jpg,1,0,False,0.9947092533111572,0.005290710832923651
/content/Dataset/Test/Real/real_4117.jpg,1,1,True,2.406207386229653e-05,0.9999759197235107
/content/Dataset/Test/Real/real_4118.jpg,1,1,True,0.0007235900848172605,0.9992764592170715
/content/Dataset/Test/Real/real_4119.jpg,1,1,True,0.00021317800565157086,0.9997867941856384
/content/Dataset/Test/Real/real_412.jpg,1,1,True,2.2809652364230715e-05,0.9999772310256958
/content/Dataset/Test/Real/real_4120.jpg,1,0,False,0.9988846182823181,0.0011154041858389974
/content/Dataset/Test/Real/real_4121.jpg,1,1,True,2.4205344743677415e-05,0.9999758005142212
/content/Dataset/Test/Real/real_4122.jpg,1,1,True,0.00019505865930113941,0.9998049139976501
/content/Dataset/Test/Real/real_4123.jpg,1,1,True,5.6690059864195064e-05,0.9999432563781738
/content/Dataset/Test/Real/real_4124.jpg,1,1,True,0.00014739380276296288,0.9998525381088257
/content/Dataset/Test/Real/real_4125.jpg,1,0,False,0.8984914422035217,0.10150852054357529
/content/Dataset/Test/Real/real_4126.jpg,1,1,True,2.4368771846638992e-05,0.9999756813049316
/content/Dataset/Test/Real/real_4127.jpg,1,1,True,0.00014951557386666536,0.9998505115509033
/content/Dataset/Test/Real/real_4128.jpg,1,1,True,3.363885480212048e-05,0.9999663829803467
/content/Dataset/Test/Real/real_4129.jpg,1,1,True,2.501427661627531e-05,0.9999749660491943
/content/Dataset/Test/Real/real_413.jpg,1,0,False,0.5055540204048157,0.4944460093975067
/content/Dataset/Test/Real/real_4130.jpg,1,1,True,0.000101100915344432,0.9998989105224609
/content/Dataset/Test/Real/real_4131.jpg,1,1,True,0.0020472314208745956,0.9979526996612549
/content/Dataset/Test/Real/real_4132.jpg,1,0,False,0.5066331624984741,0.4933668076992035
/content/Dataset/Test/Real/real_4133.jpg,1,1,True,0.1495518982410431,0.8504480719566345
/content/Dataset/Test/Real/real_4134.jpg,1,1,True,0.0004558615619316697,0.999544084072113
/content/Dataset/Test/Real/real_4135.jpg,1,0,False,0.9965013265609741,0.003498618956655264
/content/Dataset/Test/Real/real_4136.jpg,1,1,True,2.8322285288595594e-05,0.9999716281890869
/content/Dataset/Test/Real/real_4137.jpg,1,1,True,0.0002831284364219755,0.9997168183326721
/content/Dataset/Test/Real/real_4138.jpg,1,1,True,0.0016392422839999199,0.9983606934547424
/content/Dataset/Test/Real/real_4139.jpg,1,1,True,0.0003830140340141952,0.9996169805526733
/content/Dataset/Test/Real/real_414.jpg,1,1,True,4.378060839371756e-05,0.9999562501907349
/content/Dataset/Test/Real/real_4140.jpg,1,1,True,0.379898339509964,0.6201016306877136
/content/Dataset/Test/Real/real_4141.jpg,1,1,True,0.00012948432413395494,0.9998705387115479
/content/Dataset/Test/Real/real_4142.jpg,1,1,True,2.520743328204844e-05,0.9999748468399048
/content/Dataset/Test/Real/real_4143.jpg,1,1,True,2.2705611627316102e-05,0.9999773502349854
/content/Dataset/Test/Real/real_4144.jpg,1,1,True,0.0003820188285317272,0.9996179342269897
/content/Dataset/Test/Real/real_4145.jpg,1,1,True,0.007864538580179214,0.9921355247497559
/content/Dataset/Test/Real/real_4146.jpg,1,1,True,2.6926023565465584e-05,0.9999730587005615
/content/Dataset/Test/Real/real_4147.jpg,1,1,True,0.00010471748100826517,0.9998952150344849
/content/Dataset/Test/Real/real_4148.jpg,1,1,True,0.0008288812241517007,0.9991711378097534
/content/Dataset/Test/Real/real_4149.jpg,1,0,False,0.9999648332595825,3.520182872307487e-05
/content/Dataset/Test/Real/real_415.jpg,1,1,True,3.30134789692238e-05,0.9999669790267944
/content/Dataset/Test/Real/real_4150.jpg,1,0,False,0.999971866607666,2.8121778086642735e-05
/content/Dataset/Test/Real/real_4151.jpg,1,1,True,0.00014736683806404471,0.9998526573181152
/content/Dataset/Test/Real/real_4152.jpg,1,0,False,0.9999072551727295,9.2705522547476e-05
/content/Dataset/Test/Real/real_4153.jpg,1,0,False,0.990048885345459,0.009951140731573105
/content/Dataset/Test/Real/real_4154.jpg,1,1,True,2.460858922859188e-05,0.9999754428863525
/content/Dataset/Test/Real/real_4155.jpg,1,1,True,3.664537507575005e-05,0.9999634027481079
/content/Dataset/Test/Real/real_4156.jpg,1,1,True,2.2256368538364768e-05,0.999977707862854
/content/Dataset/Test/Real/real_4157.jpg,1,1,True,0.0029865168035030365,0.9970134496688843
/content/Dataset/Test/Real/real_4158.jpg,1,1,True,0.0006522788899019361,0.9993477463722229
/content/Dataset/Test/Real/real_4159.jpg,1,0,False,0.9720081090927124,0.02799185737967491
/content/Dataset/Test/Real/real_416.jpg,1,1,True,2.1557065338129178e-05,0.9999784231185913
/content/Dataset/Test/Real/real_4160.jpg,1,0,False,0.9995260238647461,0.0004739925789181143
/content/Dataset/Test/Real/real_4161.jpg,1,1,True,0.2442370504140854,0.7557629942893982
/content/Dataset/Test/Real/real_4162.jpg,1,0,False,0.999941349029541,5.867978325113654e-05
/content/Dataset/Test/Real/real_4163.jpg,1,1,True,3.756351361516863e-05,0.9999624490737915
/content/Dataset/Test/Real/real_4164.jpg,1,1,True,0.0003415977698750794,0.9996583461761475
/content/Dataset/Test/Real/real_4165.jpg,1,0,False,0.6276545524597168,0.3723454177379608
/content/Dataset/Test/Real/real_4166.jpg,1,1,True,0.20979806780815125,0.7902019023895264
/content/Dataset/Test/Real/real_4167.jpg,1,1,True,0.025844991207122803,0.974155068397522
/content/Dataset/Test/Real/real_4168.jpg,1,1,True,0.00017933017807081342,0.9998206496238708
/content/Dataset/Test/Real/real_4169.jpg,1,1,True,0.003032275941222906,0.9969677329063416
/content/Dataset/Test/Real/real_417.jpg,1,0,False,0.9004426002502441,0.09955733269453049
/content/Dataset/Test/Real/real_4170.jpg,1,1,True,0.00044463519589044154,0.9995552897453308
/content/Dataset/Test/Real/real_4171.jpg,1,1,True,0.050172626972198486,0.9498274326324463
/content/Dataset/Test/Real/real_4172.jpg,1,1,True,4.3641550291795284e-05,0.9999563694000244
/content/Dataset/Test/Real/real_4173.jpg,1,1,True,0.0005278274766169488,0.9994722008705139
/content/Dataset/Test/Real/real_4174.jpg,1,0,False,0.9988090991973877,0.001190950977616012
/content/Dataset/Test/Real/real_4175.jpg,1,0,False,0.999440610408783,0.000559402396902442
/content/Dataset/Test/Real/real_4176.jpg,1,0,False,0.9999351501464844,6.487605423899367e-05
/content/Dataset/Test/Real/real_4177.jpg,1,0,False,0.5713053345680237,0.42869460582733154
/content/Dataset/Test/Real/real_4178.jpg,1,1,True,8.838556823320687e-05,0.9999116659164429
/content/Dataset/Test/Real/real_4179.jpg,1,0,False,0.9993082284927368,0.0006917115533724427
/content/Dataset/Test/Real/real_418.jpg,1,1,True,2.6555142540019006e-05,0.9999734163284302
/content/Dataset/Test/Real/real_4180.jpg,1,1,True,2.2675900254398584e-05,0.9999773502349854
/content/Dataset/Test/Real/real_4181.jpg,1,1,True,0.012152940966188908,0.987847089767456
/content/Dataset/Test/Real/real_4182.jpg,1,1,True,7.230051414808258e-05,0.9999276399612427
/content/Dataset/Test/Real/real_4183.jpg,1,0,False,0.9999253749847412,7.45820434531197e-05
/content/Dataset/Test/Real/real_4184.jpg,1,1,True,0.03393487259745598,0.9660651087760925
/content/Dataset/Test/Real/real_4185.jpg,1,1,True,0.0006050491938367486,0.9993948936462402
/content/Dataset/Test/Real/real_4186.jpg,1,1,True,2.1589819880318828e-05,0.9999784231185913
/content/Dataset/Test/Real/real_4187.jpg,1,1,True,0.0002479093673173338,0.9997521042823792
/content/Dataset/Test/Real/real_4188.jpg,1,1,True,0.00040875072591006756,0.9995912909507751
/content/Dataset/Test/Real/real_4189.jpg,1,1,True,0.0729542076587677,0.9270457625389099
/content/Dataset/Test/Real/real_419.jpg,1,1,True,3.900718365912326e-05,0.9999610185623169
/content/Dataset/Test/Real/real_4190.jpg,1,0,False,0.9999312162399292,6.875657709315419e-05
/content/Dataset/Test/Real/real_4191.jpg,1,1,True,0.000752194260712713,0.9992477893829346
/content/Dataset/Test/Real/real_4192.jpg,1,1,True,0.03785606101155281,0.9621439576148987
/content/Dataset/Test/Real/real_4193.jpg,1,1,True,0.011857908219099045,0.9881420731544495
/content/Dataset/Test/Real/real_4194.jpg,1,1,True,0.0008825373952277005,0.9991174340248108
/content/Dataset/Test/Real/real_4195.jpg,1,1,True,2.124144884874113e-05,0.99997878074646
/content/Dataset/Test/Real/real_4196.jpg,1,1,True,0.00038767565274611115,0.9996123909950256
/content/Dataset/Test/Real/real_4197.jpg,1,1,True,0.012983170337975025,0.9870168566703796
/content/Dataset/Test/Real/real_4198.jpg,1,1,True,2.2381947928806767e-05,0.9999775886535645
/content/Dataset/Test/Real/real_4199.jpg,1,1,True,2.2421472749556415e-05,0.9999775886535645
/content/Dataset/Test/Real/real_42.jpg,1,1,True,0.1139737069606781,0.8860262632369995
/content/Dataset/Test/Real/real_420.jpg,1,1,True,0.0009856086689978838,0.9990143775939941
/content/Dataset/Test/Real/real_4200.jpg,1,1,True,2.0117353415116668e-05,0.9999798536300659
/content/Dataset/Test/Real/real_4201.jpg,1,1,True,0.008445028215646744,0.9915550351142883
/content/Dataset/Test/Real/real_4202.jpg,1,1,True,0.31752967834472656,0.6824703216552734
/content/Dataset/Test/Real/real_4203.jpg,1,1,True,0.18680058419704437,0.8131994009017944
/content/Dataset/Test/Real/real_4204.jpg,1,1,True,2.181616218877025e-05,0.9999781847000122
/content/Dataset/Test/Real/real_4205.jpg,1,1,True,0.0002975652751047164,0.9997023940086365
/content/Dataset/Test/Real/real_4206.jpg,1,1,True,8.272655395558104e-05,0.9999172687530518
/content/Dataset/Test/Real/real_4207.jpg,1,0,False,0.6641154885292053,0.3358845114707947
/content/Dataset/Test/Real/real_4208.jpg,1,1,True,0.29636839032173157,0.7036316394805908
/content/Dataset/Test/Real/real_4209.jpg,1,1,True,0.39089566469192505,0.609104335308075
/content/Dataset/Test/Real/real_421.jpg,1,0,False,0.7283368706703186,0.271663099527359
/content/Dataset/Test/Real/real_4210.jpg,1,0,False,0.8712792992591858,0.1287207454442978
/content/Dataset/Test/Real/real_4211.jpg,1,0,False,0.8922271132469177,0.1077728345990181
/content/Dataset/Test/Real/real_4212.jpg,1,0,False,0.9808456897735596,0.019154304638504982
/content/Dataset/Test/Real/real_4213.jpg,1,0,False,0.5317497849464417,0.46825021505355835
/content/Dataset/Test/Real/real_4214.jpg,1,1,True,4.671425267588347e-05,0.9999532699584961
/content/Dataset/Test/Real/real_4215.jpg,1,1,True,2.8618007490877062e-05,0.9999713897705078
/content/Dataset/Test/Real/real_4216.jpg,1,1,True,0.001757630379870534,0.9982423782348633
/content/Dataset/Test/Real/real_4217.jpg,1,1,True,2.3238038920680992e-05,0.9999767541885376
/content/Dataset/Test/Real/real_4218.jpg,1,1,True,0.0017930364701896906,0.9982069730758667
/content/Dataset/Test/Real/real_4219.jpg,1,0,False,0.7710399031639099,0.22896012663841248
/content/Dataset/Test/Real/real_422.jpg,1,1,True,2.4785747882560827e-05,0.9999752044677734
/content/Dataset/Test/Real/real_4220.jpg,1,1,True,2.5536201064824127e-05,0.9999744892120361
/content/Dataset/Test/Real/real_4221.jpg,1,1,True,0.00011345702660037205,0.9998865127563477
/content/Dataset/Test/Real/real_4222.jpg,1,1,True,0.00025286711752414703,0.999747097492218
/content/Dataset/Test/Real/real_4223.jpg,1,1,True,0.00013561101513914764,0.9998643398284912
/content/Dataset/Test/Real/real_4224.jpg,1,1,True,0.00012223182420711964,0.9998778104782104
/content/Dataset/Test/Real/real_4225.jpg,1,1,True,0.00040677294600754976,0.999593198299408
/content/Dataset/Test/Real/real_4226.jpg,1,1,True,0.0037548569962382317,0.9962450861930847
/content/Dataset/Test/Real/real_4227.jpg,1,1,True,2.422885700070765e-05,0.9999758005142212
/content/Dataset/Test/Real/real_4228.jpg,1,1,True,0.0003222241357434541,0.9996777772903442
/content/Dataset/Test/Real/real_4229.jpg,1,0,False,0.9998396635055542,0.00016032248095143586
/content/Dataset/Test/Real/real_423.jpg,1,1,True,3.965000360039994e-05,0.9999603033065796
/content/Dataset/Test/Real/real_4230.jpg,1,1,True,0.0004432693822309375,0.9995567202568054
/content/Dataset/Test/Real/real_4231.jpg,1,0,False,0.9229445457458496,0.07705538719892502
/content/Dataset/Test/Real/real_4232.jpg,1,0,False,0.9999092817306519,9.069975931197405e-05
/content/Dataset/Test/Real/real_4233.jpg,1,0,False,0.9999297857284546,7.019394251983613e-05
/content/Dataset/Test/Real/real_4234.jpg,1,0,False,0.9999176263809204,8.232655090978369e-05
/content/Dataset/Test/Real/real_4235.jpg,1,0,False,0.9999083280563354,9.17014476726763e-05
/content/Dataset/Test/Real/real_4236.jpg,1,0,False,0.9998975992202759,0.00010241971904179081
/content/Dataset/Test/Real/real_4237.jpg,1,0,False,0.9999467134475708,5.333572335075587e-05
/content/Dataset/Test/Real/real_4238.jpg,1,0,False,0.9998997449874878,0.00010029748955275863
/content/Dataset/Test/Real/real_4239.jpg,1,0,False,0.9999227523803711,7.720637950114906e-05
/content/Dataset/Test/Real/real_424.jpg,1,1,True,3.198907143087126e-05,0.9999680519104004
/content/Dataset/Test/Real/real_4240.jpg,1,0,False,0.9998880624771118,0.00011189065116923302
/content/Dataset/Test/Real/real_4241.jpg,1,0,False,0.9999138116836548,8.613007958047092e-05
/content/Dataset/Test/Real/real_4242.jpg,1,0,False,0.9999631643295288,3.686455238494091e-05
/content/Dataset/Test/Real/real_4243.jpg,1,1,True,6.518885493278503e-05,0.9999347925186157
/content/Dataset/Test/Real/real_4244.jpg,1,0,False,0.8596049547195435,0.14039508998394012
/content/Dataset/Test/Real/real_4245.jpg,1,1,True,0.10258926451206207,0.8974107503890991
/content/Dataset/Test/Real/real_4246.jpg,1,1,True,0.00029429394635371864,0.9997057318687439
/content/Dataset/Test/Real/real_4247.jpg,1,1,True,5.655335189658217e-05,0.9999434947967529
/content/Dataset/Test/Real/real_4248.jpg,1,1,True,2.3786307792761363e-05,0.9999761581420898
/content/Dataset/Test/Real/real_4249.jpg,1,1,True,2.6051864551845938e-05,0.9999738931655884
/content/Dataset/Test/Real/real_425.jpg,1,1,True,3.2739899324951693e-05,0.9999672174453735
/content/Dataset/Test/Real/real_4250.jpg,1,1,True,8.730272384127602e-05,0.9999127388000488
/content/Dataset/Test/Real/real_4251.jpg,1,1,True,0.2688373029232025,0.7311626672744751
/content/Dataset/Test/Real/real_4252.jpg,1,1,True,2.45671999437036e-05,0.9999754428863525
/content/Dataset/Test/Real/real_4253.jpg,1,1,True,0.0019288604380562901,0.9980711340904236
/content/Dataset/Test/Real/real_4254.jpg,1,1,True,0.00015337509103119373,0.9998465776443481
/content/Dataset/Test/Real/real_4255.jpg,1,0,False,0.8465664982795715,0.15343347191810608
/content/Dataset/Test/Real/real_4256.jpg,1,1,True,2.866244722099509e-05,0.9999713897705078
/content/Dataset/Test/Real/real_4257.jpg,1,1,True,3.7212357710814103e-05,0.9999628067016602
/content/Dataset/Test/Real/real_4258.jpg,1,1,True,0.00010736287367762998,0.9998925924301147
/content/Dataset/Test/Real/real_4259.jpg,1,1,True,5.7384757383260876e-05,0.9999426603317261
/content/Dataset/Test/Real/real_426.jpg,1,1,True,2.8115744498791173e-05,0.999971866607666
/content/Dataset/Test/Real/real_4260.jpg,1,1,True,0.0007224555592983961,0.9992775321006775
/content/Dataset/Test/Real/real_4261.jpg,1,1,True,0.00037233688635751605,0.9996275901794434
/content/Dataset/Test/Real/real_4262.jpg,1,1,True,8.797672489890829e-05,0.9999120235443115
/content/Dataset/Test/Real/real_4263.jpg,1,0,False,0.5512427687644958,0.44875723123550415
/content/Dataset/Test/Real/real_4264.jpg,1,1,True,0.0009299758821725845,0.9990701079368591
/content/Dataset/Test/Real/real_4265.jpg,1,0,False,0.9999624490737915,3.755964644369669e-05
/content/Dataset/Test/Real/real_4266.jpg,1,0,False,0.999853253364563,0.00014667485083919019
/content/Dataset/Test/Real/real_4267.jpg,1,1,True,3.313586421427317e-05,0.9999668598175049
/content/Dataset/Test/Real/real_4268.jpg,1,1,True,2.4003678845474496e-05,0.9999760389328003
/content/Dataset/Test/Real/real_4269.jpg,1,0,False,0.6704308390617371,0.32956916093826294
/content/Dataset/Test/Real/real_427.jpg,1,1,True,0.0029252737294882536,0.9970747232437134
/content/Dataset/Test/Real/real_4270.jpg,1,1,True,3.492989344522357e-05,0.9999650716781616
/content/Dataset/Test/Real/real_4271.jpg,1,1,True,2.5886434741551057e-05,0.9999741315841675
/content/Dataset/Test/Real/real_4272.jpg,1,1,True,2.416032657492906e-05,0.9999758005142212
/content/Dataset/Test/Real/real_4273.jpg,1,1,True,2.232592669315636e-05,0.999977707862854
/content/Dataset/Test/Real/real_4274.jpg,1,1,True,2.157713970518671e-05,0.9999784231185913
/content/Dataset/Test/Real/real_4275.jpg,1,0,False,0.9999537467956543,4.625496148946695e-05
/content/Dataset/Test/Real/real_4276.jpg,1,0,False,0.9999481439590454,5.185589543543756e-05
/content/Dataset/Test/Real/real_4277.jpg,1,0,False,0.9994022846221924,0.0005976913380436599
/content/Dataset/Test/Real/real_4278.jpg,1,1,True,2.3681197490077466e-05,0.9999762773513794
/content/Dataset/Test/Real/real_4279.jpg,1,0,False,0.8123239874839783,0.1876760721206665
/content/Dataset/Test/Real/real_428.jpg,1,1,True,0.005474352743476629,0.994525671005249
/content/Dataset/Test/Real/real_4280.jpg,1,1,True,0.0008081764099188149,0.9991918206214905
/content/Dataset/Test/Real/real_4281.jpg,1,1,True,0.0013967194827273488,0.9986032843589783
/content/Dataset/Test/Real/real_4282.jpg,1,1,True,0.0003629289858508855,0.9996370077133179
/content/Dataset/Test/Real/real_4283.jpg,1,0,False,0.9930451512336731,0.006954861804842949
/content/Dataset/Test/Real/real_4284.jpg,1,1,True,0.007528009824454784,0.9924719333648682
/content/Dataset/Test/Real/real_4285.jpg,1,1,True,0.00023120646073948592,0.9997687935829163
/content/Dataset/Test/Real/real_4286.jpg,1,1,True,0.07794097810983658,0.9220589995384216
/content/Dataset/Test/Real/real_4287.jpg,1,1,True,3.101874244748615e-05,0.9999690055847168
/content/Dataset/Test/Real/real_4288.jpg,1,1,True,0.00018579706375021487,0.9998142123222351
/content/Dataset/Test/Real/real_4289.jpg,1,1,True,2.0783465515705757e-05,0.9999792575836182
/content/Dataset/Test/Real/real_429.jpg,1,1,True,8.085506851784885e-05,0.9999191761016846
/content/Dataset/Test/Real/real_4290.jpg,1,1,True,0.2380981743335724,0.76190185546875
/content/Dataset/Test/Real/real_4291.jpg,1,0,False,0.9998809099197388,0.00011906171857845038
/content/Dataset/Test/Real/real_4292.jpg,1,1,True,0.08329617977142334,0.9167038202285767
/content/Dataset/Test/Real/real_4293.jpg,1,1,True,0.46537819504737854,0.5346218347549438
/content/Dataset/Test/Real/real_4294.jpg,1,1,True,3.187439142493531e-05,0.9999681711196899
/content/Dataset/Test/Real/real_4295.jpg,1,1,True,0.0002697804302442819,0.9997301697731018
/content/Dataset/Test/Real/real_4296.jpg,1,1,True,6.31713992333971e-05,0.9999368190765381
/content/Dataset/Test/Real/real_4297.jpg,1,0,False,0.9999409914016724,5.903855344513431e-05
/content/Dataset/Test/Real/real_4298.jpg,1,0,False,0.8248361945152283,0.17516383528709412
/content/Dataset/Test/Real/real_4299.jpg,1,1,True,0.00020575163944158703,0.9997943043708801
/content/Dataset/Test/Real/real_43.jpg,1,1,True,2.5863040718832053e-05,0.9999741315841675
/content/Dataset/Test/Real/real_430.jpg,1,1,True,4.1132967453449965e-05,0.999958872795105
/content/Dataset/Test/Real/real_4300.jpg,1,1,True,3.9336060581263155e-05,0.9999606609344482
/content/Dataset/Test/Real/real_4301.jpg,1,1,True,0.0002010681782849133,0.9997989535331726
/content/Dataset/Test/Real/real_4302.jpg,1,1,True,2.727132959989831e-05,0.9999727010726929
/content/Dataset/Test/Real/real_4303.jpg,1,1,True,6.665007822448388e-05,0.9999333620071411
/content/Dataset/Test/Real/real_4304.jpg,1,1,True,0.0001850192347774282,0.999815046787262
/content/Dataset/Test/Real/real_4305.jpg,1,0,False,0.9246917963027954,0.07530821859836578
/content/Dataset/Test/Real/real_4306.jpg,1,0,False,0.9264525175094604,0.07354751229286194
/content/Dataset/Test/Real/real_4307.jpg,1,0,False,0.9998687505722046,0.0001312726817559451
/content/Dataset/Test/Real/real_4308.jpg,1,0,False,0.9999713897705078,2.8567752451635897e-05
/content/Dataset/Test/Real/real_4309.jpg,1,1,True,2.752671207417734e-05,0.9999724626541138
/content/Dataset/Test/Real/real_431.jpg,1,1,True,2.6925203201244585e-05,0.9999730587005615
/content/Dataset/Test/Real/real_4310.jpg,1,1,True,3.266031853854656e-05,0.9999673366546631
/content/Dataset/Test/Real/real_4311.jpg,1,1,True,0.00030957136186771095,0.9996904134750366
/content/Dataset/Test/Real/real_4312.jpg,1,1,True,0.3691154718399048,0.6308845281600952
/content/Dataset/Test/Real/real_4313.jpg,1,1,True,2.6247902496834286e-05,0.9999737739562988
/content/Dataset/Test/Real/real_4314.jpg,1,1,True,0.002613833174109459,0.9973861575126648
/content/Dataset/Test/Real/real_4315.jpg,1,1,True,0.0003766793815884739,0.9996232986450195
/content/Dataset/Test/Real/real_4316.jpg,1,1,True,2.5521836505504325e-05,0.9999744892120361
/content/Dataset/Test/Real/real_4317.jpg,1,0,False,0.999954104423523,4.585699934978038e-05
/content/Dataset/Test/Real/real_4318.jpg,1,0,False,0.999688982963562,0.0003110544348601252
/content/Dataset/Test/Real/real_4319.jpg,1,0,False,0.9967949986457825,0.003204962471500039
/content/Dataset/Test/Real/real_432.jpg,1,1,True,2.191491876146756e-05,0.9999780654907227
/content/Dataset/Test/Real/real_4320.jpg,1,1,True,0.16944429278373718,0.8305557370185852
/content/Dataset/Test/Real/real_4321.jpg,1,1,True,0.11897697299718857,0.8810230493545532
/content/Dataset/Test/Real/real_4322.jpg,1,0,False,0.5484902858734131,0.4515096843242645
/content/Dataset/Test/Real/real_4323.jpg,1,0,False,0.8562036156654358,0.14379636943340302
/content/Dataset/Test/Real/real_4324.jpg,1,1,True,0.0012656678445637226,0.9987342953681946
/content/Dataset/Test/Real/real_4325.jpg,1,1,True,0.40427231788635254,0.5957276821136475
/content/Dataset/Test/Real/real_4326.jpg,1,0,False,0.999937891960144,6.210708670550957e-05
/content/Dataset/Test/Real/real_4327.jpg,1,1,True,0.0005549329798668623,0.9994450211524963
/content/Dataset/Test/Real/real_4328.jpg,1,1,True,0.002474191365763545,0.9975258708000183
/content/Dataset/Test/Real/real_4329.jpg,1,1,True,0.0003481017774902284,0.9996519088745117
/content/Dataset/Test/Real/real_433.jpg,1,1,True,0.00011224341142224148,0.9998877048492432
/content/Dataset/Test/Real/real_4330.jpg,1,1,True,0.023635903373360634,0.9763641357421875
/content/Dataset/Test/Real/real_4331.jpg,1,1,True,0.0003986327792517841,0.999601423740387
/content/Dataset/Test/Real/real_4332.jpg,1,1,True,0.00016974708705674857,0.9998302459716797
/content/Dataset/Test/Real/real_4333.jpg,1,1,True,2.2573693058802746e-05,0.9999774694442749
/content/Dataset/Test/Real/real_4334.jpg,1,1,True,0.00046806500176899135,0.9995319843292236
/content/Dataset/Test/Real/real_4335.jpg,1,0,False,0.9985135197639465,0.001486440422013402
/content/Dataset/Test/Real/real_4336.jpg,1,1,True,0.0042670490220189095,0.9957329630851746
/content/Dataset/Test/Real/real_4337.jpg,1,1,True,6.139088509371504e-05,0.9999386072158813
/content/Dataset/Test/Real/real_4338.jpg,1,1,True,9.15196433197707e-05,0.999908447265625
/content/Dataset/Test/Real/real_4339.jpg,1,1,True,8.19692577351816e-05,0.9999179840087891
/content/Dataset/Test/Real/real_434.jpg,1,1,True,2.0288982341298833e-05,0.9999797344207764
/content/Dataset/Test/Real/real_4340.jpg,1,1,True,2.1351976101868786e-05,0.9999786615371704
/content/Dataset/Test/Real/real_4341.jpg,1,1,True,5.2188377594575286e-05,0.9999477863311768
/content/Dataset/Test/Real/real_4342.jpg,1,1,True,0.001593835768289864,0.9984062314033508
/content/Dataset/Test/Real/real_4343.jpg,1,1,True,2.1455707610584795e-05,0.9999785423278809
/content/Dataset/Test/Real/real_4344.jpg,1,0,False,0.9999420642852783,5.790416253148578e-05
/content/Dataset/Test/Real/real_4345.jpg,1,1,True,2.72009438049281e-05,0.9999728202819824
/content/Dataset/Test/Real/real_4346.jpg,1,1,True,2.171619598811958e-05,0.9999783039093018
/content/Dataset/Test/Real/real_4347.jpg,1,1,True,2.1224683223408647e-05,0.99997878074646
/content/Dataset/Test/Real/real_4348.jpg,1,1,True,3.5781875340035185e-05,0.9999642372131348
/content/Dataset/Test/Real/real_4349.jpg,1,1,True,3.120360634056851e-05,0.9999687671661377
/content/Dataset/Test/Real/real_435.jpg,1,1,True,0.05760623514652252,0.9423937797546387
/content/Dataset/Test/Real/real_4350.jpg,1,1,True,2.4110107915475965e-05,0.9999759197235107
/content/Dataset/Test/Real/real_4351.jpg,1,1,True,2.2853742848383263e-05,0.9999771118164062
/content/Dataset/Test/Real/real_4352.jpg,1,1,True,3.608961560530588e-05,0.9999638795852661
/content/Dataset/Test/Real/real_4353.jpg,1,0,False,0.9988250136375427,0.001175004174001515
/content/Dataset/Test/Real/real_4354.jpg,1,1,True,2.1016001483076252e-05,0.9999790191650391
/content/Dataset/Test/Real/real_4355.jpg,1,1,True,2.5628272851463407e-05,0.9999743700027466
/content/Dataset/Test/Real/real_4356.jpg,1,0,False,0.9928528666496277,0.007147097960114479
/content/Dataset/Test/Real/real_4357.jpg,1,1,True,2.317001599294599e-05,0.9999768733978271
/content/Dataset/Test/Real/real_4358.jpg,1,1,True,2.4853821741999127e-05,0.9999752044677734
/content/Dataset/Test/Real/real_4359.jpg,1,1,True,3.226293119951151e-05,0.9999676942825317
/content/Dataset/Test/Real/real_436.jpg,1,1,True,3.8276095438050106e-05,0.9999617338180542
/content/Dataset/Test/Real/real_4360.jpg,1,1,True,0.005825590807944536,0.9941744208335876
/content/Dataset/Test/Real/real_4361.jpg,1,1,True,2.1264921088004485e-05,0.99997878074646
/content/Dataset/Test/Real/real_4362.jpg,1,1,True,0.0002766875841189176,0.9997232556343079
/content/Dataset/Test/Real/real_4363.jpg,1,1,True,3.900803858414292e-05,0.9999610185623169
/content/Dataset/Test/Real/real_4364.jpg,1,0,False,0.9997950196266174,0.00020495372882578522
/content/Dataset/Test/Real/real_4365.jpg,1,0,False,0.9999350309371948,6.49957510177046e-05
/content/Dataset/Test/Real/real_4366.jpg,1,1,True,0.27843204140663147,0.7215679883956909
/content/Dataset/Test/Real/real_4367.jpg,1,1,True,2.444919664412737e-05,0.9999755620956421
/content/Dataset/Test/Real/real_4368.jpg,1,1,True,3.975544677814469e-05,0.99996018409729
/content/Dataset/Test/Real/real_4369.jpg,1,1,True,3.4542259527370334e-05,0.9999654293060303
/content/Dataset/Test/Real/real_437.jpg,1,1,True,0.0006450176588259637,0.9993550181388855
/content/Dataset/Test/Real/real_4370.jpg,1,0,False,0.9999055862426758,9.443524322705343e-05
/content/Dataset/Test/Real/real_4371.jpg,1,1,True,3.479799852357246e-05,0.9999651908874512
/content/Dataset/Test/Real/real_4372.jpg,1,1,True,2.559276072133798e-05,0.9999743700027466
/content/Dataset/Test/Real/real_4373.jpg,1,1,True,2.3283379050553776e-05,0.9999767541885376
/content/Dataset/Test/Real/real_4374.jpg,1,1,True,4.0940976759884506e-05,0.9999591112136841
/content/Dataset/Test/Real/real_4375.jpg,1,1,True,0.004326421767473221,0.9956735968589783
/content/Dataset/Test/Real/real_4376.jpg,1,1,True,0.0019980454817414284,0.9980019927024841
/content/Dataset/Test/Real/real_4377.jpg,1,1,True,0.10585881769657135,0.8941411375999451
/content/Dataset/Test/Real/real_4378.jpg,1,1,True,0.00012489133223425597,0.9998750686645508
/content/Dataset/Test/Real/real_4379.jpg,1,0,False,0.9999490976333618,5.092192441225052e-05
/content/Dataset/Test/Real/real_438.jpg,1,0,False,0.9999411106109619,5.8923254982801154e-05
/content/Dataset/Test/Real/real_4380.jpg,1,0,False,0.9995211362838745,0.00047890839050523937
/content/Dataset/Test/Real/real_4381.jpg,1,0,False,0.9998739957809448,0.00012599982437677681
/content/Dataset/Test/Real/real_4382.jpg,1,1,True,0.2984684407711029,0.7015315890312195
/content/Dataset/Test/Real/real_4383.jpg,1,0,False,0.9998486042022705,0.0001513862662250176
/content/Dataset/Test/Real/real_4384.jpg,1,1,True,2.5044304493349046e-05,0.9999749660491943
/content/Dataset/Test/Real/real_4385.jpg,1,1,True,0.0027972429525107145,0.9972027540206909
/content/Dataset/Test/Real/real_4386.jpg,1,1,True,0.12817774713039398,0.8718222975730896
/content/Dataset/Test/Real/real_4387.jpg,1,1,True,0.00019077114120591432,0.999809205532074
/content/Dataset/Test/Real/real_4388.jpg,1,0,False,0.999322772026062,0.0006772439228370786
/content/Dataset/Test/Real/real_4389.jpg,1,0,False,0.9923917651176453,0.007608277257531881
/content/Dataset/Test/Real/real_439.jpg,1,1,True,2.3528193196398206e-05,0.9999765157699585
/content/Dataset/Test/Real/real_4390.jpg,1,0,False,0.9981649518013,0.001835053670220077
/content/Dataset/Test/Real/real_4391.jpg,1,1,True,3.685319461510517e-05,0.9999631643295288
/content/Dataset/Test/Real/real_4392.jpg,1,1,True,0.33344632387161255,0.6665537357330322
/content/Dataset/Test/Real/real_4393.jpg,1,1,True,2.422721627226565e-05,0.9999758005142212
/content/Dataset/Test/Real/real_4394.jpg,1,1,True,4.2633233533706516e-05,0.9999573230743408
/content/Dataset/Test/Real/real_4395.jpg,1,0,False,0.999876856803894,0.0001231226051459089
/content/Dataset/Test/Real/real_4396.jpg,1,1,True,2.2632108084508218e-05,0.9999773502349854
/content/Dataset/Test/Real/real_4397.jpg,1,1,True,3.5466135159367695e-05,0.9999644756317139
/content/Dataset/Test/Real/real_4398.jpg,1,1,True,0.00021789586753584445,0.999782145023346
/content/Dataset/Test/Real/real_4399.jpg,1,1,True,0.031327467411756516,0.968672513961792
/content/Dataset/Test/Real/real_44.jpg,1,1,True,3.7538415199378505e-05,0.9999624490737915
/content/Dataset/Test/Real/real_440.jpg,1,1,True,9.656356269260868e-05,0.9999034404754639
/content/Dataset/Test/Real/real_4400.jpg,1,1,True,0.00030303842504508793,0.9996969699859619
/content/Dataset/Test/Real/real_4401.jpg,1,0,False,0.9999216794967651,7.833220297470689e-05
/content/Dataset/Test/Real/real_4402.jpg,1,1,True,6.436397234210745e-05,0.9999356269836426
/content/Dataset/Test/Real/real_4403.jpg,1,1,True,0.00022613686451222748,0.9997739195823669
/content/Dataset/Test/Real/real_4404.jpg,1,1,True,0.00012699859507847577,0.9998730421066284
/content/Dataset/Test/Real/real_4405.jpg,1,1,True,2.4405166186625138e-05,0.9999755620956421
/content/Dataset/Test/Real/real_4406.jpg,1,0,False,0.9985997080802917,0.0014002688694745302
/content/Dataset/Test/Real/real_4407.jpg,1,1,True,0.00020059943199157715,0.9997994303703308
/content/Dataset/Test/Real/real_4408.jpg,1,1,True,2.2259551769820973e-05,0.999977707862854
/content/Dataset/Test/Real/real_4409.jpg,1,1,True,8.83710672496818e-05,0.9999116659164429
/content/Dataset/Test/Real/real_441.jpg,1,1,True,2.2240708858589642e-05,0.999977707862854
/content/Dataset/Test/Real/real_4410.jpg,1,1,True,0.00040065046050585806,0.9995993971824646
/content/Dataset/Test/Real/real_4411.jpg,1,1,True,0.012412942945957184,0.9875870943069458
/content/Dataset/Test/Real/real_4412.jpg,1,1,True,2.2366797566064633e-05,0.9999775886535645
/content/Dataset/Test/Real/real_4413.jpg,1,1,True,4.177567097940482e-05,0.9999582767486572
/content/Dataset/Test/Real/real_4414.jpg,1,1,True,2.2361657102010213e-05,0.9999775886535645
/content/Dataset/Test/Real/real_4415.jpg,1,1,True,3.3108251955127344e-05,0.9999668598175049
/content/Dataset/Test/Real/real_4416.jpg,1,1,True,0.0005625446792691946,0.9994373917579651
/content/Dataset/Test/Real/real_4417.jpg,1,1,True,2.4506736735929735e-05,0.9999754428863525
/content/Dataset/Test/Real/real_4418.jpg,1,1,True,0.0007707711774855852,0.9992291927337646
/content/Dataset/Test/Real/real_4419.jpg,1,1,True,0.0006984180072322488,0.999301552772522
/content/Dataset/Test/Real/real_442.jpg,1,1,True,2.3111797418096103e-05,0.9999768733978271
/content/Dataset/Test/Real/real_4420.jpg,1,1,True,9.479414438828826e-05,0.9999052286148071
/content/Dataset/Test/Real/real_4421.jpg,1,1,True,4.991952664568089e-05,0.9999500513076782
/content/Dataset/Test/Real/real_4422.jpg,1,1,True,0.00022978830384090543,0.9997702240943909
/content/Dataset/Test/Real/real_4423.jpg,1,1,True,0.016255363821983337,0.9837446212768555
/content/Dataset/Test/Real/real_4424.jpg,1,1,True,0.019546931609511375,0.9804530143737793
/content/Dataset/Test/Real/real_4425.jpg,1,1,True,3.125784496660344e-05,0.9999687671661377
/content/Dataset/Test/Real/real_4426.jpg,1,1,True,2.1502801246242598e-05,0.9999785423278809
/content/Dataset/Test/Real/real_4427.jpg,1,1,True,6.559993926202878e-05,0.9999344348907471
/content/Dataset/Test/Real/real_4428.jpg,1,1,True,0.0006565999356098473,0.9993433356285095
/content/Dataset/Test/Real/real_4429.jpg,1,1,True,0.31408295035362244,0.6859170794487
/content/Dataset/Test/Real/real_443.jpg,1,1,True,6.121368642197922e-05,0.9999387264251709
/content/Dataset/Test/Real/real_4430.jpg,1,1,True,0.005370435304939747,0.9946295022964478
/content/Dataset/Test/Real/real_4431.jpg,1,0,False,0.998830258846283,0.0011697041336447
/content/Dataset/Test/Real/real_4432.jpg,1,0,False,0.9682102203369141,0.031789857894182205
/content/Dataset/Test/Real/real_4433.jpg,1,1,True,0.4285088777542114,0.5714911818504333
/content/Dataset/Test/Real/real_4434.jpg,1,1,True,0.00010200148244621232,0.9998979568481445
/content/Dataset/Test/Real/real_4435.jpg,1,1,True,2.9250833904370666e-05,0.9999707937240601
/content/Dataset/Test/Real/real_4436.jpg,1,1,True,0.003294130088761449,0.996705949306488
/content/Dataset/Test/Real/real_4437.jpg,1,1,True,6.228822894627228e-05,0.9999376535415649
/content/Dataset/Test/Real/real_4438.jpg,1,1,True,0.03646358475089073,0.9635364413261414
/content/Dataset/Test/Real/real_4439.jpg,1,1,True,6.144787766970694e-05,0.9999386072158813
/content/Dataset/Test/Real/real_444.jpg,1,1,True,2.5876117433654144e-05,0.9999741315841675
/content/Dataset/Test/Real/real_4440.jpg,1,1,True,0.0009972868720069528,0.9990027546882629
/content/Dataset/Test/Real/real_4441.jpg,1,1,True,0.006164876744151115,0.9938350915908813
/content/Dataset/Test/Real/real_4442.jpg,1,1,True,3.1981202482711524e-05,0.9999680519104004
/content/Dataset/Test/Real/real_4443.jpg,1,1,True,2.544504422985483e-05,0.9999746084213257
/content/Dataset/Test/Real/real_4444.jpg,1,1,True,0.08030173182487488,0.9196982383728027
/content/Dataset/Test/Real/real_4445.jpg,1,1,True,0.2301940768957138,0.7698059678077698
/content/Dataset/Test/Real/real_4446.jpg,1,0,False,0.8941411375999451,0.10585884004831314
/content/Dataset/Test/Real/real_4447.jpg,1,0,False,0.9087234735488892,0.09127658605575562
/content/Dataset/Test/Real/real_4448.jpg,1,1,True,2.480364855728112e-05,0.9999752044677734
/content/Dataset/Test/Real/real_4449.jpg,1,1,True,2.2891634216648526e-05,0.9999771118164062
/content/Dataset/Test/Real/real_445.jpg,1,1,True,6.333184865070507e-05,0.9999366998672485
/content/Dataset/Test/Real/real_4450.jpg,1,1,True,2.2544112653122284e-05,0.9999774694442749
/content/Dataset/Test/Real/real_4451.jpg,1,1,True,3.4111009881598875e-05,0.9999659061431885
/content/Dataset/Test/Real/real_4452.jpg,1,1,True,0.00028784829191863537,0.9997121691703796
/content/Dataset/Test/Real/real_4453.jpg,1,0,False,0.9999648332595825,3.516612559906207e-05
/content/Dataset/Test/Real/real_4454.jpg,1,0,False,0.9999696016311646,3.0399691240745597e-05
/content/Dataset/Test/Real/real_4455.jpg,1,0,False,0.9999573230743408,4.27336162829306e-05
/content/Dataset/Test/Real/real_4456.jpg,1,1,True,9.824732842389494e-05,0.9999017715454102
/content/Dataset/Test/Real/real_4457.jpg,1,1,True,2.3165021048043855e-05,0.9999768733978271
/content/Dataset/Test/Real/real_4458.jpg,1,1,True,2.4962375391623937e-05,0.9999750852584839
/content/Dataset/Test/Real/real_4459.jpg,1,0,False,0.9503288865089417,0.04967113584280014
/content/Dataset/Test/Real/real_446.jpg,1,1,True,2.218711597379297e-05,0.9999778270721436
/content/Dataset/Test/Real/real_4460.jpg,1,1,True,0.00016254239017143846,0.9998373985290527
/content/Dataset/Test/Real/real_4461.jpg,1,1,True,0.00021722853125538677,0.9997827410697937
/content/Dataset/Test/Real/real_4462.jpg,1,1,True,3.397135515115224e-05,0.999966025352478
/content/Dataset/Test/Real/real_4463.jpg,1,1,True,0.18314069509506226,0.8168593645095825
/content/Dataset/Test/Real/real_4464.jpg,1,1,True,2.585581569292117e-05,0.9999741315841675
/content/Dataset/Test/Real/real_4465.jpg,1,1,True,2.6332067136536352e-05,0.9999736547470093
/content/Dataset/Test/Real/real_4466.jpg,1,1,True,3.211819057469256e-05,0.9999679327011108
/content/Dataset/Test/Real/real_4467.jpg,1,1,True,0.00025958631886169314,0.9997404217720032
/content/Dataset/Test/Real/real_4468.jpg,1,1,True,2.4090639271889813e-05,0.9999759197235107
/content/Dataset/Test/Real/real_4469.jpg,1,1,True,0.014852823689579964,0.9851471781730652
/content/Dataset/Test/Real/real_447.jpg,1,1,True,2.2342412194120698e-05,0.999977707862854
/content/Dataset/Test/Real/real_4470.jpg,1,1,True,5.738027175539173e-05,0.9999426603317261
/content/Dataset/Test/Real/real_4471.jpg,1,1,True,0.00277920113876462,0.9972207546234131
/content/Dataset/Test/Real/real_4472.jpg,1,1,True,5.1111564971506596e-05,0.9999488592147827
/content/Dataset/Test/Real/real_4473.jpg,1,1,True,5.534170486498624e-05,0.9999446868896484
/content/Dataset/Test/Real/real_4474.jpg,1,1,True,2.4570270397816785e-05,0.9999754428863525
/content/Dataset/Test/Real/real_4475.jpg,1,1,True,0.017922943457961082,0.9820771217346191
/content/Dataset/Test/Real/real_4476.jpg,1,0,False,0.9830977320671082,0.016902286559343338
/content/Dataset/Test/Real/real_4477.jpg,1,1,True,0.4853702783584595,0.5146297216415405
/content/Dataset/Test/Real/real_4478.jpg,1,1,True,0.0015839398838579655,0.9984160661697388
/content/Dataset/Test/Real/real_4479.jpg,1,1,True,2.2608097424381413e-05,0.9999773502349854
/content/Dataset/Test/Real/real_448.jpg,1,1,True,2.7622165362117812e-05,0.9999723434448242
/content/Dataset/Test/Real/real_4480.jpg,1,1,True,0.02166959084570408,0.9783304333686829
/content/Dataset/Test/Real/real_4481.jpg,1,0,False,0.999951958656311,4.8006819270085543e-05
/content/Dataset/Test/Real/real_4482.jpg,1,1,True,0.0005747456452809274,0.9994252920150757
/content/Dataset/Test/Real/real_4483.jpg,1,0,False,0.9642156958580017,0.035784270614385605
/content/Dataset/Test/Real/real_4484.jpg,1,1,True,0.00015665579121559858,0.9998433589935303
/content/Dataset/Test/Real/real_4485.jpg,1,1,True,0.00010092608135892078,0.9998990297317505
/content/Dataset/Test/Real/real_4486.jpg,1,1,True,4.0977531170938164e-05,0.9999589920043945
/content/Dataset/Test/Real/real_4487.jpg,1,1,True,0.011775145307183266,0.9882248640060425
/content/Dataset/Test/Real/real_4488.jpg,1,1,True,0.12991556525230408,0.8700844645500183
/content/Dataset/Test/Real/real_4489.jpg,1,0,False,0.9995007514953613,0.0004992716130800545
/content/Dataset/Test/Real/real_449.jpg,1,1,True,7.668242324143648e-05,0.9999233484268188
/content/Dataset/Test/Real/real_4490.jpg,1,1,True,8.960701961768791e-05,0.9999103546142578
/content/Dataset/Test/Real/real_4491.jpg,1,1,True,2.189131555496715e-05,0.9999780654907227
/content/Dataset/Test/Real/real_4492.jpg,1,1,True,0.0003854538663290441,0.9996144771575928
/content/Dataset/Test/Real/real_4493.jpg,1,1,True,2.212068829976488e-05,0.9999778270721436
/content/Dataset/Test/Real/real_4494.jpg,1,1,True,0.00015065127809066325,0.9998493194580078
/content/Dataset/Test/Real/real_4495.jpg,1,1,True,0.0005472698248922825,0.9994527697563171
/content/Dataset/Test/Real/real_4496.jpg,1,1,True,0.27424612641334534,0.7257538437843323
/content/Dataset/Test/Real/real_4497.jpg,1,1,True,2.3796994355507195e-05,0.9999761581420898
/content/Dataset/Test/Real/real_4498.jpg,1,1,True,0.00044606270967051387,0.9995538592338562
/content/Dataset/Test/Real/real_4499.jpg,1,1,True,2.23733459279174e-05,0.9999775886535645
/content/Dataset/Test/Real/real_45.jpg,1,1,True,0.002128232503309846,0.9978717565536499
/content/Dataset/Test/Real/real_450.jpg,1,1,True,0.00011061201803386211,0.9998893737792969
/content/Dataset/Test/Real/real_4500.jpg,1,1,True,2.3858985514380038e-05,0.9999761581420898
/content/Dataset/Test/Real/real_4501.jpg,1,1,True,3.610362546169199e-05,0.9999638795852661
/content/Dataset/Test/Real/real_4502.jpg,1,1,True,0.00014039066445548087,0.9998595714569092
/content/Dataset/Test/Real/real_4503.jpg,1,1,True,0.0003344896249473095,0.9996654987335205
/content/Dataset/Test/Real/real_4504.jpg,1,1,True,0.003871883964166045,0.9961280822753906
/content/Dataset/Test/Real/real_4505.jpg,1,1,True,0.02950277365744114,0.970497190952301
/content/Dataset/Test/Real/real_4506.jpg,1,1,True,4.594209531205706e-05,0.999954104423523
/content/Dataset/Test/Real/real_4507.jpg,1,1,True,0.11797843128442764,0.8820215463638306
/content/Dataset/Test/Real/real_4508.jpg,1,0,False,0.8759364485740662,0.12406348437070847
/content/Dataset/Test/Real/real_4509.jpg,1,1,True,0.12877213954925537,0.8712278604507446
/content/Dataset/Test/Real/real_451.jpg,1,1,True,0.00015394430374726653,0.9998459815979004
/content/Dataset/Test/Real/real_4510.jpg,1,1,True,3.498810110613704e-05,0.9999649524688721
/content/Dataset/Test/Real/real_4511.jpg,1,1,True,2.4490735086146742e-05,0.9999755620956421
/content/Dataset/Test/Real/real_4512.jpg,1,1,True,0.0009248088463209569,0.999075174331665
/content/Dataset/Test/Real/real_4513.jpg,1,1,True,2.5282741262344643e-05,0.9999747276306152
/content/Dataset/Test/Real/real_4514.jpg,1,1,True,4.0556114981882274e-05,0.9999594688415527
/content/Dataset/Test/Real/real_4515.jpg,1,1,True,8.466978761134669e-05,0.999915361404419
/content/Dataset/Test/Real/real_4516.jpg,1,1,True,2.5359528081025928e-05,0.9999746084213257
/content/Dataset/Test/Real/real_4517.jpg,1,1,True,0.0008090047049336135,0.9991909861564636
/content/Dataset/Test/Real/real_4518.jpg,1,1,True,0.002819039626047015,0.9971809387207031
/content/Dataset/Test/Real/real_4519.jpg,1,1,True,5.731376586481929e-05,0.9999426603317261
/content/Dataset/Test/Real/real_452.jpg,1,1,True,2.6019066353910603e-05,0.9999740123748779
/content/Dataset/Test/Real/real_4520.jpg,1,1,True,3.126154115307145e-05,0.9999687671661377
/content/Dataset/Test/Real/real_4521.jpg,1,1,True,2.3600148779223673e-05,0.999976396560669
/content/Dataset/Test/Real/real_4522.jpg,1,1,True,8.287373930215836e-05,0.9999171495437622
/content/Dataset/Test/Real/real_4523.jpg,1,0,False,0.9994308352470398,0.0005691656260751188
/content/Dataset/Test/Real/real_4524.jpg,1,0,False,0.9820348024368286,0.017965225502848625
/content/Dataset/Test/Real/real_4525.jpg,1,1,True,0.00029892558814026415,0.9997010827064514
/content/Dataset/Test/Real/real_4526.jpg,1,0,False,0.9993187189102173,0.0006813301588408649
/content/Dataset/Test/Real/real_4527.jpg,1,0,False,0.900577187538147,0.09942281246185303
/content/Dataset/Test/Real/real_4528.jpg,1,1,True,2.1675970856449567e-05,0.9999783039093018
/content/Dataset/Test/Real/real_4529.jpg,1,0,False,0.9748133420944214,0.025186721235513687
/content/Dataset/Test/Real/real_453.jpg,1,1,True,0.00017243437469005585,0.99982750415802
/content/Dataset/Test/Real/real_4530.jpg,1,1,True,0.23889261484146118,0.7611074447631836
/content/Dataset/Test/Real/real_4531.jpg,1,1,True,0.0001176007353933528,0.9998823404312134
/content/Dataset/Test/Real/real_4532.jpg,1,1,True,5.2839848649455234e-05,0.999947190284729
/content/Dataset/Test/Real/real_4533.jpg,1,1,True,0.023859238252043724,0.9761407375335693
/content/Dataset/Test/Real/real_4534.jpg,1,1,True,0.44153544306755066,0.5584645867347717
/content/Dataset/Test/Real/real_4535.jpg,1,1,True,0.002519778208807111,0.9974802136421204
/content/Dataset/Test/Real/real_4536.jpg,1,1,True,8.874449122231454e-05,0.9999111890792847
/content/Dataset/Test/Real/real_4537.jpg,1,1,True,0.0006661242805421352,0.9993337988853455
/content/Dataset/Test/Real/real_4538.jpg,1,0,False,0.9783555269241333,0.021644433960318565
/content/Dataset/Test/Real/real_4539.jpg,1,1,True,3.6565677874023095e-05,0.9999634027481079
/content/Dataset/Test/Real/real_454.jpg,1,1,True,2.120930548699107e-05,0.99997878074646
/content/Dataset/Test/Real/real_4540.jpg,1,1,True,0.17573215067386627,0.8242678642272949
/content/Dataset/Test/Real/real_4541.jpg,1,1,True,0.00017927070439327508,0.9998207688331604
/content/Dataset/Test/Real/real_4542.jpg,1,0,False,0.9023010730743408,0.09769898653030396
/content/Dataset/Test/Real/real_4543.jpg,1,1,True,2.417666655674111e-05,0.9999758005142212
/content/Dataset/Test/Real/real_4544.jpg,1,1,True,2.822578426275868e-05,0.9999717473983765
/content/Dataset/Test/Real/real_4545.jpg,1,0,False,0.999909520149231,9.051452070707455e-05
/content/Dataset/Test/Real/real_4546.jpg,1,1,True,0.003562427591532469,0.9964375495910645
/content/Dataset/Test/Real/real_4547.jpg,1,0,False,0.9999651908874512,3.48572175425943e-05
/content/Dataset/Test/Real/real_4548.jpg,1,1,True,3.294511043350212e-05,0.999967098236084
/content/Dataset/Test/Real/real_4549.jpg,1,1,True,0.0012785308063030243,0.9987214207649231
/content/Dataset/Test/Real/real_455.jpg,1,1,True,0.07031531631946564,0.9296846985816956
/content/Dataset/Test/Real/real_4550.jpg,1,0,False,0.9496034383773804,0.05039657652378082
/content/Dataset/Test/Real/real_4551.jpg,1,1,True,0.00011153741797897965,0.9998884201049805
/content/Dataset/Test/Real/real_4552.jpg,1,1,True,0.3509272336959839,0.6490727663040161
/content/Dataset/Test/Real/real_4553.jpg,1,1,True,3.176575410179794e-05,0.9999682903289795
/content/Dataset/Test/Real/real_4554.jpg,1,1,True,2.1594989448203705e-05,0.9999784231185913
/content/Dataset/Test/Real/real_4555.jpg,1,1,True,0.0015569139504805207,0.998443067073822
/content/Dataset/Test/Real/real_4556.jpg,1,1,True,2.0400697394507006e-05,0.9999796152114868
/content/Dataset/Test/Real/real_4557.jpg,1,1,True,2.353688068978954e-05,0.9999765157699585
/content/Dataset/Test/Real/real_4558.jpg,1,1,True,2.0370778656797484e-05,0.9999796152114868
/content/Dataset/Test/Real/real_4559.jpg,1,1,True,5.179910658625886e-05,0.9999481439590454
/content/Dataset/Test/Real/real_456.jpg,1,1,True,2.9482438549166545e-05,0.999970555305481
/content/Dataset/Test/Real/real_4560.jpg,1,1,True,2.156512528017629e-05,0.9999784231185913
/content/Dataset/Test/Real/real_4561.jpg,1,1,True,0.497755765914917,0.502244234085083
/content/Dataset/Test/Real/real_4562.jpg,1,1,True,0.00020717550069093704,0.9997928738594055
/content/Dataset/Test/Real/real_4563.jpg,1,1,True,3.472901153145358e-05,0.9999653100967407
/content/Dataset/Test/Real/real_4564.jpg,1,0,False,0.9999388456344604,6.119776662671939e-05
/content/Dataset/Test/Real/real_4565.jpg,1,0,False,0.9806051254272461,0.019394900649785995
/content/Dataset/Test/Real/real_4566.jpg,1,0,False,0.999887228012085,0.00011281836486887187
/content/Dataset/Test/Real/real_4567.jpg,1,1,True,0.0004891122225672007,0.9995108842849731
/content/Dataset/Test/Real/real_4568.jpg,1,1,True,0.4292278587818146,0.5707721710205078
/content/Dataset/Test/Real/real_4569.jpg,1,0,False,0.9506765007972717,0.0493234321475029
/content/Dataset/Test/Real/real_457.jpg,1,1,True,0.005001110024750233,0.9949989318847656
/content/Dataset/Test/Real/real_4570.jpg,1,1,True,4.8485213483218104e-05,0.9999514818191528
/content/Dataset/Test/Real/real_4571.jpg,1,1,True,2.118676457030233e-05,0.99997878074646
/content/Dataset/Test/Real/real_4572.jpg,1,1,True,2.3394912204821594e-05,0.999976634979248
/content/Dataset/Test/Real/real_4573.jpg,1,1,True,2.7642721761367284e-05,0.9999723434448242
/content/Dataset/Test/Real/real_4574.jpg,1,1,True,0.010559095069766045,0.9894409775733948
/content/Dataset/Test/Real/real_4575.jpg,1,1,True,2.355162905587349e-05,0.999976396560669
/content/Dataset/Test/Real/real_4576.jpg,1,1,True,2.9317408916540444e-05,0.9999706745147705
/content/Dataset/Test/Real/real_4577.jpg,1,0,False,0.9949624538421631,0.005037516355514526
/content/Dataset/Test/Real/real_4578.jpg,1,1,True,0.009161018766462803,0.9908389449119568
/content/Dataset/Test/Real/real_4579.jpg,1,1,True,2.347364352317527e-05,0.9999765157699585
/content/Dataset/Test/Real/real_458.jpg,1,1,True,5.772674558102153e-05,0.9999423027038574
/content/Dataset/Test/Real/real_4580.jpg,1,1,True,0.00015916151460260153,0.9998408555984497
/content/Dataset/Test/Real/real_4581.jpg,1,1,True,0.00021893775556236506,0.99978107213974
/content/Dataset/Test/Real/real_4582.jpg,1,0,False,0.9964300990104675,0.0035698795691132545
/content/Dataset/Test/Real/real_4583.jpg,1,1,True,0.009604793973267078,0.9903952479362488
/content/Dataset/Test/Real/real_4584.jpg,1,1,True,3.2284842745866627e-05,0.9999676942825317
/content/Dataset/Test/Real/real_4585.jpg,1,0,False,0.9989369511604309,0.001063061528839171
/content/Dataset/Test/Real/real_4586.jpg,1,1,True,0.00012407416943460703,0.9998759031295776
/content/Dataset/Test/Real/real_4587.jpg,1,0,False,0.5711581110954285,0.4288419187068939
/content/Dataset/Test/Real/real_4588.jpg,1,1,True,6.352770287776366e-05,0.9999364614486694
/content/Dataset/Test/Real/real_4589.jpg,1,0,False,0.8051591515541077,0.19484086334705353
/content/Dataset/Test/Real/real_459.jpg,1,1,True,0.0019066354725509882,0.99809330701828
/content/Dataset/Test/Real/real_4590.jpg,1,1,True,0.1772291362285614,0.8227708339691162
/content/Dataset/Test/Real/real_4591.jpg,1,1,True,4.6583503717556596e-05,0.9999533891677856
/content/Dataset/Test/Real/real_4592.jpg,1,1,True,4.2809722799574956e-05,0.9999572038650513
/content/Dataset/Test/Real/real_4593.jpg,1,1,True,8.684909698786214e-05,0.9999130964279175
/content/Dataset/Test/Real/real_4594.jpg,1,0,False,0.8793141841888428,0.120685875415802
/content/Dataset/Test/Real/real_4595.jpg,1,1,True,2.201756251452025e-05,0.9999779462814331
/content/Dataset/Test/Real/real_4596.jpg,1,1,True,0.02568937838077545,0.9743106365203857
/content/Dataset/Test/Real/real_4597.jpg,1,1,True,4.737598283099942e-05,0.9999526739120483
/content/Dataset/Test/Real/real_4598.jpg,1,1,True,2.6049179723486304e-05,0.9999738931655884
/content/Dataset/Test/Real/real_4599.jpg,1,0,False,0.901301920413971,0.09869812428951263
/content/Dataset/Test/Real/real_46.jpg,1,1,True,0.0007843898492865264,0.9992156028747559
/content/Dataset/Test/Real/real_460.jpg,1,1,True,6.682093953713775e-05,0.999933123588562
/content/Dataset/Test/Real/real_4600.jpg,1,0,False,0.8230812549591064,0.17691874504089355
/content/Dataset/Test/Real/real_4601.jpg,1,0,False,0.9994200468063354,0.0005799296777695417
/content/Dataset/Test/Real/real_4602.jpg,1,1,True,6.589599070139229e-05,0.9999340772628784
/content/Dataset/Test/Real/real_4603.jpg,1,1,True,3.5532084439182654e-05,0.9999644756317139
/content/Dataset/Test/Real/real_4604.jpg,1,1,True,2.055815093626734e-05,0.9999794960021973
/content/Dataset/Test/Real/real_4605.jpg,1,1,True,3.039247530978173e-05,0.9999696016311646
/content/Dataset/Test/Real/real_4606.jpg,1,1,True,2.0953499188181013e-05,0.9999790191650391
/content/Dataset/Test/Real/real_4607.jpg,1,1,True,3.347456004121341e-05,0.9999665021896362
/content/Dataset/Test/Real/real_4608.jpg,1,1,True,2.228697485406883e-05,0.999977707862854
/content/Dataset/Test/Real/real_4609.jpg,1,1,True,3.012190427398309e-05,0.9999698400497437
/content/Dataset/Test/Real/real_461.jpg,1,1,True,3.0163904739310965e-05,0.9999698400497437
/content/Dataset/Test/Real/real_4610.jpg,1,1,True,0.0018714678008109331,0.9981285929679871
/content/Dataset/Test/Real/real_4611.jpg,1,1,True,2.9033088139840402e-05,0.9999709129333496
/content/Dataset/Test/Real/real_4612.jpg,1,0,False,0.9999743700027466,2.567825504229404e-05
/content/Dataset/Test/Real/real_4613.jpg,1,1,True,9.915584814734757e-05,0.9999008178710938
/content/Dataset/Test/Real/real_4614.jpg,1,1,True,3.4453794796718284e-05,0.9999655485153198
/content/Dataset/Test/Real/real_4615.jpg,1,1,True,2.436052091070451e-05,0.9999756813049316
/content/Dataset/Test/Real/real_4616.jpg,1,1,True,2.3938297090353444e-05,0.9999760389328003
/content/Dataset/Test/Real/real_4617.jpg,1,1,True,0.021291861310601234,0.9787080883979797
/content/Dataset/Test/Real/real_4618.jpg,1,0,False,0.9652350544929504,0.03476491943001747
/content/Dataset/Test/Real/real_4619.jpg,1,1,True,6.758560630260035e-05,0.9999324083328247
/content/Dataset/Test/Real/real_462.jpg,1,1,True,2.3285954739549197e-05,0.9999767541885376
/content/Dataset/Test/Real/real_4620.jpg,1,0,False,0.9779506325721741,0.02204941399395466
/content/Dataset/Test/Real/real_4621.jpg,1,0,False,0.9917652010917664,0.008234739303588867
/content/Dataset/Test/Real/real_4622.jpg,1,1,True,1.9816805433947593e-05,0.9999802112579346
/content/Dataset/Test/Real/real_4623.jpg,1,1,True,2.1021152861067094e-05,0.9999790191650391
/content/Dataset/Test/Real/real_4624.jpg,1,1,True,2.1189936887822114e-05,0.99997878074646
/content/Dataset/Test/Real/real_4625.jpg,1,0,False,0.999962329864502,3.763982022064738e-05
/content/Dataset/Test/Real/real_4626.jpg,1,1,True,2.383569699304644e-05,0.9999761581420898
/content/Dataset/Test/Real/real_4627.jpg,1,1,True,3.6820700188400224e-05,0.9999631643295288
/content/Dataset/Test/Real/real_4628.jpg,1,1,True,2.3060436433297582e-05,0.9999769926071167
/content/Dataset/Test/Real/real_4629.jpg,1,1,True,0.00011674944835249335,0.9998832941055298
/content/Dataset/Test/Real/real_463.jpg,1,1,True,2.1644575099344365e-05,0.9999783039093018
/content/Dataset/Test/Real/real_4630.jpg,1,1,True,6.230224971659482e-05,0.9999376535415649
/content/Dataset/Test/Real/real_4631.jpg,1,1,True,0.0016494971932843328,0.9983505010604858
/content/Dataset/Test/Real/real_4632.jpg,1,1,True,0.00011450192687334493,0.9998854398727417
/content/Dataset/Test/Real/real_4633.jpg,1,1,True,2.387337008258328e-05,0.9999761581420898
/content/Dataset/Test/Real/real_4634.jpg,1,1,True,2.1830232071806677e-05,0.9999781847000122
/content/Dataset/Test/Real/real_4635.jpg,1,1,True,0.04210415855050087,0.957895815372467
/content/Dataset/Test/Real/real_4636.jpg,1,1,True,5.214663906372152e-05,0.9999479055404663
/content/Dataset/Test/Real/real_4637.jpg,1,1,True,0.00026385998353362083,0.9997361302375793
/content/Dataset/Test/Real/real_4638.jpg,1,1,True,0.30947205424308777,0.6905279159545898
/content/Dataset/Test/Real/real_4639.jpg,1,1,True,2.9443886887747794e-05,0.999970555305481
/content/Dataset/Test/Real/real_464.jpg,1,1,True,2.9619595807162113e-05,0.9999704360961914
/content/Dataset/Test/Real/real_4640.jpg,1,1,True,0.03992776945233345,0.9600722193717957
/content/Dataset/Test/Real/real_4641.jpg,1,1,True,8.459610398858786e-05,0.999915361404419
/content/Dataset/Test/Real/real_4642.jpg,1,1,True,2.4529650545446202e-05,0.9999754428863525
/content/Dataset/Test/Real/real_4643.jpg,1,0,False,0.9959226846694946,0.00407731719315052
/content/Dataset/Test/Real/real_4644.jpg,1,1,True,9.190550917992368e-05,0.9999080896377563
/content/Dataset/Test/Real/real_4645.jpg,1,1,True,2.3359998522209935e-05,0.999976634979248
/content/Dataset/Test/Real/real_4646.jpg,1,1,True,2.2561813239008188e-05,0.9999774694442749
/content/Dataset/Test/Real/real_4647.jpg,1,0,False,0.9999462366104126,5.379324284149334e-05
/content/Dataset/Test/Real/real_4648.jpg,1,0,False,0.7883211374282837,0.2116788923740387
/content/Dataset/Test/Real/real_4649.jpg,1,1,True,0.40482473373413086,0.5951752066612244
/content/Dataset/Test/Real/real_465.jpg,1,1,True,2.264611975988373e-05,0.9999773502349854
/content/Dataset/Test/Real/real_4650.jpg,1,1,True,0.0001029645572998561,0.9998970031738281
/content/Dataset/Test/Real/real_4651.jpg,1,1,True,8.877572690835223e-05,0.9999111890792847
/content/Dataset/Test/Real/real_4652.jpg,1,1,True,0.00024172733537852764,0.9997583031654358
/content/Dataset/Test/Real/real_4653.jpg,1,0,False,0.951842725276947,0.048157282173633575
/content/Dataset/Test/Real/real_4654.jpg,1,0,False,0.9756138920783997,0.024386124685406685
/content/Dataset/Test/Real/real_4655.jpg,1,1,True,0.0009128997917287052,0.9990870952606201
/content/Dataset/Test/Real/real_4656.jpg,1,1,True,2.1225574528216384e-05,0.99997878074646
/content/Dataset/Test/Real/real_4657.jpg,1,1,True,3.104398638242856e-05,0.9999690055847168
/content/Dataset/Test/Real/real_4658.jpg,1,1,True,2.2578515199711546e-05,0.9999774694442749
/content/Dataset/Test/Real/real_4659.jpg,1,1,True,2.114020571752917e-05,0.9999788999557495
/content/Dataset/Test/Real/real_466.jpg,1,1,True,2.2200829334906302e-05,0.9999778270721436
/content/Dataset/Test/Real/real_4660.jpg,1,1,True,3.132755227852613e-05,0.9999686479568481
/content/Dataset/Test/Real/real_4661.jpg,1,1,True,3.649927748483606e-05,0.9999635219573975
/content/Dataset/Test/Real/real_4662.jpg,1,1,True,0.00019461078045424074,0.9998053908348083
/content/Dataset/Test/Real/real_4663.jpg,1,1,True,0.0012855754466727376,0.9987144470214844
/content/Dataset/Test/Real/real_4664.jpg,1,1,True,2.1609204850392416e-05,0.9999784231185913
/content/Dataset/Test/Real/real_4665.jpg,1,1,True,0.0031370508950203657,0.9968630075454712
/content/Dataset/Test/Real/real_4666.jpg,1,1,True,0.0006224150420166552,0.9993776679039001
/content/Dataset/Test/Real/real_4667.jpg,1,1,True,0.05179249495267868,0.9482074975967407
/content/Dataset/Test/Real/real_4668.jpg,1,1,True,0.25277814269065857,0.747221827507019
/content/Dataset/Test/Real/real_4669.jpg,1,0,False,0.9995032548904419,0.0004967513959854841
/content/Dataset/Test/Real/real_467.jpg,1,1,True,2.4326211132574826e-05,0.9999756813049316
/content/Dataset/Test/Real/real_4670.jpg,1,0,False,0.9909600019454956,0.009040026925504208
/content/Dataset/Test/Real/real_4671.jpg,1,1,True,0.0002296621387358755,0.9997703433036804
/content/Dataset/Test/Real/real_4672.jpg,1,1,True,0.00028390149236656725,0.9997161030769348
/content/Dataset/Test/Real/real_4673.jpg,1,1,True,2.233563645859249e-05,0.999977707862854
/content/Dataset/Test/Real/real_4674.jpg,1,0,False,0.9718825817108154,0.028117405250668526
/content/Dataset/Test/Real/real_4675.jpg,1,0,False,0.9999498128890991,5.01347312820144e-05
/content/Dataset/Test/Real/real_4676.jpg,1,1,True,2.2236423319554888e-05,0.999977707862854
/content/Dataset/Test/Real/real_4677.jpg,1,0,False,0.9372632503509521,0.06273677200078964
/content/Dataset/Test/Real/real_4678.jpg,1,1,True,2.600128391350154e-05,0.9999740123748779
/content/Dataset/Test/Real/real_4679.jpg,1,1,True,0.05972861126065254,0.9402714371681213
/content/Dataset/Test/Real/real_468.jpg,1,1,True,2.2361977244145237e-05,0.9999775886535645
/content/Dataset/Test/Real/real_4680.jpg,1,1,True,4.246245589456521e-05,0.9999575614929199
/content/Dataset/Test/Real/real_4681.jpg,1,1,True,0.0007947505218908191,0.9992052912712097
/content/Dataset/Test/Real/real_4682.jpg,1,1,True,4.22956254624296e-05,0.9999576807022095
/content/Dataset/Test/Real/real_4683.jpg,1,1,True,0.00034920615144073963,0.9996508359909058
/content/Dataset/Test/Real/real_4684.jpg,1,1,True,0.00014023305266164243,0.9998596906661987
/content/Dataset/Test/Real/real_4685.jpg,1,0,False,0.9878761768341064,0.01212384831160307
/content/Dataset/Test/Real/real_4686.jpg,1,1,True,8.104573498712853e-05,0.9999189376831055
/content/Dataset/Test/Real/real_4687.jpg,1,1,True,3.560884579201229e-05,0.9999643564224243
/content/Dataset/Test/Real/real_4688.jpg,1,1,True,2.21525042434223e-05,0.9999778270721436
/content/Dataset/Test/Real/real_4689.jpg,1,0,False,0.6485750079154968,0.35142505168914795
/content/Dataset/Test/Real/real_469.jpg,1,1,True,0.004536583553999662,0.9954634308815002
/content/Dataset/Test/Real/real_4690.jpg,1,1,True,4.616537626134232e-05,0.9999538660049438
/content/Dataset/Test/Real/real_4691.jpg,1,1,True,0.00030808860901743174,0.9996919631958008
/content/Dataset/Test/Real/real_4692.jpg,1,0,False,0.9999263286590576,7.3685085226316e-05
/content/Dataset/Test/Real/real_4693.jpg,1,0,False,0.9999501705169678,4.979514778824523e-05
/content/Dataset/Test/Real/real_4694.jpg,1,1,True,0.00027461539139039814,0.9997254014015198
/content/Dataset/Test/Real/real_4695.jpg,1,1,True,2.3347105525317602e-05,0.999976634979248
/content/Dataset/Test/Real/real_4696.jpg,1,1,True,0.013233751058578491,0.9867662191390991
/content/Dataset/Test/Real/real_4697.jpg,1,1,True,0.00012173548020655289,0.9998782873153687
/content/Dataset/Test/Real/real_4698.jpg,1,0,False,0.9660145044326782,0.03398548811674118
/content/Dataset/Test/Real/real_4699.jpg,1,1,True,4.5870077883591875e-05,0.999954104423523
/content/Dataset/Test/Real/real_47.jpg,1,1,True,3.157186438329518e-05,0.999968409538269
/content/Dataset/Test/Real/real_470.jpg,1,1,True,8.70104122441262e-05,0.9999129772186279
/content/Dataset/Test/Real/real_4700.jpg,1,1,True,0.4989897608757019,0.5010102391242981
/content/Dataset/Test/Real/real_4701.jpg,1,1,True,0.0017014261102303863,0.9982985854148865
/content/Dataset/Test/Real/real_4702.jpg,1,1,True,0.00017110625049099326,0.9998288154602051
/content/Dataset/Test/Real/real_4703.jpg,1,1,True,0.034012891352176666,0.9659871459007263
/content/Dataset/Test/Real/real_4704.jpg,1,0,False,0.9694440364837646,0.030556010082364082
/content/Dataset/Test/Real/real_4705.jpg,1,1,True,0.0007491433061659336,0.9992508292198181
/content/Dataset/Test/Real/real_4706.jpg,1,1,True,3.331862899358384e-05,0.9999666213989258
/content/Dataset/Test/Real/real_4707.jpg,1,1,True,4.33065251854714e-05,0.9999567270278931
/content/Dataset/Test/Real/real_4708.jpg,1,1,True,2.3870228687883355e-05,0.9999761581420898
/content/Dataset/Test/Real/real_4709.jpg,1,0,False,0.9999668598175049,3.315590220154263e-05
/content/Dataset/Test/Real/real_471.jpg,1,1,True,2.2680313122691587e-05,0.9999773502349854
/content/Dataset/Test/Real/real_4710.jpg,1,0,False,0.9999450445175171,5.4926811571931466e-05
/content/Dataset/Test/Real/real_4711.jpg,1,0,False,0.999944806098938,5.518649777513929e-05
/content/Dataset/Test/Real/real_4712.jpg,1,1,True,0.46124690771102905,0.5387530326843262
/content/Dataset/Test/Real/real_4713.jpg,1,1,True,0.0007977118366397917,0.999202311038971
/content/Dataset/Test/Real/real_4714.jpg,1,1,True,2.3601252905791625e-05,0.999976396560669
/content/Dataset/Test/Real/real_4715.jpg,1,1,True,2.1076715711387806e-05,0.9999788999557495
/content/Dataset/Test/Real/real_4716.jpg,1,1,True,2.9062422981951386e-05,0.9999709129333496
/content/Dataset/Test/Real/real_4717.jpg,1,1,True,3.570238550310023e-05,0.9999642372131348
/content/Dataset/Test/Real/real_4718.jpg,1,1,True,0.000549387012142688,0.9994506239891052
/content/Dataset/Test/Real/real_4719.jpg,1,1,True,0.00019977999909315258,0.9998002648353577
/content/Dataset/Test/Real/real_472.jpg,1,1,True,2.2435076971305534e-05,0.9999775886535645
/content/Dataset/Test/Real/real_4720.jpg,1,1,True,7.65774238971062e-05,0.9999234676361084
/content/Dataset/Test/Real/real_4721.jpg,1,1,True,0.0015112543478608131,0.9984886646270752
/content/Dataset/Test/Real/real_4722.jpg,1,1,True,2.5731520508998074e-05,0.999974250793457
/content/Dataset/Test/Real/real_4723.jpg,1,1,True,2.1808757082908414e-05,0.9999781847000122
/content/Dataset/Test/Real/real_4724.jpg,1,1,True,3.209969509043731e-05,0.9999679327011108
/content/Dataset/Test/Real/real_4725.jpg,1,1,True,8.205435005947948e-05,0.9999179840087891
/content/Dataset/Test/Real/real_4726.jpg,1,0,False,0.9999157190322876,8.424647967331111e-05
/content/Dataset/Test/Real/real_4727.jpg,1,1,True,6.100321115809493e-05,0.99993896484375
/content/Dataset/Test/Real/real_4728.jpg,1,0,False,0.9999526739120483,4.738307688967325e-05
/content/Dataset/Test/Real/real_4729.jpg,1,1,True,5.71525379200466e-05,0.9999428987503052
/content/Dataset/Test/Real/real_473.jpg,1,1,True,2.3606542526977137e-05,0.999976396560669
/content/Dataset/Test/Real/real_4730.jpg,1,1,True,0.0019887983798980713,0.9980112314224243
/content/Dataset/Test/Real/real_4731.jpg,1,0,False,0.7606308460235596,0.23936912417411804
/content/Dataset/Test/Real/real_4732.jpg,1,1,True,0.00023621080617886037,0.9997637867927551
/content/Dataset/Test/Real/real_4733.jpg,1,1,True,0.00021809892496094108,0.9997819066047668
/content/Dataset/Test/Real/real_4734.jpg,1,1,True,0.042583078145980835,0.9574168920516968
/content/Dataset/Test/Real/real_4735.jpg,1,0,False,0.9999629259109497,3.702248795889318e-05
/content/Dataset/Test/Real/real_4736.jpg,1,1,True,9.195529855787754e-05,0.9999080896377563
/content/Dataset/Test/Real/real_4737.jpg,1,1,True,2.9624254239024594e-05,0.9999703168869019
/content/Dataset/Test/Real/real_4738.jpg,1,1,True,2.2330099454848096e-05,0.999977707862854
/content/Dataset/Test/Real/real_4739.jpg,1,1,True,2.3664151740376838e-05,0.9999762773513794
/content/Dataset/Test/Real/real_474.jpg,1,1,True,2.4897066396079026e-05,0.9999750852584839
/content/Dataset/Test/Real/real_4740.jpg,1,1,True,2.459533243381884e-05,0.9999754428863525
/content/Dataset/Test/Real/real_4741.jpg,1,1,True,2.1502984964172356e-05,0.9999785423278809
/content/Dataset/Test/Real/real_4742.jpg,1,0,False,0.632150411605835,0.36784955859184265
/content/Dataset/Test/Real/real_4743.jpg,1,1,True,0.19526635110378265,0.8047336339950562
/content/Dataset/Test/Real/real_4744.jpg,1,1,True,3.493622352834791e-05,0.9999650716781616
/content/Dataset/Test/Real/real_4745.jpg,1,1,True,0.12474963814020157,0.8752503991127014
/content/Dataset/Test/Real/real_4746.jpg,1,1,True,0.00045272675924934447,0.9995473027229309
/content/Dataset/Test/Real/real_4747.jpg,1,1,True,0.048654068261384964,0.9513459205627441
/content/Dataset/Test/Real/real_4748.jpg,1,1,True,6.765879516024143e-05,0.9999322891235352
/content/Dataset/Test/Real/real_4749.jpg,1,0,False,0.9998842477798462,0.00011575409007491544
/content/Dataset/Test/Real/real_475.jpg,1,1,True,0.00010078585910378024,0.99989914894104
/content/Dataset/Test/Real/real_4750.jpg,1,1,True,0.00012175997107988223,0.9998781681060791
/content/Dataset/Test/Real/real_4751.jpg,1,1,True,0.00010295386164216325,0.9998970031738281
/content/Dataset/Test/Real/real_4752.jpg,1,0,False,0.997982382774353,0.0020175520330667496
/content/Dataset/Test/Real/real_4753.jpg,1,0,False,0.9999651908874512,3.475842822808772e-05
/content/Dataset/Test/Real/real_4754.jpg,1,1,True,6.360177940223366e-05,0.9999363422393799
/content/Dataset/Test/Real/real_4755.jpg,1,1,True,2.2550650101038627e-05,0.9999774694442749
/content/Dataset/Test/Real/real_4756.jpg,1,1,True,0.015229115262627602,0.9847708344459534
/content/Dataset/Test/Real/real_4757.jpg,1,1,True,0.032371774315834045,0.9676282405853271
/content/Dataset/Test/Real/real_4758.jpg,1,1,True,0.000382620986783877,0.999617338180542
/content/Dataset/Test/Real/real_4759.jpg,1,0,False,0.9986351132392883,0.0013648681342601776
/content/Dataset/Test/Real/real_476.jpg,1,1,True,0.00011696082219714299,0.9998830556869507
/content/Dataset/Test/Real/real_4760.jpg,1,1,True,3.7932601117063314e-05,0.9999620914459229
/content/Dataset/Test/Real/real_4761.jpg,1,1,True,0.00015841596177779138,0.999841570854187
/content/Dataset/Test/Real/real_4762.jpg,1,1,True,0.31077393889427185,0.6892260909080505
/content/Dataset/Test/Real/real_4763.jpg,1,1,True,0.1590832769870758,0.8409166932106018
/content/Dataset/Test/Real/real_4764.jpg,1,1,True,0.002224832307547331,0.997775137424469
/content/Dataset/Test/Real/real_4765.jpg,1,1,True,0.4027844965457916,0.5972155332565308
/content/Dataset/Test/Real/real_4766.jpg,1,1,True,3.0860530387144536e-05,0.9999691247940063
/content/Dataset/Test/Real/real_4767.jpg,1,1,True,0.0007482419023290277,0.9992517828941345
/content/Dataset/Test/Real/real_4768.jpg,1,1,True,0.00033510979847051203,0.9996649026870728
/content/Dataset/Test/Real/real_4769.jpg,1,1,True,0.00024367131118196994,0.9997562766075134
/content/Dataset/Test/Real/real_477.jpg,1,1,True,0.028185242787003517,0.971814751625061
/content/Dataset/Test/Real/real_4770.jpg,1,1,True,0.004298114217817783,0.9957018494606018
/content/Dataset/Test/Real/real_4771.jpg,1,1,True,0.059440698474645615,0.9405593276023865
/content/Dataset/Test/Real/real_4772.jpg,1,1,True,2.2155611077323556e-05,0.9999778270721436
/content/Dataset/Test/Real/real_4773.jpg,1,0,False,0.999110996723175,0.0008889595628716052
/content/Dataset/Test/Real/real_4774.jpg,1,0,False,0.8683869242668152,0.13161304593086243
/content/Dataset/Test/Real/real_4775.jpg,1,1,True,5.320095442584716e-05,0.9999468326568604
/content/Dataset/Test/Real/real_4776.jpg,1,1,True,2.2077298126532696e-05,0.9999779462814331
/content/Dataset/Test/Real/real_4777.jpg,1,1,True,3.0971710657468066e-05,0.9999690055847168
/content/Dataset/Test/Real/real_4778.jpg,1,1,True,0.0029208920896053314,0.9970791339874268
/content/Dataset/Test/Real/real_4779.jpg,1,1,True,8.281006012111902e-05,0.9999171495437622
/content/Dataset/Test/Real/real_478.jpg,1,1,True,2.1853353246115148e-05,0.9999781847000122
/content/Dataset/Test/Real/real_4780.jpg,1,1,True,0.07087836414575577,0.9291216135025024
/content/Dataset/Test/Real/real_4781.jpg,1,1,True,0.0006431471556425095,0.9993568062782288
/content/Dataset/Test/Real/real_4782.jpg,1,1,True,0.00023397225595545024,0.9997660517692566
/content/Dataset/Test/Real/real_4783.jpg,1,1,True,0.4233960509300232,0.5766039490699768
/content/Dataset/Test/Real/real_4784.jpg,1,1,True,3.867836494464427e-05,0.9999613761901855
/content/Dataset/Test/Real/real_4785.jpg,1,1,True,2.8485243092291057e-05,0.9999715089797974
/content/Dataset/Test/Real/real_4786.jpg,1,1,True,2.5473544155829586e-05,0.9999744892120361
/content/Dataset/Test/Real/real_4787.jpg,1,0,False,0.999923586845398,7.635638758074492e-05
/content/Dataset/Test/Real/real_4788.jpg,1,0,False,0.9999370574951172,6.289867451414466e-05
/content/Dataset/Test/Real/real_4789.jpg,1,0,False,0.9998546838760376,0.0001453368313377723
/content/Dataset/Test/Real/real_479.jpg,1,0,False,0.9999494552612305,5.051072366768494e-05
/content/Dataset/Test/Real/real_4790.jpg,1,1,True,3.988357275375165e-05,0.9999600648880005
/content/Dataset/Test/Real/real_4791.jpg,1,1,True,0.002134582493454218,0.9978654980659485
/content/Dataset/Test/Real/real_4792.jpg,1,1,True,0.010037129744887352,0.9899628758430481
/content/Dataset/Test/Real/real_4793.jpg,1,0,False,0.9261362552642822,0.07386370748281479
/content/Dataset/Test/Real/real_4794.jpg,1,1,True,2.261486770294141e-05,0.9999773502349854
/content/Dataset/Test/Real/real_4795.jpg,1,1,True,0.00013331726950127631,0.9998667240142822
/content/Dataset/Test/Real/real_4796.jpg,1,0,False,0.9998887777328491,0.00011116323003079742
/content/Dataset/Test/Real/real_4797.jpg,1,1,True,0.00440573925152421,0.9955942034721375
/content/Dataset/Test/Real/real_4798.jpg,1,0,False,0.9999505281448364,4.9440135626355186e-05
/content/Dataset/Test/Real/real_4799.jpg,1,0,False,0.9956717491149902,0.004328212700784206
/content/Dataset/Test/Real/real_48.jpg,1,1,True,2.8895783543703146e-05,0.9999711513519287
/content/Dataset/Test/Real/real_480.jpg,1,0,False,0.8181040287017822,0.18189597129821777
/content/Dataset/Test/Real/real_4800.jpg,1,1,True,3.625851240940392e-05,0.9999637603759766
/content/Dataset/Test/Real/real_4801.jpg,1,1,True,0.00029474683105945587,0.9997052550315857
/content/Dataset/Test/Real/real_4802.jpg,1,1,True,0.008170701563358307,0.9918293356895447
/content/Dataset/Test/Real/real_4803.jpg,1,1,True,2.2744250600226223e-05,0.9999772310256958
/content/Dataset/Test/Real/real_4804.jpg,1,0,False,0.7399471998214722,0.2600528597831726
/content/Dataset/Test/Real/real_4805.jpg,1,1,True,0.0736827626824379,0.9263171553611755
/content/Dataset/Test/Real/real_4806.jpg,1,1,True,0.00028529204428195953,0.9997146725654602
/content/Dataset/Test/Real/real_4807.jpg,1,1,True,3.4774013329297304e-05,0.9999651908874512
/content/Dataset/Test/Real/real_4808.jpg,1,1,True,8.215801790356636e-05,0.9999178647994995
/content/Dataset/Test/Real/real_4809.jpg,1,1,True,2.7826172299683094e-05,0.9999722242355347
/content/Dataset/Test/Real/real_481.jpg,1,1,True,2.0888181097689085e-05,0.9999791383743286
/content/Dataset/Test/Real/real_4810.jpg,1,1,True,2.2460249965661205e-05,0.9999775886535645
/content/Dataset/Test/Real/real_4811.jpg,1,1,True,5.175328624318354e-05,0.999948263168335
/content/Dataset/Test/Real/real_4812.jpg,1,0,False,0.8952847123146057,0.10471535474061966
/content/Dataset/Test/Real/real_4813.jpg,1,1,True,2.3029822841635905e-05,0.9999769926071167
/content/Dataset/Test/Real/real_4814.jpg,1,1,True,8.333003643201664e-05,0.999916672706604
/content/Dataset/Test/Real/real_4815.jpg,1,1,True,2.2636682842858136e-05,0.9999773502349854
/content/Dataset/Test/Real/real_4816.jpg,1,1,True,2.5398298021173105e-05,0.9999746084213257
/content/Dataset/Test/Real/real_4817.jpg,1,1,True,3.084058334934525e-05,0.9999691247940063
/content/Dataset/Test/Real/real_4818.jpg,1,1,True,0.0008557382971048355,0.9991441965103149
/content/Dataset/Test/Real/real_4819.jpg,1,1,True,7.549791189376265e-05,0.9999245405197144
/content/Dataset/Test/Real/real_482.jpg,1,1,True,2.9667113267350942e-05,0.9999703168869019
/content/Dataset/Test/Real/real_4820.jpg,1,1,True,2.1643912987201475e-05,0.9999783039093018
/content/Dataset/Test/Real/real_4821.jpg,1,1,True,3.117891537840478e-05,0.9999687671661377
/content/Dataset/Test/Real/real_4822.jpg,1,1,True,0.0002241097390651703,0.9997759461402893
/content/Dataset/Test/Real/real_4823.jpg,1,0,False,0.9999144077301025,8.557631372241303e-05
/content/Dataset/Test/Real/real_4824.jpg,1,1,True,0.0006896457052789629,0.9993103742599487
/content/Dataset/Test/Real/real_4825.jpg,1,1,True,0.0013869110262021422,0.9986131191253662
/content/Dataset/Test/Real/real_4826.jpg,1,1,True,0.0014158355770632625,0.9985841512680054
/content/Dataset/Test/Real/real_4827.jpg,1,1,True,2.9519400413846597e-05,0.9999704360961914
/content/Dataset/Test/Real/real_4828.jpg,1,1,True,0.4576837718486786,0.542316198348999
/content/Dataset/Test/Real/real_4829.jpg,1,0,False,0.9999146461486816,8.53780802572146e-05
/content/Dataset/Test/Real/real_483.jpg,1,1,True,0.06116236001253128,0.9388376474380493
/content/Dataset/Test/Real/real_4830.jpg,1,0,False,0.9998694658279419,0.00013050856068730354
/content/Dataset/Test/Real/real_4831.jpg,1,0,False,0.999893069267273,0.00010697138350224122
/content/Dataset/Test/Real/real_4832.jpg,1,1,True,2.9021521186223254e-05,0.9999710321426392
/content/Dataset/Test/Real/real_4833.jpg,1,1,True,0.0007777916616760194,0.9992221593856812
/content/Dataset/Test/Real/real_4834.jpg,1,1,True,0.22126120328903198,0.778738796710968
/content/Dataset/Test/Real/real_4835.jpg,1,0,False,0.9999151229858398,8.492126653436571e-05
/content/Dataset/Test/Real/real_4836.jpg,1,0,False,0.999868631362915,0.0001313698448939249
/content/Dataset/Test/Real/real_4837.jpg,1,0,False,0.9998047947883606,0.00019523079390637577
/content/Dataset/Test/Real/real_4838.jpg,1,0,False,0.999909520149231,9.042341116582975e-05
/content/Dataset/Test/Real/real_4839.jpg,1,0,False,0.9999549388885498,4.5063672587275505e-05
/content/Dataset/Test/Real/real_484.jpg,1,1,True,8.716804586583748e-05,0.9999128580093384
/content/Dataset/Test/Real/real_4840.jpg,1,0,False,0.9999599456787109,4.0027945942711085e-05
/content/Dataset/Test/Real/real_4841.jpg,1,0,False,0.9637197256088257,0.036280304193496704
/content/Dataset/Test/Real/real_4842.jpg,1,0,False,0.5500412583351135,0.44995877146720886
/content/Dataset/Test/Real/real_4843.jpg,1,1,True,5.414310726337135e-05,0.999945878982544
/content/Dataset/Test/Real/real_4844.jpg,1,1,True,2.216139910160564e-05,0.9999778270721436
/content/Dataset/Test/Real/real_4845.jpg,1,0,False,0.999099850654602,0.0009001558646559715
/content/Dataset/Test/Real/real_4846.jpg,1,0,False,0.9999555349349976,4.448159597814083e-05
/content/Dataset/Test/Real/real_4847.jpg,1,0,False,0.9999514818191528,4.851181074627675e-05
/content/Dataset/Test/Real/real_4848.jpg,1,0,False,0.999935507774353,6.446876795962453e-05
/content/Dataset/Test/Real/real_4849.jpg,1,1,True,8.351315773325041e-05,0.9999164342880249
/content/Dataset/Test/Real/real_485.jpg,1,0,False,0.9995558857917786,0.0004440481716301292
/content/Dataset/Test/Real/real_4850.jpg,1,0,False,0.9999521970748901,4.781314783031121e-05
/content/Dataset/Test/Real/real_4851.jpg,1,1,True,0.3991425931453705,0.6008573770523071
/content/Dataset/Test/Real/real_4852.jpg,1,0,False,0.9999550580978394,4.4949039875064045e-05
/content/Dataset/Test/Real/real_4853.jpg,1,1,True,0.28107506036758423,0.7189249992370605
/content/Dataset/Test/Real/real_4854.jpg,1,1,True,0.0006542730843648314,0.9993457198143005
/content/Dataset/Test/Real/real_4855.jpg,1,0,False,0.9999635219573975,3.650122744147666e-05
/content/Dataset/Test/Real/real_4856.jpg,1,1,True,2.8718040994135663e-05,0.9999712705612183
/content/Dataset/Test/Real/real_4857.jpg,1,1,True,6.126175139797851e-05,0.9999387264251709
/content/Dataset/Test/Real/real_4858.jpg,1,1,True,2.2587431885767728e-05,0.9999774694442749
/content/Dataset/Test/Real/real_4859.jpg,1,1,True,0.015626344829797745,0.9843736886978149
/content/Dataset/Test/Real/real_486.jpg,1,1,True,0.022678472101688385,0.9773215651512146
/content/Dataset/Test/Real/real_4860.jpg,1,1,True,0.00013645518629346043,0.9998635053634644
/content/Dataset/Test/Real/real_4861.jpg,1,1,True,4.326198541093618e-05,0.9999567270278931
/content/Dataset/Test/Real/real_4862.jpg,1,0,False,0.999945878982544,5.4133553931023926e-05
/content/Dataset/Test/Real/real_4863.jpg,1,1,True,0.0001357333967462182,0.9998642206192017
/content/Dataset/Test/Real/real_4864.jpg,1,0,False,0.9999665021896362,3.345423101563938e-05
/content/Dataset/Test/Real/real_4865.jpg,1,0,False,0.9809926152229309,0.019007354974746704
/content/Dataset/Test/Real/real_4866.jpg,1,1,True,0.00011058691598009318,0.9998893737792969
/content/Dataset/Test/Real/real_4867.jpg,1,1,True,0.0018700893269851804,0.9981299042701721
/content/Dataset/Test/Real/real_4868.jpg,1,1,True,0.00048644733033142984,0.9995135068893433
/content/Dataset/Test/Real/real_4869.jpg,1,0,False,0.9998493194580078,0.00015060704026836902
/content/Dataset/Test/Real/real_487.jpg,1,1,True,3.7593115848721936e-05,0.9999624490737915
/content/Dataset/Test/Real/real_4870.jpg,1,0,False,0.9999433755874634,5.659456655848771e-05
/content/Dataset/Test/Real/real_4871.jpg,1,1,True,0.03077499382197857,0.9692250490188599
/content/Dataset/Test/Real/real_4872.jpg,1,1,True,0.00023672236420679837,0.9997633099555969
/content/Dataset/Test/Real/real_4873.jpg,1,1,True,0.0012063333997502923,0.9987936019897461
/content/Dataset/Test/Real/real_4874.jpg,1,1,True,0.0003310560423415154,0.9996689558029175
/content/Dataset/Test/Real/real_4875.jpg,1,0,False,0.9999290704727173,7.09542800905183e-05
/content/Dataset/Test/Real/real_4876.jpg,1,0,False,0.9999377727508545,6.227967969607562e-05
/content/Dataset/Test/Real/real_4877.jpg,1,1,True,0.004054499790072441,0.9959455132484436
/content/Dataset/Test/Real/real_4878.jpg,1,0,False,0.9997692704200745,0.0002306891983607784
/content/Dataset/Test/Real/real_4879.jpg,1,1,True,0.06408747285604477,0.9359124898910522
/content/Dataset/Test/Real/real_488.jpg,1,1,True,2.109211709466763e-05,0.9999788999557495
/content/Dataset/Test/Real/real_4880.jpg,1,0,False,0.5383176207542419,0.46168237924575806
/content/Dataset/Test/Real/real_4881.jpg,1,0,False,0.8366684913635254,0.16333149373531342
/content/Dataset/Test/Real/real_4882.jpg,1,1,True,0.12202069163322449,0.8779793381690979
/content/Dataset/Test/Real/real_4883.jpg,1,0,False,0.7067565321922302,0.2932434380054474
/content/Dataset/Test/Real/real_4884.jpg,1,0,False,0.9999324083328247,6.755112553946674e-05
/content/Dataset/Test/Real/real_4885.jpg,1,1,True,5.40120636287611e-05,0.9999459981918335
/content/Dataset/Test/Real/real_4886.jpg,1,0,False,0.9998363256454468,0.00016370585944969207
/content/Dataset/Test/Real/real_4887.jpg,1,0,False,0.9993120431900024,0.000688017113134265
/content/Dataset/Test/Real/real_4888.jpg,1,1,True,9.1207490186207e-05,0.9999088048934937
/content/Dataset/Test/Real/real_4889.jpg,1,0,False,0.9696219563484192,0.030377961695194244
/content/Dataset/Test/Real/real_489.jpg,1,1,True,2.154083085770253e-05,0.9999784231185913
/content/Dataset/Test/Real/real_4890.jpg,1,1,True,3.264284896431491e-05,0.9999673366546631
/content/Dataset/Test/Real/real_4891.jpg,1,0,False,0.9999223947525024,7.76207452872768e-05
/content/Dataset/Test/Real/real_4892.jpg,1,1,True,0.0009286662680096924,0.9990713596343994
/content/Dataset/Test/Real/real_4893.jpg,1,0,False,0.999845027923584,0.0001549573935335502
/content/Dataset/Test/Real/real_4894.jpg,1,1,True,0.00017299811588600278,0.9998270869255066
/content/Dataset/Test/Real/real_4895.jpg,1,0,False,0.9953540563583374,0.004645949695259333
/content/Dataset/Test/Real/real_4896.jpg,1,1,True,0.057073336094617844,0.9429267048835754
/content/Dataset/Test/Real/real_4897.jpg,1,1,True,0.4026303291320801,0.5973696708679199
/content/Dataset/Test/Real/real_4898.jpg,1,0,False,0.9401914477348328,0.059808555990457535
/content/Dataset/Test/Real/real_4899.jpg,1,0,False,0.9998489618301392,0.00015097339928615838
/content/Dataset/Test/Real/real_49.jpg,1,1,True,3.530564936227165e-05,0.999964714050293
/content/Dataset/Test/Real/real_490.jpg,1,1,True,0.09556372463703156,0.9044362306594849
/content/Dataset/Test/Real/real_4900.jpg,1,1,True,0.00013476998719852418,0.9998651742935181
/content/Dataset/Test/Real/real_4901.jpg,1,0,False,0.9999512434005737,4.870449993177317e-05
/content/Dataset/Test/Real/real_4902.jpg,1,0,False,0.9992628693580627,0.0007371011306531727
/content/Dataset/Test/Real/real_4903.jpg,1,0,False,0.9999017715454102,9.817970567382872e-05
/content/Dataset/Test/Real/real_4904.jpg,1,0,False,0.9998806715011597,0.00011927807645406574
/content/Dataset/Test/Real/real_4905.jpg,1,0,False,0.9999253749847412,7.464906957466155e-05
/content/Dataset/Test/Real/real_4906.jpg,1,0,False,0.9999443292617798,5.566079926211387e-05
/content/Dataset/Test/Real/real_4907.jpg,1,0,False,0.9999303817749023,6.965761713217944e-05
/content/Dataset/Test/Real/real_4908.jpg,1,0,False,0.9721036553382874,0.02789641171693802
/content/Dataset/Test/Real/real_4909.jpg,1,1,True,2.5731422283570282e-05,0.999974250793457
/content/Dataset/Test/Real/real_491.jpg,1,1,True,0.0975225567817688,0.9024774432182312
/content/Dataset/Test/Real/real_4910.jpg,1,0,False,0.9754362106323242,0.024563785642385483
/content/Dataset/Test/Real/real_4911.jpg,1,1,True,0.4135115146636963,0.5864884853363037
/content/Dataset/Test/Real/real_4912.jpg,1,0,False,0.9999133348464966,8.665536006446928e-05
/content/Dataset/Test/Real/real_4913.jpg,1,1,True,0.0007857598830014467,0.9992141723632812
/content/Dataset/Test/Real/real_4914.jpg,1,1,True,2.25849544222001e-05,0.9999774694442749
/content/Dataset/Test/Real/real_4915.jpg,1,1,True,0.28321751952171326,0.7167825102806091
/content/Dataset/Test/Real/real_4916.jpg,1,0,False,0.9999427795410156,5.7165725593222305e-05
/content/Dataset/Test/Real/real_4917.jpg,1,1,True,0.00010423608910059556,0.9998958110809326
/content/Dataset/Test/Real/real_4918.jpg,1,1,True,0.0004725705657619983,0.9995274543762207
/content/Dataset/Test/Real/real_4919.jpg,1,1,True,7.66179509810172e-05,0.9999233484268188
/content/Dataset/Test/Real/real_492.jpg,1,1,True,2.3799762857379392e-05,0.9999761581420898
/content/Dataset/Test/Real/real_4920.jpg,1,1,True,0.00014487633598037064,0.9998551607131958
/content/Dataset/Test/Real/real_4921.jpg,1,1,True,0.00015448722115252167,0.9998455047607422
/content/Dataset/Test/Real/real_4922.jpg,1,0,False,0.967459499835968,0.03254055604338646
/content/Dataset/Test/Real/real_4923.jpg,1,0,False,0.9999474287033081,5.254293137113564e-05
/content/Dataset/Test/Real/real_4924.jpg,1,0,False,0.9999585151672363,4.151189932599664e-05
/content/Dataset/Test/Real/real_4925.jpg,1,0,False,0.9999513626098633,4.866336894338019e-05
/content/Dataset/Test/Real/real_4926.jpg,1,0,False,0.9999545812606812,4.53916763945017e-05
/content/Dataset/Test/Real/real_4927.jpg,1,0,False,0.8226797580718994,0.1773202121257782
/content/Dataset/Test/Real/real_4928.jpg,1,0,False,0.9999359846115112,6.40202488284558e-05
/content/Dataset/Test/Real/real_4929.jpg,1,1,True,4.138454096391797e-05,0.9999586343765259
/content/Dataset/Test/Real/real_493.jpg,1,1,True,2.153923014702741e-05,0.9999784231185913
/content/Dataset/Test/Real/real_4930.jpg,1,1,True,0.005189978983253241,0.9948099851608276
/content/Dataset/Test/Real/real_4931.jpg,1,1,True,0.005866773426532745,0.9941332936286926
/content/Dataset/Test/Real/real_4932.jpg,1,1,True,0.01316604483872652,0.9868339896202087
/content/Dataset/Test/Real/real_4933.jpg,1,1,True,0.00035357489832676947,0.9996464252471924
/content/Dataset/Test/Real/real_4934.jpg,1,1,True,6.46300395601429e-05,0.9999353885650635
/content/Dataset/Test/Real/real_4935.jpg,1,1,True,0.00025956254103221,0.9997404217720032
/content/Dataset/Test/Real/real_4936.jpg,1,0,False,0.9998897314071655,0.00011031288158847019
/content/Dataset/Test/Real/real_4937.jpg,1,1,True,0.1699570119380951,0.8300430178642273
/content/Dataset/Test/Real/real_4938.jpg,1,1,True,2.7613159545580857e-05,0.9999723434448242
/content/Dataset/Test/Real/real_4939.jpg,1,0,False,0.9990652203559875,0.000934814743231982
/content/Dataset/Test/Real/real_494.jpg,1,1,True,0.00022538562188856304,0.9997746348381042
/content/Dataset/Test/Real/real_4940.jpg,1,0,False,0.7649466395378113,0.2350533902645111
/content/Dataset/Test/Real/real_4941.jpg,1,1,True,0.39949831366539,0.6005016565322876
/content/Dataset/Test/Real/real_4942.jpg,1,1,True,0.00037275030626915395,0.9996272325515747
/content/Dataset/Test/Real/real_4943.jpg,1,1,True,0.0002486164157744497,0.9997513890266418
/content/Dataset/Test/Real/real_4944.jpg,1,1,True,3.6696397728519514e-05,0.9999632835388184
/content/Dataset/Test/Real/real_4945.jpg,1,0,False,0.9994010925292969,0.0005989073542878032
/content/Dataset/Test/Real/real_4946.jpg,1,1,True,2.5009840101120062e-05,0.9999749660491943
/content/Dataset/Test/Real/real_4947.jpg,1,0,False,0.9984065890312195,0.0015934896655380726
/content/Dataset/Test/Real/real_4948.jpg,1,0,False,0.9999426603317261,5.729168333346024e-05
/content/Dataset/Test/Real/real_4949.jpg,1,0,False,0.9995248317718506,0.0004751596716232598
/content/Dataset/Test/Real/real_495.jpg,1,1,True,0.00017815845785662532,0.9998218417167664
/content/Dataset/Test/Real/real_4950.jpg,1,0,False,0.6420473456382751,0.35795265436172485
/content/Dataset/Test/Real/real_4951.jpg,1,1,True,2.688309905352071e-05,0.9999730587005615
/content/Dataset/Test/Real/real_4952.jpg,1,1,True,0.00022443347552325577,0.9997755885124207
/content/Dataset/Test/Real/real_4953.jpg,1,1,True,0.002710653468966484,0.9972894191741943
/content/Dataset/Test/Real/real_4954.jpg,1,0,False,0.9999467134475708,5.3229367040330544e-05
/content/Dataset/Test/Real/real_4955.jpg,1,0,False,0.9999196529388428,8.028619777178392e-05
/content/Dataset/Test/Real/real_4956.jpg,1,0,False,0.9999699592590332,3.0079107091296464e-05
/content/Dataset/Test/Real/real_4957.jpg,1,0,False,0.9999406337738037,5.9414258430479094e-05
/content/Dataset/Test/Real/real_4958.jpg,1,0,False,0.8079360723495483,0.19206392765045166
/content/Dataset/Test/Real/real_4959.jpg,1,0,False,0.9999313354492188,6.866602780064568e-05
/content/Dataset/Test/Real/real_496.jpg,1,1,True,2.0845496692345478e-05,0.9999791383743286
/content/Dataset/Test/Real/real_4960.jpg,1,1,True,9.264720574719831e-05,0.999907374382019
/content/Dataset/Test/Real/real_4961.jpg,1,1,True,2.643325751705561e-05,0.9999735355377197
/content/Dataset/Test/Real/real_4962.jpg,1,1,True,2.1482224838109687e-05,0.9999785423278809
/content/Dataset/Test/Real/real_4963.jpg,1,1,True,2.0876592316199094e-05,0.9999791383743286
/content/Dataset/Test/Real/real_4964.jpg,1,1,True,0.00011421296221669763,0.9998857975006104
/content/Dataset/Test/Real/real_4965.jpg,1,1,True,0.004663057159632444,0.9953369498252869
/content/Dataset/Test/Real/real_4966.jpg,1,1,True,3.413899685256183e-05,0.9999659061431885
/content/Dataset/Test/Real/real_4967.jpg,1,0,False,0.9999688863754272,3.1103932997211814e-05
/content/Dataset/Test/Real/real_4968.jpg,1,0,False,0.9999620914459229,3.787342575378716e-05
/content/Dataset/Test/Real/real_4969.jpg,1,0,False,0.9999743700027466,2.5659086531959474e-05
/content/Dataset/Test/Real/real_497.jpg,1,1,True,0.00018178537720814347,0.9998182654380798
/content/Dataset/Test/Real/real_4970.jpg,1,0,False,0.9978682994842529,0.0021316856145858765
/content/Dataset/Test/Real/real_4971.jpg,1,0,False,0.9998852014541626,0.00011481289402581751
/content/Dataset/Test/Real/real_4972.jpg,1,0,False,0.9904392957687378,0.0095607228577137
/content/Dataset/Test/Real/real_4973.jpg,1,0,False,0.9991064667701721,0.0008935520309023559
/content/Dataset/Test/Real/real_4974.jpg,1,1,True,0.0001724772882880643,0.99982750415802
/content/Dataset/Test/Real/real_4975.jpg,1,1,True,0.0001740658626658842,0.9998260140419006
/content/Dataset/Test/Real/real_4976.jpg,1,0,False,0.9987404942512512,0.0012595034204423428
/content/Dataset/Test/Real/real_4977.jpg,1,0,False,0.999916672706604,8.3296668890398e-05
/content/Dataset/Test/Real/real_4978.jpg,1,0,False,0.9991458654403687,0.0008540977723896503
/content/Dataset/Test/Real/real_4979.jpg,1,0,False,0.9989845156669617,0.0010155143681913614
/content/Dataset/Test/Real/real_498.jpg,1,1,True,2.1961197489872575e-05,0.9999780654907227
/content/Dataset/Test/Real/real_4980.jpg,1,0,False,0.9596440196037292,0.04035604000091553
/content/Dataset/Test/Real/real_4981.jpg,1,1,True,0.0329306423664093,0.9670693278312683
/content/Dataset/Test/Real/real_4982.jpg,1,1,True,0.06124546006321907,0.9387544989585876
/content/Dataset/Test/Real/real_4983.jpg,1,1,True,2.272074925713241e-05,0.9999772310256958
/content/Dataset/Test/Real/real_4984.jpg,1,0,False,0.9999076128005981,9.23466868698597e-05
/content/Dataset/Test/Real/real_4985.jpg,1,0,False,0.9999582767486572,4.175905996817164e-05
/content/Dataset/Test/Real/real_4986.jpg,1,1,True,0.0003138312022201717,0.9996862411499023
/content/Dataset/Test/Real/real_4987.jpg,1,1,True,4.383499617688358e-05,0.9999561309814453
/content/Dataset/Test/Real/real_4988.jpg,1,0,False,0.9999467134475708,5.325871825334616e-05
/content/Dataset/Test/Real/real_4989.jpg,1,1,True,0.00043218914652243257,0.9995678067207336
/content/Dataset/Test/Real/real_499.jpg,1,1,True,2.089481677103322e-05,0.9999791383743286
/content/Dataset/Test/Real/real_4990.jpg,1,1,True,3.235317853977904e-05,0.9999676942825317
/content/Dataset/Test/Real/real_4991.jpg,1,0,False,0.9598219990730286,0.04017796739935875
/content/Dataset/Test/Real/real_4992.jpg,1,0,False,0.9998667240142822,0.00013321393635123968
/content/Dataset/Test/Real/real_4993.jpg,1,0,False,0.9999511241912842,4.893244113191031e-05
/content/Dataset/Test/Real/real_4994.jpg,1,0,False,0.9999568462371826,4.3174775782972574e-05
/content/Dataset/Test/Real/real_4995.jpg,1,1,True,0.00048669546958990395,0.9995132684707642
/content/Dataset/Test/Real/real_4996.jpg,1,1,True,0.15803994238376617,0.841960072517395
/content/Dataset/Test/Real/real_4997.jpg,1,1,True,0.00010818482405738905,0.9998917579650879
/content/Dataset/Test/Real/real_4998.jpg,1,1,True,3.768442911677994e-05,0.999962329864502
/content/Dataset/Test/Real/real_4999.jpg,1,1,True,3.512851981213316e-05,0.9999648332595825
/content/Dataset/Test/Real/real_5.jpg,1,1,True,3.294429188827053e-05,0.999967098236084
/content/Dataset/Test/Real/real_50.jpg,1,1,True,2.1675765310646966e-05,0.9999783039093018
/content/Dataset/Test/Real/real_500.jpg,1,0,False,0.9978429079055786,0.0021570411045104265
/content/Dataset/Test/Real/real_5000.jpg,1,1,True,0.00025238562375307083,0.9997475743293762
/content/Dataset/Test/Real/real_5001.jpg,1,0,False,0.9803687930107117,0.01963123120367527
/content/Dataset/Test/Real/real_5002.jpg,1,1,True,9.761947876540944e-05,0.9999023675918579
/content/Dataset/Test/Real/real_5003.jpg,1,1,True,2.2162330424180254e-05,0.9999778270721436
/content/Dataset/Test/Real/real_5004.jpg,1,1,True,0.00022459661704488099,0.9997754693031311
/content/Dataset/Test/Real/real_5005.jpg,1,0,False,0.9999396800994873,6.031065640854649e-05
/content/Dataset/Test/Real/real_5006.jpg,1,0,False,0.9855052828788757,0.014494693838059902
/content/Dataset/Test/Real/real_5007.jpg,1,1,True,0.00011961271229665726,0.999880313873291
/content/Dataset/Test/Real/real_5008.jpg,1,0,False,0.9919765591621399,0.00802340917289257
/content/Dataset/Test/Real/real_5009.jpg,1,0,False,0.9997230172157288,0.00027698269695974886
/content/Dataset/Test/Real/real_501.jpg,1,1,True,0.00017886569548863918,0.999821126461029
/content/Dataset/Test/Real/real_5010.jpg,1,0,False,0.9999228715896606,7.710477075306699e-05
/content/Dataset/Test/Real/real_5011.jpg,1,1,True,0.17672061920166016,0.8232794404029846
/content/Dataset/Test/Real/real_5012.jpg,1,1,True,9.241523366654292e-05,0.9999076128005981
/content/Dataset/Test/Real/real_5013.jpg,1,1,True,0.00011200358858332038,0.9998879432678223
/content/Dataset/Test/Real/real_5014.jpg,1,1,True,0.28692835569381714,0.7130716443061829
/content/Dataset/Test/Real/real_5015.jpg,1,0,False,0.9999638795852661,3.612118962337263e-05
/content/Dataset/Test/Real/real_5016.jpg,1,0,False,0.9999545812606812,4.538548455457203e-05
/content/Dataset/Test/Real/real_5017.jpg,1,0,False,0.9999349117279053,6.505297642434016e-05
/content/Dataset/Test/Real/real_5018.jpg,1,0,False,0.9999357461929321,6.41918377368711e-05
/content/Dataset/Test/Real/real_5019.jpg,1,0,False,0.9999039173126221,9.611387940822169e-05
/content/Dataset/Test/Real/real_502.jpg,1,1,True,2.045442488451954e-05,0.9999794960021973
/content/Dataset/Test/Real/real_5020.jpg,1,1,True,4.2195395508315414e-05,0.999957799911499
/content/Dataset/Test/Real/real_5021.jpg,1,1,True,3.2627442124066874e-05,0.9999673366546631
/content/Dataset/Test/Real/real_5022.jpg,1,0,False,0.9999406337738037,5.9416070143925026e-05
/content/Dataset/Test/Real/real_5023.jpg,1,1,True,2.2876987713971175e-05,0.9999771118164062
/content/Dataset/Test/Real/real_5024.jpg,1,1,True,3.36726225214079e-05,0.9999663829803467
/content/Dataset/Test/Real/real_5025.jpg,1,1,True,2.3849202989367768e-05,0.9999761581420898
/content/Dataset/Test/Real/real_5026.jpg,1,0,False,0.9999262094497681,7.37511581974104e-05
/content/Dataset/Test/Real/real_5027.jpg,1,0,False,0.999920129776001,7.98203909653239e-05
/content/Dataset/Test/Real/real_5028.jpg,1,1,True,0.0010059854248538613,0.9989940524101257
/content/Dataset/Test/Real/real_5029.jpg,1,1,True,5.1042006816715e-05,0.9999489784240723
/content/Dataset/Test/Real/real_503.jpg,1,1,True,0.026829300448298454,0.9731706976890564
/content/Dataset/Test/Real/real_5030.jpg,1,0,False,0.7103580832481384,0.2896418869495392
/content/Dataset/Test/Real/real_5031.jpg,1,1,True,0.02451416663825512,0.9754858613014221
/content/Dataset/Test/Real/real_5032.jpg,1,1,True,2.2395037376554683e-05,0.9999775886535645
/content/Dataset/Test/Real/real_5033.jpg,1,1,True,0.42394453287124634,0.5760554671287537
/content/Dataset/Test/Real/real_5034.jpg,1,1,True,7.242245192173868e-05,0.9999275207519531
/content/Dataset/Test/Real/real_5035.jpg,1,1,True,0.0026798308826982975,0.9973202347755432
/content/Dataset/Test/Real/real_5036.jpg,1,1,True,0.023041440173983574,0.9769585728645325
/content/Dataset/Test/Real/real_5037.jpg,1,1,True,0.015835950151085854,0.9841640591621399
/content/Dataset/Test/Real/real_5038.jpg,1,1,True,5.2508923545246944e-05,0.9999475479125977
/content/Dataset/Test/Real/real_5039.jpg,1,0,False,0.6988353133201599,0.3011647164821625
/content/Dataset/Test/Real/real_504.jpg,1,1,True,0.07285256683826447,0.927147388458252
/content/Dataset/Test/Real/real_5040.jpg,1,1,True,2.3212964151753113e-05,0.9999767541885376
/content/Dataset/Test/Real/real_5041.jpg,1,0,False,0.6853909492492676,0.3146090805530548
/content/Dataset/Test/Real/real_5042.jpg,1,0,False,0.9999487400054932,5.1291681302245706e-05
/content/Dataset/Test/Real/real_5043.jpg,1,1,True,2.7828826205222867e-05,0.9999722242355347
/content/Dataset/Test/Real/real_5044.jpg,1,1,True,0.0006953033735044301,0.9993046522140503
/content/Dataset/Test/Real/real_5045.jpg,1,1,True,0.0005275331786833704,0.999472439289093
/content/Dataset/Test/Real/real_5046.jpg,1,0,False,0.9839929938316345,0.01600705087184906
/content/Dataset/Test/Real/real_5047.jpg,1,0,False,0.9820043444633484,0.017995677888393402
/content/Dataset/Test/Real/real_5048.jpg,1,1,True,0.0010618586093187332,0.9989381432533264
/content/Dataset/Test/Real/real_5049.jpg,1,1,True,0.0007403602940030396,0.9992596507072449
/content/Dataset/Test/Real/real_505.jpg,1,1,True,0.0014553332002833486,0.9985446929931641
/content/Dataset/Test/Real/real_5050.jpg,1,0,False,0.999901533126831,9.849064372247085e-05
/content/Dataset/Test/Real/real_5051.jpg,1,1,True,0.003240790218114853,0.9967592358589172
/content/Dataset/Test/Real/real_5052.jpg,1,0,False,0.9989470839500427,0.001052956678904593
/content/Dataset/Test/Real/real_5053.jpg,1,0,False,0.85255366563797,0.14744631946086884
/content/Dataset/Test/Real/real_5054.jpg,1,1,True,0.05014956742525101,0.9498504400253296
/content/Dataset/Test/Real/real_5055.jpg,1,1,True,0.045682184398174286,0.9543178081512451
/content/Dataset/Test/Real/real_5056.jpg,1,1,True,2.7573900297284126e-05,0.9999724626541138
/content/Dataset/Test/Real/real_5057.jpg,1,1,True,0.011315524578094482,0.9886844754219055
/content/Dataset/Test/Real/real_5058.jpg,1,0,False,0.900453507900238,0.09954643249511719
/content/Dataset/Test/Real/real_5059.jpg,1,0,False,0.9985087513923645,0.0014912254409864545
/content/Dataset/Test/Real/real_506.jpg,1,0,False,0.9897032380104065,0.01029675267636776
/content/Dataset/Test/Real/real_5060.jpg,1,0,False,0.9763118624687195,0.02368818409740925
/content/Dataset/Test/Real/real_5061.jpg,1,1,True,0.00014631990052293986,0.9998536109924316
/content/Dataset/Test/Real/real_5062.jpg,1,1,True,0.0013555441983044147,0.9986444115638733
/content/Dataset/Test/Real/real_5063.jpg,1,1,True,0.09373459219932556,0.906265377998352
/content/Dataset/Test/Real/real_5064.jpg,1,1,True,0.00036657066084444523,0.9996334314346313
/content/Dataset/Test/Real/real_5065.jpg,1,1,True,2.5385175831615925e-05,0.9999746084213257
/content/Dataset/Test/Real/real_5066.jpg,1,1,True,0.0003175181627739221,0.9996825456619263
/content/Dataset/Test/Real/real_5067.jpg,1,0,False,0.9999196529388428,8.032725600060076e-05
/content/Dataset/Test/Real/real_5068.jpg,1,0,False,0.9999200105667114,8.001289097592235e-05
/content/Dataset/Test/Real/real_5069.jpg,1,0,False,0.9998352527618408,0.00016477455210406333
/content/Dataset/Test/Real/real_507.jpg,1,1,True,3.3829750464065e-05,0.9999661445617676
/content/Dataset/Test/Real/real_5070.jpg,1,1,True,4.2458283132873476e-05,0.9999575614929199
/content/Dataset/Test/Real/real_5071.jpg,1,0,False,0.6006205677986145,0.3993794322013855
/content/Dataset/Test/Real/real_5072.jpg,1,1,True,9.522657637717202e-05,0.9999047517776489
/content/Dataset/Test/Real/real_5073.jpg,1,0,False,0.947349488735199,0.052650582045316696
/content/Dataset/Test/Real/real_5074.jpg,1,0,False,0.9995328187942505,0.00046723452396690845
/content/Dataset/Test/Real/real_5075.jpg,1,1,True,0.0005765858804807067,0.9994233846664429
/content/Dataset/Test/Real/real_5076.jpg,1,1,True,0.00010919003398157656,0.9998908042907715
/content/Dataset/Test/Real/real_5077.jpg,1,0,False,0.9766528606414795,0.023347148671746254
/content/Dataset/Test/Real/real_5078.jpg,1,0,False,0.9995003938674927,0.0004996000789105892
/content/Dataset/Test/Real/real_5079.jpg,1,1,True,0.00013043181388638914,0.9998695850372314
/content/Dataset/Test/Real/real_508.jpg,1,1,True,0.00011858516518259421,0.999881386756897
/content/Dataset/Test/Real/real_5080.jpg,1,1,True,2.8134789317846298e-05,0.999971866607666
/content/Dataset/Test/Real/real_5081.jpg,1,0,False,0.9999241828918457,7.584203558508307e-05
/content/Dataset/Test/Real/real_5082.jpg,1,0,False,0.9997567534446716,0.0002432518667774275
/content/Dataset/Test/Real/real_5083.jpg,1,1,True,0.00035723138717003167,0.9996427297592163
/content/Dataset/Test/Real/real_5084.jpg,1,0,False,0.9997870326042175,0.00021300632215570658
/content/Dataset/Test/Real/real_5085.jpg,1,0,False,0.9999654293060303,3.451285374467261e-05
/content/Dataset/Test/Real/real_5086.jpg,1,0,False,0.9999669790267944,3.3036911190720275e-05
/content/Dataset/Test/Real/real_5087.jpg,1,0,False,0.9999372959136963,6.27110421191901e-05
/content/Dataset/Test/Real/real_5088.jpg,1,0,False,0.9999160766601562,8.386509580304846e-05
/content/Dataset/Test/Real/real_5089.jpg,1,0,False,0.9999264478683472,7.357422146014869e-05
/content/Dataset/Test/Real/real_509.jpg,1,1,True,0.0003168565162923187,0.999683141708374
/content/Dataset/Test/Real/real_5090.jpg,1,0,False,0.9999159574508667,8.400132355745882e-05
/content/Dataset/Test/Real/real_5091.jpg,1,0,False,0.9999061822891235,9.381082054460421e-05
/content/Dataset/Test/Real/real_5092.jpg,1,0,False,0.6318590641021729,0.36814096570014954
/content/Dataset/Test/Real/real_5093.jpg,1,1,True,4.34565736213699e-05,0.999956488609314
/content/Dataset/Test/Real/real_5094.jpg,1,0,False,0.9999532699584961,4.6744957217015326e-05
/content/Dataset/Test/Real/real_5095.jpg,1,0,False,0.9999661445617676,3.388800541870296e-05
/content/Dataset/Test/Real/real_5096.jpg,1,1,True,9.319497621618211e-05,0.9999067783355713
/content/Dataset/Test/Real/real_5097.jpg,1,0,False,0.9999537467956543,4.620659819920547e-05
/content/Dataset/Test/Real/real_5098.jpg,1,1,True,0.07880039513111115,0.9211996793746948
/content/Dataset/Test/Real/real_5099.jpg,1,0,False,0.9998995065689087,0.00010052000288851559
/content/Dataset/Test/Real/real_51.jpg,1,1,True,2.564289388828911e-05,0.9999743700027466
/content/Dataset/Test/Real/real_510.jpg,1,1,True,4.9496225983602926e-05,0.9999505281448364
/content/Dataset/Test/Real/real_5100.jpg,1,0,False,0.9999451637268066,5.4887183068785816e-05
/content/Dataset/Test/Real/real_5101.jpg,1,1,True,2.0765339286299422e-05,0.9999792575836182
/content/Dataset/Test/Real/real_5102.jpg,1,1,True,0.00017675761773716658,0.999823272228241
/content/Dataset/Test/Real/real_5103.jpg,1,1,True,0.0038842845242470503,0.9961156845092773
/content/Dataset/Test/Real/real_5104.jpg,1,1,True,0.08579334616661072,0.9142066240310669
/content/Dataset/Test/Real/real_5105.jpg,1,1,True,0.00010996753553627059,0.9998899698257446
/content/Dataset/Test/Real/real_5106.jpg,1,0,False,0.9999529123306274,4.705000537796877e-05
/content/Dataset/Test/Real/real_5107.jpg,1,0,False,0.9999597072601318,4.031273056170903e-05
/content/Dataset/Test/Real/real_5108.jpg,1,0,False,0.9999542236328125,4.578612424666062e-05
/content/Dataset/Test/Real/real_5109.jpg,1,1,True,0.00014774840383324772,0.999852180480957
/content/Dataset/Test/Real/real_511.jpg,1,1,True,2.427381150482688e-05,0.9999756813049316
/content/Dataset/Test/Real/real_5110.jpg,1,0,False,0.9999319314956665,6.805675366194919e-05
/content/Dataset/Test/Real/real_5111.jpg,1,1,True,8.651779353385791e-05,0.9999134540557861
/content/Dataset/Test/Real/real_5112.jpg,1,0,False,0.9999662637710571,3.376658060005866e-05
/content/Dataset/Test/Real/real_5113.jpg,1,0,False,0.7162554264068604,0.28374454379081726
/content/Dataset/Test/Real/real_5114.jpg,1,0,False,0.8289533257484436,0.1710466742515564
/content/Dataset/Test/Real/real_5115.jpg,1,1,True,6.000277426210232e-05,0.999940037727356
/content/Dataset/Test/Real/real_5116.jpg,1,1,True,0.00030261604115366936,0.9996974468231201
/content/Dataset/Test/Real/real_5117.jpg,1,1,True,0.12465839833021164,0.8753416538238525
/content/Dataset/Test/Real/real_5118.jpg,1,1,True,2.235771535197273e-05,0.9999775886535645
/content/Dataset/Test/Real/real_5119.jpg,1,1,True,2.304788176843431e-05,0.9999769926071167
/content/Dataset/Test/Real/real_512.jpg,1,0,False,0.9697422385215759,0.03025776334106922
/content/Dataset/Test/Real/real_5120.jpg,1,1,True,0.00035477374331094325,0.9996452331542969
/content/Dataset/Test/Real/real_5121.jpg,1,1,True,3.1882478651823476e-05,0.9999681711196899
/content/Dataset/Test/Real/real_5122.jpg,1,1,True,2.7552032406674698e-05,0.9999724626541138
/content/Dataset/Test/Real/real_5123.jpg,1,1,True,3.570875196601264e-05,0.9999642372131348
/content/Dataset/Test/Real/real_5124.jpg,1,0,False,0.9999421834945679,5.7794655731413513e-05
/content/Dataset/Test/Real/real_5125.jpg,1,0,False,0.9999508857727051,4.912192889605649e-05
/content/Dataset/Test/Real/real_5126.jpg,1,0,False,0.9999115467071533,8.846803393680602e-05
/content/Dataset/Test/Real/real_5127.jpg,1,0,False,0.999929666519165,7.033719884930179e-05
/content/Dataset/Test/Real/real_5128.jpg,1,0,False,0.9999722242355347,2.7773015972343273e-05
/content/Dataset/Test/Real/real_5129.jpg,1,0,False,0.9995083808898926,0.0004915819736197591
/content/Dataset/Test/Real/real_513.jpg,1,1,True,2.3945924112922512e-05,0.9999760389328003
/content/Dataset/Test/Real/real_5130.jpg,1,1,True,0.026718271896243095,0.9732816815376282
/content/Dataset/Test/Real/real_5131.jpg,1,1,True,4.723680467577651e-05,0.9999527931213379
/content/Dataset/Test/Real/real_5132.jpg,1,0,False,0.9996302127838135,0.0003698104410432279
/content/Dataset/Test/Real/real_5133.jpg,1,0,False,0.9999620914459229,3.78501063096337e-05
/content/Dataset/Test/Real/real_5134.jpg,1,0,False,0.9999445676803589,5.543439692701213e-05
/content/Dataset/Test/Real/real_5135.jpg,1,0,False,0.9999727010726929,2.725663762248587e-05
/content/Dataset/Test/Real/real_5136.jpg,1,1,True,3.078440568060614e-05,0.9999692440032959
/content/Dataset/Test/Real/real_5137.jpg,1,1,True,2.3979197067092173e-05,0.9999760389328003
/content/Dataset/Test/Real/real_5138.jpg,1,0,False,0.9407868981361389,0.05921316146850586
/content/Dataset/Test/Real/real_5139.jpg,1,0,False,0.9999556541442871,4.4342803448671475e-05
/content/Dataset/Test/Real/real_514.jpg,1,1,True,4.643691863748245e-05,0.9999535083770752
/content/Dataset/Test/Real/real_5140.jpg,1,0,False,0.9999425411224365,5.7504395954310894e-05
/content/Dataset/Test/Real/real_5141.jpg,1,0,False,0.9360883831977844,0.06391166895627975
/content/Dataset/Test/Real/real_5142.jpg,1,0,False,0.9997931122779846,0.00020684920309577137
/content/Dataset/Test/Real/real_5143.jpg,1,0,False,0.9850674867630005,0.014932574704289436
/content/Dataset/Test/Real/real_5144.jpg,1,1,True,9.968772064894438e-05,0.9999003410339355
/content/Dataset/Test/Real/real_5145.jpg,1,1,True,0.0013391809770837426,0.9986608028411865
/content/Dataset/Test/Real/real_5146.jpg,1,1,True,2.750251951511018e-05,0.9999724626541138
/content/Dataset/Test/Real/real_5147.jpg,1,0,False,0.9999058246612549,9.416627290192991e-05
/content/Dataset/Test/Real/real_5148.jpg,1,0,False,0.9997819066047668,0.00021816196385771036
/content/Dataset/Test/Real/real_5149.jpg,1,1,True,6.401158316293731e-05,0.9999359846115112
/content/Dataset/Test/Real/real_515.jpg,1,1,True,2.2742688088328578e-05,0.9999772310256958
/content/Dataset/Test/Real/real_5150.jpg,1,0,False,0.9990953207015991,0.0009047100902535021
/content/Dataset/Test/Real/real_5151.jpg,1,1,True,2.4938626665971242e-05,0.9999750852584839
/content/Dataset/Test/Real/real_5152.jpg,1,1,True,2.515440974093508e-05,0.9999748468399048
/content/Dataset/Test/Real/real_5153.jpg,1,1,True,2.489322105247993e-05,0.9999750852584839
/content/Dataset/Test/Real/real_5154.jpg,1,1,True,6.55996918794699e-05,0.9999344348907471
/content/Dataset/Test/Real/real_5155.jpg,1,1,True,7.077344343997538e-05,0.9999291896820068
/content/Dataset/Test/Real/real_5156.jpg,1,1,True,0.15405559539794922,0.8459444046020508
/content/Dataset/Test/Real/real_5157.jpg,1,0,False,0.9942202568054199,0.005779797211289406
/content/Dataset/Test/Real/real_5158.jpg,1,1,True,2.510520971554797e-05,0.9999748468399048
/content/Dataset/Test/Real/real_5159.jpg,1,1,True,4.3335316149750724e-05,0.9999566078186035
/content/Dataset/Test/Real/real_516.jpg,1,1,True,2.412075446045492e-05,0.9999759197235107
/content/Dataset/Test/Real/real_5160.jpg,1,1,True,2.15450218092883e-05,0.9999784231185913
/content/Dataset/Test/Real/real_5161.jpg,1,1,True,2.2528509362018667e-05,0.9999774694442749
/content/Dataset/Test/Real/real_5162.jpg,1,1,True,0.1989191770553589,0.8010807633399963
/content/Dataset/Test/Real/real_5163.jpg,1,0,False,0.714994490146637,0.28500550985336304
/content/Dataset/Test/Real/real_5164.jpg,1,0,False,0.8341840505599976,0.16581591963768005
/content/Dataset/Test/Real/real_5165.jpg,1,1,True,2.920055339927785e-05,0.9999707937240601
/content/Dataset/Test/Real/real_5166.jpg,1,1,True,0.0003118368040304631,0.9996881484985352
/content/Dataset/Test/Real/real_5167.jpg,1,1,True,3.5536424547899514e-05,0.9999644756317139
/content/Dataset/Test/Real/real_5168.jpg,1,1,True,2.2151913071866147e-05,0.9999778270721436
/content/Dataset/Test/Real/real_5169.jpg,1,0,False,0.9999204874038696,7.95183950685896e-05
/content/Dataset/Test/Real/real_517.jpg,1,1,True,2.348876114410814e-05,0.9999765157699585
/content/Dataset/Test/Real/real_5170.jpg,1,1,True,0.00010703331645345315,0.9998929500579834
/content/Dataset/Test/Real/real_5171.jpg,1,0,False,0.9999306201934814,6.935967394383624e-05
/content/Dataset/Test/Real/real_5172.jpg,1,1,True,0.001480931881815195,0.9985191226005554
/content/Dataset/Test/Real/real_5173.jpg,1,0,False,0.9763110280036926,0.02368893101811409
/content/Dataset/Test/Real/real_5174.jpg,1,1,True,0.47436919808387756,0.5256307721138
/content/Dataset/Test/Real/real_5175.jpg,1,0,False,0.9999136924743652,8.624151814728975e-05
/content/Dataset/Test/Real/real_5176.jpg,1,1,True,0.1787540465593338,0.8212459683418274
/content/Dataset/Test/Real/real_5177.jpg,1,1,True,6.495082197943702e-05,0.9999350309371948
/content/Dataset/Test/Real/real_5178.jpg,1,0,False,0.7273271679878235,0.2726728618144989
/content/Dataset/Test/Real/real_5179.jpg,1,0,False,0.9999239444732666,7.602087134728208e-05
/content/Dataset/Test/Real/real_518.jpg,1,1,True,2.0679137378465384e-05,0.9999793767929077
/content/Dataset/Test/Real/real_5180.jpg,1,0,False,0.7353599071502686,0.26464009284973145
/content/Dataset/Test/Real/real_5181.jpg,1,0,False,0.9999593496322632,4.0668044675840065e-05
/content/Dataset/Test/Real/real_5182.jpg,1,0,False,0.999927282333374,7.269001071108505e-05
/content/Dataset/Test/Real/real_5183.jpg,1,1,True,0.005173640325665474,0.9948263764381409
/content/Dataset/Test/Real/real_5184.jpg,1,0,False,0.658336877822876,0.341663122177124
/content/Dataset/Test/Real/real_5185.jpg,1,0,False,0.9999368190765381,6.313273479463533e-05
/content/Dataset/Test/Real/real_5186.jpg,1,0,False,0.9946921467781067,0.0053078485652804375
/content/Dataset/Test/Real/real_5187.jpg,1,1,True,8.806822006590664e-05,0.999911904335022
/content/Dataset/Test/Real/real_5188.jpg,1,1,True,0.014793509617447853,0.9852065443992615
/content/Dataset/Test/Real/real_5189.jpg,1,1,True,0.2739313840866089,0.7260686755180359
/content/Dataset/Test/Real/real_519.jpg,1,1,True,9.221425716532394e-05,0.9999077320098877
/content/Dataset/Test/Real/real_5190.jpg,1,1,True,0.41079238057136536,0.589207649230957
/content/Dataset/Test/Real/real_5191.jpg,1,1,True,4.5355896872933954e-05,0.9999547004699707
/content/Dataset/Test/Real/real_5192.jpg,1,1,True,0.003572187153622508,0.9964278340339661
/content/Dataset/Test/Real/real_5193.jpg,1,1,True,5.152297671884298e-05,0.9999485015869141
/content/Dataset/Test/Real/real_5194.jpg,1,1,True,0.0016784860054031014,0.9983214735984802
/content/Dataset/Test/Real/real_5195.jpg,1,1,True,0.01818087324500084,0.9818191528320312
/content/Dataset/Test/Real/real_5196.jpg,1,1,True,0.0015862672589719296,0.9984136819839478
/content/Dataset/Test/Real/real_5197.jpg,1,0,False,0.9999620914459229,3.787913374253549e-05
/content/Dataset/Test/Real/real_5198.jpg,1,1,True,4.0516799344914034e-05,0.9999594688415527
/content/Dataset/Test/Real/real_5199.jpg,1,0,False,0.9999308586120605,6.911662057973444e-05
/content/Dataset/Test/Real/real_52.jpg,1,1,True,2.1339843442547135e-05,0.9999786615371704
/content/Dataset/Test/Real/real_520.jpg,1,1,True,3.214263779227622e-05,0.9999678134918213
/content/Dataset/Test/Real/real_5200.jpg,1,0,False,0.9999467134475708,5.332244836608879e-05
/content/Dataset/Test/Real/real_5201.jpg,1,0,False,0.9549244046211243,0.04507562518119812
/content/Dataset/Test/Real/real_5202.jpg,1,1,True,0.10428456962108612,0.8957154154777527
/content/Dataset/Test/Real/real_5203.jpg,1,1,True,0.0016084632370620966,0.9983914494514465
/content/Dataset/Test/Real/real_5204.jpg,1,0,False,0.9304826259613037,0.06951731443405151
/content/Dataset/Test/Real/real_5205.jpg,1,1,True,0.015986653044819832,0.9840133786201477
/content/Dataset/Test/Real/real_5206.jpg,1,0,False,0.999880313873291,0.00011970959167229012
/content/Dataset/Test/Real/real_5207.jpg,1,0,False,0.9998958110809326,0.00010414716234663501
/content/Dataset/Test/Real/real_5208.jpg,1,1,True,0.0005988565389998257,0.9994010925292969
/content/Dataset/Test/Real/real_5209.jpg,1,1,True,3.2303782063536346e-05,0.9999676942825317
/content/Dataset/Test/Real/real_521.jpg,1,1,True,2.1563500922638923e-05,0.9999784231185913
/content/Dataset/Test/Real/real_5210.jpg,1,0,False,0.9999499320983887,5.01082104165107e-05
/content/Dataset/Test/Real/real_5211.jpg,1,1,True,0.00039710881537757814,0.9996028542518616
/content/Dataset/Test/Real/real_5212.jpg,1,1,True,0.1430618017911911,0.8569382429122925
/content/Dataset/Test/Real/real_5213.jpg,1,0,False,0.918452799320221,0.08154722303152084
/content/Dataset/Test/Real/real_5214.jpg,1,1,True,2.6455098122823983e-05,0.9999735355377197
/content/Dataset/Test/Real/real_5215.jpg,1,1,True,2.5599791115382686e-05,0.9999743700027466
/content/Dataset/Test/Real/real_5216.jpg,1,0,False,0.9990822076797485,0.0009177270112559199
/content/Dataset/Test/Real/real_5217.jpg,1,1,True,0.00011069305037381127,0.9998892545700073
/content/Dataset/Test/Real/real_5218.jpg,1,0,False,0.9984498023986816,0.0015501582529395819
/content/Dataset/Test/Real/real_5219.jpg,1,0,False,0.9996100068092346,0.00039002750418148935
/content/Dataset/Test/Real/real_522.jpg,1,1,True,2.044027132797055e-05,0.9999796152114868
/content/Dataset/Test/Real/real_5220.jpg,1,0,False,0.9999340772628784,6.590460543520749e-05
/content/Dataset/Test/Real/real_5221.jpg,1,1,True,0.0063558840192854404,0.993644118309021
/content/Dataset/Test/Real/real_5222.jpg,1,0,False,0.6744908690452576,0.32550913095474243
/content/Dataset/Test/Real/real_5223.jpg,1,1,True,0.0023136662784963846,0.9976863861083984
/content/Dataset/Test/Real/real_5224.jpg,1,1,True,0.00037332746433094144,0.999626636505127
/content/Dataset/Test/Real/real_5225.jpg,1,1,True,3.4744516597129405e-05,0.9999653100967407
/content/Dataset/Test/Real/real_5226.jpg,1,1,True,2.3609829440829344e-05,0.999976396560669
/content/Dataset/Test/Real/real_5227.jpg,1,1,True,0.001459303661249578,0.9985407590866089
/content/Dataset/Test/Real/real_5228.jpg,1,0,False,0.9998719692230225,0.0001280693686567247
/content/Dataset/Test/Real/real_5229.jpg,1,1,True,0.00017461541574448347,0.9998254179954529
/content/Dataset/Test/Real/real_523.jpg,1,1,True,2.0926901925122365e-05,0.9999790191650391
/content/Dataset/Test/Real/real_5230.jpg,1,1,True,0.43462175130844116,0.5653781890869141
/content/Dataset/Test/Real/real_5231.jpg,1,0,False,0.9600017666816711,0.039998214691877365
/content/Dataset/Test/Real/real_5232.jpg,1,0,False,0.943304717540741,0.056695304811000824
/content/Dataset/Test/Real/real_5233.jpg,1,1,True,0.08563192188739777,0.9143680334091187
/content/Dataset/Test/Real/real_5234.jpg,1,0,False,0.9890875816345215,0.010912414640188217
/content/Dataset/Test/Real/real_5235.jpg,1,0,False,0.9998966455459595,0.00010337463027099147
/content/Dataset/Test/Real/real_5236.jpg,1,1,True,0.0049142492935061455,0.9950857758522034
/content/Dataset/Test/Real/real_5237.jpg,1,0,False,0.9999297857284546,7.02386605553329e-05
/content/Dataset/Test/Real/real_5238.jpg,1,0,False,0.9999545812606812,4.5411034079734236e-05
/content/Dataset/Test/Real/real_5239.jpg,1,1,True,2.5172073947032914e-05,0.9999748468399048
/content/Dataset/Test/Real/real_524.jpg,1,1,True,3.5831388231599703e-05,0.9999641180038452
/content/Dataset/Test/Real/real_5240.jpg,1,1,True,0.0013971785083413124,0.9986028075218201
/content/Dataset/Test/Real/real_5241.jpg,1,1,True,8.87837668415159e-05,0.9999111890792847
/content/Dataset/Test/Real/real_5242.jpg,1,1,True,0.0570513941347599,0.942948579788208
/content/Dataset/Test/Real/real_5243.jpg,1,1,True,2.1547240976360627e-05,0.9999784231185913
/content/Dataset/Test/Real/real_5244.jpg,1,1,True,2.4675255190231837e-05,0.999975323677063
/content/Dataset/Test/Real/real_5245.jpg,1,1,True,0.4117622971534729,0.5882377028465271
/content/Dataset/Test/Real/real_5246.jpg,1,1,True,0.0007653014617972076,0.999234676361084
/content/Dataset/Test/Real/real_5247.jpg,1,0,False,0.9142063856124878,0.08579359948635101
/content/Dataset/Test/Real/real_5248.jpg,1,0,False,0.9999493360519409,5.07162039866671e-05
/content/Dataset/Test/Real/real_5249.jpg,1,0,False,0.9999586343765259,4.1353850974701345e-05
/content/Dataset/Test/Real/real_525.jpg,1,1,True,2.2882137272972614e-05,0.9999771118164062
/content/Dataset/Test/Real/real_5250.jpg,1,0,False,0.9999427795410156,5.717281601391733e-05
/content/Dataset/Test/Real/real_5251.jpg,1,1,True,3.75184063159395e-05,0.9999624490737915
/content/Dataset/Test/Real/real_5252.jpg,1,0,False,0.9994331002235413,0.0005669149104505777
/content/Dataset/Test/Real/real_5253.jpg,1,1,True,4.642877320293337e-05,0.9999536275863647
/content/Dataset/Test/Real/real_5254.jpg,1,1,True,2.3796677851350978e-05,0.9999761581420898
/content/Dataset/Test/Real/real_5255.jpg,1,0,False,0.9999514818191528,4.85660602862481e-05
/content/Dataset/Test/Real/real_5256.jpg,1,1,True,6.579690671060234e-05,0.999934196472168
/content/Dataset/Test/Real/real_5257.jpg,1,1,True,3.5572025808505714e-05,0.9999644756317139
/content/Dataset/Test/Real/real_5258.jpg,1,0,False,0.999923586845398,7.64081851230003e-05
/content/Dataset/Test/Real/real_5259.jpg,1,1,True,2.129438507836312e-05,0.9999786615371704
/content/Dataset/Test/Real/real_526.jpg,1,1,True,8.602066372986883e-05,0.9999139308929443
/content/Dataset/Test/Real/real_5260.jpg,1,1,True,0.11906801164150238,0.8809319734573364
/content/Dataset/Test/Real/real_5261.jpg,1,1,True,0.00016497293836437166,0.9998350143432617
/content/Dataset/Test/Real/real_5262.jpg,1,1,True,2.438543742755428e-05,0.9999755620956421
/content/Dataset/Test/Real/real_5263.jpg,1,1,True,3.686560376081616e-05,0.9999631643295288
/content/Dataset/Test/Real/real_5264.jpg,1,0,False,0.9998877048492432,0.00011225945490878075
/content/Dataset/Test/Real/real_5265.jpg,1,0,False,0.9999270439147949,7.29541716282256e-05
/content/Dataset/Test/Real/real_5266.jpg,1,0,False,0.951364278793335,0.04863567277789116
/content/Dataset/Test/Real/real_5267.jpg,1,1,True,0.00013420215691439807,0.9998657703399658
/content/Dataset/Test/Real/real_5268.jpg,1,1,True,4.516701301326975e-05,0.9999548196792603
/content/Dataset/Test/Real/real_5269.jpg,1,1,True,0.0031103549990803003,0.9968896508216858
/content/Dataset/Test/Real/real_527.jpg,1,1,True,0.020570561289787292,0.9794293642044067
/content/Dataset/Test/Real/real_5270.jpg,1,1,True,0.010004352778196335,0.9899955987930298
/content/Dataset/Test/Real/real_5271.jpg,1,0,False,0.9999620914459229,3.7879024603171274e-05
/content/Dataset/Test/Real/real_5272.jpg,1,0,False,0.688841700553894,0.31115832924842834
/content/Dataset/Test/Real/real_5273.jpg,1,0,False,0.9999490976333618,5.090958802611567e-05
/content/Dataset/Test/Real/real_5274.jpg,1,0,False,0.9994118213653564,0.0005882027908228338
/content/Dataset/Test/Real/real_5275.jpg,1,0,False,0.9999550580978394,4.495860048336908e-05
/content/Dataset/Test/Real/real_5276.jpg,1,0,False,0.9999465942382812,5.33768288732972e-05
/content/Dataset/Test/Real/real_5277.jpg,1,1,True,0.0015904504107311368,0.9984095692634583
/content/Dataset/Test/Real/real_5278.jpg,1,0,False,0.7812502384185791,0.2187497615814209
/content/Dataset/Test/Real/real_5279.jpg,1,1,True,2.7564592528506182e-05,0.9999724626541138
/content/Dataset/Test/Real/real_528.jpg,1,1,True,0.0036742319352924824,0.9963257908821106
/content/Dataset/Test/Real/real_5280.jpg,1,1,True,3.629604907473549e-05,0.9999637603759766
/content/Dataset/Test/Real/real_5281.jpg,1,1,True,2.636221870488953e-05,0.9999736547470093
/content/Dataset/Test/Real/real_5282.jpg,1,0,False,0.9999562501907349,4.3733412894653156e-05
/content/Dataset/Test/Real/real_5283.jpg,1,1,True,0.0001243283477379009,0.9998756647109985
/content/Dataset/Test/Real/real_5284.jpg,1,1,True,0.0013170538004487753,0.9986829161643982
/content/Dataset/Test/Real/real_5285.jpg,1,1,True,0.0016874487046152353,0.9983125925064087
/content/Dataset/Test/Real/real_5286.jpg,1,0,False,0.6156160831451416,0.3843839168548584
/content/Dataset/Test/Real/real_5287.jpg,1,0,False,0.998176097869873,0.001823948696255684
/content/Dataset/Test/Real/real_5288.jpg,1,0,False,0.9999502897262573,4.9754376959754154e-05
/content/Dataset/Test/Real/real_5289.jpg,1,1,True,2.3817838155082427e-05,0.9999761581420898
/content/Dataset/Test/Real/real_529.jpg,1,1,True,2.1956171622150578e-05,0.9999780654907227
/content/Dataset/Test/Real/real_5290.jpg,1,1,True,3.22262458212208e-05,0.9999678134918213
/content/Dataset/Test/Real/real_5291.jpg,1,1,True,4.093371535418555e-05,0.9999591112136841
/content/Dataset/Test/Real/real_5292.jpg,1,1,True,0.00023463639081455767,0.9997653365135193
/content/Dataset/Test/Real/real_5293.jpg,1,0,False,0.9990365505218506,0.000963445461820811
/content/Dataset/Test/Real/real_5294.jpg,1,1,True,0.27532926201820374,0.7246707081794739
/content/Dataset/Test/Real/real_5295.jpg,1,1,True,0.304909884929657,0.695090115070343
/content/Dataset/Test/Real/real_5296.jpg,1,0,False,0.5384174585342407,0.4615825116634369
/content/Dataset/Test/Real/real_5297.jpg,1,1,True,0.08024264872074127,0.9197573065757751
/content/Dataset/Test/Real/real_5298.jpg,1,1,True,0.022519409656524658,0.9774805307388306
/content/Dataset/Test/Real/real_5299.jpg,1,1,True,0.00012438715202733874,0.999875545501709
/content/Dataset/Test/Real/real_53.jpg,1,0,False,0.7474589943885803,0.25254103541374207
/content/Dataset/Test/Real/real_530.jpg,1,1,True,0.00013276224490255117,0.9998672008514404
/content/Dataset/Test/Real/real_5300.jpg,1,1,True,5.5922617320902646e-05,0.9999440908432007
/content/Dataset/Test/Real/real_5301.jpg,1,1,True,2.2775919205741957e-05,0.9999772310256958
/content/Dataset/Test/Real/real_5302.jpg,1,1,True,3.085373464273289e-05,0.9999691247940063
/content/Dataset/Test/Real/real_5303.jpg,1,1,True,2.1944239051663317e-05,0.9999780654907227
/content/Dataset/Test/Real/real_5304.jpg,1,0,False,0.9998705387115479,0.0001294654211960733
/content/Dataset/Test/Real/real_5305.jpg,1,0,False,0.8762228488922119,0.1237771287560463
/content/Dataset/Test/Real/real_5306.jpg,1,1,True,5.415812847786583e-05,0.999945878982544
/content/Dataset/Test/Real/real_5307.jpg,1,1,True,0.4954480826854706,0.5045519471168518
/content/Dataset/Test/Real/real_5308.jpg,1,1,True,0.4312587082386017,0.5687413215637207
/content/Dataset/Test/Real/real_5309.jpg,1,1,True,0.0002142913144780323,0.9997857213020325
/content/Dataset/Test/Real/real_531.jpg,1,0,False,0.9999324083328247,6.759198731742799e-05
/content/Dataset/Test/Real/real_5310.jpg,1,0,False,0.9993164539337158,0.0006835968233644962
/content/Dataset/Test/Real/real_5311.jpg,1,0,False,0.9998466968536377,0.00015333853662014008
/content/Dataset/Test/Real/real_5312.jpg,1,0,False,0.851267397403717,0.14873258769512177
/content/Dataset/Test/Real/real_5313.jpg,1,0,False,0.9953503608703613,0.004649589769542217
/content/Dataset/Test/Real/real_5314.jpg,1,0,False,0.9894620776176453,0.01053792703896761
/content/Dataset/Test/Real/real_5315.jpg,1,0,False,0.9999669790267944,3.306055077700876e-05
/content/Dataset/Test/Real/real_5316.jpg,1,0,False,0.9998602867126465,0.00013968614803161472
/content/Dataset/Test/Real/real_5317.jpg,1,1,True,2.31116428039968e-05,0.9999768733978271
/content/Dataset/Test/Real/real_5318.jpg,1,1,True,2.1952862880425528e-05,0.9999780654907227
/content/Dataset/Test/Real/real_5319.jpg,1,1,True,2.2582715246244334e-05,0.9999774694442749
/content/Dataset/Test/Real/real_532.jpg,1,1,True,2.187489008065313e-05,0.9999780654907227
/content/Dataset/Test/Real/real_5320.jpg,1,1,True,0.00022036500740796328,0.9997796416282654
/content/Dataset/Test/Real/real_5321.jpg,1,1,True,0.07954330742359161,0.9204567074775696
/content/Dataset/Test/Real/real_5322.jpg,1,0,False,0.8794412016868591,0.12055883556604385
/content/Dataset/Test/Real/real_5323.jpg,1,0,False,0.9998500347137451,0.00014999379345681518
/content/Dataset/Test/Real/real_5324.jpg,1,0,False,0.9997884631156921,0.00021158656454645097
/content/Dataset/Test/Real/real_5325.jpg,1,1,True,2.5040268155862577e-05,0.9999749660491943
/content/Dataset/Test/Real/real_5326.jpg,1,0,False,0.9999545812606812,4.5365453843260184e-05
/content/Dataset/Test/Real/real_5327.jpg,1,0,False,0.9999425411224365,5.742317807744257e-05
/content/Dataset/Test/Real/real_5328.jpg,1,1,True,0.0006601306376978755,0.9993398785591125
/content/Dataset/Test/Real/real_5329.jpg,1,1,True,0.1433543562889099,0.8566456437110901
/content/Dataset/Test/Real/real_533.jpg,1,1,True,2.214895539509598e-05,0.9999778270721436
/content/Dataset/Test/Real/real_5330.jpg,1,0,False,0.9999449253082275,5.502133353729732e-05
/content/Dataset/Test/Real/real_5331.jpg,1,1,True,3.520417885738425e-05,0.9999648332595825
/content/Dataset/Test/Real/real_5332.jpg,1,0,False,0.9801249504089355,0.019875051453709602
/content/Dataset/Test/Real/real_5333.jpg,1,0,False,0.9999121427536011,8.781596989138052e-05
/content/Dataset/Test/Real/real_5334.jpg,1,0,False,0.9999370574951172,6.295010098256171e-05
/content/Dataset/Test/Real/real_5335.jpg,1,0,False,0.999930739402771,6.930003291927278e-05
/content/Dataset/Test/Real/real_5336.jpg,1,0,False,0.9999134540557861,8.650212112115696e-05
/content/Dataset/Test/Real/real_5337.jpg,1,1,True,2.305320231243968e-05,0.9999769926071167
/content/Dataset/Test/Real/real_5338.jpg,1,1,True,0.0001644977746764198,0.9998354911804199
/content/Dataset/Test/Real/real_5339.jpg,1,1,True,4.2995347030228004e-05,0.9999569654464722
/content/Dataset/Test/Real/real_534.jpg,1,1,True,2.2097709006629884e-05,0.9999779462814331
/content/Dataset/Test/Real/real_5340.jpg,1,1,True,0.18433791399002075,0.8156620860099792
/content/Dataset/Test/Real/real_5341.jpg,1,0,False,0.9999520778656006,4.7930523578543216e-05
/content/Dataset/Test/Real/real_5342.jpg,1,0,False,0.9999465942382812,5.338054688763805e-05
/content/Dataset/Test/Real/real_5343.jpg,1,0,False,0.9999635219573975,3.6431705666473135e-05
/content/Dataset/Test/Real/real_5344.jpg,1,0,False,0.9999566078186035,4.335234916652553e-05
/content/Dataset/Test/Real/real_5345.jpg,1,0,False,0.999955415725708,4.456218084669672e-05
/content/Dataset/Test/Real/real_5346.jpg,1,0,False,0.9999655485153198,3.443319656071253e-05
/content/Dataset/Test/Real/real_5347.jpg,1,1,True,2.4566146748838946e-05,0.9999754428863525
/content/Dataset/Test/Real/real_5348.jpg,1,1,True,3.2775136787677184e-05,0.9999672174453735
/content/Dataset/Test/Real/real_5349.jpg,1,1,True,2.367591514484957e-05,0.9999762773513794
/content/Dataset/Test/Real/real_535.jpg,1,1,True,4.0306960727320984e-05,0.9999597072601318
/content/Dataset/Test/Real/real_5350.jpg,1,1,True,0.00022360176080837846,0.9997764229774475
/content/Dataset/Test/Real/real_5351.jpg,1,1,True,0.4169740676879883,0.5830259323120117
/content/Dataset/Test/Real/real_5352.jpg,1,0,False,0.9992524981498718,0.0007475006859749556
/content/Dataset/Test/Real/real_5353.jpg,1,0,False,0.9995094537734985,0.0004905898822471499
/content/Dataset/Test/Real/real_5354.jpg,1,1,True,0.00015367870219051838,0.999846339225769
/content/Dataset/Test/Real/real_5355.jpg,1,1,True,0.016954874619841576,0.9830451011657715
/content/Dataset/Test/Real/real_5356.jpg,1,0,False,0.999873161315918,0.00012677305494435132
/content/Dataset/Test/Real/real_5357.jpg,1,0,False,0.9022770524024963,0.09772294759750366
/content/Dataset/Test/Real/real_5358.jpg,1,0,False,0.9982910752296448,0.0017088961321860552
/content/Dataset/Test/Real/real_5359.jpg,1,0,False,0.9322763085365295,0.06772367656230927
/content/Dataset/Test/Real/real_536.jpg,1,1,True,0.007258330937474966,0.9927417039871216
/content/Dataset/Test/Real/real_5360.jpg,1,1,True,0.36278241872787476,0.63721764087677
/content/Dataset/Test/Real/real_5361.jpg,1,1,True,0.03944864496588707,0.9605513215065002
/content/Dataset/Test/Real/real_5362.jpg,1,0,False,0.8719820976257324,0.12801796197891235
/content/Dataset/Test/Real/real_5363.jpg,1,0,False,0.999664306640625,0.00033565779449418187
/content/Dataset/Test/Real/real_5364.jpg,1,0,False,0.9997021555900574,0.00029778352472931147
/content/Dataset/Test/Real/real_5365.jpg,1,1,True,2.5886014554998837e-05,0.9999741315841675
/content/Dataset/Test/Real/real_5366.jpg,1,1,True,0.0034530016127973795,0.9965470433235168
/content/Dataset/Test/Real/real_5367.jpg,1,0,False,0.9830374121665955,0.016962595283985138
/content/Dataset/Test/Real/real_5368.jpg,1,0,False,0.9999346733093262,6.534544081659988e-05
/content/Dataset/Test/Real/real_5369.jpg,1,1,True,3.0108636565273628e-05,0.9999698400497437
/content/Dataset/Test/Real/real_537.jpg,1,1,True,2.5009101591422223e-05,0.9999749660491943
/content/Dataset/Test/Real/real_5370.jpg,1,1,True,0.0002597247075755149,0.9997403025627136
/content/Dataset/Test/Real/real_5371.jpg,1,0,False,0.9978427886962891,0.002157241338863969
/content/Dataset/Test/Real/real_5372.jpg,1,0,False,0.5406996011734009,0.45930036902427673
/content/Dataset/Test/Real/real_5373.jpg,1,0,False,0.9869648218154907,0.013035150244832039
/content/Dataset/Test/Real/real_5374.jpg,1,0,False,0.9999468326568604,5.321140633895993e-05
/content/Dataset/Test/Real/real_5375.jpg,1,0,False,0.99996018409729,3.979463144787587e-05
/content/Dataset/Test/Real/real_5376.jpg,1,0,False,0.920820951461792,0.07917903363704681
/content/Dataset/Test/Real/real_5377.jpg,1,1,True,2.3180358766694553e-05,0.9999768733978271
/content/Dataset/Test/Real/real_5378.jpg,1,0,False,0.9999525547027588,4.7394412831636146e-05
/content/Dataset/Test/Real/real_5379.jpg,1,0,False,0.9999191761016846,8.085090667009354e-05
/content/Dataset/Test/Real/real_538.jpg,1,1,True,2.3029713702271692e-05,0.9999769926071167
/content/Dataset/Test/Real/real_5380.jpg,1,0,False,0.9939367175102234,0.006063300650566816
/content/Dataset/Test/Real/real_5381.jpg,1,0,False,0.9916604161262512,0.008339649997651577
/content/Dataset/Test/Real/real_5382.jpg,1,0,False,0.9780558347702026,0.021944185718894005
/content/Dataset/Test/Real/real_5383.jpg,1,1,True,0.000338817568263039,0.9996612071990967
/content/Dataset/Test/Real/real_5384.jpg,1,0,False,0.9995185136795044,0.000481518916785717
/content/Dataset/Test/Real/real_5385.jpg,1,0,False,0.9816282391548157,0.01837172918021679
/content/Dataset/Test/Real/real_5386.jpg,1,0,False,0.9998490810394287,0.0001509051799075678
/content/Dataset/Test/Real/real_5387.jpg,1,0,False,0.9114317297935486,0.08856827020645142
/content/Dataset/Test/Real/real_5388.jpg,1,1,True,4.5521250285673887e-05,0.9999544620513916
/content/Dataset/Test/Real/real_5389.jpg,1,0,False,0.9999043941497803,9.556907752994448e-05
/content/Dataset/Test/Real/real_539.jpg,1,1,True,2.1093263057991862e-05,0.9999788999557495
/content/Dataset/Test/Real/real_5390.jpg,1,1,True,2.7207168386667036e-05,0.9999728202819824
/content/Dataset/Test/Real/real_5391.jpg,1,1,True,0.000677813368383795,0.9993221759796143
/content/Dataset/Test/Real/real_5392.jpg,1,0,False,0.9898717999458313,0.010128178633749485
/content/Dataset/Test/Real/real_5393.jpg,1,1,True,2.3685466658207588e-05,0.9999762773513794
/content/Dataset/Test/Real/real_5394.jpg,1,1,True,4.603195338859223e-05,0.9999539852142334
/content/Dataset/Test/Real/real_5395.jpg,1,1,True,0.0001250037894351408,0.9998749494552612
/content/Dataset/Test/Real/real_5396.jpg,1,1,True,0.0006788315949961543,0.9993212223052979
/content/Dataset/Test/Real/real_5397.jpg,1,1,True,2.3962782506714575e-05,0.9999760389328003
/content/Dataset/Test/Real/real_5398.jpg,1,0,False,0.6262966990470886,0.37370333075523376
/content/Dataset/Test/Real/real_5399.jpg,1,0,False,0.9999513626098633,4.861893103225157e-05
/content/Dataset/Test/Real/real_54.jpg,1,1,True,2.4802300686133094e-05,0.9999752044677734
/content/Dataset/Test/Real/real_540.jpg,1,1,True,2.9482043828465976e-05,0.999970555305481
/content/Dataset/Test/Real/real_5400.jpg,1,0,False,0.999950647354126,4.929888746119104e-05
/content/Dataset/Test/Real/real_5401.jpg,1,0,False,0.997485876083374,0.002514064311981201
/content/Dataset/Test/Real/real_5402.jpg,1,0,False,0.9983175992965698,0.0016824323683977127
/content/Dataset/Test/Real/real_5403.jpg,1,1,True,0.2951790690422058,0.7048209309577942
/content/Dataset/Test/Real/real_5404.jpg,1,0,False,0.9444370865821838,0.055562976747751236
/content/Dataset/Test/Real/real_5405.jpg,1,1,True,0.00010662532440619543,0.999893307685852
/content/Dataset/Test/Real/real_5406.jpg,1,1,True,0.0003362769493833184,0.9996637105941772
/content/Dataset/Test/Real/real_5407.jpg,1,1,True,2.6923918994725682e-05,0.9999730587005615
/content/Dataset/Test/Real/real_5408.jpg,1,1,True,0.015941018238663673,0.9840589761734009
/content/Dataset/Test/Real/real_5409.jpg,1,1,True,0.0028332893270999193,0.9971666932106018
/content/Dataset/Test/Real/real_541.jpg,1,1,True,2.2010173779563047e-05,0.9999779462814331
/content/Dataset/Test/Real/real_5410.jpg,1,0,False,0.6627196073532104,0.33728042244911194
/content/Dataset/Test/Real/real_5411.jpg,1,1,True,2.511394995963201e-05,0.9999748468399048
/content/Dataset/Test/Real/real_5412.jpg,1,1,True,0.00041789139504544437,0.9995821118354797
/content/Dataset/Test/Real/real_542.jpg,1,1,True,2.3401495127473027e-05,0.999976634979248
/content/Dataset/Test/Real/real_543.jpg,1,0,False,0.9986315369606018,0.001368412864394486
/content/Dataset/Test/Real/real_544.jpg,1,1,True,2.4439637854811735e-05,0.9999755620956421
/content/Dataset/Test/Real/real_545.jpg,1,1,True,0.0002477389934938401,0.9997522234916687
/content/Dataset/Test/Real/real_546.jpg,1,1,True,2.4278142518596724e-05,0.9999756813049316
/content/Dataset/Test/Real/real_547.jpg,1,1,True,2.5353432647534646e-05,0.9999746084213257
/content/Dataset/Test/Real/real_548.jpg,1,1,True,0.0001451141433790326,0.9998549222946167
/content/Dataset/Test/Real/real_549.jpg,1,1,True,0.0044236984103918076,0.9955762624740601
/content/Dataset/Test/Real/real_55.jpg,1,0,False,0.9854078888893127,0.014592153951525688
/content/Dataset/Test/Real/real_550.jpg,1,1,True,3.636606925283559e-05,0.999963641166687
/content/Dataset/Test/Real/real_551.jpg,1,1,True,0.00048694698489271104,0.9995130300521851
/content/Dataset/Test/Real/real_552.jpg,1,1,True,2.2343669115798548e-05,0.999977707862854
/content/Dataset/Test/Real/real_553.jpg,1,1,True,2.3242826500791125e-05,0.9999767541885376
/content/Dataset/Test/Real/real_554.jpg,1,1,True,6.632298754993826e-05,0.9999337196350098
/content/Dataset/Test/Real/real_555.jpg,1,1,True,2.408537875453476e-05,0.9999759197235107
/content/Dataset/Test/Real/real_556.jpg,1,1,True,2.1425486920634285e-05,0.9999785423278809
/content/Dataset/Test/Real/real_557.jpg,1,1,True,0.01997481659054756,0.9800251722335815
/content/Dataset/Test/Real/real_558.jpg,1,1,True,0.1134226992726326,0.8865772485733032
/content/Dataset/Test/Real/real_559.jpg,1,0,False,0.765704333782196,0.23429568111896515
/content/Dataset/Test/Real/real_56.jpg,1,0,False,0.9998792409896851,0.00012075933773303404
/content/Dataset/Test/Real/real_560.jpg,1,1,True,2.2535814423463307e-05,0.9999774694442749
/content/Dataset/Test/Real/real_561.jpg,1,1,True,4.710999201051891e-05,0.9999529123306274
/content/Dataset/Test/Real/real_562.jpg,1,1,True,0.00038581673288717866,0.9996141195297241
/content/Dataset/Test/Real/real_563.jpg,1,1,True,3.2946994906524196e-05,0.999967098236084
/content/Dataset/Test/Real/real_564.jpg,1,1,True,0.0001514373579993844,0.999848484992981
/content/Dataset/Test/Real/real_565.jpg,1,1,True,2.3821290596970357e-05,0.9999761581420898
/content/Dataset/Test/Real/real_566.jpg,1,1,True,0.0002861711836885661,0.9997138381004333
/content/Dataset/Test/Real/real_567.jpg,1,1,True,2.64900409092661e-05,0.9999735355377197
/content/Dataset/Test/Real/real_568.jpg,1,1,True,2.2740799977327697e-05,0.9999772310256958
/content/Dataset/Test/Real/real_569.jpg,1,1,True,2.146514452761039e-05,0.9999785423278809
/content/Dataset/Test/Real/real_57.jpg,1,1,True,0.0002038121601799503,0.9997962117195129
/content/Dataset/Test/Real/real_570.jpg,1,1,True,4.316699778428301e-05,0.9999568462371826
/content/Dataset/Test/Real/real_571.jpg,1,1,True,4.7262357838917524e-05,0.9999527931213379
/content/Dataset/Test/Real/real_572.jpg,1,1,True,2.6634477762854658e-05,0.9999734163284302
/content/Dataset/Test/Real/real_573.jpg,1,1,True,0.0001085887270164676,0.9998914003372192
/content/Dataset/Test/Real/real_574.jpg,1,1,True,0.00044152390910312533,0.9995585083961487
/content/Dataset/Test/Real/real_575.jpg,1,1,True,0.00017702562035992742,0.9998230338096619
/content/Dataset/Test/Real/real_576.jpg,1,1,True,0.08300255984067917,0.9169974327087402
/content/Dataset/Test/Real/real_577.jpg,1,1,True,0.14379481971263885,0.8562052249908447
/content/Dataset/Test/Real/real_578.jpg,1,0,False,0.9905253052711487,0.009474697522819042
/content/Dataset/Test/Real/real_579.jpg,1,1,True,2.9110828108969145e-05,0.9999709129333496
/content/Dataset/Test/Real/real_58.jpg,1,1,True,0.08748340606689453,0.9125165939331055
/content/Dataset/Test/Real/real_580.jpg,1,1,True,0.0003649847349151969,0.9996349811553955
/content/Dataset/Test/Real/real_581.jpg,1,1,True,2.954632873297669e-05,0.9999704360961914
/content/Dataset/Test/Real/real_582.jpg,1,1,True,2.3556391170131974e-05,0.999976396560669
/content/Dataset/Test/Real/real_583.jpg,1,1,True,0.013638483360409737,0.9863615036010742
/content/Dataset/Test/Real/real_584.jpg,1,1,True,0.03260020911693573,0.9673997759819031
/content/Dataset/Test/Real/real_585.jpg,1,1,True,8.004128176253289e-05,0.9999200105667114
/content/Dataset/Test/Real/real_586.jpg,1,1,True,6.233921885723248e-05,0.9999376535415649
/content/Dataset/Test/Real/real_587.jpg,1,0,False,0.5191237330436707,0.48087626695632935
/content/Dataset/Test/Real/real_588.jpg,1,1,True,0.0004949595313519239,0.9995050430297852
/content/Dataset/Test/Real/real_589.jpg,1,1,True,0.0002891258627641946,0.9997108578681946
/content/Dataset/Test/Real/real_59.jpg,1,0,False,0.7534530758857727,0.2465469241142273
/content/Dataset/Test/Real/real_590.jpg,1,1,True,3.303552512079477e-05,0.9999669790267944
/content/Dataset/Test/Real/real_591.jpg,1,1,True,0.00043512170668691397,0.9995648264884949
/content/Dataset/Test/Real/real_592.jpg,1,1,True,0.014482698403298855,0.9855173230171204
/content/Dataset/Test/Real/real_593.jpg,1,1,True,4.4678134145215154e-05,0.9999552965164185
/content/Dataset/Test/Real/real_594.jpg,1,1,True,0.0005006127757951617,0.9994993209838867
/content/Dataset/Test/Real/real_595.jpg,1,1,True,5.192502067075111e-05,0.9999480247497559
/content/Dataset/Test/Real/real_596.jpg,1,1,True,2.5059021936613135e-05,0.9999749660491943
/content/Dataset/Test/Real/real_597.jpg,1,1,True,0.00032230711076408625,0.9996776580810547
/content/Dataset/Test/Real/real_598.jpg,1,1,True,3.373658182681538e-05,0.9999662637710571
/content/Dataset/Test/Real/real_599.jpg,1,0,False,0.7036105990409851,0.2963894009590149
/content/Dataset/Test/Real/real_6.jpg,1,1,True,9.329927706858143e-05,0.9999066591262817
/content/Dataset/Test/Real/real_60.jpg,1,1,True,0.07056394219398499,0.9294360280036926
/content/Dataset/Test/Real/real_600.jpg,1,0,False,0.9961048364639282,0.0038952466566115618
/content/Dataset/Test/Real/real_601.jpg,1,1,True,0.10733302682638168,0.8926669359207153
/content/Dataset/Test/Real/real_602.jpg,1,1,True,7.472449215129018e-05,0.9999252557754517
/content/Dataset/Test/Real/real_603.jpg,1,1,True,3.0394385248655453e-05,0.9999696016311646
/content/Dataset/Test/Real/real_604.jpg,1,1,True,4.93104598717764e-05,0.999950647354126
/content/Dataset/Test/Real/real_605.jpg,1,1,True,2.7870495614479296e-05,0.9999721050262451
/content/Dataset/Test/Real/real_606.jpg,1,1,True,2.283061076013837e-05,0.9999771118164062
/content/Dataset/Test/Real/real_607.jpg,1,1,True,2.9850900318706408e-05,0.9999701976776123
/content/Dataset/Test/Real/real_608.jpg,1,1,True,2.158990355383139e-05,0.9999784231185913
/content/Dataset/Test/Real/real_609.jpg,1,1,True,7.681086572119966e-05,0.9999232292175293
/content/Dataset/Test/Real/real_61.jpg,1,1,True,0.4434153735637665,0.5565845966339111
/content/Dataset/Test/Real/real_610.jpg,1,1,True,0.0001018534749164246,0.9998981952667236
/content/Dataset/Test/Real/real_611.jpg,1,1,True,0.00013040669728070498,0.9998695850372314
/content/Dataset/Test/Real/real_612.jpg,1,1,True,2.4989860321511514e-05,0.9999749660491943
/content/Dataset/Test/Real/real_613.jpg,1,1,True,3.0581068131141365e-05,0.9999693632125854
/content/Dataset/Test/Real/real_614.jpg,1,0,False,0.9950044751167297,0.004995522554963827
/content/Dataset/Test/Real/real_615.jpg,1,1,True,0.00010799332085298374,0.999891996383667
/content/Dataset/Test/Real/real_616.jpg,1,1,True,9.649782441556454e-05,0.9999034404754639
/content/Dataset/Test/Real/real_617.jpg,1,1,True,0.00315834186039865,0.9968416690826416
/content/Dataset/Test/Real/real_618.jpg,1,1,True,0.00014107587048783898,0.9998588562011719
/content/Dataset/Test/Real/real_619.jpg,1,1,True,2.1743571778642945e-05,0.9999783039093018
/content/Dataset/Test/Real/real_62.jpg,1,0,False,0.9223426580429077,0.07765734195709229
/content/Dataset/Test/Real/real_620.jpg,1,1,True,2.1658965124515817e-05,0.9999783039093018
/content/Dataset/Test/Real/real_621.jpg,1,1,True,5.930138650001027e-05,0.9999407529830933
/content/Dataset/Test/Real/real_622.jpg,1,1,True,0.00034345846506766975,0.9996565580368042
/content/Dataset/Test/Real/real_623.jpg,1,0,False,0.7020442485809326,0.29795578122138977
/content/Dataset/Test/Real/real_624.jpg,1,1,True,0.38901084661483765,0.6109892129898071
/content/Dataset/Test/Real/real_625.jpg,1,1,True,4.6865781769156456e-05,0.9999531507492065
/content/Dataset/Test/Real/real_626.jpg,1,0,False,0.9246306419372559,0.07536937296390533
/content/Dataset/Test/Real/real_627.jpg,1,0,False,0.7989400029182434,0.2010599672794342
/content/Dataset/Test/Real/real_628.jpg,1,1,True,3.059778828173876e-05,0.9999693632125854
/content/Dataset/Test/Real/real_629.jpg,1,1,True,5.0362112233415246e-05,0.9999496936798096
/content/Dataset/Test/Real/real_63.jpg,1,1,True,0.37065190076828003,0.6293480396270752
/content/Dataset/Test/Real/real_630.jpg,1,1,True,2.087579559884034e-05,0.9999791383743286
/content/Dataset/Test/Real/real_631.jpg,1,0,False,0.9999595880508423,4.039211125927977e-05
/content/Dataset/Test/Real/real_632.jpg,1,1,True,6.721635145368055e-05,0.9999327659606934
/content/Dataset/Test/Real/real_633.jpg,1,1,True,6.107678927946836e-05,0.99993896484375
/content/Dataset/Test/Real/real_634.jpg,1,1,True,2.4316839699167758e-05,0.9999756813049316
/content/Dataset/Test/Real/real_635.jpg,1,1,True,0.00014066952280700207,0.9998593330383301
/content/Dataset/Test/Real/real_636.jpg,1,1,True,0.00023857194173615426,0.9997614026069641
/content/Dataset/Test/Real/real_637.jpg,1,0,False,0.9282351732254028,0.07176484912633896
/content/Dataset/Test/Real/real_638.jpg,1,1,True,0.00014941423432901502,0.9998505115509033
/content/Dataset/Test/Real/real_639.jpg,1,1,True,4.723770689452067e-05,0.9999527931213379
/content/Dataset/Test/Real/real_64.jpg,1,1,True,0.0006038814317435026,0.9993960857391357
/content/Dataset/Test/Real/real_640.jpg,1,1,True,3.981862391810864e-05,0.99996018409729
/content/Dataset/Test/Real/real_641.jpg,1,1,True,2.3744722057017498e-05,0.9999762773513794
/content/Dataset/Test/Real/real_642.jpg,1,1,True,2.2436017388827167e-05,0.9999775886535645
/content/Dataset/Test/Real/real_643.jpg,1,1,True,2.225547723355703e-05,0.999977707862854
/content/Dataset/Test/Real/real_644.jpg,1,1,True,2.140245123882778e-05,0.9999785423278809
/content/Dataset/Test/Real/real_645.jpg,1,1,True,3.71780879504513e-05,0.9999628067016602
/content/Dataset/Test/Real/real_646.jpg,1,1,True,6.331874465104192e-05,0.9999366998672485
/content/Dataset/Test/Real/real_647.jpg,1,1,True,4.57399946753867e-05,0.9999542236328125
/content/Dataset/Test/Real/real_648.jpg,1,0,False,0.9998760223388672,0.00012391868222039193
/content/Dataset/Test/Real/real_649.jpg,1,1,True,0.00016126538685057312,0.9998387098312378
/content/Dataset/Test/Real/real_65.jpg,1,1,True,0.00018113566329702735,0.9998188614845276
/content/Dataset/Test/Real/real_650.jpg,1,0,False,0.9157620072364807,0.08423798531293869
/content/Dataset/Test/Real/real_651.jpg,1,1,True,2.161524389521219e-05,0.9999784231185913
/content/Dataset/Test/Real/real_652.jpg,1,1,True,2.0863117242697626e-05,0.9999791383743286
/content/Dataset/Test/Real/real_653.jpg,1,1,True,2.167822458432056e-05,0.9999783039093018
/content/Dataset/Test/Real/real_654.jpg,1,1,True,2.2358801288646646e-05,0.9999775886535645
/content/Dataset/Test/Real/real_655.jpg,1,1,True,0.2189675122499466,0.7810325026512146
/content/Dataset/Test/Real/real_656.jpg,1,1,True,2.084869811369572e-05,0.9999791383743286
/content/Dataset/Test/Real/real_657.jpg,1,1,True,0.0001113676989916712,0.9998886585235596
/content/Dataset/Test/Real/real_658.jpg,1,1,True,5.3849798860028386e-05,0.999946117401123
/content/Dataset/Test/Real/real_659.jpg,1,1,True,2.9332342819543555e-05,0.9999706745147705
/content/Dataset/Test/Real/real_66.jpg,1,0,False,0.9422280192375183,0.0577719584107399
/content/Dataset/Test/Real/real_660.jpg,1,1,True,8.800987416179851e-05,0.9999120235443115
/content/Dataset/Test/Real/real_661.jpg,1,1,True,2.1656116587109864e-05,0.9999783039093018
/content/Dataset/Test/Real/real_662.jpg,1,1,True,8.501306729158387e-05,0.9999150037765503
/content/Dataset/Test/Real/real_663.jpg,1,1,True,7.696694956393912e-05,0.9999229907989502
/content/Dataset/Test/Real/real_664.jpg,1,1,True,0.1973806619644165,0.8026193380355835
/content/Dataset/Test/Real/real_665.jpg,1,1,True,6.219172064447775e-05,0.9999377727508545
/content/Dataset/Test/Real/real_666.jpg,1,1,True,2.369821049796883e-05,0.9999762773513794
/content/Dataset/Test/Real/real_667.jpg,1,1,True,5.1502735004760325e-05,0.9999485015869141
/content/Dataset/Test/Real/real_668.jpg,1,1,True,2.3141265046433546e-05,0.9999768733978271
/content/Dataset/Test/Real/real_669.jpg,1,1,True,2.240749199700076e-05,0.9999775886535645
/content/Dataset/Test/Real/real_67.jpg,1,1,True,0.0004171397304162383,0.999582827091217
/content/Dataset/Test/Real/real_670.jpg,1,1,True,2.0760922780027613e-05,0.9999792575836182
/content/Dataset/Test/Real/real_671.jpg,1,1,True,2.437790135445539e-05,0.9999755620956421
/content/Dataset/Test/Real/real_672.jpg,1,1,True,2.574863174231723e-05,0.999974250793457
/content/Dataset/Test/Real/real_673.jpg,1,1,True,3.281266617705114e-05,0.9999672174453735
/content/Dataset/Test/Real/real_674.jpg,1,1,True,2.141666118404828e-05,0.9999785423278809
/content/Dataset/Test/Real/real_675.jpg,1,1,True,2.11280112125678e-05,0.9999788999557495
/content/Dataset/Test/Real/real_676.jpg,1,1,True,0.00017783819930627942,0.999822199344635
/content/Dataset/Test/Real/real_677.jpg,1,1,True,2.2687536329613067e-05,0.9999773502349854
/content/Dataset/Test/Real/real_678.jpg,1,1,True,0.00023434555623680353,0.9997656941413879
/content/Dataset/Test/Real/real_679.jpg,1,1,True,2.1706133338739164e-05,0.9999783039093018
/content/Dataset/Test/Real/real_68.jpg,1,1,True,0.00013977408525533974,0.9998601675033569
/content/Dataset/Test/Real/real_680.jpg,1,1,True,2.9549146347562782e-05,0.9999704360961914
/content/Dataset/Test/Real/real_681.jpg,1,1,True,5.662998228217475e-05,0.9999433755874634
/content/Dataset/Test/Real/real_682.jpg,1,1,True,2.1284477043082006e-05,0.9999786615371704
/content/Dataset/Test/Real/real_683.jpg,1,0,False,0.999882698059082,0.00011725675722118467
/content/Dataset/Test/Real/real_684.jpg,1,1,True,2.4720407964196056e-05,0.999975323677063
/content/Dataset/Test/Real/real_685.jpg,1,1,True,2.134065653081052e-05,0.9999786615371704
/content/Dataset/Test/Real/real_686.jpg,1,1,True,2.8437932996894233e-05,0.9999715089797974
/content/Dataset/Test/Real/real_687.jpg,1,0,False,0.9999642372131348,3.570514309103601e-05
/content/Dataset/Test/Real/real_688.jpg,1,1,True,2.8821476007578894e-05,0.9999711513519287
/content/Dataset/Test/Real/real_689.jpg,1,1,True,2.457153459545225e-05,0.9999754428863525
/content/Dataset/Test/Real/real_69.jpg,1,1,True,4.8669033276382834e-05,0.9999513626098633
/content/Dataset/Test/Real/real_690.jpg,1,1,True,3.5351091355551034e-05,0.9999645948410034
/content/Dataset/Test/Real/real_691.jpg,1,1,True,2.134981878043618e-05,0.9999786615371704
/content/Dataset/Test/Real/real_692.jpg,1,1,True,0.0002101884747389704,0.9997897744178772
/content/Dataset/Test/Real/real_693.jpg,1,1,True,0.0012034629471600056,0.9987964630126953
/content/Dataset/Test/Real/real_694.jpg,1,1,True,7.954411557875574e-05,0.9999204874038696
/content/Dataset/Test/Real/real_695.jpg,1,1,True,2.498511821613647e-05,0.9999749660491943
/content/Dataset/Test/Real/real_696.jpg,1,0,False,0.9999653100967407,3.4685584978433326e-05
/content/Dataset/Test/Real/real_697.jpg,1,1,True,2.3168513507698663e-05,0.9999768733978271
/content/Dataset/Test/Real/real_698.jpg,1,1,True,0.00018802567501552403,0.9998119473457336
/content/Dataset/Test/Real/real_699.jpg,1,0,False,0.9995062351226807,0.0004937334451824427
/content/Dataset/Test/Real/real_7.jpg,1,1,True,3.491630559437908e-05,0.9999650716781616
/content/Dataset/Test/Real/real_70.jpg,1,0,False,0.9943627119064331,0.0056372289545834064
/content/Dataset/Test/Real/real_700.jpg,1,0,False,0.9999487400054932,5.127525218995288e-05
/content/Dataset/Test/Real/real_701.jpg,1,1,True,2.748605220403988e-05,0.9999724626541138
/content/Dataset/Test/Real/real_702.jpg,1,1,True,3.699400622281246e-05,0.9999630451202393
/content/Dataset/Test/Real/real_703.jpg,1,1,True,3.9527760236524045e-05,0.9999604225158691
/content/Dataset/Test/Real/real_704.jpg,1,1,True,5.923694698140025e-05,0.9999407529830933
/content/Dataset/Test/Real/real_705.jpg,1,1,True,2.157327253371477e-05,0.9999784231185913
/content/Dataset/Test/Real/real_706.jpg,1,1,True,2.1818948880536482e-05,0.9999781847000122
/content/Dataset/Test/Real/real_707.jpg,1,1,True,2.2308091502054594e-05,0.999977707862854
/content/Dataset/Test/Real/real_708.jpg,1,1,True,4.1833634895738214e-05,0.9999581575393677
/content/Dataset/Test/Real/real_709.jpg,1,1,True,2.0457506252569146e-05,0.9999794960021973
/content/Dataset/Test/Real/real_71.jpg,1,1,True,0.00015109579544514418,0.9998488426208496
/content/Dataset/Test/Real/real_710.jpg,1,1,True,2.705931183299981e-05,0.999972939491272
/content/Dataset/Test/Real/real_711.jpg,1,1,True,3.9603979530511424e-05,0.9999604225158691
/content/Dataset/Test/Real/real_712.jpg,1,1,True,5.3211202612146735e-05,0.9999468326568604
/content/Dataset/Test/Real/real_713.jpg,1,1,True,3.2319530873792246e-05,0.9999676942825317
/content/Dataset/Test/Real/real_714.jpg,1,1,True,0.0008631857926957309,0.9991368651390076
/content/Dataset/Test/Real/real_715.jpg,1,1,True,0.00043904720223508775,0.9995608925819397
/content/Dataset/Test/Real/real_716.jpg,1,1,True,0.0015655868919566274,0.9984343647956848
/content/Dataset/Test/Real/real_717.jpg,1,1,True,3.221659790142439e-05,0.9999678134918213
/content/Dataset/Test/Real/real_718.jpg,1,1,True,2.299163861607667e-05,0.9999769926071167
/content/Dataset/Test/Real/real_719.jpg,1,1,True,2.232579754490871e-05,0.999977707862854
/content/Dataset/Test/Real/real_72.jpg,1,0,False,0.9999649524688721,3.5012333682971075e-05
/content/Dataset/Test/Real/real_720.jpg,1,1,True,2.1400042896857485e-05,0.9999785423278809
/content/Dataset/Test/Real/real_721.jpg,1,1,True,2.2480435291072354e-05,0.9999774694442749
/content/Dataset/Test/Real/real_722.jpg,1,1,True,2.1140407625352964e-05,0.9999788999557495
/content/Dataset/Test/Real/real_723.jpg,1,0,False,0.9998699426651001,0.0001300795702263713
/content/Dataset/Test/Real/real_724.jpg,1,1,True,2.4569146262365393e-05,0.9999754428863525
/content/Dataset/Test/Real/real_725.jpg,1,1,True,3.662137532955967e-05,0.9999634027481079
/content/Dataset/Test/Real/real_726.jpg,1,1,True,3.4791162761393934e-05,0.9999651908874512
/content/Dataset/Test/Real/real_727.jpg,1,1,True,2.207270881626755e-05,0.9999779462814331
/content/Dataset/Test/Real/real_728.jpg,1,1,True,2.3929213057272136e-05,0.9999760389328003
/content/Dataset/Test/Real/real_729.jpg,1,1,True,2.148378007404972e-05,0.9999785423278809
/content/Dataset/Test/Real/real_73.jpg,1,1,True,0.0005514372023753822,0.9994485974311829
/content/Dataset/Test/Real/real_730.jpg,1,1,True,0.00012532222899608314,0.9998747110366821
/content/Dataset/Test/Real/real_731.jpg,1,1,True,3.172403739881702e-05,0.9999682903289795
/content/Dataset/Test/Real/real_732.jpg,1,1,True,2.7091720767202787e-05,0.999972939491272
/content/Dataset/Test/Real/real_733.jpg,1,1,True,2.1967103748465888e-05,0.9999780654907227
/content/Dataset/Test/Real/real_734.jpg,1,1,True,0.0005116118118166924,0.999488353729248
/content/Dataset/Test/Real/real_735.jpg,1,1,True,9.994023275794461e-05,0.9999001026153564
/content/Dataset/Test/Real/real_736.jpg,1,1,True,0.00013566417328547686,0.9998643398284912
/content/Dataset/Test/Real/real_737.jpg,1,1,True,0.07114057242870331,0.9288594722747803
/content/Dataset/Test/Real/real_738.jpg,1,0,False,0.8388243913650513,0.16117562353610992
/content/Dataset/Test/Real/real_739.jpg,1,1,True,2.0998391846660525e-05,0.9999790191650391
/content/Dataset/Test/Real/real_74.jpg,1,1,True,2.0749203031300567e-05,0.9999792575836182
/content/Dataset/Test/Real/real_740.jpg,1,1,True,2.2971977159613743e-05,0.9999769926071167
/content/Dataset/Test/Real/real_741.jpg,1,1,True,4.761585296364501e-05,0.9999524354934692
/content/Dataset/Test/Real/real_742.jpg,1,1,True,2.2081656425143592e-05,0.9999779462814331
/content/Dataset/Test/Real/real_743.jpg,1,1,True,3.2166310120373964e-05,0.9999678134918213
/content/Dataset/Test/Real/real_744.jpg,1,1,True,4.63275755464565e-05,0.9999536275863647
/content/Dataset/Test/Real/real_745.jpg,1,1,True,0.00019796003471128643,0.9998020529747009
/content/Dataset/Test/Real/real_746.jpg,1,1,True,2.400567063887138e-05,0.9999760389328003
/content/Dataset/Test/Real/real_747.jpg,1,1,True,2.6872874514083378e-05,0.9999731779098511
/content/Dataset/Test/Real/real_748.jpg,1,1,True,3.456558988546021e-05,0.9999654293060303
/content/Dataset/Test/Real/real_749.jpg,1,1,True,2.5150402507279068e-05,0.9999748468399048
/content/Dataset/Test/Real/real_75.jpg,1,1,True,7.812422700226307e-05,0.9999219179153442
/content/Dataset/Test/Real/real_750.jpg,1,1,True,3.069853119086474e-05,0.9999692440032959
/content/Dataset/Test/Real/real_751.jpg,1,1,True,2.4493256205460057e-05,0.9999755620956421
/content/Dataset/Test/Real/real_752.jpg,1,1,True,2.284587753820233e-05,0.9999771118164062
/content/Dataset/Test/Real/real_753.jpg,1,1,True,2.1193656721152365e-05,0.99997878074646
/content/Dataset/Test/Real/real_754.jpg,1,1,True,2.331871110072825e-05,0.999976634979248
/content/Dataset/Test/Real/real_755.jpg,1,1,True,0.030355628579854965,0.9696444272994995
/content/Dataset/Test/Real/real_756.jpg,1,1,True,0.4167949855327606,0.5832050442695618
/content/Dataset/Test/Real/real_757.jpg,1,0,False,0.9930933713912964,0.006906623486429453
/content/Dataset/Test/Real/real_758.jpg,1,1,True,0.00019630258611869067,0.9998037219047546
/content/Dataset/Test/Real/real_759.jpg,1,0,False,0.9675754308700562,0.03242461755871773
/content/Dataset/Test/Real/real_76.jpg,1,1,True,0.00011034190538339317,0.999889612197876
/content/Dataset/Test/Real/real_760.jpg,1,0,False,0.999907374382019,9.265656262869015e-05
/content/Dataset/Test/Real/real_761.jpg,1,1,True,4.468115730560385e-05,0.9999552965164185
/content/Dataset/Test/Real/real_762.jpg,1,1,True,8.337550389114767e-05,0.999916672706604
/content/Dataset/Test/Real/real_763.jpg,1,1,True,3.863578604068607e-05,0.9999613761901855
/content/Dataset/Test/Real/real_764.jpg,1,1,True,2.073682117043063e-05,0.9999792575836182
/content/Dataset/Test/Real/real_765.jpg,1,1,True,2.8008887966279872e-05,0.9999719858169556
/content/Dataset/Test/Real/real_766.jpg,1,1,True,2.457936352584511e-05,0.9999754428863525
/content/Dataset/Test/Real/real_767.jpg,1,1,True,2.2297350369626656e-05,0.999977707862854
/content/Dataset/Test/Real/real_768.jpg,1,1,True,2.023470551648643e-05,0.9999797344207764
/content/Dataset/Test/Real/real_769.jpg,1,1,True,2.189169026678428e-05,0.9999780654907227
/content/Dataset/Test/Real/real_77.jpg,1,1,True,6.076875433791429e-05,0.9999392032623291
/content/Dataset/Test/Real/real_770.jpg,1,0,False,0.9836875200271606,0.016312405467033386
/content/Dataset/Test/Real/real_771.jpg,1,1,True,2.080297599604819e-05,0.9999791383743286
/content/Dataset/Test/Real/real_772.jpg,1,1,True,6.117121665738523e-05,0.9999388456344604
/content/Dataset/Test/Real/real_773.jpg,1,1,True,2.27728123718407e-05,0.9999772310256958
/content/Dataset/Test/Real/real_774.jpg,1,1,True,0.00010602460679365322,0.9998940229415894
/content/Dataset/Test/Real/real_775.jpg,1,0,False,0.9783138632774353,0.02168617956340313
/content/Dataset/Test/Real/real_776.jpg,1,1,True,2.9084218112984672e-05,0.9999709129333496
/content/Dataset/Test/Real/real_777.jpg,1,1,True,2.402314385108184e-05,0.9999759197235107
/content/Dataset/Test/Real/real_778.jpg,1,1,True,2.38722532230895e-05,0.9999761581420898
/content/Dataset/Test/Real/real_779.jpg,1,1,True,2.3827675249776803e-05,0.9999761581420898
/content/Dataset/Test/Real/real_78.jpg,1,1,True,3.0489838536595926e-05,0.999969482421875
/content/Dataset/Test/Real/real_780.jpg,1,1,True,4.2440959077794105e-05,0.9999575614929199
/content/Dataset/Test/Real/real_781.jpg,1,1,True,6.823924195487052e-05,0.999931812286377
/content/Dataset/Test/Real/real_782.jpg,1,1,True,3.291985558462329e-05,0.999967098236084
/content/Dataset/Test/Real/real_783.jpg,1,1,True,3.0538612918462604e-05,0.999969482421875
/content/Dataset/Test/Real/real_784.jpg,1,1,True,0.00022999366046860814,0.9997699856758118
/content/Dataset/Test/Real/real_785.jpg,1,1,True,0.45400941371917725,0.5459905862808228
/content/Dataset/Test/Real/real_786.jpg,1,1,True,0.0011813010787591338,0.9988186955451965
/content/Dataset/Test/Real/real_787.jpg,1,1,True,2.3274546038010158e-05,0.9999767541885376
/content/Dataset/Test/Real/real_788.jpg,1,1,True,2.4735218175919726e-05,0.999975323677063
/content/Dataset/Test/Real/real_789.jpg,1,1,True,4.79874579468742e-05,0.999951958656311
/content/Dataset/Test/Real/real_79.jpg,1,1,True,0.00010879021283471957,0.9998911619186401
/content/Dataset/Test/Real/real_790.jpg,1,1,True,5.69550902582705e-05,0.9999430179595947
/content/Dataset/Test/Real/real_791.jpg,1,1,True,0.0054536620154976845,0.9945462942123413
/content/Dataset/Test/Real/real_792.jpg,1,1,True,0.21451956033706665,0.7854804992675781
/content/Dataset/Test/Real/real_793.jpg,1,1,True,0.0004408379318192601,0.9995591044425964
/content/Dataset/Test/Real/real_794.jpg,1,1,True,0.00019445421639829874,0.9998055100440979
/content/Dataset/Test/Real/real_795.jpg,1,1,True,0.10148126631975174,0.8985187411308289
/content/Dataset/Test/Real/real_796.jpg,1,1,True,0.00019019393948838115,0.9998098015785217
/content/Dataset/Test/Real/real_797.jpg,1,1,True,0.006199353374540806,0.993800699710846
/content/Dataset/Test/Real/real_798.jpg,1,1,True,0.0006850913632661104,0.9993149042129517
/content/Dataset/Test/Real/real_799.jpg,1,1,True,2.6897843781625852e-05,0.9999730587005615
/content/Dataset/Test/Real/real_8.jpg,1,1,True,0.0007330931257456541,0.9992669224739075
/content/Dataset/Test/Real/real_80.jpg,1,1,True,0.0008169622742570937,0.9991829991340637
/content/Dataset/Test/Real/real_800.jpg,1,1,True,5.39158791070804e-05,0.999946117401123
/content/Dataset/Test/Real/real_801.jpg,1,1,True,2.1254723833408207e-05,0.99997878074646
/content/Dataset/Test/Real/real_802.jpg,1,1,True,9.549037349643186e-05,0.9999045133590698
/content/Dataset/Test/Real/real_803.jpg,1,1,True,4.252279541105963e-05,0.9999574422836304
/content/Dataset/Test/Real/real_804.jpg,1,1,True,0.00012386754679027945,0.9998761415481567
/content/Dataset/Test/Real/real_805.jpg,1,1,True,2.0690162273240276e-05,0.9999792575836182
/content/Dataset/Test/Real/real_806.jpg,1,1,True,0.0005562113947235048,0.9994438290596008
/content/Dataset/Test/Real/real_807.jpg,1,1,True,2.9944874768261798e-05,0.9999700784683228
/content/Dataset/Test/Real/real_808.jpg,1,1,True,3.15221659548115e-05,0.9999685287475586
/content/Dataset/Test/Real/real_809.jpg,1,1,True,3.0563027394237e-05,0.999969482421875
/content/Dataset/Test/Real/real_81.jpg,1,1,True,6.169799598865211e-05,0.9999382495880127
/content/Dataset/Test/Real/real_810.jpg,1,1,True,7.045131496852264e-05,0.9999295473098755
/content/Dataset/Test/Real/real_811.jpg,1,1,True,2.456078254908789e-05,0.9999754428863525
/content/Dataset/Test/Real/real_812.jpg,1,1,True,3.367027602507733e-05,0.9999663829803467
/content/Dataset/Test/Real/real_813.jpg,1,1,True,2.0992343706893735e-05,0.9999790191650391
/content/Dataset/Test/Real/real_814.jpg,1,1,True,6.174285226734355e-05,0.9999382495880127
/content/Dataset/Test/Real/real_815.jpg,1,1,True,0.0001325698394794017,0.9998674392700195
/content/Dataset/Test/Real/real_816.jpg,1,1,True,0.0005085643497295678,0.9994914531707764
/content/Dataset/Test/Real/real_817.jpg,1,1,True,7.867836393415928e-05,0.9999213218688965
/content/Dataset/Test/Real/real_818.jpg,1,1,True,2.136904549843166e-05,0.9999786615371704
/content/Dataset/Test/Real/real_819.jpg,1,1,True,2.109332308464218e-05,0.9999788999557495
/content/Dataset/Test/Real/real_82.jpg,1,1,True,0.00032168335746973753,0.999678373336792
/content/Dataset/Test/Real/real_820.jpg,1,1,True,0.00022715616796631366,0.999772846698761
/content/Dataset/Test/Real/real_821.jpg,1,1,True,5.5100677855079994e-05,0.9999449253082275
/content/Dataset/Test/Real/real_822.jpg,1,1,True,0.0006272458122111857,0.9993727803230286
/content/Dataset/Test/Real/real_823.jpg,1,1,True,0.002532987855374813,0.997467041015625
/content/Dataset/Test/Real/real_824.jpg,1,1,True,2.5503661163384095e-05,0.9999744892120361
/content/Dataset/Test/Real/real_825.jpg,1,1,True,2.9207572879386134e-05,0.9999707937240601
/content/Dataset/Test/Real/real_826.jpg,1,1,True,2.937833960459102e-05,0.9999706745147705
/content/Dataset/Test/Real/real_827.jpg,1,1,True,2.0682155081885867e-05,0.9999793767929077
/content/Dataset/Test/Real/real_828.jpg,1,1,True,0.0001068734927685,0.999893069267273
/content/Dataset/Test/Real/real_829.jpg,1,1,True,2.206988756370265e-05,0.9999779462814331
/content/Dataset/Test/Real/real_83.jpg,1,0,False,0.7228156328201294,0.2771843671798706
/content/Dataset/Test/Real/real_830.jpg,1,1,True,2.1175230358494446e-05,0.99997878074646
/content/Dataset/Test/Real/real_831.jpg,1,1,True,8.224706107284874e-05,0.99991774559021
/content/Dataset/Test/Real/real_832.jpg,1,1,True,2.1732834284193814e-05,0.9999783039093018
/content/Dataset/Test/Real/real_833.jpg,1,1,True,4.888425610261038e-05,0.9999511241912842
/content/Dataset/Test/Real/real_834.jpg,1,1,True,2.4425657102256082e-05,0.9999755620956421
/content/Dataset/Test/Real/real_835.jpg,1,1,True,8.030120807234198e-05,0.9999196529388428
/content/Dataset/Test/Real/real_836.jpg,1,0,False,0.8703104853630066,0.12968945503234863
/content/Dataset/Test/Real/real_837.jpg,1,1,True,0.22763356566429138,0.7723664045333862
/content/Dataset/Test/Real/real_838.jpg,1,1,True,2.3506261641159654e-05,0.9999765157699585
/content/Dataset/Test/Real/real_839.jpg,1,1,True,0.0033573571126908064,0.9966427087783813
/content/Dataset/Test/Real/real_84.jpg,1,1,True,6.023490277584642e-05,0.9999397993087769
/content/Dataset/Test/Real/real_840.jpg,1,1,True,3.4028125810436904e-05,0.999966025352478
/content/Dataset/Test/Real/real_841.jpg,1,1,True,0.009271594695746899,0.9907283782958984
/content/Dataset/Test/Real/real_842.jpg,1,1,True,7.469421689165756e-05,0.9999252557754517
/content/Dataset/Test/Real/real_843.jpg,1,1,True,3.278423537267372e-05,0.9999672174453735
/content/Dataset/Test/Real/real_844.jpg,1,1,True,0.00020425785623956472,0.9997957348823547
/content/Dataset/Test/Real/real_845.jpg,1,1,True,0.0013071054127067327,0.9986929297447205
/content/Dataset/Test/Real/real_846.jpg,1,1,True,2.3165861421148293e-05,0.9999768733978271
/content/Dataset/Test/Real/real_847.jpg,1,1,True,2.2685633666696958e-05,0.9999773502349854
/content/Dataset/Test/Real/real_848.jpg,1,1,True,2.3830401914892718e-05,0.9999761581420898
/content/Dataset/Test/Real/real_849.jpg,1,0,False,0.8880031704902649,0.11199682205915451
/content/Dataset/Test/Real/real_85.jpg,1,0,False,0.9999477863311768,5.217090802034363e-05
/content/Dataset/Test/Real/real_850.jpg,1,1,True,2.654146919667255e-05,0.9999734163284302
/content/Dataset/Test/Real/real_851.jpg,1,0,False,0.9999659061431885,3.415143510210328e-05
/content/Dataset/Test/Real/real_852.jpg,1,1,True,0.0010701309656724334,0.9989297986030579
/content/Dataset/Test/Real/real_853.jpg,1,1,True,4.526256088865921e-05,0.9999547004699707
/content/Dataset/Test/Real/real_854.jpg,1,1,True,8.418528159381822e-05,0.9999158382415771
/content/Dataset/Test/Real/real_855.jpg,1,1,True,4.3957188609056175e-05,0.9999560117721558
/content/Dataset/Test/Real/real_856.jpg,1,1,True,0.1363203227519989,0.8636796474456787
/content/Dataset/Test/Real/real_857.jpg,1,1,True,2.3441565645043738e-05,0.9999765157699585
/content/Dataset/Test/Real/real_858.jpg,1,1,True,0.00011332186841173097,0.9998866319656372
/content/Dataset/Test/Real/real_859.jpg,1,1,True,5.173384488443844e-05,0.999948263168335
/content/Dataset/Test/Real/real_86.jpg,1,1,True,0.00015172094572335482,0.9998482465744019
/content/Dataset/Test/Real/real_860.jpg,1,1,True,2.5266012016800232e-05,0.9999747276306152
/content/Dataset/Test/Real/real_861.jpg,1,1,True,2.5339508283650503e-05,0.9999746084213257
/content/Dataset/Test/Real/real_862.jpg,1,1,True,0.12335829436779022,0.8766416907310486
/content/Dataset/Test/Real/real_863.jpg,1,1,True,3.420573557377793e-05,0.9999657869338989
/content/Dataset/Test/Real/real_864.jpg,1,1,True,0.00012363096175249666,0.9998763799667358
/content/Dataset/Test/Real/real_865.jpg,1,1,True,2.160114854632411e-05,0.9999784231185913
/content/Dataset/Test/Real/real_866.jpg,1,1,True,2.1054534954600967e-05,0.9999788999557495
/content/Dataset/Test/Real/real_867.jpg,1,1,True,2.1570125682046637e-05,0.9999784231185913
/content/Dataset/Test/Real/real_868.jpg,1,1,True,3.6736662877956405e-05,0.9999632835388184
/content/Dataset/Test/Real/real_869.jpg,1,1,True,2.792165287246462e-05,0.9999721050262451
/content/Dataset/Test/Real/real_87.jpg,1,0,False,0.9999207258224487,7.92692371760495e-05
/content/Dataset/Test/Real/real_870.jpg,1,0,False,0.9854023456573486,0.014597702771425247
/content/Dataset/Test/Real/real_871.jpg,1,1,True,5.675703505403362e-05,0.9999432563781738
/content/Dataset/Test/Real/real_872.jpg,1,1,True,0.0001843688660301268,0.9998156428337097
/content/Dataset/Test/Real/real_873.jpg,1,0,False,0.9989676475524902,0.001032380503602326
/content/Dataset/Test/Real/real_874.jpg,1,1,True,2.3362672436633147e-05,0.999976634979248
/content/Dataset/Test/Real/real_875.jpg,1,1,True,4.616942533175461e-05,0.9999538660049438
/content/Dataset/Test/Real/real_876.jpg,1,1,True,2.2839560188003816e-05,0.9999771118164062
/content/Dataset/Test/Real/real_877.jpg,1,1,True,7.489848940167576e-05,0.9999251365661621
/content/Dataset/Test/Real/real_878.jpg,1,1,True,0.00956612080335617,0.990433931350708
/content/Dataset/Test/Real/real_879.jpg,1,1,True,0.17193645238876343,0.8280634880065918
/content/Dataset/Test/Real/real_88.jpg,1,1,True,2.561011933721602e-05,0.9999743700027466
/content/Dataset/Test/Real/real_880.jpg,1,1,True,0.08896110206842422,0.9110389351844788
/content/Dataset/Test/Real/real_881.jpg,1,1,True,2.1647505491273478e-05,0.9999783039093018
/content/Dataset/Test/Real/real_882.jpg,1,0,False,0.9999690055847168,3.09669558191672e-05
/content/Dataset/Test/Real/real_883.jpg,1,1,True,2.247486190753989e-05,0.9999774694442749
/content/Dataset/Test/Real/real_884.jpg,1,1,True,2.237622902612202e-05,0.9999775886535645
/content/Dataset/Test/Real/real_885.jpg,1,1,True,3.0230885386117734e-05,0.9999697208404541
/content/Dataset/Test/Real/real_886.jpg,1,1,True,0.00012195646559121087,0.9998780488967896
/content/Dataset/Test/Real/real_887.jpg,1,1,True,2.89812232949771e-05,0.9999710321426392
/content/Dataset/Test/Real/real_888.jpg,1,1,True,2.157672861358151e-05,0.9999784231185913
/content/Dataset/Test/Real/real_889.jpg,1,1,True,2.1476140318554826e-05,0.9999785423278809
/content/Dataset/Test/Real/real_89.jpg,1,1,True,0.0006226854748092592,0.9993773102760315
/content/Dataset/Test/Real/real_890.jpg,1,1,True,2.3621922082384117e-05,0.999976396560669
/content/Dataset/Test/Real/real_891.jpg,1,1,True,5.417915235739201e-05,0.9999457597732544
/content/Dataset/Test/Real/real_892.jpg,1,1,True,2.256723564642016e-05,0.9999774694442749
/content/Dataset/Test/Real/real_893.jpg,1,1,True,6.233267777133733e-05,0.9999376535415649
/content/Dataset/Test/Real/real_894.jpg,1,1,True,5.488744500325993e-05,0.9999451637268066
/content/Dataset/Test/Real/real_895.jpg,1,1,True,5.8536475989967585e-05,0.9999414682388306
/content/Dataset/Test/Real/real_896.jpg,1,1,True,2.0379464331199415e-05,0.9999796152114868
/content/Dataset/Test/Real/real_897.jpg,1,1,True,2.2269890905590728e-05,0.999977707862854
/content/Dataset/Test/Real/real_898.jpg,1,1,True,0.0003793019277509302,0.9996206760406494
/content/Dataset/Test/Real/real_899.jpg,1,1,True,4.146662831772119e-05,0.9999585151672363
/content/Dataset/Test/Real/real_9.jpg,1,1,True,2.721186501730699e-05,0.9999728202819824
/content/Dataset/Test/Real/real_90.jpg,1,1,True,2.3231257728184573e-05,0.9999767541885376
/content/Dataset/Test/Real/real_900.jpg,1,1,True,0.0001547849242342636,0.9998451471328735
/content/Dataset/Test/Real/real_901.jpg,1,1,True,0.15662498772144318,0.843375027179718
/content/Dataset/Test/Real/real_902.jpg,1,1,True,2.212309482274577e-05,0.9999778270721436
/content/Dataset/Test/Real/real_903.jpg,1,1,True,2.292475437570829e-05,0.9999771118164062
/content/Dataset/Test/Real/real_904.jpg,1,1,True,0.00024221667263191193,0.9997578263282776
/content/Dataset/Test/Real/real_905.jpg,1,1,True,2.423851765342988e-05,0.9999758005142212
/content/Dataset/Test/Real/real_906.jpg,1,1,True,2.5397790523129515e-05,0.9999746084213257
/content/Dataset/Test/Real/real_907.jpg,1,1,True,2.1706713596358895e-05,0.9999783039093018
/content/Dataset/Test/Real/real_908.jpg,1,1,True,2.26004467549501e-05,0.9999773502349854
/content/Dataset/Test/Real/real_909.jpg,1,1,True,2.1465450117830187e-05,0.9999785423278809
/content/Dataset/Test/Real/real_91.jpg,1,1,True,0.40738847851753235,0.5926114916801453
/content/Dataset/Test/Real/real_910.jpg,1,1,True,2.377057353442069e-05,0.9999762773513794
/content/Dataset/Test/Real/real_911.jpg,1,1,True,0.36726558208465576,0.6327344179153442
/content/Dataset/Test/Real/real_912.jpg,1,1,True,2.106180545524694e-05,0.9999788999557495
/content/Dataset/Test/Real/real_913.jpg,1,1,True,4.954665928380564e-05,0.9999504089355469
/content/Dataset/Test/Real/real_914.jpg,1,1,True,2.8395468689268455e-05,0.9999716281890869
/content/Dataset/Test/Real/real_915.jpg,1,1,True,0.00013785585178993642,0.9998620748519897
/content/Dataset/Test/Real/real_916.jpg,1,1,True,2.4079154172795825e-05,0.9999759197235107
/content/Dataset/Test/Real/real_917.jpg,1,0,False,0.9880623817443848,0.011937684379518032
/content/Dataset/Test/Real/real_918.jpg,1,0,False,0.9992247819900513,0.0007751812227070332
/content/Dataset/Test/Real/real_919.jpg,1,1,True,6.35845644865185e-05,0.9999364614486694
/content/Dataset/Test/Real/real_92.jpg,1,1,True,0.00016756275726947933,0.9998323917388916
/content/Dataset/Test/Real/real_920.jpg,1,1,True,2.3487527869292535e-05,0.9999765157699585
/content/Dataset/Test/Real/real_921.jpg,1,1,True,2.2309452106128447e-05,0.999977707862854
/content/Dataset/Test/Real/real_922.jpg,1,1,True,5.854993287357502e-05,0.9999414682388306
/content/Dataset/Test/Real/real_923.jpg,1,1,True,0.01762954518198967,0.9823704957962036
/content/Dataset/Test/Real/real_924.jpg,1,1,True,2.1315150661394e-05,0.9999786615371704
/content/Dataset/Test/Real/real_925.jpg,1,1,True,0.00015008464106358588,0.9998499155044556
/content/Dataset/Test/Real/real_926.jpg,1,1,True,4.604253626894206e-05,0.9999539852142334
/content/Dataset/Test/Real/real_927.jpg,1,1,True,2.1563193513429724e-05,0.9999784231185913
/content/Dataset/Test/Real/real_928.jpg,1,1,True,2.397014213784132e-05,0.9999760389328003
/content/Dataset/Test/Real/real_929.jpg,1,1,True,0.0010145965497940779,0.9989853501319885
/content/Dataset/Test/Real/real_93.jpg,1,1,True,0.25484585762023926,0.7451541423797607
/content/Dataset/Test/Real/real_930.jpg,1,1,True,3.7340221751946956e-05,0.9999626874923706
/content/Dataset/Test/Real/real_931.jpg,1,1,True,3.4656226489460096e-05,0.9999653100967407
/content/Dataset/Test/Real/real_932.jpg,1,1,True,0.000538045889697969,0.9994619488716125
/content/Dataset/Test/Real/real_933.jpg,1,1,True,5.926967060077004e-05,0.9999407529830933
/content/Dataset/Test/Real/real_934.jpg,1,1,True,0.05640092119574547,0.9435990452766418
/content/Dataset/Test/Real/real_935.jpg,1,0,False,0.9702551960945129,0.029744800180196762
/content/Dataset/Test/Real/real_936.jpg,1,1,True,6.243797542992979e-05,0.9999375343322754
/content/Dataset/Test/Real/real_937.jpg,1,1,True,0.0015456686960533261,0.9984543323516846
/content/Dataset/Test/Real/real_938.jpg,1,1,True,2.2655969587503932e-05,0.9999773502349854
/content/Dataset/Test/Real/real_939.jpg,1,1,True,2.2069320039008744e-05,0.9999779462814331
/content/Dataset/Test/Real/real_94.jpg,1,1,True,0.003977878950536251,0.9960221648216248
/content/Dataset/Test/Real/real_940.jpg,1,1,True,4.260649438947439e-05,0.9999574422836304
/content/Dataset/Test/Real/real_941.jpg,1,1,True,2.2990672732703388e-05,0.9999769926071167
/content/Dataset/Test/Real/real_942.jpg,1,1,True,2.229269375675358e-05,0.999977707862854
/content/Dataset/Test/Real/real_943.jpg,1,1,True,3.3278909540968016e-05,0.9999667406082153
/content/Dataset/Test/Real/real_944.jpg,1,1,True,3.2214695238508284e-05,0.9999678134918213
/content/Dataset/Test/Real/real_945.jpg,1,1,True,2.733783367148135e-05,0.9999727010726929
/content/Dataset/Test/Real/real_946.jpg,1,1,True,2.7613159545580857e-05,0.9999723434448242
/content/Dataset/Test/Real/real_947.jpg,1,1,True,2.164672150684055e-05,0.9999783039093018
/content/Dataset/Test/Real/real_948.jpg,1,1,True,2.952694740088191e-05,0.9999704360961914
/content/Dataset/Test/Real/real_949.jpg,1,1,True,2.174954533984419e-05,0.9999783039093018
/content/Dataset/Test/Real/real_95.jpg,1,1,True,0.04519139230251312,0.9548086524009705
/content/Dataset/Test/Real/real_950.jpg,1,1,True,0.001529046450741589,0.9984709620475769
/content/Dataset/Test/Real/real_951.jpg,1,1,True,2.448270060995128e-05,0.9999755620956421
/content/Dataset/Test/Real/real_952.jpg,1,1,True,3.321805706946179e-05,0.9999667406082153
/content/Dataset/Test/Real/real_953.jpg,1,1,True,2.2799977159593254e-05,0.9999772310256958
/content/Dataset/Test/Real/real_954.jpg,1,0,False,0.9999055862426758,9.439858695259318e-05
/content/Dataset/Test/Real/real_955.jpg,1,0,False,0.9999651908874512,3.476950223557651e-05
/content/Dataset/Test/Real/real_956.jpg,1,1,True,2.4337743525393307e-05,0.9999756813049316
/content/Dataset/Test/Real/real_957.jpg,1,1,True,2.2640590032096952e-05,0.9999773502349854
/content/Dataset/Test/Real/real_958.jpg,1,1,True,2.183668766519986e-05,0.9999781847000122
/content/Dataset/Test/Real/real_959.jpg,1,1,True,4.510933285928331e-05,0.9999549388885498
/content/Dataset/Test/Real/real_96.jpg,1,1,True,0.0009947686921805143,0.9990052580833435
/content/Dataset/Test/Real/real_960.jpg,1,1,True,2.0904582925140858e-05,0.9999791383743286
/content/Dataset/Test/Real/real_961.jpg,1,1,True,2.5293591534136795e-05,0.9999747276306152
/content/Dataset/Test/Real/real_962.jpg,1,1,True,2.2042942873667926e-05,0.9999779462814331
/content/Dataset/Test/Real/real_963.jpg,1,1,True,2.386749656579923e-05,0.9999761581420898
/content/Dataset/Test/Real/real_964.jpg,1,1,True,0.0002380137302679941,0.9997619986534119
/content/Dataset/Test/Real/real_965.jpg,1,1,True,4.2364328692201525e-05,0.9999576807022095
/content/Dataset/Test/Real/real_966.jpg,1,1,True,2.387031781836413e-05,0.9999761581420898
/content/Dataset/Test/Real/real_967.jpg,1,1,True,0.31763431429862976,0.6823657155036926
/content/Dataset/Test/Real/real_968.jpg,1,0,False,0.8070332407951355,0.19296672940254211
/content/Dataset/Test/Real/real_969.jpg,1,1,True,7.34851710149087e-05,0.9999265670776367
/content/Dataset/Test/Real/real_97.jpg,1,1,True,0.001718144048936665,0.9982818365097046
/content/Dataset/Test/Real/real_970.jpg,1,1,True,0.00017795067105907947,0.9998220801353455
/content/Dataset/Test/Real/real_971.jpg,1,1,True,6.825732998549938e-05,0.9999316930770874
/content/Dataset/Test/Real/real_972.jpg,1,1,True,2.0930952814524062e-05,0.9999790191650391
/content/Dataset/Test/Real/real_973.jpg,1,1,True,2.277038038300816e-05,0.9999772310256958
/content/Dataset/Test/Real/real_974.jpg,1,1,True,0.0005701048648916185,0.9994298815727234
/content/Dataset/Test/Real/real_975.jpg,1,1,True,0.0003003565361723304,0.9996997117996216
/content/Dataset/Test/Real/real_976.jpg,1,1,True,3.061760435230099e-05,0.9999693632125854
/content/Dataset/Test/Real/real_977.jpg,1,1,True,8.095675002550706e-05,0.999919056892395
/content/Dataset/Test/Real/real_978.jpg,1,1,True,2.3633392629562877e-05,0.999976396560669
/content/Dataset/Test/Real/real_979.jpg,1,1,True,0.0003952103143092245,0.9996047616004944
/content/Dataset/Test/Real/real_98.jpg,1,1,True,0.026593182235956192,0.9734068512916565
/content/Dataset/Test/Real/real_980.jpg,1,0,False,0.5417295694351196,0.458270400762558
/content/Dataset/Test/Real/real_981.jpg,1,1,True,2.2104917661636136e-05,0.9999779462814331
/content/Dataset/Test/Real/real_982.jpg,1,1,True,2.175489680666942e-05,0.9999783039093018
/content/Dataset/Test/Real/real_983.jpg,1,1,True,3.3705578971421346e-05,0.9999662637710571
/content/Dataset/Test/Real/real_984.jpg,1,1,True,2.5110981368925422e-05,0.9999748468399048
/content/Dataset/Test/Real/real_985.jpg,1,1,True,2.965090607176535e-05,0.9999703168869019
/content/Dataset/Test/Real/real_986.jpg,1,1,True,2.2340578652801923e-05,0.999977707862854
/content/Dataset/Test/Real/real_987.jpg,1,1,True,2.5151868612738326e-05,0.9999748468399048
/content/Dataset/Test/Real/real_988.jpg,1,1,True,2.1827128875884227e-05,0.9999781847000122
/content/Dataset/Test/Real/real_989.jpg,1,1,True,2.7694492018781602e-05,0.9999723434448242
/content/Dataset/Test/Real/real_99.jpg,1,1,True,0.01417724322527647,0.9858227372169495
/content/Dataset/Test/Real/real_990.jpg,1,1,True,2.9648559575434774e-05,0.9999703168869019
/content/Dataset/Test/Real/real_991.jpg,1,1,True,2.1401103367679752e-05,0.9999785423278809
/content/Dataset/Test/Real/real_992.jpg,1,1,True,0.03751637414097786,0.9624836444854736
/content/Dataset/Test/Real/real_993.jpg,1,1,True,0.00011254006676608697,0.9998874664306641
/content/Dataset/Test/Real/real_994.jpg,1,1,True,2.9877726774429902e-05,0.9999700784683228
/content/Dataset/Test/Real/real_995.jpg,1,1,True,7.721396104898304e-05,0.9999227523803711
/content/Dataset/Test/Real/real_996.jpg,1,1,True,3.164861482218839e-05,0.999968409538269
/content/Dataset/Test/Real/real_997.jpg,1,1,True,3.315944559290074e-05,0.9999668598175049
/content/Dataset/Test/Real/real_998.jpg,1,1,True,2.247726297355257e-05,0.9999774694442749
/content/Dataset/Test/Real/real_999.jpg,1,1,True,2.4496388505212963e-05,0.9999755620956421
