path,label,prediction,correct,prob_fake,prob_real
/content/Dataset/Test/Fake/fake_0.jpg,0,0,True,0.9998180270195007,0.00018204556545242667
/content/Dataset/Test/Fake/fake_1.jpg,0,0,True,0.9999545812606812,4.5418826630339026e-05
/content/Dataset/Test/Fake/fake_10.jpg,0,0,True,0.999988317489624,1.1660407835734077e-05
/content/Dataset/Test/Fake/fake_100.jpg,0,0,True,0.9977795481681824,0.0022204353008419275
/content/Dataset/Test/Fake/fake_1000.jpg,0,0,True,0.9999991655349731,7.789240044075996e-07
/content/Dataset/Test/Fake/fake_1001.jpg,0,0,True,0.9999874830245972,1.252555193786975e-05
/content/Dataset/Test/Fake/fake_1002.jpg,0,0,True,0.9999970197677612,2.9948637347843032e-06
/content/Dataset/Test/Fake/fake_1003.jpg,0,0,True,0.9999996423721313,3.659312994841457e-07
/content/Dataset/Test/Fake/fake_1004.jpg,0,0,True,0.9426190257072449,0.05738095939159393
/content/Dataset/Test/Fake/fake_1005.jpg,0,0,True,0.9999991655349731,7.956439844747365e-07
/content/Dataset/Test/Fake/fake_1006.jpg,0,0,True,0.9999992847442627,7.059234121697955e-07
/content/Dataset/Test/Fake/fake_1007.jpg,0,0,True,0.9999996423721313,3.6213296539244766e-07
/content/Dataset/Test/Fake/fake_1008.jpg,0,0,True,0.999756395816803,0.00024358257360290736
/content/Dataset/Test/Fake/fake_1009.jpg,0,0,True,0.9999991655349731,7.976298661560577e-07
/content/Dataset/Test/Fake/fake_101.jpg,0,1,False,0.2859598994255066,0.7140401601791382
/content/Dataset/Test/Fake/fake_1010.jpg,0,0,True,0.9999984502792358,1.5684258869441692e-06
/content/Dataset/Test/Fake/fake_1011.jpg,0,0,True,0.9999983310699463,1.6123867681017146e-06
/content/Dataset/Test/Fake/fake_1012.jpg,0,0,True,0.9999980926513672,1.8741560552371084e-06
/content/Dataset/Test/Fake/fake_1013.jpg,0,0,True,0.9999992847442627,6.608563012377999e-07
/content/Dataset/Test/Fake/fake_1014.jpg,0,0,True,0.9999979734420776,2.0572820176312234e-06
/content/Dataset/Test/Fake/fake_1015.jpg,0,0,True,0.999997615814209,2.3417510419676546e-06
/content/Dataset/Test/Fake/fake_1016.jpg,0,0,True,0.9999992847442627,7.614886499140994e-07
/content/Dataset/Test/Fake/fake_1017.jpg,0,0,True,0.9999994039535522,5.531845204131969e-07
/content/Dataset/Test/Fake/fake_1018.jpg,0,0,True,0.9999940395355225,5.9226463235972915e-06
/content/Dataset/Test/Fake/fake_1019.jpg,0,0,True,0.9999603033065796,3.971290061599575e-05
/content/Dataset/Test/Fake/fake_102.jpg,0,0,True,0.9991661310195923,0.0008339277119375765
/content/Dataset/Test/Fake/fake_1020.jpg,0,0,True,0.9999802112579346,1.9736309695872478e-05
/content/Dataset/Test/Fake/fake_1021.jpg,0,0,True,0.999997615814209,2.3949169190018438e-06
/content/Dataset/Test/Fake/fake_1022.jpg,0,0,True,0.9999990463256836,9.725088148115901e-07
/content/Dataset/Test/Fake/fake_1023.jpg,0,0,True,0.9999982118606567,1.7406944152753567e-06
/content/Dataset/Test/Fake/fake_1024.jpg,0,0,True,0.9999995231628418,4.645167450689769e-07
/content/Dataset/Test/Fake/fake_1025.jpg,0,0,True,0.9999994039535522,5.781301410934248e-07
/content/Dataset/Test/Fake/fake_1026.jpg,0,0,True,0.9999988079071045,1.1932015695492737e-06
/content/Dataset/Test/Fake/fake_1027.jpg,0,0,True,0.9999992847442627,7.275203870449332e-07
/content/Dataset/Test/Fake/fake_1028.jpg,0,0,True,0.9999971389770508,2.8017298063787166e-06
/content/Dataset/Test/Fake/fake_1029.jpg,0,0,True,0.9999995231628418,4.400968691697926e-07
/content/Dataset/Test/Fake/fake_103.jpg,0,0,True,0.9999837875366211,1.6182086255867034e-05
/content/Dataset/Test/Fake/fake_1030.jpg,0,0,True,0.9999977350234985,2.2099293346400373e-06
/content/Dataset/Test/Fake/fake_1031.jpg,0,0,True,0.9999982118606567,1.7519407720101299e-06
/content/Dataset/Test/Fake/fake_1032.jpg,0,0,True,0.999976634979248,2.335051067348104e-05
/content/Dataset/Test/Fake/fake_1033.jpg,0,0,True,0.9999995231628418,5.282683446239389e-07
/content/Dataset/Test/Fake/fake_1034.jpg,0,0,True,0.9999996423721313,4.1089668911808985e-07
/content/Dataset/Test/Fake/fake_1035.jpg,0,0,True,0.987962543964386,0.012037523090839386
/content/Dataset/Test/Fake/fake_1036.jpg,0,0,True,0.999991774559021,8.200748197850771e-06
/content/Dataset/Test/Fake/fake_1037.jpg,0,0,True,0.9997369647026062,0.0002630117814987898
/content/Dataset/Test/Fake/fake_1038.jpg,0,0,True,0.9999905824661255,9.359768228023313e-06
/content/Dataset/Test/Fake/fake_1039.jpg,0,0,True,0.9999758005142212,2.4254053641925566e-05
/content/Dataset/Test/Fake/fake_104.jpg,0,1,False,0.013605423271656036,0.9863945245742798
/content/Dataset/Test/Fake/fake_1040.jpg,0,0,True,0.9999992847442627,6.991945724621473e-07
/content/Dataset/Test/Fake/fake_1041.jpg,0,0,True,0.9999990463256836,9.377453125125612e-07
/content/Dataset/Test/Fake/fake_1042.jpg,0,0,True,0.9999977350234985,2.2350818653649185e-06
/content/Dataset/Test/Fake/fake_1043.jpg,0,0,True,0.9999994039535522,5.381903633860929e-07
/content/Dataset/Test/Fake/fake_1044.jpg,0,0,True,0.9999988079071045,1.1996493185506552e-06
/content/Dataset/Test/Fake/fake_1045.jpg,0,0,True,0.9999992847442627,7.451524197676918e-07
/content/Dataset/Test/Fake/fake_1046.jpg,0,0,True,0.9999915361404419,8.449678716715425e-06
/content/Dataset/Test/Fake/fake_1047.jpg,0,0,True,0.9999991655349731,8.116709864225413e-07
/content/Dataset/Test/Fake/fake_1048.jpg,0,0,True,0.9999996423721313,3.810138196058688e-07
/content/Dataset/Test/Fake/fake_1049.jpg,0,0,True,0.9876726269721985,0.012327342294156551
/content/Dataset/Test/Fake/fake_105.jpg,0,0,True,0.8348594903945923,0.16514050960540771
/content/Dataset/Test/Fake/fake_1050.jpg,0,0,True,0.8913680911064148,0.10863187164068222
/content/Dataset/Test/Fake/fake_1051.jpg,0,0,True,0.9999384880065918,6.149787805043161e-05
/content/Dataset/Test/Fake/fake_1052.jpg,0,0,True,0.9999997615814209,2.69150092435666e-07
/content/Dataset/Test/Fake/fake_1053.jpg,0,0,True,0.9999637603759766,3.6183591873850673e-05
/content/Dataset/Test/Fake/fake_1054.jpg,0,0,True,0.8259647488594055,0.1740352362394333
/content/Dataset/Test/Fake/fake_1055.jpg,0,0,True,0.9999980926513672,1.9656670247059083e-06
/content/Dataset/Test/Fake/fake_1056.jpg,0,0,True,0.9999990463256836,9.627880217522033e-07
/content/Dataset/Test/Fake/fake_1057.jpg,0,0,True,0.999998927116394,1.063024114955624e-06
/content/Dataset/Test/Fake/fake_1058.jpg,0,0,True,0.9999996423721313,3.2283287509926595e-07
/content/Dataset/Test/Fake/fake_1059.jpg,0,0,True,0.9999957084655762,4.35014590038918e-06
/content/Dataset/Test/Fake/fake_106.jpg,0,0,True,0.9640295505523682,0.03597050532698631
/content/Dataset/Test/Fake/fake_1060.jpg,0,0,True,0.9999922513961792,7.767441275063902e-06
/content/Dataset/Test/Fake/fake_1061.jpg,0,0,True,0.9981958270072937,0.0018042336450889707
/content/Dataset/Test/Fake/fake_1062.jpg,0,0,True,0.9976018071174622,0.0023981791455298662
/content/Dataset/Test/Fake/fake_1063.jpg,0,0,True,0.9999992847442627,7.274509812305041e-07
/content/Dataset/Test/Fake/fake_1064.jpg,0,0,True,0.9999985694885254,1.424393076376873e-06
/content/Dataset/Test/Fake/fake_1065.jpg,0,0,True,0.9999980926513672,1.8510799009163748e-06
/content/Dataset/Test/Fake/fake_1066.jpg,0,0,True,0.9999983310699463,1.6165099623322021e-06
/content/Dataset/Test/Fake/fake_1067.jpg,0,0,True,0.9999969005584717,3.0608246106567094e-06
/content/Dataset/Test/Fake/fake_1068.jpg,0,0,True,0.9999992847442627,7.131482107070042e-07
/content/Dataset/Test/Fake/fake_1069.jpg,0,0,True,0.9999995231628418,4.346888431427942e-07
/content/Dataset/Test/Fake/fake_107.jpg,0,0,True,0.9995926022529602,0.0004073888121638447
/content/Dataset/Test/Fake/fake_1070.jpg,0,0,True,0.9999992847442627,7.451559440596611e-07
/content/Dataset/Test/Fake/fake_1071.jpg,0,0,True,0.9999979734420776,2.072395545837935e-06
/content/Dataset/Test/Fake/fake_1072.jpg,0,0,True,0.9999985694885254,1.3730900718655903e-06
/content/Dataset/Test/Fake/fake_1073.jpg,0,0,True,0.9999969005584717,3.150994189127232e-06
/content/Dataset/Test/Fake/fake_1074.jpg,0,0,True,0.9999992847442627,6.775210295018042e-07
/content/Dataset/Test/Fake/fake_1075.jpg,0,0,True,0.9999991655349731,8.19647198113671e-07
/content/Dataset/Test/Fake/fake_1076.jpg,0,0,True,0.999998927116394,1.0741996447904967e-06
/content/Dataset/Test/Fake/fake_1077.jpg,0,0,True,0.999988317489624,1.1729502148227766e-05
/content/Dataset/Test/Fake/fake_1078.jpg,0,0,True,0.9999991655349731,8.87457701992389e-07
/content/Dataset/Test/Fake/fake_1079.jpg,0,0,True,0.9999996423721313,3.453273222930875e-07
/content/Dataset/Test/Fake/fake_108.jpg,0,0,True,0.9998341798782349,0.00016582707758061588
/content/Dataset/Test/Fake/fake_1080.jpg,0,0,True,0.9966645836830139,0.003335394198074937
/content/Dataset/Test/Fake/fake_1081.jpg,0,0,True,0.9999986886978149,1.2749609368256642e-06
/content/Dataset/Test/Fake/fake_1082.jpg,0,0,True,0.9999927282333374,7.2225520852953196e-06
/content/Dataset/Test/Fake/fake_1083.jpg,0,0,True,0.9999991655349731,8.661816082167206e-07
/content/Dataset/Test/Fake/fake_1084.jpg,0,0,True,0.9999990463256836,1.003417992251343e-06
/content/Dataset/Test/Fake/fake_1085.jpg,0,0,True,0.9999992847442627,7.549678002760629e-07
/content/Dataset/Test/Fake/fake_1086.jpg,0,0,True,0.9999970197677612,2.973286655105767e-06
/content/Dataset/Test/Fake/fake_1087.jpg,0,0,True,0.9999991655349731,8.726206033315975e-07
/content/Dataset/Test/Fake/fake_1088.jpg,0,0,True,0.9999995231628418,4.816465661861002e-07
/content/Dataset/Test/Fake/fake_1089.jpg,0,0,True,0.9999964237213135,3.5514567571226507e-06
/content/Dataset/Test/Fake/fake_109.jpg,0,0,True,0.9995157718658447,0.00048425327986478806
/content/Dataset/Test/Fake/fake_1090.jpg,0,0,True,0.9999351501464844,6.478936847997829e-05
/content/Dataset/Test/Fake/fake_1091.jpg,0,0,True,0.9999997615814209,2.417839652935072e-07
/content/Dataset/Test/Fake/fake_1092.jpg,0,0,True,0.9999995231628418,4.4417421918296895e-07
/content/Dataset/Test/Fake/fake_1093.jpg,0,0,True,0.9999990463256836,9.136712151303072e-07
/content/Dataset/Test/Fake/fake_1094.jpg,0,0,True,0.999880313873291,0.00011969521438004449
/content/Dataset/Test/Fake/fake_1095.jpg,0,0,True,0.9999709129333496,2.9094095225445926e-05
/content/Dataset/Test/Fake/fake_1096.jpg,0,0,True,0.9988495111465454,0.0011505192378535867
/content/Dataset/Test/Fake/fake_1097.jpg,0,0,True,0.9999992847442627,7.23292089332972e-07
/content/Dataset/Test/Fake/fake_1098.jpg,0,0,True,0.9999984502792358,1.490170689066872e-06
/content/Dataset/Test/Fake/fake_1099.jpg,0,0,True,0.9999988079071045,1.1681215710268589e-06
/content/Dataset/Test/Fake/fake_11.jpg,0,0,True,0.999915361404419,8.465299470117316e-05
/content/Dataset/Test/Fake/fake_110.jpg,0,0,True,0.9959779381752014,0.0040220883674919605
/content/Dataset/Test/Fake/fake_1100.jpg,0,0,True,0.9999990463256836,1.0113332109540352e-06
/content/Dataset/Test/Fake/fake_1101.jpg,0,0,True,0.9999995231628418,5.319035949469253e-07
/content/Dataset/Test/Fake/fake_1102.jpg,0,0,True,0.9998194575309753,0.00018055643886327744
/content/Dataset/Test/Fake/fake_1103.jpg,0,0,True,0.9999995231628418,4.6651362595184764e-07
/content/Dataset/Test/Fake/fake_1104.jpg,0,0,True,0.9999996423721313,3.211109174117155e-07
/content/Dataset/Test/Fake/fake_1105.jpg,0,0,True,0.9999995231628418,5.093055506222299e-07
/content/Dataset/Test/Fake/fake_1106.jpg,0,0,True,0.9999874830245972,1.2472983144107275e-05
/content/Dataset/Test/Fake/fake_1107.jpg,0,0,True,0.9998748302459717,0.00012517579307314008
/content/Dataset/Test/Fake/fake_1108.jpg,0,0,True,0.9999988079071045,1.2037910437356913e-06
/content/Dataset/Test/Fake/fake_1109.jpg,0,0,True,0.974722146987915,0.025277817621827126
/content/Dataset/Test/Fake/fake_111.jpg,0,0,True,0.9997547268867493,0.00024526516790501773
/content/Dataset/Test/Fake/fake_1110.jpg,0,0,True,0.9999887943267822,1.1169768185936846e-05
/content/Dataset/Test/Fake/fake_1111.jpg,0,0,True,0.5956302285194397,0.4043698310852051
/content/Dataset/Test/Fake/fake_1112.jpg,0,0,True,0.9999992847442627,6.985267759773706e-07
/content/Dataset/Test/Fake/fake_1113.jpg,0,0,True,0.9999972581863403,2.758572236416512e-06
/content/Dataset/Test/Fake/fake_1114.jpg,0,0,True,0.9999996423721313,3.840739282168215e-07
/content/Dataset/Test/Fake/fake_1115.jpg,0,0,True,0.9999967813491821,3.205532721040072e-06
/content/Dataset/Test/Fake/fake_1116.jpg,0,0,True,0.9999978542327881,2.178715703848866e-06
/content/Dataset/Test/Fake/fake_1117.jpg,0,0,True,0.9999897480010986,1.0296503205609042e-05
/content/Dataset/Test/Fake/fake_1118.jpg,0,0,True,0.999996542930603,3.490027438601828e-06
/content/Dataset/Test/Fake/fake_1119.jpg,0,0,True,0.9999996423721313,3.120721601135301e-07
/content/Dataset/Test/Fake/fake_112.jpg,0,0,True,0.9993307590484619,0.000669250963255763
/content/Dataset/Test/Fake/fake_1120.jpg,0,0,True,0.9999990463256836,9.653696224631858e-07
/content/Dataset/Test/Fake/fake_1121.jpg,0,0,True,0.9999984502792358,1.5718339909653878e-06
/content/Dataset/Test/Fake/fake_1122.jpg,0,0,True,0.9999990463256836,1.0125482958756038e-06
/content/Dataset/Test/Fake/fake_1123.jpg,0,0,True,0.9999963045120239,3.733736548383604e-06
/content/Dataset/Test/Fake/fake_1124.jpg,0,0,True,0.9999977350234985,2.23782467401179e-06
/content/Dataset/Test/Fake/fake_1125.jpg,0,0,True,0.9999997615814209,2.941698653557978e-07
/content/Dataset/Test/Fake/fake_1126.jpg,0,0,True,0.9999996423721313,3.3869525850604987e-07
/content/Dataset/Test/Fake/fake_1127.jpg,0,0,True,0.9998914003372192,0.00010859991743927822
/content/Dataset/Test/Fake/fake_1128.jpg,0,0,True,0.9999992847442627,6.61143758406979e-07
/content/Dataset/Test/Fake/fake_1129.jpg,0,0,True,0.9999994039535522,6.1678537122134e-07
/content/Dataset/Test/Fake/fake_113.jpg,0,0,True,0.9999990463256836,9.254944188796799e-07
/content/Dataset/Test/Fake/fake_1130.jpg,0,0,True,0.9999992847442627,7.554776857432444e-07
/content/Dataset/Test/Fake/fake_1131.jpg,0,0,True,0.9956846237182617,0.004315384663641453
/content/Dataset/Test/Fake/fake_1132.jpg,0,0,True,0.9999994039535522,6.154345442155318e-07
/content/Dataset/Test/Fake/fake_1133.jpg,0,0,True,0.9999986886978149,1.3001890692976303e-06
/content/Dataset/Test/Fake/fake_1134.jpg,0,0,True,0.9999991655349731,8.469368708574621e-07
/content/Dataset/Test/Fake/fake_1135.jpg,0,0,True,0.9999973773956299,2.5888157324516214e-06
/content/Dataset/Test/Fake/fake_1136.jpg,0,0,True,0.9999966621398926,3.3740420803951565e-06
/content/Dataset/Test/Fake/fake_1137.jpg,0,0,True,0.999998927116394,1.0874912277358817e-06
/content/Dataset/Test/Fake/fake_1138.jpg,0,0,True,0.9999990463256836,9.989037152990932e-07
/content/Dataset/Test/Fake/fake_1139.jpg,0,0,True,0.9999988079071045,1.2444139656508924e-06
/content/Dataset/Test/Fake/fake_114.jpg,0,0,True,0.9999978542327881,2.1627386104228208e-06
/content/Dataset/Test/Fake/fake_1140.jpg,0,0,True,0.9997530579566956,0.0002469777246005833
/content/Dataset/Test/Fake/fake_1141.jpg,0,0,True,0.9999982118606567,1.8105431536241667e-06
/content/Dataset/Test/Fake/fake_1142.jpg,0,0,True,0.9999285936355591,7.140321395127103e-05
/content/Dataset/Test/Fake/fake_1143.jpg,0,0,True,0.9999295473098755,7.046905375318602e-05
/content/Dataset/Test/Fake/fake_1144.jpg,0,0,True,0.9999980926513672,1.923119498314918e-06
/content/Dataset/Test/Fake/fake_1145.jpg,0,0,True,0.9999920129776001,8.044870810408611e-06
/content/Dataset/Test/Fake/fake_1146.jpg,0,0,True,0.9996353387832642,0.0003646366239991039
/content/Dataset/Test/Fake/fake_1147.jpg,0,0,True,0.9877420663833618,0.012257890775799751
/content/Dataset/Test/Fake/fake_1148.jpg,0,0,True,0.9990921020507812,0.0009078571456484497
/content/Dataset/Test/Fake/fake_1149.jpg,0,0,True,0.9999924898147583,7.470888704119716e-06
/content/Dataset/Test/Fake/fake_115.jpg,0,0,True,0.9112576842308044,0.08874237537384033
/content/Dataset/Test/Fake/fake_1150.jpg,0,0,True,0.9999963045120239,3.740850388567196e-06
/content/Dataset/Test/Fake/fake_1151.jpg,0,0,True,0.9997182488441467,0.00028173066675662994
/content/Dataset/Test/Fake/fake_1152.jpg,0,0,True,0.9989436268806458,0.0010563324904069304
/content/Dataset/Test/Fake/fake_1153.jpg,0,0,True,0.9988551139831543,0.0011449122102931142
/content/Dataset/Test/Fake/fake_1154.jpg,0,0,True,0.9998670816421509,0.00013289890193846077
/content/Dataset/Test/Fake/fake_1155.jpg,0,0,True,0.9884545207023621,0.011545490473508835
/content/Dataset/Test/Fake/fake_1156.jpg,0,0,True,0.9999904632568359,9.574768228048924e-06
/content/Dataset/Test/Fake/fake_1157.jpg,0,0,True,0.9999634027481079,3.658207060652785e-05
/content/Dataset/Test/Fake/fake_1158.jpg,0,0,True,0.9999825954437256,1.7348707842756994e-05
/content/Dataset/Test/Fake/fake_1159.jpg,0,0,True,0.6253899335861206,0.3746100962162018
/content/Dataset/Test/Fake/fake_116.jpg,0,0,True,0.9984059929847717,0.0015940709272399545
/content/Dataset/Test/Fake/fake_1160.jpg,0,0,True,0.9999823570251465,1.7653326722211204e-05
/content/Dataset/Test/Fake/fake_1161.jpg,0,0,True,0.9969520568847656,0.003047898644581437
/content/Dataset/Test/Fake/fake_1162.jpg,0,0,True,0.9999833106994629,1.6710471754777245e-05
/content/Dataset/Test/Fake/fake_1163.jpg,0,0,True,0.9999819993972778,1.7951544577954337e-05
/content/Dataset/Test/Fake/fake_1164.jpg,0,1,False,0.3987296521663666,0.6012703776359558
/content/Dataset/Test/Fake/fake_1165.jpg,0,0,True,0.8457528352737427,0.1542471945285797
/content/Dataset/Test/Fake/fake_1166.jpg,0,0,True,0.9905549883842468,0.009445030242204666
/content/Dataset/Test/Fake/fake_1167.jpg,0,0,True,0.8518128991127014,0.14818714559078217
/content/Dataset/Test/Fake/fake_1168.jpg,0,0,True,0.9997186064720154,0.00028141363873146474
/content/Dataset/Test/Fake/fake_1169.jpg,0,0,True,0.999515175819397,0.00048485741717740893
/content/Dataset/Test/Fake/fake_117.jpg,0,0,True,0.9183078408241272,0.0816921591758728
/content/Dataset/Test/Fake/fake_1170.jpg,0,0,True,0.9252738952636719,0.07472608238458633
/content/Dataset/Test/Fake/fake_1171.jpg,0,0,True,0.9941774606704712,0.0058224815875291824
/content/Dataset/Test/Fake/fake_1172.jpg,0,0,True,0.9998737573623657,0.0001262202422367409
/content/Dataset/Test/Fake/fake_1173.jpg,0,0,True,0.9999414682388306,5.8520512538962066e-05
/content/Dataset/Test/Fake/fake_1174.jpg,0,0,True,0.9999349117279053,6.506103818537667e-05
/content/Dataset/Test/Fake/fake_1175.jpg,0,0,True,0.9995892643928528,0.00041077667265199125
/content/Dataset/Test/Fake/fake_1176.jpg,0,0,True,0.9973713159561157,0.0026286921929568052
/content/Dataset/Test/Fake/fake_1177.jpg,0,0,True,0.999998927116394,1.038156597132911e-06
/content/Dataset/Test/Fake/fake_1178.jpg,0,0,True,0.9999761581420898,2.387337008258328e-05
/content/Dataset/Test/Fake/fake_1179.jpg,0,0,True,0.9990774393081665,0.0009225669200532138
/content/Dataset/Test/Fake/fake_118.jpg,0,0,True,0.9999934434890747,6.605402631976176e-06
/content/Dataset/Test/Fake/fake_1180.jpg,0,0,True,0.9994914531707764,0.000508571625687182
/content/Dataset/Test/Fake/fake_1181.jpg,0,0,True,0.9771631956100464,0.022836772724986076
/content/Dataset/Test/Fake/fake_1182.jpg,0,0,True,0.9998563528060913,0.0001436382153769955
/content/Dataset/Test/Fake/fake_1183.jpg,0,0,True,0.997047483921051,0.002952572191134095
/content/Dataset/Test/Fake/fake_1184.jpg,0,0,True,0.9999779462814331,2.1995274437358603e-05
/content/Dataset/Test/Fake/fake_1185.jpg,0,0,True,0.9999850988388062,1.4950424883863889e-05
/content/Dataset/Test/Fake/fake_1186.jpg,0,0,True,0.9999980926513672,1.9300609892525245e-06
/content/Dataset/Test/Fake/fake_1187.jpg,0,0,True,0.9999986886978149,1.3118070683049154e-06
/content/Dataset/Test/Fake/fake_1188.jpg,0,0,True,0.9421877264976501,0.05781225487589836
/content/Dataset/Test/Fake/fake_1189.jpg,0,0,True,0.9999823570251465,1.7630211004870944e-05
/content/Dataset/Test/Fake/fake_119.jpg,0,0,True,0.9997326731681824,0.00026729286764748394
/content/Dataset/Test/Fake/fake_1190.jpg,0,0,True,0.9999994039535522,5.470254791362095e-07
/content/Dataset/Test/Fake/fake_1191.jpg,0,0,True,0.9999921321868896,7.919022209534887e-06
/content/Dataset/Test/Fake/fake_1192.jpg,0,0,True,0.9999188184738159,8.121888822643086e-05
/content/Dataset/Test/Fake/fake_1193.jpg,0,0,True,0.999981164932251,1.879890805867035e-05
/content/Dataset/Test/Fake/fake_1194.jpg,0,0,True,0.9974907636642456,0.0025092237628996372
/content/Dataset/Test/Fake/fake_1195.jpg,0,0,True,0.9999980926513672,1.9043123984374688e-06
/content/Dataset/Test/Fake/fake_1196.jpg,0,0,True,0.9998465776443481,0.00015342510596383363
/content/Dataset/Test/Fake/fake_1197.jpg,0,0,True,0.9996886253356934,0.00031141703948378563
/content/Dataset/Test/Fake/fake_1198.jpg,0,0,True,0.9986599683761597,0.0013399916933849454
/content/Dataset/Test/Fake/fake_1199.jpg,0,0,True,0.9999971389770508,2.8777137686120113e-06
/content/Dataset/Test/Fake/fake_12.jpg,0,0,True,0.9999558925628662,4.415629882714711e-05
/content/Dataset/Test/Fake/fake_120.jpg,0,0,True,0.9999536275863647,4.6421424485743046e-05
/content/Dataset/Test/Fake/fake_1200.jpg,0,0,True,0.9999524354934692,4.759665171150118e-05
/content/Dataset/Test/Fake/fake_1201.jpg,0,0,True,0.9999984502792358,1.5265001138686785e-06
/content/Dataset/Test/Fake/fake_1202.jpg,0,0,True,0.9999685287475586,3.143864523735829e-05
/content/Dataset/Test/Fake/fake_1203.jpg,0,0,True,0.9997105002403259,0.0002894247882068157
/content/Dataset/Test/Fake/fake_1204.jpg,0,0,True,0.9920936226844788,0.007906326092779636
/content/Dataset/Test/Fake/fake_1205.jpg,0,0,True,0.9999985694885254,1.398044787492836e-06
/content/Dataset/Test/Fake/fake_1206.jpg,0,0,True,0.9999840259552002,1.595604044268839e-05
/content/Dataset/Test/Fake/fake_1207.jpg,0,0,True,0.9999904632568359,9.589260116626974e-06
/content/Dataset/Test/Fake/fake_1208.jpg,0,0,True,0.9999988079071045,1.1339025149936788e-06
/content/Dataset/Test/Fake/fake_1209.jpg,0,0,True,0.9996277093887329,0.0003722968394868076
/content/Dataset/Test/Fake/fake_121.jpg,0,0,True,0.9999831914901733,1.6763397070462815e-05
/content/Dataset/Test/Fake/fake_1210.jpg,0,0,True,0.9996009469032288,0.00039908182225190103
/content/Dataset/Test/Fake/fake_1211.jpg,0,0,True,0.9857352375984192,0.014264773577451706
/content/Dataset/Test/Fake/fake_1212.jpg,0,0,True,0.999874472618103,0.0001255081733688712
/content/Dataset/Test/Fake/fake_1213.jpg,0,0,True,0.9999885559082031,1.1425470802350901e-05
/content/Dataset/Test/Fake/fake_1214.jpg,0,0,True,0.999988317489624,1.170400355476886e-05
/content/Dataset/Test/Fake/fake_1215.jpg,0,0,True,0.9998756647109985,0.00012435868848115206
/content/Dataset/Test/Fake/fake_1216.jpg,0,0,True,0.9999995231628418,4.550888377252704e-07
/content/Dataset/Test/Fake/fake_1217.jpg,0,0,True,0.9999892711639404,1.0760476470750291e-05
/content/Dataset/Test/Fake/fake_1218.jpg,0,0,True,0.9999945163726807,5.5166110541904345e-06
/content/Dataset/Test/Fake/fake_1219.jpg,0,0,True,0.9929359555244446,0.00706405658274889
/content/Dataset/Test/Fake/fake_122.jpg,0,0,True,0.9999830722808838,1.6942034562816843e-05
/content/Dataset/Test/Fake/fake_1220.jpg,0,0,True,0.9999994039535522,6.307546982498025e-07
/content/Dataset/Test/Fake/fake_1221.jpg,0,0,True,0.999920129776001,7.990751328179613e-05
/content/Dataset/Test/Fake/fake_1222.jpg,0,0,True,0.7822890877723694,0.2177109271287918
/content/Dataset/Test/Fake/fake_1223.jpg,0,0,True,0.9996976852416992,0.0003023714816663414
/content/Dataset/Test/Fake/fake_1224.jpg,0,0,True,0.9999958276748657,4.176758011453785e-06
/content/Dataset/Test/Fake/fake_1225.jpg,0,0,True,0.9996464252471924,0.0003535386931616813
/content/Dataset/Test/Fake/fake_1226.jpg,0,0,True,0.9996947050094604,0.0003052767424378544
/content/Dataset/Test/Fake/fake_1227.jpg,0,0,True,0.9998480081558228,0.0001519507059128955
/content/Dataset/Test/Fake/fake_1228.jpg,0,0,True,0.9999840259552002,1.6010593753890134e-05
/content/Dataset/Test/Fake/fake_1229.jpg,0,0,True,0.9998672008514404,0.00013273351942189038
/content/Dataset/Test/Fake/fake_123.jpg,0,0,True,0.9999591112136841,4.0916074794949964e-05
/content/Dataset/Test/Fake/fake_1230.jpg,0,0,True,0.9999973773956299,2.6682896532292943e-06
/content/Dataset/Test/Fake/fake_1231.jpg,0,0,True,0.9999856948852539,1.4261097021517344e-05
/content/Dataset/Test/Fake/fake_1232.jpg,0,0,True,0.9999969005584717,3.0836249607091304e-06
/content/Dataset/Test/Fake/fake_1233.jpg,0,0,True,0.9999704360961914,2.9598897526739165e-05
/content/Dataset/Test/Fake/fake_1234.jpg,0,0,True,0.9999982118606567,1.7714497744236724e-06
/content/Dataset/Test/Fake/fake_1235.jpg,0,0,True,0.9999326467514038,6.736573413945735e-05
/content/Dataset/Test/Fake/fake_1236.jpg,0,0,True,0.9999809265136719,1.9042787243961357e-05
/content/Dataset/Test/Fake/fake_1237.jpg,0,0,True,0.9999978542327881,2.192723513871897e-06
/content/Dataset/Test/Fake/fake_1238.jpg,0,0,True,0.9802535772323608,0.019746506586670876
/content/Dataset/Test/Fake/fake_1239.jpg,0,0,True,0.9999979734420776,2.08095480047632e-06
/content/Dataset/Test/Fake/fake_124.jpg,0,0,True,0.999995231628418,4.718741365650203e-06
/content/Dataset/Test/Fake/fake_1240.jpg,0,0,True,0.9999970197677612,2.9808643375872634e-06
/content/Dataset/Test/Fake/fake_1241.jpg,0,0,True,0.9980040192604065,0.001996011706069112
/content/Dataset/Test/Fake/fake_1242.jpg,0,0,True,0.998870313167572,0.0011296026641502976
/content/Dataset/Test/Fake/fake_1243.jpg,0,0,True,0.9999903440475464,9.669465725892223e-06
/content/Dataset/Test/Fake/fake_1244.jpg,0,0,True,0.9999979734420776,2.0514494281087536e-06
/content/Dataset/Test/Fake/fake_1245.jpg,0,0,True,0.9999967813491821,3.190530378560652e-06
/content/Dataset/Test/Fake/fake_1246.jpg,0,0,True,0.999998927116394,1.063733066075656e-06
/content/Dataset/Test/Fake/fake_1247.jpg,0,0,True,0.9891329407691956,0.010867063887417316
/content/Dataset/Test/Fake/fake_1248.jpg,0,0,True,0.9999861717224121,1.3795759514323436e-05
/content/Dataset/Test/Fake/fake_1249.jpg,0,0,True,0.9999940395355225,5.976446118438616e-06
/content/Dataset/Test/Fake/fake_125.jpg,0,0,True,0.9985895752906799,0.001410427037626505
/content/Dataset/Test/Fake/fake_1250.jpg,0,0,True,0.9999860525131226,1.3941216820967384e-05
/content/Dataset/Test/Fake/fake_1251.jpg,0,0,True,0.9999785423278809,2.149593274225481e-05
/content/Dataset/Test/Fake/fake_1252.jpg,0,0,True,0.9999098777770996,9.015461546368897e-05
/content/Dataset/Test/Fake/fake_1253.jpg,0,0,True,0.9999653100967407,3.468773502390832e-05
/content/Dataset/Test/Fake/fake_1254.jpg,0,0,True,0.9999890327453613,1.0986600500473287e-05
/content/Dataset/Test/Fake/fake_1255.jpg,0,0,True,0.999934196472168,6.581134221050888e-05
/content/Dataset/Test/Fake/fake_1256.jpg,0,0,True,0.9999955892562866,4.447788342076819e-06
/content/Dataset/Test/Fake/fake_1257.jpg,0,0,True,0.9999861717224121,1.387005795550067e-05
/content/Dataset/Test/Fake/fake_1258.jpg,0,0,True,0.9999946355819702,5.38364156454918e-06
/content/Dataset/Test/Fake/fake_1259.jpg,0,0,True,0.9999626874923706,3.7352830986492336e-05
/content/Dataset/Test/Fake/fake_126.jpg,0,0,True,0.9998725652694702,0.00012741511454805732
/content/Dataset/Test/Fake/fake_1260.jpg,0,0,True,0.9999988079071045,1.2051913245159085e-06
/content/Dataset/Test/Fake/fake_1261.jpg,0,0,True,0.9999960660934448,3.877907602145569e-06
/content/Dataset/Test/Fake/fake_1262.jpg,0,0,True,0.9994358420372009,0.0005641405005007982
/content/Dataset/Test/Fake/fake_1263.jpg,0,0,True,0.9999637603759766,3.6249111872166395e-05
/content/Dataset/Test/Fake/fake_1264.jpg,0,0,True,0.999962568283081,3.745806316146627e-05
/content/Dataset/Test/Fake/fake_1265.jpg,0,0,True,0.9999910593032837,8.89451530383667e-06
/content/Dataset/Test/Fake/fake_1266.jpg,0,0,True,0.9987152814865112,0.0012847462203353643
/content/Dataset/Test/Fake/fake_1267.jpg,0,0,True,0.9999343156814575,6.563659553648904e-05
/content/Dataset/Test/Fake/fake_1268.jpg,0,0,True,0.9999734163284302,2.658717130543664e-05
/content/Dataset/Test/Fake/fake_1269.jpg,0,0,True,0.9995847344398499,0.0004152329929638654
/content/Dataset/Test/Fake/fake_127.jpg,0,0,True,0.9873065948486328,0.012693441472947598
/content/Dataset/Test/Fake/fake_1270.jpg,0,0,True,0.9949073195457458,0.005092603620141745
/content/Dataset/Test/Fake/fake_1271.jpg,0,0,True,0.9998921155929565,0.00010788791405502707
/content/Dataset/Test/Fake/fake_1272.jpg,0,0,True,0.9982284903526306,0.0017714932328090072
/content/Dataset/Test/Fake/fake_1273.jpg,0,0,True,0.9999173879623413,8.258570596808568e-05
/content/Dataset/Test/Fake/fake_1274.jpg,0,1,False,0.004220134112983942,0.9957798719406128
/content/Dataset/Test/Fake/fake_1275.jpg,0,0,True,0.9999960660934448,3.890208972734399e-06
/content/Dataset/Test/Fake/fake_1276.jpg,0,0,True,0.9999933242797852,6.731365829182323e-06
/content/Dataset/Test/Fake/fake_1277.jpg,0,0,True,0.9999839067459106,1.612800951988902e-05
/content/Dataset/Test/Fake/fake_1278.jpg,0,0,True,0.9999933242797852,6.667304660368245e-06
/content/Dataset/Test/Fake/fake_1279.jpg,0,0,True,0.9771522879600525,0.02284773625433445
/content/Dataset/Test/Fake/fake_128.jpg,0,0,True,0.9996090531349182,0.00039102917071431875
/content/Dataset/Test/Fake/fake_1280.jpg,0,0,True,0.9999964237213135,3.5864936762664e-06
/content/Dataset/Test/Fake/fake_1281.jpg,0,0,True,0.9999992847442627,6.71578334277001e-07
/content/Dataset/Test/Fake/fake_1282.jpg,0,0,True,0.9999986886978149,1.331380190094933e-06
/content/Dataset/Test/Fake/fake_1283.jpg,0,0,True,0.9999970197677612,2.9863929285056656e-06
/content/Dataset/Test/Fake/fake_1284.jpg,0,0,True,0.9999980926513672,1.9002649196409038e-06
/content/Dataset/Test/Fake/fake_1285.jpg,0,0,True,0.9999942779541016,5.763762601418421e-06
/content/Dataset/Test/Fake/fake_1286.jpg,0,0,True,0.999922513961792,7.745179027551785e-05
/content/Dataset/Test/Fake/fake_1287.jpg,0,0,True,0.9999799728393555,1.9997039998997934e-05
/content/Dataset/Test/Fake/fake_1288.jpg,0,0,True,0.9999980926513672,1.929315430970746e-06
/content/Dataset/Test/Fake/fake_1289.jpg,0,0,True,0.9998223185539246,0.00017772751743905246
/content/Dataset/Test/Fake/fake_129.jpg,0,0,True,0.9999985694885254,1.4571568272003788e-06
/content/Dataset/Test/Fake/fake_1290.jpg,0,0,True,0.9962128400802612,0.003787243738770485
/content/Dataset/Test/Fake/fake_1291.jpg,0,0,True,0.9999949932098389,5.004425020160852e-06
/content/Dataset/Test/Fake/fake_1292.jpg,0,0,True,0.9999983310699463,1.7256664932574495e-06
/content/Dataset/Test/Fake/fake_1293.jpg,0,0,True,0.9999986886978149,1.3211781606514705e-06
/content/Dataset/Test/Fake/fake_1294.jpg,0,0,True,0.9999988079071045,1.244942154698947e-06
/content/Dataset/Test/Fake/fake_1295.jpg,0,0,True,0.9999986886978149,1.2998035572309163e-06
/content/Dataset/Test/Fake/fake_1296.jpg,0,0,True,0.9999964237213135,3.569973841877072e-06
/content/Dataset/Test/Fake/fake_1297.jpg,0,0,True,0.9999915361404419,8.430281923210714e-06
/content/Dataset/Test/Fake/fake_1298.jpg,0,0,True,0.9999973773956299,2.6681548206397565e-06
/content/Dataset/Test/Fake/fake_1299.jpg,0,0,True,0.9993209838867188,0.000679082062561065
/content/Dataset/Test/Fake/fake_13.jpg,0,0,True,0.9999910593032837,8.97259724297328e-06
/content/Dataset/Test/Fake/fake_130.jpg,0,0,True,0.9999982118606567,1.8302438320461079e-06
/content/Dataset/Test/Fake/fake_1300.jpg,0,0,True,0.9997232556343079,0.0002767834230326116
/content/Dataset/Test/Fake/fake_1301.jpg,0,0,True,0.9969755411148071,0.003024500561878085
/content/Dataset/Test/Fake/fake_1302.jpg,0,0,True,0.9999185800552368,8.146213076543063e-05
/content/Dataset/Test/Fake/fake_1303.jpg,0,0,True,0.9996047616004944,0.00039526401087641716
/content/Dataset/Test/Fake/fake_1304.jpg,0,0,True,0.9695675373077393,0.030432457104325294
/content/Dataset/Test/Fake/fake_1305.jpg,0,0,True,0.998956561088562,0.0010433734860271215
/content/Dataset/Test/Fake/fake_1306.jpg,0,0,True,0.9999631643295288,3.681023372337222e-05
/content/Dataset/Test/Fake/fake_1307.jpg,0,0,True,0.9996434450149536,0.0003565210208762437
/content/Dataset/Test/Fake/fake_1308.jpg,0,0,True,0.9998052716255188,0.00019477619207464159
/content/Dataset/Test/Fake/fake_1309.jpg,0,0,True,0.9999886751174927,1.1340841410856228e-05
/content/Dataset/Test/Fake/fake_131.jpg,0,0,True,0.9999991655349731,8.59269619013503e-07
/content/Dataset/Test/Fake/fake_1310.jpg,0,0,True,0.9997597336769104,0.00024026207393035293
/content/Dataset/Test/Fake/fake_1311.jpg,0,0,True,0.9935237169265747,0.0064762127585709095
/content/Dataset/Test/Fake/fake_1312.jpg,0,0,True,0.9999479055404663,5.207309004617855e-05
/content/Dataset/Test/Fake/fake_1313.jpg,0,0,True,0.995448648929596,0.004551364574581385
/content/Dataset/Test/Fake/fake_1314.jpg,0,0,True,0.9930949211120605,0.006905093789100647
/content/Dataset/Test/Fake/fake_1315.jpg,0,0,True,0.9999933242797852,6.644351742579602e-06
/content/Dataset/Test/Fake/fake_1316.jpg,0,0,True,0.9999583959579468,4.156581053393893e-05
/content/Dataset/Test/Fake/fake_1317.jpg,0,0,True,0.9733745455741882,0.026625465601682663
/content/Dataset/Test/Fake/fake_1318.jpg,0,0,True,0.9999798536300659,2.0163912267889827e-05
/content/Dataset/Test/Fake/fake_1319.jpg,0,0,True,0.9428004026412964,0.05719965696334839
/content/Dataset/Test/Fake/fake_132.jpg,0,0,True,0.9999637603759766,3.6242130590835586e-05
/content/Dataset/Test/Fake/fake_1320.jpg,0,0,True,0.9999963045120239,3.7207835248409538e-06
/content/Dataset/Test/Fake/fake_1321.jpg,0,0,True,0.999990701675415,9.298088116338477e-06
/content/Dataset/Test/Fake/fake_1322.jpg,0,0,True,0.9999896287918091,1.0396167454018723e-05
/content/Dataset/Test/Fake/fake_1323.jpg,0,0,True,0.9999990463256836,9.453543157178501e-07
/content/Dataset/Test/Fake/fake_1324.jpg,0,0,True,0.9998956918716431,0.00010426640074001625
/content/Dataset/Test/Fake/fake_1325.jpg,0,0,True,0.9999942779541016,5.6877265706134494e-06
/content/Dataset/Test/Fake/fake_1326.jpg,0,0,True,0.9999935626983643,6.416981250367826e-06
/content/Dataset/Test/Fake/fake_1327.jpg,0,0,True,0.9999792575836182,2.070018854283262e-05
/content/Dataset/Test/Fake/fake_1328.jpg,0,0,True,0.7427317500114441,0.25726819038391113
/content/Dataset/Test/Fake/fake_1329.jpg,0,0,True,0.9999755620956421,2.4434790248051286e-05
/content/Dataset/Test/Fake/fake_133.jpg,0,0,True,0.9999353885650635,6.460341683123261e-05
/content/Dataset/Test/Fake/fake_1330.jpg,0,0,True,0.999640941619873,0.000359041296178475
/content/Dataset/Test/Fake/fake_1331.jpg,0,1,False,0.021000083535909653,0.9789999723434448
/content/Dataset/Test/Fake/fake_1332.jpg,0,0,True,0.9999912977218628,8.750200322538149e-06
/content/Dataset/Test/Fake/fake_1333.jpg,0,1,False,0.41607919335365295,0.5839207768440247
/content/Dataset/Test/Fake/fake_1334.jpg,0,0,True,0.9992333650588989,0.0007666533347219229
/content/Dataset/Test/Fake/fake_1335.jpg,0,0,True,0.9999887943267822,1.1228232324356213e-05
/content/Dataset/Test/Fake/fake_1336.jpg,0,0,True,0.9964391589164734,0.00356078939512372
/content/Dataset/Test/Fake/fake_1337.jpg,0,0,True,0.999980092048645,1.9913801224902272e-05
/content/Dataset/Test/Fake/fake_1338.jpg,0,0,True,0.999622106552124,0.00037790281930938363
/content/Dataset/Test/Fake/fake_1339.jpg,0,0,True,0.9999973773956299,2.6301254365534987e-06
/content/Dataset/Test/Fake/fake_134.jpg,0,0,True,0.993259072303772,0.006740923970937729
/content/Dataset/Test/Fake/fake_1340.jpg,0,0,True,0.9997197985649109,0.00028013403061777353
/content/Dataset/Test/Fake/fake_1341.jpg,0,0,True,0.9999865293502808,1.3487346222973429e-05
/content/Dataset/Test/Fake/fake_1342.jpg,0,0,True,0.9821715354919434,0.017828453332185745
/content/Dataset/Test/Fake/fake_1343.jpg,0,0,True,0.9997935891151428,0.00020643822790589184
/content/Dataset/Test/Fake/fake_1344.jpg,0,0,True,0.9965662360191345,0.0034337425604462624
/content/Dataset/Test/Fake/fake_1345.jpg,0,0,True,0.9975141286849976,0.0024858557153493166
/content/Dataset/Test/Fake/fake_1346.jpg,0,0,True,0.9998750686645508,0.00012492442328948528
/content/Dataset/Test/Fake/fake_1347.jpg,0,0,True,0.999727189540863,0.0002727749524638057
/content/Dataset/Test/Fake/fake_1348.jpg,0,0,True,0.9999990463256836,8.942798785938066e-07
/content/Dataset/Test/Fake/fake_1349.jpg,0,0,True,0.9998811483383179,0.0001187822999781929
/content/Dataset/Test/Fake/fake_135.jpg,0,0,True,0.9996867179870605,0.00031324473093263805
/content/Dataset/Test/Fake/fake_1350.jpg,0,0,True,0.9871628880500793,0.01283708494156599
/content/Dataset/Test/Fake/fake_1351.jpg,0,0,True,0.9999973773956299,2.62036132880894e-06
/content/Dataset/Test/Fake/fake_1352.jpg,0,0,True,0.9998778104782104,0.00012213707668706775
/content/Dataset/Test/Fake/fake_1353.jpg,0,0,True,0.9677043557167053,0.032295625656843185
/content/Dataset/Test/Fake/fake_1354.jpg,0,0,True,0.9999676942825317,3.2356882002204657e-05
/content/Dataset/Test/Fake/fake_1355.jpg,0,0,True,0.9990692734718323,0.0009307434665970504
/content/Dataset/Test/Fake/fake_1356.jpg,0,0,True,0.9436502456665039,0.05634979531168938
/content/Dataset/Test/Fake/fake_1357.jpg,0,0,True,0.9999250173568726,7.503175584133714e-05
/content/Dataset/Test/Fake/fake_1358.jpg,0,0,True,0.9999446868896484,5.530229100259021e-05
/content/Dataset/Test/Fake/fake_1359.jpg,0,0,True,0.9999973773956299,2.5941442345356336e-06
/content/Dataset/Test/Fake/fake_136.jpg,0,0,True,0.9997897744178772,0.0002102363941958174
/content/Dataset/Test/Fake/fake_1360.jpg,0,0,True,0.999998927116394,1.0804070598169346e-06
/content/Dataset/Test/Fake/fake_1361.jpg,0,0,True,0.999971866607666,2.8082222343073227e-05
/content/Dataset/Test/Fake/fake_1362.jpg,0,0,True,0.9998601675033569,0.00013975701585877687
/content/Dataset/Test/Fake/fake_1363.jpg,0,0,True,0.9999659061431885,3.406621181056835e-05
/content/Dataset/Test/Fake/fake_1364.jpg,0,0,True,0.999977707862854,2.2300262571661733e-05
/content/Dataset/Test/Fake/fake_1365.jpg,0,0,True,0.9998403787612915,0.0001595832291059196
/content/Dataset/Test/Fake/fake_1366.jpg,0,0,True,0.9999979734420776,2.0699797005363507e-06
/content/Dataset/Test/Fake/fake_1367.jpg,0,0,True,0.9957879185676575,0.00421209866181016
/content/Dataset/Test/Fake/fake_1368.jpg,0,0,True,0.9998700618743896,0.00012995510769542307
/content/Dataset/Test/Fake/fake_1369.jpg,0,0,True,0.9997867941856384,0.0002132538502337411
/content/Dataset/Test/Fake/fake_137.jpg,0,0,True,0.9872496724128723,0.012750385329127312
/content/Dataset/Test/Fake/fake_1370.jpg,0,0,True,0.9999414682388306,5.849546141689643e-05
/content/Dataset/Test/Fake/fake_1371.jpg,0,0,True,0.9983891248703003,0.001610855688340962
/content/Dataset/Test/Fake/fake_1372.jpg,0,0,True,0.9999754428863525,2.4547154680476524e-05
/content/Dataset/Test/Fake/fake_1373.jpg,0,0,True,0.9999790191650391,2.102552207361441e-05
/content/Dataset/Test/Fake/fake_1374.jpg,0,0,True,0.9999986886978149,1.3288672562339343e-06
/content/Dataset/Test/Fake/fake_1375.jpg,0,0,True,0.9999994039535522,6.230305871213204e-07
/content/Dataset/Test/Fake/fake_1376.jpg,0,0,True,0.9999923706054688,7.6053888733440544e-06
/content/Dataset/Test/Fake/fake_1377.jpg,0,0,True,0.9976844787597656,0.0023154939990490675
/content/Dataset/Test/Fake/fake_1378.jpg,0,0,True,0.9998051524162292,0.0001948653516592458
/content/Dataset/Test/Fake/fake_1379.jpg,0,0,True,0.9850831031799316,0.014916912652552128
/content/Dataset/Test/Fake/fake_138.jpg,0,0,True,0.999998927116394,1.1319145869492786e-06
/content/Dataset/Test/Fake/fake_1380.jpg,0,0,True,0.9999463558197021,5.360862996894866e-05
/content/Dataset/Test/Fake/fake_1381.jpg,0,0,True,0.9999804496765137,1.957454878720455e-05
/content/Dataset/Test/Fake/fake_1382.jpg,0,0,True,0.9999929666519165,7.065815225359984e-06
/content/Dataset/Test/Fake/fake_1383.jpg,0,0,True,0.9999899864196777,9.977764420909807e-06
/content/Dataset/Test/Fake/fake_1384.jpg,0,0,True,0.999983549118042,1.6469770343974233e-05
/content/Dataset/Test/Fake/fake_1385.jpg,0,0,True,0.999996542930603,3.428953732509399e-06
/content/Dataset/Test/Fake/fake_1386.jpg,0,0,True,0.9999929666519165,7.035207090666518e-06
/content/Dataset/Test/Fake/fake_1387.jpg,0,0,True,0.9999971389770508,2.8514878067653626e-06
/content/Dataset/Test/Fake/fake_1388.jpg,0,0,True,0.9999977350234985,2.291880946359015e-06
/content/Dataset/Test/Fake/fake_1389.jpg,0,0,True,0.9999524354934692,4.754697147291154e-05
/content/Dataset/Test/Fake/fake_139.jpg,0,0,True,0.999954342842102,4.567326686810702e-05
/content/Dataset/Test/Fake/fake_1390.jpg,0,0,True,0.9999949932098389,5.031482487538597e-06
/content/Dataset/Test/Fake/fake_1391.jpg,0,0,True,0.9999899864196777,1.0054170161311049e-05
/content/Dataset/Test/Fake/fake_1392.jpg,0,0,True,0.9999247789382935,7.522474334109575e-05
/content/Dataset/Test/Fake/fake_1393.jpg,0,0,True,0.999835729598999,0.00016427834634669125
/content/Dataset/Test/Fake/fake_1394.jpg,0,0,True,0.9999821186065674,1.784507003321778e-05
/content/Dataset/Test/Fake/fake_1395.jpg,0,0,True,0.9999825954437256,1.7361187929054722e-05
/content/Dataset/Test/Fake/fake_1396.jpg,0,0,True,0.9999951124191284,4.9403661250835285e-06
/content/Dataset/Test/Fake/fake_1397.jpg,0,0,True,0.9997792840003967,0.00022070879640523344
/content/Dataset/Test/Fake/fake_1398.jpg,0,0,True,0.9987672567367554,0.0012327913427725434
/content/Dataset/Test/Fake/fake_1399.jpg,0,0,True,0.9998113512992859,0.00018864648882299662
/content/Dataset/Test/Fake/fake_14.jpg,0,0,True,0.9999890327453613,1.1016691132681444e-05
/content/Dataset/Test/Fake/fake_140.jpg,0,0,True,0.9999493360519409,5.0692651711869985e-05
/content/Dataset/Test/Fake/fake_1400.jpg,0,0,True,0.9999722242355347,2.7733871320378967e-05
/content/Dataset/Test/Fake/fake_1401.jpg,0,0,True,0.9999620914459229,3.790912887779996e-05
/content/Dataset/Test/Fake/fake_1402.jpg,0,0,True,0.9998610019683838,0.00013897511234972626
/content/Dataset/Test/Fake/fake_1403.jpg,0,0,True,0.9992389678955078,0.000760995433665812
/content/Dataset/Test/Fake/fake_1404.jpg,0,0,True,0.9999123811721802,8.755642193136737e-05
/content/Dataset/Test/Fake/fake_1405.jpg,0,0,True,0.9999897480010986,1.0284471500199288e-05
/content/Dataset/Test/Fake/fake_1406.jpg,0,0,True,0.9999926090240479,7.402577466564253e-06
/content/Dataset/Test/Fake/fake_1407.jpg,0,0,True,0.9999957084655762,4.235481355863158e-06
/content/Dataset/Test/Fake/fake_1408.jpg,0,0,True,0.8677139282226562,0.13228605687618256
/content/Dataset/Test/Fake/fake_1409.jpg,0,0,True,0.9998403787612915,0.00015957621508277953
/content/Dataset/Test/Fake/fake_141.jpg,0,0,True,0.9999992847442627,6.696532750538609e-07
/content/Dataset/Test/Fake/fake_1410.jpg,0,0,True,0.9999737739562988,2.6242045350954868e-05
/content/Dataset/Test/Fake/fake_1411.jpg,0,0,True,0.9995453953742981,0.00045457822852768004
/content/Dataset/Test/Fake/fake_1412.jpg,0,0,True,0.9999991655349731,8.343973263436055e-07
/content/Dataset/Test/Fake/fake_1413.jpg,0,0,True,0.9997416138648987,0.000258327869232744
/content/Dataset/Test/Fake/fake_1414.jpg,0,0,True,0.9997897744178772,0.00021025323076173663
/content/Dataset/Test/Fake/fake_1415.jpg,0,0,True,0.9998856782913208,0.00011431930761318654
/content/Dataset/Test/Fake/fake_1416.jpg,0,0,True,0.9973577857017517,0.002642205683514476
/content/Dataset/Test/Fake/fake_1417.jpg,0,0,True,0.9999974966049194,2.5328961328341393e-06
/content/Dataset/Test/Fake/fake_1418.jpg,0,0,True,0.9999337196350098,6.63241880829446e-05
/content/Dataset/Test/Fake/fake_1419.jpg,0,0,True,0.9998606443405151,0.0001392851263517514
/content/Dataset/Test/Fake/fake_142.jpg,0,0,True,0.9219326376914978,0.07806738466024399
/content/Dataset/Test/Fake/fake_1420.jpg,0,0,True,0.9999990463256836,9.089364425562962e-07
/content/Dataset/Test/Fake/fake_1421.jpg,0,0,True,0.9999978542327881,2.133718908226001e-06
/content/Dataset/Test/Fake/fake_1422.jpg,0,0,True,0.9997684359550476,0.00023160250566434115
/content/Dataset/Test/Fake/fake_1423.jpg,0,0,True,0.9999995231628418,5.062146897216735e-07
/content/Dataset/Test/Fake/fake_1424.jpg,0,0,True,0.9996235370635986,0.000376486947061494
/content/Dataset/Test/Fake/fake_1425.jpg,0,0,True,0.9996572732925415,0.0003427868941798806
/content/Dataset/Test/Fake/fake_1426.jpg,0,0,True,0.9972085356712341,0.002791465725749731
/content/Dataset/Test/Fake/fake_1427.jpg,0,0,True,0.9999940395355225,5.93453660258092e-06
/content/Dataset/Test/Fake/fake_1428.jpg,0,0,True,0.9978838562965393,0.002116139279678464
/content/Dataset/Test/Fake/fake_1429.jpg,0,0,True,0.9995933175086975,0.00040672020986676216
/content/Dataset/Test/Fake/fake_143.jpg,0,0,True,0.9999955892562866,4.447898845683085e-06
/content/Dataset/Test/Fake/fake_1430.jpg,0,0,True,0.999996542930603,3.4413960747770034e-06
/content/Dataset/Test/Fake/fake_1431.jpg,0,0,True,0.9999984502792358,1.5827031347726006e-06
/content/Dataset/Test/Fake/fake_1432.jpg,0,0,True,0.9999910593032837,8.950786650530063e-06
/content/Dataset/Test/Fake/fake_1433.jpg,0,0,True,0.9999325275421143,6.750509783159941e-05
/content/Dataset/Test/Fake/fake_1434.jpg,0,0,True,0.9999250173568726,7.503253436880186e-05
/content/Dataset/Test/Fake/fake_1435.jpg,0,0,True,0.9999980926513672,1.9400001747271745e-06
/content/Dataset/Test/Fake/fake_1436.jpg,0,0,True,0.9999984502792358,1.5200573670881568e-06
/content/Dataset/Test/Fake/fake_1437.jpg,0,0,True,0.8581441640853882,0.14185583591461182
/content/Dataset/Test/Fake/fake_1438.jpg,0,0,True,0.9086905121803284,0.09130953997373581
/content/Dataset/Test/Fake/fake_1439.jpg,0,0,True,0.9989668130874634,0.0010331380181014538
/content/Dataset/Test/Fake/fake_144.jpg,0,0,True,0.9999587535858154,4.128379441681318e-05
/content/Dataset/Test/Fake/fake_1440.jpg,0,0,True,0.9996662139892578,0.00033384611015208066
/content/Dataset/Test/Fake/fake_1441.jpg,0,0,True,0.999954342842102,4.563025140669197e-05
/content/Dataset/Test/Fake/fake_1442.jpg,0,0,True,0.9999994039535522,5.56953409613925e-07
/content/Dataset/Test/Fake/fake_1443.jpg,0,0,True,0.9946708083152771,0.0053292447701096535
/content/Dataset/Test/Fake/fake_1444.jpg,0,0,True,0.9999986886978149,1.351501964563795e-06
/content/Dataset/Test/Fake/fake_1445.jpg,0,1,False,0.0005853999173268676,0.9994145631790161
/content/Dataset/Test/Fake/fake_1446.jpg,0,0,True,0.9999231100082397,7.68743921071291e-05
/content/Dataset/Test/Fake/fake_1447.jpg,0,0,True,0.9216131567955017,0.07838677614927292
/content/Dataset/Test/Fake/fake_1448.jpg,0,0,True,0.9999839067459106,1.612908636161592e-05
/content/Dataset/Test/Fake/fake_1449.jpg,0,0,True,0.9999890327453613,1.0981478226312902e-05
/content/Dataset/Test/Fake/fake_145.jpg,0,0,True,0.9999204874038696,7.947086851345375e-05
/content/Dataset/Test/Fake/fake_1450.jpg,0,0,True,0.9999990463256836,9.146676802629372e-07
/content/Dataset/Test/Fake/fake_1451.jpg,0,0,True,0.9999992847442627,7.255948162310233e-07
/content/Dataset/Test/Fake/fake_1452.jpg,0,0,True,0.9999979734420776,2.0402871996338945e-06
/content/Dataset/Test/Fake/fake_1453.jpg,0,0,True,0.9997624754905701,0.00023751861590426415
/content/Dataset/Test/Fake/fake_1454.jpg,0,0,True,0.9956497550010681,0.004350277129560709
/content/Dataset/Test/Fake/fake_1455.jpg,0,0,True,0.9999157190322876,8.433080074610189e-05
/content/Dataset/Test/Fake/fake_1456.jpg,0,0,True,0.9999635219573975,3.650370126706548e-05
/content/Dataset/Test/Fake/fake_1457.jpg,0,0,True,0.9998117089271545,0.00018826319137588143
/content/Dataset/Test/Fake/fake_1458.jpg,0,0,True,0.9920145273208618,0.00798542145639658
/content/Dataset/Test/Fake/fake_1459.jpg,0,0,True,0.9999994039535522,6.251017339309328e-07
/content/Dataset/Test/Fake/fake_146.jpg,0,0,True,0.99996018409729,3.980244946433231e-05
/content/Dataset/Test/Fake/fake_1460.jpg,0,0,True,0.9998511075973511,0.0001488498382968828
/content/Dataset/Test/Fake/fake_1461.jpg,0,0,True,0.999281108379364,0.0007188513409346342
/content/Dataset/Test/Fake/fake_1462.jpg,0,0,True,0.9997406601905823,0.00025931125856004655
/content/Dataset/Test/Fake/fake_1463.jpg,0,0,True,0.9999082088470459,9.177895117318258e-05
/content/Dataset/Test/Fake/fake_1464.jpg,0,0,True,0.9999847412109375,1.5289349903468974e-05
/content/Dataset/Test/Fake/fake_1465.jpg,0,0,True,0.9999979734420776,2.066455181193305e-06
/content/Dataset/Test/Fake/fake_1466.jpg,0,0,True,0.9999979734420776,1.968572405530722e-06
/content/Dataset/Test/Fake/fake_1467.jpg,0,0,True,0.999969482421875,3.0488212360069156e-05
/content/Dataset/Test/Fake/fake_1468.jpg,0,0,True,0.9999902248382568,9.722449249238707e-06
/content/Dataset/Test/Fake/fake_1469.jpg,0,0,True,0.9633864760398865,0.03661351650953293
/content/Dataset/Test/Fake/fake_147.jpg,0,0,True,0.9782387018203735,0.021761314943432808
/content/Dataset/Test/Fake/fake_1470.jpg,0,0,True,0.9998698234558105,0.00013016010052524507
/content/Dataset/Test/Fake/fake_1471.jpg,0,0,True,0.9999738931655884,2.6074234483530745e-05
/content/Dataset/Test/Fake/fake_1472.jpg,0,0,True,0.9999834299087524,1.6568261344218627e-05
/content/Dataset/Test/Fake/fake_1473.jpg,0,0,True,0.9960736036300659,0.003926417324692011
/content/Dataset/Test/Fake/fake_1474.jpg,0,0,True,0.9999796152114868,2.034555836871732e-05
/content/Dataset/Test/Fake/fake_1475.jpg,0,0,True,0.9974126219749451,0.002587371040135622
/content/Dataset/Test/Fake/fake_1476.jpg,0,0,True,0.9997714161872864,0.0002285923110321164
/content/Dataset/Test/Fake/fake_1477.jpg,0,0,True,0.9999960660934448,3.979555003752466e-06
/content/Dataset/Test/Fake/fake_1478.jpg,0,0,True,0.9999918937683105,8.122928193188272e-06
/content/Dataset/Test/Fake/fake_1479.jpg,0,0,True,0.9964402318000793,0.003559783333912492
/content/Dataset/Test/Fake/fake_148.jpg,0,0,True,0.9999812841415405,1.8747474314295687e-05
/content/Dataset/Test/Fake/fake_1480.jpg,0,0,True,0.9996070265769958,0.00039299519266933203
/content/Dataset/Test/Fake/fake_1481.jpg,0,0,True,0.9999758005142212,2.4152677724487148e-05
/content/Dataset/Test/Fake/fake_1482.jpg,0,0,True,0.9999995231628418,5.035347498960618e-07
/content/Dataset/Test/Fake/fake_1483.jpg,0,0,True,0.9988288283348083,0.0011711249826475978
/content/Dataset/Test/Fake/fake_1484.jpg,0,0,True,0.9999951124191284,4.847010586672695e-06
/content/Dataset/Test/Fake/fake_1485.jpg,0,0,True,0.9968991279602051,0.0031008566729724407
/content/Dataset/Test/Fake/fake_1486.jpg,0,0,True,0.9987959861755371,0.0012040192959830165
/content/Dataset/Test/Fake/fake_1487.jpg,0,0,True,0.9998795986175537,0.00012043044989695773
/content/Dataset/Test/Fake/fake_1488.jpg,0,0,True,0.9999707937240601,2.9203170925029553e-05
/content/Dataset/Test/Fake/fake_1489.jpg,0,0,True,0.9999980926513672,1.9172850898030447e-06
/content/Dataset/Test/Fake/fake_149.jpg,0,0,True,0.9999890327453613,1.0934649253613316e-05
/content/Dataset/Test/Fake/fake_1490.jpg,0,0,True,0.999735414981842,0.00026462183450348675
/content/Dataset/Test/Fake/fake_1491.jpg,0,0,True,0.9999923706054688,7.63244679546915e-06
/content/Dataset/Test/Fake/fake_1492.jpg,0,0,True,0.999984860420227,1.5134472050704062e-05
/content/Dataset/Test/Fake/fake_1493.jpg,0,0,True,0.9988552331924438,0.0011447491124272346
/content/Dataset/Test/Fake/fake_1494.jpg,0,0,True,0.9999979734420776,2.006411705224309e-06
/content/Dataset/Test/Fake/fake_1495.jpg,0,0,True,0.9984490871429443,0.001550912857055664
/content/Dataset/Test/Fake/fake_1496.jpg,0,0,True,0.9912185072898865,0.008781532756984234
/content/Dataset/Test/Fake/fake_1497.jpg,0,0,True,0.999998927116394,1.0648515171851614e-06
/content/Dataset/Test/Fake/fake_1498.jpg,0,1,False,0.0767451822757721,0.9232547879219055
/content/Dataset/Test/Fake/fake_1499.jpg,0,0,True,0.9999724626541138,2.755513196461834e-05
/content/Dataset/Test/Fake/fake_15.jpg,0,0,True,0.9999790191650391,2.0988900359952822e-05
/content/Dataset/Test/Fake/fake_150.jpg,0,0,True,0.9999992847442627,6.604039413105056e-07
/content/Dataset/Test/Fake/fake_1500.jpg,0,0,True,0.9975969195365906,0.0024030436761677265
/content/Dataset/Test/Fake/fake_1501.jpg,0,0,True,0.9999960660934448,3.9296037357416935e-06
/content/Dataset/Test/Fake/fake_1502.jpg,0,0,True,0.9998695850372314,0.00013043504441156983
/content/Dataset/Test/Fake/fake_1503.jpg,0,0,True,0.9999743700027466,2.559688437031582e-05
/content/Dataset/Test/Fake/fake_1504.jpg,0,0,True,0.9999971389770508,2.9152083698136266e-06
/content/Dataset/Test/Fake/fake_1505.jpg,0,0,True,0.997775137424469,0.00222490425221622
/content/Dataset/Test/Fake/fake_1506.jpg,0,0,True,0.9994014501571655,0.0005984947783872485
/content/Dataset/Test/Fake/fake_1507.jpg,0,0,True,0.9036638140678406,0.09633620828390121
/content/Dataset/Test/Fake/fake_1508.jpg,0,0,True,0.9999959468841553,4.092899871466216e-06
/content/Dataset/Test/Fake/fake_1509.jpg,0,0,True,0.9998328685760498,0.00016715918900445104
/content/Dataset/Test/Fake/fake_151.jpg,0,0,True,0.9455848932266235,0.05441506579518318
/content/Dataset/Test/Fake/fake_1510.jpg,0,0,True,0.9999908208847046,9.12880295800278e-06
/content/Dataset/Test/Fake/fake_1511.jpg,0,0,True,0.9999980926513672,1.9030578641832108e-06
/content/Dataset/Test/Fake/fake_1512.jpg,0,0,True,0.999962568283081,3.747914161067456e-05
/content/Dataset/Test/Fake/fake_1513.jpg,0,0,True,0.9999979734420776,2.028827793765231e-06
/content/Dataset/Test/Fake/fake_1514.jpg,0,0,True,0.9999886751174927,1.1336515854054596e-05
/content/Dataset/Test/Fake/fake_1515.jpg,0,0,True,0.9999854564666748,1.457330108678434e-05
/content/Dataset/Test/Fake/fake_1516.jpg,0,0,True,0.9999914169311523,8.59533975017257e-06
/content/Dataset/Test/Fake/fake_1517.jpg,0,0,True,0.9877749681472778,0.012225039303302765
/content/Dataset/Test/Fake/fake_1518.jpg,0,0,True,0.9999984502792358,1.499316795161576e-06
/content/Dataset/Test/Fake/fake_1519.jpg,0,0,True,0.9999219179153442,7.808944064890966e-05
/content/Dataset/Test/Fake/fake_152.jpg,0,0,True,0.9990293979644775,0.000970591267105192
/content/Dataset/Test/Fake/fake_1520.jpg,0,0,True,0.999997615814209,2.3337477159657283e-06
/content/Dataset/Test/Fake/fake_1521.jpg,0,0,True,0.9999728202819824,2.7207295715925284e-05
/content/Dataset/Test/Fake/fake_1522.jpg,0,0,True,0.9999955892562866,4.4378989514370915e-06
/content/Dataset/Test/Fake/fake_1523.jpg,0,0,True,0.9999823570251465,1.7629874491831288e-05
/content/Dataset/Test/Fake/fake_1524.jpg,0,0,True,0.9999555349349976,4.448995605343953e-05
/content/Dataset/Test/Fake/fake_1525.jpg,0,0,True,0.999996542930603,3.4116560527763795e-06
/content/Dataset/Test/Fake/fake_1526.jpg,0,0,True,0.9999544620513916,4.549581717583351e-05
/content/Dataset/Test/Fake/fake_1527.jpg,0,0,True,0.9999892711639404,1.0745780855359044e-05
/content/Dataset/Test/Fake/fake_1528.jpg,0,0,True,0.9966685175895691,0.0033314877655357122
/content/Dataset/Test/Fake/fake_1529.jpg,0,0,True,0.998941957950592,0.0010580845410004258
/content/Dataset/Test/Fake/fake_153.jpg,0,0,True,0.99998939037323,1.0580435628071427e-05
/content/Dataset/Test/Fake/fake_1530.jpg,0,0,True,0.9998589754104614,0.0001409893884556368
/content/Dataset/Test/Fake/fake_1531.jpg,0,0,True,0.9999902248382568,9.766460607352201e-06
/content/Dataset/Test/Fake/fake_1532.jpg,0,0,True,0.9999951124191284,4.909920335194329e-06
/content/Dataset/Test/Fake/fake_1533.jpg,0,0,True,0.9999463558197021,5.358276393963024e-05
/content/Dataset/Test/Fake/fake_1534.jpg,0,0,True,0.9999945163726807,5.431099907582393e-06
/content/Dataset/Test/Fake/fake_1535.jpg,0,0,True,0.9996753931045532,0.0003246703709010035
/content/Dataset/Test/Fake/fake_1536.jpg,0,0,True,0.9999986886978149,1.2570118315125e-06
/content/Dataset/Test/Fake/fake_1537.jpg,0,0,True,0.9999804496765137,1.9534303646651097e-05
/content/Dataset/Test/Fake/fake_1538.jpg,0,0,True,0.9999780654907227,2.1893820303375833e-05
/content/Dataset/Test/Fake/fake_1539.jpg,0,0,True,0.9998584985733032,0.00014152616495266557
/content/Dataset/Test/Fake/fake_154.jpg,0,1,False,0.4094280004501343,0.590571939945221
/content/Dataset/Test/Fake/fake_1540.jpg,0,0,True,0.9999990463256836,9.219250500791532e-07
/content/Dataset/Test/Fake/fake_1541.jpg,0,0,True,0.9999946355819702,5.389996204030467e-06
/content/Dataset/Test/Fake/fake_1542.jpg,0,0,True,0.9999978542327881,2.1132652818778297e-06
/content/Dataset/Test/Fake/fake_1543.jpg,0,0,True,0.9999955892562866,4.439948497747537e-06
/content/Dataset/Test/Fake/fake_1544.jpg,0,0,True,0.9999430179595947,5.6992201280081645e-05
/content/Dataset/Test/Fake/fake_1545.jpg,0,0,True,0.9999667406082153,3.324794306536205e-05
/content/Dataset/Test/Fake/fake_1546.jpg,0,0,True,0.9471035599708557,0.05289638414978981
/content/Dataset/Test/Fake/fake_1547.jpg,0,0,True,0.9999051094055176,9.485183545621112e-05
/content/Dataset/Test/Fake/fake_1548.jpg,0,0,True,0.9999983310699463,1.6781173144408967e-06
/content/Dataset/Test/Fake/fake_1549.jpg,0,0,True,0.9998076558113098,0.00019232429622206837
/content/Dataset/Test/Fake/fake_155.jpg,0,0,True,0.9990856647491455,0.0009143667411990464
/content/Dataset/Test/Fake/fake_1550.jpg,0,0,True,0.9834554195404053,0.016544578596949577
/content/Dataset/Test/Fake/fake_1551.jpg,0,1,False,0.1190548911690712,0.8809451460838318
/content/Dataset/Test/Fake/fake_1552.jpg,0,0,True,0.9999613761901855,3.862550875055604e-05
/content/Dataset/Test/Fake/fake_1553.jpg,0,0,True,0.9999903440475464,9.636563845560886e-06
/content/Dataset/Test/Fake/fake_1554.jpg,0,0,True,0.9999971389770508,2.9127018024155404e-06
/content/Dataset/Test/Fake/fake_1555.jpg,0,0,True,0.9999747276306152,2.5224457203876227e-05
/content/Dataset/Test/Fake/fake_1556.jpg,0,0,True,0.9874483942985535,0.012551632709801197
/content/Dataset/Test/Fake/fake_1557.jpg,0,0,True,0.9998273253440857,0.00017273158300668
/content/Dataset/Test/Fake/fake_1558.jpg,0,0,True,0.9999814033508301,1.8632210412761196e-05
/content/Dataset/Test/Fake/fake_1559.jpg,0,0,True,0.9999953508377075,4.6517466216755565e-06
/content/Dataset/Test/Fake/fake_156.jpg,0,0,True,0.9999977350234985,2.305052476003766e-06
/content/Dataset/Test/Fake/fake_1560.jpg,0,0,True,0.5575261116027832,0.4424738883972168
/content/Dataset/Test/Fake/fake_1561.jpg,0,1,False,0.3962063789367676,0.6037936210632324
/content/Dataset/Test/Fake/fake_1562.jpg,0,0,True,0.9994425177574158,0.0005574971437454224
/content/Dataset/Test/Fake/fake_1563.jpg,0,0,True,0.9647347331047058,0.03526528179645538
/content/Dataset/Test/Fake/fake_1564.jpg,0,0,True,0.9955695271492004,0.004430478438735008
/content/Dataset/Test/Fake/fake_1565.jpg,0,0,True,0.9999994039535522,6.304775297394372e-07
/content/Dataset/Test/Fake/fake_1566.jpg,0,0,True,0.9262087941169739,0.07379128038883209
/content/Dataset/Test/Fake/fake_1567.jpg,0,0,True,0.999998927116394,1.0968258266075281e-06
/content/Dataset/Test/Fake/fake_1568.jpg,0,0,True,0.9998080134391785,0.00019203516421839595
/content/Dataset/Test/Fake/fake_1569.jpg,0,0,True,0.99394690990448,0.0060530477203428745
/content/Dataset/Test/Fake/fake_157.jpg,0,0,True,0.9990925788879395,0.0009074892732314765
/content/Dataset/Test/Fake/fake_1570.jpg,0,0,True,0.9999685287475586,3.1420633604284376e-05
/content/Dataset/Test/Fake/fake_1571.jpg,0,0,True,0.9947622418403625,0.005237743258476257
/content/Dataset/Test/Fake/fake_1572.jpg,0,0,True,0.9999929666519165,7.007799922575941e-06
/content/Dataset/Test/Fake/fake_1573.jpg,0,0,True,0.9874756932258606,0.012524317018687725
/content/Dataset/Test/Fake/fake_1574.jpg,0,0,True,0.9999749660491943,2.503231735317968e-05
/content/Dataset/Test/Fake/fake_1575.jpg,0,0,True,0.9999971389770508,2.8782408207916887e-06
/content/Dataset/Test/Fake/fake_1576.jpg,0,0,True,0.9999954700469971,4.579104370350251e-06
/content/Dataset/Test/Fake/fake_1577.jpg,0,0,True,0.9995170831680298,0.00048296275781467557
/content/Dataset/Test/Fake/fake_1578.jpg,0,0,True,0.9997543692588806,0.00024562625912949443
/content/Dataset/Test/Fake/fake_1579.jpg,0,0,True,0.9999939203262329,6.026175014994806e-06
/content/Dataset/Test/Fake/fake_158.jpg,0,0,True,0.9998416900634766,0.00015833956422284245
/content/Dataset/Test/Fake/fake_1580.jpg,0,0,True,0.9999990463256836,9.39445101266756e-07
/content/Dataset/Test/Fake/fake_1581.jpg,0,0,True,0.9998021721839905,0.00019783133757300675
/content/Dataset/Test/Fake/fake_1582.jpg,0,0,True,0.9999395608901978,6.0479236708488315e-05
/content/Dataset/Test/Fake/fake_1583.jpg,0,0,True,0.9999984502792358,1.4902786915627075e-06
/content/Dataset/Test/Fake/fake_1584.jpg,0,0,True,0.9986492991447449,0.0013507799012586474
/content/Dataset/Test/Fake/fake_1585.jpg,0,0,True,0.9990072846412659,0.0009927527280524373
/content/Dataset/Test/Fake/fake_1586.jpg,0,0,True,0.9999699592590332,3.000061224156525e-05
/content/Dataset/Test/Fake/fake_1587.jpg,0,0,True,0.9922814965248108,0.00771848950535059
/content/Dataset/Test/Fake/fake_1588.jpg,0,0,True,0.999930739402771,6.92364847054705e-05
/content/Dataset/Test/Fake/fake_1589.jpg,0,0,True,0.8403499126434326,0.15965013206005096
/content/Dataset/Test/Fake/fake_159.jpg,0,0,True,0.7393279075622559,0.2606721520423889
/content/Dataset/Test/Fake/fake_1590.jpg,0,0,True,0.9998501539230347,0.0001498375495430082
/content/Dataset/Test/Fake/fake_1591.jpg,0,0,True,0.9999924898147583,7.466600891348207e-06
/content/Dataset/Test/Fake/fake_1592.jpg,0,0,True,0.9999735355377197,2.642436265887227e-05
/content/Dataset/Test/Fake/fake_1593.jpg,0,0,True,0.999947190284729,5.2836570830550045e-05
/content/Dataset/Test/Fake/fake_1594.jpg,0,0,True,0.9999352693557739,6.47427950752899e-05
/content/Dataset/Test/Fake/fake_1595.jpg,0,0,True,0.9999815225601196,1.8430882846587338e-05
/content/Dataset/Test/Fake/fake_1596.jpg,0,0,True,0.9999716281890869,2.8425734853954054e-05
/content/Dataset/Test/Fake/fake_1597.jpg,0,0,True,0.999982476234436,1.748677641444374e-05
/content/Dataset/Test/Fake/fake_1598.jpg,0,0,True,0.99997878074646,2.1188967366470024e-05
/content/Dataset/Test/Fake/fake_1599.jpg,0,0,True,0.999987006187439,1.2979631719645113e-05
/content/Dataset/Test/Fake/fake_16.jpg,0,0,True,0.9999916553497314,8.301451089209877e-06
/content/Dataset/Test/Fake/fake_160.jpg,0,0,True,0.9996919631958008,0.0003080630558542907
/content/Dataset/Test/Fake/fake_1600.jpg,0,0,True,0.9999908208847046,9.164777111436706e-06
/content/Dataset/Test/Fake/fake_1601.jpg,0,0,True,0.999953031539917,4.701377474702895e-05
/content/Dataset/Test/Fake/fake_1602.jpg,0,0,True,0.7878826856613159,0.21211735904216766
/content/Dataset/Test/Fake/fake_1603.jpg,0,0,True,0.9872671961784363,0.012732835486531258
/content/Dataset/Test/Fake/fake_1604.jpg,0,0,True,0.9999816417694092,1.8332890249439515e-05
/content/Dataset/Test/Fake/fake_1605.jpg,0,0,True,0.9999796152114868,2.0443858375074342e-05
/content/Dataset/Test/Fake/fake_1606.jpg,0,0,True,0.9999222755432129,7.775846461299807e-05
/content/Dataset/Test/Fake/fake_1607.jpg,0,0,True,0.9999796152114868,2.042370761046186e-05
/content/Dataset/Test/Fake/fake_1608.jpg,0,0,True,0.9999744892120361,2.5516239475109614e-05
/content/Dataset/Test/Fake/fake_1609.jpg,0,0,True,0.9999566078186035,4.340886152931489e-05
/content/Dataset/Test/Fake/fake_161.jpg,0,0,True,0.9878063797950745,0.012193546630442142
/content/Dataset/Test/Fake/fake_1610.jpg,0,0,True,0.9976838827133179,0.0023161396384239197
/content/Dataset/Test/Fake/fake_1611.jpg,0,0,True,0.8435149788856506,0.15648505091667175
/content/Dataset/Test/Fake/fake_1612.jpg,0,1,False,0.3257647156715393,0.6742353439331055
/content/Dataset/Test/Fake/fake_1613.jpg,0,0,True,0.9999829530715942,1.7103513528127223e-05
/content/Dataset/Test/Fake/fake_1614.jpg,0,0,True,0.9999983310699463,1.6293608950945782e-06
/content/Dataset/Test/Fake/fake_1615.jpg,0,0,True,0.9999990463256836,9.95226741906663e-07
/content/Dataset/Test/Fake/fake_1616.jpg,0,0,True,0.9999992847442627,6.605362159461947e-07
/content/Dataset/Test/Fake/fake_1617.jpg,0,0,True,0.9635098576545715,0.03649016097187996
/content/Dataset/Test/Fake/fake_1618.jpg,0,0,True,0.7020767331123352,0.2979232668876648
/content/Dataset/Test/Fake/fake_1619.jpg,0,0,True,0.9427058100700378,0.05729426071047783
/content/Dataset/Test/Fake/fake_162.jpg,0,0,True,0.9985935091972351,0.0014064352726563811
/content/Dataset/Test/Fake/fake_1620.jpg,0,0,True,0.9999979734420776,1.9713022538780933e-06
/content/Dataset/Test/Fake/fake_1621.jpg,0,0,True,0.9986457228660583,0.0013542764354497194
/content/Dataset/Test/Fake/fake_1622.jpg,0,0,True,0.9944191575050354,0.005580790340900421
/content/Dataset/Test/Fake/fake_1623.jpg,0,0,True,0.9745419025421143,0.025458140298724174
/content/Dataset/Test/Fake/fake_1624.jpg,0,0,True,0.9999876022338867,1.2351724762993399e-05
/content/Dataset/Test/Fake/fake_1625.jpg,0,0,True,0.999996542930603,3.444522008066997e-06
/content/Dataset/Test/Fake/fake_1626.jpg,0,0,True,0.9997640252113342,0.00023600233544129878
/content/Dataset/Test/Fake/fake_1627.jpg,0,0,True,0.999610960483551,0.00038902543019503355
/content/Dataset/Test/Fake/fake_1628.jpg,0,0,True,0.9999920129776001,7.946377991174813e-06
/content/Dataset/Test/Fake/fake_1629.jpg,0,0,True,0.9998488426208496,0.0001511328446213156
/content/Dataset/Test/Fake/fake_163.jpg,0,0,True,0.9928436875343323,0.007156318053603172
/content/Dataset/Test/Fake/fake_1630.jpg,0,0,True,0.9998143315315247,0.0001856690360000357
/content/Dataset/Test/Fake/fake_1631.jpg,0,0,True,0.9997959733009338,0.00020399296772666276
/content/Dataset/Test/Fake/fake_1632.jpg,0,0,True,0.9721869230270386,0.02781309373676777
/content/Dataset/Test/Fake/fake_1633.jpg,0,0,True,0.9999988079071045,1.152446657215478e-06
/content/Dataset/Test/Fake/fake_1634.jpg,0,0,True,0.9999935626983643,6.395481705112616e-06
/content/Dataset/Test/Fake/fake_1635.jpg,0,0,True,0.999981164932251,1.8873764929594472e-05
/content/Dataset/Test/Fake/fake_1636.jpg,0,0,True,0.9996967315673828,0.0003033546672668308
/content/Dataset/Test/Fake/fake_1637.jpg,0,0,True,0.8656489253044128,0.13435104489326477
/content/Dataset/Test/Fake/fake_1638.jpg,0,0,True,0.9998319149017334,0.0001680113491602242
/content/Dataset/Test/Fake/fake_1639.jpg,0,0,True,0.9999783039093018,2.1663117877324112e-05
/content/Dataset/Test/Fake/fake_164.jpg,0,0,True,0.9970589876174927,0.002940999809652567
/content/Dataset/Test/Fake/fake_1640.jpg,0,0,True,0.9999178647994995,8.215755224227905e-05
/content/Dataset/Test/Fake/fake_1641.jpg,0,0,True,0.9982454776763916,0.0017545492155477405
/content/Dataset/Test/Fake/fake_1642.jpg,0,0,True,0.9999819993972778,1.7960346667678095e-05
/content/Dataset/Test/Fake/fake_1643.jpg,0,0,True,0.9999991655349731,8.841749377097585e-07
/content/Dataset/Test/Fake/fake_1644.jpg,0,0,True,0.9999884366989136,1.1514587640704121e-05
/content/Dataset/Test/Fake/fake_1645.jpg,0,0,True,0.9983635544776917,0.0016365033807232976
/content/Dataset/Test/Fake/fake_1646.jpg,0,0,True,0.9994773268699646,0.000522721849847585
/content/Dataset/Test/Fake/fake_1647.jpg,0,0,True,0.8606919646263123,0.13930803537368774
/content/Dataset/Test/Fake/fake_1648.jpg,0,0,True,0.9991878867149353,0.0008121402352117002
/content/Dataset/Test/Fake/fake_1649.jpg,0,0,True,0.999646782875061,0.00035325568751432
/content/Dataset/Test/Fake/fake_165.jpg,0,0,True,0.9993770718574524,0.0006229592254385352
/content/Dataset/Test/Fake/fake_1650.jpg,0,0,True,0.9978109002113342,0.002189102116972208
/content/Dataset/Test/Fake/fake_1651.jpg,0,0,True,0.9997414946556091,0.00025850231759250164
/content/Dataset/Test/Fake/fake_1652.jpg,0,0,True,0.9999901056289673,9.903904356178828e-06
/content/Dataset/Test/Fake/fake_1653.jpg,0,0,True,0.9999994039535522,6.103395548961998e-07
/content/Dataset/Test/Fake/fake_1654.jpg,0,0,True,0.9999582767486572,4.175169306108728e-05
/content/Dataset/Test/Fake/fake_1655.jpg,0,0,True,0.9999803304672241,1.9686609448399395e-05
/content/Dataset/Test/Fake/fake_1656.jpg,0,0,True,0.9999943971633911,5.544062332774047e-06
/content/Dataset/Test/Fake/fake_1657.jpg,0,0,True,0.9832928776741028,0.016707148402929306
/content/Dataset/Test/Fake/fake_1658.jpg,0,0,True,0.9999995231628418,4.750632740524452e-07
/content/Dataset/Test/Fake/fake_1659.jpg,0,0,True,0.9999682903289795,3.166219903505407e-05
/content/Dataset/Test/Fake/fake_166.jpg,0,1,False,0.4330866038799286,0.5669134259223938
/content/Dataset/Test/Fake/fake_1660.jpg,0,0,True,0.9999619722366333,3.7996243918314576e-05
/content/Dataset/Test/Fake/fake_1661.jpg,0,0,True,0.9999949932098389,5.024865004088497e-06
/content/Dataset/Test/Fake/fake_1662.jpg,0,0,True,0.998516857624054,0.0014831185108050704
/content/Dataset/Test/Fake/fake_1663.jpg,0,0,True,0.9992916584014893,0.0007082782103680074
/content/Dataset/Test/Fake/fake_1664.jpg,0,0,True,0.9999450445175171,5.4971882491372526e-05
/content/Dataset/Test/Fake/fake_1665.jpg,0,0,True,0.9999877214431763,1.230131874763174e-05
/content/Dataset/Test/Fake/fake_1666.jpg,0,0,True,0.991792619228363,0.00820737611502409
/content/Dataset/Test/Fake/fake_1667.jpg,0,0,True,0.9772124886512756,0.022787559777498245
/content/Dataset/Test/Fake/fake_1668.jpg,0,0,True,0.9996693134307861,0.00033074093516916037
/content/Dataset/Test/Fake/fake_1669.jpg,0,0,True,0.9999810457229614,1.8933995306724682e-05
/content/Dataset/Test/Fake/fake_167.jpg,0,0,True,0.7713801264762878,0.2286197990179062
/content/Dataset/Test/Fake/fake_1670.jpg,0,0,True,0.9995743632316589,0.00042557690176181495
/content/Dataset/Test/Fake/fake_1671.jpg,0,0,True,0.9951969981193542,0.004803024232387543
/content/Dataset/Test/Fake/fake_1672.jpg,0,0,True,0.9999542236328125,4.581997563946061e-05
/content/Dataset/Test/Fake/fake_1673.jpg,0,0,True,0.9999964237213135,3.5982238841825165e-06
/content/Dataset/Test/Fake/fake_1674.jpg,0,0,True,0.9999972581863403,2.7088256047136383e-06
/content/Dataset/Test/Fake/fake_1675.jpg,0,0,True,0.9991369843482971,0.0008630147203803062
/content/Dataset/Test/Fake/fake_1676.jpg,0,0,True,0.9998620748519897,0.0001378569140797481
/content/Dataset/Test/Fake/fake_1677.jpg,0,0,True,0.9999672174453735,3.279014345025644e-05
/content/Dataset/Test/Fake/fake_1678.jpg,0,0,True,0.6541972756385803,0.34580278396606445
/content/Dataset/Test/Fake/fake_1679.jpg,0,0,True,0.9999867677688599,1.3191183825256303e-05
/content/Dataset/Test/Fake/fake_168.jpg,0,0,True,0.9972142577171326,0.002785820746794343
/content/Dataset/Test/Fake/fake_1680.jpg,0,0,True,0.9999988079071045,1.1941600632781046e-06
/content/Dataset/Test/Fake/fake_1681.jpg,0,0,True,0.9999866485595703,1.3398990631685592e-05
/content/Dataset/Test/Fake/fake_1682.jpg,0,0,True,0.9999722242355347,2.7812589905806817e-05
/content/Dataset/Test/Fake/fake_1683.jpg,0,0,True,0.9997400641441345,0.00025996900512836874
/content/Dataset/Test/Fake/fake_1684.jpg,0,0,True,0.9999922513961792,7.798422302585095e-06
/content/Dataset/Test/Fake/fake_1685.jpg,0,0,True,0.9894416332244873,0.010558326728641987
/content/Dataset/Test/Fake/fake_1686.jpg,0,0,True,0.9973397850990295,0.0026601748540997505
/content/Dataset/Test/Fake/fake_1687.jpg,0,0,True,0.9999797344207764,2.0246303392923437e-05
/content/Dataset/Test/Fake/fake_1688.jpg,0,0,True,0.9975626468658447,0.002437381772324443
/content/Dataset/Test/Fake/fake_1689.jpg,0,0,True,0.9736358523368835,0.026364097371697426
/content/Dataset/Test/Fake/fake_169.jpg,0,0,True,0.9998884201049805,0.00011161007569171488
/content/Dataset/Test/Fake/fake_1690.jpg,0,0,True,0.9983493089675903,0.0016506692627444863
/content/Dataset/Test/Fake/fake_1691.jpg,0,0,True,0.9999988079071045,1.1753581929951906e-06
/content/Dataset/Test/Fake/fake_1692.jpg,0,0,True,0.9999256134033203,7.434735744027421e-05
/content/Dataset/Test/Fake/fake_1693.jpg,0,0,True,0.9999086856842041,9.13538970053196e-05
/content/Dataset/Test/Fake/fake_1694.jpg,0,0,True,0.9999184608459473,8.151194197125733e-05
/content/Dataset/Test/Fake/fake_1695.jpg,0,0,True,0.9999959468841553,4.030828677059617e-06
/content/Dataset/Test/Fake/fake_1696.jpg,0,0,True,0.999998927116394,1.0942388826151728e-06
/content/Dataset/Test/Fake/fake_1697.jpg,0,0,True,0.9991253018379211,0.0008747443207539618
/content/Dataset/Test/Fake/fake_1698.jpg,0,0,True,0.9999963045120239,3.678904704429442e-06
/content/Dataset/Test/Fake/fake_1699.jpg,0,0,True,0.9999990463256836,1.0016176474891836e-06
/content/Dataset/Test/Fake/fake_17.jpg,0,0,True,0.9999926090240479,7.42803558750893e-06
/content/Dataset/Test/Fake/fake_170.jpg,0,0,True,0.9987260699272156,0.001273943460546434
/content/Dataset/Test/Fake/fake_1700.jpg,0,0,True,0.9999982118606567,1.8185153294325573e-06
/content/Dataset/Test/Fake/fake_1701.jpg,0,0,True,0.9997788071632385,0.00022125663235783577
/content/Dataset/Test/Fake/fake_1702.jpg,0,0,True,0.9981885552406311,0.0018114764243364334
/content/Dataset/Test/Fake/fake_1703.jpg,0,0,True,0.9997718930244446,0.00022815511329099536
/content/Dataset/Test/Fake/fake_1704.jpg,0,0,True,0.9999921321868896,7.887344509072136e-06
/content/Dataset/Test/Fake/fake_1705.jpg,0,0,True,0.9931897521018982,0.0068101948127150536
/content/Dataset/Test/Fake/fake_1706.jpg,0,0,True,0.9997509121894836,0.00024913798552006483
/content/Dataset/Test/Fake/fake_1707.jpg,0,0,True,0.9999992847442627,7.500369179069821e-07
/content/Dataset/Test/Fake/fake_1708.jpg,0,0,True,0.999998927116394,1.022293417918263e-06
/content/Dataset/Test/Fake/fake_1709.jpg,0,0,True,0.9999270439147949,7.290673238458112e-05
/content/Dataset/Test/Fake/fake_171.jpg,0,0,True,0.9990459084510803,0.0009541033650748432
/content/Dataset/Test/Fake/fake_1710.jpg,0,0,True,0.9996649026870728,0.0003350631450302899
/content/Dataset/Test/Fake/fake_1711.jpg,0,0,True,0.9999942779541016,5.673241048498312e-06
/content/Dataset/Test/Fake/fake_1712.jpg,0,0,True,0.9999923706054688,7.631297194166109e-06
/content/Dataset/Test/Fake/fake_1713.jpg,0,0,True,0.9999929666519165,7.016319159447448e-06
/content/Dataset/Test/Fake/fake_1714.jpg,0,1,False,0.3181581497192383,0.6818418502807617
/content/Dataset/Test/Fake/fake_1715.jpg,0,0,True,0.9998868703842163,0.00011315083975205198
/content/Dataset/Test/Fake/fake_1716.jpg,0,0,True,0.9997231364250183,0.0002768084523268044
/content/Dataset/Test/Fake/fake_1717.jpg,0,0,True,0.9999908208847046,9.188457624986768e-06
/content/Dataset/Test/Fake/fake_1718.jpg,0,0,True,0.9999960660934448,3.971380920120282e-06
/content/Dataset/Test/Fake/fake_1719.jpg,0,0,True,0.999988317489624,1.166677066066768e-05
/content/Dataset/Test/Fake/fake_172.jpg,0,0,True,0.9999990463256836,9.389328283759824e-07
/content/Dataset/Test/Fake/fake_1720.jpg,0,0,True,0.9997686743736267,0.00023130323097575456
/content/Dataset/Test/Fake/fake_1721.jpg,0,0,True,0.999991774559021,8.194837391783949e-06
/content/Dataset/Test/Fake/fake_1722.jpg,0,0,True,0.9998438358306885,0.0001560841192258522
/content/Dataset/Test/Fake/fake_1723.jpg,0,0,True,0.9999434947967529,5.655232962453738e-05
/content/Dataset/Test/Fake/fake_1724.jpg,0,0,True,0.9999756813049316,2.4305547412950546e-05
/content/Dataset/Test/Fake/fake_1725.jpg,0,0,True,0.9942810535430908,0.005718999542295933
/content/Dataset/Test/Fake/fake_1726.jpg,0,0,True,0.9989172220230103,0.0010827782098203897
/content/Dataset/Test/Fake/fake_1727.jpg,0,0,True,0.9999336004257202,6.642976950388402e-05
/content/Dataset/Test/Fake/fake_1728.jpg,0,0,True,0.9999881982803345,1.1785215974668972e-05
/content/Dataset/Test/Fake/fake_1729.jpg,0,1,False,0.06822782009840012,0.9317721724510193
/content/Dataset/Test/Fake/fake_173.jpg,0,0,True,0.8484911918640137,0.15150882303714752
/content/Dataset/Test/Fake/fake_1730.jpg,0,0,True,0.9999932050704956,6.827692686783848e-06
/content/Dataset/Test/Fake/fake_1731.jpg,0,0,True,0.9999984502792358,1.5129476196307223e-06
/content/Dataset/Test/Fake/fake_1732.jpg,0,0,True,0.9999860525131226,1.3941335964773316e-05
/content/Dataset/Test/Fake/fake_1733.jpg,0,0,True,0.9999388456344604,6.117075099609792e-05
/content/Dataset/Test/Fake/fake_1734.jpg,0,0,True,0.9999939203262329,6.102154202380916e-06
/content/Dataset/Test/Fake/fake_1735.jpg,0,0,True,0.9999996423721313,3.540854152106476e-07
/content/Dataset/Test/Fake/fake_1736.jpg,0,0,True,0.999987006187439,1.3025500265939627e-05
/content/Dataset/Test/Fake/fake_1737.jpg,0,0,True,0.9988086223602295,0.0011913753114640713
/content/Dataset/Test/Fake/fake_1738.jpg,0,0,True,0.9998359680175781,0.00016403524205088615
/content/Dataset/Test/Fake/fake_1739.jpg,0,0,True,0.9985950589179993,0.0014049031306058168
/content/Dataset/Test/Fake/fake_174.jpg,0,1,False,0.27345213294029236,0.7265478372573853
/content/Dataset/Test/Fake/fake_1740.jpg,0,0,True,0.99998939037323,1.06384923128644e-05
/content/Dataset/Test/Fake/fake_1741.jpg,0,0,True,0.9999988079071045,1.2205880466353847e-06
/content/Dataset/Test/Fake/fake_1742.jpg,0,0,True,0.999997615814209,2.3853910988691496e-06
/content/Dataset/Test/Fake/fake_1743.jpg,0,0,True,0.9999567270278931,4.3284602725179866e-05
/content/Dataset/Test/Fake/fake_1744.jpg,0,0,True,0.9999256134033203,7.441403431585059e-05
/content/Dataset/Test/Fake/fake_1745.jpg,0,0,True,0.9994819760322571,0.0005181047017686069
/content/Dataset/Test/Fake/fake_1746.jpg,0,0,True,0.9999964237213135,3.5317725632921793e-06
/content/Dataset/Test/Fake/fake_1747.jpg,0,0,True,0.9999713897705078,2.8603410100913607e-05
/content/Dataset/Test/Fake/fake_1748.jpg,0,0,True,0.9999932050704956,6.8071608438913245e-06
/content/Dataset/Test/Fake/fake_1749.jpg,0,0,True,0.9998979568481445,0.00010206717706751078
/content/Dataset/Test/Fake/fake_175.jpg,0,0,True,0.9999873638153076,1.2635640814551152e-05
/content/Dataset/Test/Fake/fake_1750.jpg,0,0,True,0.9999994039535522,5.856102802681562e-07
/content/Dataset/Test/Fake/fake_1751.jpg,0,0,True,0.9999873638153076,1.2622248505067546e-05
/content/Dataset/Test/Fake/fake_1752.jpg,0,0,True,0.999992847442627,7.136501153581776e-06
/content/Dataset/Test/Fake/fake_1753.jpg,0,0,True,0.9999979734420776,2.0116019641136518e-06
/content/Dataset/Test/Fake/fake_1754.jpg,0,0,True,0.9999693632125854,3.057896901736967e-05
/content/Dataset/Test/Fake/fake_1755.jpg,0,0,True,0.9999667406082153,3.331574043841101e-05
/content/Dataset/Test/Fake/fake_1756.jpg,0,0,True,0.9957362413406372,0.004263747949153185
/content/Dataset/Test/Fake/fake_1757.jpg,0,0,True,0.9999980926513672,1.9117273950541858e-06
/content/Dataset/Test/Fake/fake_1758.jpg,0,0,True,0.9999971389770508,2.854908188965055e-06
/content/Dataset/Test/Fake/fake_1759.jpg,0,0,True,0.9998956918716431,0.00010433861461933702
/content/Dataset/Test/Fake/fake_176.jpg,0,0,True,0.9999881982803345,1.1860273843922187e-05
/content/Dataset/Test/Fake/fake_1760.jpg,0,0,True,0.9999991655349731,8.073107551354042e-07
/content/Dataset/Test/Fake/fake_1761.jpg,0,0,True,0.9999798536300659,2.010224125115201e-05
/content/Dataset/Test/Fake/fake_1762.jpg,0,0,True,0.9999812841415405,1.8668046323000453e-05
/content/Dataset/Test/Fake/fake_1763.jpg,0,0,True,0.9393262267112732,0.06067374721169472
/content/Dataset/Test/Fake/fake_1764.jpg,0,0,True,0.9999985694885254,1.4068856444282574e-06
/content/Dataset/Test/Fake/fake_1765.jpg,0,0,True,0.9999696016311646,3.0421821065829135e-05
/content/Dataset/Test/Fake/fake_1766.jpg,0,0,True,0.9999656677246094,3.42816929332912e-05
/content/Dataset/Test/Fake/fake_1767.jpg,0,1,False,0.04314739257097244,0.9568526148796082
/content/Dataset/Test/Fake/fake_1768.jpg,0,0,True,0.9966872334480286,0.003312732558697462
/content/Dataset/Test/Fake/fake_1769.jpg,0,0,True,0.9998562335968018,0.00014378524792846292
/content/Dataset/Test/Fake/fake_177.jpg,0,0,True,0.9998008608818054,0.0001991742174141109
/content/Dataset/Test/Fake/fake_1770.jpg,0,0,True,0.9999961853027344,3.772149966607685e-06
/content/Dataset/Test/Fake/fake_1771.jpg,0,0,True,0.9999713897705078,2.8588410714291967e-05
/content/Dataset/Test/Fake/fake_1772.jpg,0,1,False,0.3491223454475403,0.6508777141571045
/content/Dataset/Test/Fake/fake_1773.jpg,0,0,True,0.9985767602920532,0.0014232546091079712
/content/Dataset/Test/Fake/fake_1774.jpg,0,0,True,0.9999920129776001,7.988548532011919e-06
/content/Dataset/Test/Fake/fake_1775.jpg,0,0,True,0.9996178150177002,0.00038211027276702225
/content/Dataset/Test/Fake/fake_1776.jpg,0,0,True,0.9997124075889587,0.00028751089121215045
/content/Dataset/Test/Fake/fake_1777.jpg,0,0,True,0.9996104836463928,0.000389595894375816
/content/Dataset/Test/Fake/fake_1778.jpg,0,0,True,0.9995701909065247,0.0004297562118154019
/content/Dataset/Test/Fake/fake_1779.jpg,0,0,True,0.824943482875824,0.17505651712417603
/content/Dataset/Test/Fake/fake_178.jpg,0,0,True,0.9999737739562988,2.6238067221129313e-05
/content/Dataset/Test/Fake/fake_1780.jpg,0,0,True,0.9999864101409912,1.3646473234985024e-05
/content/Dataset/Test/Fake/fake_1781.jpg,0,0,True,0.9999792575836182,2.0795918317162432e-05
/content/Dataset/Test/Fake/fake_1782.jpg,0,0,True,0.9786375164985657,0.021362487226724625
/content/Dataset/Test/Fake/fake_1783.jpg,0,0,True,0.9926371574401855,0.007362816948443651
/content/Dataset/Test/Fake/fake_1784.jpg,0,0,True,0.999998927116394,1.056133555721317e-06
/content/Dataset/Test/Fake/fake_1785.jpg,0,0,True,0.9999754428863525,2.4593715352239087e-05
/content/Dataset/Test/Fake/fake_1786.jpg,0,0,True,0.9999594688415527,4.049138442496769e-05
/content/Dataset/Test/Fake/fake_1787.jpg,0,0,True,0.9961081147193909,0.0038918359205126762
/content/Dataset/Test/Fake/fake_1788.jpg,0,0,True,0.9999940395355225,5.982918992231134e-06
/content/Dataset/Test/Fake/fake_1789.jpg,0,0,True,0.9999853372573853,1.4666030438093003e-05
/content/Dataset/Test/Fake/fake_179.jpg,0,1,False,0.41541892290115356,0.5845810770988464
/content/Dataset/Test/Fake/fake_1790.jpg,0,0,True,0.9946237802505493,0.00537629472091794
/content/Dataset/Test/Fake/fake_1791.jpg,0,0,True,0.9999972581863403,2.7786359169112984e-06
/content/Dataset/Test/Fake/fake_1792.jpg,0,0,True,0.9999986886978149,1.3664606512975297e-06
/content/Dataset/Test/Fake/fake_1793.jpg,0,0,True,0.9999954700469971,4.582144811138278e-06
/content/Dataset/Test/Fake/fake_1794.jpg,0,0,True,0.9999991655349731,8.642022066851496e-07
/content/Dataset/Test/Fake/fake_1795.jpg,0,0,True,0.9999467134475708,5.326445898390375e-05
/content/Dataset/Test/Fake/fake_1796.jpg,0,0,True,0.9999685287475586,3.145316077279858e-05
/content/Dataset/Test/Fake/fake_1797.jpg,0,0,True,0.9998422861099243,0.0001577270304551348
/content/Dataset/Test/Fake/fake_1798.jpg,0,0,True,0.9999995231628418,4.448126276201947e-07
/content/Dataset/Test/Fake/fake_1799.jpg,0,0,True,0.9999814033508301,1.858215000538621e-05
/content/Dataset/Test/Fake/fake_18.jpg,0,0,True,0.999950647354126,4.939908831147477e-05
/content/Dataset/Test/Fake/fake_180.jpg,0,1,False,0.06432820111513138,0.9356717467308044
/content/Dataset/Test/Fake/fake_1800.jpg,0,0,True,0.9997041821479797,0.0002957365068141371
/content/Dataset/Test/Fake/fake_1801.jpg,0,0,True,0.9994826316833496,0.0005172874662093818
/content/Dataset/Test/Fake/fake_1802.jpg,0,0,True,0.9999971389770508,2.802507651722408e-06
/content/Dataset/Test/Fake/fake_1803.jpg,0,0,True,0.9994749426841736,0.0005250370013527572
/content/Dataset/Test/Fake/fake_1804.jpg,0,0,True,0.9999481439590454,5.1894530770368874e-05
/content/Dataset/Test/Fake/fake_1805.jpg,0,0,True,0.9979185461997986,0.002081416081637144
/content/Dataset/Test/Fake/fake_1806.jpg,0,0,True,0.9250696301460266,0.0749303475022316
/content/Dataset/Test/Fake/fake_1807.jpg,0,0,True,0.9999856948852539,1.4327431017591152e-05
/content/Dataset/Test/Fake/fake_1808.jpg,0,0,True,0.9996182918548584,0.0003817114338744432
/content/Dataset/Test/Fake/fake_1809.jpg,0,0,True,0.9977954626083374,0.002204521093517542
/content/Dataset/Test/Fake/fake_181.jpg,0,0,True,0.9997729659080505,0.00022709251788910478
/content/Dataset/Test/Fake/fake_1810.jpg,0,0,True,0.9999890327453613,1.1018392797268461e-05
/content/Dataset/Test/Fake/fake_1811.jpg,0,0,True,0.9999971389770508,2.919818825830589e-06
/content/Dataset/Test/Fake/fake_1812.jpg,0,1,False,0.0012945998460054398,0.9987053871154785
/content/Dataset/Test/Fake/fake_1813.jpg,0,1,False,0.4667394459247589,0.5332605242729187
/content/Dataset/Test/Fake/fake_1814.jpg,0,0,True,0.9932706952095032,0.006729354616254568
/content/Dataset/Test/Fake/fake_1815.jpg,0,0,True,0.9999960660934448,3.877282779285451e-06
/content/Dataset/Test/Fake/fake_1816.jpg,0,0,True,0.9999994039535522,5.975205112918047e-07
/content/Dataset/Test/Fake/fake_1817.jpg,0,0,True,0.9999936819076538,6.279150511545595e-06
/content/Dataset/Test/Fake/fake_1818.jpg,0,0,True,0.9999039173126221,9.605578816263005e-05
/content/Dataset/Test/Fake/fake_1819.jpg,0,0,True,0.9999803304672241,1.969699587789364e-05
/content/Dataset/Test/Fake/fake_182.jpg,0,0,True,0.9999825954437256,1.738030550768599e-05
/content/Dataset/Test/Fake/fake_1820.jpg,0,0,True,0.9999581575393677,4.179518873570487e-05
/content/Dataset/Test/Fake/fake_1821.jpg,0,0,True,0.9999990463256836,8.976413710115594e-07
/content/Dataset/Test/Fake/fake_1822.jpg,0,0,True,0.9996732473373413,0.0003268044674769044
/content/Dataset/Test/Fake/fake_1823.jpg,0,0,True,0.9999957084655762,4.280926987121347e-06
/content/Dataset/Test/Fake/fake_1824.jpg,0,0,True,0.9999910593032837,8.90946375875501e-06
/content/Dataset/Test/Fake/fake_1825.jpg,0,0,True,0.9999946355819702,5.410018729889998e-06
/content/Dataset/Test/Fake/fake_1826.jpg,0,0,True,0.9385679960250854,0.06143198534846306
/content/Dataset/Test/Fake/fake_1827.jpg,0,0,True,0.9269343018531799,0.07306571304798126
/content/Dataset/Test/Fake/fake_1828.jpg,0,0,True,0.9993070363998413,0.0006929596420377493
/content/Dataset/Test/Fake/fake_1829.jpg,0,0,True,0.9998154044151306,0.0001846413651946932
/content/Dataset/Test/Fake/fake_183.jpg,0,0,True,0.9999649524688721,3.5066397686023265e-05
/content/Dataset/Test/Fake/fake_1830.jpg,0,0,True,0.9999377727508545,6.220619980012998e-05
/content/Dataset/Test/Fake/fake_1831.jpg,0,0,True,0.9999724626541138,2.749436316662468e-05
/content/Dataset/Test/Fake/fake_1832.jpg,0,0,True,0.9999547004699707,4.535113839665428e-05
/content/Dataset/Test/Fake/fake_1833.jpg,0,0,True,0.9696663618087769,0.030333615839481354
/content/Dataset/Test/Fake/fake_1834.jpg,0,0,True,0.9999929666519165,6.996394859015709e-06
/content/Dataset/Test/Fake/fake_1835.jpg,0,0,True,0.999885082244873,0.00011486632138257846
/content/Dataset/Test/Fake/fake_1836.jpg,0,0,True,0.9999850988388062,1.4944551367079839e-05
/content/Dataset/Test/Fake/fake_1837.jpg,0,0,True,0.9999154806137085,8.450893801636994e-05
/content/Dataset/Test/Fake/fake_1838.jpg,0,0,True,0.9999953508377075,4.621783773472998e-06
/content/Dataset/Test/Fake/fake_1839.jpg,0,0,True,0.9998881816864014,0.00011176044790772721
/content/Dataset/Test/Fake/fake_184.jpg,0,0,True,0.9998161196708679,0.00018393323989585042
/content/Dataset/Test/Fake/fake_1840.jpg,0,0,True,0.999842643737793,0.00015731531311757863
/content/Dataset/Test/Fake/fake_1841.jpg,0,0,True,0.9966310858726501,0.0033689653500914574
/content/Dataset/Test/Fake/fake_1842.jpg,0,0,True,0.9956732392311096,0.00432672118768096
/content/Dataset/Test/Fake/fake_1843.jpg,0,0,True,0.9986308217048645,0.0013691827189177275
/content/Dataset/Test/Fake/fake_1844.jpg,0,0,True,0.9999979734420776,2.039067567238817e-06
/content/Dataset/Test/Fake/fake_1845.jpg,0,0,True,0.9998350143432617,0.00016490576672367752
/content/Dataset/Test/Fake/fake_1846.jpg,0,0,True,0.9999947547912598,5.191335731069557e-06
/content/Dataset/Test/Fake/fake_1847.jpg,0,0,True,0.9999549388885498,4.507850462687202e-05
/content/Dataset/Test/Fake/fake_1848.jpg,0,0,True,0.9985798597335815,0.0014202009188011289
/content/Dataset/Test/Fake/fake_1849.jpg,0,0,True,0.9999985694885254,1.4103649164098897e-06
/content/Dataset/Test/Fake/fake_185.jpg,0,0,True,0.9998327493667603,0.00016718165716156363
/content/Dataset/Test/Fake/fake_1850.jpg,0,0,True,0.9995575547218323,0.00044245843309909105
/content/Dataset/Test/Fake/fake_1851.jpg,0,0,True,0.9999974966049194,2.536147349019302e-06
/content/Dataset/Test/Fake/fake_1852.jpg,0,0,True,0.9999945163726807,5.505873559741303e-06
/content/Dataset/Test/Fake/fake_1853.jpg,0,0,True,0.9999909400939941,9.049923392012715e-06
/content/Dataset/Test/Fake/fake_1854.jpg,0,0,True,0.999251663684845,0.00074835738632828
/content/Dataset/Test/Fake/fake_1855.jpg,0,0,True,0.9999938011169434,6.252738785406109e-06
/content/Dataset/Test/Fake/fake_1856.jpg,0,0,True,0.9999995231628418,4.780560516337573e-07
/content/Dataset/Test/Fake/fake_1857.jpg,0,0,True,0.9999520778656006,4.7919231292326e-05
/content/Dataset/Test/Fake/fake_1858.jpg,0,0,True,0.9994775652885437,0.0005224780179560184
/content/Dataset/Test/Fake/fake_1859.jpg,0,0,True,0.9999699592590332,3.0099023206275888e-05
/content/Dataset/Test/Fake/fake_186.jpg,0,0,True,0.8084032535552979,0.19159673154354095
/content/Dataset/Test/Fake/fake_1860.jpg,0,0,True,0.999677300453186,0.00032269791699945927
/content/Dataset/Test/Fake/fake_1861.jpg,0,0,True,0.995469331741333,0.004530717618763447
/content/Dataset/Test/Fake/fake_1862.jpg,0,0,True,0.9999663829803467,3.362070128787309e-05
/content/Dataset/Test/Fake/fake_1863.jpg,0,0,True,0.9999918937683105,8.068543138506357e-06
/content/Dataset/Test/Fake/fake_1864.jpg,0,0,True,0.9999744892120361,2.5472671040915884e-05
/content/Dataset/Test/Fake/fake_1865.jpg,0,0,True,0.9991818070411682,0.0008181292796507478
/content/Dataset/Test/Fake/fake_1866.jpg,0,0,True,0.9874933362007141,0.012506691738963127
/content/Dataset/Test/Fake/fake_1867.jpg,0,0,True,0.999962329864502,3.761470361496322e-05
/content/Dataset/Test/Fake/fake_1868.jpg,0,0,True,0.9999836683273315,1.6367152056773193e-05
/content/Dataset/Test/Fake/fake_1869.jpg,0,0,True,0.9999982118606567,1.7415378579244134e-06
/content/Dataset/Test/Fake/fake_187.jpg,0,0,True,0.9979301691055298,0.0020698111038655043
/content/Dataset/Test/Fake/fake_1870.jpg,0,0,True,0.9999829530715942,1.7021273379214108e-05
/content/Dataset/Test/Fake/fake_1871.jpg,0,0,True,0.9999983310699463,1.6451261899419478e-06
/content/Dataset/Test/Fake/fake_1872.jpg,0,0,True,0.7593229413032532,0.24067705869674683
/content/Dataset/Test/Fake/fake_1873.jpg,0,0,True,0.9999942779541016,5.767617494711885e-06
/content/Dataset/Test/Fake/fake_1874.jpg,0,0,True,0.9994756579399109,0.0005243551568128169
/content/Dataset/Test/Fake/fake_1875.jpg,0,0,True,0.9999924898147583,7.492007171094883e-06
/content/Dataset/Test/Fake/fake_1876.jpg,0,0,True,0.9999784231185913,2.1565701899817213e-05
/content/Dataset/Test/Fake/fake_1877.jpg,0,0,True,0.9999914169311523,8.612259080109652e-06
/content/Dataset/Test/Fake/fake_1878.jpg,0,0,True,0.9999973773956299,2.6685493139666505e-06
/content/Dataset/Test/Fake/fake_1879.jpg,0,1,False,0.010029247030615807,0.9899707436561584
/content/Dataset/Test/Fake/fake_188.jpg,0,0,True,0.9995173215866089,0.00048262631753459573
/content/Dataset/Test/Fake/fake_1880.jpg,0,0,True,0.9993250370025635,0.0006749571766704321
/content/Dataset/Test/Fake/fake_1881.jpg,0,0,True,0.99991774559021,8.227978105423972e-05
/content/Dataset/Test/Fake/fake_1882.jpg,0,0,True,0.999995231628418,4.786272256751545e-06
/content/Dataset/Test/Fake/fake_1883.jpg,0,0,True,0.9980955719947815,0.001904375501908362
/content/Dataset/Test/Fake/fake_1884.jpg,0,0,True,0.9997597336769104,0.00024028315965551883
/content/Dataset/Test/Fake/fake_1885.jpg,0,0,True,0.9999852180480957,1.4830191503278911e-05
/content/Dataset/Test/Fake/fake_1886.jpg,0,0,True,0.9999983310699463,1.6270302012344473e-06
/content/Dataset/Test/Fake/fake_1887.jpg,0,0,True,0.9998036026954651,0.00019637391960714012
/content/Dataset/Test/Fake/fake_1888.jpg,0,0,True,0.6316834092140198,0.3683165907859802
/content/Dataset/Test/Fake/fake_1889.jpg,0,0,True,0.97898930311203,0.02101065218448639
/content/Dataset/Test/Fake/fake_189.jpg,0,0,True,0.9999951124191284,4.929226633976214e-06
/content/Dataset/Test/Fake/fake_1890.jpg,0,0,True,0.9997475743293762,0.0002524256124161184
/content/Dataset/Test/Fake/fake_1891.jpg,0,0,True,0.9996174573898315,0.0003824951418209821
/content/Dataset/Test/Fake/fake_1892.jpg,0,0,True,0.9999831914901733,1.6795016563264653e-05
/content/Dataset/Test/Fake/fake_1893.jpg,0,0,True,0.9999982118606567,1.7932184164237697e-06
/content/Dataset/Test/Fake/fake_1894.jpg,0,0,True,0.9999366998672485,6.33258096058853e-05
/content/Dataset/Test/Fake/fake_1895.jpg,0,0,True,0.9998862743377686,0.00011368076229700819
/content/Dataset/Test/Fake/fake_1896.jpg,0,0,True,0.9979774355888367,0.0020226200576871634
/content/Dataset/Test/Fake/fake_1897.jpg,0,0,True,0.9995624423027039,0.000437537906691432
/content/Dataset/Test/Fake/fake_1898.jpg,0,0,True,0.9996107220649719,0.00038934138137847185
/content/Dataset/Test/Fake/fake_1899.jpg,0,0,True,0.9999676942825317,3.2291463867295533e-05
/content/Dataset/Test/Fake/fake_19.jpg,0,0,True,0.999790370464325,0.0002096774842357263
/content/Dataset/Test/Fake/fake_190.jpg,0,0,True,0.9999885559082031,1.1473603080958128e-05
/content/Dataset/Test/Fake/fake_1900.jpg,0,0,True,0.997067391872406,0.0029326770454645157
/content/Dataset/Test/Fake/fake_1901.jpg,0,0,True,0.9998082518577576,0.00019172740576323122
/content/Dataset/Test/Fake/fake_1902.jpg,0,0,True,0.9960504174232483,0.003949561156332493
/content/Dataset/Test/Fake/fake_1903.jpg,0,0,True,0.9993501305580139,0.0006498058792203665
/content/Dataset/Test/Fake/fake_1904.jpg,0,0,True,0.9999762773513794,2.369163303228561e-05
/content/Dataset/Test/Fake/fake_1905.jpg,0,0,True,0.9999290704727173,7.097959314705804e-05
/content/Dataset/Test/Fake/fake_1906.jpg,0,0,True,0.9998772144317627,0.00012281797535251826
/content/Dataset/Test/Fake/fake_1907.jpg,0,0,True,0.9990243911743164,0.0009755735518410802
/content/Dataset/Test/Fake/fake_1908.jpg,0,0,True,0.9999963045120239,3.662731160147814e-06
/content/Dataset/Test/Fake/fake_1909.jpg,0,0,True,0.9999438524246216,5.6085660617100075e-05
/content/Dataset/Test/Fake/fake_191.jpg,0,0,True,0.9999885559082031,1.1432250175857916e-05
/content/Dataset/Test/Fake/fake_1910.jpg,0,0,True,0.9999985694885254,1.374276962451404e-06
/content/Dataset/Test/Fake/fake_1911.jpg,0,0,True,0.9998049139976501,0.00019515077292453498
/content/Dataset/Test/Fake/fake_1912.jpg,0,0,True,0.9999872446060181,1.2717362551484257e-05
/content/Dataset/Test/Fake/fake_1913.jpg,0,0,True,0.9999902248382568,9.827114809013437e-06
/content/Dataset/Test/Fake/fake_1914.jpg,0,0,True,0.9999504089355469,4.9588445108383894e-05
/content/Dataset/Test/Fake/fake_1915.jpg,0,0,True,0.8833969235420227,0.1166030615568161
/content/Dataset/Test/Fake/fake_1916.jpg,0,0,True,0.9998212456703186,0.00017876236233860254
/content/Dataset/Test/Fake/fake_1917.jpg,0,0,True,0.9999988079071045,1.1537157433849643e-06
/content/Dataset/Test/Fake/fake_1918.jpg,0,0,True,0.9999982118606567,1.7530688865008415e-06
/content/Dataset/Test/Fake/fake_1919.jpg,0,0,True,0.99998939037323,1.063575291482266e-05
/content/Dataset/Test/Fake/fake_192.jpg,0,1,False,0.022162968292832375,0.977837085723877
/content/Dataset/Test/Fake/fake_1920.jpg,0,0,True,0.9926451444625854,0.00735481595620513
/content/Dataset/Test/Fake/fake_1921.jpg,0,0,True,0.9106206297874451,0.08937939256429672
/content/Dataset/Test/Fake/fake_1922.jpg,0,0,True,0.9997804760932922,0.00021956826094537973
/content/Dataset/Test/Fake/fake_1923.jpg,0,0,True,0.9999949932098389,4.9602645049162675e-06
/content/Dataset/Test/Fake/fake_1924.jpg,0,0,True,0.9999978542327881,2.112697075062897e-06
/content/Dataset/Test/Fake/fake_1925.jpg,0,0,True,0.9999861717224121,1.386987332807621e-05
/content/Dataset/Test/Fake/fake_1926.jpg,0,0,True,0.9999971389770508,2.915767254307866e-06
/content/Dataset/Test/Fake/fake_1927.jpg,0,0,True,0.9999959468841553,4.036217887914972e-06
/content/Dataset/Test/Fake/fake_1928.jpg,0,0,True,0.9937499165534973,0.006250052247196436
/content/Dataset/Test/Fake/fake_1929.jpg,0,0,True,0.9966578483581543,0.0033421190455555916
/content/Dataset/Test/Fake/fake_193.jpg,0,1,False,0.23400692641735077,0.7659931182861328
/content/Dataset/Test/Fake/fake_1930.jpg,0,0,True,0.9997767806053162,0.00022320343123283237
/content/Dataset/Test/Fake/fake_1931.jpg,0,0,True,0.9999604225158691,3.953413033741526e-05
/content/Dataset/Test/Fake/fake_1932.jpg,0,0,True,0.9720146656036377,0.0279853455722332
/content/Dataset/Test/Fake/fake_1933.jpg,0,0,True,0.9999979734420776,1.967277739822748e-06
/content/Dataset/Test/Fake/fake_1934.jpg,0,0,True,0.999996542930603,3.4026652429020032e-06
/content/Dataset/Test/Fake/fake_1935.jpg,0,0,True,0.9999890327453613,1.0987627319991589e-05
/content/Dataset/Test/Fake/fake_1936.jpg,0,0,True,0.9999960660934448,3.917121375707211e-06
/content/Dataset/Test/Fake/fake_1937.jpg,0,0,True,0.9988991022109985,0.001100849942304194
/content/Dataset/Test/Fake/fake_1938.jpg,0,0,True,0.9797192215919495,0.020280785858631134
/content/Dataset/Test/Fake/fake_1939.jpg,0,0,True,0.5088391900062561,0.4911608397960663
/content/Dataset/Test/Fake/fake_194.jpg,0,0,True,0.999804675579071,0.00019537884509190917
/content/Dataset/Test/Fake/fake_1940.jpg,0,0,True,0.9999972581863403,2.7933685942116426e-06
/content/Dataset/Test/Fake/fake_1941.jpg,0,0,True,0.9896429181098938,0.010357159189879894
/content/Dataset/Test/Fake/fake_1942.jpg,0,0,True,0.9999610185623169,3.903702963725664e-05
/content/Dataset/Test/Fake/fake_1943.jpg,0,0,True,0.9999994039535522,5.519355568139872e-07
/content/Dataset/Test/Fake/fake_1944.jpg,0,0,True,0.9999935626983643,6.413964911189396e-06
/content/Dataset/Test/Fake/fake_1945.jpg,0,0,True,0.9999972581863403,2.7762232548411703e-06
/content/Dataset/Test/Fake/fake_1946.jpg,0,0,True,0.9999973773956299,2.633486246850225e-06
/content/Dataset/Test/Fake/fake_1947.jpg,0,0,True,0.9997089505195618,0.00029097392689436674
/content/Dataset/Test/Fake/fake_1948.jpg,0,0,True,0.9592535495758057,0.040746428072452545
/content/Dataset/Test/Fake/fake_1949.jpg,0,0,True,0.9999935626983643,6.438049240387045e-06
/content/Dataset/Test/Fake/fake_195.jpg,0,0,True,0.9999891519546509,1.0803918485180475e-05
/content/Dataset/Test/Fake/fake_1950.jpg,0,0,True,0.9852651953697205,0.014734765514731407
/content/Dataset/Test/Fake/fake_1951.jpg,0,0,True,0.9999973773956299,2.6771037937578512e-06
/content/Dataset/Test/Fake/fake_1952.jpg,0,0,True,0.9999794960021973,2.0531546397251077e-05
/content/Dataset/Test/Fake/fake_1953.jpg,0,0,True,0.9999854564666748,1.4599036148865707e-05
/content/Dataset/Test/Fake/fake_1954.jpg,0,0,True,0.9999892711639404,1.0730992471508216e-05
/content/Dataset/Test/Fake/fake_1955.jpg,0,0,True,0.9999990463256836,1.0048572676168988e-06
/content/Dataset/Test/Fake/fake_1956.jpg,0,0,True,0.9999887943267822,1.1196943887625821e-05
/content/Dataset/Test/Fake/fake_1957.jpg,0,0,True,0.9999938011169434,6.221557669050526e-06
/content/Dataset/Test/Fake/fake_1958.jpg,0,0,True,0.9999966621398926,3.3364131013513543e-06
/content/Dataset/Test/Fake/fake_1959.jpg,0,0,True,0.9957382678985596,0.004261770285665989
/content/Dataset/Test/Fake/fake_196.jpg,0,0,True,0.9999890327453613,1.0939072126348037e-05
/content/Dataset/Test/Fake/fake_1960.jpg,0,0,True,0.9793514013290405,0.02064860239624977
/content/Dataset/Test/Fake/fake_1961.jpg,0,0,True,0.9491990208625793,0.050800975412130356
/content/Dataset/Test/Fake/fake_1962.jpg,0,0,True,0.9999138116836548,8.616063132649288e-05
/content/Dataset/Test/Fake/fake_1963.jpg,0,0,True,0.9998270869255066,0.0001729669311316684
/content/Dataset/Test/Fake/fake_1964.jpg,0,0,True,0.9999994039535522,5.911400648983545e-07
/content/Dataset/Test/Fake/fake_1965.jpg,0,0,True,0.9946402907371521,0.005359743721783161
/content/Dataset/Test/Fake/fake_1966.jpg,0,0,True,0.9981726408004761,0.001827346277423203
/content/Dataset/Test/Fake/fake_1967.jpg,0,0,True,0.9973378777503967,0.002662057988345623
/content/Dataset/Test/Fake/fake_1968.jpg,0,0,True,0.9989614486694336,0.0010385316563770175
/content/Dataset/Test/Fake/fake_1969.jpg,0,0,True,0.922389030456543,0.07761094719171524
/content/Dataset/Test/Fake/fake_197.jpg,0,0,True,0.8287432789802551,0.17125675082206726
/content/Dataset/Test/Fake/fake_1970.jpg,0,0,True,0.9999362230300903,6.380273407557979e-05
/content/Dataset/Test/Fake/fake_1971.jpg,0,0,True,0.6411672830581665,0.3588326871395111
/content/Dataset/Test/Fake/fake_1972.jpg,0,1,False,0.08091767132282257,0.9190823435783386
/content/Dataset/Test/Fake/fake_1973.jpg,0,0,True,0.9987137317657471,0.0012863152660429478
/content/Dataset/Test/Fake/fake_1974.jpg,0,0,True,0.9940645098686218,0.0059354668483138084
/content/Dataset/Test/Fake/fake_1975.jpg,0,0,True,0.9999949932098389,4.975330284651136e-06
/content/Dataset/Test/Fake/fake_1976.jpg,0,0,True,0.9999963045120239,3.7226041058602277e-06
/content/Dataset/Test/Fake/fake_1977.jpg,0,0,True,0.9999943971633911,5.646700628858525e-06
/content/Dataset/Test/Fake/fake_1978.jpg,0,0,True,0.9999990463256836,9.310663813266729e-07
/content/Dataset/Test/Fake/fake_1979.jpg,0,0,True,0.999995231628418,4.731931312562665e-06
/content/Dataset/Test/Fake/fake_198.jpg,0,0,True,0.9963996410369873,0.003600349649786949
/content/Dataset/Test/Fake/fake_1980.jpg,0,0,True,0.9995430707931519,0.0004569947486743331
/content/Dataset/Test/Fake/fake_1981.jpg,0,0,True,0.9999854564666748,1.453022468922427e-05
/content/Dataset/Test/Fake/fake_1982.jpg,0,0,True,0.9981734752655029,0.0018264714162796736
/content/Dataset/Test/Fake/fake_1983.jpg,0,0,True,0.9127179384231567,0.08728201687335968
/content/Dataset/Test/Fake/fake_1984.jpg,0,0,True,0.999987006187439,1.3010750990360975e-05
/content/Dataset/Test/Fake/fake_1985.jpg,0,0,True,0.9999980926513672,1.8698374333325773e-06
/content/Dataset/Test/Fake/fake_1986.jpg,0,0,True,0.9972336888313293,0.002766348421573639
/content/Dataset/Test/Fake/fake_1987.jpg,0,0,True,0.9999986886978149,1.2933106745549594e-06
/content/Dataset/Test/Fake/fake_1988.jpg,0,0,True,0.9999957084655762,4.2942360778397415e-06
/content/Dataset/Test/Fake/fake_1989.jpg,0,0,True,0.9999659061431885,3.410150748095475e-05
/content/Dataset/Test/Fake/fake_199.jpg,0,0,True,0.9999911785125732,8.781833457760513e-06
/content/Dataset/Test/Fake/fake_1990.jpg,0,0,True,0.9801480770111084,0.019851939752697945
/content/Dataset/Test/Fake/fake_1991.jpg,0,0,True,0.9999953508377075,4.706625077233184e-06
/content/Dataset/Test/Fake/fake_1992.jpg,0,0,True,0.9999961853027344,3.811718897850369e-06
/content/Dataset/Test/Fake/fake_1993.jpg,0,0,True,0.9997716546058655,0.00022831415117252618
/content/Dataset/Test/Fake/fake_1994.jpg,0,0,True,0.9999580383300781,4.1917894122889265e-05
/content/Dataset/Test/Fake/fake_1995.jpg,0,0,True,0.9999983310699463,1.6649074723318336e-06
/content/Dataset/Test/Fake/fake_1996.jpg,0,0,True,0.999994158744812,5.800248800369445e-06
/content/Dataset/Test/Fake/fake_1997.jpg,0,0,True,0.9999817609786987,1.8222222934127785e-05
/content/Dataset/Test/Fake/fake_1998.jpg,0,0,True,0.9998849630355835,0.00011500770051497966
/content/Dataset/Test/Fake/fake_1999.jpg,0,0,True,0.9999921321868896,7.866783562349156e-06
/content/Dataset/Test/Fake/fake_2.jpg,0,0,True,0.9953357577323914,0.004664232488721609
/content/Dataset/Test/Fake/fake_20.jpg,0,0,True,0.9981135129928589,0.0018865256570279598
/content/Dataset/Test/Fake/fake_200.jpg,0,0,True,0.9975000023841858,0.0024999789893627167
/content/Dataset/Test/Fake/fake_2000.jpg,0,0,True,0.9999898672103882,1.0173208465857897e-05
/content/Dataset/Test/Fake/fake_2001.jpg,0,0,True,0.9999823570251465,1.7626411136006936e-05
/content/Dataset/Test/Fake/fake_2002.jpg,0,0,True,0.9996269941329956,0.000373008573660627
/content/Dataset/Test/Fake/fake_2003.jpg,0,0,True,0.9999500513076782,4.9964488425757736e-05
/content/Dataset/Test/Fake/fake_2004.jpg,0,0,True,0.9999966621398926,3.3082837944675703e-06
/content/Dataset/Test/Fake/fake_2005.jpg,0,0,True,0.9999768733978271,2.3161666831583716e-05
/content/Dataset/Test/Fake/fake_2006.jpg,0,0,True,0.9971509575843811,0.00284910062327981
/content/Dataset/Test/Fake/fake_2007.jpg,0,0,True,0.9999570846557617,4.287778938305564e-05
/content/Dataset/Test/Fake/fake_2008.jpg,0,0,True,0.9998443126678467,0.00015565400826744735
/content/Dataset/Test/Fake/fake_2009.jpg,0,0,True,0.9999762773513794,2.375407530053053e-05
/content/Dataset/Test/Fake/fake_201.jpg,0,0,True,0.9999552965164185,4.466935570235364e-05
/content/Dataset/Test/Fake/fake_2010.jpg,0,0,True,0.9999645948410034,3.5426855902187526e-05
/content/Dataset/Test/Fake/fake_2011.jpg,0,0,True,0.9999949932098389,4.981155598215992e-06
/content/Dataset/Test/Fake/fake_2012.jpg,0,0,True,0.9990403056144714,0.0009596975287422538
/content/Dataset/Test/Fake/fake_2013.jpg,0,0,True,0.9999476671218872,5.236151264398359e-05
/content/Dataset/Test/Fake/fake_2014.jpg,0,0,True,0.9999897480010986,1.024129960569553e-05
/content/Dataset/Test/Fake/fake_2015.jpg,0,0,True,0.9998571872711182,0.0001427769602742046
/content/Dataset/Test/Fake/fake_2016.jpg,0,0,True,0.9999910593032837,8.9267978182761e-06
/content/Dataset/Test/Fake/fake_2017.jpg,0,0,True,0.9999961853027344,3.849756467388943e-06
/content/Dataset/Test/Fake/fake_2018.jpg,0,0,True,0.6298697590827942,0.3701302111148834
/content/Dataset/Test/Fake/fake_2019.jpg,0,0,True,0.9999980926513672,1.9122890080325305e-06
/content/Dataset/Test/Fake/fake_202.jpg,0,0,True,0.9999896287918091,1.0423877029097639e-05
/content/Dataset/Test/Fake/fake_2020.jpg,0,0,True,0.9999986886978149,1.3694493645743933e-06
/content/Dataset/Test/Fake/fake_2021.jpg,0,0,True,0.9910337328910828,0.008966282941401005
/content/Dataset/Test/Fake/fake_2022.jpg,0,0,True,0.9999356269836426,6.439835124183446e-05
/content/Dataset/Test/Fake/fake_2023.jpg,0,0,True,0.9997114539146423,0.00028848895453847945
/content/Dataset/Test/Fake/fake_2024.jpg,0,0,True,0.9999985694885254,1.4615756072089425e-06
/content/Dataset/Test/Fake/fake_2025.jpg,0,0,True,0.9997337460517883,0.00026629885542206466
/content/Dataset/Test/Fake/fake_2026.jpg,0,0,True,0.9883958101272583,0.011604195460677147
/content/Dataset/Test/Fake/fake_2027.jpg,0,0,True,0.9998165965080261,0.00018339839880354702
/content/Dataset/Test/Fake/fake_2028.jpg,0,0,True,0.9999995231628418,4.6606714931840543e-07
/content/Dataset/Test/Fake/fake_2029.jpg,0,0,True,0.9999992847442627,6.564918635376671e-07
/content/Dataset/Test/Fake/fake_203.jpg,0,0,True,0.9998378753662109,0.00016206357395276427
/content/Dataset/Test/Fake/fake_2030.jpg,0,0,True,0.9999973773956299,2.5899171305354685e-06
/content/Dataset/Test/Fake/fake_2031.jpg,0,0,True,0.7406670451164246,0.2593330144882202
/content/Dataset/Test/Fake/fake_2032.jpg,0,0,True,0.9999039173126221,9.609242988517508e-05
/content/Dataset/Test/Fake/fake_2033.jpg,0,0,True,0.999998927116394,1.0293371133229812e-06
/content/Dataset/Test/Fake/fake_2034.jpg,0,0,True,0.9999661445617676,3.3852924389066175e-05
/content/Dataset/Test/Fake/fake_2035.jpg,0,0,True,0.9999974966049194,2.5552660645189462e-06
/content/Dataset/Test/Fake/fake_2036.jpg,0,0,True,0.9999288320541382,7.113110041245818e-05
/content/Dataset/Test/Fake/fake_2037.jpg,0,0,True,0.9999982118606567,1.8235048173664836e-06
/content/Dataset/Test/Fake/fake_2038.jpg,0,0,True,0.9642375111579895,0.03576246276497841
/content/Dataset/Test/Fake/fake_2039.jpg,0,0,True,0.9948210716247559,0.005178867839276791
/content/Dataset/Test/Fake/fake_204.jpg,0,0,True,0.9999603033065796,3.975101571995765e-05
/content/Dataset/Test/Fake/fake_2040.jpg,0,0,True,0.9999936819076538,6.336575097520836e-06
/content/Dataset/Test/Fake/fake_2041.jpg,0,0,True,0.9999938011169434,6.155165010568453e-06
/content/Dataset/Test/Fake/fake_2042.jpg,0,0,True,0.9991611242294312,0.0008388365968130529
/content/Dataset/Test/Fake/fake_2043.jpg,0,0,True,0.722710132598877,0.27728980779647827
/content/Dataset/Test/Fake/fake_2044.jpg,0,0,True,0.9957446455955505,0.004255318082869053
/content/Dataset/Test/Fake/fake_2045.jpg,0,0,True,0.9999479055404663,5.215056808083318e-05
/content/Dataset/Test/Fake/fake_2046.jpg,0,0,True,0.999994158744812,5.796168807137292e-06
/content/Dataset/Test/Fake/fake_2047.jpg,0,0,True,0.9998676776885986,0.00013228268653620034
/content/Dataset/Test/Fake/fake_2048.jpg,0,0,True,0.9986203908920288,0.0013795917620882392
/content/Dataset/Test/Fake/fake_2049.jpg,0,0,True,0.999987006187439,1.3038350516580977e-05
/content/Dataset/Test/Fake/fake_205.jpg,0,0,True,0.99997878074646,2.1221261704340577e-05
/content/Dataset/Test/Fake/fake_2050.jpg,0,0,True,0.9999803304672241,1.962385249498766e-05
/content/Dataset/Test/Fake/fake_2051.jpg,0,0,True,0.9999847412109375,1.5249506759573705e-05
/content/Dataset/Test/Fake/fake_2052.jpg,0,0,True,0.9999488592147827,5.118248373037204e-05
/content/Dataset/Test/Fake/fake_2053.jpg,0,0,True,0.9999839067459106,1.6068521290435456e-05
/content/Dataset/Test/Fake/fake_2054.jpg,0,0,True,0.9999924898147583,7.459027983713895e-06
/content/Dataset/Test/Fake/fake_2055.jpg,0,0,True,0.9999748468399048,2.513906110834796e-05
/content/Dataset/Test/Fake/fake_2056.jpg,0,0,True,0.999942421913147,5.7607579947216436e-05
/content/Dataset/Test/Fake/fake_2057.jpg,0,0,True,0.9999724626541138,2.749056147877127e-05
/content/Dataset/Test/Fake/fake_2058.jpg,0,0,True,0.9999946355819702,5.41428244105191e-06
/content/Dataset/Test/Fake/fake_2059.jpg,0,0,True,0.9999991655349731,7.805600148458325e-07
/content/Dataset/Test/Fake/fake_206.jpg,0,0,True,0.9999648332595825,3.517182994983159e-05
/content/Dataset/Test/Fake/fake_2060.jpg,0,0,True,0.999997615814209,2.379447323619388e-06
/content/Dataset/Test/Fake/fake_2061.jpg,0,0,True,0.9993457198143005,0.0006542481132782996
/content/Dataset/Test/Fake/fake_2062.jpg,0,0,True,0.9997627139091492,0.0002372707676840946
/content/Dataset/Test/Fake/fake_2063.jpg,0,0,True,0.9907820820808411,0.009217909537255764
/content/Dataset/Test/Fake/fake_2064.jpg,0,0,True,0.9999995231628418,5.331793886398373e-07
/content/Dataset/Test/Fake/fake_2065.jpg,0,0,True,0.9989116191864014,0.0010884176008403301
/content/Dataset/Test/Fake/fake_2066.jpg,0,0,True,0.9999414682388306,5.8552224800223485e-05
/content/Dataset/Test/Fake/fake_2067.jpg,0,0,True,0.9999973773956299,2.680184707060107e-06
/content/Dataset/Test/Fake/fake_2068.jpg,0,0,True,0.9999982118606567,1.7328153489870601e-06
/content/Dataset/Test/Fake/fake_2069.jpg,0,0,True,0.9276226162910461,0.07237740606069565
/content/Dataset/Test/Fake/fake_207.jpg,0,0,True,0.9978891015052795,0.0021109420340508223
/content/Dataset/Test/Fake/fake_2070.jpg,0,0,True,0.9998366832733154,0.0001632564380997792
/content/Dataset/Test/Fake/fake_2071.jpg,0,0,True,0.9999597072601318,4.032510696561076e-05
/content/Dataset/Test/Fake/fake_2072.jpg,0,0,True,0.9999892711639404,1.0707684850785881e-05
/content/Dataset/Test/Fake/fake_2073.jpg,0,0,True,0.9998787641525269,0.00012119850725866854
/content/Dataset/Test/Fake/fake_2074.jpg,0,0,True,0.9999990463256836,9.376317393616773e-07
/content/Dataset/Test/Fake/fake_2075.jpg,0,0,True,0.9999133348464966,8.662883192300797e-05
/content/Dataset/Test/Fake/fake_2076.jpg,0,0,True,0.9999850988388062,1.4854918845230713e-05
/content/Dataset/Test/Fake/fake_2077.jpg,0,0,True,0.9988101720809937,0.0011898697121068835
/content/Dataset/Test/Fake/fake_2078.jpg,0,0,True,0.978434145450592,0.02156587690114975
/content/Dataset/Test/Fake/fake_2079.jpg,0,0,True,0.9999887943267822,1.1174050996487495e-05
/content/Dataset/Test/Fake/fake_208.jpg,0,0,True,0.9997017979621887,0.0002981707511935383
/content/Dataset/Test/Fake/fake_2080.jpg,0,0,True,0.999982476234436,1.755422999849543e-05
/content/Dataset/Test/Fake/fake_2081.jpg,0,0,True,0.9999992847442627,7.597050171170849e-07
/content/Dataset/Test/Fake/fake_2082.jpg,0,0,True,0.999998927116394,1.081071786757093e-06
/content/Dataset/Test/Fake/fake_2083.jpg,0,0,True,0.9998611211776733,0.00013880000915378332
/content/Dataset/Test/Fake/fake_2084.jpg,0,0,True,0.9975614547729492,0.0024385324213653803
/content/Dataset/Test/Fake/fake_2085.jpg,0,0,True,0.9999651908874512,3.47950444847811e-05
/content/Dataset/Test/Fake/fake_2086.jpg,0,0,True,0.9997407793998718,0.0002592096570879221
/content/Dataset/Test/Fake/fake_2087.jpg,0,0,True,0.9999966621398926,3.394669647605042e-06
/content/Dataset/Test/Fake/fake_2088.jpg,0,0,True,0.9999831914901733,1.681210233073216e-05
/content/Dataset/Test/Fake/fake_2089.jpg,0,0,True,0.9994716048240662,0.0005283947684802115
/content/Dataset/Test/Fake/fake_209.jpg,0,0,True,0.9997865557670593,0.00021345136337913573
/content/Dataset/Test/Fake/fake_2090.jpg,0,0,True,0.9999514818191528,4.8512782086618245e-05
/content/Dataset/Test/Fake/fake_2091.jpg,0,0,True,0.9967279434204102,0.0032720882445573807
/content/Dataset/Test/Fake/fake_2092.jpg,0,0,True,0.999997615814209,2.435639771647402e-06
/content/Dataset/Test/Fake/fake_2093.jpg,0,0,True,0.9999985694885254,1.4020009757587104e-06
/content/Dataset/Test/Fake/fake_2094.jpg,0,0,True,0.9999918937683105,8.069358955253847e-06
/content/Dataset/Test/Fake/fake_2095.jpg,0,0,True,0.9999966621398926,3.3904182146216044e-06
/content/Dataset/Test/Fake/fake_2096.jpg,0,0,True,0.9999938011169434,6.227025096450234e-06
/content/Dataset/Test/Fake/fake_2097.jpg,0,0,True,0.9999984502792358,1.5006470448497566e-06
/content/Dataset/Test/Fake/fake_2098.jpg,0,0,True,0.9999988079071045,1.1471702237031423e-06
/content/Dataset/Test/Fake/fake_2099.jpg,0,0,True,0.9999850988388062,1.4923301932867616e-05
/content/Dataset/Test/Fake/fake_21.jpg,0,0,True,0.9999964237213135,3.6294204619480297e-06
/content/Dataset/Test/Fake/fake_210.jpg,0,0,True,0.9997140765190125,0.00028587502310983837
/content/Dataset/Test/Fake/fake_2100.jpg,0,0,True,0.9993696808815002,0.0006303729605861008
/content/Dataset/Test/Fake/fake_2101.jpg,0,1,False,0.3224374055862427,0.6775625944137573
/content/Dataset/Test/Fake/fake_2102.jpg,0,0,True,0.9999759197235107,2.4094155378406867e-05
/content/Dataset/Test/Fake/fake_2103.jpg,0,0,True,0.9988646507263184,0.001135323429480195
/content/Dataset/Test/Fake/fake_2104.jpg,0,0,True,0.9878485202789307,0.012151508592069149
/content/Dataset/Test/Fake/fake_2105.jpg,0,0,True,0.9999432563781738,5.672478073392995e-05
/content/Dataset/Test/Fake/fake_2106.jpg,0,0,True,0.9569388031959534,0.043061159551143646
/content/Dataset/Test/Fake/fake_2107.jpg,0,0,True,0.9999911785125732,8.828589670883957e-06
/content/Dataset/Test/Fake/fake_2108.jpg,0,0,True,0.9971190690994263,0.00288098375312984
/content/Dataset/Test/Fake/fake_2109.jpg,0,0,True,0.9999994039535522,6.478332466031134e-07
/content/Dataset/Test/Fake/fake_211.jpg,0,0,True,0.9999903440475464,9.713163308333606e-06
/content/Dataset/Test/Fake/fake_2110.jpg,0,0,True,0.9999980926513672,1.93488585864543e-06
/content/Dataset/Test/Fake/fake_2111.jpg,0,0,True,0.9999992847442627,6.897029720676073e-07
/content/Dataset/Test/Fake/fake_2112.jpg,0,0,True,0.9999982118606567,1.754957452249073e-06
/content/Dataset/Test/Fake/fake_2113.jpg,0,0,True,0.9999772310256958,2.278676038258709e-05
/content/Dataset/Test/Fake/fake_2114.jpg,0,0,True,0.9999858140945435,1.4201571502781007e-05
/content/Dataset/Test/Fake/fake_2115.jpg,0,0,True,0.9479230642318726,0.05207696929574013
/content/Dataset/Test/Fake/fake_2116.jpg,0,0,True,0.9998169541358948,0.00018303572142031044
/content/Dataset/Test/Fake/fake_2117.jpg,0,0,True,0.9992125034332275,0.0007874768925830722
/content/Dataset/Test/Fake/fake_2118.jpg,0,0,True,0.9997462630271912,0.00025369954528287053
/content/Dataset/Test/Fake/fake_2119.jpg,0,0,True,0.9930805563926697,0.006919450126588345
/content/Dataset/Test/Fake/fake_212.jpg,0,0,True,0.777683675289154,0.22231635451316833
/content/Dataset/Test/Fake/fake_2120.jpg,0,1,False,0.46521297097206116,0.5347870588302612
/content/Dataset/Test/Fake/fake_2121.jpg,0,0,True,0.9999806880950928,1.926357981574256e-05
/content/Dataset/Test/Fake/fake_2122.jpg,0,0,True,0.9999908208847046,9.128245437750593e-06
/content/Dataset/Test/Fake/fake_2123.jpg,0,0,True,0.9999986886978149,1.3092100061840029e-06
/content/Dataset/Test/Fake/fake_2124.jpg,0,0,True,0.9995895028114319,0.0004104987601749599
/content/Dataset/Test/Fake/fake_2125.jpg,0,0,True,0.9999996423721313,4.005129596862389e-07
/content/Dataset/Test/Fake/fake_2126.jpg,0,0,True,0.9999181032180786,8.189495565602556e-05
/content/Dataset/Test/Fake/fake_2127.jpg,0,0,True,0.9964853525161743,0.003514614887535572
/content/Dataset/Test/Fake/fake_2128.jpg,0,0,True,0.9999992847442627,7.210998091977672e-07
/content/Dataset/Test/Fake/fake_2129.jpg,0,0,True,0.9999210834503174,7.889910193625838e-05
/content/Dataset/Test/Fake/fake_213.jpg,0,0,True,0.9996311664581299,0.00036878223181702197
/content/Dataset/Test/Fake/fake_2130.jpg,0,0,True,0.9999556541442871,4.4399595935828984e-05
/content/Dataset/Test/Fake/fake_2131.jpg,0,0,True,0.9998917579650879,0.00010820297029567882
/content/Dataset/Test/Fake/fake_2132.jpg,0,0,True,0.9999953508377075,4.638059181161225e-06
/content/Dataset/Test/Fake/fake_2133.jpg,0,0,True,0.9999819993972778,1.8036780602415092e-05
/content/Dataset/Test/Fake/fake_2134.jpg,0,0,True,0.9999898672103882,1.0160652891499922e-05
/content/Dataset/Test/Fake/fake_2135.jpg,0,0,True,0.9999955892562866,4.455323960428359e-06
/content/Dataset/Test/Fake/fake_2136.jpg,0,0,True,0.9999982118606567,1.8133753201254876e-06
/content/Dataset/Test/Fake/fake_2137.jpg,0,0,True,0.9999990463256836,1.0021871048593312e-06
/content/Dataset/Test/Fake/fake_2138.jpg,0,0,True,0.9999992847442627,7.238075454552018e-07
/content/Dataset/Test/Fake/fake_2139.jpg,0,0,True,0.998706579208374,0.0012934543192386627
/content/Dataset/Test/Fake/fake_214.jpg,0,0,True,0.9901520609855652,0.00984793622046709
/content/Dataset/Test/Fake/fake_2140.jpg,0,0,True,0.9980731010437012,0.0019268611213192344
/content/Dataset/Test/Fake/fake_2141.jpg,0,0,True,0.9998887777328491,0.00011123608419438824
/content/Dataset/Test/Fake/fake_2142.jpg,0,0,True,0.9981991648674011,0.0018009193008765578
/content/Dataset/Test/Fake/fake_2143.jpg,0,0,True,0.9992696642875671,0.000730286177713424
/content/Dataset/Test/Fake/fake_2144.jpg,0,0,True,0.9999734163284302,2.6586310923448764e-05
/content/Dataset/Test/Fake/fake_2145.jpg,0,0,True,0.7964560985565186,0.20354387164115906
/content/Dataset/Test/Fake/fake_2146.jpg,0,0,True,0.6710808277130127,0.3289191424846649
/content/Dataset/Test/Fake/fake_2147.jpg,0,0,True,0.9986116886138916,0.0013883250067010522
/content/Dataset/Test/Fake/fake_2148.jpg,0,0,True,0.9961286783218384,0.003871241817250848
/content/Dataset/Test/Fake/fake_2149.jpg,0,0,True,0.8620944023132324,0.13790561258792877
/content/Dataset/Test/Fake/fake_215.jpg,0,0,True,0.9990454316139221,0.000954602612182498
/content/Dataset/Test/Fake/fake_2150.jpg,0,0,True,0.9999990463256836,9.115502166423539e-07
/content/Dataset/Test/Fake/fake_2151.jpg,0,0,True,0.9999991655349731,8.583417070440191e-07
/content/Dataset/Test/Fake/fake_2152.jpg,0,0,True,0.999998927116394,1.0576516160654137e-06
/content/Dataset/Test/Fake/fake_2153.jpg,0,0,True,0.9999983310699463,1.7097734144044807e-06
/content/Dataset/Test/Fake/fake_2154.jpg,0,0,True,0.9999611377716064,3.887953789671883e-05
/content/Dataset/Test/Fake/fake_2155.jpg,0,0,True,0.9999985694885254,1.4060593684916967e-06
/content/Dataset/Test/Fake/fake_2156.jpg,0,0,True,0.9724589586257935,0.02754102274775505
/content/Dataset/Test/Fake/fake_2157.jpg,0,0,True,0.9999984502792358,1.5796722436789423e-06
/content/Dataset/Test/Fake/fake_2158.jpg,0,0,True,0.9999992847442627,7.731441087344137e-07
/content/Dataset/Test/Fake/fake_2159.jpg,0,0,True,0.9999783039093018,2.1690406356356107e-05
/content/Dataset/Test/Fake/fake_216.jpg,0,0,True,0.8908754587173462,0.10912448912858963
/content/Dataset/Test/Fake/fake_2160.jpg,0,0,True,0.9999645948410034,3.538546297932044e-05
/content/Dataset/Test/Fake/fake_2161.jpg,0,0,True,0.9999443292617798,5.5696906201774254e-05
/content/Dataset/Test/Fake/fake_2162.jpg,0,0,True,0.9999809265136719,1.912453990371432e-05
/content/Dataset/Test/Fake/fake_2163.jpg,0,0,True,0.994954526424408,0.005045449826866388
/content/Dataset/Test/Fake/fake_2164.jpg,0,0,True,0.9817972183227539,0.01820278912782669
/content/Dataset/Test/Fake/fake_2165.jpg,0,0,True,0.999967098236084,3.285549973952584e-05
/content/Dataset/Test/Fake/fake_2166.jpg,0,0,True,0.9999943971633911,5.569381755776703e-06
/content/Dataset/Test/Fake/fake_2167.jpg,0,0,True,0.9997583031654358,0.00024175133148673922
/content/Dataset/Test/Fake/fake_2168.jpg,0,0,True,0.9999852180480957,1.4750286936759949e-05
/content/Dataset/Test/Fake/fake_2169.jpg,0,0,True,0.9999605417251587,3.941757677239366e-05
/content/Dataset/Test/Fake/fake_217.jpg,0,0,True,0.9997119307518005,0.00028806322370655835
/content/Dataset/Test/Fake/fake_2170.jpg,0,0,True,0.9999837875366211,1.6265046724583954e-05
/content/Dataset/Test/Fake/fake_2171.jpg,0,0,True,0.9995392560958862,0.0004608259769156575
/content/Dataset/Test/Fake/fake_2172.jpg,0,0,True,0.9999942779541016,5.74301702727098e-06
/content/Dataset/Test/Fake/fake_2173.jpg,0,0,True,0.9999667406082153,3.322413977002725e-05
/content/Dataset/Test/Fake/fake_2174.jpg,0,0,True,0.9999268054962158,7.320666190935299e-05
/content/Dataset/Test/Fake/fake_2175.jpg,0,0,True,0.9999263286590576,7.368157093878835e-05
/content/Dataset/Test/Fake/fake_2176.jpg,0,0,True,0.9999929666519165,7.017596999503439e-06
/content/Dataset/Test/Fake/fake_2177.jpg,0,0,True,0.9999799728393555,2.0028721337439492e-05
/content/Dataset/Test/Fake/fake_2178.jpg,0,0,True,0.9999960660934448,3.918227321264567e-06
/content/Dataset/Test/Fake/fake_2179.jpg,0,0,True,0.9641616940498352,0.03583824262022972
/content/Dataset/Test/Fake/fake_218.jpg,0,0,True,0.9988769888877869,0.0011230278760194778
/content/Dataset/Test/Fake/fake_2180.jpg,0,0,True,0.9999840259552002,1.603215241630096e-05
/content/Dataset/Test/Fake/fake_2181.jpg,0,0,True,0.9999096393585205,9.030251385411248e-05
/content/Dataset/Test/Fake/fake_2182.jpg,0,1,False,0.2681974470615387,0.7318025231361389
/content/Dataset/Test/Fake/fake_2183.jpg,0,0,True,0.9999874830245972,1.252725996891968e-05
/content/Dataset/Test/Fake/fake_2184.jpg,0,0,True,0.9999266862869263,7.331011875066906e-05
/content/Dataset/Test/Fake/fake_2185.jpg,0,0,True,0.9982219338417053,0.0017780893249437213
/content/Dataset/Test/Fake/fake_2186.jpg,0,0,True,0.999988317489624,1.1658928997348994e-05
/content/Dataset/Test/Fake/fake_2187.jpg,0,0,True,0.9999898672103882,1.0125258086191025e-05
/content/Dataset/Test/Fake/fake_2188.jpg,0,0,True,0.9999823570251465,1.7586968169780448e-05
/content/Dataset/Test/Fake/fake_2189.jpg,0,0,True,0.9999979734420776,2.0097438664379297e-06
/content/Dataset/Test/Fake/fake_219.jpg,0,0,True,0.9997842907905579,0.00021572633704636246
/content/Dataset/Test/Fake/fake_2190.jpg,0,0,True,0.9998014569282532,0.0001986069983104244
/content/Dataset/Test/Fake/fake_2191.jpg,0,0,True,0.9955497980117798,0.004450187087059021
/content/Dataset/Test/Fake/fake_2192.jpg,0,0,True,0.9999986886978149,1.2618845630640863e-06
/content/Dataset/Test/Fake/fake_2193.jpg,0,0,True,0.9999991655349731,8.692849178260076e-07
/content/Dataset/Test/Fake/fake_2194.jpg,0,0,True,0.9999539852142334,4.606023139785975e-05
/content/Dataset/Test/Fake/fake_2195.jpg,0,1,False,0.12000574171543121,0.87999427318573
/content/Dataset/Test/Fake/fake_2196.jpg,0,0,True,0.999985933303833,1.4091862794884946e-05
/content/Dataset/Test/Fake/fake_2197.jpg,0,0,True,0.9999955892562866,4.363204425317235e-06
/content/Dataset/Test/Fake/fake_2198.jpg,0,0,True,0.9998155236244202,0.00018452521180734038
/content/Dataset/Test/Fake/fake_2199.jpg,0,0,True,0.9999991655349731,8.37181460155989e-07
/content/Dataset/Test/Fake/fake_22.jpg,0,0,True,0.9999901056289673,9.847311957855709e-06
/content/Dataset/Test/Fake/fake_220.jpg,0,0,True,0.9998261332511902,0.00017393544840160757
/content/Dataset/Test/Fake/fake_2200.jpg,0,0,True,0.9982720613479614,0.0017279190942645073
/content/Dataset/Test/Fake/fake_2201.jpg,0,0,True,0.9997485280036926,0.00025146716507151723
/content/Dataset/Test/Fake/fake_2202.jpg,0,0,True,0.9999881982803345,1.1765137060137931e-05
/content/Dataset/Test/Fake/fake_2203.jpg,0,0,True,0.9999994039535522,5.916251097914937e-07
/content/Dataset/Test/Fake/fake_2204.jpg,0,0,True,0.9945840239524841,0.005415963940322399
/content/Dataset/Test/Fake/fake_2205.jpg,0,0,True,0.9987848401069641,0.0012151916744187474
/content/Dataset/Test/Fake/fake_2206.jpg,0,0,True,0.9999827146530151,1.7239099179278128e-05
/content/Dataset/Test/Fake/fake_2207.jpg,0,0,True,0.9999935626983643,6.442932317440864e-06
/content/Dataset/Test/Fake/fake_2208.jpg,0,0,True,0.9999983310699463,1.6607954194114427e-06
/content/Dataset/Test/Fake/fake_2209.jpg,0,0,True,0.9999895095825195,1.0475516319274902e-05
/content/Dataset/Test/Fake/fake_221.jpg,0,0,True,0.9994423985481262,0.0005576310213655233
/content/Dataset/Test/Fake/fake_2210.jpg,0,0,True,0.9951593279838562,0.0048406245186924934
/content/Dataset/Test/Fake/fake_2211.jpg,0,0,True,0.9999868869781494,1.3168561963539105e-05
/content/Dataset/Test/Fake/fake_2212.jpg,0,0,True,0.9999641180038452,3.587501487345435e-05
/content/Dataset/Test/Fake/fake_2213.jpg,0,0,True,0.9443996548652649,0.05560041218996048
/content/Dataset/Test/Fake/fake_2214.jpg,0,0,True,0.9999926090240479,7.442230980814202e-06
/content/Dataset/Test/Fake/fake_2215.jpg,0,0,True,0.9999982118606567,1.7445964886064758e-06
/content/Dataset/Test/Fake/fake_2216.jpg,0,0,True,0.9998313188552856,0.00016870422405190766
/content/Dataset/Test/Fake/fake_2217.jpg,0,0,True,0.999782383441925,0.00021766082500107586
/content/Dataset/Test/Fake/fake_2218.jpg,0,0,True,0.9997729659080505,0.00022698729299008846
/content/Dataset/Test/Fake/fake_2219.jpg,0,0,True,0.9996635913848877,0.00033638629247434437
/content/Dataset/Test/Fake/fake_222.jpg,0,0,True,0.999771773815155,0.00022823949984740466
/content/Dataset/Test/Fake/fake_2220.jpg,0,0,True,0.9999728202819824,2.7159181627212092e-05
/content/Dataset/Test/Fake/fake_2221.jpg,0,0,True,0.9999845027923584,1.554025220684707e-05
/content/Dataset/Test/Fake/fake_2222.jpg,0,0,True,0.9998929500579834,0.0001070799698936753
/content/Dataset/Test/Fake/fake_2223.jpg,0,1,False,0.4593285322189331,0.5406714677810669
/content/Dataset/Test/Fake/fake_2224.jpg,0,0,True,0.9999936819076538,6.347456292132847e-06
/content/Dataset/Test/Fake/fake_2225.jpg,0,0,True,0.9382777810096741,0.061722200363874435
/content/Dataset/Test/Fake/fake_2226.jpg,0,0,True,0.9988757967948914,0.0011241543106734753
/content/Dataset/Test/Fake/fake_2227.jpg,0,0,True,0.9999147653579712,8.520987466908991e-05
/content/Dataset/Test/Fake/fake_2228.jpg,0,0,True,0.9999991655349731,8.006952612049645e-07
/content/Dataset/Test/Fake/fake_2229.jpg,0,0,True,0.993887722492218,0.006112324073910713
/content/Dataset/Test/Fake/fake_223.jpg,0,0,True,0.9710288047790527,0.028971171006560326
/content/Dataset/Test/Fake/fake_2230.jpg,0,0,True,0.9598503112792969,0.040149714797735214
/content/Dataset/Test/Fake/fake_2231.jpg,0,0,True,0.9999667406082153,3.322287375340238e-05
/content/Dataset/Test/Fake/fake_2232.jpg,0,0,True,0.9967239499092102,0.0032760377507656813
/content/Dataset/Test/Fake/fake_2233.jpg,0,0,True,0.9956941604614258,0.004305814392864704
/content/Dataset/Test/Fake/fake_2234.jpg,0,0,True,0.8743888139724731,0.12561121582984924
/content/Dataset/Test/Fake/fake_2235.jpg,0,0,True,0.9999305009841919,6.951117393327877e-05
/content/Dataset/Test/Fake/fake_2236.jpg,0,0,True,0.9999988079071045,1.180096887765103e-06
/content/Dataset/Test/Fake/fake_2237.jpg,0,0,True,0.9999970197677612,2.975337565658265e-06
/content/Dataset/Test/Fake/fake_2238.jpg,0,0,True,0.9999347925186157,6.514397682622075e-05
/content/Dataset/Test/Fake/fake_2239.jpg,0,0,True,0.999760091304779,0.00023987934400793165
/content/Dataset/Test/Fake/fake_224.jpg,0,0,True,0.9999003410339355,9.964769560610875e-05
/content/Dataset/Test/Fake/fake_2240.jpg,0,0,True,0.9998723268508911,0.00012763582344632596
/content/Dataset/Test/Fake/fake_2241.jpg,0,0,True,0.9999209642410278,7.900390482973307e-05
/content/Dataset/Test/Fake/fake_2242.jpg,0,0,True,0.9999872446060181,1.275122122024186e-05
/content/Dataset/Test/Fake/fake_2243.jpg,0,0,True,0.9999796152114868,2.0409026546985842e-05
/content/Dataset/Test/Fake/fake_2244.jpg,0,0,True,0.9999967813491821,3.1706142635812284e-06
/content/Dataset/Test/Fake/fake_2245.jpg,0,0,True,0.9985904097557068,0.0014095770893618464
/content/Dataset/Test/Fake/fake_2246.jpg,0,0,True,0.999997615814209,2.3644117845833534e-06
/content/Dataset/Test/Fake/fake_2247.jpg,0,0,True,0.9997121691703796,0.00028779421700164676
/content/Dataset/Test/Fake/fake_2248.jpg,0,0,True,0.99998939037323,1.0585057680145837e-05
/content/Dataset/Test/Fake/fake_2249.jpg,0,0,True,0.9997970461845398,0.0002029929746640846
/content/Dataset/Test/Fake/fake_225.jpg,0,1,False,0.2559022009372711,0.7440977692604065
/content/Dataset/Test/Fake/fake_2250.jpg,0,1,False,0.05801187455654144,0.9419881701469421
/content/Dataset/Test/Fake/fake_2251.jpg,0,0,True,0.9999645948410034,3.5370954719837755e-05
/content/Dataset/Test/Fake/fake_2252.jpg,0,0,True,0.999997615814209,2.3485342808271525e-06
/content/Dataset/Test/Fake/fake_2253.jpg,0,0,True,0.9999995231628418,5.269395160212298e-07
/content/Dataset/Test/Fake/fake_2254.jpg,0,0,True,0.9812543392181396,0.01874559558928013
/content/Dataset/Test/Fake/fake_2255.jpg,0,0,True,0.999990701675415,9.266742381441873e-06
/content/Dataset/Test/Fake/fake_2256.jpg,0,0,True,0.9999963045120239,3.6623539472202538e-06
/content/Dataset/Test/Fake/fake_2257.jpg,0,0,True,0.9993771910667419,0.0006228365818969905
/content/Dataset/Test/Fake/fake_2258.jpg,0,0,True,0.9999966621398926,3.384728870514664e-06
/content/Dataset/Test/Fake/fake_2259.jpg,0,0,True,0.9589148163795471,0.041085176169872284
/content/Dataset/Test/Fake/fake_226.jpg,0,0,True,0.9135158658027649,0.08648410439491272
/content/Dataset/Test/Fake/fake_2260.jpg,0,0,True,0.9999849796295166,1.5055872609082144e-05
/content/Dataset/Test/Fake/fake_2261.jpg,0,0,True,0.9998168349266052,0.00018322117102798074
/content/Dataset/Test/Fake/fake_2262.jpg,0,0,True,0.9996939897537231,0.0003060064045712352
/content/Dataset/Test/Fake/fake_2263.jpg,0,0,True,0.9999042749404907,9.571116970619187e-05
/content/Dataset/Test/Fake/fake_2264.jpg,0,0,True,0.9999983310699463,1.681316462054383e-06
/content/Dataset/Test/Fake/fake_2265.jpg,0,0,True,0.9999988079071045,1.2008569001409342e-06
/content/Dataset/Test/Fake/fake_2266.jpg,0,0,True,0.9942607879638672,0.005739273503422737
/content/Dataset/Test/Fake/fake_2267.jpg,0,0,True,0.9999991655349731,7.795765100127028e-07
/content/Dataset/Test/Fake/fake_2268.jpg,0,0,True,0.9999997615814209,2.6772008254738466e-07
/content/Dataset/Test/Fake/fake_2269.jpg,0,0,True,0.9999892711639404,1.068939127435442e-05
/content/Dataset/Test/Fake/fake_227.jpg,0,0,True,0.999958872795105,4.114199327887036e-05
/content/Dataset/Test/Fake/fake_2270.jpg,0,0,True,0.9998400211334229,0.00015992960834410042
/content/Dataset/Test/Fake/fake_2271.jpg,0,0,True,0.9995176792144775,0.0004823715426027775
/content/Dataset/Test/Fake/fake_2272.jpg,0,0,True,0.9999474287033081,5.2514526032609865e-05
/content/Dataset/Test/Fake/fake_2273.jpg,0,0,True,0.9999663829803467,3.3559226721990854e-05
/content/Dataset/Test/Fake/fake_2274.jpg,0,0,True,0.9999973773956299,2.6379077553428942e-06
/content/Dataset/Test/Fake/fake_2275.jpg,0,0,True,0.9999521970748901,4.783417170983739e-05
/content/Dataset/Test/Fake/fake_2276.jpg,0,0,True,0.9999892711639404,1.0692909199860878e-05
/content/Dataset/Test/Fake/fake_2277.jpg,0,0,True,0.8137167692184448,0.1862832009792328
/content/Dataset/Test/Fake/fake_2278.jpg,0,0,True,0.9999171495437622,8.28688353067264e-05
/content/Dataset/Test/Fake/fake_2279.jpg,0,0,True,0.9999691247940063,3.0826882721157745e-05
/content/Dataset/Test/Fake/fake_228.jpg,0,1,False,0.48962336778640747,0.5103765726089478
/content/Dataset/Test/Fake/fake_2280.jpg,0,0,True,0.9994506239891052,0.000549362157471478
/content/Dataset/Test/Fake/fake_2281.jpg,0,0,True,0.9989914298057556,0.0010085231624543667
/content/Dataset/Test/Fake/fake_2282.jpg,0,0,True,0.9999618530273438,3.810680937021971e-05
/content/Dataset/Test/Fake/fake_2283.jpg,0,0,True,0.928727924823761,0.07127205282449722
/content/Dataset/Test/Fake/fake_2284.jpg,0,0,True,0.9989036321640015,0.001096305437386036
/content/Dataset/Test/Fake/fake_2285.jpg,0,0,True,0.9999908208847046,9.174036676995456e-06
/content/Dataset/Test/Fake/fake_2286.jpg,0,0,True,0.9999966621398926,3.3884109598147916e-06
/content/Dataset/Test/Fake/fake_2287.jpg,0,0,True,0.9999845027923584,1.5524386981269345e-05
/content/Dataset/Test/Fake/fake_2288.jpg,0,0,True,0.9999967813491821,3.240316573283053e-06
/content/Dataset/Test/Fake/fake_2289.jpg,0,0,True,0.9999927282333374,7.324867056013318e-06
/content/Dataset/Test/Fake/fake_229.jpg,0,0,True,0.7104333639144897,0.28956663608551025
/content/Dataset/Test/Fake/fake_2290.jpg,0,0,True,0.8986771106719971,0.10132291167974472
/content/Dataset/Test/Fake/fake_2291.jpg,0,0,True,0.9999969005584717,3.1060087621881394e-06
/content/Dataset/Test/Fake/fake_2292.jpg,0,0,True,0.9990050196647644,0.0009950104868039489
/content/Dataset/Test/Fake/fake_2293.jpg,0,0,True,0.9999945163726807,5.514554686669726e-06
/content/Dataset/Test/Fake/fake_2294.jpg,0,0,True,0.9998593330383301,0.00014068844029679894
/content/Dataset/Test/Fake/fake_2295.jpg,0,0,True,0.9999887943267822,1.1154461390106007e-05
/content/Dataset/Test/Fake/fake_2296.jpg,0,0,True,0.9999971389770508,2.918933432738413e-06
/content/Dataset/Test/Fake/fake_2297.jpg,0,0,True,0.9588204622268677,0.04117957875132561
/content/Dataset/Test/Fake/fake_2298.jpg,0,0,True,0.9999992847442627,7.541474928984826e-07
/content/Dataset/Test/Fake/fake_2299.jpg,0,0,True,0.9955806136131287,0.004419337026774883
/content/Dataset/Test/Fake/fake_23.jpg,0,0,True,0.9999984502792358,1.544592805657885e-06
/content/Dataset/Test/Fake/fake_230.jpg,0,0,True,0.9985811710357666,0.0014188477071002126
/content/Dataset/Test/Fake/fake_2300.jpg,0,0,True,0.9949847459793091,0.005015286151319742
/content/Dataset/Test/Fake/fake_2301.jpg,0,0,True,0.9998526573181152,0.0001473496959079057
/content/Dataset/Test/Fake/fake_2302.jpg,0,0,True,0.9997281432151794,0.0002718677860684693
/content/Dataset/Test/Fake/fake_2303.jpg,0,0,True,0.999975323677063,2.4677186956978403e-05
/content/Dataset/Test/Fake/fake_2304.jpg,0,0,True,0.9999890327453613,1.092695674742572e-05
/content/Dataset/Test/Fake/fake_2305.jpg,0,0,True,0.8696722388267517,0.13032777607440948
/content/Dataset/Test/Fake/fake_2306.jpg,0,0,True,0.999996542930603,3.447762537689414e-06
/content/Dataset/Test/Fake/fake_2307.jpg,0,0,True,0.9999980926513672,1.9226170024921885e-06
/content/Dataset/Test/Fake/fake_2308.jpg,0,0,True,0.9998728036880493,0.00012719127698801458
/content/Dataset/Test/Fake/fake_2309.jpg,0,0,True,0.9999985694885254,1.4026562666913378e-06
/content/Dataset/Test/Fake/fake_231.jpg,0,0,True,0.9976686835289001,0.0023313332349061966
/content/Dataset/Test/Fake/fake_2310.jpg,0,0,True,0.9886128306388855,0.011387200094759464
/content/Dataset/Test/Fake/fake_2311.jpg,0,0,True,0.999997615814209,2.3695154141023522e-06
/content/Dataset/Test/Fake/fake_2312.jpg,0,0,True,0.9998509883880615,0.00014893118350300938
/content/Dataset/Test/Fake/fake_2313.jpg,0,0,True,0.9998787641525269,0.0001212225470226258
/content/Dataset/Test/Fake/fake_2314.jpg,0,0,True,0.9999994039535522,6.362428166539758e-07
/content/Dataset/Test/Fake/fake_2315.jpg,0,0,True,0.9999963045120239,3.6447515867621405e-06
/content/Dataset/Test/Fake/fake_2316.jpg,0,0,True,0.9999790191650391,2.0974512153770775e-05
/content/Dataset/Test/Fake/fake_2317.jpg,0,0,True,0.9999788999557495,2.1050742361694574e-05
/content/Dataset/Test/Fake/fake_2318.jpg,0,0,True,0.9938634634017944,0.006136571057140827
/content/Dataset/Test/Fake/fake_2319.jpg,0,0,True,0.9999836683273315,1.6313513697241433e-05
/content/Dataset/Test/Fake/fake_232.jpg,0,0,True,0.9999948740005493,5.1609831643872894e-06
/content/Dataset/Test/Fake/fake_2320.jpg,0,0,True,0.9999631643295288,3.678398934425786e-05
/content/Dataset/Test/Fake/fake_2321.jpg,0,0,True,0.9999836683273315,1.6284880985040218e-05
/content/Dataset/Test/Fake/fake_2322.jpg,0,0,True,0.9999713897705078,2.8581593142007478e-05
/content/Dataset/Test/Fake/fake_2323.jpg,0,0,True,0.9995236396789551,0.00047633127542212605
/content/Dataset/Test/Fake/fake_2324.jpg,0,0,True,0.9999992847442627,7.362035603364347e-07
/content/Dataset/Test/Fake/fake_2325.jpg,0,0,True,0.9999921321868896,7.83773521106923e-06
/content/Dataset/Test/Fake/fake_2326.jpg,0,1,False,0.026344697922468185,0.9736552834510803
/content/Dataset/Test/Fake/fake_2327.jpg,0,0,True,0.9974914789199829,0.0025085052475333214
/content/Dataset/Test/Fake/fake_2328.jpg,0,0,True,0.9998897314071655,0.00011029309825971723
/content/Dataset/Test/Fake/fake_2329.jpg,0,0,True,0.999997615814209,2.4327425762749044e-06
/content/Dataset/Test/Fake/fake_233.jpg,0,0,True,0.7053382396697998,0.2946617603302002
/content/Dataset/Test/Fake/fake_2330.jpg,0,1,False,0.10431227087974548,0.8956876993179321
/content/Dataset/Test/Fake/fake_2331.jpg,0,0,True,0.9999873638153076,1.261808483832283e-05
/content/Dataset/Test/Fake/fake_2332.jpg,0,0,True,0.9999973773956299,2.629215032357024e-06
/content/Dataset/Test/Fake/fake_2333.jpg,0,0,True,0.9999963045120239,3.7061220155010233e-06
/content/Dataset/Test/Fake/fake_2334.jpg,0,0,True,0.9999597072601318,4.028390321764164e-05
/content/Dataset/Test/Fake/fake_2335.jpg,0,0,True,0.9999994039535522,5.770064603893843e-07
/content/Dataset/Test/Fake/fake_2336.jpg,0,0,True,0.9999963045120239,3.678045459309942e-06
/content/Dataset/Test/Fake/fake_2337.jpg,0,0,True,0.9999983310699463,1.6651265468681231e-06
/content/Dataset/Test/Fake/fake_2338.jpg,0,0,True,0.9999990463256836,9.956244184650132e-07
/content/Dataset/Test/Fake/fake_2339.jpg,0,0,True,0.9999977350234985,2.2402696231438313e-06
/content/Dataset/Test/Fake/fake_234.jpg,0,0,True,0.9985299110412598,0.0014701189938932657
/content/Dataset/Test/Fake/fake_2340.jpg,0,0,True,0.9998912811279297,0.00010865853255381808
/content/Dataset/Test/Fake/fake_2341.jpg,0,0,True,0.9999942779541016,5.753905043093255e-06
/content/Dataset/Test/Fake/fake_2342.jpg,0,0,True,0.9999868869781494,1.3138869690010324e-05
/content/Dataset/Test/Fake/fake_2343.jpg,0,0,True,0.9999996423721313,3.722692554219975e-07
/content/Dataset/Test/Fake/fake_2344.jpg,0,0,True,0.9999839067459106,1.6039843103499152e-05
/content/Dataset/Test/Fake/fake_2345.jpg,0,0,True,0.9994646906852722,0.0005353065789677203
/content/Dataset/Test/Fake/fake_2346.jpg,0,0,True,0.9999769926071167,2.2992733647697605e-05
/content/Dataset/Test/Fake/fake_2347.jpg,0,0,True,0.9999986886978149,1.3686920965483296e-06
/content/Dataset/Test/Fake/fake_2348.jpg,0,1,False,0.3753781020641327,0.6246218681335449
/content/Dataset/Test/Fake/fake_2349.jpg,0,0,True,0.9999303817749023,6.964812200749293e-05
/content/Dataset/Test/Fake/fake_235.jpg,0,0,True,0.970422625541687,0.02957739681005478
/content/Dataset/Test/Fake/fake_2350.jpg,0,0,True,0.999958872795105,4.111712405574508e-05
/content/Dataset/Test/Fake/fake_2351.jpg,0,0,True,0.9997009038925171,0.00029916680068708956
/content/Dataset/Test/Fake/fake_2352.jpg,0,0,True,0.9999992847442627,6.877652936054801e-07
/content/Dataset/Test/Fake/fake_2353.jpg,0,0,True,0.9999988079071045,1.1526554999363725e-06
/content/Dataset/Test/Fake/fake_2354.jpg,0,0,True,0.999997615814209,2.3794043499947293e-06
/content/Dataset/Test/Fake/fake_2355.jpg,0,0,True,0.9999557733535767,4.41739393863827e-05
/content/Dataset/Test/Fake/fake_2356.jpg,0,0,True,0.9999942779541016,5.759636678703828e-06
/content/Dataset/Test/Fake/fake_2357.jpg,0,0,True,0.9998695850372314,0.00013040134217590094
/content/Dataset/Test/Fake/fake_2358.jpg,0,0,True,0.9999855756759644,1.4423682841879781e-05
/content/Dataset/Test/Fake/fake_2359.jpg,0,0,True,0.9985625147819519,0.0014374548336490989
/content/Dataset/Test/Fake/fake_236.jpg,0,0,True,0.9684839248657227,0.031516097486019135
/content/Dataset/Test/Fake/fake_2360.jpg,0,0,True,0.9999858140945435,1.415324913978111e-05
/content/Dataset/Test/Fake/fake_2361.jpg,0,0,True,0.9999899864196777,1.0042153917311225e-05
/content/Dataset/Test/Fake/fake_2362.jpg,0,0,True,0.9999986886978149,1.2758731600115425e-06
/content/Dataset/Test/Fake/fake_2363.jpg,0,0,True,0.9994951486587524,0.0005047795712016523
/content/Dataset/Test/Fake/fake_2364.jpg,0,0,True,0.9999970197677612,2.986142362715327e-06
/content/Dataset/Test/Fake/fake_2365.jpg,0,0,True,0.9999891519546509,1.0803753866639454e-05
/content/Dataset/Test/Fake/fake_2366.jpg,0,0,True,0.9999803304672241,1.969231743714772e-05
/content/Dataset/Test/Fake/fake_2367.jpg,0,0,True,0.9999866485595703,1.3331029549590312e-05
/content/Dataset/Test/Fake/fake_2368.jpg,0,0,True,0.9995719790458679,0.0004279996792320162
/content/Dataset/Test/Fake/fake_2369.jpg,0,1,False,0.42832234501838684,0.5716776251792908
/content/Dataset/Test/Fake/fake_237.jpg,0,0,True,0.9950333833694458,0.004966669250279665
/content/Dataset/Test/Fake/fake_2370.jpg,0,0,True,0.9989859461784363,0.0010140225058421493
/content/Dataset/Test/Fake/fake_2371.jpg,0,0,True,0.9996969699859619,0.00030299968784675
/content/Dataset/Test/Fake/fake_2372.jpg,0,0,True,0.9998964071273804,0.00010353739344282076
/content/Dataset/Test/Fake/fake_2373.jpg,0,0,True,0.9994675517082214,0.000532468082383275
/content/Dataset/Test/Fake/fake_2374.jpg,0,0,True,0.9997145533561707,0.00028546815156005323
/content/Dataset/Test/Fake/fake_2375.jpg,0,0,True,0.9999837875366211,1.6220992620219477e-05
/content/Dataset/Test/Fake/fake_2376.jpg,0,0,True,0.9999974966049194,2.5600149911042536e-06
/content/Dataset/Test/Fake/fake_2377.jpg,0,0,True,0.9999711513519287,2.8838521757279523e-05
/content/Dataset/Test/Fake/fake_2378.jpg,0,0,True,0.9999959468841553,3.995487986685475e-06
/content/Dataset/Test/Fake/fake_2379.jpg,0,0,True,0.999995231628418,4.793197149410844e-06
/content/Dataset/Test/Fake/fake_238.jpg,0,0,True,0.9216194748878479,0.07838057726621628
/content/Dataset/Test/Fake/fake_2380.jpg,0,0,True,0.9999167919158936,8.319625339936465e-05
/content/Dataset/Test/Fake/fake_2381.jpg,0,0,True,0.9999991655349731,8.370449222638854e-07
/content/Dataset/Test/Fake/fake_2382.jpg,0,0,True,0.9998573064804077,0.0001426285016350448
/content/Dataset/Test/Fake/fake_2383.jpg,0,0,True,0.9999500513076782,4.9914291594177485e-05
/content/Dataset/Test/Fake/fake_2384.jpg,0,0,True,0.9999749660491943,2.5054958314285614e-05
/content/Dataset/Test/Fake/fake_2385.jpg,0,0,True,0.9999219179153442,7.803561311447993e-05
/content/Dataset/Test/Fake/fake_2386.jpg,0,0,True,0.9908825755119324,0.009117449633777142
/content/Dataset/Test/Fake/fake_2387.jpg,0,0,True,0.9999935626983643,6.402920917025767e-06
/content/Dataset/Test/Fake/fake_2388.jpg,0,0,True,0.9999984502792358,1.567057893225865e-06
/content/Dataset/Test/Fake/fake_2389.jpg,0,0,True,0.9999985694885254,1.4636650575994281e-06
/content/Dataset/Test/Fake/fake_239.jpg,0,0,True,0.9997358918190002,0.0002641091705299914
/content/Dataset/Test/Fake/fake_2390.jpg,0,0,True,0.9999947547912598,5.240606242296053e-06
/content/Dataset/Test/Fake/fake_2391.jpg,0,0,True,0.9999974966049194,2.5288027245551348e-06
/content/Dataset/Test/Fake/fake_2392.jpg,0,0,True,0.9999908208847046,9.217816113959998e-06
/content/Dataset/Test/Fake/fake_2393.jpg,0,0,True,0.9786115288734436,0.021388517692685127
/content/Dataset/Test/Fake/fake_2394.jpg,0,0,True,0.9999476671218872,5.233819683780894e-05
/content/Dataset/Test/Fake/fake_2395.jpg,0,0,True,0.9999691247940063,3.087572258664295e-05
/content/Dataset/Test/Fake/fake_2396.jpg,0,0,True,0.9998526573181152,0.0001472804433433339
/content/Dataset/Test/Fake/fake_2397.jpg,0,0,True,0.9999986886978149,1.342905534329475e-06
/content/Dataset/Test/Fake/fake_2398.jpg,0,0,True,0.9999345541000366,6.544004281749949e-05
/content/Dataset/Test/Fake/fake_2399.jpg,0,0,True,0.9999943971633911,5.657869678543648e-06
/content/Dataset/Test/Fake/fake_24.jpg,0,0,True,0.9999988079071045,1.2490187373259687e-06
/content/Dataset/Test/Fake/fake_240.jpg,0,0,True,0.9370623230934143,0.06293763965368271
/content/Dataset/Test/Fake/fake_2400.jpg,0,0,True,0.9999707937240601,2.9192422516644e-05
/content/Dataset/Test/Fake/fake_2401.jpg,0,0,True,0.9999127388000488,8.725985389901325e-05
/content/Dataset/Test/Fake/fake_2402.jpg,0,0,True,0.9999810457229614,1.8943748727906495e-05
/content/Dataset/Test/Fake/fake_2403.jpg,0,0,True,0.9962514042854309,0.003748606890439987
/content/Dataset/Test/Fake/fake_2404.jpg,0,0,True,0.9995018243789673,0.0004982131067663431
/content/Dataset/Test/Fake/fake_2405.jpg,0,0,True,0.9996191263198853,0.0003808888723142445
/content/Dataset/Test/Fake/fake_2406.jpg,0,0,True,0.9999982118606567,1.7396753264620202e-06
/content/Dataset/Test/Fake/fake_2407.jpg,0,0,True,0.9999841451644897,1.5853551303735003e-05
/content/Dataset/Test/Fake/fake_2408.jpg,0,0,True,0.9999802112579346,1.974903716472909e-05
/content/Dataset/Test/Fake/fake_2409.jpg,0,0,True,0.9999972581863403,2.7077433060185285e-06
/content/Dataset/Test/Fake/fake_241.jpg,0,0,True,0.9998607635498047,0.00013925446546636522
/content/Dataset/Test/Fake/fake_2410.jpg,0,0,True,0.9933058619499207,0.006694179959595203
/content/Dataset/Test/Fake/fake_2411.jpg,0,0,True,0.9634335041046143,0.036566466093063354
/content/Dataset/Test/Fake/fake_2412.jpg,0,0,True,0.9369251132011414,0.06307486444711685
/content/Dataset/Test/Fake/fake_2413.jpg,0,0,True,0.9858004450798035,0.0141995744779706
/content/Dataset/Test/Fake/fake_2414.jpg,0,0,True,0.9999841451644897,1.5817155144759454e-05
/content/Dataset/Test/Fake/fake_2415.jpg,0,0,True,0.999946117401123,5.3860945627093315e-05
/content/Dataset/Test/Fake/fake_2416.jpg,0,0,True,0.9999979734420776,2.0657180357375182e-06
/content/Dataset/Test/Fake/fake_2417.jpg,0,0,True,0.999997615814209,2.416035840724362e-06
/content/Dataset/Test/Fake/fake_2418.jpg,0,0,True,0.9999970197677612,2.929921720351558e-06
/content/Dataset/Test/Fake/fake_2419.jpg,0,0,True,0.9999864101409912,1.3586284694611095e-05
/content/Dataset/Test/Fake/fake_242.jpg,0,0,True,0.5191006064414978,0.4808993935585022
/content/Dataset/Test/Fake/fake_2420.jpg,0,0,True,0.9999940395355225,5.910825166210998e-06
/content/Dataset/Test/Fake/fake_2421.jpg,0,0,True,0.9999947547912598,5.1968145271530375e-06
/content/Dataset/Test/Fake/fake_2422.jpg,0,0,True,0.9999924898147583,7.56449117034208e-06
/content/Dataset/Test/Fake/fake_2423.jpg,0,0,True,0.9999992847442627,7.416077210109506e-07
/content/Dataset/Test/Fake/fake_2424.jpg,0,0,True,0.9999949932098389,4.95344283990562e-06
/content/Dataset/Test/Fake/fake_2425.jpg,0,0,True,0.9971593618392944,0.002840651897713542
/content/Dataset/Test/Fake/fake_2426.jpg,0,0,True,0.9997190833091736,0.00028084591031074524
/content/Dataset/Test/Fake/fake_2427.jpg,0,0,True,0.9999896287918091,1.0330000804970041e-05
/content/Dataset/Test/Fake/fake_2428.jpg,0,0,True,0.9999372959136963,6.264892726903781e-05
/content/Dataset/Test/Fake/fake_2429.jpg,0,0,True,0.999259889125824,0.0007400414324365556
/content/Dataset/Test/Fake/fake_243.jpg,0,0,True,0.9999831914901733,1.685134702711366e-05
/content/Dataset/Test/Fake/fake_2430.jpg,0,0,True,0.9998754262924194,0.00012450119538698345
/content/Dataset/Test/Fake/fake_2431.jpg,0,0,True,0.9999959468841553,4.063927008246537e-06
/content/Dataset/Test/Fake/fake_2432.jpg,0,0,True,0.9996297359466553,0.00037027025246061385
/content/Dataset/Test/Fake/fake_2433.jpg,0,0,True,0.9999915361404419,8.517316018696874e-06
/content/Dataset/Test/Fake/fake_2434.jpg,0,0,True,0.9999966621398926,3.3630267353146337e-06
/content/Dataset/Test/Fake/fake_2435.jpg,0,0,True,0.9997033476829529,0.0002965705643873662
/content/Dataset/Test/Fake/fake_2436.jpg,0,0,True,0.9990328550338745,0.000967143103480339
/content/Dataset/Test/Fake/fake_2437.jpg,0,0,True,0.9996080994606018,0.00039197492878884077
/content/Dataset/Test/Fake/fake_2438.jpg,0,0,True,0.9999988079071045,1.1708865486070863e-06
/content/Dataset/Test/Fake/fake_2439.jpg,0,0,True,0.9999926090240479,7.434328836097848e-06
/content/Dataset/Test/Fake/fake_244.jpg,0,1,False,0.006498119328171015,0.9935018420219421
/content/Dataset/Test/Fake/fake_2440.jpg,0,0,True,0.9999910593032837,8.996468750410713e-06
/content/Dataset/Test/Fake/fake_2441.jpg,0,0,True,0.9999829530715942,1.709684329398442e-05
/content/Dataset/Test/Fake/fake_2442.jpg,0,0,True,0.9999932050704956,6.746493909304263e-06
/content/Dataset/Test/Fake/fake_2443.jpg,0,0,True,0.9999954700469971,4.488716967898654e-06
/content/Dataset/Test/Fake/fake_2444.jpg,0,0,True,0.9998509883880615,0.00014901571557857096
/content/Dataset/Test/Fake/fake_2445.jpg,0,0,True,0.9998711347579956,0.0001288039202336222
/content/Dataset/Test/Fake/fake_2446.jpg,0,0,True,0.9999957084655762,4.292672201700043e-06
/content/Dataset/Test/Fake/fake_2447.jpg,0,0,True,0.9999933242797852,6.642913831456099e-06
/content/Dataset/Test/Fake/fake_2448.jpg,0,0,True,0.9987586736679077,0.0012413255171850324
/content/Dataset/Test/Fake/fake_2449.jpg,0,0,True,0.9573324918746948,0.042667534202337265
/content/Dataset/Test/Fake/fake_245.jpg,0,1,False,0.09173838794231415,0.9082615971565247
/content/Dataset/Test/Fake/fake_2450.jpg,0,0,True,0.9999785423278809,2.1488944184966385e-05
/content/Dataset/Test/Fake/fake_2451.jpg,0,0,True,0.9999980926513672,1.883972458927019e-06
/content/Dataset/Test/Fake/fake_2452.jpg,0,0,True,0.9989204406738281,0.0010796280112117529
/content/Dataset/Test/Fake/fake_2453.jpg,0,0,True,0.9999991655349731,8.504081847604539e-07
/content/Dataset/Test/Fake/fake_2454.jpg,0,1,False,0.11542253196239471,0.8845774531364441
/content/Dataset/Test/Fake/fake_2455.jpg,0,0,True,0.9999985694885254,1.4733268471900374e-06
/content/Dataset/Test/Fake/fake_2456.jpg,0,0,True,0.9999959468841553,4.040477506350726e-06
/content/Dataset/Test/Fake/fake_2457.jpg,0,0,True,0.9999791383743286,2.0891089661745355e-05
/content/Dataset/Test/Fake/fake_2458.jpg,0,0,True,0.9999778270721436,2.22010839934228e-05
/content/Dataset/Test/Fake/fake_2459.jpg,0,0,True,0.9999929666519165,6.996868251007982e-06
/content/Dataset/Test/Fake/fake_246.jpg,0,1,False,0.4313843250274658,0.5686156749725342
/content/Dataset/Test/Fake/fake_2460.jpg,0,0,True,0.9980472326278687,0.0019527095137163997
/content/Dataset/Test/Fake/fake_2461.jpg,0,0,True,0.9999796152114868,2.043898348347284e-05
/content/Dataset/Test/Fake/fake_2462.jpg,0,0,True,0.998233437538147,0.001766500761732459
/content/Dataset/Test/Fake/fake_2463.jpg,0,0,True,0.9999837875366211,1.6166044588317163e-05
/content/Dataset/Test/Fake/fake_2464.jpg,0,0,True,0.9999867677688599,1.323970627709059e-05
/content/Dataset/Test/Fake/fake_2465.jpg,0,0,True,0.9999984502792358,1.5681761169616948e-06
/content/Dataset/Test/Fake/fake_2466.jpg,0,0,True,0.9999992847442627,7.377462338808982e-07
/content/Dataset/Test/Fake/fake_2467.jpg,0,0,True,0.9999183416366577,8.160829747794196e-05
/content/Dataset/Test/Fake/fake_2468.jpg,0,0,True,0.9999812841415405,1.8742272004601546e-05
/content/Dataset/Test/Fake/fake_2469.jpg,0,0,True,0.9999960660934448,3.959676178055815e-06
/content/Dataset/Test/Fake/fake_247.jpg,0,0,True,0.9989473223686218,0.001052666804753244
/content/Dataset/Test/Fake/fake_2470.jpg,0,0,True,0.9997796416282654,0.00022039527539163828
/content/Dataset/Test/Fake/fake_2471.jpg,0,0,True,0.9999895095825195,1.048406193149276e-05
/content/Dataset/Test/Fake/fake_2472.jpg,0,0,True,0.9999833106994629,1.6679758118698373e-05
/content/Dataset/Test/Fake/fake_2473.jpg,0,0,True,0.9999991655349731,8.557629485039797e-07
/content/Dataset/Test/Fake/fake_2474.jpg,0,0,True,0.9999990463256836,9.476172522226989e-07
/content/Dataset/Test/Fake/fake_2475.jpg,0,0,True,0.9999392032623291,6.0822385421488434e-05
/content/Dataset/Test/Fake/fake_2476.jpg,0,0,True,0.9999853372573853,1.4651015590061434e-05
/content/Dataset/Test/Fake/fake_2477.jpg,0,0,True,0.9997686743736267,0.00023132353089749813
/content/Dataset/Test/Fake/fake_2478.jpg,0,0,True,0.9999490976333618,5.092444553156383e-05
/content/Dataset/Test/Fake/fake_2479.jpg,0,0,True,0.9999361038208008,6.384606240317225e-05
/content/Dataset/Test/Fake/fake_248.jpg,0,0,True,0.9996265172958374,0.00037344920565374196
/content/Dataset/Test/Fake/fake_2480.jpg,0,0,True,0.998289167881012,0.001710873213596642
/content/Dataset/Test/Fake/fake_2481.jpg,0,0,True,0.9999988079071045,1.1517962548168725e-06
/content/Dataset/Test/Fake/fake_2482.jpg,0,0,True,0.9999983310699463,1.6135020359797636e-06
/content/Dataset/Test/Fake/fake_2483.jpg,0,0,True,0.9999967813491821,3.2535324407945154e-06
/content/Dataset/Test/Fake/fake_2484.jpg,0,0,True,0.9972217082977295,0.0027782879769802094
/content/Dataset/Test/Fake/fake_2485.jpg,0,0,True,0.9999806880950928,1.9298830011393875e-05
/content/Dataset/Test/Fake/fake_2486.jpg,0,0,True,0.9999750852584839,2.4866430976544507e-05
/content/Dataset/Test/Fake/fake_2487.jpg,0,0,True,0.9999912977218628,8.732543392397929e-06
/content/Dataset/Test/Fake/fake_2488.jpg,0,0,True,0.997160792350769,0.002839215099811554
/content/Dataset/Test/Fake/fake_2489.jpg,0,0,True,0.9985986351966858,0.0014013295294716954
/content/Dataset/Test/Fake/fake_249.jpg,0,0,True,0.9405384659767151,0.05946151539683342
/content/Dataset/Test/Fake/fake_2490.jpg,0,0,True,0.9969441294670105,0.0030558244325220585
/content/Dataset/Test/Fake/fake_2491.jpg,0,0,True,0.9989470839500427,0.001052992301993072
/content/Dataset/Test/Fake/fake_2492.jpg,0,0,True,0.9992101192474365,0.0007898735348135233
/content/Dataset/Test/Fake/fake_2493.jpg,0,0,True,0.9999945163726807,5.502104613697156e-06
/content/Dataset/Test/Fake/fake_2494.jpg,0,0,True,0.9928110241889954,0.007188902702182531
/content/Dataset/Test/Fake/fake_2495.jpg,0,1,False,0.10575689375400543,0.8942431807518005
/content/Dataset/Test/Fake/fake_2496.jpg,0,0,True,0.9527841806411743,0.047215886414051056
/content/Dataset/Test/Fake/fake_2497.jpg,0,0,True,0.999893307685852,0.00010671840573195368
/content/Dataset/Test/Fake/fake_2498.jpg,0,0,True,0.9999771118164062,2.2909956896910444e-05
/content/Dataset/Test/Fake/fake_2499.jpg,0,0,True,0.9998871088027954,0.00011286785593256354
/content/Dataset/Test/Fake/fake_25.jpg,0,0,True,0.9999951124191284,4.929969691147562e-06
/content/Dataset/Test/Fake/fake_250.jpg,0,1,False,0.09525658935308456,0.9047433733940125
/content/Dataset/Test/Fake/fake_2500.jpg,0,0,True,0.9998856782913208,0.00011434394400566816
/content/Dataset/Test/Fake/fake_2501.jpg,0,0,True,0.9999986886978149,1.3430617400445044e-06
/content/Dataset/Test/Fake/fake_2502.jpg,0,0,True,0.9997376799583435,0.0002622710890136659
/content/Dataset/Test/Fake/fake_2503.jpg,0,0,True,0.9999949932098389,4.996084953745594e-06
/content/Dataset/Test/Fake/fake_2504.jpg,0,0,True,0.9814147353172302,0.018585333600640297
/content/Dataset/Test/Fake/fake_2505.jpg,0,0,True,0.9992824196815491,0.0007176033104769886
/content/Dataset/Test/Fake/fake_2506.jpg,0,0,True,0.9999569654464722,4.305053153075278e-05
/content/Dataset/Test/Fake/fake_2507.jpg,0,0,True,0.9999960660934448,3.975105755671393e-06
/content/Dataset/Test/Fake/fake_2508.jpg,0,0,True,0.999679684638977,0.00032034009927883744
/content/Dataset/Test/Fake/fake_2509.jpg,0,0,True,0.9999902248382568,9.738298103911802e-06
/content/Dataset/Test/Fake/fake_251.jpg,0,0,True,0.9947699904441833,0.00522996811196208
/content/Dataset/Test/Fake/fake_2510.jpg,0,0,True,0.9999915361404419,8.417347999056801e-06
/content/Dataset/Test/Fake/fake_2511.jpg,0,0,True,0.9999074935913086,9.246572881238535e-05
/content/Dataset/Test/Fake/fake_2512.jpg,0,0,True,0.9995699524879456,0.0004299828433431685
/content/Dataset/Test/Fake/fake_2513.jpg,0,0,True,0.9999985694885254,1.432468479833915e-06
/content/Dataset/Test/Fake/fake_2514.jpg,0,0,True,0.9999980926513672,1.914296035465668e-06
/content/Dataset/Test/Fake/fake_2515.jpg,0,0,True,0.9727227091789246,0.02727733924984932
/content/Dataset/Test/Fake/fake_2516.jpg,0,0,True,0.9999834299087524,1.6626827346044593e-05
/content/Dataset/Test/Fake/fake_2517.jpg,0,0,True,0.999998927116394,1.0838715525096632e-06
/content/Dataset/Test/Fake/fake_2518.jpg,0,0,True,0.9999966621398926,3.3705173336784355e-06
/content/Dataset/Test/Fake/fake_2519.jpg,0,0,True,0.9999915361404419,8.435588824795559e-06
/content/Dataset/Test/Fake/fake_252.jpg,0,0,True,0.9999986886978149,1.3108890470903134e-06
/content/Dataset/Test/Fake/fake_2520.jpg,0,0,True,0.9999935626983643,6.464375019277213e-06
/content/Dataset/Test/Fake/fake_2521.jpg,0,1,False,0.2824099659919739,0.7175900340080261
/content/Dataset/Test/Fake/fake_2522.jpg,0,0,True,0.9999771118164062,2.294314617756754e-05
/content/Dataset/Test/Fake/fake_2523.jpg,0,0,True,0.9999315738677979,6.843219307484105e-05
/content/Dataset/Test/Fake/fake_2524.jpg,0,0,True,0.9999996423721313,3.332497158226033e-07
/content/Dataset/Test/Fake/fake_2525.jpg,0,0,True,0.9999984502792358,1.5185476058832137e-06
/content/Dataset/Test/Fake/fake_2526.jpg,0,0,True,0.9999984502792358,1.5441082723555155e-06
/content/Dataset/Test/Fake/fake_2527.jpg,0,0,True,0.9990832805633545,0.0009167089010588825
/content/Dataset/Test/Fake/fake_2528.jpg,0,0,True,0.5310851335525513,0.46891486644744873
/content/Dataset/Test/Fake/fake_2529.jpg,0,0,True,0.9993681311607361,0.0006319019594229758
/content/Dataset/Test/Fake/fake_253.jpg,0,0,True,0.9986340403556824,0.0013659787364304066
/content/Dataset/Test/Fake/fake_2530.jpg,0,0,True,0.999021053314209,0.0009788934839889407
/content/Dataset/Test/Fake/fake_2531.jpg,0,0,True,0.9999878406524658,1.2195630915812217e-05
/content/Dataset/Test/Fake/fake_2532.jpg,0,0,True,0.9986995458602905,0.0013004557695239782
/content/Dataset/Test/Fake/fake_2533.jpg,0,0,True,0.9993674159049988,0.0006325617432594299
/content/Dataset/Test/Fake/fake_2534.jpg,0,0,True,0.9999822378158569,1.777575380401686e-05
/content/Dataset/Test/Fake/fake_2535.jpg,0,0,True,0.9999904632568359,9.487426723353565e-06
/content/Dataset/Test/Fake/fake_2536.jpg,0,0,True,0.9999983310699463,1.666661319177365e-06
/content/Dataset/Test/Fake/fake_2537.jpg,0,0,True,0.9999977350234985,2.223630644948571e-06
/content/Dataset/Test/Fake/fake_2538.jpg,0,0,True,0.9999978542327881,2.178672275476856e-06
/content/Dataset/Test/Fake/fake_2539.jpg,0,0,True,0.9999943971633911,5.574717306444654e-06
/content/Dataset/Test/Fake/fake_254.jpg,0,0,True,0.9947109222412109,0.005289100576192141
/content/Dataset/Test/Fake/fake_2540.jpg,0,0,True,0.9998518228530884,0.00014813394227530807
/content/Dataset/Test/Fake/fake_2541.jpg,0,0,True,0.9999994039535522,6.414396693799063e-07
/content/Dataset/Test/Fake/fake_2542.jpg,0,1,False,0.35564538836479187,0.6443546414375305
/content/Dataset/Test/Fake/fake_2543.jpg,0,0,True,0.9999972581863403,2.764603323157644e-06
/content/Dataset/Test/Fake/fake_2544.jpg,0,0,True,0.99998939037323,1.0554666005191393e-05
/content/Dataset/Test/Fake/fake_2545.jpg,0,0,True,0.9999995231628418,4.338514258961368e-07
/content/Dataset/Test/Fake/fake_2546.jpg,0,0,True,0.9999252557754517,7.472028664778918e-05
/content/Dataset/Test/Fake/fake_2547.jpg,0,0,True,0.9999951124191284,4.869713848165702e-06
/content/Dataset/Test/Fake/fake_2548.jpg,0,0,True,0.9999905824661255,9.360232979815919e-06
/content/Dataset/Test/Fake/fake_2549.jpg,0,0,True,0.9999934434890747,6.6138118199887685e-06
/content/Dataset/Test/Fake/fake_255.jpg,0,0,True,0.9999805688858032,1.9436485672486015e-05
/content/Dataset/Test/Fake/fake_2550.jpg,0,0,True,0.9999860525131226,1.3964450772618875e-05
/content/Dataset/Test/Fake/fake_2551.jpg,0,0,True,0.9999963045120239,3.722639576153597e-06
/content/Dataset/Test/Fake/fake_2552.jpg,0,0,True,0.9999948740005493,5.163971309229964e-06
/content/Dataset/Test/Fake/fake_2553.jpg,0,0,True,0.9999939203262329,6.045596819603816e-06
/content/Dataset/Test/Fake/fake_2554.jpg,0,0,True,0.999954342842102,4.559597437037155e-05
/content/Dataset/Test/Fake/fake_2555.jpg,0,0,True,0.9999904632568359,9.550601134833414e-06
/content/Dataset/Test/Fake/fake_2556.jpg,0,1,False,0.2312629073858261,0.7687370777130127
/content/Dataset/Test/Fake/fake_2557.jpg,0,0,True,0.9999872446060181,1.2804912330466323e-05
/content/Dataset/Test/Fake/fake_2558.jpg,0,0,True,0.9999971389770508,2.9010363959969254e-06
/content/Dataset/Test/Fake/fake_2559.jpg,0,0,True,0.9999922513961792,7.753335012239404e-06
/content/Dataset/Test/Fake/fake_256.jpg,0,0,True,0.9982483386993408,0.0017516952939331532
/content/Dataset/Test/Fake/fake_2560.jpg,0,0,True,0.9999816417694092,1.837099262047559e-05
/content/Dataset/Test/Fake/fake_2561.jpg,0,0,True,0.9984096884727478,0.0015903913881629705
/content/Dataset/Test/Fake/fake_2562.jpg,0,0,True,0.8868362307548523,0.11316373944282532
/content/Dataset/Test/Fake/fake_2563.jpg,0,0,True,0.9999326467514038,6.732618203386664e-05
/content/Dataset/Test/Fake/fake_2564.jpg,0,0,True,0.9996614456176758,0.0003385480958968401
/content/Dataset/Test/Fake/fake_2565.jpg,0,0,True,0.9997240900993347,0.00027592238620854914
/content/Dataset/Test/Fake/fake_2566.jpg,0,0,True,0.9999806880950928,1.9369428628124297e-05
/content/Dataset/Test/Fake/fake_2567.jpg,0,0,True,0.9999794960021973,2.044494976871647e-05
/content/Dataset/Test/Fake/fake_2568.jpg,0,0,True,0.9999960660934448,3.985271177953109e-06
/content/Dataset/Test/Fake/fake_2569.jpg,0,0,True,0.9990401864051819,0.0009598439210094512
/content/Dataset/Test/Fake/fake_257.jpg,0,0,True,0.9999821186065674,1.7859301806311123e-05
/content/Dataset/Test/Fake/fake_2570.jpg,0,0,True,0.9999915361404419,8.508125574735459e-06
/content/Dataset/Test/Fake/fake_2571.jpg,0,0,True,0.9999682903289795,3.1759816920384765e-05
/content/Dataset/Test/Fake/fake_2572.jpg,0,0,True,0.9996708631515503,0.00032918318174779415
/content/Dataset/Test/Fake/fake_2573.jpg,0,0,True,0.9994680285453796,0.0005320096388459206
/content/Dataset/Test/Fake/fake_2574.jpg,0,0,True,0.9999568462371826,4.318486753618345e-05
/content/Dataset/Test/Fake/fake_2575.jpg,0,0,True,0.7197470664978027,0.28025293350219727
/content/Dataset/Test/Fake/fake_2576.jpg,0,1,False,0.17122477293014526,0.82877516746521
/content/Dataset/Test/Fake/fake_2577.jpg,0,0,True,0.9708260893821716,0.029173938557505608
/content/Dataset/Test/Fake/fake_2578.jpg,0,0,True,0.9999821186065674,1.7928245142684318e-05
/content/Dataset/Test/Fake/fake_2579.jpg,0,0,True,0.99820876121521,0.0017912578769028187
/content/Dataset/Test/Fake/fake_258.jpg,0,0,True,0.7981179356575012,0.20188210904598236
/content/Dataset/Test/Fake/fake_2580.jpg,0,0,True,0.9999490976333618,5.0903665396617725e-05
/content/Dataset/Test/Fake/fake_2581.jpg,0,0,True,0.9999383687973022,6.16718316450715e-05
/content/Dataset/Test/Fake/fake_2582.jpg,0,0,True,0.5775675177574158,0.42243245244026184
/content/Dataset/Test/Fake/fake_2583.jpg,0,0,True,0.9998515844345093,0.00014843059761915356
/content/Dataset/Test/Fake/fake_2584.jpg,0,0,True,0.9999974966049194,2.4651210424053716e-06
/content/Dataset/Test/Fake/fake_2585.jpg,0,0,True,0.9989863038063049,0.0010137198260053992
/content/Dataset/Test/Fake/fake_2586.jpg,0,0,True,0.9999730587005615,2.696477713470813e-05
/content/Dataset/Test/Fake/fake_2587.jpg,0,0,True,0.9999324083328247,6.757993105566129e-05
/content/Dataset/Test/Fake/fake_2588.jpg,0,0,True,0.9999954700469971,4.520847596722888e-06
/content/Dataset/Test/Fake/fake_2589.jpg,0,0,True,0.9999969005584717,3.1132624371821294e-06
/content/Dataset/Test/Fake/fake_259.jpg,0,0,True,0.9945587515830994,0.005441243760287762
/content/Dataset/Test/Fake/fake_2590.jpg,0,0,True,0.980276346206665,0.01972362957894802
/content/Dataset/Test/Fake/fake_2591.jpg,0,0,True,0.9948151707649231,0.005184754729270935
/content/Dataset/Test/Fake/fake_2592.jpg,0,0,True,0.9835642576217651,0.016435714438557625
/content/Dataset/Test/Fake/fake_2593.jpg,0,0,True,0.9999765157699585,2.3495011191698723e-05
/content/Dataset/Test/Fake/fake_2594.jpg,0,0,True,0.9999986886978149,1.355555127702246e-06
/content/Dataset/Test/Fake/fake_2595.jpg,0,0,True,0.999995231628418,4.797431756742299e-06
/content/Dataset/Test/Fake/fake_2596.jpg,0,0,True,0.998749852180481,0.00125014572404325
/content/Dataset/Test/Fake/fake_2597.jpg,0,0,True,0.9994034767150879,0.0005965243908576667
/content/Dataset/Test/Fake/fake_2598.jpg,0,0,True,0.9999984502792358,1.5839821116969688e-06
/content/Dataset/Test/Fake/fake_2599.jpg,0,0,True,0.9999979734420776,1.996194896491943e-06
/content/Dataset/Test/Fake/fake_26.jpg,0,0,True,0.9999939203262329,6.1170644585217815e-06
/content/Dataset/Test/Fake/fake_260.jpg,0,0,True,0.9500414729118347,0.04995851591229439
/content/Dataset/Test/Fake/fake_2600.jpg,0,0,True,0.6986472010612488,0.30135276913642883
/content/Dataset/Test/Fake/fake_2601.jpg,0,0,True,0.9999866485595703,1.336234163318295e-05
/content/Dataset/Test/Fake/fake_2602.jpg,0,0,True,0.9999964237213135,3.5309508348291274e-06
/content/Dataset/Test/Fake/fake_2603.jpg,0,0,True,0.9997095465660095,0.0002903960703406483
/content/Dataset/Test/Fake/fake_2604.jpg,0,0,True,0.9998992681503296,0.00010074550664285198
/content/Dataset/Test/Fake/fake_2605.jpg,0,0,True,0.8165899515151978,0.18341009318828583
/content/Dataset/Test/Fake/fake_2606.jpg,0,0,True,0.9998328685760498,0.00016708443581592292
/content/Dataset/Test/Fake/fake_2607.jpg,0,0,True,0.9896013140678406,0.010398722253739834
/content/Dataset/Test/Fake/fake_2608.jpg,0,0,True,0.8600612282752991,0.13993880152702332
/content/Dataset/Test/Fake/fake_2609.jpg,0,0,True,0.9988954067230225,0.0011045606806874275
/content/Dataset/Test/Fake/fake_261.jpg,0,0,True,0.9999537467956543,4.625579822459258e-05
/content/Dataset/Test/Fake/fake_2610.jpg,0,0,True,0.9999898672103882,1.0160158126382157e-05
/content/Dataset/Test/Fake/fake_2611.jpg,0,0,True,0.9999771118164062,2.2894428184372373e-05
/content/Dataset/Test/Fake/fake_2612.jpg,0,0,True,0.999992847442627,7.204645498859463e-06
/content/Dataset/Test/Fake/fake_2613.jpg,0,0,True,0.9999963045120239,3.7386071198852733e-06
/content/Dataset/Test/Fake/fake_2614.jpg,0,0,True,0.999991774559021,8.226369573094416e-06
/content/Dataset/Test/Fake/fake_2615.jpg,0,0,True,0.9999994039535522,5.660782562699751e-07
/content/Dataset/Test/Fake/fake_2616.jpg,0,0,True,0.9999827146530151,1.730901567498222e-05
/content/Dataset/Test/Fake/fake_2617.jpg,0,0,True,0.9318845868110657,0.06811539828777313
/content/Dataset/Test/Fake/fake_2618.jpg,0,0,True,0.9999972581863403,2.6890941171586746e-06
/content/Dataset/Test/Fake/fake_2619.jpg,0,0,True,0.9999868869781494,1.316454290645197e-05
/content/Dataset/Test/Fake/fake_262.jpg,0,1,False,0.00012927693023812026,0.9998706579208374
/content/Dataset/Test/Fake/fake_2620.jpg,0,0,True,0.9997383952140808,0.00026161150890402496
/content/Dataset/Test/Fake/fake_2621.jpg,0,0,True,0.9998385906219482,0.00016141308879014105
/content/Dataset/Test/Fake/fake_2622.jpg,0,0,True,0.9999986886978149,1.2602610013345839e-06
/content/Dataset/Test/Fake/fake_2623.jpg,0,0,True,0.9995453953742981,0.000454609195003286
/content/Dataset/Test/Fake/fake_2624.jpg,0,0,True,0.999931812286377,6.82183017488569e-05
/content/Dataset/Test/Fake/fake_2625.jpg,0,0,True,0.9998667240142822,0.00013328141358215362
/content/Dataset/Test/Fake/fake_2626.jpg,0,0,True,0.9999734163284302,2.6596708266879432e-05
/content/Dataset/Test/Fake/fake_2627.jpg,0,0,True,0.9998698234558105,0.00013017287710681558
/content/Dataset/Test/Fake/fake_2628.jpg,0,0,True,0.8860626816749573,0.11393729597330093
/content/Dataset/Test/Fake/fake_2629.jpg,0,0,True,0.9998949766159058,0.0001050360151566565
/content/Dataset/Test/Fake/fake_263.jpg,0,0,True,0.9999685287475586,3.144707079627551e-05
/content/Dataset/Test/Fake/fake_2630.jpg,0,0,True,0.9992586970329285,0.0007412921404466033
/content/Dataset/Test/Fake/fake_2631.jpg,0,0,True,0.9999772310256958,2.2788086425862275e-05
/content/Dataset/Test/Fake/fake_2632.jpg,0,0,True,0.9999966621398926,3.3930057270481484e-06
/content/Dataset/Test/Fake/fake_2633.jpg,0,0,True,0.9999911785125732,8.869654266163707e-06
/content/Dataset/Test/Fake/fake_2634.jpg,0,0,True,0.9999943971633911,5.561940270126797e-06
/content/Dataset/Test/Fake/fake_2635.jpg,0,0,True,0.9995372295379639,0.00046275241766124964
/content/Dataset/Test/Fake/fake_2636.jpg,0,0,True,0.999994158744812,5.888881787541322e-06
/content/Dataset/Test/Fake/fake_2637.jpg,0,0,True,0.9999936819076538,6.3750467234058306e-06
/content/Dataset/Test/Fake/fake_2638.jpg,0,0,True,0.7657195925712585,0.23428040742874146
/content/Dataset/Test/Fake/fake_2639.jpg,0,0,True,0.9999940395355225,5.9534354477364104e-06
/content/Dataset/Test/Fake/fake_264.jpg,0,0,True,0.9973268508911133,0.002673173788934946
/content/Dataset/Test/Fake/fake_2640.jpg,0,0,True,0.9999158382415771,8.420793164987117e-05
/content/Dataset/Test/Fake/fake_2641.jpg,0,0,True,0.9999786615371704,2.1350815586629324e-05
/content/Dataset/Test/Fake/fake_2642.jpg,0,0,True,0.9999943971633911,5.66028711546096e-06
/content/Dataset/Test/Fake/fake_2643.jpg,0,0,True,0.9999969005584717,3.124818476862856e-06
/content/Dataset/Test/Fake/fake_2644.jpg,0,0,True,0.9999973773956299,2.60990668721206e-06
/content/Dataset/Test/Fake/fake_2645.jpg,0,0,True,0.9821974039077759,0.01780267246067524
/content/Dataset/Test/Fake/fake_2646.jpg,0,0,True,0.9999145269393921,8.545057062292472e-05
/content/Dataset/Test/Fake/fake_2647.jpg,0,0,True,0.9992085099220276,0.0007915467140264809
/content/Dataset/Test/Fake/fake_2648.jpg,0,0,True,0.9999983310699463,1.6256620938293054e-06
/content/Dataset/Test/Fake/fake_2649.jpg,0,0,True,0.9999706745147705,2.9278236979735084e-05
/content/Dataset/Test/Fake/fake_265.jpg,0,0,True,0.9953129291534424,0.004687100648880005
/content/Dataset/Test/Fake/fake_2650.jpg,0,0,True,0.9999996423721313,3.2516820169803395e-07
/content/Dataset/Test/Fake/fake_2651.jpg,0,0,True,0.9997629523277283,0.00023707539367023855
/content/Dataset/Test/Fake/fake_2652.jpg,0,0,True,0.9999891519546509,1.085997064365074e-05
/content/Dataset/Test/Fake/fake_2653.jpg,0,0,True,0.9998155236244202,0.00018450216157361865
/content/Dataset/Test/Fake/fake_2654.jpg,0,0,True,0.999998927116394,1.1282847935945028e-06
/content/Dataset/Test/Fake/fake_2655.jpg,0,0,True,0.9999794960021973,2.0501685867202468e-05
/content/Dataset/Test/Fake/fake_2656.jpg,0,0,True,0.9999492168426514,5.0779013690771535e-05
/content/Dataset/Test/Fake/fake_2657.jpg,0,0,True,0.950949490070343,0.04905049875378609
/content/Dataset/Test/Fake/fake_2658.jpg,0,0,True,0.999981164932251,1.8810349502018653e-05
/content/Dataset/Test/Fake/fake_2659.jpg,0,0,True,0.9998213648796082,0.00017864241090137511
/content/Dataset/Test/Fake/fake_266.jpg,0,0,True,0.9999812841415405,1.8691795048653148e-05
/content/Dataset/Test/Fake/fake_2660.jpg,0,0,True,0.9999992847442627,6.703842814204108e-07
/content/Dataset/Test/Fake/fake_2661.jpg,0,0,True,0.9999960660934448,3.965412361139897e-06
/content/Dataset/Test/Fake/fake_2662.jpg,0,0,True,0.9999986886978149,1.3362241588765755e-06
/content/Dataset/Test/Fake/fake_2663.jpg,0,0,True,0.9999798536300659,2.0190813302178867e-05
/content/Dataset/Test/Fake/fake_2664.jpg,0,0,True,0.9999972581863403,2.7487506031320663e-06
/content/Dataset/Test/Fake/fake_2665.jpg,0,0,True,0.9998356103897095,0.00016441043408121914
/content/Dataset/Test/Fake/fake_2666.jpg,0,0,True,0.9999945163726807,5.53814425074961e-06
/content/Dataset/Test/Fake/fake_2667.jpg,0,0,True,0.810312807559967,0.18968722224235535
/content/Dataset/Test/Fake/fake_2668.jpg,0,0,True,0.9999721050262451,2.78987117781071e-05
/content/Dataset/Test/Fake/fake_2669.jpg,0,0,True,0.9999867677688599,1.3290993592818268e-05
/content/Dataset/Test/Fake/fake_267.jpg,0,0,True,0.8383089303970337,0.16169105470180511
/content/Dataset/Test/Fake/fake_2670.jpg,0,0,True,0.9999963045120239,3.6944099974789424e-06
/content/Dataset/Test/Fake/fake_2671.jpg,0,0,True,0.9949329495429993,0.00506706815212965
/content/Dataset/Test/Fake/fake_2672.jpg,0,0,True,0.9799233078956604,0.02007671445608139
/content/Dataset/Test/Fake/fake_2673.jpg,0,0,True,0.9999916553497314,8.325347153004259e-06
/content/Dataset/Test/Fake/fake_2674.jpg,0,0,True,0.9999871253967285,1.2886094737041276e-05
/content/Dataset/Test/Fake/fake_2675.jpg,0,0,True,0.998963475227356,0.001036468194797635
/content/Dataset/Test/Fake/fake_2676.jpg,0,0,True,0.9999961853027344,3.819462108367588e-06
/content/Dataset/Test/Fake/fake_2677.jpg,0,0,True,0.9999991655349731,8.847906656228588e-07
/content/Dataset/Test/Fake/fake_2678.jpg,0,0,True,0.9999963045120239,3.6715757687488804e-06
/content/Dataset/Test/Fake/fake_2679.jpg,0,0,True,0.9999735355377197,2.6486452043172903e-05
/content/Dataset/Test/Fake/fake_268.jpg,0,0,True,0.9858762621879578,0.014123794622719288
/content/Dataset/Test/Fake/fake_2680.jpg,0,0,True,0.9999964237213135,3.604172206905787e-06
/content/Dataset/Test/Fake/fake_2681.jpg,0,0,True,0.9999475479125977,5.241376129561104e-05
/content/Dataset/Test/Fake/fake_2682.jpg,0,0,True,0.999998927116394,1.0152273262065137e-06
/content/Dataset/Test/Fake/fake_2683.jpg,0,0,True,0.9999557733535767,4.425050792633556e-05
/content/Dataset/Test/Fake/fake_2684.jpg,0,0,True,0.9999957084655762,4.307089966459898e-06
/content/Dataset/Test/Fake/fake_2685.jpg,0,0,True,0.9999455213546753,5.4424552217824385e-05
/content/Dataset/Test/Fake/fake_2686.jpg,0,0,True,0.9087597131729126,0.09124034643173218
/content/Dataset/Test/Fake/fake_2687.jpg,0,0,True,0.9999884366989136,1.1604819519561715e-05
/content/Dataset/Test/Fake/fake_2688.jpg,0,0,True,0.9999864101409912,1.360347778245341e-05
/content/Dataset/Test/Fake/fake_2689.jpg,0,0,True,0.9999817609786987,1.8279575670021586e-05
/content/Dataset/Test/Fake/fake_269.jpg,0,1,False,0.012416119687259197,0.9875839352607727
/content/Dataset/Test/Fake/fake_2690.jpg,0,0,True,0.9999881982803345,1.1855163393192925e-05
/content/Dataset/Test/Fake/fake_2691.jpg,0,0,True,0.9999985694885254,1.4440531685977476e-06
/content/Dataset/Test/Fake/fake_2692.jpg,0,1,False,0.007648192811757326,0.9923518300056458
/content/Dataset/Test/Fake/fake_2693.jpg,0,0,True,0.9994357228279114,0.0005642545293085277
/content/Dataset/Test/Fake/fake_2694.jpg,0,0,True,0.999987006187439,1.30227672343608e-05
/content/Dataset/Test/Fake/fake_2695.jpg,0,0,True,0.9995239973068237,0.0004760471638292074
/content/Dataset/Test/Fake/fake_2696.jpg,0,0,True,0.9998763799667358,0.00012356811203062534
/content/Dataset/Test/Fake/fake_2697.jpg,0,0,True,0.9898391962051392,0.010160853154957294
/content/Dataset/Test/Fake/fake_2698.jpg,0,0,True,0.9999905824661255,9.434635103389155e-06
/content/Dataset/Test/Fake/fake_2699.jpg,0,0,True,0.9999194145202637,8.063801215030253e-05
/content/Dataset/Test/Fake/fake_27.jpg,0,0,True,0.9995941519737244,0.0004058845806866884
/content/Dataset/Test/Fake/fake_270.jpg,0,0,True,0.9999796152114868,2.033329838013742e-05
/content/Dataset/Test/Fake/fake_2700.jpg,0,0,True,0.9999676942825317,3.232877861591987e-05
/content/Dataset/Test/Fake/fake_2701.jpg,0,0,True,0.9708634614944458,0.029136521741747856
/content/Dataset/Test/Fake/fake_2702.jpg,0,1,False,0.3322122395038605,0.6677877306938171
/content/Dataset/Test/Fake/fake_2703.jpg,0,0,True,0.9996053576469421,0.0003946296055801213
/content/Dataset/Test/Fake/fake_2704.jpg,0,0,True,0.9999992847442627,7.636012355760613e-07
/content/Dataset/Test/Fake/fake_2705.jpg,0,0,True,0.9866026639938354,0.013397336937487125
/content/Dataset/Test/Fake/fake_2706.jpg,0,0,True,0.9999958276748657,4.144807462580502e-06
/content/Dataset/Test/Fake/fake_2707.jpg,0,0,True,0.9999986886978149,1.3326200587471249e-06
/content/Dataset/Test/Fake/fake_2708.jpg,0,0,True,0.9999990463256836,9.111269605455163e-07
/content/Dataset/Test/Fake/fake_2709.jpg,0,0,True,0.9999992847442627,6.612408469663933e-07
/content/Dataset/Test/Fake/fake_271.jpg,0,0,True,0.9999479055404663,5.212645191932097e-05
/content/Dataset/Test/Fake/fake_2710.jpg,0,0,True,0.9857422113418579,0.01425778865814209
/content/Dataset/Test/Fake/fake_2711.jpg,0,0,True,0.9989473223686218,0.0010527271078899503
/content/Dataset/Test/Fake/fake_2712.jpg,0,0,True,0.9999966621398926,3.2935922718024813e-06
/content/Dataset/Test/Fake/fake_2713.jpg,0,0,True,0.9989737272262573,0.0010262642754241824
/content/Dataset/Test/Fake/fake_2714.jpg,0,0,True,0.9999964237213135,3.562746314855758e-06
/content/Dataset/Test/Fake/fake_2715.jpg,0,0,True,0.9998470544815063,0.00015294499462470412
/content/Dataset/Test/Fake/fake_2716.jpg,0,0,True,0.9925557971000671,0.007444203831255436
/content/Dataset/Test/Fake/fake_2717.jpg,0,0,True,0.999976396560669,2.360028520342894e-05
/content/Dataset/Test/Fake/fake_2718.jpg,0,0,True,0.999474823474884,0.000525199284311384
/content/Dataset/Test/Fake/fake_2719.jpg,0,0,True,0.9953948855400085,0.004605124704539776
/content/Dataset/Test/Fake/fake_272.jpg,0,0,True,0.999686598777771,0.0003134547150693834
/content/Dataset/Test/Fake/fake_2720.jpg,0,0,True,0.9997115731239319,0.0002883462584577501
/content/Dataset/Test/Fake/fake_2721.jpg,0,0,True,0.999440610408783,0.0005593976238742471
/content/Dataset/Test/Fake/fake_2722.jpg,0,0,True,0.9999988079071045,1.1420549981266959e-06
/content/Dataset/Test/Fake/fake_2723.jpg,0,0,True,0.9900398850440979,0.009960065595805645
/content/Dataset/Test/Fake/fake_2724.jpg,0,0,True,0.9730351567268372,0.02696485072374344
/content/Dataset/Test/Fake/fake_2725.jpg,0,0,True,0.9999902248382568,9.764560672920197e-06
/content/Dataset/Test/Fake/fake_2726.jpg,0,0,True,0.9999474287033081,5.2600436902139336e-05
/content/Dataset/Test/Fake/fake_2727.jpg,0,0,True,0.9999831914901733,1.6791846064734273e-05
/content/Dataset/Test/Fake/fake_2728.jpg,0,0,True,0.6888338327407837,0.3111661672592163
/content/Dataset/Test/Fake/fake_2729.jpg,0,0,True,0.9999765157699585,2.3490507373935543e-05
/content/Dataset/Test/Fake/fake_273.jpg,0,0,True,0.9997087121009827,0.00029125562286935747
/content/Dataset/Test/Fake/fake_2730.jpg,0,0,True,0.9999542236328125,4.572390025714412e-05
/content/Dataset/Test/Fake/fake_2731.jpg,0,0,True,0.9487243890762329,0.051275599747896194
/content/Dataset/Test/Fake/fake_2732.jpg,0,0,True,0.9995458722114563,0.00045408427831716835
/content/Dataset/Test/Fake/fake_2733.jpg,0,0,True,0.9991112351417542,0.0008887028670869768
/content/Dataset/Test/Fake/fake_2734.jpg,0,0,True,0.999998927116394,1.0920599606834003e-06
/content/Dataset/Test/Fake/fake_2735.jpg,0,0,True,0.9999984502792358,1.5399126596093993e-06
/content/Dataset/Test/Fake/fake_2736.jpg,0,0,True,0.9147644639015198,0.08523549884557724
/content/Dataset/Test/Fake/fake_2737.jpg,0,0,True,0.9999992847442627,6.883407763780269e-07
/content/Dataset/Test/Fake/fake_2738.jpg,0,0,True,0.9988240599632263,0.001175974844954908
/content/Dataset/Test/Fake/fake_2739.jpg,0,0,True,0.9998096823692322,0.00019039717153646052
/content/Dataset/Test/Fake/fake_274.jpg,0,0,True,0.9966927766799927,0.003307248931378126
/content/Dataset/Test/Fake/fake_2740.jpg,0,0,True,0.5521079897880554,0.44789206981658936
/content/Dataset/Test/Fake/fake_2741.jpg,0,0,True,0.9999977350234985,2.2992717276792973e-06
/content/Dataset/Test/Fake/fake_2742.jpg,0,0,True,0.9999953508377075,4.683761744672665e-06
/content/Dataset/Test/Fake/fake_2743.jpg,0,0,True,0.9999833106994629,1.669385892455466e-05
/content/Dataset/Test/Fake/fake_2744.jpg,0,0,True,0.9994057416915894,0.0005942702991887927
/content/Dataset/Test/Fake/fake_2745.jpg,0,0,True,0.9999980926513672,1.876389660537825e-06
/content/Dataset/Test/Fake/fake_2746.jpg,0,0,True,0.9481916427612305,0.05180833861231804
/content/Dataset/Test/Fake/fake_2747.jpg,0,0,True,0.9999953508377075,4.669463578466093e-06
/content/Dataset/Test/Fake/fake_2748.jpg,0,0,True,0.9999980926513672,1.8772810790324002e-06
/content/Dataset/Test/Fake/fake_2749.jpg,0,0,True,0.9998471736907959,0.0001528427965240553
/content/Dataset/Test/Fake/fake_275.jpg,0,0,True,0.9994764924049377,0.0005234881537035108
/content/Dataset/Test/Fake/fake_2750.jpg,0,0,True,0.9996463060379028,0.0003537202428560704
/content/Dataset/Test/Fake/fake_2751.jpg,0,0,True,0.9979795813560486,0.00202039978466928
/content/Dataset/Test/Fake/fake_2752.jpg,0,0,True,0.9999959468841553,4.053777956869453e-06
/content/Dataset/Test/Fake/fake_2753.jpg,0,0,True,0.9999982118606567,1.7673155525699258e-06
/content/Dataset/Test/Fake/fake_2754.jpg,0,0,True,0.9999973773956299,2.572373659859295e-06
/content/Dataset/Test/Fake/fake_2755.jpg,0,0,True,0.9999996423721313,3.2667415439391334e-07
/content/Dataset/Test/Fake/fake_2756.jpg,0,0,True,0.9999995231628418,4.806545348401414e-07
/content/Dataset/Test/Fake/fake_2757.jpg,0,0,True,0.9999994039535522,5.658445161316195e-07
/content/Dataset/Test/Fake/fake_2758.jpg,0,0,True,0.9999996423721313,3.787683340306103e-07
/content/Dataset/Test/Fake/fake_2759.jpg,0,0,True,0.9999988079071045,1.2245989182702033e-06
/content/Dataset/Test/Fake/fake_276.jpg,0,0,True,0.9995684027671814,0.00043159365304745734
/content/Dataset/Test/Fake/fake_2760.jpg,0,0,True,0.9966272115707397,0.0033728741109371185
/content/Dataset/Test/Fake/fake_2761.jpg,0,0,True,0.999991774559021,8.243010597652756e-06
/content/Dataset/Test/Fake/fake_2762.jpg,0,1,False,0.3067646622657776,0.6932353377342224
/content/Dataset/Test/Fake/fake_2763.jpg,0,0,True,0.998875081539154,0.0011249069357290864
/content/Dataset/Test/Fake/fake_2764.jpg,0,0,True,0.9999954700469971,4.523607913142769e-06
/content/Dataset/Test/Fake/fake_2765.jpg,0,0,True,0.9999974966049194,2.5338190425827634e-06
/content/Dataset/Test/Fake/fake_2766.jpg,0,0,True,0.9999991655349731,8.466945473628584e-07
/content/Dataset/Test/Fake/fake_2767.jpg,0,0,True,0.9999730587005615,2.69588108494645e-05
/content/Dataset/Test/Fake/fake_2768.jpg,0,0,True,0.9999936819076538,6.272811788221588e-06
/content/Dataset/Test/Fake/fake_2769.jpg,0,0,True,0.9999980926513672,1.9054695030717994e-06
/content/Dataset/Test/Fake/fake_277.jpg,0,0,True,0.938363790512085,0.061636216938495636
/content/Dataset/Test/Fake/fake_2770.jpg,0,0,True,0.9999973773956299,2.5994761472247774e-06
/content/Dataset/Test/Fake/fake_2771.jpg,0,0,True,0.9998500347137451,0.0001498879719292745
/content/Dataset/Test/Fake/fake_2772.jpg,0,0,True,0.9999986886978149,1.2549706980280462e-06
/content/Dataset/Test/Fake/fake_2773.jpg,0,0,True,0.9999262094497681,7.384223135886714e-05
/content/Dataset/Test/Fake/fake_2774.jpg,0,0,True,0.9999175071716309,8.249024540418759e-05
/content/Dataset/Test/Fake/fake_2775.jpg,0,0,True,0.9999986886978149,1.3322211316335597e-06
/content/Dataset/Test/Fake/fake_2776.jpg,0,0,True,0.9999860525131226,1.3989895705890376e-05
/content/Dataset/Test/Fake/fake_2777.jpg,0,0,True,0.9999806880950928,1.936222724907566e-05
/content/Dataset/Test/Fake/fake_2778.jpg,0,0,True,0.8907526731491089,0.10924738645553589
/content/Dataset/Test/Fake/fake_2779.jpg,0,0,True,0.9999556541442871,4.431482375366613e-05
/content/Dataset/Test/Fake/fake_278.jpg,0,0,True,0.9812100529670715,0.018789898604154587
/content/Dataset/Test/Fake/fake_2780.jpg,0,0,True,0.999996542930603,3.4298138871236006e-06
/content/Dataset/Test/Fake/fake_2781.jpg,0,1,False,0.22011402249336243,0.77988600730896
/content/Dataset/Test/Fake/fake_2782.jpg,0,0,True,0.999998927116394,1.1011794640580774e-06
/content/Dataset/Test/Fake/fake_2783.jpg,0,0,True,0.9981503486633301,0.0018496757838875055
/content/Dataset/Test/Fake/fake_2784.jpg,0,0,True,0.9999951124191284,4.914159944746643e-06
/content/Dataset/Test/Fake/fake_2785.jpg,0,0,True,0.999994158744812,5.870277618669206e-06
/content/Dataset/Test/Fake/fake_2786.jpg,0,0,True,0.9999958276748657,4.151081611780683e-06
/content/Dataset/Test/Fake/fake_2787.jpg,0,0,True,0.999976634979248,2.338998456252739e-05
/content/Dataset/Test/Fake/fake_2788.jpg,0,0,True,0.9996554851531982,0.00034456353751011193
/content/Dataset/Test/Fake/fake_2789.jpg,0,0,True,0.7694854736328125,0.23051457107067108
/content/Dataset/Test/Fake/fake_279.jpg,0,0,True,0.9997239708900452,0.0002760278875939548
/content/Dataset/Test/Fake/fake_2790.jpg,0,0,True,0.6699199676513672,0.3300800323486328
/content/Dataset/Test/Fake/fake_2791.jpg,0,0,True,0.9931169748306274,0.0068830279633402824
/content/Dataset/Test/Fake/fake_2792.jpg,0,0,True,0.9999582767486572,4.176316360826604e-05
/content/Dataset/Test/Fake/fake_2793.jpg,0,0,True,0.9999966621398926,3.377670282134204e-06
/content/Dataset/Test/Fake/fake_2794.jpg,0,0,True,0.9846166372299194,0.015383293852210045
/content/Dataset/Test/Fake/fake_2795.jpg,0,0,True,0.9967216849327087,0.0032783520873636007
/content/Dataset/Test/Fake/fake_2796.jpg,0,0,True,0.9999172687530518,8.268161036539823e-05
/content/Dataset/Test/Fake/fake_2797.jpg,0,0,True,0.9999955892562866,4.394867573864758e-06
/content/Dataset/Test/Fake/fake_2798.jpg,0,0,True,0.9999817609786987,1.829173015721608e-05
/content/Dataset/Test/Fake/fake_2799.jpg,0,0,True,0.9998373985290527,0.00016256146773230284
/content/Dataset/Test/Fake/fake_28.jpg,0,0,True,0.9999737739562988,2.6204832465737127e-05
/content/Dataset/Test/Fake/fake_280.jpg,0,0,True,0.9999809265136719,1.9092396541964263e-05
/content/Dataset/Test/Fake/fake_2800.jpg,0,0,True,0.9953493475914001,0.0046506887301802635
/content/Dataset/Test/Fake/fake_2801.jpg,0,0,True,0.9999949932098389,5.035841240896843e-06
/content/Dataset/Test/Fake/fake_2802.jpg,0,0,True,0.9988227486610413,0.0011772875441238284
/content/Dataset/Test/Fake/fake_2803.jpg,0,0,True,0.9999971389770508,2.8468712116591632e-06
/content/Dataset/Test/Fake/fake_2804.jpg,0,0,True,0.983539342880249,0.016460606828331947
/content/Dataset/Test/Fake/fake_2805.jpg,0,0,True,0.9995410442352295,0.00045901574776507914
/content/Dataset/Test/Fake/fake_2806.jpg,0,0,True,0.9999802112579346,1.976857856789138e-05
/content/Dataset/Test/Fake/fake_2807.jpg,0,0,True,0.747799277305603,0.252200722694397
/content/Dataset/Test/Fake/fake_2808.jpg,0,0,True,0.9999678134918213,3.213669333490543e-05
/content/Dataset/Test/Fake/fake_2809.jpg,0,0,True,0.9991986155509949,0.0008013892220333219
/content/Dataset/Test/Fake/fake_281.jpg,0,0,True,0.8605036735534668,0.139496311545372
/content/Dataset/Test/Fake/fake_2810.jpg,0,0,True,0.9999808073043823,1.9191189494449645e-05
/content/Dataset/Test/Fake/fake_2811.jpg,0,0,True,0.9999748468399048,2.5093049771385267e-05
/content/Dataset/Test/Fake/fake_2812.jpg,0,0,True,0.9999905824661255,9.418777153769042e-06
/content/Dataset/Test/Fake/fake_2813.jpg,0,0,True,0.9999833106994629,1.6714488083380274e-05
/content/Dataset/Test/Fake/fake_2814.jpg,0,0,True,0.9999988079071045,1.1446893495303812e-06
/content/Dataset/Test/Fake/fake_2815.jpg,0,0,True,0.9996967315673828,0.00030331502784974873
/content/Dataset/Test/Fake/fake_2816.jpg,0,0,True,0.9999918937683105,8.122540748445317e-06
/content/Dataset/Test/Fake/fake_2817.jpg,0,0,True,0.9999980926513672,1.8916564386017853e-06
/content/Dataset/Test/Fake/fake_2818.jpg,0,1,False,0.04510520026087761,0.9548948407173157
/content/Dataset/Test/Fake/fake_2819.jpg,0,0,True,0.9975008368492126,0.0024991158861666918
/content/Dataset/Test/Fake/fake_282.jpg,0,0,True,0.999958872795105,4.112688475288451e-05
/content/Dataset/Test/Fake/fake_2820.jpg,0,0,True,0.9999988079071045,1.1493777947180206e-06
/content/Dataset/Test/Fake/fake_2821.jpg,0,0,True,0.9999659061431885,3.40901970048435e-05
/content/Dataset/Test/Fake/fake_2822.jpg,0,0,True,0.9995672106742859,0.000432824541348964
/content/Dataset/Test/Fake/fake_2823.jpg,0,0,True,0.9998096823692322,0.00019030059047508985
/content/Dataset/Test/Fake/fake_2824.jpg,0,0,True,0.9998961687088013,0.00010384054621681571
/content/Dataset/Test/Fake/fake_2825.jpg,0,1,False,0.13751918077468872,0.8624807596206665
/content/Dataset/Test/Fake/fake_2826.jpg,0,0,True,0.738869845867157,0.26113012433052063
/content/Dataset/Test/Fake/fake_2827.jpg,0,0,True,0.9748835563659668,0.025116369128227234
/content/Dataset/Test/Fake/fake_2828.jpg,0,1,False,0.2699587941169739,0.7300412058830261
/content/Dataset/Test/Fake/fake_2829.jpg,0,0,True,0.9999358654022217,6.411054346244782e-05
/content/Dataset/Test/Fake/fake_283.jpg,0,0,True,0.9976581335067749,0.0023418976925313473
/content/Dataset/Test/Fake/fake_2830.jpg,0,0,True,0.9999985694885254,1.381479137307906e-06
/content/Dataset/Test/Fake/fake_2831.jpg,0,0,True,0.9999971389770508,2.8803690383938374e-06
/content/Dataset/Test/Fake/fake_2832.jpg,0,0,True,0.9991204142570496,0.0008795387111604214
/content/Dataset/Test/Fake/fake_2833.jpg,0,0,True,0.9999942779541016,5.690444595529698e-06
/content/Dataset/Test/Fake/fake_2834.jpg,0,0,True,0.9999985694885254,1.3780710332866875e-06
/content/Dataset/Test/Fake/fake_2835.jpg,0,0,True,0.9997546076774597,0.00024544974439777434
/content/Dataset/Test/Fake/fake_2836.jpg,0,0,True,0.9999840259552002,1.5993502529454418e-05
/content/Dataset/Test/Fake/fake_2837.jpg,0,0,True,0.9999990463256836,9.140250654127158e-07
/content/Dataset/Test/Fake/fake_2838.jpg,0,0,True,0.9999972581863403,2.737757540671737e-06
/content/Dataset/Test/Fake/fake_2839.jpg,0,0,True,0.9999992847442627,7.69077360018855e-07
/content/Dataset/Test/Fake/fake_284.jpg,0,0,True,0.9371458292007446,0.06285412609577179
/content/Dataset/Test/Fake/fake_2840.jpg,0,0,True,0.9999501705169678,4.9858488637255505e-05
/content/Dataset/Test/Fake/fake_2841.jpg,0,0,True,0.9999991655349731,7.919587687865715e-07
/content/Dataset/Test/Fake/fake_2842.jpg,0,0,True,0.9999994039535522,5.748457851950661e-07
/content/Dataset/Test/Fake/fake_2843.jpg,0,0,True,0.9999994039535522,5.850264415130368e-07
/content/Dataset/Test/Fake/fake_2844.jpg,0,0,True,0.9999525547027588,4.749694562633522e-05
/content/Dataset/Test/Fake/fake_2845.jpg,0,0,True,0.999996542930603,3.4350020996498642e-06
/content/Dataset/Test/Fake/fake_2846.jpg,0,1,False,0.34119874238967896,0.6588011980056763
/content/Dataset/Test/Fake/fake_2847.jpg,0,0,True,0.9999955892562866,4.442447334440658e-06
/content/Dataset/Test/Fake/fake_2848.jpg,0,0,True,0.9999880790710449,1.1944815014430787e-05
/content/Dataset/Test/Fake/fake_2849.jpg,0,0,True,0.9999947547912598,5.294977654557442e-06
/content/Dataset/Test/Fake/fake_285.jpg,0,0,True,0.9636724591255188,0.036327529698610306
/content/Dataset/Test/Fake/fake_2850.jpg,0,0,True,0.9999994039535522,5.385949748415442e-07
/content/Dataset/Test/Fake/fake_2851.jpg,0,0,True,0.9999991655349731,8.75787804943684e-07
/content/Dataset/Test/Fake/fake_2852.jpg,0,0,True,0.5815364718437195,0.41846349835395813
/content/Dataset/Test/Fake/fake_2853.jpg,0,0,True,0.9999990463256836,9.205158448821749e-07
/content/Dataset/Test/Fake/fake_2854.jpg,0,0,True,0.9999983310699463,1.6436458736279747e-06
/content/Dataset/Test/Fake/fake_2855.jpg,0,0,True,0.9999995231628418,5.074763294032891e-07
/content/Dataset/Test/Fake/fake_2856.jpg,0,0,True,0.9999954700469971,4.4918301682628226e-06
/content/Dataset/Test/Fake/fake_2857.jpg,0,0,True,0.9999939203262329,6.031769316905411e-06
/content/Dataset/Test/Fake/fake_2858.jpg,0,0,True,0.9999983310699463,1.7263990912397276e-06
/content/Dataset/Test/Fake/fake_2859.jpg,0,0,True,0.9999790191650391,2.1016581740695983e-05
/content/Dataset/Test/Fake/fake_286.jpg,0,0,True,0.7938533425331116,0.20614661276340485
/content/Dataset/Test/Fake/fake_2860.jpg,0,0,True,0.9999436140060425,5.6380711612291634e-05
/content/Dataset/Test/Fake/fake_2861.jpg,0,0,True,0.9996331930160522,0.0003667466517072171
/content/Dataset/Test/Fake/fake_2862.jpg,0,0,True,0.9999871253967285,1.2899755347461905e-05
/content/Dataset/Test/Fake/fake_2863.jpg,0,0,True,0.9999961853027344,3.7861409509787336e-06
/content/Dataset/Test/Fake/fake_2864.jpg,0,0,True,0.9999984502792358,1.532392843728303e-06
/content/Dataset/Test/Fake/fake_2865.jpg,0,0,True,0.9999970197677612,2.9415714379865676e-06
/content/Dataset/Test/Fake/fake_2866.jpg,0,0,True,0.9999997615814209,2.6877918912759924e-07
/content/Dataset/Test/Fake/fake_2867.jpg,0,0,True,0.9998983144760132,0.00010164088598685339
/content/Dataset/Test/Fake/fake_2868.jpg,0,0,True,0.9999991655349731,8.312299542012624e-07
/content/Dataset/Test/Fake/fake_2869.jpg,0,0,True,0.9999995231628418,4.5447339402926445e-07
/content/Dataset/Test/Fake/fake_287.jpg,0,0,True,0.9995712637901306,0.00042874595965258777
/content/Dataset/Test/Fake/fake_2870.jpg,0,0,True,0.9999994039535522,5.971650125502492e-07
/content/Dataset/Test/Fake/fake_2871.jpg,0,0,True,0.999996542930603,3.4603783660713816e-06
/content/Dataset/Test/Fake/fake_2872.jpg,0,0,True,0.9999988079071045,1.1573589517865912e-06
/content/Dataset/Test/Fake/fake_2873.jpg,0,0,True,0.999998927116394,1.1312131391605362e-06
/content/Dataset/Test/Fake/fake_2874.jpg,0,0,True,0.9999990463256836,9.332622425972659e-07
/content/Dataset/Test/Fake/fake_2875.jpg,0,0,True,0.9999994039535522,5.631758881463611e-07
/content/Dataset/Test/Fake/fake_2876.jpg,0,0,True,0.9999992847442627,7.39945448913204e-07
/content/Dataset/Test/Fake/fake_2877.jpg,0,0,True,0.9999980926513672,1.96243604477786e-06
/content/Dataset/Test/Fake/fake_2878.jpg,0,0,True,0.999997615814209,2.3808479454601184e-06
/content/Dataset/Test/Fake/fake_2879.jpg,0,0,True,0.9999978542327881,2.1812543309351895e-06
/content/Dataset/Test/Fake/fake_288.jpg,0,0,True,0.9999477863311768,5.21532456332352e-05
/content/Dataset/Test/Fake/fake_2880.jpg,0,0,True,0.9999996423721313,3.739872909136466e-07
/content/Dataset/Test/Fake/fake_2881.jpg,0,0,True,0.9999868869781494,1.3065459825156722e-05
/content/Dataset/Test/Fake/fake_2882.jpg,0,0,True,0.9998965263366699,0.00010350235970690846
/content/Dataset/Test/Fake/fake_2883.jpg,0,0,True,0.9999997615814209,2.1319971210687072e-07
/content/Dataset/Test/Fake/fake_2884.jpg,0,0,True,0.9999866485595703,1.3310602298588492e-05
/content/Dataset/Test/Fake/fake_2885.jpg,0,0,True,0.9999991655349731,8.57988936786569e-07
/content/Dataset/Test/Fake/fake_2886.jpg,0,0,True,0.9999951124191284,4.891286607744405e-06
/content/Dataset/Test/Fake/fake_2887.jpg,0,0,True,0.999909520149231,9.049086656887084e-05
/content/Dataset/Test/Fake/fake_2888.jpg,0,0,True,0.998106837272644,0.0018931933445855975
/content/Dataset/Test/Fake/fake_2889.jpg,0,0,True,0.9999227523803711,7.726582407485694e-05
/content/Dataset/Test/Fake/fake_289.jpg,0,0,True,0.8941332697868347,0.10586670786142349
/content/Dataset/Test/Fake/fake_2890.jpg,0,0,True,0.99136883020401,0.00863118190318346
/content/Dataset/Test/Fake/fake_2891.jpg,0,0,True,0.9999934434890747,6.590540124307154e-06
/content/Dataset/Test/Fake/fake_2892.jpg,0,0,True,0.999984860420227,1.5158336282183882e-05
/content/Dataset/Test/Fake/fake_2893.jpg,0,0,True,0.9999948740005493,5.076343768450897e-06
/content/Dataset/Test/Fake/fake_2894.jpg,0,0,True,0.9999394416809082,6.058290819055401e-05
/content/Dataset/Test/Fake/fake_2895.jpg,0,0,True,0.9999899864196777,1.004159730655374e-05
/content/Dataset/Test/Fake/fake_2896.jpg,0,0,True,0.9999994039535522,5.375937917051488e-07
/content/Dataset/Test/Fake/fake_2897.jpg,0,0,True,0.9999996423721313,3.3519654607516713e-07
/content/Dataset/Test/Fake/fake_2898.jpg,0,0,True,0.9999980926513672,1.9331778275955003e-06
/content/Dataset/Test/Fake/fake_2899.jpg,0,0,True,0.9999977350234985,2.271968696732074e-06
/content/Dataset/Test/Fake/fake_29.jpg,0,0,True,0.9999963045120239,3.7051111121400027e-06
/content/Dataset/Test/Fake/fake_290.jpg,0,0,True,0.9432305693626404,0.05676940828561783
/content/Dataset/Test/Fake/fake_2900.jpg,0,0,True,0.9999953508377075,4.671049282478634e-06
/content/Dataset/Test/Fake/fake_2901.jpg,0,0,True,0.999993085861206,6.971133188926615e-06
/content/Dataset/Test/Fake/fake_2902.jpg,0,0,True,0.9996280670166016,0.00037192681338638067
/content/Dataset/Test/Fake/fake_2903.jpg,0,0,True,0.9999681711196899,3.178381302859634e-05
/content/Dataset/Test/Fake/fake_2904.jpg,0,0,True,0.9999992847442627,7.005882594057766e-07
/content/Dataset/Test/Fake/fake_2905.jpg,0,0,True,0.9999879598617554,1.2039074135827832e-05
/content/Dataset/Test/Fake/fake_2906.jpg,0,0,True,0.9999992847442627,7.530852030868118e-07
/content/Dataset/Test/Fake/fake_2907.jpg,0,0,True,0.8832613825798035,0.11673860996961594
/content/Dataset/Test/Fake/fake_2908.jpg,0,0,True,0.9961014986038208,0.0038984802085906267
/content/Dataset/Test/Fake/fake_2909.jpg,0,0,True,0.9999973773956299,2.6394880023872247e-06
/content/Dataset/Test/Fake/fake_291.jpg,0,0,True,0.809906542301178,0.19009341299533844
/content/Dataset/Test/Fake/fake_2910.jpg,0,0,True,0.7097620964050293,0.2902379333972931
/content/Dataset/Test/Fake/fake_2911.jpg,0,0,True,0.9999613761901855,3.8642236177111045e-05
/content/Dataset/Test/Fake/fake_2912.jpg,0,0,True,0.9999103546142578,8.964394510257989e-05
/content/Dataset/Test/Fake/fake_2913.jpg,0,0,True,0.999458372592926,0.0005416002823039889
/content/Dataset/Test/Fake/fake_2914.jpg,0,0,True,0.9999920129776001,8.002609320101328e-06
/content/Dataset/Test/Fake/fake_2915.jpg,0,0,True,0.9992814660072327,0.0007185610011219978
/content/Dataset/Test/Fake/fake_2916.jpg,0,0,True,0.9963950514793396,0.003604904282838106
/content/Dataset/Test/Fake/fake_2917.jpg,0,0,True,0.999993085861206,6.859482709842268e-06
/content/Dataset/Test/Fake/fake_2918.jpg,0,0,True,0.9613597393035889,0.03864021971821785
/content/Dataset/Test/Fake/fake_2919.jpg,0,0,True,0.9999508857727051,4.9063266487792134e-05
/content/Dataset/Test/Fake/fake_292.jpg,0,0,True,0.9934322834014893,0.006567632779479027
/content/Dataset/Test/Fake/fake_2920.jpg,0,0,True,0.9999836683273315,1.6369071090593934e-05
/content/Dataset/Test/Fake/fake_2921.jpg,0,0,True,0.9998620748519897,0.0001379210880259052
/content/Dataset/Test/Fake/fake_2922.jpg,0,0,True,0.9998281002044678,0.0001718133280519396
/content/Dataset/Test/Fake/fake_2923.jpg,0,0,True,0.9820325970649719,0.017967335879802704
/content/Dataset/Test/Fake/fake_2924.jpg,0,0,True,0.9969384670257568,0.003061576746404171
/content/Dataset/Test/Fake/fake_2925.jpg,0,0,True,0.7373307943344116,0.262669175863266
/content/Dataset/Test/Fake/fake_2926.jpg,0,0,True,0.999998927116394,1.018067109725962e-06
/content/Dataset/Test/Fake/fake_2927.jpg,0,0,True,0.9999982118606567,1.745928102536709e-06
/content/Dataset/Test/Fake/fake_2928.jpg,0,0,True,0.9999924898147583,7.522693522332702e-06
/content/Dataset/Test/Fake/fake_2929.jpg,0,0,True,0.9999834299087524,1.660103225731291e-05
/content/Dataset/Test/Fake/fake_293.jpg,0,0,True,0.9246286153793335,0.07537141442298889
/content/Dataset/Test/Fake/fake_2930.jpg,0,0,True,0.9999990463256836,9.126305826612224e-07
/content/Dataset/Test/Fake/fake_2931.jpg,0,0,True,0.9999996423721313,3.2159604756998306e-07
/content/Dataset/Test/Fake/fake_2932.jpg,0,0,True,0.999699592590332,0.0003004221071023494
/content/Dataset/Test/Fake/fake_2933.jpg,0,0,True,0.9997473359107971,0.00025268495664931834
/content/Dataset/Test/Fake/fake_2934.jpg,0,0,True,0.9999557733535767,4.421389166964218e-05
/content/Dataset/Test/Fake/fake_2935.jpg,0,0,True,0.999996542930603,3.4717461403488414e-06
/content/Dataset/Test/Fake/fake_2936.jpg,0,0,True,0.9999954700469971,4.572584657580592e-06
/content/Dataset/Test/Fake/fake_2937.jpg,0,0,True,0.999993085861206,6.937164471310098e-06
/content/Dataset/Test/Fake/fake_2938.jpg,0,0,True,0.9999936819076538,6.364719411067199e-06
/content/Dataset/Test/Fake/fake_2939.jpg,0,1,False,0.3729074001312256,0.6270925998687744
/content/Dataset/Test/Fake/fake_294.jpg,0,1,False,0.15321049094200134,0.846789538860321
/content/Dataset/Test/Fake/fake_2940.jpg,0,1,False,0.4666323959827423,0.5333675742149353
/content/Dataset/Test/Fake/fake_2941.jpg,0,0,True,0.9999406337738037,5.930510815232992e-05
/content/Dataset/Test/Fake/fake_2942.jpg,0,0,True,0.9999958276748657,4.202508989692433e-06
/content/Dataset/Test/Fake/fake_2943.jpg,0,0,True,0.9999996423721313,3.406225914659444e-07
/content/Dataset/Test/Fake/fake_2944.jpg,0,0,True,0.9977467656135559,0.002253156853839755
/content/Dataset/Test/Fake/fake_2945.jpg,0,0,True,0.9999239444732666,7.606968574691564e-05
/content/Dataset/Test/Fake/fake_2946.jpg,0,0,True,0.9999997615814209,2.674608197139605e-07
/content/Dataset/Test/Fake/fake_2947.jpg,0,0,True,0.9999994039535522,5.733538159802265e-07
/content/Dataset/Test/Fake/fake_2948.jpg,0,0,True,0.9999978542327881,2.162455984944245e-06
/content/Dataset/Test/Fake/fake_2949.jpg,0,0,True,0.9999992847442627,7.008194984337024e-07
/content/Dataset/Test/Fake/fake_295.jpg,0,0,True,0.8451372385025024,0.15486279129981995
/content/Dataset/Test/Fake/fake_2950.jpg,0,0,True,0.99998939037323,1.058534144249279e-05
/content/Dataset/Test/Fake/fake_2951.jpg,0,0,True,0.9999933242797852,6.6282514126214664e-06
/content/Dataset/Test/Fake/fake_2952.jpg,0,0,True,0.9999916553497314,8.36386334412964e-06
/content/Dataset/Test/Fake/fake_2953.jpg,0,0,True,0.9999990463256836,9.450974403080181e-07
/content/Dataset/Test/Fake/fake_2954.jpg,0,0,True,0.9999405145645142,5.9427904488984495e-05
/content/Dataset/Test/Fake/fake_2955.jpg,0,0,True,0.9992363452911377,0.0007636957452632487
/content/Dataset/Test/Fake/fake_2956.jpg,0,0,True,0.9999957084655762,4.3479394662426785e-06
/content/Dataset/Test/Fake/fake_2957.jpg,0,0,True,0.9999970197677612,2.978145175802638e-06
/content/Dataset/Test/Fake/fake_2958.jpg,0,0,True,0.9245234727859497,0.0754765123128891
/content/Dataset/Test/Fake/fake_2959.jpg,0,0,True,0.9999992847442627,7.224248861348315e-07
/content/Dataset/Test/Fake/fake_296.jpg,0,0,True,0.9996792078018188,0.0003207985428161919
/content/Dataset/Test/Fake/fake_2960.jpg,0,0,True,0.9999995231628418,5.351784011509153e-07
/content/Dataset/Test/Fake/fake_2961.jpg,0,0,True,0.9999830722808838,1.6954156308202073e-05
/content/Dataset/Test/Fake/fake_2962.jpg,0,0,True,0.9999991655349731,8.482325597469753e-07
/content/Dataset/Test/Fake/fake_2963.jpg,0,0,True,0.999981164932251,1.888256701931823e-05
/content/Dataset/Test/Fake/fake_2964.jpg,0,0,True,0.9998471736907959,0.00015285942936316133
/content/Dataset/Test/Fake/fake_2965.jpg,0,0,True,0.9999074935913086,9.250260336557403e-05
/content/Dataset/Test/Fake/fake_2966.jpg,0,0,True,0.9916689395904541,0.0083309942856431
/content/Dataset/Test/Fake/fake_2967.jpg,0,0,True,0.9941135048866272,0.0058865356259047985
/content/Dataset/Test/Fake/fake_2968.jpg,0,0,True,0.999998927116394,1.1125162018288393e-06
/content/Dataset/Test/Fake/fake_2969.jpg,0,0,True,0.9985363483428955,0.001463625580072403
/content/Dataset/Test/Fake/fake_297.jpg,0,0,True,0.9511370062828064,0.04886298626661301
/content/Dataset/Test/Fake/fake_2970.jpg,0,0,True,0.9998236298561096,0.00017641883459873497
/content/Dataset/Test/Fake/fake_2971.jpg,0,0,True,0.9999935626983643,6.439836397476029e-06
/content/Dataset/Test/Fake/fake_2972.jpg,0,0,True,0.9999954700469971,4.481411451706663e-06
/content/Dataset/Test/Fake/fake_2973.jpg,0,0,True,0.9509665369987488,0.04903349280357361
/content/Dataset/Test/Fake/fake_2974.jpg,0,0,True,0.9999986886978149,1.2518138419181923e-06
/content/Dataset/Test/Fake/fake_2975.jpg,0,0,True,0.9999995231628418,4.948934702042607e-07
/content/Dataset/Test/Fake/fake_2976.jpg,0,0,True,0.9999055862426758,9.43695122259669e-05
/content/Dataset/Test/Fake/fake_2977.jpg,0,0,True,0.9999991655349731,7.788980269651802e-07
/content/Dataset/Test/Fake/fake_2978.jpg,0,0,True,0.9999996423721313,4.0918629906627757e-07
/content/Dataset/Test/Fake/fake_2979.jpg,0,0,True,0.9999986886978149,1.2983651913600625e-06
/content/Dataset/Test/Fake/fake_298.jpg,0,0,True,0.9985161423683167,0.0014838615898042917
/content/Dataset/Test/Fake/fake_2980.jpg,0,0,True,0.9999983310699463,1.62495530275919e-06
/content/Dataset/Test/Fake/fake_2981.jpg,0,0,True,0.9955249428749084,0.004475084133446217
/content/Dataset/Test/Fake/fake_2982.jpg,0,0,True,0.988781750202179,0.011218179017305374
/content/Dataset/Test/Fake/fake_2983.jpg,0,0,True,0.9999994039535522,5.754129119850404e-07
/content/Dataset/Test/Fake/fake_2984.jpg,0,0,True,0.9999996423721313,3.7335721003728395e-07
/content/Dataset/Test/Fake/fake_2985.jpg,0,0,True,0.9999994039535522,6.079809509174083e-07
/content/Dataset/Test/Fake/fake_2986.jpg,0,0,True,0.9999994039535522,5.926161179559131e-07
/content/Dataset/Test/Fake/fake_2987.jpg,0,0,True,0.877403199672699,0.12259679287672043
/content/Dataset/Test/Fake/fake_2988.jpg,0,0,True,0.9999972581863403,2.692887392186094e-06
/content/Dataset/Test/Fake/fake_2989.jpg,0,0,True,0.9999996423721313,3.2388351201007026e-07
/content/Dataset/Test/Fake/fake_299.jpg,0,0,True,0.9999276399612427,7.236142846522853e-05
/content/Dataset/Test/Fake/fake_2990.jpg,0,0,True,0.9999990463256836,9.19605099625187e-07
/content/Dataset/Test/Fake/fake_2991.jpg,0,0,True,0.9999997615814209,2.729951802393771e-07
/content/Dataset/Test/Fake/fake_2992.jpg,0,0,True,0.9933057427406311,0.006694274488836527
/content/Dataset/Test/Fake/fake_2993.jpg,0,0,True,0.9332982897758484,0.06670179218053818
/content/Dataset/Test/Fake/fake_2994.jpg,0,0,True,0.9995598196983337,0.00044022384099662304
/content/Dataset/Test/Fake/fake_2995.jpg,0,0,True,0.9999995231628418,4.4171781610202743e-07
/content/Dataset/Test/Fake/fake_2996.jpg,0,0,True,0.9999985694885254,1.3853276641384582e-06
/content/Dataset/Test/Fake/fake_2997.jpg,0,0,True,0.838045060634613,0.16195499897003174
/content/Dataset/Test/Fake/fake_2998.jpg,0,0,True,0.973440945148468,0.02655903622508049
/content/Dataset/Test/Fake/fake_2999.jpg,0,0,True,0.9999868869781494,1.3120449693815317e-05
/content/Dataset/Test/Fake/fake_3.jpg,0,0,True,0.9999332427978516,6.675560143776238e-05
/content/Dataset/Test/Fake/fake_30.jpg,0,0,True,0.9999979734420776,2.0152388060523663e-06
/content/Dataset/Test/Fake/fake_300.jpg,0,0,True,0.9735952615737915,0.026404747739434242
/content/Dataset/Test/Fake/fake_3000.jpg,0,0,True,0.9999634027481079,3.656497938209213e-05
/content/Dataset/Test/Fake/fake_3001.jpg,0,0,True,0.9999183416366577,8.159803110174835e-05
/content/Dataset/Test/Fake/fake_3002.jpg,0,0,True,0.999995231628418,4.7903226914058905e-06
/content/Dataset/Test/Fake/fake_3003.jpg,0,0,True,0.9999709129333496,2.9074953999952413e-05
/content/Dataset/Test/Fake/fake_3004.jpg,0,0,True,0.9999881982803345,1.1753933904401492e-05
/content/Dataset/Test/Fake/fake_3005.jpg,0,0,True,0.9999979734420776,1.9723513560165884e-06
/content/Dataset/Test/Fake/fake_3006.jpg,0,0,True,0.998729407787323,0.0012705638073384762
/content/Dataset/Test/Fake/fake_3007.jpg,0,0,True,0.999998927116394,1.1203011354155024e-06
/content/Dataset/Test/Fake/fake_3008.jpg,0,0,True,0.9999984502792358,1.5166747289185878e-06
/content/Dataset/Test/Fake/fake_3009.jpg,0,0,True,0.7822407484054565,0.21775925159454346
/content/Dataset/Test/Fake/fake_301.jpg,0,0,True,0.6721708178520203,0.32782918214797974
/content/Dataset/Test/Fake/fake_3010.jpg,0,0,True,0.9999964237213135,3.5716459478862816e-06
/content/Dataset/Test/Fake/fake_3011.jpg,0,0,True,0.999997615814209,2.4034925445448607e-06
/content/Dataset/Test/Fake/fake_3012.jpg,0,0,True,0.9994677901268005,0.0005322018987499177
/content/Dataset/Test/Fake/fake_3013.jpg,0,0,True,0.999727189540863,0.00027279104688204825
/content/Dataset/Test/Fake/fake_3014.jpg,0,0,True,0.9999997615814209,2.7554594339562755e-07
/content/Dataset/Test/Fake/fake_3015.jpg,0,0,True,0.9963319897651672,0.0036680803168565035
/content/Dataset/Test/Fake/fake_3016.jpg,0,0,True,0.9652947187423706,0.03470533341169357
/content/Dataset/Test/Fake/fake_3017.jpg,0,0,True,0.9999728202819824,2.7222689823247492e-05
/content/Dataset/Test/Fake/fake_3018.jpg,0,0,True,0.9999986886978149,1.2537708471427322e-06
/content/Dataset/Test/Fake/fake_3019.jpg,0,0,True,0.9999909400939941,9.118918569583911e-06
/content/Dataset/Test/Fake/fake_302.jpg,0,0,True,0.9854283928871155,0.01457166112959385
/content/Dataset/Test/Fake/fake_3020.jpg,0,0,True,0.9999985694885254,1.4074788623474888e-06
/content/Dataset/Test/Fake/fake_3021.jpg,0,0,True,0.9999992847442627,6.597795163543196e-07
/content/Dataset/Test/Fake/fake_3022.jpg,0,0,True,0.9999995231628418,4.7479923637183674e-07
/content/Dataset/Test/Fake/fake_3023.jpg,0,0,True,0.9999996423721313,3.0871393619236187e-07
/content/Dataset/Test/Fake/fake_3024.jpg,0,0,True,0.9999895095825195,1.045433873514412e-05
/content/Dataset/Test/Fake/fake_3025.jpg,0,0,True,0.9997180104255676,0.00028197868959978223
/content/Dataset/Test/Fake/fake_3026.jpg,0,0,True,0.9999690055847168,3.102430491708219e-05
/content/Dataset/Test/Fake/fake_3027.jpg,0,0,True,0.9974578022956848,0.002542240312322974
/content/Dataset/Test/Fake/fake_3028.jpg,0,0,True,0.9998544454574585,0.00014549904153682292
/content/Dataset/Test/Fake/fake_3029.jpg,0,0,True,0.9999973773956299,2.6069960767927114e-06
/content/Dataset/Test/Fake/fake_303.jpg,0,0,True,0.9998905658721924,0.00010942236258415505
/content/Dataset/Test/Fake/fake_3030.jpg,0,0,True,0.9997418522834778,0.0002581764420028776
/content/Dataset/Test/Fake/fake_3031.jpg,0,0,True,0.9999994039535522,5.630534474221349e-07
/content/Dataset/Test/Fake/fake_3032.jpg,0,0,True,0.9962897300720215,0.003710288554430008
/content/Dataset/Test/Fake/fake_3033.jpg,0,0,True,0.9999902248382568,9.733673323353287e-06
/content/Dataset/Test/Fake/fake_3034.jpg,0,0,True,0.9999991655349731,8.285026638077397e-07
/content/Dataset/Test/Fake/fake_3035.jpg,0,0,True,0.9999995231628418,5.312076041263936e-07
/content/Dataset/Test/Fake/fake_3036.jpg,0,0,True,0.9999986886978149,1.3143340993337915e-06
/content/Dataset/Test/Fake/fake_3037.jpg,0,0,True,0.9999514818191528,4.85560558445286e-05
/content/Dataset/Test/Fake/fake_3038.jpg,0,0,True,0.9999849796295166,1.501371843914967e-05
/content/Dataset/Test/Fake/fake_3039.jpg,0,0,True,0.9999992847442627,7.289531254173198e-07
/content/Dataset/Test/Fake/fake_304.jpg,0,0,True,0.9996583461761475,0.00034171115839853883
/content/Dataset/Test/Fake/fake_3040.jpg,0,0,True,0.9999890327453613,1.1011890819645487e-05
/content/Dataset/Test/Fake/fake_3041.jpg,0,0,True,0.9898858070373535,0.010114200413227081
/content/Dataset/Test/Fake/fake_3042.jpg,0,0,True,0.9999963045120239,3.7540557968895882e-06
/content/Dataset/Test/Fake/fake_3043.jpg,0,0,True,0.9999632835388184,3.6713619920192286e-05
/content/Dataset/Test/Fake/fake_3044.jpg,0,0,True,0.9999995231628418,4.747548700834159e-07
/content/Dataset/Test/Fake/fake_3045.jpg,0,0,True,0.7439724206924438,0.25602760910987854
/content/Dataset/Test/Fake/fake_3046.jpg,0,0,True,0.9999897480010986,1.029175200528698e-05
/content/Dataset/Test/Fake/fake_3047.jpg,0,0,True,0.984714686870575,0.015285281464457512
/content/Dataset/Test/Fake/fake_3048.jpg,0,0,True,0.9999996423721313,2.999569232997601e-07
/content/Dataset/Test/Fake/fake_3049.jpg,0,1,False,0.048272985965013504,0.9517270922660828
/content/Dataset/Test/Fake/fake_305.jpg,0,0,True,0.9969226717948914,0.003077344037592411
/content/Dataset/Test/Fake/fake_3050.jpg,0,0,True,0.9999852180480957,1.4831874068477191e-05
/content/Dataset/Test/Fake/fake_3051.jpg,0,0,True,0.9999992847442627,6.714169558108551e-07
/content/Dataset/Test/Fake/fake_3052.jpg,0,0,True,0.9999986886978149,1.2683102568189497e-06
/content/Dataset/Test/Fake/fake_3053.jpg,0,0,True,0.9999991655349731,7.868455327297852e-07
/content/Dataset/Test/Fake/fake_3054.jpg,0,0,True,0.9999995231628418,4.4899789486407826e-07
/content/Dataset/Test/Fake/fake_3055.jpg,0,0,True,0.9999994039535522,6.137406671768986e-07
/content/Dataset/Test/Fake/fake_3056.jpg,0,0,True,0.9999955892562866,4.421866833581589e-06
/content/Dataset/Test/Fake/fake_3057.jpg,0,0,True,0.9999984502792358,1.5931249208733789e-06
/content/Dataset/Test/Fake/fake_3058.jpg,0,0,True,0.9982652068138123,0.0017348413821309805
/content/Dataset/Test/Fake/fake_3059.jpg,0,0,True,0.9999973773956299,2.6109323698619846e-06
/content/Dataset/Test/Fake/fake_306.jpg,0,0,True,0.999840497970581,0.00015949818771332502
/content/Dataset/Test/Fake/fake_3060.jpg,0,0,True,0.9999972581863403,2.762539679679321e-06
/content/Dataset/Test/Fake/fake_3061.jpg,0,0,True,0.9999973773956299,2.5793403892748756e-06
/content/Dataset/Test/Fake/fake_3062.jpg,0,0,True,0.9999927282333374,7.328947958740173e-06
/content/Dataset/Test/Fake/fake_3063.jpg,0,0,True,0.9999994039535522,6.235025011847029e-07
/content/Dataset/Test/Fake/fake_3064.jpg,0,0,True,0.9999986886978149,1.2719854112219764e-06
/content/Dataset/Test/Fake/fake_3065.jpg,0,0,True,0.9982649683952332,0.0017350552370771766
/content/Dataset/Test/Fake/fake_3066.jpg,0,0,True,0.98073410987854,0.019265856593847275
/content/Dataset/Test/Fake/fake_3067.jpg,0,0,True,0.9907166361808777,0.009283340536057949
/content/Dataset/Test/Fake/fake_3068.jpg,0,0,True,0.9998946189880371,0.00010542837117100134
/content/Dataset/Test/Fake/fake_3069.jpg,0,0,True,0.9999533891677856,4.662626452045515e-05
/content/Dataset/Test/Fake/fake_307.jpg,0,0,True,0.9999340772628784,6.597452738787979e-05
/content/Dataset/Test/Fake/fake_3070.jpg,0,0,True,0.9999988079071045,1.1771609251809423e-06
/content/Dataset/Test/Fake/fake_3071.jpg,0,0,True,0.9993816614151001,0.0006183483055792749
/content/Dataset/Test/Fake/fake_3072.jpg,0,0,True,0.9999995231628418,5.166175469639711e-07
/content/Dataset/Test/Fake/fake_3073.jpg,0,0,True,0.9999994039535522,5.927856818743749e-07
/content/Dataset/Test/Fake/fake_3074.jpg,0,0,True,0.9998018145561218,0.00019825680647045374
/content/Dataset/Test/Fake/fake_3075.jpg,0,0,True,0.9999977350234985,2.2807780624134466e-06
/content/Dataset/Test/Fake/fake_3076.jpg,0,0,True,0.9947605729103088,0.005239393562078476
/content/Dataset/Test/Fake/fake_3077.jpg,0,0,True,0.9999754428863525,2.4551953174523078e-05
/content/Dataset/Test/Fake/fake_3078.jpg,0,0,True,0.9999988079071045,1.2175003121228656e-06
/content/Dataset/Test/Fake/fake_3079.jpg,0,0,True,0.9984643459320068,0.0015356168150901794
/content/Dataset/Test/Fake/fake_308.jpg,0,0,True,0.9997672438621521,0.0002327909169252962
/content/Dataset/Test/Fake/fake_3080.jpg,0,0,True,0.9999986886978149,1.3674722367795766e-06
/content/Dataset/Test/Fake/fake_3081.jpg,0,0,True,0.9994944334030151,0.0005055659567005932
/content/Dataset/Test/Fake/fake_3082.jpg,0,0,True,0.9999986886978149,1.2556243973449455e-06
/content/Dataset/Test/Fake/fake_3083.jpg,0,0,True,0.9855703115463257,0.014429646544158459
/content/Dataset/Test/Fake/fake_3084.jpg,0,0,True,0.9996552467346191,0.0003447455237619579
/content/Dataset/Test/Fake/fake_3085.jpg,0,0,True,0.999998927116394,1.0846077884707483e-06
/content/Dataset/Test/Fake/fake_3086.jpg,0,0,True,0.9999785423278809,2.1447443941724487e-05
/content/Dataset/Test/Fake/fake_3087.jpg,0,0,True,0.9999847412109375,1.5201286259980407e-05
/content/Dataset/Test/Fake/fake_3088.jpg,0,0,True,0.9999992847442627,6.880854357405042e-07
/content/Dataset/Test/Fake/fake_3089.jpg,0,0,True,0.9999984502792358,1.4964667798267328e-06
/content/Dataset/Test/Fake/fake_309.jpg,0,0,True,0.9999110698699951,8.893290214473382e-05
/content/Dataset/Test/Fake/fake_3090.jpg,0,0,True,0.999998927116394,1.035411855809798e-06
/content/Dataset/Test/Fake/fake_3091.jpg,0,0,True,0.9996355772018433,0.00036440379335545003
/content/Dataset/Test/Fake/fake_3092.jpg,0,0,True,0.9750182032585144,0.024981753900647163
/content/Dataset/Test/Fake/fake_3093.jpg,0,0,True,0.999998927116394,1.0760379609564552e-06
/content/Dataset/Test/Fake/fake_3094.jpg,0,0,True,0.9999994039535522,6.209272100932139e-07
/content/Dataset/Test/Fake/fake_3095.jpg,0,0,True,0.9999992847442627,7.745551329207956e-07
/content/Dataset/Test/Fake/fake_3096.jpg,0,0,True,0.9999994039535522,6.367059199874348e-07
/content/Dataset/Test/Fake/fake_3097.jpg,0,0,True,0.9999967813491821,3.2385803478973685e-06
/content/Dataset/Test/Fake/fake_3098.jpg,0,0,True,0.9987720847129822,0.001227907370775938
/content/Dataset/Test/Fake/fake_3099.jpg,0,0,True,0.9999339580535889,6.600171036552638e-05
/content/Dataset/Test/Fake/fake_31.jpg,0,0,True,0.99998939037323,1.0565089723968413e-05
/content/Dataset/Test/Fake/fake_310.jpg,0,0,True,0.9751072525978088,0.024892743676900864
/content/Dataset/Test/Fake/fake_3100.jpg,0,0,True,0.999998927116394,1.0246545798509032e-06
/content/Dataset/Test/Fake/fake_3101.jpg,0,0,True,0.9999737739562988,2.6188718038611114e-05
/content/Dataset/Test/Fake/fake_3102.jpg,0,0,True,0.9999994039535522,5.507293963091797e-07
/content/Dataset/Test/Fake/fake_3103.jpg,0,0,True,0.9999979734420776,2.0647787550842622e-06
/content/Dataset/Test/Fake/fake_3104.jpg,0,0,True,0.9999967813491821,3.234941004848224e-06
/content/Dataset/Test/Fake/fake_3105.jpg,0,0,True,0.9999986886978149,1.3667994380739401e-06
/content/Dataset/Test/Fake/fake_3106.jpg,0,0,True,0.9999991655349731,8.018123480724171e-07
/content/Dataset/Test/Fake/fake_3107.jpg,0,0,True,0.9999984502792358,1.5005240356913419e-06
/content/Dataset/Test/Fake/fake_3108.jpg,0,0,True,0.9853538274765015,0.014646138064563274
/content/Dataset/Test/Fake/fake_3109.jpg,0,0,True,0.9999967813491821,3.2567454582022037e-06
/content/Dataset/Test/Fake/fake_311.jpg,0,0,True,0.9871314167976379,0.012868617661297321
/content/Dataset/Test/Fake/fake_3110.jpg,0,0,True,0.9962801337242126,0.003719921922311187
/content/Dataset/Test/Fake/fake_3111.jpg,0,0,True,0.9999994039535522,5.689130944119825e-07
/content/Dataset/Test/Fake/fake_3112.jpg,0,0,True,0.999984622001648,1.5384332073153928e-05
/content/Dataset/Test/Fake/fake_3113.jpg,0,0,True,0.9999860525131226,1.3918500371801201e-05
/content/Dataset/Test/Fake/fake_3114.jpg,0,0,True,0.9999567270278931,4.33141685789451e-05
/content/Dataset/Test/Fake/fake_3115.jpg,0,0,True,0.9999979734420776,2.014690835494548e-06
/content/Dataset/Test/Fake/fake_3116.jpg,0,0,True,0.9999985694885254,1.4321024082164513e-06
/content/Dataset/Test/Fake/fake_3117.jpg,0,0,True,0.9996390342712402,0.0003609883424360305
/content/Dataset/Test/Fake/fake_3118.jpg,0,0,True,0.9999995231628418,4.648996423384233e-07
/content/Dataset/Test/Fake/fake_3119.jpg,0,0,True,0.9999918937683105,8.103375876089558e-06
/content/Dataset/Test/Fake/fake_312.jpg,0,0,True,0.9955593347549438,0.004440640565007925
/content/Dataset/Test/Fake/fake_3120.jpg,0,0,True,0.9998719692230225,0.00012797120143659413
/content/Dataset/Test/Fake/fake_3121.jpg,0,0,True,0.9999936819076538,6.3441457314183936e-06
/content/Dataset/Test/Fake/fake_3122.jpg,0,0,True,0.9999995231628418,4.615638147242862e-07
/content/Dataset/Test/Fake/fake_3123.jpg,0,0,True,0.9999799728393555,2.0016004782519303e-05
/content/Dataset/Test/Fake/fake_3124.jpg,0,0,True,0.999998927116394,1.039264134305995e-06
/content/Dataset/Test/Fake/fake_3125.jpg,0,0,True,0.9999991655349731,8.0668274904383e-07
/content/Dataset/Test/Fake/fake_3126.jpg,0,0,True,0.999997615814209,2.360012103963527e-06
/content/Dataset/Test/Fake/fake_3127.jpg,0,0,True,0.9999974966049194,2.5499055027466966e-06
/content/Dataset/Test/Fake/fake_3128.jpg,0,0,True,0.9999984502792358,1.5823469539100188e-06
/content/Dataset/Test/Fake/fake_3129.jpg,0,0,True,0.9999951124191284,4.880821506958455e-06
/content/Dataset/Test/Fake/fake_313.jpg,0,0,True,0.9907745718955994,0.009225399233400822
/content/Dataset/Test/Fake/fake_3130.jpg,0,0,True,0.9974955916404724,0.002504382748156786
/content/Dataset/Test/Fake/fake_3131.jpg,0,0,True,0.9988831877708435,0.0011168118799105287
/content/Dataset/Test/Fake/fake_3132.jpg,0,0,True,0.9999995231628418,4.3580831743383897e-07
/content/Dataset/Test/Fake/fake_3133.jpg,0,0,True,0.9999991655349731,8.836396432343463e-07
/content/Dataset/Test/Fake/fake_3134.jpg,0,0,True,0.9999980926513672,1.8935443222289905e-06
/content/Dataset/Test/Fake/fake_3135.jpg,0,0,True,0.9999983310699463,1.6396925275330432e-06
/content/Dataset/Test/Fake/fake_3136.jpg,0,0,True,0.9999980926513672,1.8936655123980017e-06
/content/Dataset/Test/Fake/fake_3137.jpg,0,0,True,0.9999979734420776,2.046251893261797e-06
/content/Dataset/Test/Fake/fake_3138.jpg,0,0,True,0.9962198138237,0.0037802355363965034
/content/Dataset/Test/Fake/fake_3139.jpg,0,0,True,0.9999939203262329,6.1240980357979424e-06
/content/Dataset/Test/Fake/fake_314.jpg,0,1,False,0.020203422755002975,0.9797965884208679
/content/Dataset/Test/Fake/fake_3140.jpg,0,0,True,0.9999959468841553,4.092829385626828e-06
/content/Dataset/Test/Fake/fake_3141.jpg,0,0,True,0.998815655708313,0.001184400636702776
/content/Dataset/Test/Fake/fake_3142.jpg,0,0,True,0.999998927116394,1.1136455668747658e-06
/content/Dataset/Test/Fake/fake_3143.jpg,0,0,True,0.9999866485595703,1.3393444532994181e-05
/content/Dataset/Test/Fake/fake_3144.jpg,0,0,True,0.6342887282371521,0.3657112717628479
/content/Dataset/Test/Fake/fake_3145.jpg,0,0,True,0.977882981300354,0.022116970270872116
/content/Dataset/Test/Fake/fake_3146.jpg,0,0,True,0.9999992847442627,7.283728677975887e-07
/content/Dataset/Test/Fake/fake_3147.jpg,0,0,True,0.9999945163726807,5.483680979523342e-06
/content/Dataset/Test/Fake/fake_3148.jpg,0,0,True,0.9999873638153076,1.2680342479143292e-05
/content/Dataset/Test/Fake/fake_3149.jpg,0,0,True,0.9999943971633911,5.600012173090363e-06
/content/Dataset/Test/Fake/fake_315.jpg,0,0,True,0.9999988079071045,1.1933597079405445e-06
/content/Dataset/Test/Fake/fake_3150.jpg,0,0,True,0.9999970197677612,2.9366860871959943e-06
/content/Dataset/Test/Fake/fake_3151.jpg,0,0,True,0.9999971389770508,2.845443532351055e-06
/content/Dataset/Test/Fake/fake_3152.jpg,0,0,True,0.9999986886978149,1.2570681064971723e-06
/content/Dataset/Test/Fake/fake_3153.jpg,0,0,True,0.9999440908432007,5.5902939493535087e-05
/content/Dataset/Test/Fake/fake_3154.jpg,0,0,True,0.9999953508377075,4.61309991806047e-06
/content/Dataset/Test/Fake/fake_3155.jpg,0,0,True,0.9999992847442627,6.567386208189419e-07
/content/Dataset/Test/Fake/fake_3156.jpg,0,0,True,0.9981180429458618,0.0018819666001945734
/content/Dataset/Test/Fake/fake_3157.jpg,0,0,True,0.9999990463256836,9.852947187027894e-07
/content/Dataset/Test/Fake/fake_3158.jpg,0,0,True,0.8950274586677551,0.10497254133224487
/content/Dataset/Test/Fake/fake_3159.jpg,0,0,True,0.9999995231628418,4.998759663976671e-07
/content/Dataset/Test/Fake/fake_316.jpg,0,0,True,0.8730834126472473,0.1269165575504303
/content/Dataset/Test/Fake/fake_3160.jpg,0,0,True,0.9999996423721313,4.111993234801048e-07
/content/Dataset/Test/Fake/fake_3161.jpg,0,0,True,0.9999996423721313,3.7273818520588975e-07
/content/Dataset/Test/Fake/fake_3162.jpg,0,0,True,0.9999741315841675,2.589137147879228e-05
/content/Dataset/Test/Fake/fake_3163.jpg,0,0,True,0.9989394545555115,0.0010605757124722004
/content/Dataset/Test/Fake/fake_3164.jpg,0,0,True,0.9999887943267822,1.1186696610820945e-05
/content/Dataset/Test/Fake/fake_3165.jpg,0,0,True,0.9999933242797852,6.695883257634705e-06
/content/Dataset/Test/Fake/fake_3166.jpg,0,0,True,0.9999992847442627,7.402940696010774e-07
/content/Dataset/Test/Fake/fake_3167.jpg,0,0,True,0.9996490478515625,0.00035092068719677627
/content/Dataset/Test/Fake/fake_3168.jpg,0,0,True,0.9999834299087524,1.656454878684599e-05
/content/Dataset/Test/Fake/fake_3169.jpg,0,0,True,0.9999324083328247,6.761790427844971e-05
/content/Dataset/Test/Fake/fake_317.jpg,0,0,True,0.9999960660934448,3.8825774026918225e-06
/content/Dataset/Test/Fake/fake_3170.jpg,0,0,True,0.9999991655349731,8.293991982100124e-07
/content/Dataset/Test/Fake/fake_3171.jpg,0,0,True,0.9990202188491821,0.0009797370294108987
/content/Dataset/Test/Fake/fake_3172.jpg,0,0,True,0.9999986886978149,1.3433460708256462e-06
/content/Dataset/Test/Fake/fake_3173.jpg,0,0,True,0.9999996423721313,3.680301006170339e-07
/content/Dataset/Test/Fake/fake_3174.jpg,0,0,True,0.9999856948852539,1.4363808077177964e-05
/content/Dataset/Test/Fake/fake_3175.jpg,0,0,True,0.999998927116394,1.111581923396443e-06
/content/Dataset/Test/Fake/fake_3176.jpg,0,0,True,0.9999996423721313,4.1253559857068467e-07
/content/Dataset/Test/Fake/fake_3177.jpg,0,0,True,0.9999995231628418,4.5636224399459024e-07
/content/Dataset/Test/Fake/fake_3178.jpg,0,0,True,0.9999628067016602,3.720046879607253e-05
/content/Dataset/Test/Fake/fake_3179.jpg,0,0,True,0.9998810291290283,0.0001189843169413507
/content/Dataset/Test/Fake/fake_318.jpg,0,0,True,0.9995654225349426,0.00043452504905872047
/content/Dataset/Test/Fake/fake_3180.jpg,0,0,True,0.8323391675949097,0.16766081750392914
/content/Dataset/Test/Fake/fake_3181.jpg,0,0,True,0.999990701675415,9.318319825979415e-06
/content/Dataset/Test/Fake/fake_3182.jpg,0,0,True,0.5547780990600586,0.4452219009399414
/content/Dataset/Test/Fake/fake_3183.jpg,0,0,True,0.9999945163726807,5.46473529539071e-06
/content/Dataset/Test/Fake/fake_3184.jpg,0,0,True,0.9999711513519287,2.8857339202659205e-05
/content/Dataset/Test/Fake/fake_3185.jpg,0,0,True,0.9999990463256836,9.641818223826704e-07
/content/Dataset/Test/Fake/fake_3186.jpg,0,0,True,0.9999972581863403,2.7781086373579456e-06
/content/Dataset/Test/Fake/fake_3187.jpg,0,0,True,0.999941349029541,5.868733933311887e-05
/content/Dataset/Test/Fake/fake_3188.jpg,0,0,True,0.999964714050293,3.5283028410049155e-05
/content/Dataset/Test/Fake/fake_3189.jpg,0,0,True,0.9999806880950928,1.9288230760139413e-05
/content/Dataset/Test/Fake/fake_319.jpg,0,0,True,0.9929773211479187,0.00702271331101656
/content/Dataset/Test/Fake/fake_3190.jpg,0,0,True,0.9999876022338867,1.2439081729098689e-05
/content/Dataset/Test/Fake/fake_3191.jpg,0,0,True,0.9999982118606567,1.739967387948127e-06
/content/Dataset/Test/Fake/fake_3192.jpg,0,0,True,0.9999990463256836,9.234148024006572e-07
/content/Dataset/Test/Fake/fake_3193.jpg,0,0,True,0.9999991655349731,8.246275342571607e-07
/content/Dataset/Test/Fake/fake_3194.jpg,0,0,True,0.9999991655349731,8.935323307923682e-07
/content/Dataset/Test/Fake/fake_3195.jpg,0,0,True,0.9999756813049316,2.435185706417542e-05
/content/Dataset/Test/Fake/fake_3196.jpg,0,0,True,0.9999809265136719,1.9039554899791256e-05
/content/Dataset/Test/Fake/fake_3197.jpg,0,0,True,0.962583601474762,0.03741641715168953
/content/Dataset/Test/Fake/fake_3198.jpg,0,0,True,0.9999980926513672,1.9014452163901296e-06
/content/Dataset/Test/Fake/fake_3199.jpg,0,0,True,0.9999988079071045,1.2351408713584533e-06
/content/Dataset/Test/Fake/fake_32.jpg,0,0,True,0.9993909597396851,0.0006089754169806838
/content/Dataset/Test/Fake/fake_320.jpg,0,0,True,0.9728981256484985,0.02710188552737236
/content/Dataset/Test/Fake/fake_3200.jpg,0,0,True,0.9990634322166443,0.0009366084705106914
/content/Dataset/Test/Fake/fake_3201.jpg,0,0,True,0.9999982118606567,1.7514362298243213e-06
/content/Dataset/Test/Fake/fake_3202.jpg,0,0,True,0.9999971389770508,2.8314971132203937e-06
/content/Dataset/Test/Fake/fake_3203.jpg,0,0,True,0.9999982118606567,1.7758695776137756e-06
/content/Dataset/Test/Fake/fake_3204.jpg,0,0,True,0.999998927116394,1.0562253009993583e-06
/content/Dataset/Test/Fake/fake_3205.jpg,0,0,True,0.999988317489624,1.1729937796189915e-05
/content/Dataset/Test/Fake/fake_3206.jpg,0,0,True,0.9999991655349731,8.918117941902892e-07
/content/Dataset/Test/Fake/fake_3207.jpg,0,0,True,0.9999992847442627,7.311302283596888e-07
/content/Dataset/Test/Fake/fake_3208.jpg,0,0,True,0.9999995231628418,4.209144606193149e-07
/content/Dataset/Test/Fake/fake_3209.jpg,0,0,True,0.9999980926513672,1.8806048274200293e-06
/content/Dataset/Test/Fake/fake_321.jpg,0,1,False,0.05446978285908699,0.9455302357673645
/content/Dataset/Test/Fake/fake_3210.jpg,0,0,True,0.9999974966049194,2.5160318273265148e-06
/content/Dataset/Test/Fake/fake_3211.jpg,0,0,True,0.99994957447052,5.037512528360821e-05
/content/Dataset/Test/Fake/fake_3212.jpg,0,0,True,0.9999972581863403,2.7518851766217267e-06
/content/Dataset/Test/Fake/fake_3213.jpg,0,0,True,0.9999929666519165,7.057969014567789e-06
/content/Dataset/Test/Fake/fake_3214.jpg,0,0,True,0.9999983310699463,1.7218313814737485e-06
/content/Dataset/Test/Fake/fake_3215.jpg,0,0,True,0.9999996423721313,3.688058995976462e-07
/content/Dataset/Test/Fake/fake_3216.jpg,0,0,True,0.9989860653877258,0.001013936591334641
/content/Dataset/Test/Fake/fake_3217.jpg,0,0,True,0.9998878240585327,0.00011212316167075187
/content/Dataset/Test/Fake/fake_3218.jpg,0,0,True,0.9995507597923279,0.0004492484440561384
/content/Dataset/Test/Fake/fake_3219.jpg,0,0,True,0.9999996423721313,3.988811556610017e-07
/content/Dataset/Test/Fake/fake_322.jpg,0,0,True,0.9340642690658569,0.06593567878007889
/content/Dataset/Test/Fake/fake_3220.jpg,0,0,True,0.9999659061431885,3.409292548894882e-05
/content/Dataset/Test/Fake/fake_3221.jpg,0,0,True,0.9999996423721313,3.4092289524778607e-07
/content/Dataset/Test/Fake/fake_3222.jpg,0,0,True,0.9999979734420776,1.982066123673576e-06
/content/Dataset/Test/Fake/fake_3223.jpg,0,0,True,0.9999992847442627,7.462098778887594e-07
/content/Dataset/Test/Fake/fake_3224.jpg,0,0,True,0.9999990463256836,8.990703577183012e-07
/content/Dataset/Test/Fake/fake_3225.jpg,0,0,True,0.9999946355819702,5.413962298916886e-06
/content/Dataset/Test/Fake/fake_3226.jpg,0,0,True,0.9999995231628418,4.3480122258188203e-07
/content/Dataset/Test/Fake/fake_3227.jpg,0,0,True,0.9999991655349731,7.820964356142213e-07
/content/Dataset/Test/Fake/fake_3228.jpg,0,0,True,0.9999990463256836,8.987651654024376e-07
/content/Dataset/Test/Fake/fake_3229.jpg,0,0,True,0.9999978542327881,2.1967923657939536e-06
/content/Dataset/Test/Fake/fake_323.jpg,0,0,True,0.9998175501823425,0.0001824321661842987
/content/Dataset/Test/Fake/fake_3230.jpg,0,0,True,0.9999990463256836,9.002749834507995e-07
/content/Dataset/Test/Fake/fake_3231.jpg,0,0,True,0.9999949932098389,5.024682650400791e-06
/content/Dataset/Test/Fake/fake_3232.jpg,0,0,True,0.9999995231628418,5.183863436286629e-07
/content/Dataset/Test/Fake/fake_3233.jpg,0,0,True,0.9999991655349731,7.926085459075694e-07
/content/Dataset/Test/Fake/fake_3234.jpg,0,0,True,0.999998927116394,1.0225128335150657e-06
/content/Dataset/Test/Fake/fake_3235.jpg,0,0,True,0.9999991655349731,8.656126624373428e-07
/content/Dataset/Test/Fake/fake_3236.jpg,0,0,True,0.999998927116394,1.097551944440056e-06
/content/Dataset/Test/Fake/fake_3237.jpg,0,0,True,0.9999991655349731,8.088150593721366e-07
/content/Dataset/Test/Fake/fake_3238.jpg,0,0,True,0.9999988079071045,1.1636263934633462e-06
/content/Dataset/Test/Fake/fake_3239.jpg,0,0,True,0.999997615814209,2.4319956537510734e-06
/content/Dataset/Test/Fake/fake_324.jpg,0,0,True,0.999997615814209,2.4343764835066395e-06
/content/Dataset/Test/Fake/fake_3240.jpg,0,0,True,0.9999991655349731,7.895109774835873e-07
/content/Dataset/Test/Fake/fake_3241.jpg,0,0,True,0.9999994039535522,5.923674848418159e-07
/content/Dataset/Test/Fake/fake_3242.jpg,0,0,True,0.9999996423721313,3.858228581066214e-07
/content/Dataset/Test/Fake/fake_3243.jpg,0,0,True,0.9999889135360718,1.1091770829807501e-05
/content/Dataset/Test/Fake/fake_3244.jpg,0,0,True,0.9999185800552368,8.135631651384756e-05
/content/Dataset/Test/Fake/fake_3245.jpg,0,0,True,0.999997615814209,2.388375378359342e-06
/content/Dataset/Test/Fake/fake_3246.jpg,0,0,True,0.9999985694885254,1.4106352637099917e-06
/content/Dataset/Test/Fake/fake_3247.jpg,0,0,True,0.9999971389770508,2.8062117962690536e-06
/content/Dataset/Test/Fake/fake_3248.jpg,0,0,True,0.9999995231628418,4.296438191886409e-07
/content/Dataset/Test/Fake/fake_3249.jpg,0,0,True,0.9999980926513672,1.8878988612414105e-06
/content/Dataset/Test/Fake/fake_325.jpg,0,0,True,0.999996542930603,3.515240223350702e-06
/content/Dataset/Test/Fake/fake_3250.jpg,0,0,True,0.9999970197677612,2.94548431156727e-06
/content/Dataset/Test/Fake/fake_3251.jpg,0,0,True,0.9999762773513794,2.3733582565910183e-05
/content/Dataset/Test/Fake/fake_3252.jpg,0,0,True,0.9998254179954529,0.00017466337885707617
/content/Dataset/Test/Fake/fake_3253.jpg,0,0,True,0.991579532623291,0.00842046644538641
/content/Dataset/Test/Fake/fake_3254.jpg,0,0,True,0.9999978542327881,2.0862480596406385e-06
/content/Dataset/Test/Fake/fake_3255.jpg,0,0,True,0.6270129680633545,0.3729870617389679
/content/Dataset/Test/Fake/fake_3256.jpg,0,0,True,0.9999990463256836,9.998815357903368e-07
/content/Dataset/Test/Fake/fake_3257.jpg,0,0,True,0.9999980926513672,1.908000740513671e-06
/content/Dataset/Test/Fake/fake_3258.jpg,0,0,True,0.9713658690452576,0.028634149581193924
/content/Dataset/Test/Fake/fake_3259.jpg,0,0,True,0.9999991655349731,8.892156415640784e-07
/content/Dataset/Test/Fake/fake_326.jpg,0,0,True,0.9962368011474609,0.0037631390150636435
/content/Dataset/Test/Fake/fake_3260.jpg,0,0,True,0.9999990463256836,9.944269550032914e-07
/content/Dataset/Test/Fake/fake_3261.jpg,0,0,True,0.9999991655349731,8.4992336724099e-07
/content/Dataset/Test/Fake/fake_3262.jpg,0,0,True,0.9999992847442627,7.453997454831551e-07
/content/Dataset/Test/Fake/fake_3263.jpg,0,0,True,0.999995231628418,4.712777808890678e-06
/content/Dataset/Test/Fake/fake_3264.jpg,0,0,True,0.9999992847442627,7.503223855565011e-07
/content/Dataset/Test/Fake/fake_3265.jpg,0,0,True,0.9999978542327881,2.1061048300907714e-06
/content/Dataset/Test/Fake/fake_3266.jpg,0,0,True,0.9999994039535522,6.227484163900954e-07
/content/Dataset/Test/Fake/fake_3267.jpg,0,0,True,0.9999899864196777,1.0011478480009828e-05
/content/Dataset/Test/Fake/fake_3268.jpg,0,0,True,0.9999991655349731,8.06570426448161e-07
/content/Dataset/Test/Fake/fake_3269.jpg,0,0,True,0.9999963045120239,3.6676667605206603e-06
/content/Dataset/Test/Fake/fake_327.jpg,0,0,True,0.9848843812942505,0.015115657821297646
/content/Dataset/Test/Fake/fake_3270.jpg,0,0,True,0.9999949932098389,4.965460902894847e-06
/content/Dataset/Test/Fake/fake_3271.jpg,0,0,True,0.999997615814209,2.3731495275569614e-06
/content/Dataset/Test/Fake/fake_3272.jpg,0,0,True,0.9999995231628418,4.581103780765261e-07
/content/Dataset/Test/Fake/fake_3273.jpg,0,0,True,0.9999904632568359,9.504986337560695e-06
/content/Dataset/Test/Fake/fake_3274.jpg,0,0,True,0.9999990463256836,9.153230280389835e-07
/content/Dataset/Test/Fake/fake_3275.jpg,0,0,True,0.9999996423721313,3.7750220371890464e-07
/content/Dataset/Test/Fake/fake_3276.jpg,0,0,True,0.9998069405555725,0.00019309787603560835
/content/Dataset/Test/Fake/fake_3277.jpg,0,0,True,0.9993066787719727,0.0006932601099833846
/content/Dataset/Test/Fake/fake_3278.jpg,0,0,True,0.9999934434890747,6.609032425330952e-06
/content/Dataset/Test/Fake/fake_3279.jpg,0,0,True,0.9999983310699463,1.7206675693159923e-06
/content/Dataset/Test/Fake/fake_328.jpg,0,0,True,0.998548686504364,0.0014513266505673528
/content/Dataset/Test/Fake/fake_3280.jpg,0,0,True,0.9999979734420776,2.0556326489895582e-06
/content/Dataset/Test/Fake/fake_3281.jpg,0,0,True,0.9999991655349731,8.493901191286568e-07
/content/Dataset/Test/Fake/fake_3282.jpg,0,0,True,0.9714377522468567,0.02856224775314331
/content/Dataset/Test/Fake/fake_3283.jpg,0,0,True,0.9999969005584717,3.137820613119402e-06
/content/Dataset/Test/Fake/fake_3284.jpg,0,0,True,0.9999933242797852,6.727489562763367e-06
/content/Dataset/Test/Fake/fake_3285.jpg,0,0,True,0.999487042427063,0.0005129047785885632
/content/Dataset/Test/Fake/fake_3286.jpg,0,0,True,0.9999358654022217,6.408584886230528e-05
/content/Dataset/Test/Fake/fake_3287.jpg,0,0,True,0.9999995231628418,4.934499315822904e-07
/content/Dataset/Test/Fake/fake_3288.jpg,0,0,True,0.9998985528945923,0.00010149105946766213
/content/Dataset/Test/Fake/fake_3289.jpg,0,0,True,0.9999363422393799,6.362834392348304e-05
/content/Dataset/Test/Fake/fake_329.jpg,0,0,True,0.9991668462753296,0.0008331246790476143
/content/Dataset/Test/Fake/fake_3290.jpg,0,0,True,0.9998972415924072,0.00010279975685989484
/content/Dataset/Test/Fake/fake_3291.jpg,0,0,True,0.9999994039535522,6.269650612011901e-07
/content/Dataset/Test/Fake/fake_3292.jpg,0,0,True,0.9999982118606567,1.816872099880129e-06
/content/Dataset/Test/Fake/fake_3293.jpg,0,0,True,0.9999994039535522,5.511571430361073e-07
/content/Dataset/Test/Fake/fake_3294.jpg,0,0,True,0.9999831914901733,1.676603642408736e-05
/content/Dataset/Test/Fake/fake_3295.jpg,0,0,True,0.9999992847442627,6.918538701938814e-07
/content/Dataset/Test/Fake/fake_3296.jpg,0,0,True,0.9999003410339355,9.963867341866717e-05
/content/Dataset/Test/Fake/fake_3297.jpg,0,0,True,0.9999591112136841,4.083280873601325e-05
/content/Dataset/Test/Fake/fake_3298.jpg,0,0,True,0.9999994039535522,5.368677875594585e-07
/content/Dataset/Test/Fake/fake_3299.jpg,0,0,True,0.999984860420227,1.5152467312873341e-05
/content/Dataset/Test/Fake/fake_33.jpg,0,0,True,0.9995984435081482,0.00040155567694455385
/content/Dataset/Test/Fake/fake_330.jpg,0,0,True,0.9999173879623413,8.258310845121741e-05
/content/Dataset/Test/Fake/fake_3300.jpg,0,0,True,0.9999990463256836,1.0113863027072512e-06
/content/Dataset/Test/Fake/fake_3301.jpg,0,0,True,0.9999959468841553,4.071701368957292e-06
/content/Dataset/Test/Fake/fake_3302.jpg,0,0,True,0.9156673550605774,0.08433268219232559
/content/Dataset/Test/Fake/fake_3303.jpg,0,0,True,0.9999960660934448,3.927659236069303e-06
/content/Dataset/Test/Fake/fake_3304.jpg,0,0,True,0.9999903440475464,9.661187505116686e-06
/content/Dataset/Test/Fake/fake_3305.jpg,0,0,True,0.9995436072349548,0.0004564149130601436
/content/Dataset/Test/Fake/fake_3306.jpg,0,0,True,0.9999995231628418,4.719902335637016e-07
/content/Dataset/Test/Fake/fake_3307.jpg,0,0,True,0.9999992847442627,6.844694553365116e-07
/content/Dataset/Test/Fake/fake_3308.jpg,0,0,True,0.999998927116394,1.1260445944571984e-06
/content/Dataset/Test/Fake/fake_3309.jpg,0,0,True,0.9999963045120239,3.706065399455838e-06
/content/Dataset/Test/Fake/fake_331.jpg,0,0,True,0.9854966998100281,0.014503274112939835
/content/Dataset/Test/Fake/fake_3310.jpg,0,0,True,0.9999982118606567,1.7583481621841202e-06
/content/Dataset/Test/Fake/fake_3311.jpg,0,0,True,0.9999995231628418,4.2829708490899066e-07
/content/Dataset/Test/Fake/fake_3312.jpg,0,0,True,0.9998985528945923,0.00010148892761208117
/content/Dataset/Test/Fake/fake_3313.jpg,0,0,True,0.9999985694885254,1.463458488615288e-06
/content/Dataset/Test/Fake/fake_3314.jpg,0,0,True,0.9537800550460815,0.04621998965740204
/content/Dataset/Test/Fake/fake_3315.jpg,0,0,True,0.9999979734420776,2.0575155303959036e-06
/content/Dataset/Test/Fake/fake_3316.jpg,0,0,True,0.9999988079071045,1.14387307803554e-06
/content/Dataset/Test/Fake/fake_3317.jpg,0,0,True,0.9999988079071045,1.2012313845843892e-06
/content/Dataset/Test/Fake/fake_3318.jpg,0,0,True,0.9999175071716309,8.243848424172029e-05
/content/Dataset/Test/Fake/fake_3319.jpg,0,0,True,0.9940482378005981,0.005951734259724617
/content/Dataset/Test/Fake/fake_332.jpg,0,0,True,0.999980092048645,1.9895844161510468e-05
/content/Dataset/Test/Fake/fake_3320.jpg,0,0,True,0.9999969005584717,3.040760930161923e-06
/content/Dataset/Test/Fake/fake_3321.jpg,0,0,True,0.9999991655349731,8.764110930314928e-07
/content/Dataset/Test/Fake/fake_3322.jpg,0,0,True,0.9999984502792358,1.5393927697004983e-06
/content/Dataset/Test/Fake/fake_3323.jpg,0,0,True,0.9999984502792358,1.5676871498726541e-06
/content/Dataset/Test/Fake/fake_3324.jpg,0,0,True,0.9999979734420776,1.9937522210966563e-06
/content/Dataset/Test/Fake/fake_3325.jpg,0,0,True,0.9999868869781494,1.3083288649795577e-05
/content/Dataset/Test/Fake/fake_3326.jpg,0,0,True,0.9999738931655884,2.6088064259965904e-05
/content/Dataset/Test/Fake/fake_3327.jpg,0,0,True,0.9998984336853027,0.00010156075586564839
/content/Dataset/Test/Fake/fake_3328.jpg,0,0,True,0.9999992847442627,6.781713750569907e-07
/content/Dataset/Test/Fake/fake_3329.jpg,0,0,True,0.9999990463256836,9.957042266250937e-07
/content/Dataset/Test/Fake/fake_333.jpg,0,0,True,0.9992874264717102,0.0007126137497834861
/content/Dataset/Test/Fake/fake_3330.jpg,0,0,True,0.9999960660934448,3.916221430699807e-06
/content/Dataset/Test/Fake/fake_3331.jpg,0,0,True,0.9999971389770508,2.87652028418961e-06
/content/Dataset/Test/Fake/fake_3332.jpg,0,0,True,0.9999988079071045,1.1863743338835775e-06
/content/Dataset/Test/Fake/fake_3333.jpg,0,0,True,0.9999983310699463,1.6732321910239989e-06
/content/Dataset/Test/Fake/fake_3334.jpg,0,0,True,0.9999995231628418,4.301685976315639e-07
/content/Dataset/Test/Fake/fake_3335.jpg,0,0,True,0.9999992847442627,6.95495600666618e-07
/content/Dataset/Test/Fake/fake_3336.jpg,0,0,True,0.9999998807907104,1.6907777933283796e-07
/content/Dataset/Test/Fake/fake_3337.jpg,0,0,True,0.9999991655349731,8.049083817240898e-07
/content/Dataset/Test/Fake/fake_3338.jpg,0,0,True,0.9999984502792358,1.579375521032489e-06
/content/Dataset/Test/Fake/fake_3339.jpg,0,0,True,0.9999994039535522,6.079118861634925e-07
/content/Dataset/Test/Fake/fake_334.jpg,0,0,True,0.9999929666519165,7.050050498946803e-06
/content/Dataset/Test/Fake/fake_3340.jpg,0,0,True,0.999996542930603,3.447436938586179e-06
/content/Dataset/Test/Fake/fake_3341.jpg,0,0,True,0.9999884366989136,1.1527309652592521e-05
/content/Dataset/Test/Fake/fake_3342.jpg,0,0,True,0.9999736547470093,2.6384554075775668e-05
/content/Dataset/Test/Fake/fake_3343.jpg,0,1,False,0.4806981384754181,0.5193018317222595
/content/Dataset/Test/Fake/fake_3344.jpg,0,1,False,0.0007957216002978384,0.9992043375968933
/content/Dataset/Test/Fake/fake_3345.jpg,0,0,True,0.9999977350234985,2.2933281798032112e-06
/content/Dataset/Test/Fake/fake_3346.jpg,0,0,True,0.9999992847442627,6.945066957086965e-07
/content/Dataset/Test/Fake/fake_3347.jpg,0,0,True,0.9999991655349731,8.820509265206056e-07
/content/Dataset/Test/Fake/fake_3348.jpg,0,0,True,0.9999669790267944,3.302755794720724e-05
/content/Dataset/Test/Fake/fake_3349.jpg,0,0,True,0.99967360496521,0.00032638630364090204
/content/Dataset/Test/Fake/fake_335.jpg,0,0,True,0.9999969005584717,3.151820692437468e-06
/content/Dataset/Test/Fake/fake_3350.jpg,0,0,True,0.9999724626541138,2.7593840059125796e-05
/content/Dataset/Test/Fake/fake_3351.jpg,0,0,True,0.9999984502792358,1.5819517784620984e-06
/content/Dataset/Test/Fake/fake_3352.jpg,0,0,True,0.9999979734420776,1.984411483135773e-06
/content/Dataset/Test/Fake/fake_3353.jpg,0,0,True,0.9999992847442627,6.575533575414738e-07
/content/Dataset/Test/Fake/fake_3354.jpg,0,0,True,0.9999970197677612,3.02001399177243e-06
/content/Dataset/Test/Fake/fake_3355.jpg,0,0,True,0.9999966621398926,3.2967566312436247e-06
/content/Dataset/Test/Fake/fake_3356.jpg,0,0,True,0.9999791383743286,2.086950553348288e-05
/content/Dataset/Test/Fake/fake_3357.jpg,0,0,True,0.9999995231628418,4.432563684986235e-07
/content/Dataset/Test/Fake/fake_3358.jpg,0,0,True,0.9999994039535522,6.280009188230906e-07
/content/Dataset/Test/Fake/fake_3359.jpg,0,0,True,0.9999961853027344,3.7992272154951934e-06
/content/Dataset/Test/Fake/fake_336.jpg,0,0,True,0.9999977350234985,2.313847062396235e-06
/content/Dataset/Test/Fake/fake_3360.jpg,0,0,True,0.9999966621398926,3.3419987630622927e-06
/content/Dataset/Test/Fake/fake_3361.jpg,0,0,True,0.9999969005584717,3.1388863135362044e-06
/content/Dataset/Test/Fake/fake_3362.jpg,0,0,True,0.9999995231628418,5.051744551565207e-07
/content/Dataset/Test/Fake/fake_3363.jpg,0,0,True,0.9999974966049194,2.4753121579124127e-06
/content/Dataset/Test/Fake/fake_3364.jpg,0,0,True,0.9999995231628418,4.953642473992659e-07
/content/Dataset/Test/Fake/fake_3365.jpg,0,0,True,0.9999983310699463,1.7209350744451513e-06
/content/Dataset/Test/Fake/fake_3366.jpg,0,0,True,0.9999994039535522,5.879460331925657e-07
/content/Dataset/Test/Fake/fake_3367.jpg,0,0,True,0.9999996423721313,4.130517083922314e-07
/content/Dataset/Test/Fake/fake_3368.jpg,0,0,True,0.999998927116394,1.0984985010509263e-06
/content/Dataset/Test/Fake/fake_3369.jpg,0,0,True,0.999769389629364,0.00023058144142851233
/content/Dataset/Test/Fake/fake_337.jpg,0,0,True,0.9976547956466675,0.0023451640736311674
/content/Dataset/Test/Fake/fake_3370.jpg,0,0,True,0.995898425579071,0.004101586528122425
/content/Dataset/Test/Fake/fake_3371.jpg,0,0,True,0.9999942779541016,5.7056222431128845e-06
/content/Dataset/Test/Fake/fake_3372.jpg,0,0,True,0.9997997879981995,0.0002002520050154999
/content/Dataset/Test/Fake/fake_3373.jpg,0,0,True,0.9833877086639404,0.016612323001027107
/content/Dataset/Test/Fake/fake_3374.jpg,0,0,True,0.9992932081222534,0.0007067880942486227
/content/Dataset/Test/Fake/fake_3375.jpg,0,0,True,0.9999977350234985,2.303019982718979e-06
/content/Dataset/Test/Fake/fake_3376.jpg,0,0,True,0.9999980926513672,1.885034635051852e-06
/content/Dataset/Test/Fake/fake_3377.jpg,0,0,True,0.9999988079071045,1.221626803271647e-06
/content/Dataset/Test/Fake/fake_3378.jpg,0,0,True,0.9999991655349731,8.461036600238003e-07
/content/Dataset/Test/Fake/fake_3379.jpg,0,0,True,0.9999964237213135,3.562882284313673e-06
/content/Dataset/Test/Fake/fake_338.jpg,0,0,True,0.9999897480010986,1.0205527360085398e-05
/content/Dataset/Test/Fake/fake_3380.jpg,0,0,True,0.9998528957366943,0.00014713853306602687
/content/Dataset/Test/Fake/fake_3381.jpg,0,0,True,0.9999951124191284,4.840455858357018e-06
/content/Dataset/Test/Fake/fake_3382.jpg,0,0,True,0.9999910593032837,8.89521834324114e-06
/content/Dataset/Test/Fake/fake_3383.jpg,0,0,True,0.9999959468841553,4.0777244976197835e-06
/content/Dataset/Test/Fake/fake_3384.jpg,0,0,True,0.9999994039535522,5.811860432913818e-07
/content/Dataset/Test/Fake/fake_3385.jpg,0,0,True,0.9999953508377075,4.637192432710435e-06
/content/Dataset/Test/Fake/fake_3386.jpg,0,0,True,0.999998927116394,1.0496451068320312e-06
/content/Dataset/Test/Fake/fake_3387.jpg,0,0,True,0.9969921112060547,0.0030079216230660677
/content/Dataset/Test/Fake/fake_3388.jpg,0,0,True,0.9999982118606567,1.8271099406774738e-06
/content/Dataset/Test/Fake/fake_3389.jpg,0,0,True,0.9999963045120239,3.637389909272315e-06
/content/Dataset/Test/Fake/fake_339.jpg,0,0,True,0.999998927116394,1.0449746241647517e-06
/content/Dataset/Test/Fake/fake_3390.jpg,0,0,True,0.7430186867713928,0.2569813132286072
/content/Dataset/Test/Fake/fake_3391.jpg,0,0,True,0.9999995231628418,5.078568392491434e-07
/content/Dataset/Test/Fake/fake_3392.jpg,0,0,True,0.9999992847442627,6.647753707511583e-07
/content/Dataset/Test/Fake/fake_3393.jpg,0,0,True,0.9980505704879761,0.001949442084878683
/content/Dataset/Test/Fake/fake_3394.jpg,0,0,True,0.999998927116394,1.1269427204751992e-06
/content/Dataset/Test/Fake/fake_3395.jpg,0,0,True,0.9999996423721313,3.5859969216289755e-07
/content/Dataset/Test/Fake/fake_3396.jpg,0,0,True,0.9998045563697815,0.00019542763766366988
/content/Dataset/Test/Fake/fake_3397.jpg,0,0,True,0.8284927010536194,0.1715073436498642
/content/Dataset/Test/Fake/fake_3398.jpg,0,0,True,0.9965038299560547,0.0034962028730660677
/content/Dataset/Test/Fake/fake_3399.jpg,0,0,True,0.9999974966049194,2.512063474569004e-06
/content/Dataset/Test/Fake/fake_34.jpg,0,0,True,0.9999985694885254,1.45421927300049e-06
/content/Dataset/Test/Fake/fake_340.jpg,0,0,True,0.9999715089797974,2.849970042007044e-05
/content/Dataset/Test/Fake/fake_3400.jpg,0,0,True,0.9999995231628418,5.26984763382643e-07
/content/Dataset/Test/Fake/fake_3401.jpg,0,0,True,0.9999226331710815,7.733651727903634e-05
/content/Dataset/Test/Fake/fake_3402.jpg,0,0,True,0.9999923706054688,7.602023742947495e-06
/content/Dataset/Test/Fake/fake_3403.jpg,0,0,True,0.999913215637207,8.6757710960228e-05
/content/Dataset/Test/Fake/fake_3404.jpg,0,0,True,0.9999986886978149,1.321527179243276e-06
/content/Dataset/Test/Fake/fake_3405.jpg,0,0,True,0.9999994039535522,5.555561415349075e-07
/content/Dataset/Test/Fake/fake_3406.jpg,0,0,True,0.9999980926513672,1.9555068320187274e-06
/content/Dataset/Test/Fake/fake_3407.jpg,0,0,True,0.9999990463256836,9.292301683672122e-07
/content/Dataset/Test/Fake/fake_3408.jpg,0,0,True,0.9999991655349731,8.088049980869982e-07
/content/Dataset/Test/Fake/fake_3409.jpg,0,0,True,0.9999977350234985,2.216979737568181e-06
/content/Dataset/Test/Fake/fake_341.jpg,0,0,True,0.9999961853027344,3.873059085890418e-06
/content/Dataset/Test/Fake/fake_3410.jpg,0,0,True,0.9999991655349731,7.84554174515506e-07
/content/Dataset/Test/Fake/fake_3411.jpg,0,0,True,0.9999877214431763,1.2268221325939521e-05
/content/Dataset/Test/Fake/fake_3412.jpg,0,0,True,0.9999991655349731,7.93852223068825e-07
/content/Dataset/Test/Fake/fake_3413.jpg,0,0,True,0.9999973773956299,2.5866811483865604e-06
/content/Dataset/Test/Fake/fake_3414.jpg,0,0,True,0.9979552030563354,0.0020448032300919294
/content/Dataset/Test/Fake/fake_3415.jpg,0,0,True,0.999996542930603,3.5100347304251045e-06
/content/Dataset/Test/Fake/fake_3416.jpg,0,0,True,0.9999996423721313,3.6640096823248314e-07
/content/Dataset/Test/Fake/fake_3417.jpg,0,0,True,0.9999674558639526,3.2484625990036875e-05
/content/Dataset/Test/Fake/fake_3418.jpg,0,0,True,0.9999960660934448,3.8979860619292594e-06
/content/Dataset/Test/Fake/fake_3419.jpg,0,0,True,0.9999996423721313,3.961247898587317e-07
/content/Dataset/Test/Fake/fake_342.jpg,0,0,True,0.9999591112136841,4.089278445462696e-05
/content/Dataset/Test/Fake/fake_3420.jpg,0,0,True,0.9999997615814209,2.7773356237048574e-07
/content/Dataset/Test/Fake/fake_3421.jpg,0,0,True,0.999997615814209,2.4210407900682185e-06
/content/Dataset/Test/Fake/fake_3422.jpg,0,0,True,0.9999550580978394,4.495924440561794e-05
/content/Dataset/Test/Fake/fake_3423.jpg,0,0,True,0.9997001886367798,0.00029983322019688785
/content/Dataset/Test/Fake/fake_3424.jpg,0,0,True,0.9999001026153564,9.989782847696915e-05
/content/Dataset/Test/Fake/fake_3425.jpg,0,0,True,0.999996542930603,3.4922181839647237e-06
/content/Dataset/Test/Fake/fake_3426.jpg,0,0,True,0.9999985694885254,1.3870462680642959e-06
/content/Dataset/Test/Fake/fake_3427.jpg,0,0,True,0.9967901110649109,0.0032098651863634586
/content/Dataset/Test/Fake/fake_3428.jpg,0,0,True,0.9906536936759949,0.009346242994070053
/content/Dataset/Test/Fake/fake_3429.jpg,0,0,True,0.9999992847442627,7.152357284212485e-07
/content/Dataset/Test/Fake/fake_343.jpg,0,0,True,0.9999992847442627,7.218862947411253e-07
/content/Dataset/Test/Fake/fake_3430.jpg,0,0,True,0.999902606010437,9.742075053509325e-05
/content/Dataset/Test/Fake/fake_3431.jpg,0,0,True,0.9999988079071045,1.168332232737157e-06
/content/Dataset/Test/Fake/fake_3432.jpg,0,0,True,0.9999626874923706,3.728620504261926e-05
/content/Dataset/Test/Fake/fake_3433.jpg,0,0,True,0.9983835220336914,0.0016164244152605534
/content/Dataset/Test/Fake/fake_3434.jpg,0,0,True,0.9999979734420776,2.046261670329841e-06
/content/Dataset/Test/Fake/fake_3435.jpg,0,0,True,0.999998927116394,1.0261243232889683e-06
/content/Dataset/Test/Fake/fake_3436.jpg,0,0,True,0.9999945163726807,5.510669325303752e-06
/content/Dataset/Test/Fake/fake_3437.jpg,0,0,True,0.9289664626121521,0.07103355973958969
/content/Dataset/Test/Fake/fake_3438.jpg,0,0,True,0.999998927116394,1.0498382607693202e-06
/content/Dataset/Test/Fake/fake_3439.jpg,0,0,True,0.9999988079071045,1.170552650364698e-06
/content/Dataset/Test/Fake/fake_344.jpg,0,0,True,0.9999758005142212,2.424928970867768e-05
/content/Dataset/Test/Fake/fake_3440.jpg,0,0,True,0.999998927116394,1.0438770914333872e-06
/content/Dataset/Test/Fake/fake_3441.jpg,0,0,True,0.9999301433563232,6.990722613409162e-05
/content/Dataset/Test/Fake/fake_3442.jpg,0,0,True,0.9999980926513672,1.930845201059128e-06
/content/Dataset/Test/Fake/fake_3443.jpg,0,0,True,0.9999963045120239,3.7055317534395726e-06
/content/Dataset/Test/Fake/fake_3444.jpg,0,0,True,0.9999960660934448,3.966418717027409e-06
/content/Dataset/Test/Fake/fake_3445.jpg,0,0,True,0.9999890327453613,1.1001656275766436e-05
/content/Dataset/Test/Fake/fake_3446.jpg,0,0,True,0.9999995231628418,5.069824169368076e-07
/content/Dataset/Test/Fake/fake_3447.jpg,0,0,True,0.9999854564666748,1.4560464478563517e-05
/content/Dataset/Test/Fake/fake_3448.jpg,0,0,True,0.9999997615814209,2.84235511571751e-07
/content/Dataset/Test/Fake/fake_3449.jpg,0,0,True,0.9999991655349731,8.33042520298477e-07
/content/Dataset/Test/Fake/fake_345.jpg,0,0,True,0.9999984502792358,1.4953740219425526e-06
/content/Dataset/Test/Fake/fake_3450.jpg,0,0,True,0.9999995231628418,4.1989369492512196e-07
/content/Dataset/Test/Fake/fake_3451.jpg,0,0,True,0.9999916553497314,8.292533493658993e-06
/content/Dataset/Test/Fake/fake_3452.jpg,0,0,True,0.9984555244445801,0.0015445182798430324
/content/Dataset/Test/Fake/fake_3453.jpg,0,0,True,0.9809741377830505,0.019025836139917374
/content/Dataset/Test/Fake/fake_3454.jpg,0,0,True,0.9999990463256836,1.003995066639618e-06
/content/Dataset/Test/Fake/fake_3455.jpg,0,0,True,0.9912434816360474,0.008756506256759167
/content/Dataset/Test/Fake/fake_3456.jpg,0,0,True,0.9999735355377197,2.650446731422562e-05
/content/Dataset/Test/Fake/fake_3457.jpg,0,0,True,0.9999940395355225,5.951846105745062e-06
/content/Dataset/Test/Fake/fake_3458.jpg,0,0,True,0.9999958276748657,4.210909992252709e-06
/content/Dataset/Test/Fake/fake_3459.jpg,0,0,True,0.9999947547912598,5.298933047015453e-06
/content/Dataset/Test/Fake/fake_346.jpg,0,0,True,0.9999979734420776,2.0512986793619348e-06
/content/Dataset/Test/Fake/fake_3460.jpg,0,0,True,0.9999939203262329,6.070693871151889e-06
/content/Dataset/Test/Fake/fake_3461.jpg,0,0,True,0.9999984502792358,1.59229705332109e-06
/content/Dataset/Test/Fake/fake_3462.jpg,0,0,True,0.9999973773956299,2.6686407181841787e-06
/content/Dataset/Test/Fake/fake_3463.jpg,0,0,True,0.9999990463256836,1.0052751804323634e-06
/content/Dataset/Test/Fake/fake_3464.jpg,0,0,True,0.9999995231628418,5.089501655675122e-07
/content/Dataset/Test/Fake/fake_3465.jpg,0,0,True,0.6034680604934692,0.3965319097042084
/content/Dataset/Test/Fake/fake_3466.jpg,0,0,True,0.9433274269104004,0.056672558188438416
/content/Dataset/Test/Fake/fake_3467.jpg,0,0,True,0.9999995231628418,4.567135931665689e-07
/content/Dataset/Test/Fake/fake_3468.jpg,0,0,True,0.9858369827270508,0.014162988401949406
/content/Dataset/Test/Fake/fake_3469.jpg,0,0,True,0.9999994039535522,6.496571813841001e-07
/content/Dataset/Test/Fake/fake_347.jpg,0,0,True,0.999998927116394,1.081554501070059e-06
/content/Dataset/Test/Fake/fake_3470.jpg,0,0,True,0.9998255372047424,0.00017446695710532367
/content/Dataset/Test/Fake/fake_3471.jpg,0,0,True,0.9999995231628418,5.224944175097335e-07
/content/Dataset/Test/Fake/fake_3472.jpg,0,0,True,0.9999806880950928,1.9268998585175723e-05
/content/Dataset/Test/Fake/fake_3473.jpg,0,0,True,0.9999881982803345,1.174497083411552e-05
/content/Dataset/Test/Fake/fake_3474.jpg,0,0,True,0.9999978542327881,2.198821448473609e-06
/content/Dataset/Test/Fake/fake_3475.jpg,0,0,True,0.9999995231628418,4.647777416266763e-07
/content/Dataset/Test/Fake/fake_3476.jpg,0,0,True,0.999988317489624,1.1715260370692704e-05
/content/Dataset/Test/Fake/fake_3477.jpg,0,0,True,0.9999849796295166,1.5049385183374397e-05
/content/Dataset/Test/Fake/fake_3478.jpg,0,0,True,0.8448473811149597,0.1551526039838791
/content/Dataset/Test/Fake/fake_3479.jpg,0,0,True,0.9999966621398926,3.328175807837397e-06
/content/Dataset/Test/Fake/fake_348.jpg,0,0,True,0.9999992847442627,7.309698730750824e-07
/content/Dataset/Test/Fake/fake_3480.jpg,0,0,True,0.9995020627975464,0.0004979645600542426
/content/Dataset/Test/Fake/fake_3481.jpg,0,0,True,0.9999992847442627,6.861824886073009e-07
/content/Dataset/Test/Fake/fake_3482.jpg,0,0,True,0.9999996423721313,3.484662158825813e-07
/content/Dataset/Test/Fake/fake_3483.jpg,0,0,True,0.999997615814209,2.3792274532752344e-06
/content/Dataset/Test/Fake/fake_3484.jpg,0,0,True,0.9882732033729553,0.01172687578946352
/content/Dataset/Test/Fake/fake_3485.jpg,0,0,True,0.9987817406654358,0.0012182744685560465
/content/Dataset/Test/Fake/fake_3486.jpg,0,0,True,0.9999933242797852,6.674710220977431e-06
/content/Dataset/Test/Fake/fake_3487.jpg,0,0,True,0.9959965944290161,0.00400342745706439
/content/Dataset/Test/Fake/fake_3488.jpg,0,0,True,0.9999983310699463,1.626701191526081e-06
/content/Dataset/Test/Fake/fake_3489.jpg,0,0,True,0.9999885559082031,1.1467039257695433e-05
/content/Dataset/Test/Fake/fake_349.jpg,0,0,True,0.9993566870689392,0.0006433335947804153
/content/Dataset/Test/Fake/fake_3490.jpg,0,0,True,0.9999994039535522,5.496202106769488e-07
/content/Dataset/Test/Fake/fake_3491.jpg,0,0,True,0.9999744892120361,2.5500523406662978e-05
/content/Dataset/Test/Fake/fake_3492.jpg,0,0,True,0.9618154168128967,0.038184575736522675
/content/Dataset/Test/Fake/fake_3493.jpg,0,0,True,0.9999992847442627,6.782199193366978e-07
/content/Dataset/Test/Fake/fake_3494.jpg,0,0,True,0.9999996423721313,3.9992710298975e-07
/content/Dataset/Test/Fake/fake_3495.jpg,0,0,True,0.9999995231628418,5.047020863457874e-07
/content/Dataset/Test/Fake/fake_3496.jpg,0,0,True,0.9999997615814209,2.602891981950961e-07
/content/Dataset/Test/Fake/fake_3497.jpg,0,0,True,0.9999994039535522,5.731181431656296e-07
/content/Dataset/Test/Fake/fake_3498.jpg,0,0,True,0.9999973773956299,2.654780928423861e-06
/content/Dataset/Test/Fake/fake_3499.jpg,0,0,True,0.9999114274978638,8.861021342454478e-05
/content/Dataset/Test/Fake/fake_35.jpg,0,0,True,0.9999963045120239,3.7211136714176973e-06
/content/Dataset/Test/Fake/fake_350.jpg,0,0,True,0.9999994039535522,6.331703161777114e-07
/content/Dataset/Test/Fake/fake_3500.jpg,0,1,False,0.33904168009757996,0.6609582901000977
/content/Dataset/Test/Fake/fake_3501.jpg,0,0,True,0.9695417284965515,0.03045821562409401
/content/Dataset/Test/Fake/fake_3502.jpg,0,0,True,0.999993085861206,6.968992238398641e-06
/content/Dataset/Test/Fake/fake_3503.jpg,0,0,True,0.9999984502792358,1.5768742969157756e-06
/content/Dataset/Test/Fake/fake_3504.jpg,0,0,True,0.9999974966049194,2.4500718609488104e-06
/content/Dataset/Test/Fake/fake_3505.jpg,0,0,True,0.9999995231628418,4.823351105187612e-07
/content/Dataset/Test/Fake/fake_3506.jpg,0,0,True,0.9999996423721313,3.5173019341527834e-07
/content/Dataset/Test/Fake/fake_3507.jpg,0,0,True,0.999996542930603,3.5028851925744675e-06
/content/Dataset/Test/Fake/fake_3508.jpg,0,0,True,0.9999947547912598,5.251056791166775e-06
/content/Dataset/Test/Fake/fake_3509.jpg,0,1,False,0.07436898350715637,0.925631046295166
/content/Dataset/Test/Fake/fake_351.jpg,0,0,True,0.9999239444732666,7.609181920997798e-05
/content/Dataset/Test/Fake/fake_3510.jpg,0,0,True,0.9999994039535522,6.347573844323051e-07
/content/Dataset/Test/Fake/fake_3511.jpg,0,0,True,0.9999994039535522,5.943446126366325e-07
/content/Dataset/Test/Fake/fake_3512.jpg,0,0,True,0.9999992847442627,6.832231633779884e-07
/content/Dataset/Test/Fake/fake_3513.jpg,0,0,True,0.9999991655349731,8.492613119415182e-07
/content/Dataset/Test/Fake/fake_3514.jpg,0,0,True,0.9999992847442627,7.025459467513429e-07
/content/Dataset/Test/Fake/fake_3515.jpg,0,0,True,0.8416728377342224,0.158327117562294
/content/Dataset/Test/Fake/fake_3516.jpg,0,0,True,0.9838042855262756,0.01619565114378929
/content/Dataset/Test/Fake/fake_3517.jpg,0,0,True,0.9999963045120239,3.6885271583741996e-06
/content/Dataset/Test/Fake/fake_3518.jpg,0,0,True,0.9999822378158569,1.7801166904973798e-05
/content/Dataset/Test/Fake/fake_3519.jpg,0,0,True,0.9999985694885254,1.3796609437122243e-06
/content/Dataset/Test/Fake/fake_352.jpg,0,0,True,0.9999942779541016,5.688648798241047e-06
/content/Dataset/Test/Fake/fake_3520.jpg,0,0,True,0.9999995231628418,4.946684271089907e-07
/content/Dataset/Test/Fake/fake_3521.jpg,0,0,True,0.999997615814209,2.325797822777531e-06
/content/Dataset/Test/Fake/fake_3522.jpg,0,0,True,0.999998927116394,1.0528572147450177e-06
/content/Dataset/Test/Fake/fake_3523.jpg,0,0,True,0.9999845027923584,1.548493492009584e-05
/content/Dataset/Test/Fake/fake_3524.jpg,0,0,True,0.9999996423721313,3.009138822562818e-07
/content/Dataset/Test/Fake/fake_3525.jpg,0,0,True,0.9999988079071045,1.2463297025533393e-06
/content/Dataset/Test/Fake/fake_3526.jpg,0,0,True,0.9963452219963074,0.0036547728814184666
/content/Dataset/Test/Fake/fake_3527.jpg,0,0,True,0.9999990463256836,9.288119713346532e-07
/content/Dataset/Test/Fake/fake_3528.jpg,0,0,True,0.9999985694885254,1.4525074902849155e-06
/content/Dataset/Test/Fake/fake_3529.jpg,0,0,True,0.9999988079071045,1.1788663414336042e-06
/content/Dataset/Test/Fake/fake_353.jpg,0,0,True,0.9999916553497314,8.347933544428088e-06
/content/Dataset/Test/Fake/fake_3530.jpg,0,0,True,0.9998947381973267,0.00010521413787500933
/content/Dataset/Test/Fake/fake_3531.jpg,0,0,True,0.9999940395355225,5.906706064706668e-06
/content/Dataset/Test/Fake/fake_3532.jpg,0,0,True,0.9999966621398926,3.3399087442376185e-06
/content/Dataset/Test/Fake/fake_3533.jpg,0,0,True,0.9999994039535522,6.049306762179185e-07
/content/Dataset/Test/Fake/fake_3534.jpg,0,0,True,0.9976215958595276,0.0023784406948834658
/content/Dataset/Test/Fake/fake_3535.jpg,0,0,True,0.9999983310699463,1.7144969888249761e-06
/content/Dataset/Test/Fake/fake_3536.jpg,0,0,True,0.7834503054618835,0.21654962003231049
/content/Dataset/Test/Fake/fake_3537.jpg,0,0,True,0.9999644756317139,3.5547880543163046e-05
/content/Dataset/Test/Fake/fake_3538.jpg,0,0,True,0.9999533891677856,4.659532351070084e-05
/content/Dataset/Test/Fake/fake_3539.jpg,0,0,True,0.9998884201049805,0.00011154219828313217
/content/Dataset/Test/Fake/fake_354.jpg,0,0,True,0.9999778270721436,2.2185507987160236e-05
/content/Dataset/Test/Fake/fake_3540.jpg,0,0,True,0.9998874664306641,0.00011251603427808732
/content/Dataset/Test/Fake/fake_3541.jpg,0,0,True,0.9997976422309875,0.000202383438590914
/content/Dataset/Test/Fake/fake_3542.jpg,0,0,True,0.9999986886978149,1.300963049288839e-06
/content/Dataset/Test/Fake/fake_3543.jpg,0,0,True,0.9999991655349731,8.724616691324627e-07
/content/Dataset/Test/Fake/fake_3544.jpg,0,0,True,0.9999995231628418,5.261125011202239e-07
/content/Dataset/Test/Fake/fake_3545.jpg,0,0,True,0.999994158744812,5.82837856200058e-06
/content/Dataset/Test/Fake/fake_3546.jpg,0,0,True,0.9998438358306885,0.00015610615082550794
/content/Dataset/Test/Fake/fake_3547.jpg,0,0,True,0.9998964071273804,0.00010360613669035956
/content/Dataset/Test/Fake/fake_3548.jpg,0,0,True,0.9995574355125427,0.00044254041858948767
/content/Dataset/Test/Fake/fake_3549.jpg,0,0,True,0.9999773502349854,2.263558235426899e-05
/content/Dataset/Test/Fake/fake_355.jpg,0,0,True,0.9998602867126465,0.00013972504530102015
/content/Dataset/Test/Fake/fake_3550.jpg,0,0,True,0.9997370839118958,0.00026292577967979014
/content/Dataset/Test/Fake/fake_3551.jpg,0,0,True,0.9999982118606567,1.7940258203452686e-06
/content/Dataset/Test/Fake/fake_3552.jpg,0,0,True,0.9961052536964417,0.0038946708664298058
/content/Dataset/Test/Fake/fake_3553.jpg,0,0,True,0.9998164772987366,0.0001835458679124713
/content/Dataset/Test/Fake/fake_3554.jpg,0,0,True,0.9999819993972778,1.7973128706216812e-05
/content/Dataset/Test/Fake/fake_3555.jpg,0,0,True,0.999994158744812,5.81815993427881e-06
/content/Dataset/Test/Fake/fake_3556.jpg,0,0,True,0.9999135732650757,8.64341709529981e-05
/content/Dataset/Test/Fake/fake_3557.jpg,0,0,True,0.5476401448249817,0.4523598849773407
/content/Dataset/Test/Fake/fake_3558.jpg,0,0,True,0.9999434947967529,5.645355486194603e-05
/content/Dataset/Test/Fake/fake_3559.jpg,0,0,True,0.9998778104782104,0.0001221978891408071
/content/Dataset/Test/Fake/fake_356.jpg,0,0,True,0.9881747961044312,0.011825144290924072
/content/Dataset/Test/Fake/fake_3560.jpg,0,0,True,0.9999921321868896,7.87927729106741e-06
/content/Dataset/Test/Fake/fake_3561.jpg,0,1,False,0.01896103285253048,0.9810389280319214
/content/Dataset/Test/Fake/fake_3562.jpg,0,0,True,0.9981794357299805,0.0018206181703135371
/content/Dataset/Test/Fake/fake_3563.jpg,0,0,True,0.7115243673324585,0.2884756326675415
/content/Dataset/Test/Fake/fake_3564.jpg,0,0,True,0.9771186113357544,0.022881368175148964
/content/Dataset/Test/Fake/fake_3565.jpg,0,0,True,0.9999865293502808,1.3507916264643427e-05
/content/Dataset/Test/Fake/fake_3566.jpg,0,0,True,0.9976232647895813,0.0023767449893057346
/content/Dataset/Test/Fake/fake_3567.jpg,0,0,True,0.9991705417633057,0.0008295014267787337
/content/Dataset/Test/Fake/fake_3568.jpg,0,0,True,0.9995241165161133,0.00047583773266524076
/content/Dataset/Test/Fake/fake_3569.jpg,0,0,True,0.9999754428863525,2.4597233277745545e-05
/content/Dataset/Test/Fake/fake_357.jpg,0,0,True,0.9999938011169434,6.243163170438493e-06
/content/Dataset/Test/Fake/fake_3570.jpg,0,0,True,0.9999841451644897,1.5871508367126808e-05
/content/Dataset/Test/Fake/fake_3571.jpg,0,0,True,0.8474196791648865,0.15258030593395233
/content/Dataset/Test/Fake/fake_3572.jpg,0,0,True,0.9189175367355347,0.08108243346214294
/content/Dataset/Test/Fake/fake_3573.jpg,0,0,True,0.9999946355819702,5.377115030569257e-06
/content/Dataset/Test/Fake/fake_3574.jpg,0,0,True,0.9996569156646729,0.0003431238292250782
/content/Dataset/Test/Fake/fake_3575.jpg,0,0,True,0.9975889921188354,0.002411076333373785
/content/Dataset/Test/Fake/fake_3576.jpg,0,0,True,0.9999876022338867,1.2385129593894817e-05
/content/Dataset/Test/Fake/fake_3577.jpg,0,1,False,0.11971838027238846,0.8802815675735474
/content/Dataset/Test/Fake/fake_3578.jpg,0,0,True,0.9554256796836853,0.044574297964572906
/content/Dataset/Test/Fake/fake_3579.jpg,0,0,True,0.9748880863189697,0.025111930444836617
/content/Dataset/Test/Fake/fake_358.jpg,0,0,True,0.9997549653053284,0.0002449872554279864
/content/Dataset/Test/Fake/fake_3580.jpg,0,0,True,0.9998632669448853,0.00013675622176378965
/content/Dataset/Test/Fake/fake_3581.jpg,0,0,True,0.999686598777771,0.0003134415892418474
/content/Dataset/Test/Fake/fake_3582.jpg,0,0,True,0.9377753734588623,0.062224600464105606
/content/Dataset/Test/Fake/fake_3583.jpg,0,0,True,0.999586284160614,0.00041376674198545516
/content/Dataset/Test/Fake/fake_3584.jpg,0,0,True,0.9999986886978149,1.2813237617592677e-06
/content/Dataset/Test/Fake/fake_3585.jpg,0,0,True,0.9999388456344604,6.117967859609053e-05
/content/Dataset/Test/Fake/fake_3586.jpg,0,0,True,0.9999843835830688,1.5629515473847277e-05
/content/Dataset/Test/Fake/fake_3587.jpg,0,0,True,0.9998812675476074,0.00011872659524669871
/content/Dataset/Test/Fake/fake_3588.jpg,0,0,True,0.9897856712341309,0.010214346460998058
/content/Dataset/Test/Fake/fake_3589.jpg,0,0,True,0.6461029648780823,0.3538970649242401
/content/Dataset/Test/Fake/fake_359.jpg,0,0,True,0.999985933303833,1.405677630827995e-05
/content/Dataset/Test/Fake/fake_3590.jpg,0,0,True,0.9992252588272095,0.0007747617783024907
/content/Dataset/Test/Fake/fake_3591.jpg,0,0,True,0.999995231628418,4.738154075312195e-06
/content/Dataset/Test/Fake/fake_3592.jpg,0,0,True,0.9999947547912598,5.280283403408248e-06
/content/Dataset/Test/Fake/fake_3593.jpg,0,0,True,0.9999992847442627,6.686947813250299e-07
/content/Dataset/Test/Fake/fake_3594.jpg,0,0,True,0.9597053527832031,0.04029460623860359
/content/Dataset/Test/Fake/fake_3595.jpg,0,0,True,0.9998179078102112,0.00018207088578492403
/content/Dataset/Test/Fake/fake_3596.jpg,0,0,True,0.9999979734420776,2.046513600362232e-06
/content/Dataset/Test/Fake/fake_3597.jpg,0,0,True,0.9854118227958679,0.014588156715035439
/content/Dataset/Test/Fake/fake_3598.jpg,0,0,True,0.9995146989822388,0.0004852925194427371
/content/Dataset/Test/Fake/fake_3599.jpg,0,0,True,0.9951984286308289,0.004801608622074127
/content/Dataset/Test/Fake/fake_36.jpg,0,0,True,0.9998807907104492,0.00011921305122086778
/content/Dataset/Test/Fake/fake_360.jpg,0,0,True,0.9999957084655762,4.292188805266051e-06
/content/Dataset/Test/Fake/fake_3600.jpg,0,0,True,0.9987608194351196,0.0012392038479447365
/content/Dataset/Test/Fake/fake_3601.jpg,0,0,True,0.6874368190765381,0.3125632107257843
/content/Dataset/Test/Fake/fake_3602.jpg,0,0,True,0.9998631477355957,0.00013681517157237977
/content/Dataset/Test/Fake/fake_3603.jpg,0,0,True,0.9770598411560059,0.022940192371606827
/content/Dataset/Test/Fake/fake_3604.jpg,0,0,True,0.9878134727478027,0.012186530977487564
/content/Dataset/Test/Fake/fake_3605.jpg,0,0,True,0.9990493655204773,0.0009506521746516228
/content/Dataset/Test/Fake/fake_3606.jpg,0,0,True,0.9993873834609985,0.0006125849904492497
/content/Dataset/Test/Fake/fake_3607.jpg,0,0,True,0.999674916267395,0.0003251567541155964
/content/Dataset/Test/Fake/fake_3608.jpg,0,0,True,0.9999985694885254,1.4652865729658515e-06
/content/Dataset/Test/Fake/fake_3609.jpg,0,0,True,0.9989151954650879,0.0010848717065528035
/content/Dataset/Test/Fake/fake_361.jpg,0,0,True,0.9999408721923828,5.9152844187337905e-05
/content/Dataset/Test/Fake/fake_3610.jpg,0,0,True,0.9999899864196777,9.954326742445119e-06
/content/Dataset/Test/Fake/fake_3611.jpg,0,0,True,0.9999946355819702,5.422033154900419e-06
/content/Dataset/Test/Fake/fake_3612.jpg,0,0,True,0.9999970197677612,2.9643285870406544e-06
/content/Dataset/Test/Fake/fake_3613.jpg,0,0,True,0.9999957084655762,4.2769688661792316e-06
/content/Dataset/Test/Fake/fake_3614.jpg,0,0,True,0.9999828338623047,1.7197362467413768e-05
/content/Dataset/Test/Fake/fake_3615.jpg,0,0,True,0.9999964237213135,3.616850335674826e-06
/content/Dataset/Test/Fake/fake_3616.jpg,0,0,True,0.9999986886978149,1.2837443819080363e-06
/content/Dataset/Test/Fake/fake_3617.jpg,0,0,True,0.9998773336410522,0.00012264755787327886
/content/Dataset/Test/Fake/fake_3618.jpg,0,0,True,0.9999982118606567,1.7397085230186349e-06
/content/Dataset/Test/Fake/fake_3619.jpg,0,1,False,0.340267151594162,0.6597328186035156
/content/Dataset/Test/Fake/fake_362.jpg,0,0,True,0.9999990463256836,9.276116657019884e-07
/content/Dataset/Test/Fake/fake_3620.jpg,0,0,True,0.9966722726821899,0.0033277072943747044
/content/Dataset/Test/Fake/fake_3621.jpg,0,0,True,0.9997885823249817,0.00021137401927262545
/content/Dataset/Test/Fake/fake_3622.jpg,0,0,True,0.9999743700027466,2.5672599804238416e-05
/content/Dataset/Test/Fake/fake_3623.jpg,0,0,True,0.9904718399047852,0.009528189897537231
/content/Dataset/Test/Fake/fake_3624.jpg,0,0,True,0.9991822838783264,0.0008176979026757181
/content/Dataset/Test/Fake/fake_3625.jpg,0,0,True,0.9999446868896484,5.528224937734194e-05
/content/Dataset/Test/Fake/fake_3626.jpg,0,0,True,0.9995129108428955,0.0004870929988101125
/content/Dataset/Test/Fake/fake_3627.jpg,0,0,True,0.9995844960212708,0.0004155351489316672
/content/Dataset/Test/Fake/fake_3628.jpg,0,1,False,0.07595032453536987,0.9240496754646301
/content/Dataset/Test/Fake/fake_3629.jpg,0,0,True,0.9998971223831177,0.00010281248978571966
/content/Dataset/Test/Fake/fake_363.jpg,0,0,True,0.9999984502792358,1.5138713251872105e-06
/content/Dataset/Test/Fake/fake_3630.jpg,0,0,True,0.999927282333374,7.27628284948878e-05
/content/Dataset/Test/Fake/fake_3631.jpg,0,0,True,0.9998307228088379,0.00016921749920584261
/content/Dataset/Test/Fake/fake_3632.jpg,0,0,True,0.999945878982544,5.4154770623426884e-05
/content/Dataset/Test/Fake/fake_3633.jpg,0,0,True,0.9999769926071167,2.296308593940921e-05
/content/Dataset/Test/Fake/fake_3634.jpg,0,1,False,0.14649412035942078,0.8535059094429016
/content/Dataset/Test/Fake/fake_3635.jpg,0,0,True,0.9712792038917542,0.02872081659734249
/content/Dataset/Test/Fake/fake_3636.jpg,0,0,True,0.9999961853027344,3.822045528067974e-06
/content/Dataset/Test/Fake/fake_3637.jpg,0,0,True,0.999984622001648,1.5382467609015293e-05
/content/Dataset/Test/Fake/fake_3638.jpg,0,0,True,0.9998284578323364,0.00017157204274553806
/content/Dataset/Test/Fake/fake_3639.jpg,0,0,True,0.9999954700469971,4.548438027995871e-06
/content/Dataset/Test/Fake/fake_364.jpg,0,0,True,0.9999972581863403,2.741566959230113e-06
/content/Dataset/Test/Fake/fake_3640.jpg,0,0,True,0.9980588555335999,0.001941156224347651
/content/Dataset/Test/Fake/fake_3641.jpg,0,0,True,0.9999076128005981,9.235328616341576e-05
/content/Dataset/Test/Fake/fake_3642.jpg,0,0,True,0.9999866485595703,1.3393393601290882e-05
/content/Dataset/Test/Fake/fake_3643.jpg,0,0,True,0.9998169541358948,0.00018310765153728426
/content/Dataset/Test/Fake/fake_3644.jpg,0,0,True,0.9984112977981567,0.001588628045283258
/content/Dataset/Test/Fake/fake_3645.jpg,0,0,True,0.9990744590759277,0.0009254646138288081
/content/Dataset/Test/Fake/fake_3646.jpg,0,0,True,0.9998849630355835,0.0001150199823314324
/content/Dataset/Test/Fake/fake_3647.jpg,0,0,True,0.9999932050704956,6.802663847338408e-06
/content/Dataset/Test/Fake/fake_3648.jpg,0,0,True,0.9999772310256958,2.278187093907036e-05
/content/Dataset/Test/Fake/fake_3649.jpg,0,0,True,0.9944789409637451,0.005521024577319622
/content/Dataset/Test/Fake/fake_365.jpg,0,0,True,0.999998927116394,1.019711248773092e-06
/content/Dataset/Test/Fake/fake_3650.jpg,0,0,True,0.9999978542327881,2.185796120102168e-06
/content/Dataset/Test/Fake/fake_3651.jpg,0,0,True,0.9997715353965759,0.0002284970978507772
/content/Dataset/Test/Fake/fake_3652.jpg,0,0,True,0.9998397827148438,0.0001601479743840173
/content/Dataset/Test/Fake/fake_3653.jpg,0,0,True,0.9619540572166443,0.03804595768451691
/content/Dataset/Test/Fake/fake_3654.jpg,0,0,True,0.9982267022132874,0.00177334516774863
/content/Dataset/Test/Fake/fake_3655.jpg,0,0,True,0.9998998641967773,0.00010013101564254612
/content/Dataset/Test/Fake/fake_3656.jpg,0,1,False,0.034655965864658356,0.9653440117835999
/content/Dataset/Test/Fake/fake_3657.jpg,0,0,True,0.9999961853027344,3.873728019243572e-06
/content/Dataset/Test/Fake/fake_3658.jpg,0,0,True,0.9999996423721313,3.8333510588017816e-07
/content/Dataset/Test/Fake/fake_3659.jpg,0,0,True,0.9999251365661621,7.488435949198902e-05
/content/Dataset/Test/Fake/fake_366.jpg,0,0,True,0.9999994039535522,5.901678150621592e-07
/content/Dataset/Test/Fake/fake_3660.jpg,0,0,True,0.9991627931594849,0.0008372558513656259
/content/Dataset/Test/Fake/fake_3661.jpg,0,0,True,0.9809387922286987,0.019061144441366196
/content/Dataset/Test/Fake/fake_3662.jpg,0,0,True,0.8098307847976685,0.19016915559768677
/content/Dataset/Test/Fake/fake_3663.jpg,0,0,True,0.9935688972473145,0.006431121379137039
/content/Dataset/Test/Fake/fake_3664.jpg,0,1,False,0.2000124305486679,0.7999875545501709
/content/Dataset/Test/Fake/fake_3665.jpg,0,0,True,0.6078654527664185,0.39213448762893677
/content/Dataset/Test/Fake/fake_3666.jpg,0,0,True,0.9880166053771973,0.011983418837189674
/content/Dataset/Test/Fake/fake_3667.jpg,0,1,False,0.2044556885957718,0.7955443859100342
/content/Dataset/Test/Fake/fake_3668.jpg,0,0,True,0.9998212456703186,0.00017884079716168344
/content/Dataset/Test/Fake/fake_3669.jpg,0,0,True,0.9995393753051758,0.0004606891598086804
/content/Dataset/Test/Fake/fake_367.jpg,0,0,True,0.9999921321868896,7.908162842795718e-06
/content/Dataset/Test/Fake/fake_3670.jpg,0,0,True,0.9999560117721558,4.402141712489538e-05
/content/Dataset/Test/Fake/fake_3671.jpg,0,0,True,0.9772856831550598,0.02271432802081108
/content/Dataset/Test/Fake/fake_3672.jpg,0,0,True,0.937157154083252,0.06284285336732864
/content/Dataset/Test/Fake/fake_3673.jpg,0,0,True,0.9999816417694092,1.830332985264249e-05
/content/Dataset/Test/Fake/fake_3674.jpg,0,0,True,0.999987006187439,1.297713242820464e-05
/content/Dataset/Test/Fake/fake_3675.jpg,0,0,True,0.9993708729743958,0.00062912906287238
/content/Dataset/Test/Fake/fake_3676.jpg,0,0,True,0.9997767806053162,0.00022319576237350702
/content/Dataset/Test/Fake/fake_3677.jpg,0,0,True,0.9999921321868896,7.905409802333452e-06
/content/Dataset/Test/Fake/fake_3678.jpg,0,0,True,0.9999969005584717,3.1373929232358932e-06
/content/Dataset/Test/Fake/fake_3679.jpg,0,0,True,0.9927856922149658,0.007214352488517761
/content/Dataset/Test/Fake/fake_368.jpg,0,0,True,0.9999972581863403,2.7185719773115125e-06
/content/Dataset/Test/Fake/fake_3680.jpg,0,1,False,0.0028727150056511164,0.9971272349357605
/content/Dataset/Test/Fake/fake_3681.jpg,0,0,True,0.999976396560669,2.3624377718078904e-05
/content/Dataset/Test/Fake/fake_3682.jpg,0,0,True,0.9994297623634338,0.0005702015478163958
/content/Dataset/Test/Fake/fake_3683.jpg,0,0,True,0.9959107637405396,0.004089255817234516
/content/Dataset/Test/Fake/fake_3684.jpg,0,0,True,0.9991589784622192,0.0008410380105488002
/content/Dataset/Test/Fake/fake_3685.jpg,0,0,True,0.943522036075592,0.05647800490260124
/content/Dataset/Test/Fake/fake_3686.jpg,0,0,True,0.9999985694885254,1.4443713780565304e-06
/content/Dataset/Test/Fake/fake_3687.jpg,0,0,True,0.9999785423278809,2.1451207430800423e-05
/content/Dataset/Test/Fake/fake_3688.jpg,0,0,True,0.9910761117935181,0.008923900313675404
/content/Dataset/Test/Fake/fake_3689.jpg,0,0,True,0.9999964237213135,3.5656321415444836e-06
/content/Dataset/Test/Fake/fake_369.jpg,0,0,True,0.9999916553497314,8.288429853564594e-06
/content/Dataset/Test/Fake/fake_3690.jpg,0,0,True,0.999997615814209,2.347732788621215e-06
/content/Dataset/Test/Fake/fake_3691.jpg,0,0,True,0.9999971389770508,2.8817976271966472e-06
/content/Dataset/Test/Fake/fake_3692.jpg,0,0,True,0.9999926090240479,7.380401257250924e-06
/content/Dataset/Test/Fake/fake_3693.jpg,0,0,True,0.9999488592147827,5.112096550874412e-05
/content/Dataset/Test/Fake/fake_3694.jpg,0,0,True,0.999969482421875,3.057460344280116e-05
/content/Dataset/Test/Fake/fake_3695.jpg,0,0,True,0.9991840720176697,0.0008158777491189539
/content/Dataset/Test/Fake/fake_3696.jpg,0,0,True,0.9999626874923706,3.726757859112695e-05
/content/Dataset/Test/Fake/fake_3697.jpg,0,0,True,0.9999960660934448,3.927677880710689e-06
/content/Dataset/Test/Fake/fake_3698.jpg,0,0,True,0.9999951124191284,4.946509307046654e-06
/content/Dataset/Test/Fake/fake_3699.jpg,0,0,True,0.9837470650672913,0.016252953559160233
/content/Dataset/Test/Fake/fake_37.jpg,0,0,True,0.8588321805000305,0.14116783440113068
/content/Dataset/Test/Fake/fake_370.jpg,0,0,True,0.9999788999557495,2.107458385580685e-05
/content/Dataset/Test/Fake/fake_3700.jpg,0,0,True,0.9903255701065063,0.009674450382590294
/content/Dataset/Test/Fake/fake_3701.jpg,0,0,True,0.9803550243377686,0.019644921645522118
/content/Dataset/Test/Fake/fake_3702.jpg,0,0,True,0.9993552565574646,0.00064470199868083
/content/Dataset/Test/Fake/fake_3703.jpg,0,0,True,0.9998748302459717,0.00012513772526290268
/content/Dataset/Test/Fake/fake_3704.jpg,0,0,True,0.9938262104988098,0.0061737531796097755
/content/Dataset/Test/Fake/fake_3705.jpg,0,1,False,0.09679339081048965,0.9032065868377686
/content/Dataset/Test/Fake/fake_3706.jpg,0,1,False,0.006898478604853153,0.9931014776229858
/content/Dataset/Test/Fake/fake_3707.jpg,0,0,True,0.9996960163116455,0.0003040562442038208
/content/Dataset/Test/Fake/fake_3708.jpg,0,0,True,0.9999955892562866,4.421347966854228e-06
/content/Dataset/Test/Fake/fake_3709.jpg,0,0,True,0.9999755620956421,2.4469207346555777e-05
/content/Dataset/Test/Fake/fake_371.jpg,0,0,True,0.9999784231185913,2.1544219634961337e-05
/content/Dataset/Test/Fake/fake_3710.jpg,0,0,True,0.9999833106994629,1.666349453444127e-05
/content/Dataset/Test/Fake/fake_3711.jpg,0,1,False,0.16538363695144653,0.8346163630485535
/content/Dataset/Test/Fake/fake_3712.jpg,0,0,True,0.999994158744812,5.854042683495209e-06
/content/Dataset/Test/Fake/fake_3713.jpg,0,0,True,0.9997696280479431,0.00023036962375044823
/content/Dataset/Test/Fake/fake_3714.jpg,0,0,True,0.9998751878738403,0.0001247492036782205
/content/Dataset/Test/Fake/fake_3715.jpg,0,0,True,0.9999707937240601,2.9153417926863767e-05
/content/Dataset/Test/Fake/fake_3716.jpg,0,0,True,0.9687399864196777,0.03126000612974167
/content/Dataset/Test/Fake/fake_3717.jpg,0,0,True,0.9999945163726807,5.466220954986056e-06
/content/Dataset/Test/Fake/fake_3718.jpg,0,0,True,0.9947346448898315,0.005265355575829744
/content/Dataset/Test/Fake/fake_3719.jpg,0,0,True,0.9999493360519409,5.071441410109401e-05
/content/Dataset/Test/Fake/fake_372.jpg,0,0,True,0.999996542930603,3.5072271202807315e-06
/content/Dataset/Test/Fake/fake_3720.jpg,0,0,True,0.8594322800636292,0.14056776463985443
/content/Dataset/Test/Fake/fake_3721.jpg,0,0,True,0.9999901056289673,9.90532134892419e-06
/content/Dataset/Test/Fake/fake_3722.jpg,0,0,True,0.9999107122421265,8.926723967306316e-05
/content/Dataset/Test/Fake/fake_3723.jpg,0,0,True,0.9999732971191406,2.6665074983611703e-05
/content/Dataset/Test/Fake/fake_3724.jpg,0,0,True,0.9999823570251465,1.767659341567196e-05
/content/Dataset/Test/Fake/fake_3725.jpg,0,0,True,0.9754998683929443,0.024500206112861633
/content/Dataset/Test/Fake/fake_3726.jpg,0,0,True,0.9989504814147949,0.0010494851740077138
/content/Dataset/Test/Fake/fake_3727.jpg,0,1,False,0.4240350127220154,0.5759649276733398
/content/Dataset/Test/Fake/fake_3728.jpg,0,0,True,0.9994480013847351,0.0005520372651517391
/content/Dataset/Test/Fake/fake_3729.jpg,0,0,True,0.8496578931808472,0.15034204721450806
/content/Dataset/Test/Fake/fake_373.jpg,0,0,True,0.9999990463256836,9.749186347107752e-07
/content/Dataset/Test/Fake/fake_3730.jpg,0,0,True,0.9999217987060547,7.819607708370313e-05
/content/Dataset/Test/Fake/fake_3731.jpg,0,0,True,0.9998757839202881,0.0001242470316356048
/content/Dataset/Test/Fake/fake_3732.jpg,0,0,True,0.9999585151672363,4.1527415305608884e-05
/content/Dataset/Test/Fake/fake_3733.jpg,0,0,True,0.999988317489624,1.1681199794111308e-05
/content/Dataset/Test/Fake/fake_3734.jpg,0,0,True,0.9999876022338867,1.2365938346192706e-05
/content/Dataset/Test/Fake/fake_3735.jpg,0,0,True,0.999955415725708,4.455415182746947e-05
/content/Dataset/Test/Fake/fake_3736.jpg,0,0,True,0.9998025298118591,0.0001974585757125169
/content/Dataset/Test/Fake/fake_3737.jpg,0,0,True,0.9999934434890747,6.513161224575015e-06
/content/Dataset/Test/Fake/fake_3738.jpg,0,0,True,0.9998846054077148,0.00011542101856321096
/content/Dataset/Test/Fake/fake_3739.jpg,0,1,False,0.10089551657438278,0.8991044759750366
/content/Dataset/Test/Fake/fake_374.jpg,0,0,True,0.9999977350234985,2.2868155156174907e-06
/content/Dataset/Test/Fake/fake_3740.jpg,0,0,True,0.999998927116394,1.0498772553546587e-06
/content/Dataset/Test/Fake/fake_3741.jpg,0,0,True,0.9916024804115295,0.00839750561863184
/content/Dataset/Test/Fake/fake_3742.jpg,0,0,True,0.5948458909988403,0.40515416860580444
/content/Dataset/Test/Fake/fake_3743.jpg,0,0,True,0.9766273498535156,0.023372571915388107
/content/Dataset/Test/Fake/fake_3744.jpg,0,0,True,0.9993730187416077,0.0006270255544222891
/content/Dataset/Test/Fake/fake_3745.jpg,0,1,False,0.2445935755968094,0.755406379699707
/content/Dataset/Test/Fake/fake_3746.jpg,0,0,True,0.9944348931312561,0.0055651175789535046
/content/Dataset/Test/Fake/fake_3747.jpg,0,0,True,0.999996542930603,3.4993393001059303e-06
/content/Dataset/Test/Fake/fake_3748.jpg,0,0,True,0.9999927282333374,7.2997345341718756e-06
/content/Dataset/Test/Fake/fake_3749.jpg,0,0,True,0.9999408721923828,5.910062827751972e-05
/content/Dataset/Test/Fake/fake_375.jpg,0,0,True,0.9999990463256836,9.883598295346019e-07
/content/Dataset/Test/Fake/fake_3750.jpg,0,0,True,0.9999974966049194,2.462494194332976e-06
/content/Dataset/Test/Fake/fake_3751.jpg,0,0,True,0.9989097118377686,0.0010902496287599206
/content/Dataset/Test/Fake/fake_3752.jpg,0,0,True,0.9999992847442627,7.058891355882224e-07
/content/Dataset/Test/Fake/fake_3753.jpg,0,0,True,0.997273862361908,0.002726164646446705
/content/Dataset/Test/Fake/fake_3754.jpg,0,0,True,0.9675295352935791,0.032470472157001495
/content/Dataset/Test/Fake/fake_3755.jpg,0,0,True,0.639220118522644,0.36077991127967834
/content/Dataset/Test/Fake/fake_3756.jpg,0,0,True,0.9996442794799805,0.0003556980809662491
/content/Dataset/Test/Fake/fake_3757.jpg,0,0,True,0.9986158609390259,0.0013840991305187345
/content/Dataset/Test/Fake/fake_3758.jpg,0,0,True,0.7263069748878479,0.2736930251121521
/content/Dataset/Test/Fake/fake_3759.jpg,0,0,True,0.9976662397384644,0.0023338233586400747
/content/Dataset/Test/Fake/fake_376.jpg,0,0,True,0.9999560117721558,4.393577546579763e-05
/content/Dataset/Test/Fake/fake_3760.jpg,0,1,False,0.12200802564620972,0.8779919147491455
/content/Dataset/Test/Fake/fake_3761.jpg,0,1,False,0.16961261630058289,0.8303873538970947
/content/Dataset/Test/Fake/fake_3762.jpg,0,0,True,0.8504564166069031,0.14954353868961334
/content/Dataset/Test/Fake/fake_3763.jpg,0,0,True,0.9999884366989136,1.161325508292066e-05
/content/Dataset/Test/Fake/fake_3764.jpg,0,0,True,0.9999959468841553,4.075815468240762e-06
/content/Dataset/Test/Fake/fake_3765.jpg,0,0,True,0.9997639060020447,0.0002361186925554648
/content/Dataset/Test/Fake/fake_3766.jpg,0,0,True,0.9999971389770508,2.83094641417847e-06
/content/Dataset/Test/Fake/fake_3767.jpg,0,0,True,0.9999994039535522,6.45898069251416e-07
/content/Dataset/Test/Fake/fake_3768.jpg,0,0,True,0.9999415874481201,5.835116098751314e-05
/content/Dataset/Test/Fake/fake_3769.jpg,0,0,True,0.9999344348907471,6.553340062964708e-05
/content/Dataset/Test/Fake/fake_377.jpg,0,0,True,0.9999996423721313,3.999202249360678e-07
/content/Dataset/Test/Fake/fake_3770.jpg,0,0,True,0.7987930178642273,0.2012069821357727
/content/Dataset/Test/Fake/fake_3771.jpg,0,0,True,0.9999815225601196,1.8483458916307427e-05
/content/Dataset/Test/Fake/fake_3772.jpg,0,0,True,0.9573991894721985,0.04260079190135002
/content/Dataset/Test/Fake/fake_3773.jpg,0,0,True,0.9877769947052002,0.012222976423799992
/content/Dataset/Test/Fake/fake_3774.jpg,0,0,True,0.9999967813491821,3.1863887670624536e-06
/content/Dataset/Test/Fake/fake_3775.jpg,0,0,True,0.9998866319656372,0.00011330804409226403
/content/Dataset/Test/Fake/fake_3776.jpg,0,0,True,0.999944806098938,5.515882003237493e-05
/content/Dataset/Test/Fake/fake_3777.jpg,0,0,True,0.9999996423721313,3.3416370115446625e-07
/content/Dataset/Test/Fake/fake_3778.jpg,0,0,True,0.9999076128005981,9.235822653863579e-05
/content/Dataset/Test/Fake/fake_3779.jpg,0,0,True,0.7879725694656372,0.21202737092971802
/content/Dataset/Test/Fake/fake_378.jpg,0,0,True,0.9995799660682678,0.00042001408291980624
/content/Dataset/Test/Fake/fake_3780.jpg,0,0,True,0.7774925231933594,0.22250741720199585
/content/Dataset/Test/Fake/fake_3781.jpg,0,0,True,0.8288903832435608,0.17110958695411682
/content/Dataset/Test/Fake/fake_3782.jpg,0,0,True,0.9999943971633911,5.5770674407540355e-06
/content/Dataset/Test/Fake/fake_3783.jpg,0,0,True,0.9999984502792358,1.5091058003235958e-06
/content/Dataset/Test/Fake/fake_3784.jpg,0,0,True,0.9993724226951599,0.0006276392377912998
/content/Dataset/Test/Fake/fake_3785.jpg,0,0,True,0.9999938011169434,6.141116045910167e-06
/content/Dataset/Test/Fake/fake_3786.jpg,0,0,True,0.9999983310699463,1.6446713289042236e-06
/content/Dataset/Test/Fake/fake_3787.jpg,0,0,True,0.9988941550254822,0.0011059301905333996
/content/Dataset/Test/Fake/fake_3788.jpg,0,1,False,0.3202632963657379,0.6797367334365845
/content/Dataset/Test/Fake/fake_3789.jpg,0,0,True,0.9999949932098389,4.964268100593472e-06
/content/Dataset/Test/Fake/fake_379.jpg,0,0,True,0.9999982118606567,1.815645759961626e-06
/content/Dataset/Test/Fake/fake_3790.jpg,0,0,True,0.9999711513519287,2.8834947443101555e-05
/content/Dataset/Test/Fake/fake_3791.jpg,0,0,True,0.9996008276939392,0.00039916211972013116
/content/Dataset/Test/Fake/fake_3792.jpg,0,0,True,0.9991590976715088,0.0008408512221649289
/content/Dataset/Test/Fake/fake_3793.jpg,0,1,False,0.478760689496994,0.5212393403053284
/content/Dataset/Test/Fake/fake_3794.jpg,0,0,True,0.9999881982803345,1.1758710570575204e-05
/content/Dataset/Test/Fake/fake_3795.jpg,0,0,True,0.9999985694885254,1.428810605830222e-06
/content/Dataset/Test/Fake/fake_3796.jpg,0,0,True,0.9974391460418701,0.0025607915595173836
/content/Dataset/Test/Fake/fake_3797.jpg,0,1,False,0.00047236657701432705,0.9995276927947998
/content/Dataset/Test/Fake/fake_3798.jpg,0,0,True,0.999963641166687,3.631997242337093e-05
/content/Dataset/Test/Fake/fake_3799.jpg,0,0,True,0.9990785121917725,0.0009215223253704607
/content/Dataset/Test/Fake/fake_38.jpg,0,0,True,0.9981228709220886,0.0018770679598674178
/content/Dataset/Test/Fake/fake_380.jpg,0,0,True,0.9999992847442627,7.172679374889412e-07
/content/Dataset/Test/Fake/fake_3800.jpg,0,0,True,0.9999821186065674,1.78271766344551e-05
/content/Dataset/Test/Fake/fake_3801.jpg,0,0,True,0.9397876262664795,0.060212429612874985
/content/Dataset/Test/Fake/fake_3802.jpg,0,0,True,0.996281087398529,0.0037189482245594263
/content/Dataset/Test/Fake/fake_3803.jpg,0,0,True,0.9972097277641296,0.002790238009765744
/content/Dataset/Test/Fake/fake_3804.jpg,0,0,True,0.9997194409370422,0.00028052853303961456
/content/Dataset/Test/Fake/fake_3805.jpg,0,0,True,0.9999802112579346,1.9818166038021445e-05
/content/Dataset/Test/Fake/fake_3806.jpg,0,0,True,0.9999904632568359,9.508884431852493e-06
/content/Dataset/Test/Fake/fake_3807.jpg,0,0,True,0.9999849796295166,1.4968199138820637e-05
/content/Dataset/Test/Fake/fake_3808.jpg,0,0,True,0.9999979734420776,2.0152194792899536e-06
/content/Dataset/Test/Fake/fake_3809.jpg,0,0,True,0.9981833100318909,0.0018167175585404038
/content/Dataset/Test/Fake/fake_381.jpg,0,0,True,0.9999942779541016,5.721953129977919e-06
/content/Dataset/Test/Fake/fake_3810.jpg,0,1,False,0.10911284387111664,0.8908872008323669
/content/Dataset/Test/Fake/fake_3811.jpg,0,0,True,0.9945161938667297,0.005483824294060469
/content/Dataset/Test/Fake/fake_3812.jpg,0,0,True,0.9999971389770508,2.823639306370751e-06
/content/Dataset/Test/Fake/fake_3813.jpg,0,0,True,0.9999884366989136,1.1512128367030527e-05
/content/Dataset/Test/Fake/fake_3814.jpg,0,0,True,0.9955605268478394,0.004439441487193108
/content/Dataset/Test/Fake/fake_3815.jpg,0,0,True,0.9999810457229614,1.8998458472196944e-05
/content/Dataset/Test/Fake/fake_3816.jpg,0,0,True,0.9999721050262451,2.7915690225199796e-05
/content/Dataset/Test/Fake/fake_3817.jpg,0,0,True,0.960286557674408,0.03971349447965622
/content/Dataset/Test/Fake/fake_3818.jpg,0,0,True,0.9905716180801392,0.009428425692021847
/content/Dataset/Test/Fake/fake_3819.jpg,0,0,True,0.998620867729187,0.0013790912926197052
/content/Dataset/Test/Fake/fake_382.jpg,0,0,True,0.999995231628418,4.754381279781228e-06
/content/Dataset/Test/Fake/fake_3820.jpg,0,0,True,0.9999817609786987,1.827516643970739e-05
/content/Dataset/Test/Fake/fake_3821.jpg,0,0,True,0.9999958276748657,4.210399765725015e-06
/content/Dataset/Test/Fake/fake_3822.jpg,0,0,True,0.960033118724823,0.03996684029698372
/content/Dataset/Test/Fake/fake_3823.jpg,0,0,True,0.999985933303833,1.4098072824708652e-05
/content/Dataset/Test/Fake/fake_3824.jpg,0,0,True,0.9995725750923157,0.00042746757389977574
/content/Dataset/Test/Fake/fake_3825.jpg,0,0,True,0.959775984287262,0.04022401198744774
/content/Dataset/Test/Fake/fake_3826.jpg,0,0,True,0.604232907295227,0.39576712250709534
/content/Dataset/Test/Fake/fake_3827.jpg,0,0,True,0.9999799728393555,2.0042631149408408e-05
/content/Dataset/Test/Fake/fake_3828.jpg,0,0,True,0.9999078512191772,9.216625767294317e-05
/content/Dataset/Test/Fake/fake_3829.jpg,0,0,True,0.9999783039093018,2.165417572541628e-05
/content/Dataset/Test/Fake/fake_383.jpg,0,0,True,0.9999955892562866,4.401708793011494e-06
/content/Dataset/Test/Fake/fake_3830.jpg,0,0,True,0.9999614953994751,3.846788240480237e-05
/content/Dataset/Test/Fake/fake_3831.jpg,0,0,True,0.9999972581863403,2.777425606836914e-06
/content/Dataset/Test/Fake/fake_3832.jpg,0,0,True,0.9999808073043823,1.9194189007976092e-05
/content/Dataset/Test/Fake/fake_3833.jpg,0,0,True,0.9997146725654602,0.00028532990836538374
/content/Dataset/Test/Fake/fake_3834.jpg,0,0,True,0.999996542930603,3.433345000303234e-06
/content/Dataset/Test/Fake/fake_3835.jpg,0,0,True,0.9937604069709778,0.006239606533199549
/content/Dataset/Test/Fake/fake_3836.jpg,0,0,True,0.9857273697853088,0.014272653497755527
/content/Dataset/Test/Fake/fake_3837.jpg,0,0,True,0.9998635053634644,0.00013651596964336932
/content/Dataset/Test/Fake/fake_3838.jpg,0,0,True,0.9854947328567505,0.01450523640960455
/content/Dataset/Test/Fake/fake_3839.jpg,0,0,True,0.9490388035774231,0.050961192697286606
/content/Dataset/Test/Fake/fake_384.jpg,0,0,True,0.9999943971633911,5.567289917962626e-06
/content/Dataset/Test/Fake/fake_3840.jpg,0,0,True,0.9999978542327881,2.1044525055913255e-06
/content/Dataset/Test/Fake/fake_3841.jpg,0,0,True,0.9999924898147583,7.453559646819485e-06
/content/Dataset/Test/Fake/fake_3842.jpg,0,0,True,0.9993876218795776,0.0006123547209426761
/content/Dataset/Test/Fake/fake_3843.jpg,0,0,True,0.9999669790267944,3.3064494346035644e-05
/content/Dataset/Test/Fake/fake_3844.jpg,0,0,True,0.9994006156921387,0.000599344726651907
/content/Dataset/Test/Fake/fake_3845.jpg,0,0,True,0.9996277093887329,0.0003722851106431335
/content/Dataset/Test/Fake/fake_3846.jpg,0,0,True,0.9999938011169434,6.165434115246171e-06
/content/Dataset/Test/Fake/fake_3847.jpg,0,0,True,0.9999955892562866,4.464608991838759e-06
/content/Dataset/Test/Fake/fake_3848.jpg,0,0,True,0.9999910593032837,8.95751600182848e-06
/content/Dataset/Test/Fake/fake_3849.jpg,0,0,True,0.9978817105293274,0.0021182731725275517
/content/Dataset/Test/Fake/fake_385.jpg,0,0,True,0.9999967813491821,3.2063644539448433e-06
/content/Dataset/Test/Fake/fake_3850.jpg,0,0,True,0.9999402761459351,5.9671467170119286e-05
/content/Dataset/Test/Fake/fake_3851.jpg,0,0,True,0.99969482421875,0.00030517138657160103
/content/Dataset/Test/Fake/fake_3852.jpg,0,0,True,0.9951293468475342,0.004870651755481958
/content/Dataset/Test/Fake/fake_3853.jpg,0,0,True,0.9999520778656006,4.787884608958848e-05
/content/Dataset/Test/Fake/fake_3854.jpg,0,0,True,0.9854884743690491,0.01451154425740242
/content/Dataset/Test/Fake/fake_3855.jpg,0,0,True,0.9988584518432617,0.00114153022877872
/content/Dataset/Test/Fake/fake_3856.jpg,0,0,True,0.9990400671958923,0.000959846074692905
/content/Dataset/Test/Fake/fake_3857.jpg,0,0,True,0.9999288320541382,7.117737550288439e-05
/content/Dataset/Test/Fake/fake_3858.jpg,0,0,True,0.9964148998260498,0.003585091093555093
/content/Dataset/Test/Fake/fake_3859.jpg,0,0,True,0.9997640252113342,0.0002359256031922996
/content/Dataset/Test/Fake/fake_386.jpg,0,0,True,0.9999967813491821,3.224259444323252e-06
/content/Dataset/Test/Fake/fake_3860.jpg,0,0,True,0.9998032450675964,0.00019682194397319108
/content/Dataset/Test/Fake/fake_3861.jpg,0,0,True,0.9999547004699707,4.527633427642286e-05
/content/Dataset/Test/Fake/fake_3862.jpg,0,0,True,0.984125018119812,0.015874924138188362
/content/Dataset/Test/Fake/fake_3863.jpg,0,0,True,0.9996979236602783,0.0003020510484930128
/content/Dataset/Test/Fake/fake_3864.jpg,0,0,True,0.9999982118606567,1.7626446151552955e-06
/content/Dataset/Test/Fake/fake_3865.jpg,0,0,True,0.7502457499504089,0.24975423514842987
/content/Dataset/Test/Fake/fake_3866.jpg,0,0,True,0.9960930943489075,0.003906948026269674
/content/Dataset/Test/Fake/fake_3867.jpg,0,1,False,0.08639431744813919,0.9136056900024414
/content/Dataset/Test/Fake/fake_3868.jpg,0,0,True,0.7569678425788879,0.24303212761878967
/content/Dataset/Test/Fake/fake_3869.jpg,0,0,True,0.9975389242172241,0.002461132127791643
/content/Dataset/Test/Fake/fake_387.jpg,0,0,True,0.9999979734420776,2.0851066437899135e-06
/content/Dataset/Test/Fake/fake_3870.jpg,0,0,True,0.9999755620956421,2.4388857127632946e-05
/content/Dataset/Test/Fake/fake_3871.jpg,0,1,False,0.0006414594827219844,0.999358594417572
/content/Dataset/Test/Fake/fake_3872.jpg,0,0,True,0.9996267557144165,0.0003731684118974954
/content/Dataset/Test/Fake/fake_3873.jpg,0,0,True,0.9384530186653137,0.06154698133468628
/content/Dataset/Test/Fake/fake_3874.jpg,0,0,True,0.9999980926513672,1.8700156942941248e-06
/content/Dataset/Test/Fake/fake_3875.jpg,0,0,True,0.9999966621398926,3.396039346625912e-06
/content/Dataset/Test/Fake/fake_3876.jpg,0,0,True,0.9999991655349731,8.417680419370299e-07
/content/Dataset/Test/Fake/fake_3877.jpg,0,0,True,0.9996356964111328,0.0003643232339527458
/content/Dataset/Test/Fake/fake_3878.jpg,0,0,True,0.999951958656311,4.801217437488958e-05
/content/Dataset/Test/Fake/fake_3879.jpg,0,0,True,0.7641588449478149,0.23584112524986267
/content/Dataset/Test/Fake/fake_388.jpg,0,0,True,0.9999860525131226,1.3916164789407048e-05
/content/Dataset/Test/Fake/fake_3880.jpg,0,0,True,0.8188208341598511,0.18117915093898773
/content/Dataset/Test/Fake/fake_3881.jpg,0,0,True,0.9779941439628601,0.022005824372172356
/content/Dataset/Test/Fake/fake_3882.jpg,0,0,True,0.9761342406272888,0.023865757510066032
/content/Dataset/Test/Fake/fake_3883.jpg,0,0,True,0.9994020462036133,0.0005979049601592124
/content/Dataset/Test/Fake/fake_3884.jpg,0,1,False,0.15876750648021698,0.8412324786186218
/content/Dataset/Test/Fake/fake_3885.jpg,0,0,True,0.9997510313987732,0.0002489598991815001
/content/Dataset/Test/Fake/fake_3886.jpg,0,0,True,0.9999889135360718,1.1059386451961473e-05
/content/Dataset/Test/Fake/fake_3887.jpg,0,0,True,0.9863048791885376,0.01369505375623703
/content/Dataset/Test/Fake/fake_3888.jpg,0,0,True,0.9999405145645142,5.945063821855001e-05
/content/Dataset/Test/Fake/fake_3889.jpg,0,0,True,0.9998226761817932,0.00017738535825628787
/content/Dataset/Test/Fake/fake_389.jpg,0,0,True,0.9989222288131714,0.001077774097211659
/content/Dataset/Test/Fake/fake_3890.jpg,0,0,True,0.9980872273445129,0.001912746811285615
/content/Dataset/Test/Fake/fake_3891.jpg,0,0,True,0.9999172687530518,8.275117579614744e-05
/content/Dataset/Test/Fake/fake_3892.jpg,0,0,True,0.9999983310699463,1.6885602462934912e-06
/content/Dataset/Test/Fake/fake_3893.jpg,0,0,True,0.9999920129776001,7.990240192157216e-06
/content/Dataset/Test/Fake/fake_3894.jpg,0,0,True,0.999981164932251,1.880215495475568e-05
/content/Dataset/Test/Fake/fake_3895.jpg,0,0,True,0.9958480596542358,0.00415194733068347
/content/Dataset/Test/Fake/fake_3896.jpg,0,0,True,0.9999557733535767,4.417448872118257e-05
/content/Dataset/Test/Fake/fake_3897.jpg,0,0,True,0.9999970197677612,2.986492745549185e-06
/content/Dataset/Test/Fake/fake_3898.jpg,0,0,True,0.9996559619903564,0.0003440694999881089
/content/Dataset/Test/Fake/fake_3899.jpg,0,0,True,0.999994158744812,5.7949528127210215e-06
/content/Dataset/Test/Fake/fake_39.jpg,0,0,True,0.9950921535491943,0.004907852970063686
/content/Dataset/Test/Fake/fake_390.jpg,0,0,True,0.9999995231628418,5.270928227218974e-07
/content/Dataset/Test/Fake/fake_3900.jpg,0,0,True,0.9999988079071045,1.175822376353608e-06
/content/Dataset/Test/Fake/fake_3901.jpg,0,0,True,0.9999920129776001,8.036727194848936e-06
/content/Dataset/Test/Fake/fake_3902.jpg,0,0,True,0.9999988079071045,1.1570289188966854e-06
/content/Dataset/Test/Fake/fake_3903.jpg,0,0,True,0.9900596141815186,0.00994036439806223
/content/Dataset/Test/Fake/fake_3904.jpg,0,0,True,0.9499710202217102,0.050029002130031586
/content/Dataset/Test/Fake/fake_3905.jpg,0,0,True,0.9999970197677612,2.9324601200642064e-06
/content/Dataset/Test/Fake/fake_3906.jpg,0,0,True,0.999962568283081,3.7472993426490575e-05
/content/Dataset/Test/Fake/fake_3907.jpg,0,0,True,0.9999916553497314,8.317419087688904e-06
/content/Dataset/Test/Fake/fake_3908.jpg,0,0,True,0.999943733215332,5.622719618258998e-05
/content/Dataset/Test/Fake/fake_3909.jpg,0,0,True,0.9999294281005859,7.057691982481629e-05
/content/Dataset/Test/Fake/fake_391.jpg,0,0,True,0.9999991655349731,8.51351103392517e-07
/content/Dataset/Test/Fake/fake_3910.jpg,0,0,True,0.9967748522758484,0.0032251658849418163
/content/Dataset/Test/Fake/fake_3911.jpg,0,0,True,0.9999806880950928,1.937048182298895e-05
/content/Dataset/Test/Fake/fake_3912.jpg,0,0,True,0.9965741634368896,0.0034258461091667414
/content/Dataset/Test/Fake/fake_3913.jpg,0,0,True,0.9998306035995483,0.00016941835929173976
/content/Dataset/Test/Fake/fake_3914.jpg,0,1,False,0.10822183638811111,0.8917782306671143
/content/Dataset/Test/Fake/fake_3915.jpg,0,0,True,0.9998636245727539,0.0001363563205813989
/content/Dataset/Test/Fake/fake_3916.jpg,0,0,True,0.9999841451644897,1.5862868167459965e-05
/content/Dataset/Test/Fake/fake_3917.jpg,0,0,True,0.999786913394928,0.00021314367768354714
/content/Dataset/Test/Fake/fake_3918.jpg,0,0,True,0.9999312162399292,6.878990097902715e-05
/content/Dataset/Test/Fake/fake_3919.jpg,0,0,True,0.999976396560669,2.3572772988700308e-05
/content/Dataset/Test/Fake/fake_392.jpg,0,0,True,0.9994598031044006,0.0005401659873314202
/content/Dataset/Test/Fake/fake_3920.jpg,0,0,True,0.9872866272926331,0.01271339226514101
/content/Dataset/Test/Fake/fake_3921.jpg,0,0,True,0.9551243782043457,0.04487565532326698
/content/Dataset/Test/Fake/fake_3922.jpg,0,0,True,0.9999980926513672,1.961519274118473e-06
/content/Dataset/Test/Fake/fake_3923.jpg,0,0,True,0.9999920129776001,7.98209021013463e-06
/content/Dataset/Test/Fake/fake_3924.jpg,0,0,True,0.999990701675415,9.324151506007183e-06
/content/Dataset/Test/Fake/fake_3925.jpg,0,0,True,0.9999606609344482,3.928762089344673e-05
/content/Dataset/Test/Fake/fake_3926.jpg,0,0,True,0.999882698059082,0.00011732487473636866
/content/Dataset/Test/Fake/fake_3927.jpg,0,0,True,0.9997888207435608,0.0002111919311573729
/content/Dataset/Test/Fake/fake_3928.jpg,0,0,True,0.9999880790710449,1.193684420286445e-05
/content/Dataset/Test/Fake/fake_3929.jpg,0,0,True,0.9999948740005493,5.134977072884794e-06
/content/Dataset/Test/Fake/fake_393.jpg,0,0,True,0.9999994039535522,6.367648666127934e-07
/content/Dataset/Test/Fake/fake_3930.jpg,0,0,True,0.9999946355819702,5.348392733139917e-06
/content/Dataset/Test/Fake/fake_3931.jpg,0,1,False,0.2681471109390259,0.7318528890609741
/content/Dataset/Test/Fake/fake_3932.jpg,0,0,True,0.993419349193573,0.00658061308786273
/content/Dataset/Test/Fake/fake_3933.jpg,0,0,True,0.9998958110809326,0.0001041211435222067
/content/Dataset/Test/Fake/fake_3934.jpg,0,0,True,0.9999982118606567,1.7677268715488026e-06
/content/Dataset/Test/Fake/fake_3935.jpg,0,0,True,0.9998631477355957,0.00013681517157237977
/content/Dataset/Test/Fake/fake_3936.jpg,0,0,True,0.9971799850463867,0.0028199725784361362
/content/Dataset/Test/Fake/fake_3937.jpg,0,0,True,0.9999111890792847,8.883213013177738e-05
/content/Dataset/Test/Fake/fake_3938.jpg,0,0,True,0.9996398687362671,0.00036010428448207676
/content/Dataset/Test/Fake/fake_3939.jpg,0,0,True,0.9998763799667358,0.0001236508833244443
/content/Dataset/Test/Fake/fake_394.jpg,0,0,True,0.9989783763885498,0.001021682401187718
/content/Dataset/Test/Fake/fake_3940.jpg,0,0,True,0.9999626874923706,3.731651304406114e-05
/content/Dataset/Test/Fake/fake_3941.jpg,0,0,True,0.9999986886978149,1.271890823772992e-06
/content/Dataset/Test/Fake/fake_3942.jpg,0,0,True,0.9994720816612244,0.000527943717315793
/content/Dataset/Test/Fake/fake_3943.jpg,0,0,True,0.9999868869781494,1.3166652024665382e-05
/content/Dataset/Test/Fake/fake_3944.jpg,0,0,True,0.999968409538269,3.154907972202636e-05
/content/Dataset/Test/Fake/fake_3945.jpg,0,0,True,0.9999927282333374,7.279420970007777e-06
/content/Dataset/Test/Fake/fake_3946.jpg,0,0,True,0.9999856948852539,1.4279523384175263e-05
/content/Dataset/Test/Fake/fake_3947.jpg,0,0,True,0.999798595905304,0.00020142392895650119
/content/Dataset/Test/Fake/fake_3948.jpg,0,0,True,0.9999957084655762,4.2559613575576805e-06
/content/Dataset/Test/Fake/fake_3949.jpg,0,0,True,0.9445062875747681,0.055493731051683426
/content/Dataset/Test/Fake/fake_395.jpg,0,0,True,0.9999971389770508,2.8153253879281692e-06
/content/Dataset/Test/Fake/fake_3950.jpg,0,0,True,0.9999932050704956,6.753510660928441e-06
/content/Dataset/Test/Fake/fake_3951.jpg,0,0,True,0.9999990463256836,9.795738833418e-07
/content/Dataset/Test/Fake/fake_3952.jpg,0,0,True,0.9999886751174927,1.1322706995997578e-05
/content/Dataset/Test/Fake/fake_3953.jpg,0,0,True,0.9986427426338196,0.0013572527095675468
/content/Dataset/Test/Fake/fake_3954.jpg,0,0,True,0.9970738887786865,0.0029261307790875435
/content/Dataset/Test/Fake/fake_3955.jpg,0,0,True,0.9999986886978149,1.2781907798853354e-06
/content/Dataset/Test/Fake/fake_3956.jpg,0,0,True,0.9992176294326782,0.0007823301712051034
/content/Dataset/Test/Fake/fake_3957.jpg,0,1,False,0.027726508677005768,0.9722734093666077
/content/Dataset/Test/Fake/fake_3958.jpg,0,0,True,0.9920904636383057,0.007909566164016724
/content/Dataset/Test/Fake/fake_3959.jpg,0,0,True,0.9999995231628418,4.957806254424213e-07
/content/Dataset/Test/Fake/fake_396.jpg,0,0,True,0.9999516010284424,4.8455265641678125e-05
/content/Dataset/Test/Fake/fake_3960.jpg,0,0,True,0.9999996423721313,3.847396783385193e-07
/content/Dataset/Test/Fake/fake_3961.jpg,0,0,True,0.995867133140564,0.004132837522774935
/content/Dataset/Test/Fake/fake_3962.jpg,0,0,True,0.9992790818214417,0.0007209538016468287
/content/Dataset/Test/Fake/fake_3963.jpg,0,0,True,0.999813973903656,0.00018602184718474746
/content/Dataset/Test/Fake/fake_3964.jpg,0,0,True,0.9999951124191284,4.861732577410294e-06
/content/Dataset/Test/Fake/fake_3965.jpg,0,0,True,0.9999966621398926,3.3772935239539947e-06
/content/Dataset/Test/Fake/fake_3966.jpg,0,0,True,0.9789971709251404,0.02100282721221447
/content/Dataset/Test/Fake/fake_3967.jpg,0,0,True,0.9459385871887207,0.05406142771244049
/content/Dataset/Test/Fake/fake_3968.jpg,0,0,True,0.9612095952033997,0.038790371268987656
/content/Dataset/Test/Fake/fake_3969.jpg,0,0,True,0.9942195415496826,0.005780435167253017
/content/Dataset/Test/Fake/fake_397.jpg,0,0,True,0.99998939037323,1.0567286153673194e-05
/content/Dataset/Test/Fake/fake_3970.jpg,0,0,True,0.9925367832183838,0.007463292218744755
/content/Dataset/Test/Fake/fake_3971.jpg,0,0,True,0.9999327659606934,6.719584052916616e-05
/content/Dataset/Test/Fake/fake_3972.jpg,0,1,False,0.46635815501213074,0.5336418151855469
/content/Dataset/Test/Fake/fake_3973.jpg,0,0,True,0.9999197721481323,8.019714005058631e-05
/content/Dataset/Test/Fake/fake_3974.jpg,0,0,True,0.9994182586669922,0.0005817855126224458
/content/Dataset/Test/Fake/fake_3975.jpg,0,0,True,0.998540997505188,0.001459009712561965
/content/Dataset/Test/Fake/fake_3976.jpg,0,0,True,0.9999979734420776,2.0038530692545464e-06
/content/Dataset/Test/Fake/fake_3977.jpg,0,0,True,0.9999573230743408,4.272237129043788e-05
/content/Dataset/Test/Fake/fake_3978.jpg,0,0,True,0.9998544454574585,0.00014553010987583548
/content/Dataset/Test/Fake/fake_3979.jpg,0,0,True,0.9999986886978149,1.2896331327283406e-06
/content/Dataset/Test/Fake/fake_398.jpg,0,0,True,0.9999980926513672,1.9027529560844414e-06
/content/Dataset/Test/Fake/fake_3980.jpg,0,0,True,0.9999498128890991,5.014577618567273e-05
/content/Dataset/Test/Fake/fake_3981.jpg,0,0,True,0.9997230172157288,0.00027692009462043643
/content/Dataset/Test/Fake/fake_3982.jpg,0,0,True,0.9996837377548218,0.00031622880487702787
/content/Dataset/Test/Fake/fake_3983.jpg,0,0,True,0.999996542930603,3.480547775325249e-06
/content/Dataset/Test/Fake/fake_3984.jpg,0,0,True,0.9999504089355469,4.953224924975075e-05
/content/Dataset/Test/Fake/fake_3985.jpg,0,0,True,0.9996470212936401,0.00035292006214149296
/content/Dataset/Test/Fake/fake_3986.jpg,0,0,True,0.9998167157173157,0.00018335679487790912
/content/Dataset/Test/Fake/fake_3987.jpg,0,0,True,0.9999721050262451,2.7891208446817473e-05
/content/Dataset/Test/Fake/fake_3988.jpg,0,0,True,0.9988692402839661,0.0011306963860988617
/content/Dataset/Test/Fake/fake_3989.jpg,0,0,True,0.9917946457862854,0.008205361664295197
/content/Dataset/Test/Fake/fake_399.jpg,0,0,True,0.9999909400939941,9.103695447265636e-06
/content/Dataset/Test/Fake/fake_3990.jpg,0,0,True,0.9972930550575256,0.0027069177012890577
/content/Dataset/Test/Fake/fake_3991.jpg,0,0,True,0.9920996427536011,0.00790039636194706
/content/Dataset/Test/Fake/fake_3992.jpg,0,0,True,0.9646868109703064,0.035313185304403305
/content/Dataset/Test/Fake/fake_3993.jpg,0,0,True,0.9933353662490845,0.006664607673883438
/content/Dataset/Test/Fake/fake_3994.jpg,0,0,True,0.9997343420982361,0.00026565828011371195
/content/Dataset/Test/Fake/fake_3995.jpg,0,0,True,0.9999932050704956,6.8501617533911485e-06
/content/Dataset/Test/Fake/fake_3996.jpg,0,0,True,0.9999885559082031,1.143235931522213e-05
/content/Dataset/Test/Fake/fake_3997.jpg,0,1,False,0.1348913013935089,0.8651087284088135
/content/Dataset/Test/Fake/fake_3998.jpg,0,0,True,0.9948596954345703,0.005140291061252356
/content/Dataset/Test/Fake/fake_3999.jpg,0,0,True,0.9745868444442749,0.025413120165467262
/content/Dataset/Test/Fake/fake_4.jpg,0,0,True,0.9998981952667236,0.00010178889351664111
/content/Dataset/Test/Fake/fake_40.jpg,0,0,True,0.9999982118606567,1.8395919596514432e-06
/content/Dataset/Test/Fake/fake_400.jpg,0,0,True,0.9999309778213501,6.898736319271848e-05
/content/Dataset/Test/Fake/fake_4000.jpg,0,0,True,0.9999988079071045,1.2266011708561564e-06
/content/Dataset/Test/Fake/fake_4001.jpg,0,0,True,0.999998927116394,1.0222213404631475e-06
/content/Dataset/Test/Fake/fake_4002.jpg,0,0,True,0.9891216158866882,0.010878331027925014
/content/Dataset/Test/Fake/fake_4003.jpg,0,0,True,0.9999520778656006,4.790680395672098e-05
/content/Dataset/Test/Fake/fake_4004.jpg,0,0,True,0.9999207258224487,7.928964623715729e-05
/content/Dataset/Test/Fake/fake_4005.jpg,0,0,True,0.9999599456787109,4.0031609387369826e-05
/content/Dataset/Test/Fake/fake_4006.jpg,0,0,True,0.9617117643356323,0.03828823193907738
/content/Dataset/Test/Fake/fake_4007.jpg,0,0,True,0.9995176792144775,0.0004823076305910945
/content/Dataset/Test/Fake/fake_4008.jpg,0,0,True,0.918811023235321,0.08118897676467896
/content/Dataset/Test/Fake/fake_4009.jpg,0,1,False,0.45929020643234253,0.5407097339630127
/content/Dataset/Test/Fake/fake_401.jpg,0,0,True,0.9999979734420776,1.996711034735199e-06
/content/Dataset/Test/Fake/fake_4010.jpg,0,0,True,0.7545779347419739,0.2454221099615097
/content/Dataset/Test/Fake/fake_4011.jpg,0,0,True,0.9948734641075134,0.005126527976244688
/content/Dataset/Test/Fake/fake_4012.jpg,0,0,True,0.9992008805274963,0.000799152534455061
/content/Dataset/Test/Fake/fake_4013.jpg,0,0,True,0.9998824596405029,0.00011752182035706937
/content/Dataset/Test/Fake/fake_4014.jpg,0,0,True,0.9998478889465332,0.0001521055237390101
/content/Dataset/Test/Fake/fake_4015.jpg,0,0,True,0.9999487400054932,5.1281902415212244e-05
/content/Dataset/Test/Fake/fake_4016.jpg,0,0,True,0.9999985694885254,1.4416424392038607e-06
/content/Dataset/Test/Fake/fake_4017.jpg,0,0,True,0.9888381958007812,0.011161851696670055
/content/Dataset/Test/Fake/fake_4018.jpg,0,0,True,0.9997621178627014,0.00023787964892107993
/content/Dataset/Test/Fake/fake_4019.jpg,0,0,True,0.998199462890625,0.001800535130314529
/content/Dataset/Test/Fake/fake_402.jpg,0,0,True,0.9999994039535522,5.387619239627384e-07
/content/Dataset/Test/Fake/fake_4020.jpg,0,0,True,0.8820674419403076,0.11793256551027298
/content/Dataset/Test/Fake/fake_4021.jpg,0,0,True,0.9999512434005737,4.873381840297952e-05
/content/Dataset/Test/Fake/fake_4022.jpg,0,0,True,0.9999974966049194,2.5170324988721404e-06
/content/Dataset/Test/Fake/fake_4023.jpg,0,0,True,0.9999959468841553,4.032585366076091e-06
/content/Dataset/Test/Fake/fake_4024.jpg,0,1,False,0.2142726480960846,0.7857273817062378
/content/Dataset/Test/Fake/fake_4025.jpg,0,0,True,0.6312894225120544,0.36871054768562317
/content/Dataset/Test/Fake/fake_4026.jpg,0,0,True,0.9999988079071045,1.1543595519469818e-06
/content/Dataset/Test/Fake/fake_4027.jpg,0,0,True,0.9999966621398926,3.344804554217262e-06
/content/Dataset/Test/Fake/fake_4028.jpg,0,1,False,0.4902215600013733,0.5097784399986267
/content/Dataset/Test/Fake/fake_4029.jpg,0,1,False,0.09086845070123672,0.9091315865516663
/content/Dataset/Test/Fake/fake_403.jpg,0,0,True,0.9999977350234985,2.229586925750482e-06
/content/Dataset/Test/Fake/fake_4030.jpg,0,0,True,0.8683891296386719,0.13161082565784454
/content/Dataset/Test/Fake/fake_4031.jpg,0,0,True,0.999980092048645,1.987172436201945e-05
/content/Dataset/Test/Fake/fake_4032.jpg,0,0,True,0.9999487400054932,5.123781011207029e-05
/content/Dataset/Test/Fake/fake_4033.jpg,0,0,True,0.9999172687530518,8.275805157609284e-05
/content/Dataset/Test/Fake/fake_4034.jpg,0,0,True,0.9999618530273438,3.8169808249222115e-05
/content/Dataset/Test/Fake/fake_4035.jpg,0,0,True,0.5069113969802856,0.49308857321739197
/content/Dataset/Test/Fake/fake_4036.jpg,0,0,True,0.9360308051109314,0.06396915763616562
/content/Dataset/Test/Fake/fake_4037.jpg,0,0,True,0.5439079403877258,0.45609211921691895
/content/Dataset/Test/Fake/fake_4038.jpg,0,0,True,0.9922631978988647,0.007736808154731989
/content/Dataset/Test/Fake/fake_4039.jpg,0,0,True,0.9999511241912842,4.8839152441360056e-05
/content/Dataset/Test/Fake/fake_404.jpg,0,1,False,0.1376822292804718,0.8623177409172058
/content/Dataset/Test/Fake/fake_4040.jpg,0,0,True,0.9897634983062744,0.010236507281661034
/content/Dataset/Test/Fake/fake_4041.jpg,0,0,True,0.9997480511665344,0.00025194569025188684
/content/Dataset/Test/Fake/fake_4042.jpg,0,0,True,0.9999481439590454,5.18308297614567e-05
/content/Dataset/Test/Fake/fake_4043.jpg,0,0,True,0.9999343156814575,6.571452104253694e-05
/content/Dataset/Test/Fake/fake_4044.jpg,0,0,True,0.9999727010726929,2.7254638553131372e-05
/content/Dataset/Test/Fake/fake_4045.jpg,0,0,True,0.9997599720954895,0.00024007796309888363
/content/Dataset/Test/Fake/fake_4046.jpg,0,0,True,0.9998138546943665,0.00018615492444951087
/content/Dataset/Test/Fake/fake_4047.jpg,0,0,True,0.9986070990562439,0.001392952399328351
/content/Dataset/Test/Fake/fake_4048.jpg,0,0,True,0.9999842643737793,1.5727780919405632e-05
/content/Dataset/Test/Fake/fake_4049.jpg,0,0,True,0.9999204874038696,7.954547618282959e-05
/content/Dataset/Test/Fake/fake_405.jpg,0,0,True,0.9985396862030029,0.0014602995943278074
/content/Dataset/Test/Fake/fake_4050.jpg,0,0,True,0.999984622001648,1.5348543456639163e-05
/content/Dataset/Test/Fake/fake_4051.jpg,0,0,True,0.9999274015426636,7.255870150402188e-05
/content/Dataset/Test/Fake/fake_4052.jpg,0,0,True,0.7841678857803345,0.21583203971385956
/content/Dataset/Test/Fake/fake_4053.jpg,0,0,True,0.999981164932251,1.88494632311631e-05
/content/Dataset/Test/Fake/fake_4054.jpg,0,0,True,0.9999935626983643,6.430814664781792e-06
/content/Dataset/Test/Fake/fake_4055.jpg,0,0,True,0.9870814681053162,0.012918551452457905
/content/Dataset/Test/Fake/fake_4056.jpg,0,1,False,0.06831861287355423,0.9316814541816711
/content/Dataset/Test/Fake/fake_4057.jpg,0,0,True,0.9999703168869019,2.971071626234334e-05
/content/Dataset/Test/Fake/fake_4058.jpg,0,0,True,0.9999985694885254,1.4492903801510693e-06
/content/Dataset/Test/Fake/fake_4059.jpg,0,0,True,0.9998093247413635,0.00019064676598645747
/content/Dataset/Test/Fake/fake_406.jpg,0,0,True,0.9999990463256836,9.838327059696894e-07
/content/Dataset/Test/Fake/fake_4060.jpg,0,0,True,0.6915923953056335,0.30840760469436646
/content/Dataset/Test/Fake/fake_4061.jpg,0,0,True,0.9987030029296875,0.0012969390954822302
/content/Dataset/Test/Fake/fake_4062.jpg,0,0,True,0.9991829991340637,0.0008170160581357777
/content/Dataset/Test/Fake/fake_4063.jpg,0,0,True,0.9959037899971008,0.00409621000289917
/content/Dataset/Test/Fake/fake_4064.jpg,0,0,True,0.98658686876297,0.013413140550255775
/content/Dataset/Test/Fake/fake_4065.jpg,0,0,True,0.9997307658195496,0.00026918589719571173
/content/Dataset/Test/Fake/fake_4066.jpg,0,0,True,0.9997361302375793,0.00026388061814941466
/content/Dataset/Test/Fake/fake_4067.jpg,0,0,True,0.9999972581863403,2.7524231427378254e-06
/content/Dataset/Test/Fake/fake_4068.jpg,0,0,True,0.9999337196350098,6.623121589655057e-05
/content/Dataset/Test/Fake/fake_4069.jpg,0,0,True,0.9999405145645142,5.9486708778422326e-05
/content/Dataset/Test/Fake/fake_407.jpg,0,0,True,0.9999966621398926,3.3904018437169725e-06
/content/Dataset/Test/Fake/fake_4070.jpg,0,0,True,0.9999890327453613,1.1011103197233751e-05
/content/Dataset/Test/Fake/fake_4071.jpg,0,0,True,0.9934727549552917,0.0065271882340312
/content/Dataset/Test/Fake/fake_4072.jpg,0,0,True,0.9999505281448364,4.9488960939925164e-05
/content/Dataset/Test/Fake/fake_4073.jpg,0,0,True,0.9999959468841553,4.111630914849229e-06
/content/Dataset/Test/Fake/fake_4074.jpg,0,0,True,0.9999957084655762,4.346417881606612e-06
/content/Dataset/Test/Fake/fake_4075.jpg,0,0,True,0.9999961853027344,3.807086613960564e-06
/content/Dataset/Test/Fake/fake_4076.jpg,0,0,True,0.9997872710227966,0.00021278060739859939
/content/Dataset/Test/Fake/fake_4077.jpg,0,0,True,0.999982476234436,1.7533749996800907e-05
/content/Dataset/Test/Fake/fake_4078.jpg,0,0,True,0.9996951818466187,0.0003048701328225434
/content/Dataset/Test/Fake/fake_4079.jpg,0,0,True,0.9999946355819702,5.328801307769027e-06
/content/Dataset/Test/Fake/fake_408.jpg,0,0,True,0.9919375777244568,0.008062442764639854
/content/Dataset/Test/Fake/fake_4080.jpg,0,0,True,0.9997609257698059,0.00023911872995086014
/content/Dataset/Test/Fake/fake_4081.jpg,0,0,True,0.9999994039535522,6.218107841959863e-07
/content/Dataset/Test/Fake/fake_4082.jpg,0,0,True,0.9999977350234985,2.212770141341025e-06
/content/Dataset/Test/Fake/fake_4083.jpg,0,1,False,0.25629159808158875,0.7437083721160889
/content/Dataset/Test/Fake/fake_4084.jpg,0,0,True,0.9944243431091309,0.005575595423579216
/content/Dataset/Test/Fake/fake_4085.jpg,0,0,True,0.9999549388885498,4.503067611949518e-05
/content/Dataset/Test/Fake/fake_4086.jpg,0,0,True,0.9995831847190857,0.00041677700937725604
/content/Dataset/Test/Fake/fake_4087.jpg,0,0,True,0.999932050704956,6.79008589941077e-05
/content/Dataset/Test/Fake/fake_4088.jpg,0,0,True,0.9999194145202637,8.052251359913498e-05
/content/Dataset/Test/Fake/fake_4089.jpg,0,0,True,0.9999909400939941,9.11039205675479e-06
/content/Dataset/Test/Fake/fake_409.jpg,0,0,True,0.9932562112808228,0.006743801292032003
/content/Dataset/Test/Fake/fake_4090.jpg,0,0,True,0.9999178647994995,8.211132808355615e-05
/content/Dataset/Test/Fake/fake_4091.jpg,0,0,True,0.9707052707672119,0.029294652864336967
/content/Dataset/Test/Fake/fake_4092.jpg,0,0,True,0.577197790145874,0.42280226945877075
/content/Dataset/Test/Fake/fake_4093.jpg,0,0,True,0.9967978596687317,0.003202105639502406
/content/Dataset/Test/Fake/fake_4094.jpg,0,0,True,0.9999923706054688,7.647325219295453e-06
/content/Dataset/Test/Fake/fake_4095.jpg,0,1,False,0.3448368012905121,0.6551631689071655
/content/Dataset/Test/Fake/fake_4096.jpg,0,0,True,0.9999794960021973,2.051991759799421e-05
/content/Dataset/Test/Fake/fake_4097.jpg,0,0,True,0.9999861717224121,1.3807645700580906e-05
/content/Dataset/Test/Fake/fake_4098.jpg,0,0,True,0.9999061822891235,9.38568264245987e-05
/content/Dataset/Test/Fake/fake_4099.jpg,0,0,True,0.9997387528419495,0.00026126651209779084
/content/Dataset/Test/Fake/fake_41.jpg,0,0,True,0.9999300241470337,6.991962436586618e-05
/content/Dataset/Test/Fake/fake_410.jpg,0,0,True,0.9917256832122803,0.008274277672171593
/content/Dataset/Test/Fake/fake_4100.jpg,0,0,True,0.9999796152114868,2.0420748114702292e-05
/content/Dataset/Test/Fake/fake_4101.jpg,0,0,True,0.992900013923645,0.00710001727566123
/content/Dataset/Test/Fake/fake_4102.jpg,0,0,True,0.8467041850090027,0.1532958745956421
/content/Dataset/Test/Fake/fake_4103.jpg,0,0,True,0.9999936819076538,6.325496087811189e-06
/content/Dataset/Test/Fake/fake_4104.jpg,0,0,True,0.9999967813491821,3.2144164379133144e-06
/content/Dataset/Test/Fake/fake_4105.jpg,0,0,True,0.9999971389770508,2.857337676687166e-06
/content/Dataset/Test/Fake/fake_4106.jpg,0,0,True,0.999997615814209,2.3524146399722667e-06
/content/Dataset/Test/Fake/fake_4107.jpg,0,0,True,0.9999969005584717,3.082816192545579e-06
/content/Dataset/Test/Fake/fake_4108.jpg,0,0,True,0.9978048205375671,0.0021951862145215273
/content/Dataset/Test/Fake/fake_4109.jpg,0,0,True,0.9999079704284668,9.20317106647417e-05
/content/Dataset/Test/Fake/fake_411.jpg,0,0,True,0.9999898672103882,1.0185479368374217e-05
/content/Dataset/Test/Fake/fake_4110.jpg,0,0,True,0.9990541338920593,0.0009458095883019269
/content/Dataset/Test/Fake/fake_4111.jpg,0,0,True,0.9999275207519531,7.251091301441193e-05
/content/Dataset/Test/Fake/fake_4112.jpg,0,0,True,0.9999948740005493,5.152032827027142e-06
/content/Dataset/Test/Fake/fake_4113.jpg,0,0,True,0.8804663419723511,0.11953368037939072
/content/Dataset/Test/Fake/fake_4114.jpg,0,0,True,0.9999790191650391,2.093983675877098e-05
/content/Dataset/Test/Fake/fake_4115.jpg,0,0,True,0.9999942779541016,5.6948797464428935e-06
/content/Dataset/Test/Fake/fake_4116.jpg,0,0,True,0.9999969005584717,3.085696107518743e-06
/content/Dataset/Test/Fake/fake_4117.jpg,0,0,True,0.99994957447052,5.0377762818243355e-05
/content/Dataset/Test/Fake/fake_4118.jpg,0,0,True,0.9996700286865234,0.0003300023381598294
/content/Dataset/Test/Fake/fake_4119.jpg,0,1,False,0.2892971336841583,0.7107028961181641
/content/Dataset/Test/Fake/fake_412.jpg,0,0,True,0.9999449253082275,5.504143700818531e-05
/content/Dataset/Test/Fake/fake_4120.jpg,0,0,True,0.9765797257423401,0.023420283570885658
/content/Dataset/Test/Fake/fake_4121.jpg,0,0,True,0.9673218131065369,0.03267819061875343
/content/Dataset/Test/Fake/fake_4122.jpg,0,0,True,0.9928523898124695,0.007147572003304958
/content/Dataset/Test/Fake/fake_4123.jpg,0,0,True,0.9929914474487305,0.007008562330156565
/content/Dataset/Test/Fake/fake_4124.jpg,0,0,True,0.9986264705657959,0.001373580191284418
/content/Dataset/Test/Fake/fake_4125.jpg,0,1,False,0.40376830101013184,0.5962316989898682
/content/Dataset/Test/Fake/fake_4126.jpg,0,0,True,0.9999836683273315,1.630897168070078e-05
/content/Dataset/Test/Fake/fake_4127.jpg,0,0,True,0.9999940395355225,5.922448508499656e-06
/content/Dataset/Test/Fake/fake_4128.jpg,0,0,True,0.9999992847442627,7.230830760818208e-07
/content/Dataset/Test/Fake/fake_4129.jpg,0,0,True,0.9989175796508789,0.001082489499822259
/content/Dataset/Test/Fake/fake_413.jpg,0,0,True,0.9999899864196777,9.9945355032105e-06
/content/Dataset/Test/Fake/fake_4130.jpg,0,0,True,0.9997285008430481,0.00027147718355990946
/content/Dataset/Test/Fake/fake_4131.jpg,0,0,True,0.9999985694885254,1.4758735460418393e-06
/content/Dataset/Test/Fake/fake_4132.jpg,0,0,True,0.9999880790710449,1.196531502500875e-05
/content/Dataset/Test/Fake/fake_4133.jpg,0,0,True,0.9999645948410034,3.5372304409975186e-05
/content/Dataset/Test/Fake/fake_4134.jpg,0,0,True,0.9999574422836304,4.255646126694046e-05
/content/Dataset/Test/Fake/fake_4135.jpg,0,0,True,0.9989902377128601,0.0010097682243213058
/content/Dataset/Test/Fake/fake_4136.jpg,0,0,True,0.9998780488967896,0.0001219599653268233
/content/Dataset/Test/Fake/fake_4137.jpg,0,1,False,0.0945407822728157,0.9054592251777649
/content/Dataset/Test/Fake/fake_4138.jpg,0,0,True,0.9999645948410034,3.536724398145452e-05
/content/Dataset/Test/Fake/fake_4139.jpg,0,0,True,0.999992847442627,7.210275271063438e-06
/content/Dataset/Test/Fake/fake_414.jpg,0,0,True,0.9999978542327881,2.1056609966763062e-06
/content/Dataset/Test/Fake/fake_4140.jpg,0,0,True,0.9997945427894592,0.00020545462029986084
/content/Dataset/Test/Fake/fake_4141.jpg,0,0,True,0.9773584604263306,0.022641509771347046
/content/Dataset/Test/Fake/fake_4142.jpg,0,0,True,0.9996126294136047,0.0003873555106110871
/content/Dataset/Test/Fake/fake_4143.jpg,0,0,True,0.9999945163726807,5.439341293822508e-06
/content/Dataset/Test/Fake/fake_4144.jpg,0,0,True,0.9999761581420898,2.386417327215895e-05
/content/Dataset/Test/Fake/fake_4145.jpg,0,0,True,0.9595760703086853,0.040423907339572906
/content/Dataset/Test/Fake/fake_4146.jpg,0,0,True,0.9992761015892029,0.0007239414844661951
/content/Dataset/Test/Fake/fake_4147.jpg,0,0,True,0.9999080896377563,9.195767052005976e-05
/content/Dataset/Test/Fake/fake_4148.jpg,0,0,True,0.9999009370803833,9.909971413435414e-05
/content/Dataset/Test/Fake/fake_4149.jpg,0,1,False,0.0018913812236860394,0.9981086254119873
/content/Dataset/Test/Fake/fake_415.jpg,0,0,True,0.999997615814209,2.358515757805435e-06
/content/Dataset/Test/Fake/fake_4150.jpg,0,0,True,0.955763041973114,0.04423698037862778
/content/Dataset/Test/Fake/fake_4151.jpg,0,0,True,0.9999738931655884,2.6126406737603247e-05
/content/Dataset/Test/Fake/fake_4152.jpg,0,0,True,0.9999909400939941,9.025960935105104e-06
/content/Dataset/Test/Fake/fake_4153.jpg,0,0,True,0.999685525894165,0.00031448595109395683
/content/Dataset/Test/Fake/fake_4154.jpg,0,0,True,0.9986647367477417,0.0013352787354961038
/content/Dataset/Test/Fake/fake_4155.jpg,0,0,True,0.9999134540557861,8.652488759253174e-05
/content/Dataset/Test/Fake/fake_4156.jpg,0,0,True,0.9999207258224487,7.928813283797354e-05
/content/Dataset/Test/Fake/fake_4157.jpg,0,0,True,0.99997878074646,2.1180401745368727e-05
/content/Dataset/Test/Fake/fake_4158.jpg,0,0,True,0.9999452829360962,5.475142097566277e-05
/content/Dataset/Test/Fake/fake_4159.jpg,0,0,True,0.5887309312820435,0.41126909852027893
/content/Dataset/Test/Fake/fake_416.jpg,0,0,True,0.9999948740005493,5.115582098369487e-06
/content/Dataset/Test/Fake/fake_4160.jpg,0,0,True,0.9999969005584717,3.105333462372073e-06
/content/Dataset/Test/Fake/fake_4161.jpg,0,0,True,0.9999974966049194,2.5056897356989793e-06
/content/Dataset/Test/Fake/fake_4162.jpg,0,0,True,0.9999920129776001,8.001663445611484e-06
/content/Dataset/Test/Fake/fake_4163.jpg,0,0,True,0.9999926090240479,7.394977728836238e-06
/content/Dataset/Test/Fake/fake_4164.jpg,0,0,True,0.9999655485153198,3.4393226087559015e-05
/content/Dataset/Test/Fake/fake_4165.jpg,0,0,True,0.993966281414032,0.006033768877387047
/content/Dataset/Test/Fake/fake_4166.jpg,0,0,True,0.9999853372573853,1.4631648809881881e-05
/content/Dataset/Test/Fake/fake_4167.jpg,0,0,True,0.9999949932098389,4.957554210704984e-06
/content/Dataset/Test/Fake/fake_4168.jpg,0,0,True,0.999944806098938,5.518965554074384e-05
/content/Dataset/Test/Fake/fake_4169.jpg,0,0,True,0.877733588218689,0.12226642668247223
/content/Dataset/Test/Fake/fake_417.jpg,0,0,True,0.9998364448547363,0.0001635638764128089
/content/Dataset/Test/Fake/fake_4170.jpg,0,0,True,0.9999974966049194,2.4648861653986387e-06
/content/Dataset/Test/Fake/fake_4171.jpg,0,0,True,0.999987006187439,1.2971996511623729e-05
/content/Dataset/Test/Fake/fake_4172.jpg,0,0,True,0.9993969202041626,0.0006030828226357698
/content/Dataset/Test/Fake/fake_4173.jpg,0,0,True,0.9999722242355347,2.782330739137251e-05
/content/Dataset/Test/Fake/fake_4174.jpg,0,0,True,0.999998927116394,1.1122403975605266e-06
/content/Dataset/Test/Fake/fake_4175.jpg,0,0,True,0.9999722242355347,2.7780090022133663e-05
/content/Dataset/Test/Fake/fake_4176.jpg,0,0,True,0.9999979734420776,2.021004775087931e-06
/content/Dataset/Test/Fake/fake_4177.jpg,0,0,True,0.999997615814209,2.383749233558774e-06
/content/Dataset/Test/Fake/fake_4178.jpg,0,0,True,0.9999830722808838,1.6876321751624346e-05
/content/Dataset/Test/Fake/fake_4179.jpg,0,0,True,0.9999921321868896,7.84332132752752e-06
/content/Dataset/Test/Fake/fake_418.jpg,0,0,True,0.9999545812606812,4.540687586995773e-05
/content/Dataset/Test/Fake/fake_4180.jpg,0,0,True,0.9854867458343506,0.014513247646391392
/content/Dataset/Test/Fake/fake_4181.jpg,0,0,True,0.9999604225158691,3.952365295845084e-05
/content/Dataset/Test/Fake/fake_4182.jpg,0,0,True,0.9999918937683105,8.145369065459818e-06
/content/Dataset/Test/Fake/fake_4183.jpg,0,0,True,0.99983811378479,0.00016187700384762138
/content/Dataset/Test/Fake/fake_4184.jpg,0,0,True,0.9580212235450745,0.04197883605957031
/content/Dataset/Test/Fake/fake_4185.jpg,0,0,True,0.9969363212585449,0.0030636393930763006
/content/Dataset/Test/Fake/fake_4186.jpg,0,0,True,0.9926643967628479,0.007335565984249115
/content/Dataset/Test/Fake/fake_4187.jpg,0,0,True,0.9999996423721313,3.4576365237626305e-07
/content/Dataset/Test/Fake/fake_4188.jpg,0,0,True,0.9973583817481995,0.002641558414325118
/content/Dataset/Test/Fake/fake_4189.jpg,0,0,True,0.9991683959960938,0.0008316521998494864
/content/Dataset/Test/Fake/fake_419.jpg,0,0,True,0.9964046478271484,0.0035953992046415806
/content/Dataset/Test/Fake/fake_4190.jpg,0,0,True,0.9999552965164185,4.4696971599478275e-05
/content/Dataset/Test/Fake/fake_4191.jpg,0,0,True,0.8557843565940857,0.1442156732082367
/content/Dataset/Test/Fake/fake_4192.jpg,0,0,True,0.9994434714317322,0.0005564727471210063
/content/Dataset/Test/Fake/fake_4193.jpg,0,0,True,0.9999974966049194,2.552847263359581e-06
/content/Dataset/Test/Fake/fake_4194.jpg,0,0,True,0.9999935626983643,6.466501872637309e-06
/content/Dataset/Test/Fake/fake_4195.jpg,0,0,True,0.9999977350234985,2.216337406935054e-06
/content/Dataset/Test/Fake/fake_4196.jpg,0,0,True,0.9999815225601196,1.8431250282446854e-05
/content/Dataset/Test/Fake/fake_4197.jpg,0,0,True,0.9998996257781982,0.00010039738845080137
/content/Dataset/Test/Fake/fake_4198.jpg,0,0,True,0.9874930381774902,0.012507021427154541
/content/Dataset/Test/Fake/fake_4199.jpg,0,0,True,0.9993395209312439,0.0006605170201510191
/content/Dataset/Test/Fake/fake_42.jpg,0,0,True,0.9999279975891113,7.195743091870099e-05
/content/Dataset/Test/Fake/fake_420.jpg,0,0,True,0.9999585151672363,4.1454924939898774e-05
/content/Dataset/Test/Fake/fake_4200.jpg,0,0,True,0.9997665286064148,0.00023349712137132883
/content/Dataset/Test/Fake/fake_4201.jpg,0,0,True,0.9999880790710449,1.1875597920152359e-05
/content/Dataset/Test/Fake/fake_4202.jpg,0,0,True,0.9745222926139832,0.02547774277627468
/content/Dataset/Test/Fake/fake_4203.jpg,0,0,True,0.9826186895370483,0.017381316050887108
/content/Dataset/Test/Fake/fake_4204.jpg,0,0,True,0.999931812286377,6.822734576417133e-05
/content/Dataset/Test/Fake/fake_4205.jpg,0,0,True,0.999829888343811,0.00017008099530357867
/content/Dataset/Test/Fake/fake_4206.jpg,0,0,True,0.9991004467010498,0.0008995483512990177
/content/Dataset/Test/Fake/fake_4207.jpg,0,0,True,0.9980242252349854,0.001975822960957885
/content/Dataset/Test/Fake/fake_4208.jpg,0,0,True,0.9813053011894226,0.018694637343287468
/content/Dataset/Test/Fake/fake_4209.jpg,0,0,True,0.6987672448158264,0.3012327551841736
/content/Dataset/Test/Fake/fake_421.jpg,0,0,True,0.99480801820755,0.005192049778997898
/content/Dataset/Test/Fake/fake_4210.jpg,0,0,True,0.9545198678970337,0.045480143278837204
/content/Dataset/Test/Fake/fake_4211.jpg,0,0,True,0.8288838863372803,0.17111614346504211
/content/Dataset/Test/Fake/fake_4212.jpg,0,0,True,0.999998927116394,1.0800877134897746e-06
/content/Dataset/Test/Fake/fake_4213.jpg,0,0,True,0.9999935626983643,6.414913059415994e-06
/content/Dataset/Test/Fake/fake_4214.jpg,0,0,True,0.999994158744812,5.829796464240644e-06
/content/Dataset/Test/Fake/fake_4215.jpg,0,0,True,0.9993188381195068,0.0006811642670072615
/content/Dataset/Test/Fake/fake_4216.jpg,0,0,True,0.9833014011383057,0.01669865846633911
/content/Dataset/Test/Fake/fake_4217.jpg,0,0,True,0.9999990463256836,9.394702260578924e-07
/content/Dataset/Test/Fake/fake_4218.jpg,0,0,True,0.9999909400939941,9.11243387236027e-06
/content/Dataset/Test/Fake/fake_4219.jpg,0,0,True,0.5239812135696411,0.4760187864303589
/content/Dataset/Test/Fake/fake_422.jpg,0,0,True,0.999988317489624,1.1724335308826994e-05
/content/Dataset/Test/Fake/fake_4220.jpg,0,0,True,0.9990853071212769,0.0009146686061285436
/content/Dataset/Test/Fake/fake_4221.jpg,0,0,True,0.9998846054077148,0.00011538382386788726
/content/Dataset/Test/Fake/fake_4222.jpg,0,0,True,0.9998867511749268,0.0001131857861764729
/content/Dataset/Test/Fake/fake_4223.jpg,0,0,True,0.9999356269836426,6.431592191802338e-05
/content/Dataset/Test/Fake/fake_4224.jpg,0,0,True,0.9947006702423096,0.005299299955368042
/content/Dataset/Test/Fake/fake_4225.jpg,0,0,True,0.9995920062065125,0.0004080398357473314
/content/Dataset/Test/Fake/fake_4226.jpg,0,0,True,0.9973715543746948,0.0026284721679985523
/content/Dataset/Test/Fake/fake_4227.jpg,0,0,True,0.9999731779098511,2.6778319806908257e-05
/content/Dataset/Test/Fake/fake_4228.jpg,0,0,True,0.9999936819076538,6.308543561317492e-06
/content/Dataset/Test/Fake/fake_4229.jpg,0,0,True,0.9999681711196899,3.188028858858161e-05
/content/Dataset/Test/Fake/fake_423.jpg,0,0,True,0.9972298741340637,0.0027701633516699076
/content/Dataset/Test/Fake/fake_4230.jpg,0,0,True,0.9999655485153198,3.44074287568219e-05
/content/Dataset/Test/Fake/fake_4231.jpg,0,0,True,0.9999926090240479,7.381935574812815e-06
/content/Dataset/Test/Fake/fake_4232.jpg,0,0,True,0.9999468326568604,5.3190000471659005e-05
/content/Dataset/Test/Fake/fake_4233.jpg,0,0,True,0.9999954700469971,4.562949470710009e-06
/content/Dataset/Test/Fake/fake_4234.jpg,0,0,True,0.9999768733978271,2.3137688913266174e-05
/content/Dataset/Test/Fake/fake_4235.jpg,0,0,True,0.9998725652694702,0.00012743007391691208
/content/Dataset/Test/Fake/fake_4236.jpg,0,0,True,0.999906063079834,9.390882769366726e-05
/content/Dataset/Test/Fake/fake_4237.jpg,0,0,True,0.9999649524688721,3.499544254736975e-05
/content/Dataset/Test/Fake/fake_4238.jpg,0,0,True,0.9978373646736145,0.002162626478821039
/content/Dataset/Test/Fake/fake_4239.jpg,0,0,True,0.9989396929740906,0.0010602999245747924
/content/Dataset/Test/Fake/fake_424.jpg,0,0,True,0.9999701976776123,2.9770217224722728e-05
/content/Dataset/Test/Fake/fake_4240.jpg,0,0,True,0.9999216794967651,7.8288656368386e-05
/content/Dataset/Test/Fake/fake_4241.jpg,0,0,True,0.9992733597755432,0.00072665506741032
/content/Dataset/Test/Fake/fake_4242.jpg,0,0,True,0.9999995231628418,4.7035371153469896e-07
/content/Dataset/Test/Fake/fake_4243.jpg,0,0,True,0.9999626874923706,3.7356821849243715e-05
/content/Dataset/Test/Fake/fake_4244.jpg,0,0,True,0.9999992847442627,7.102676136128139e-07
/content/Dataset/Test/Fake/fake_4245.jpg,0,0,True,0.9946185350418091,0.005381440278142691
/content/Dataset/Test/Fake/fake_4246.jpg,0,0,True,0.9999970197677612,3.0061210054554977e-06
/content/Dataset/Test/Fake/fake_4247.jpg,0,0,True,0.9999990463256836,9.334518153991667e-07
/content/Dataset/Test/Fake/fake_4248.jpg,0,0,True,0.9999994039535522,6.495617412838328e-07
/content/Dataset/Test/Fake/fake_4249.jpg,0,0,True,0.998383641242981,0.0016163759864866734
/content/Dataset/Test/Fake/fake_425.jpg,0,0,True,0.9999878406524658,1.2218238225614186e-05
/content/Dataset/Test/Fake/fake_4250.jpg,0,0,True,0.9999983310699463,1.6676359564371523e-06
/content/Dataset/Test/Fake/fake_4251.jpg,0,0,True,0.9594455361366272,0.04055448994040489
/content/Dataset/Test/Fake/fake_4252.jpg,0,0,True,0.9999979734420776,2.0476379631872987e-06
/content/Dataset/Test/Fake/fake_4253.jpg,0,0,True,0.9999890327453613,1.0918414773186669e-05
/content/Dataset/Test/Fake/fake_4254.jpg,0,0,True,0.9999606609344482,3.935556742362678e-05
/content/Dataset/Test/Fake/fake_4255.jpg,0,0,True,0.9983329176902771,0.0016671313205733895
/content/Dataset/Test/Fake/fake_4256.jpg,0,0,True,0.9999756813049316,2.4367514924961142e-05
/content/Dataset/Test/Fake/fake_4257.jpg,0,0,True,0.9682133197784424,0.03178669884800911
/content/Dataset/Test/Fake/fake_4258.jpg,0,0,True,0.9996808767318726,0.0003190861316397786
/content/Dataset/Test/Fake/fake_4259.jpg,0,0,True,0.999997615814209,2.3571935798827326e-06
/content/Dataset/Test/Fake/fake_426.jpg,0,0,True,0.9999464750289917,5.354502354748547e-05
/content/Dataset/Test/Fake/fake_4260.jpg,0,0,True,0.9999899864196777,1.0042402209364809e-05
/content/Dataset/Test/Fake/fake_4261.jpg,0,0,True,0.9990183115005493,0.0009816824458539486
/content/Dataset/Test/Fake/fake_4262.jpg,0,0,True,0.9999759197235107,2.4028917323448695e-05
/content/Dataset/Test/Fake/fake_4263.jpg,0,0,True,0.9429072141647339,0.05709274858236313
/content/Dataset/Test/Fake/fake_4264.jpg,0,0,True,0.9218007326126099,0.07819923758506775
/content/Dataset/Test/Fake/fake_4265.jpg,0,1,False,0.145234152674675,0.8547658324241638
/content/Dataset/Test/Fake/fake_4266.jpg,0,0,True,0.9999889135360718,1.113947291742079e-05
/content/Dataset/Test/Fake/fake_4267.jpg,0,0,True,0.9889427423477173,0.011057238094508648
/content/Dataset/Test/Fake/fake_4268.jpg,0,0,True,0.9999816417694092,1.832921952882316e-05
/content/Dataset/Test/Fake/fake_4269.jpg,0,0,True,0.9999995231628418,4.759893101891066e-07
/content/Dataset/Test/Fake/fake_427.jpg,0,0,True,0.9999990463256836,1.0117238389284466e-06
/content/Dataset/Test/Fake/fake_4270.jpg,0,0,True,0.9996002316474915,0.0003997500753030181
/content/Dataset/Test/Fake/fake_4271.jpg,0,0,True,0.9989263415336609,0.0010736017720773816
/content/Dataset/Test/Fake/fake_4272.jpg,0,0,True,0.9999986886978149,1.2762966434820555e-06
/content/Dataset/Test/Fake/fake_4273.jpg,0,0,True,0.9960373044013977,0.0039627463556826115
/content/Dataset/Test/Fake/fake_4274.jpg,0,0,True,0.9997562766075134,0.00024366712023038417
/content/Dataset/Test/Fake/fake_4275.jpg,0,0,True,0.9913129210472107,0.008687032386660576
/content/Dataset/Test/Fake/fake_4276.jpg,0,0,True,0.9999949932098389,4.992103185941232e-06
/content/Dataset/Test/Fake/fake_4277.jpg,0,0,True,0.9990496039390564,0.0009504452464170754
/content/Dataset/Test/Fake/fake_4278.jpg,0,0,True,0.9883731007575989,0.01162690483033657
/content/Dataset/Test/Fake/fake_4279.jpg,0,0,True,0.9999901056289673,9.860026693786494e-06
/content/Dataset/Test/Fake/fake_428.jpg,0,0,True,0.9999967813491821,3.161311951771495e-06
/content/Dataset/Test/Fake/fake_4280.jpg,0,0,True,0.9970892071723938,0.00291087431833148
/content/Dataset/Test/Fake/fake_4281.jpg,0,0,True,0.9999984502792358,1.580363800712803e-06
/content/Dataset/Test/Fake/fake_4282.jpg,0,0,True,0.6308332085609436,0.369166761636734
/content/Dataset/Test/Fake/fake_4283.jpg,0,1,False,0.0011906763538718224,0.9988093376159668
/content/Dataset/Test/Fake/fake_4284.jpg,0,0,True,0.9979069232940674,0.0020931512117385864
/content/Dataset/Test/Fake/fake_4285.jpg,0,0,True,0.9999386072158813,6.135828152764589e-05
/content/Dataset/Test/Fake/fake_4286.jpg,0,0,True,0.9999970197677612,3.037335545741371e-06
/content/Dataset/Test/Fake/fake_4287.jpg,0,0,True,0.9999995231628418,4.4409333099793e-07
/content/Dataset/Test/Fake/fake_4288.jpg,0,0,True,0.9999706745147705,2.9286558856256306e-05
/content/Dataset/Test/Fake/fake_4289.jpg,0,1,False,0.006440146826207638,0.9935598373413086
/content/Dataset/Test/Fake/fake_429.jpg,0,0,True,0.9999984502792358,1.5523278307227883e-06
/content/Dataset/Test/Fake/fake_4290.jpg,0,0,True,0.9999973773956299,2.64226855506422e-06
/content/Dataset/Test/Fake/fake_4291.jpg,0,0,True,0.9997709393501282,0.00022904151410330087
/content/Dataset/Test/Fake/fake_4292.jpg,0,0,True,0.8924856185913086,0.10751441866159439
/content/Dataset/Test/Fake/fake_4293.jpg,0,0,True,0.9999748468399048,2.5098721380345523e-05
/content/Dataset/Test/Fake/fake_4294.jpg,0,0,True,0.9999945163726807,5.436721949081402e-06
/content/Dataset/Test/Fake/fake_4295.jpg,0,0,True,0.999010443687439,0.0009895797120407224
/content/Dataset/Test/Fake/fake_4296.jpg,0,0,True,0.9999738931655884,2.6125060685444623e-05
/content/Dataset/Test/Fake/fake_4297.jpg,0,0,True,0.9989922642707825,0.0010077173355966806
/content/Dataset/Test/Fake/fake_4298.jpg,0,0,True,0.9999170303344727,8.29304990475066e-05
/content/Dataset/Test/Fake/fake_4299.jpg,0,0,True,0.9999799728393555,2.0037758076796308e-05
/content/Dataset/Test/Fake/fake_43.jpg,0,0,True,0.9989284873008728,0.0010714407544583082
/content/Dataset/Test/Fake/fake_430.jpg,0,0,True,0.999971866607666,2.8181193556520157e-05
/content/Dataset/Test/Fake/fake_4300.jpg,0,0,True,0.9999891519546509,1.083634197129868e-05
/content/Dataset/Test/Fake/fake_4301.jpg,0,0,True,0.9999053478240967,9.461813169764355e-05
/content/Dataset/Test/Fake/fake_4302.jpg,0,0,True,0.999997615814209,2.3741411041555693e-06
/content/Dataset/Test/Fake/fake_4303.jpg,0,0,True,0.8754271268844604,0.12457284331321716
/content/Dataset/Test/Fake/fake_4304.jpg,0,0,True,0.9999980926513672,1.8947456510431948e-06
/content/Dataset/Test/Fake/fake_4305.jpg,0,0,True,0.9998637437820435,0.00013629237946588546
/content/Dataset/Test/Fake/fake_4306.jpg,0,1,False,0.03001995198428631,0.9699800610542297
/content/Dataset/Test/Fake/fake_4307.jpg,0,1,False,0.2034563571214676,0.7965435981750488
/content/Dataset/Test/Fake/fake_4308.jpg,0,0,True,0.9999958276748657,4.205070581519976e-06
/content/Dataset/Test/Fake/fake_4309.jpg,0,0,True,0.996476948261261,0.0035230619832873344
/content/Dataset/Test/Fake/fake_431.jpg,0,0,True,0.9999988079071045,1.1670126696117222e-06
/content/Dataset/Test/Fake/fake_4310.jpg,0,0,True,0.9998602867126465,0.00013967668928671628
/content/Dataset/Test/Fake/fake_4311.jpg,0,0,True,0.9992475509643555,0.000752502994146198
/content/Dataset/Test/Fake/fake_4312.jpg,0,0,True,0.9983660578727722,0.0016339009162038565
/content/Dataset/Test/Fake/fake_4313.jpg,0,0,True,0.9999994039535522,6.535927354889282e-07
/content/Dataset/Test/Fake/fake_4314.jpg,0,0,True,0.9999862909317017,1.3754079191130586e-05
/content/Dataset/Test/Fake/fake_4315.jpg,0,0,True,0.5132612586021423,0.4867387115955353
/content/Dataset/Test/Fake/fake_4316.jpg,0,0,True,0.999880313873291,0.00011971233470831066
/content/Dataset/Test/Fake/fake_4317.jpg,0,0,True,0.9988149404525757,0.001185136497952044
/content/Dataset/Test/Fake/fake_4318.jpg,0,0,True,0.9985938668251038,0.001406171708367765
/content/Dataset/Test/Fake/fake_4319.jpg,0,0,True,0.8371694087982178,0.16283056139945984
/content/Dataset/Test/Fake/fake_432.jpg,0,0,True,0.9999978542327881,2.1231192022241885e-06
/content/Dataset/Test/Fake/fake_4320.jpg,0,0,True,0.9998812675476074,0.00011877597717102617
/content/Dataset/Test/Fake/fake_4321.jpg,0,0,True,0.9999910593032837,8.954159056884237e-06
/content/Dataset/Test/Fake/fake_4322.jpg,0,0,True,0.9906308054924011,0.0093691973015666
/content/Dataset/Test/Fake/fake_4323.jpg,0,0,True,0.999988317489624,1.1731471204257105e-05
/content/Dataset/Test/Fake/fake_4324.jpg,0,0,True,0.9996511936187744,0.0003487899084575474
/content/Dataset/Test/Fake/fake_4325.jpg,0,0,True,0.948960542678833,0.05103946104645729
/content/Dataset/Test/Fake/fake_4326.jpg,0,0,True,0.9998586177825928,0.0001414011203451082
/content/Dataset/Test/Fake/fake_4327.jpg,0,0,True,0.6326923966407776,0.3673076331615448
/content/Dataset/Test/Fake/fake_4328.jpg,0,0,True,0.9999594688415527,4.052611257066019e-05
/content/Dataset/Test/Fake/fake_4329.jpg,0,0,True,0.9971429705619812,0.00285703013651073
/content/Dataset/Test/Fake/fake_433.jpg,0,0,True,0.5368464589118958,0.46315351128578186
/content/Dataset/Test/Fake/fake_4330.jpg,0,0,True,0.9998041987419128,0.00019580908701755106
/content/Dataset/Test/Fake/fake_4331.jpg,0,0,True,0.8969538807868958,0.10304606705904007
/content/Dataset/Test/Fake/fake_4332.jpg,0,0,True,0.9994211196899414,0.0005789237911812961
/content/Dataset/Test/Fake/fake_4333.jpg,0,0,True,0.9999899864196777,9.954477718565613e-06
/content/Dataset/Test/Fake/fake_4334.jpg,0,0,True,0.9998555183410645,0.00014442474639508873
/content/Dataset/Test/Fake/fake_4335.jpg,0,0,True,0.998792290687561,0.0012077154824510217
/content/Dataset/Test/Fake/fake_4336.jpg,0,0,True,0.9999558925628662,4.412068665260449e-05
/content/Dataset/Test/Fake/fake_4337.jpg,0,0,True,0.9999940395355225,6.013878191879485e-06
/content/Dataset/Test/Fake/fake_4338.jpg,0,0,True,0.9999974966049194,2.4608179955976084e-06
/content/Dataset/Test/Fake/fake_4339.jpg,0,0,True,0.9947978258132935,0.005202169995754957
/content/Dataset/Test/Fake/fake_434.jpg,0,0,True,0.9999862909317017,1.3662814126291778e-05
/content/Dataset/Test/Fake/fake_4340.jpg,0,0,True,0.7952096462249756,0.20479030907154083
/content/Dataset/Test/Fake/fake_4341.jpg,0,0,True,0.9387816190719604,0.06121833249926567
/content/Dataset/Test/Fake/fake_4342.jpg,0,0,True,0.9997151494026184,0.0002848607546184212
/content/Dataset/Test/Fake/fake_4343.jpg,0,0,True,0.995139479637146,0.004860484041273594
/content/Dataset/Test/Fake/fake_4344.jpg,0,0,True,0.998384952545166,0.0016150868032127619
/content/Dataset/Test/Fake/fake_4345.jpg,0,1,False,0.35632792115211487,0.6436721086502075
/content/Dataset/Test/Fake/fake_4346.jpg,0,0,True,0.9999315738677979,6.845301686553285e-05
/content/Dataset/Test/Fake/fake_4347.jpg,0,0,True,0.999956488609314,4.353206168161705e-05
/content/Dataset/Test/Fake/fake_4348.jpg,0,0,True,0.8235809206962585,0.17641913890838623
/content/Dataset/Test/Fake/fake_4349.jpg,0,0,True,0.9999967813491821,3.19182981911581e-06
/content/Dataset/Test/Fake/fake_435.jpg,0,0,True,0.9906957149505615,0.009304231032729149
/content/Dataset/Test/Fake/fake_4350.jpg,0,0,True,0.9999524354934692,4.750283187604509e-05
/content/Dataset/Test/Fake/fake_4351.jpg,0,0,True,0.9999518394470215,4.8142203013412654e-05
/content/Dataset/Test/Fake/fake_4352.jpg,0,0,True,0.9998125433921814,0.00018752063624560833
/content/Dataset/Test/Fake/fake_4353.jpg,0,0,True,0.9951547384262085,0.004845269490033388
/content/Dataset/Test/Fake/fake_4354.jpg,0,0,True,0.9766189455986023,0.023381026461720467
/content/Dataset/Test/Fake/fake_4355.jpg,0,0,True,0.999990701675415,9.301858881372027e-06
/content/Dataset/Test/Fake/fake_4356.jpg,0,0,True,0.9999932050704956,6.772511824237881e-06
/content/Dataset/Test/Fake/fake_4357.jpg,0,0,True,0.9999510049819946,4.893994628218934e-05
/content/Dataset/Test/Fake/fake_4358.jpg,0,0,True,0.9999966621398926,3.2868551897990983e-06
/content/Dataset/Test/Fake/fake_4359.jpg,0,0,True,0.9999914169311523,8.554467058274895e-06
/content/Dataset/Test/Fake/fake_436.jpg,0,0,True,0.9999833106994629,1.6633912309771404e-05
/content/Dataset/Test/Fake/fake_4360.jpg,0,0,True,0.9969447255134583,0.0030552446842193604
/content/Dataset/Test/Fake/fake_4361.jpg,0,0,True,0.9879697561264038,0.012030260637402534
/content/Dataset/Test/Fake/fake_4362.jpg,0,0,True,0.9999977350234985,2.3141669771575835e-06
/content/Dataset/Test/Fake/fake_4363.jpg,0,0,True,0.9999953508377075,4.657917088479735e-06
/content/Dataset/Test/Fake/fake_4364.jpg,0,0,True,0.9999988079071045,1.2418756796250818e-06
/content/Dataset/Test/Fake/fake_4365.jpg,0,0,True,0.9998883008956909,0.00011165712930960581
/content/Dataset/Test/Fake/fake_4366.jpg,0,0,True,0.9992008805274963,0.0007991429883986712
/content/Dataset/Test/Fake/fake_4367.jpg,0,0,True,0.9999359846115112,6.395342643372715e-05
/content/Dataset/Test/Fake/fake_4368.jpg,0,0,True,0.9995343685150146,0.00046560392365790904
/content/Dataset/Test/Fake/fake_4369.jpg,0,0,True,0.9977931976318359,0.002206851029768586
/content/Dataset/Test/Fake/fake_437.jpg,0,0,True,0.9999971389770508,2.9159341465856414e-06
/content/Dataset/Test/Fake/fake_4370.jpg,0,0,True,0.9959661960601807,0.004033834207803011
/content/Dataset/Test/Fake/fake_4371.jpg,0,0,True,0.9999915361404419,8.420607628067955e-06
/content/Dataset/Test/Fake/fake_4372.jpg,0,0,True,0.9999953508377075,4.6276586544991005e-06
/content/Dataset/Test/Fake/fake_4373.jpg,0,0,True,0.9999839067459106,1.6137764760060236e-05
/content/Dataset/Test/Fake/fake_4374.jpg,0,0,True,0.9992969036102295,0.0007030234555713832
/content/Dataset/Test/Fake/fake_4375.jpg,0,0,True,0.9997444748878479,0.00025555185857228935
/content/Dataset/Test/Fake/fake_4376.jpg,0,0,True,0.9999676942825317,3.22524065268226e-05
/content/Dataset/Test/Fake/fake_4377.jpg,0,0,True,0.9999922513961792,7.78004414314637e-06
/content/Dataset/Test/Fake/fake_4378.jpg,0,0,True,0.9999511241912842,4.886346869170666e-05
/content/Dataset/Test/Fake/fake_4379.jpg,0,0,True,0.9996801614761353,0.00031981736538000405
/content/Dataset/Test/Fake/fake_438.jpg,0,0,True,0.9999970197677612,3.020489430127782e-06
/content/Dataset/Test/Fake/fake_4380.jpg,0,0,True,0.9999966621398926,3.3015328426699853e-06
/content/Dataset/Test/Fake/fake_4381.jpg,0,0,True,0.9999619722366333,3.803670188062824e-05
/content/Dataset/Test/Fake/fake_4382.jpg,0,0,True,0.9997420907020569,0.0002578475687187165
/content/Dataset/Test/Fake/fake_4383.jpg,0,0,True,0.9999477863311768,5.2216651965864e-05
/content/Dataset/Test/Fake/fake_4384.jpg,0,0,True,0.9962069988250732,0.003792988834902644
/content/Dataset/Test/Fake/fake_4385.jpg,0,0,True,0.99308842420578,0.006911597680300474
/content/Dataset/Test/Fake/fake_4386.jpg,0,0,True,0.7738939523696899,0.22610600292682648
/content/Dataset/Test/Fake/fake_4387.jpg,0,0,True,0.9995760321617126,0.000423982972279191
/content/Dataset/Test/Fake/fake_4388.jpg,0,0,True,0.9999327659606934,6.721494719386101e-05
/content/Dataset/Test/Fake/fake_4389.jpg,0,0,True,0.9999806880950928,1.932437407958787e-05
/content/Dataset/Test/Fake/fake_439.jpg,0,0,True,0.9999929666519165,7.05980619386537e-06
/content/Dataset/Test/Fake/fake_4390.jpg,0,0,True,0.99989914894104,0.00010086287511512637
/content/Dataset/Test/Fake/fake_4391.jpg,0,0,True,0.9999692440032959,3.072861727559939e-05
/content/Dataset/Test/Fake/fake_4392.jpg,0,0,True,0.997585654258728,0.002414320595562458
/content/Dataset/Test/Fake/fake_4393.jpg,0,0,True,0.9999629259109497,3.7118752516107634e-05
/content/Dataset/Test/Fake/fake_4394.jpg,0,0,True,0.9987700581550598,0.0012299270601943135
/content/Dataset/Test/Fake/fake_4395.jpg,0,0,True,0.9982277750968933,0.0017722565680742264
/content/Dataset/Test/Fake/fake_4396.jpg,0,0,True,0.9904733300209045,0.009526665322482586
/content/Dataset/Test/Fake/fake_4397.jpg,0,0,True,0.941002368927002,0.05899757891893387
/content/Dataset/Test/Fake/fake_4398.jpg,0,0,True,0.9963316321372986,0.0036684428341686726
/content/Dataset/Test/Fake/fake_4399.jpg,0,0,True,0.9801695942878723,0.01983039267361164
/content/Dataset/Test/Fake/fake_44.jpg,0,0,True,0.9999833106994629,1.6654628780088387e-05
/content/Dataset/Test/Fake/fake_440.jpg,0,0,True,0.9999309778213501,6.905457121320069e-05
/content/Dataset/Test/Fake/fake_4400.jpg,0,0,True,0.9961227774620056,0.003877159906551242
/content/Dataset/Test/Fake/fake_4401.jpg,0,0,True,0.9684197902679443,0.03158021718263626
/content/Dataset/Test/Fake/fake_4402.jpg,0,0,True,0.708631157875061,0.2913687825202942
/content/Dataset/Test/Fake/fake_4403.jpg,0,0,True,0.9999992847442627,7.212284458546492e-07
/content/Dataset/Test/Fake/fake_4404.jpg,0,0,True,0.9999954700469971,4.478766641113907e-06
/content/Dataset/Test/Fake/fake_4405.jpg,0,0,True,0.9594764709472656,0.040523529052734375
/content/Dataset/Test/Fake/fake_4406.jpg,0,0,True,0.9774240255355835,0.02257598377764225
/content/Dataset/Test/Fake/fake_4407.jpg,0,0,True,0.9996144771575928,0.00038553657941520214
/content/Dataset/Test/Fake/fake_4408.jpg,0,0,True,0.9113158583641052,0.08868414908647537
/content/Dataset/Test/Fake/fake_4409.jpg,0,1,False,0.4457941949367523,0.5542058348655701
/content/Dataset/Test/Fake/fake_441.jpg,0,0,True,0.9999910593032837,8.913637429941446e-06
/content/Dataset/Test/Fake/fake_4410.jpg,0,0,True,0.9999866485595703,1.3361322999116965e-05
/content/Dataset/Test/Fake/fake_4411.jpg,0,0,True,0.9999741315841675,2.5904511858243495e-05
/content/Dataset/Test/Fake/fake_4412.jpg,0,0,True,0.9999957084655762,4.343268756201724e-06
/content/Dataset/Test/Fake/fake_4413.jpg,0,0,True,0.9998443126678467,0.00015566276852041483
/content/Dataset/Test/Fake/fake_4414.jpg,0,0,True,0.9918614625930786,0.008138530887663364
/content/Dataset/Test/Fake/fake_4415.jpg,0,0,True,0.9999967813491821,3.2435041248390917e-06
/content/Dataset/Test/Fake/fake_4416.jpg,0,0,True,0.999834418296814,0.00016552976740058511
/content/Dataset/Test/Fake/fake_4417.jpg,0,0,True,0.9800485372543335,0.019951408728957176
/content/Dataset/Test/Fake/fake_4418.jpg,0,0,True,0.9964087605476379,0.0035911956802010536
/content/Dataset/Test/Fake/fake_4419.jpg,0,0,True,0.941261887550354,0.0587381087243557
/content/Dataset/Test/Fake/fake_442.jpg,0,0,True,0.9999995231628418,4.5695321659877663e-07
/content/Dataset/Test/Fake/fake_4420.jpg,0,1,False,0.0007866236846894026,0.9992133378982544
/content/Dataset/Test/Fake/fake_4421.jpg,0,0,True,0.9999971389770508,2.8471047244238434e-06
/content/Dataset/Test/Fake/fake_4422.jpg,0,0,True,0.9998010993003845,0.0001989451120607555
/content/Dataset/Test/Fake/fake_4423.jpg,0,0,True,0.9998717308044434,0.00012824924488086253
/content/Dataset/Test/Fake/fake_4424.jpg,0,0,True,0.9999946355819702,5.358179805625696e-06
/content/Dataset/Test/Fake/fake_4425.jpg,0,0,True,0.9981163740158081,0.0018836772069334984
/content/Dataset/Test/Fake/fake_4426.jpg,0,0,True,0.9890236854553223,0.01097633596509695
/content/Dataset/Test/Fake/fake_4427.jpg,0,0,True,0.9999929666519165,7.048047336866148e-06
/content/Dataset/Test/Fake/fake_4428.jpg,0,0,True,0.99985671043396,0.00014325411757454276
/content/Dataset/Test/Fake/fake_4429.jpg,0,0,True,0.9999985694885254,1.4267191090766573e-06
/content/Dataset/Test/Fake/fake_443.jpg,0,0,True,0.9999984502792358,1.5286490224752924e-06
/content/Dataset/Test/Fake/fake_4430.jpg,0,0,True,0.9999587535858154,4.1257029806729406e-05
/content/Dataset/Test/Fake/fake_4431.jpg,0,0,True,0.9998728036880493,0.00012719068035949022
/content/Dataset/Test/Fake/fake_4432.jpg,0,0,True,0.9998644590377808,0.0001355378481093794
/content/Dataset/Test/Fake/fake_4433.jpg,0,0,True,0.999991774559021,8.228511433117092e-06
/content/Dataset/Test/Fake/fake_4434.jpg,0,0,True,0.9999977350234985,2.2773983801016584e-06
/content/Dataset/Test/Fake/fake_4435.jpg,0,0,True,0.9999862909317017,1.3705984201806132e-05
/content/Dataset/Test/Fake/fake_4436.jpg,0,0,True,0.9999960660934448,3.967179054598091e-06
/content/Dataset/Test/Fake/fake_4437.jpg,0,0,True,0.9999960660934448,3.9407645999745e-06
/content/Dataset/Test/Fake/fake_4438.jpg,0,0,True,0.9277790784835815,0.07222098112106323
/content/Dataset/Test/Fake/fake_4439.jpg,0,0,True,0.9988516569137573,0.001148381270468235
/content/Dataset/Test/Fake/fake_444.jpg,0,0,True,0.9999996423721313,3.7505452610275825e-07
/content/Dataset/Test/Fake/fake_4440.jpg,0,0,True,0.9948229789733887,0.005177045240998268
/content/Dataset/Test/Fake/fake_4441.jpg,0,0,True,0.9999979734420776,2.071873723252793e-06
/content/Dataset/Test/Fake/fake_4442.jpg,0,0,True,0.9999933242797852,6.706632575514959e-06
/content/Dataset/Test/Fake/fake_4443.jpg,0,0,True,0.9999796152114868,2.0395757019286975e-05
/content/Dataset/Test/Fake/fake_4444.jpg,0,0,True,0.9999376535415649,6.236538320081308e-05
/content/Dataset/Test/Fake/fake_4445.jpg,0,0,True,0.9999971389770508,2.8046599709341535e-06
/content/Dataset/Test/Fake/fake_4446.jpg,0,0,True,0.9998205304145813,0.0001794379495549947
/content/Dataset/Test/Fake/fake_4447.jpg,0,0,True,0.9999713897705078,2.8608319553313777e-05
/content/Dataset/Test/Fake/fake_4448.jpg,0,0,True,0.9999988079071045,1.2208184898554464e-06
/content/Dataset/Test/Fake/fake_4449.jpg,0,0,True,0.9995829463005066,0.00041709584183990955
/content/Dataset/Test/Fake/fake_445.jpg,0,0,True,0.9999985694885254,1.4310920732896193e-06
/content/Dataset/Test/Fake/fake_4450.jpg,0,0,True,0.9998857975006104,0.00011423519026720896
/content/Dataset/Test/Fake/fake_4451.jpg,0,0,True,0.9999387264251709,6.12780568189919e-05
/content/Dataset/Test/Fake/fake_4452.jpg,0,0,True,0.9995328187942505,0.0004671458445955068
/content/Dataset/Test/Fake/fake_4453.jpg,0,0,True,0.9999918937683105,8.122874533000868e-06
/content/Dataset/Test/Fake/fake_4454.jpg,0,0,True,0.8455257415771484,0.15447422862052917
/content/Dataset/Test/Fake/fake_4455.jpg,0,0,True,0.9991310238838196,0.000868995557539165
/content/Dataset/Test/Fake/fake_4456.jpg,0,1,False,0.19230084121227264,0.8076992034912109
/content/Dataset/Test/Fake/fake_4457.jpg,0,0,True,0.9999953508377075,4.706786512542749e-06
/content/Dataset/Test/Fake/fake_4458.jpg,0,0,True,0.998418927192688,0.0015810347395017743
/content/Dataset/Test/Fake/fake_4459.jpg,0,0,True,0.9999774694442749,2.2532762159244157e-05
/content/Dataset/Test/Fake/fake_446.jpg,0,0,True,0.9999141693115234,8.577590779168531e-05
/content/Dataset/Test/Fake/fake_4460.jpg,0,0,True,0.999977707862854,2.230426252936013e-05
/content/Dataset/Test/Fake/fake_4461.jpg,0,0,True,0.999996542930603,3.446559048825293e-06
/content/Dataset/Test/Fake/fake_4462.jpg,0,0,True,0.9980891346931458,0.001910811522975564
/content/Dataset/Test/Fake/fake_4463.jpg,0,0,True,0.9999593496322632,4.0704358980292454e-05
/content/Dataset/Test/Fake/fake_4464.jpg,0,1,False,0.012530351988971233,0.9874696731567383
/content/Dataset/Test/Fake/fake_4465.jpg,0,1,False,0.03892295062541962,0.9610770344734192
/content/Dataset/Test/Fake/fake_4466.jpg,0,0,True,0.9999148845672607,8.511827763868496e-05
/content/Dataset/Test/Fake/fake_4467.jpg,0,0,True,0.9999966621398926,3.3804255963332253e-06
/content/Dataset/Test/Fake/fake_4468.jpg,0,0,True,0.9999734163284302,2.654693707881961e-05
/content/Dataset/Test/Fake/fake_4469.jpg,0,0,True,0.999870777130127,0.00012920706649310887
/content/Dataset/Test/Fake/fake_447.jpg,0,0,True,0.9999994039535522,5.795620836579474e-07
/content/Dataset/Test/Fake/fake_4470.jpg,0,1,False,0.00555407116189599,0.9944459199905396
/content/Dataset/Test/Fake/fake_4471.jpg,0,0,True,0.9968299269676208,0.0031700204126536846
/content/Dataset/Test/Fake/fake_4472.jpg,0,0,True,0.9999957084655762,4.293625806894852e-06
/content/Dataset/Test/Fake/fake_4473.jpg,0,0,True,0.9999191761016846,8.08431941550225e-05
/content/Dataset/Test/Fake/fake_4474.jpg,0,0,True,0.9998880624771118,0.00011191636440344155
/content/Dataset/Test/Fake/fake_4475.jpg,0,0,True,0.9530258774757385,0.04697408154606819
/content/Dataset/Test/Fake/fake_4476.jpg,0,1,False,0.005242769606411457,0.9947572946548462
/content/Dataset/Test/Fake/fake_4477.jpg,0,0,True,0.9999643564224243,3.558545358828269e-05
/content/Dataset/Test/Fake/fake_4478.jpg,0,0,True,0.9896008372306824,0.010399090126156807
/content/Dataset/Test/Fake/fake_4479.jpg,0,0,True,0.9982701539993286,0.0017297921003773808
/content/Dataset/Test/Fake/fake_448.jpg,0,0,True,0.9999943971633911,5.6262688303831965e-06
/content/Dataset/Test/Fake/fake_4480.jpg,0,0,True,0.9999954700469971,4.5855986172682606e-06
/content/Dataset/Test/Fake/fake_4481.jpg,0,0,True,0.9999980926513672,1.933288558575441e-06
/content/Dataset/Test/Fake/fake_4482.jpg,0,0,True,0.9999254941940308,7.454322621924803e-05
/content/Dataset/Test/Fake/fake_4483.jpg,0,0,True,0.9999334812164307,6.653596210526302e-05
/content/Dataset/Test/Fake/fake_4484.jpg,0,0,True,0.9663082361221313,0.03369175270199776
/content/Dataset/Test/Fake/fake_4485.jpg,0,0,True,0.99997878074646,2.127277184627019e-05
/content/Dataset/Test/Fake/fake_4486.jpg,0,0,True,0.9994743466377258,0.00052566675003618
/content/Dataset/Test/Fake/fake_4487.jpg,0,0,True,0.9972162246704102,0.0027837019879370928
/content/Dataset/Test/Fake/fake_4488.jpg,0,0,True,0.9999315738677979,6.845406460342929e-05
/content/Dataset/Test/Fake/fake_4489.jpg,0,0,True,0.987478494644165,0.012521552853286266
/content/Dataset/Test/Fake/fake_449.jpg,0,0,True,0.9999996423721313,3.8531760537807713e-07
/content/Dataset/Test/Fake/fake_4490.jpg,0,0,True,0.9594632387161255,0.04053676500916481
/content/Dataset/Test/Fake/fake_4491.jpg,0,0,True,0.9999953508377075,4.634689958038507e-06
/content/Dataset/Test/Fake/fake_4492.jpg,0,1,False,0.007423814386129379,0.9925762414932251
/content/Dataset/Test/Fake/fake_4493.jpg,0,0,True,0.7318199276924133,0.26818007230758667
/content/Dataset/Test/Fake/fake_4494.jpg,0,0,True,0.9999942779541016,5.749050615122542e-06
/content/Dataset/Test/Fake/fake_4495.jpg,0,0,True,0.9999885559082031,1.1400014045648277e-05
/content/Dataset/Test/Fake/fake_4496.jpg,0,0,True,0.999988317489624,1.1703188647516072e-05
/content/Dataset/Test/Fake/fake_4497.jpg,0,0,True,0.999981164932251,1.8891176296165213e-05
/content/Dataset/Test/Fake/fake_4498.jpg,0,0,True,0.9999910593032837,8.937513484852389e-06
/content/Dataset/Test/Fake/fake_4499.jpg,0,0,True,0.999987006187439,1.3046585081610829e-05
/content/Dataset/Test/Fake/fake_45.jpg,0,0,True,0.9926913380622864,0.007308688480407
/content/Dataset/Test/Fake/fake_450.jpg,0,0,True,0.9999996423721313,2.999829291638889e-07
/content/Dataset/Test/Fake/fake_4500.jpg,0,0,True,0.999737560749054,0.0002624764747451991
/content/Dataset/Test/Fake/fake_4501.jpg,0,0,True,0.9876839518547058,0.01231612078845501
/content/Dataset/Test/Fake/fake_4502.jpg,0,0,True,0.999915361404419,8.462329424219206e-05
/content/Dataset/Test/Fake/fake_4503.jpg,0,0,True,0.9539592266082764,0.046040814369916916
/content/Dataset/Test/Fake/fake_4504.jpg,0,0,True,0.9999837875366211,1.6185296772164293e-05
/content/Dataset/Test/Fake/fake_4505.jpg,0,0,True,0.9997674822807312,0.00023246418277267367
/content/Dataset/Test/Fake/fake_4506.jpg,0,0,True,0.9947476983070374,0.0052522653713822365
/content/Dataset/Test/Fake/fake_4507.jpg,0,0,True,0.999992847442627,7.155965249694418e-06
/content/Dataset/Test/Fake/fake_4508.jpg,0,0,True,0.9537299275398254,0.04627009853720665
/content/Dataset/Test/Fake/fake_4509.jpg,0,0,True,0.956287682056427,0.04371229186654091
/content/Dataset/Test/Fake/fake_451.jpg,0,0,True,0.9999995231628418,5.048300977250619e-07
/content/Dataset/Test/Fake/fake_4510.jpg,0,0,True,0.9999247789382935,7.527455454692245e-05
/content/Dataset/Test/Fake/fake_4511.jpg,0,0,True,0.9997443556785583,0.00025560741778463125
/content/Dataset/Test/Fake/fake_4512.jpg,0,0,True,0.99800044298172,0.0019995463080704212
/content/Dataset/Test/Fake/fake_4513.jpg,0,1,False,0.39829733967781067,0.6017026901245117
/content/Dataset/Test/Fake/fake_4514.jpg,0,0,True,0.9999796152114868,2.0344898075563833e-05
/content/Dataset/Test/Fake/fake_4515.jpg,0,0,True,0.9986567497253418,0.0013431956758722663
/content/Dataset/Test/Fake/fake_4516.jpg,0,0,True,0.9698325395584106,0.03016744926571846
/content/Dataset/Test/Fake/fake_4517.jpg,0,0,True,0.6957389116287231,0.30426111817359924
/content/Dataset/Test/Fake/fake_4518.jpg,0,0,True,0.9997484087944031,0.00025152997113764286
/content/Dataset/Test/Fake/fake_4519.jpg,0,0,True,0.9994286894798279,0.0005712538259103894
/content/Dataset/Test/Fake/fake_452.jpg,0,0,True,0.9999995231628418,4.6001042619536747e-07
/content/Dataset/Test/Fake/fake_4520.jpg,0,0,True,0.9991030693054199,0.0008969311602413654
/content/Dataset/Test/Fake/fake_4521.jpg,0,0,True,0.9999957084655762,4.32877504863427e-06
/content/Dataset/Test/Fake/fake_4522.jpg,0,0,True,0.9999991655349731,7.951941256578721e-07
/content/Dataset/Test/Fake/fake_4523.jpg,0,0,True,0.9998602867126465,0.00013974917237646878
/content/Dataset/Test/Fake/fake_4524.jpg,0,0,True,0.9999872446060181,1.2764678103849292e-05
/content/Dataset/Test/Fake/fake_4525.jpg,0,0,True,0.99974125623703,0.00025868279044516385
/content/Dataset/Test/Fake/fake_4526.jpg,0,0,True,0.9994331002235413,0.0005668813828378916
/content/Dataset/Test/Fake/fake_4527.jpg,0,0,True,0.993389368057251,0.006610615644603968
/content/Dataset/Test/Fake/fake_4528.jpg,0,0,True,0.9999991655349731,8.417005687988421e-07
/content/Dataset/Test/Fake/fake_4529.jpg,0,0,True,0.9976475834846497,0.0023524630814790726
/content/Dataset/Test/Fake/fake_453.jpg,0,0,True,0.999998927116394,1.0651968977981596e-06
/content/Dataset/Test/Fake/fake_4530.jpg,0,0,True,0.5891887545585632,0.41081124544143677
/content/Dataset/Test/Fake/fake_4531.jpg,0,0,True,0.8007715940475464,0.19922837615013123
/content/Dataset/Test/Fake/fake_4532.jpg,0,0,True,0.9999843835830688,1.5602709027007222e-05
/content/Dataset/Test/Fake/fake_4533.jpg,0,0,True,0.9999760389328003,2.3940627215779386e-05
/content/Dataset/Test/Fake/fake_4534.jpg,0,0,True,0.9999971389770508,2.8653548724832945e-06
/content/Dataset/Test/Fake/fake_4535.jpg,0,0,True,0.7237184643745422,0.27628156542778015
/content/Dataset/Test/Fake/fake_4536.jpg,0,0,True,0.99992835521698,7.168813317548484e-05
/content/Dataset/Test/Fake/fake_4537.jpg,0,0,True,0.8868638873100281,0.11313614994287491
/content/Dataset/Test/Fake/fake_4538.jpg,0,0,True,0.9999953508377075,4.695747975347331e-06
/content/Dataset/Test/Fake/fake_4539.jpg,0,0,True,0.9997543692588806,0.0002456876391079277
/content/Dataset/Test/Fake/fake_454.jpg,0,0,True,0.9999994039535522,5.399691644925042e-07
/content/Dataset/Test/Fake/fake_4540.jpg,0,0,True,0.9997139573097229,0.00028604461112990975
/content/Dataset/Test/Fake/fake_4541.jpg,0,0,True,0.6473917365074158,0.352608323097229
/content/Dataset/Test/Fake/fake_4542.jpg,0,0,True,0.9999991655349731,8.801980015959998e-07
/content/Dataset/Test/Fake/fake_4543.jpg,0,0,True,0.9809452295303345,0.01905473880469799
/content/Dataset/Test/Fake/fake_4544.jpg,0,0,True,0.9999927282333374,7.22018239684985e-06
/content/Dataset/Test/Fake/fake_4545.jpg,0,0,True,0.9999939203262329,6.067927643016446e-06
/content/Dataset/Test/Fake/fake_4546.jpg,0,0,True,0.9999827146530151,1.7333892174065113e-05
/content/Dataset/Test/Fake/fake_4547.jpg,0,0,True,0.9999697208404541,3.024250690941699e-05
/content/Dataset/Test/Fake/fake_4548.jpg,0,0,True,0.999075174331665,0.0009247943526133895
/content/Dataset/Test/Fake/fake_4549.jpg,0,0,True,0.9999818801879883,1.8146978618460707e-05
/content/Dataset/Test/Fake/fake_455.jpg,0,0,True,0.9999995231628418,5.274624186313304e-07
/content/Dataset/Test/Fake/fake_4550.jpg,0,1,False,0.45241618156433105,0.547583818435669
/content/Dataset/Test/Fake/fake_4551.jpg,0,0,True,0.9992604851722717,0.0007395317079499364
/content/Dataset/Test/Fake/fake_4552.jpg,0,0,True,0.9997488856315613,0.00025106154498644173
/content/Dataset/Test/Fake/fake_4553.jpg,0,0,True,0.9997586607933044,0.00024133607803378254
/content/Dataset/Test/Fake/fake_4554.jpg,0,0,True,0.9999995231628418,4.1987769350271265e-07
/content/Dataset/Test/Fake/fake_4555.jpg,0,0,True,0.9978424310684204,0.002157588256523013
/content/Dataset/Test/Fake/fake_4556.jpg,0,0,True,0.9999991655349731,8.488897265124251e-07
/content/Dataset/Test/Fake/fake_4557.jpg,0,0,True,0.9999806880950928,1.936931766977068e-05
/content/Dataset/Test/Fake/fake_4558.jpg,0,0,True,0.9996975660324097,0.0003024025645572692
/content/Dataset/Test/Fake/fake_4559.jpg,0,0,True,0.9995556473731995,0.0004442922363523394
/content/Dataset/Test/Fake/fake_456.jpg,0,0,True,0.9999992847442627,6.688835583190667e-07
/content/Dataset/Test/Fake/fake_4560.jpg,0,0,True,0.9999958276748657,4.172000444668811e-06
/content/Dataset/Test/Fake/fake_4561.jpg,0,0,True,0.9999982118606567,1.7961211824513157e-06
/content/Dataset/Test/Fake/fake_4562.jpg,0,0,True,0.9999988079071045,1.2119998018533806e-06
/content/Dataset/Test/Fake/fake_4563.jpg,0,0,True,0.6109843850135803,0.3890156149864197
/content/Dataset/Test/Fake/fake_4564.jpg,0,0,True,0.9999551773071289,4.482006988837384e-05
/content/Dataset/Test/Fake/fake_4565.jpg,0,0,True,0.9997217059135437,0.0002783036034088582
/content/Dataset/Test/Fake/fake_4566.jpg,0,0,True,0.9954972267150879,0.004502755124121904
/content/Dataset/Test/Fake/fake_4567.jpg,0,0,True,0.9999566078186035,4.336409256211482e-05
/content/Dataset/Test/Fake/fake_4568.jpg,0,0,True,0.9999958276748657,4.13340785598848e-06
/content/Dataset/Test/Fake/fake_4569.jpg,0,0,True,0.9998680353164673,0.00013200675311964005
/content/Dataset/Test/Fake/fake_457.jpg,0,0,True,0.9999985694885254,1.3848996331944363e-06
/content/Dataset/Test/Fake/fake_4570.jpg,0,0,True,0.9999469518661499,5.307219907990657e-05
/content/Dataset/Test/Fake/fake_4571.jpg,0,0,True,0.9988321661949158,0.0011678826995193958
/content/Dataset/Test/Fake/fake_4572.jpg,0,0,True,0.9906651973724365,0.009334824047982693
/content/Dataset/Test/Fake/fake_4573.jpg,0,0,True,0.9998418092727661,0.0001581099204486236
/content/Dataset/Test/Fake/fake_4574.jpg,0,0,True,0.9997943043708801,0.00020576616225298494
/content/Dataset/Test/Fake/fake_4575.jpg,0,0,True,0.9285927414894104,0.07140722870826721
/content/Dataset/Test/Fake/fake_4576.jpg,0,0,True,0.9999673366546631,3.265296982135624e-05
/content/Dataset/Test/Fake/fake_4577.jpg,0,0,True,0.9999983310699463,1.6099328377094935e-06
/content/Dataset/Test/Fake/fake_4578.jpg,0,0,True,0.9991632699966431,0.0008367833797819912
/content/Dataset/Test/Fake/fake_4579.jpg,0,0,True,0.9999743700027466,2.5684745196485892e-05
/content/Dataset/Test/Fake/fake_458.jpg,0,0,True,0.9999991655349731,7.780375881338841e-07
/content/Dataset/Test/Fake/fake_4580.jpg,0,0,True,0.9999974966049194,2.5032295525306836e-06
/content/Dataset/Test/Fake/fake_4581.jpg,0,0,True,0.9998780488967896,0.00012196426541777328
/content/Dataset/Test/Fake/fake_4582.jpg,0,0,True,0.9999985694885254,1.4096980294198147e-06
/content/Dataset/Test/Fake/fake_4583.jpg,0,0,True,0.8772174715995789,0.12278251349925995
/content/Dataset/Test/Fake/fake_4584.jpg,0,1,False,0.2390679568052292,0.7609320878982544
/content/Dataset/Test/Fake/fake_4585.jpg,0,0,True,0.9999563694000244,4.357060242909938e-05
/content/Dataset/Test/Fake/fake_4586.jpg,0,0,True,0.9999881982803345,1.1794110832852311e-05
/content/Dataset/Test/Fake/fake_4587.jpg,0,0,True,0.9999353885650635,6.465063052019104e-05
/content/Dataset/Test/Fake/fake_4588.jpg,0,0,True,0.9999961853027344,3.855811883113347e-06
/content/Dataset/Test/Fake/fake_4589.jpg,0,0,True,0.9999746084213257,2.5414969059056602e-05
/content/Dataset/Test/Fake/fake_459.jpg,0,0,True,0.9999997615814209,2.798723244268331e-07
/content/Dataset/Test/Fake/fake_4590.jpg,0,0,True,0.9986728429794312,0.001327179721556604
/content/Dataset/Test/Fake/fake_4591.jpg,0,0,True,0.9999973773956299,2.5915330752468435e-06
/content/Dataset/Test/Fake/fake_4592.jpg,0,0,True,0.9999922513961792,7.796957106620539e-06
/content/Dataset/Test/Fake/fake_4593.jpg,0,0,True,0.9999986886978149,1.296872710554453e-06
/content/Dataset/Test/Fake/fake_4594.jpg,0,0,True,0.9999958276748657,4.215699391352246e-06
/content/Dataset/Test/Fake/fake_4595.jpg,0,0,True,0.9999945163726807,5.44727299711667e-06
/content/Dataset/Test/Fake/fake_4596.jpg,0,0,True,0.9973467588424683,0.0026531715411692858
/content/Dataset/Test/Fake/fake_4597.jpg,0,0,True,0.9999796152114868,2.0340959963505156e-05
/content/Dataset/Test/Fake/fake_4598.jpg,0,0,True,0.9629321098327637,0.03706790879368782
/content/Dataset/Test/Fake/fake_4599.jpg,0,1,False,0.028792772442102432,0.9712072014808655
/content/Dataset/Test/Fake/fake_46.jpg,0,0,True,0.9999587535858154,4.1255454561905935e-05
/content/Dataset/Test/Fake/fake_460.jpg,0,0,True,0.9999996423721313,4.00795727273362e-07
/content/Dataset/Test/Fake/fake_4600.jpg,0,0,True,0.9999837875366211,1.6250658518401906e-05
/content/Dataset/Test/Fake/fake_4601.jpg,0,0,True,0.998698353767395,0.0013016497250646353
/content/Dataset/Test/Fake/fake_4602.jpg,0,1,False,0.15108966827392578,0.848910391330719
/content/Dataset/Test/Fake/fake_4603.jpg,0,1,False,0.004178789909929037,0.9958212375640869
/content/Dataset/Test/Fake/fake_4604.jpg,0,0,True,0.9999178647994995,8.208095096051693e-05
/content/Dataset/Test/Fake/fake_4605.jpg,0,0,True,0.9999991655349731,8.91064530605945e-07
/content/Dataset/Test/Fake/fake_4606.jpg,0,0,True,0.999996542930603,3.4555109778011683e-06
/content/Dataset/Test/Fake/fake_4607.jpg,0,0,True,0.9990491271018982,0.0009508818038739264
/content/Dataset/Test/Fake/fake_4608.jpg,0,0,True,0.9999765157699585,2.3460104785044678e-05
/content/Dataset/Test/Fake/fake_4609.jpg,0,0,True,0.9996834993362427,0.0003165322414133698
/content/Dataset/Test/Fake/fake_461.jpg,0,0,True,0.999998927116394,1.0435346666781697e-06
/content/Dataset/Test/Fake/fake_4610.jpg,0,0,True,0.9999984502792358,1.5862466398175457e-06
/content/Dataset/Test/Fake/fake_4611.jpg,0,0,True,0.9999921321868896,7.918086339486763e-06
/content/Dataset/Test/Fake/fake_4612.jpg,0,0,True,0.9999942779541016,5.674425665347371e-06
/content/Dataset/Test/Fake/fake_4613.jpg,0,0,True,0.9979497790336609,0.002050196984782815
/content/Dataset/Test/Fake/fake_4614.jpg,0,0,True,0.9990829229354858,0.0009171129786409438
/content/Dataset/Test/Fake/fake_4615.jpg,0,0,True,0.8390414714813232,0.16095854341983795
/content/Dataset/Test/Fake/fake_4616.jpg,0,0,True,0.9999375343322754,6.24606036581099e-05
/content/Dataset/Test/Fake/fake_4617.jpg,0,0,True,0.9971696734428406,0.002830345882102847
/content/Dataset/Test/Fake/fake_4618.jpg,0,0,True,0.9999158382415771,8.409877773374319e-05
/content/Dataset/Test/Fake/fake_4619.jpg,0,0,True,0.9999949932098389,5.0377434490656015e-06
/content/Dataset/Test/Fake/fake_462.jpg,0,0,True,0.9995929598808289,0.0004070617142133415
/content/Dataset/Test/Fake/fake_4620.jpg,0,0,True,0.9999951124191284,4.870117663813289e-06
/content/Dataset/Test/Fake/fake_4621.jpg,0,0,True,0.9995325803756714,0.00046743539860472083
/content/Dataset/Test/Fake/fake_4622.jpg,0,0,True,0.9999535083770752,4.651776544051245e-05
/content/Dataset/Test/Fake/fake_4623.jpg,0,1,False,0.07417170703411102,0.9258282780647278
/content/Dataset/Test/Fake/fake_4624.jpg,0,0,True,0.9693519473075867,0.03064802661538124
/content/Dataset/Test/Fake/fake_4625.jpg,0,0,True,0.9885013103485107,0.011498688720166683
/content/Dataset/Test/Fake/fake_4626.jpg,0,0,True,0.9998586177825928,0.000141336684464477
/content/Dataset/Test/Fake/fake_4627.jpg,0,0,True,0.9999877214431763,1.2315216736169532e-05
/content/Dataset/Test/Fake/fake_4628.jpg,0,0,True,0.9377726316452026,0.06222730502486229
/content/Dataset/Test/Fake/fake_4629.jpg,0,0,True,0.999670147895813,0.0003298859519418329
/content/Dataset/Test/Fake/fake_463.jpg,0,0,True,0.9999991655349731,8.21594369426748e-07
/content/Dataset/Test/Fake/fake_4630.jpg,0,0,True,0.999998927116394,1.062390765582677e-06
/content/Dataset/Test/Fake/fake_4631.jpg,0,0,True,0.9999686479568481,3.1354426027974114e-05
/content/Dataset/Test/Fake/fake_4632.jpg,0,0,True,0.999994158744812,5.851184596394887e-06
/content/Dataset/Test/Fake/fake_4633.jpg,0,0,True,0.9999455213546753,5.4496278607985005e-05
/content/Dataset/Test/Fake/fake_4634.jpg,0,0,True,0.9995947480201721,0.0004052390868309885
/content/Dataset/Test/Fake/fake_4635.jpg,0,0,True,0.9999662637710571,3.369150363141671e-05
/content/Dataset/Test/Fake/fake_4636.jpg,0,0,True,0.9992344379425049,0.0007655987283214927
/content/Dataset/Test/Fake/fake_4637.jpg,0,0,True,0.9789806604385376,0.021019402891397476
/content/Dataset/Test/Fake/fake_4638.jpg,0,0,True,0.9929940104484558,0.007005928084254265
/content/Dataset/Test/Fake/fake_4639.jpg,0,0,True,0.999942421913147,5.758901534136385e-05
/content/Dataset/Test/Fake/fake_464.jpg,0,0,True,0.9999990463256836,9.083255463337991e-07
/content/Dataset/Test/Fake/fake_4640.jpg,0,0,True,0.991356372833252,0.00864359736442566
/content/Dataset/Test/Fake/fake_4641.jpg,0,0,True,0.9976557493209839,0.0023442665114998817
/content/Dataset/Test/Fake/fake_4642.jpg,0,1,False,0.036025382578372955,0.9639745950698853
/content/Dataset/Test/Fake/fake_4643.jpg,0,0,True,0.5225191712379456,0.47748085856437683
/content/Dataset/Test/Fake/fake_4644.jpg,0,0,True,0.9999643564224243,3.5595028748502955e-05
/content/Dataset/Test/Fake/fake_4645.jpg,0,0,True,0.9995953440666199,0.00040471332613378763
/content/Dataset/Test/Fake/fake_4646.jpg,0,0,True,0.9992358684539795,0.0007641580305062234
/content/Dataset/Test/Fake/fake_4647.jpg,0,0,True,0.9987150430679321,0.001284986617974937
/content/Dataset/Test/Fake/fake_4648.jpg,0,0,True,0.9911540150642395,0.008846009150147438
/content/Dataset/Test/Fake/fake_4649.jpg,0,0,True,0.999977707862854,2.2342625015880913e-05
/content/Dataset/Test/Fake/fake_465.jpg,0,0,True,0.9999995231628418,5.124539370626735e-07
/content/Dataset/Test/Fake/fake_4650.jpg,0,0,True,0.9999392032623291,6.0850172303617e-05
/content/Dataset/Test/Fake/fake_4651.jpg,0,0,True,0.9999984502792358,1.5534682233919739e-06
/content/Dataset/Test/Fake/fake_4652.jpg,0,1,False,0.20564013719558716,0.7943598031997681
/content/Dataset/Test/Fake/fake_4653.jpg,0,0,True,0.999997615814209,2.3906475234980462e-06
/content/Dataset/Test/Fake/fake_4654.jpg,0,0,True,0.9974206686019897,0.0025793039239943027
/content/Dataset/Test/Fake/fake_4655.jpg,0,0,True,0.9999325275421143,6.743206904502586e-05
/content/Dataset/Test/Fake/fake_4656.jpg,0,0,True,0.9999619722366333,3.804864172707312e-05
/content/Dataset/Test/Fake/fake_4657.jpg,0,0,True,0.9999895095825195,1.0511143045732751e-05
/content/Dataset/Test/Fake/fake_4658.jpg,0,0,True,0.9999145269393921,8.540845010429621e-05
/content/Dataset/Test/Fake/fake_4659.jpg,0,0,True,0.999962568283081,3.746127913473174e-05
/content/Dataset/Test/Fake/fake_466.jpg,0,0,True,0.9999995231628418,4.825071755476529e-07
/content/Dataset/Test/Fake/fake_4660.jpg,0,0,True,0.9986849427223206,0.001315050176344812
/content/Dataset/Test/Fake/fake_4661.jpg,0,0,True,0.9999991655349731,8.164081464201445e-07
/content/Dataset/Test/Fake/fake_4662.jpg,0,0,True,0.9911612272262573,0.008838774636387825
/content/Dataset/Test/Fake/fake_4663.jpg,0,0,True,0.9999986886978149,1.3059602679277305e-06
/content/Dataset/Test/Fake/fake_4664.jpg,0,0,True,0.9999954700469971,4.496107521845261e-06
/content/Dataset/Test/Fake/fake_4665.jpg,0,0,True,0.9997286200523376,0.0002713545400183648
/content/Dataset/Test/Fake/fake_4666.jpg,0,0,True,0.9994596838951111,0.0005402630195021629
/content/Dataset/Test/Fake/fake_4667.jpg,0,0,True,0.9993624091148376,0.0006376529927365482
/content/Dataset/Test/Fake/fake_4668.jpg,0,0,True,0.9998764991760254,0.00012346777657512575
/content/Dataset/Test/Fake/fake_4669.jpg,0,0,True,0.9999715089797974,2.853687692550011e-05
/content/Dataset/Test/Fake/fake_467.jpg,0,0,True,0.7819117903709412,0.21808816492557526
/content/Dataset/Test/Fake/fake_4670.jpg,0,0,True,0.9783907532691956,0.02160923182964325
/content/Dataset/Test/Fake/fake_4671.jpg,0,0,True,0.9999910593032837,8.954713848652318e-06
/content/Dataset/Test/Fake/fake_4672.jpg,0,0,True,0.9858818054199219,0.01411820575594902
/content/Dataset/Test/Fake/fake_4673.jpg,0,0,True,0.9997175335884094,0.0002824091643560678
/content/Dataset/Test/Fake/fake_4674.jpg,0,0,True,0.9998149275779724,0.00018504039326217026
/content/Dataset/Test/Fake/fake_4675.jpg,0,0,True,0.9999955892562866,4.3680379349098075e-06
/content/Dataset/Test/Fake/fake_4676.jpg,0,0,True,0.9998995065689087,0.00010043357906397432
/content/Dataset/Test/Fake/fake_4677.jpg,0,0,True,0.9999074935913086,9.246096306014806e-05
/content/Dataset/Test/Fake/fake_4678.jpg,0,0,True,0.9999679327011108,3.204870517947711e-05
/content/Dataset/Test/Fake/fake_4679.jpg,0,0,True,0.9999973773956299,2.6258624075126136e-06
/content/Dataset/Test/Fake/fake_468.jpg,0,0,True,0.9999982118606567,1.7593730490261805e-06
/content/Dataset/Test/Fake/fake_4680.jpg,0,0,True,0.9999960660934448,3.976182597398292e-06
/content/Dataset/Test/Fake/fake_4681.jpg,0,1,False,0.03540973365306854,0.9645901918411255
/content/Dataset/Test/Fake/fake_4682.jpg,0,0,True,0.999961256980896,3.872180241160095e-05
/content/Dataset/Test/Fake/fake_4683.jpg,0,0,True,0.9999901056289673,9.93643971014535e-06
/content/Dataset/Test/Fake/fake_4684.jpg,0,0,True,0.9996548891067505,0.00034508242970332503
/content/Dataset/Test/Fake/fake_4685.jpg,0,0,True,0.9968233108520508,0.003176724072545767
/content/Dataset/Test/Fake/fake_4686.jpg,0,0,True,0.9754730463027954,0.02452688105404377
/content/Dataset/Test/Fake/fake_4687.jpg,0,1,False,0.296178936958313,0.703821063041687
/content/Dataset/Test/Fake/fake_4688.jpg,0,0,True,0.9990917444229126,0.0009083144832402468
/content/Dataset/Test/Fake/fake_4689.jpg,0,0,True,0.9999986886978149,1.270837174160988e-06
/content/Dataset/Test/Fake/fake_469.jpg,0,0,True,0.999998927116394,1.049147726916999e-06
/content/Dataset/Test/Fake/fake_4690.jpg,0,0,True,0.9986628293991089,0.0013371685054153204
/content/Dataset/Test/Fake/fake_4691.jpg,0,0,True,0.9998766183853149,0.00012334587518125772
/content/Dataset/Test/Fake/fake_4692.jpg,0,0,True,0.9982545971870422,0.0017454447224736214
/content/Dataset/Test/Fake/fake_4693.jpg,0,0,True,0.999958872795105,4.116958734812215e-05
/content/Dataset/Test/Fake/fake_4694.jpg,0,0,True,0.9998860359191895,0.00011397579510230571
/content/Dataset/Test/Fake/fake_4695.jpg,0,0,True,0.999944806098938,5.5137516028480604e-05
/content/Dataset/Test/Fake/fake_4696.jpg,0,0,True,0.9999784231185913,2.1625055524054915e-05
/content/Dataset/Test/Fake/fake_4697.jpg,0,0,True,0.9019352793693542,0.09806474298238754
/content/Dataset/Test/Fake/fake_4698.jpg,0,0,True,0.9999265670776367,7.341463788179681e-05
/content/Dataset/Test/Fake/fake_4699.jpg,0,0,True,0.9999748468399048,2.5206974896718748e-05
/content/Dataset/Test/Fake/fake_47.jpg,0,0,True,0.9999949932098389,5.05135767525644e-06
/content/Dataset/Test/Fake/fake_470.jpg,0,0,True,0.9996156692504883,0.00038426677929237485
/content/Dataset/Test/Fake/fake_4700.jpg,0,0,True,0.9997026324272156,0.00029734065174125135
/content/Dataset/Test/Fake/fake_4701.jpg,0,0,True,0.9877864122390747,0.012213561683893204
/content/Dataset/Test/Fake/fake_4702.jpg,0,0,True,0.9955633878707886,0.004436649847775698
/content/Dataset/Test/Fake/fake_4703.jpg,0,0,True,0.9996151924133301,0.0003847361367661506
/content/Dataset/Test/Fake/fake_4704.jpg,0,0,True,0.999945878982544,5.417161446530372e-05
/content/Dataset/Test/Fake/fake_4705.jpg,0,0,True,0.9999852180480957,1.4765711057407316e-05
/content/Dataset/Test/Fake/fake_4706.jpg,0,0,True,0.9999872446060181,1.2717435311060399e-05
/content/Dataset/Test/Fake/fake_4707.jpg,0,0,True,0.9999977350234985,2.3010484255792107e-06
/content/Dataset/Test/Fake/fake_4708.jpg,0,0,True,0.9999874830245972,1.2538972441689111e-05
/content/Dataset/Test/Fake/fake_4709.jpg,0,0,True,0.9999903440475464,9.664892786531709e-06
/content/Dataset/Test/Fake/fake_471.jpg,0,0,True,0.9999990463256836,8.979084782367863e-07
/content/Dataset/Test/Fake/fake_4710.jpg,0,0,True,0.9999972581863403,2.7904213766305475e-06
/content/Dataset/Test/Fake/fake_4711.jpg,0,0,True,0.9999957084655762,4.2326223592681345e-06
/content/Dataset/Test/Fake/fake_4712.jpg,0,0,True,0.9995399713516235,0.0004600014945026487
/content/Dataset/Test/Fake/fake_4713.jpg,0,0,True,0.9999898672103882,1.0147995453735348e-05
/content/Dataset/Test/Fake/fake_4714.jpg,0,0,True,0.9862560629844666,0.013743976131081581
/content/Dataset/Test/Fake/fake_4715.jpg,0,0,True,0.998820960521698,0.0011789825512096286
/content/Dataset/Test/Fake/fake_4716.jpg,0,0,True,0.9997772574424744,0.00022270259796641767
/content/Dataset/Test/Fake/fake_4717.jpg,0,0,True,0.9998855590820312,0.00011442225513746962
/content/Dataset/Test/Fake/fake_4718.jpg,0,0,True,0.9994827508926392,0.0005172343226149678
/content/Dataset/Test/Fake/fake_4719.jpg,0,0,True,0.9991607666015625,0.0008393012103624642
/content/Dataset/Test/Fake/fake_472.jpg,0,0,True,0.9999996423721313,3.291850987352518e-07
/content/Dataset/Test/Fake/fake_4720.jpg,0,0,True,0.9999642372131348,3.571549677872099e-05
/content/Dataset/Test/Fake/fake_4721.jpg,0,1,False,0.45098450779914856,0.5490155220031738
/content/Dataset/Test/Fake/fake_4722.jpg,0,0,True,0.9999971389770508,2.8501908673206344e-06
/content/Dataset/Test/Fake/fake_4723.jpg,0,0,True,0.999980092048645,1.992406032513827e-05
/content/Dataset/Test/Fake/fake_4724.jpg,0,0,True,0.9992018342018127,0.0007981546805240214
/content/Dataset/Test/Fake/fake_4725.jpg,0,0,True,0.9999986886978149,1.3014507658226648e-06
/content/Dataset/Test/Fake/fake_4726.jpg,0,0,True,0.9999768733978271,2.3120748664950952e-05
/content/Dataset/Test/Fake/fake_4727.jpg,0,0,True,0.9984114170074463,0.0015886070905253291
/content/Dataset/Test/Fake/fake_4728.jpg,0,0,True,0.9999085664749146,9.142239287029952e-05
/content/Dataset/Test/Fake/fake_4729.jpg,0,0,True,0.9999967813491821,3.2619238936604233e-06
/content/Dataset/Test/Fake/fake_473.jpg,0,0,True,0.9999990463256836,1.002555109153036e-06
/content/Dataset/Test/Fake/fake_4730.jpg,0,0,True,0.99988853931427,0.00011146012548124418
/content/Dataset/Test/Fake/fake_4731.jpg,0,0,True,0.99997878074646,2.11793103517266e-05
/content/Dataset/Test/Fake/fake_4732.jpg,0,0,True,0.9999908208847046,9.216383659804706e-06
/content/Dataset/Test/Fake/fake_4733.jpg,0,1,False,0.028098752722144127,0.9719012379646301
/content/Dataset/Test/Fake/fake_4734.jpg,0,1,False,0.08722354471683502,0.9127764105796814
/content/Dataset/Test/Fake/fake_4735.jpg,0,0,True,0.9998359680175781,0.0001640521368244663
/content/Dataset/Test/Fake/fake_4736.jpg,0,0,True,0.9999980926513672,1.916685505420901e-06
/content/Dataset/Test/Fake/fake_4737.jpg,0,0,True,0.9411252737045288,0.058874692767858505
/content/Dataset/Test/Fake/fake_4738.jpg,0,0,True,0.9999160766601562,8.390157017856836e-05
/content/Dataset/Test/Fake/fake_4739.jpg,0,0,True,0.999563992023468,0.0004359512240625918
/content/Dataset/Test/Fake/fake_474.jpg,0,0,True,0.9999995231628418,5.136482741363579e-07
/content/Dataset/Test/Fake/fake_4740.jpg,0,0,True,0.9999990463256836,8.968216320681677e-07
/content/Dataset/Test/Fake/fake_4741.jpg,0,0,True,0.951295018196106,0.048704952001571655
/content/Dataset/Test/Fake/fake_4742.jpg,0,0,True,0.9945105314254761,0.0054894438944756985
/content/Dataset/Test/Fake/fake_4743.jpg,0,0,True,0.9987486600875854,0.0012513436377048492
/content/Dataset/Test/Fake/fake_4744.jpg,0,0,True,0.9999358654022217,6.407166802091524e-05
/content/Dataset/Test/Fake/fake_4745.jpg,0,0,True,0.9936438798904419,0.0063561429269611835
/content/Dataset/Test/Fake/fake_4746.jpg,0,0,True,0.99996018409729,3.9757989725330845e-05
/content/Dataset/Test/Fake/fake_4747.jpg,0,0,True,0.9888446927070618,0.011155307292938232
/content/Dataset/Test/Fake/fake_4748.jpg,0,0,True,0.9565582275390625,0.043441832065582275
/content/Dataset/Test/Fake/fake_4749.jpg,0,0,True,0.9999711513519287,2.8808668503188528e-05
/content/Dataset/Test/Fake/fake_475.jpg,0,0,True,0.9999970197677612,2.9862990231777076e-06
/content/Dataset/Test/Fake/fake_4750.jpg,0,0,True,0.9918491840362549,0.008150857873260975
/content/Dataset/Test/Fake/fake_4751.jpg,0,0,True,0.9979817867279053,0.002018197439610958
/content/Dataset/Test/Fake/fake_4752.jpg,0,0,True,0.9999979734420776,1.989270003832644e-06
/content/Dataset/Test/Fake/fake_4753.jpg,0,0,True,0.9999988079071045,1.1694068007273017e-06
/content/Dataset/Test/Fake/fake_4754.jpg,0,0,True,0.9998505115509033,0.00014946440933272243
/content/Dataset/Test/Fake/fake_4755.jpg,0,0,True,0.8220333456993103,0.1779666692018509
/content/Dataset/Test/Fake/fake_4756.jpg,0,0,True,0.9997407793998718,0.0002591958036646247
/content/Dataset/Test/Fake/fake_4757.jpg,0,0,True,0.9999958276748657,4.208520749671152e-06
/content/Dataset/Test/Fake/fake_4758.jpg,0,0,True,0.9999979734420776,2.0280754142731894e-06
/content/Dataset/Test/Fake/fake_4759.jpg,0,0,True,0.9984550476074219,0.001545000821352005
/content/Dataset/Test/Fake/fake_476.jpg,0,0,True,0.9999918937683105,8.16369902167935e-06
/content/Dataset/Test/Fake/fake_4760.jpg,0,0,True,0.9995524287223816,0.00044754170812666416
/content/Dataset/Test/Fake/fake_4761.jpg,0,0,True,0.999686598777771,0.0003134311700705439
/content/Dataset/Test/Fake/fake_4762.jpg,0,0,True,0.9999908208847046,9.231241165252868e-06
/content/Dataset/Test/Fake/fake_4763.jpg,0,0,True,0.9999984502792358,1.5131280406421865e-06
/content/Dataset/Test/Fake/fake_4764.jpg,0,0,True,0.9999078512191772,9.215043246513233e-05
/content/Dataset/Test/Fake/fake_4765.jpg,0,0,True,0.9999988079071045,1.2069431249983609e-06
/content/Dataset/Test/Fake/fake_4766.jpg,0,0,True,0.9999967813491821,3.1652305096940836e-06
/content/Dataset/Test/Fake/fake_4767.jpg,0,0,True,0.9998980760574341,0.00010195521463174373
/content/Dataset/Test/Fake/fake_4768.jpg,0,0,True,0.9997971653938293,0.0002028463059104979
/content/Dataset/Test/Fake/fake_4769.jpg,0,0,True,0.9451959133148193,0.05480407550930977
/content/Dataset/Test/Fake/fake_477.jpg,0,0,True,0.9999961853027344,3.817604920186568e-06
/content/Dataset/Test/Fake/fake_4770.jpg,0,0,True,0.9996575117111206,0.0003424852038733661
/content/Dataset/Test/Fake/fake_4771.jpg,0,0,True,0.9998416900634766,0.00015831345808692276
/content/Dataset/Test/Fake/fake_4772.jpg,0,0,True,0.982187807559967,0.017812198027968407
/content/Dataset/Test/Fake/fake_4773.jpg,0,0,True,0.9916342496871948,0.008365737274289131
/content/Dataset/Test/Fake/fake_4774.jpg,0,0,True,0.9141038060188293,0.08589617908000946
/content/Dataset/Test/Fake/fake_4775.jpg,0,0,True,0.9978660941123962,0.0021339862141758204
/content/Dataset/Test/Fake/fake_4776.jpg,0,0,True,0.9718002676963806,0.028199752792716026
/content/Dataset/Test/Fake/fake_4777.jpg,0,0,True,0.999909520149231,9.051745291799307e-05
/content/Dataset/Test/Fake/fake_4778.jpg,0,0,True,0.9999960660934448,3.979824668931542e-06
/content/Dataset/Test/Fake/fake_4779.jpg,0,0,True,0.99970942735672,0.0002905791625380516
/content/Dataset/Test/Fake/fake_478.jpg,0,0,True,0.9999804496765137,1.953478749783244e-05
/content/Dataset/Test/Fake/fake_4780.jpg,0,0,True,0.9999983310699463,1.6218605196627323e-06
/content/Dataset/Test/Fake/fake_4781.jpg,0,0,True,0.9556107521057129,0.0443892627954483
/content/Dataset/Test/Fake/fake_4782.jpg,0,0,True,0.9985942244529724,0.0014057282824069262
/content/Dataset/Test/Fake/fake_4783.jpg,0,0,True,0.9787746667861938,0.02122534066438675
/content/Dataset/Test/Fake/fake_4784.jpg,0,0,True,0.9998121857643127,0.0001877857866929844
/content/Dataset/Test/Fake/fake_4785.jpg,0,0,True,0.9960765242576599,0.003923404961824417
/content/Dataset/Test/Fake/fake_4786.jpg,0,1,False,0.08982668071985245,0.9101733565330505
/content/Dataset/Test/Fake/fake_4787.jpg,0,0,True,0.9999979734420776,2.0444456367840758e-06
/content/Dataset/Test/Fake/fake_4788.jpg,0,0,True,0.9999890327453613,1.0959528481180314e-05
/content/Dataset/Test/Fake/fake_4789.jpg,0,0,True,0.9999972581863403,2.714359652600251e-06
/content/Dataset/Test/Fake/fake_479.jpg,0,0,True,0.9950605034828186,0.004939459264278412
/content/Dataset/Test/Fake/fake_4790.jpg,0,0,True,0.8891909718513489,0.11080902814865112
/content/Dataset/Test/Fake/fake_4791.jpg,0,0,True,0.9999599456787109,4.002992864116095e-05
/content/Dataset/Test/Fake/fake_4792.jpg,0,0,True,0.9983763694763184,0.0016236657975241542
/content/Dataset/Test/Fake/fake_4793.jpg,0,0,True,0.9999983310699463,1.638793719394016e-06
/content/Dataset/Test/Fake/fake_4794.jpg,0,0,True,0.9409237504005432,0.05907623469829559
/content/Dataset/Test/Fake/fake_4795.jpg,0,0,True,0.9999949932098389,5.0123253458878025e-06
/content/Dataset/Test/Fake/fake_4796.jpg,0,0,True,0.9998514652252197,0.00014845648547634482
/content/Dataset/Test/Fake/fake_4797.jpg,0,0,True,0.8400694727897644,0.15993048250675201
/content/Dataset/Test/Fake/fake_4798.jpg,0,0,True,0.9999977350234985,2.2620363324676873e-06
/content/Dataset/Test/Fake/fake_4799.jpg,0,0,True,0.999981164932251,1.8791091861203313e-05
/content/Dataset/Test/Fake/fake_48.jpg,0,0,True,0.9999969005584717,3.152833869535243e-06
/content/Dataset/Test/Fake/fake_480.jpg,0,0,True,0.9999996423721313,3.9848382016316464e-07
/content/Dataset/Test/Fake/fake_4800.jpg,0,0,True,0.9995604157447815,0.00043957738671451807
/content/Dataset/Test/Fake/fake_4801.jpg,0,0,True,0.9999181032180786,8.185084880096838e-05
/content/Dataset/Test/Fake/fake_4802.jpg,0,0,True,0.9999487400054932,5.121499634697102e-05
/content/Dataset/Test/Fake/fake_4803.jpg,0,0,True,0.9999868869781494,1.3068214684608392e-05
/content/Dataset/Test/Fake/fake_4804.jpg,0,1,False,0.2560337781906128,0.7439662218093872
/content/Dataset/Test/Fake/fake_4805.jpg,0,0,True,0.9999572038650513,4.275448009138927e-05
/content/Dataset/Test/Fake/fake_4806.jpg,0,0,True,0.9999978542327881,2.1238968201942043e-06
/content/Dataset/Test/Fake/fake_4807.jpg,0,0,True,0.9999964237213135,3.598704324758728e-06
/content/Dataset/Test/Fake/fake_4808.jpg,0,0,True,0.999958872795105,4.114352122996934e-05
/content/Dataset/Test/Fake/fake_4809.jpg,0,0,True,0.9999978542327881,2.1956216187390964e-06
/content/Dataset/Test/Fake/fake_481.jpg,0,0,True,0.9999991655349731,8.325834528477571e-07
/content/Dataset/Test/Fake/fake_4810.jpg,0,1,False,0.17833083868026733,0.8216691613197327
/content/Dataset/Test/Fake/fake_4811.jpg,0,0,True,0.9816853404045105,0.018314683809876442
/content/Dataset/Test/Fake/fake_4812.jpg,0,0,True,0.9999228715896606,7.712013757554814e-05
/content/Dataset/Test/Fake/fake_4813.jpg,0,0,True,0.9998564720153809,0.0001434797013644129
/content/Dataset/Test/Fake/fake_4814.jpg,0,0,True,0.9569504857063293,0.04304952919483185
/content/Dataset/Test/Fake/fake_4815.jpg,0,0,True,0.9999963045120239,3.6605522382160416e-06
/content/Dataset/Test/Fake/fake_4816.jpg,0,0,True,0.9997227787971497,0.0002771535946521908
/content/Dataset/Test/Fake/fake_4817.jpg,0,0,True,0.9999879598617554,1.2001564755337313e-05
/content/Dataset/Test/Fake/fake_4818.jpg,0,0,True,0.9999507665634155,4.925631947116926e-05
/content/Dataset/Test/Fake/fake_4819.jpg,0,0,True,0.9737202525138855,0.02627968043088913
/content/Dataset/Test/Fake/fake_482.jpg,0,0,True,0.9998410940170288,0.00015891145449131727
/content/Dataset/Test/Fake/fake_4820.jpg,0,0,True,0.9999849796295166,1.5017527402960695e-05
/content/Dataset/Test/Fake/fake_4821.jpg,0,0,True,0.9995915293693542,0.00040847164927981794
/content/Dataset/Test/Fake/fake_4822.jpg,0,0,True,0.9936738014221191,0.006326253525912762
/content/Dataset/Test/Fake/fake_4823.jpg,0,0,True,0.8545712232589722,0.14542877674102783
/content/Dataset/Test/Fake/fake_4824.jpg,0,0,True,0.9984285235404968,0.0015714758774265647
/content/Dataset/Test/Fake/fake_4825.jpg,0,0,True,0.9999798536300659,2.0149418560322374e-05
/content/Dataset/Test/Fake/fake_4826.jpg,0,0,True,0.9999983310699463,1.634599698263628e-06
/content/Dataset/Test/Fake/fake_4827.jpg,0,0,True,0.9999958276748657,4.189548235444818e-06
/content/Dataset/Test/Fake/fake_4828.jpg,0,0,True,0.9999645948410034,3.536070289555937e-05
/content/Dataset/Test/Fake/fake_4829.jpg,0,0,True,0.9989839196205139,0.0010161109967157245
/content/Dataset/Test/Fake/fake_483.jpg,0,0,True,0.9999969005584717,3.0528019578923704e-06
/content/Dataset/Test/Fake/fake_4830.jpg,0,0,True,0.9986677169799805,0.001332318875938654
/content/Dataset/Test/Fake/fake_4831.jpg,0,0,True,0.9999698400497437,3.0124921977403574e-05
/content/Dataset/Test/Fake/fake_4832.jpg,0,0,True,0.9999982118606567,1.7658700244282954e-06
/content/Dataset/Test/Fake/fake_4833.jpg,0,0,True,0.9999974966049194,2.539048864491633e-06
/content/Dataset/Test/Fake/fake_4834.jpg,0,0,True,0.9999737739562988,2.6182500732829794e-05
/content/Dataset/Test/Fake/fake_4835.jpg,0,0,True,0.9890722036361694,0.010927793569862843
/content/Dataset/Test/Fake/fake_4836.jpg,0,0,True,0.9999939203262329,6.073149052099325e-06
/content/Dataset/Test/Fake/fake_4837.jpg,0,0,True,0.9999971389770508,2.882845137719414e-06
/content/Dataset/Test/Fake/fake_4838.jpg,0,0,True,0.999945878982544,5.4111977078719065e-05
/content/Dataset/Test/Fake/fake_4839.jpg,0,0,True,0.9998918771743774,0.00010809758532559499
/content/Dataset/Test/Fake/fake_484.jpg,0,0,True,0.9999996423721313,3.518627238463523e-07
/content/Dataset/Test/Fake/fake_4840.jpg,0,0,True,0.9999761581420898,2.385978223173879e-05
/content/Dataset/Test/Fake/fake_4841.jpg,0,0,True,0.9999988079071045,1.2280490864213789e-06
/content/Dataset/Test/Fake/fake_4842.jpg,0,0,True,0.9995428323745728,0.0004572542675305158
/content/Dataset/Test/Fake/fake_4843.jpg,0,0,True,0.999995231628418,4.767753125634044e-06
/content/Dataset/Test/Fake/fake_4844.jpg,0,0,True,0.9999537467956543,4.630112380255014e-05
/content/Dataset/Test/Fake/fake_4845.jpg,0,0,True,0.9999991655349731,7.784777267261234e-07
/content/Dataset/Test/Fake/fake_4846.jpg,0,0,True,0.9999783039093018,2.173724897147622e-05
/content/Dataset/Test/Fake/fake_4847.jpg,0,0,True,0.9999924898147583,7.565847226942424e-06
/content/Dataset/Test/Fake/fake_4848.jpg,0,1,False,0.037996672093868256,0.9620032906532288
/content/Dataset/Test/Fake/fake_4849.jpg,0,0,True,0.9996675252914429,0.00033249391708523035
/content/Dataset/Test/Fake/fake_485.jpg,0,0,True,0.9999990463256836,9.997147571993992e-07
/content/Dataset/Test/Fake/fake_4850.jpg,0,0,True,0.9999831914901733,1.6786018022685312e-05
/content/Dataset/Test/Fake/fake_4851.jpg,0,0,True,0.9993900060653687,0.0006099865422584116
/content/Dataset/Test/Fake/fake_4852.jpg,0,0,True,0.999981164932251,1.8779324818751775e-05
/content/Dataset/Test/Fake/fake_4853.jpg,0,0,True,0.9999381303787231,6.191674037836492e-05
/content/Dataset/Test/Fake/fake_4854.jpg,0,0,True,0.9990367889404297,0.0009632132714614272
/content/Dataset/Test/Fake/fake_4855.jpg,0,0,True,0.9999959468841553,4.037457529193489e-06
/content/Dataset/Test/Fake/fake_4856.jpg,0,0,True,0.9999943971633911,5.546569354919484e-06
/content/Dataset/Test/Fake/fake_4857.jpg,0,1,False,0.23669031262397766,0.7633097171783447
/content/Dataset/Test/Fake/fake_4858.jpg,0,0,True,0.9997915625572205,0.00020845550170633942
/content/Dataset/Test/Fake/fake_4859.jpg,0,0,True,0.9999934434890747,6.548076271428727e-06
/content/Dataset/Test/Fake/fake_486.jpg,0,0,True,0.9999995231628418,4.6416866439358273e-07
/content/Dataset/Test/Fake/fake_4860.jpg,0,0,True,0.9991538524627686,0.0008462056866846979
/content/Dataset/Test/Fake/fake_4861.jpg,0,0,True,0.9998832941055298,0.00011665162310237065
/content/Dataset/Test/Fake/fake_4862.jpg,0,0,True,0.9986557960510254,0.0013441963819786906
/content/Dataset/Test/Fake/fake_4863.jpg,0,0,True,0.5001745223999023,0.49982547760009766
/content/Dataset/Test/Fake/fake_4864.jpg,0,0,True,0.8547812104225159,0.1452188342809677
/content/Dataset/Test/Fake/fake_4865.jpg,0,0,True,0.9991645812988281,0.0008354866877198219
/content/Dataset/Test/Fake/fake_4866.jpg,0,0,True,0.9999943971633911,5.643987151415786e-06
/content/Dataset/Test/Fake/fake_4867.jpg,0,0,True,0.9968454241752625,0.003154604695737362
/content/Dataset/Test/Fake/fake_4868.jpg,0,0,True,0.9999923706054688,7.681387614866253e-06
/content/Dataset/Test/Fake/fake_4869.jpg,0,0,True,0.5711548924446106,0.428845077753067
/content/Dataset/Test/Fake/fake_487.jpg,0,0,True,0.9999934434890747,6.580102308362257e-06
/content/Dataset/Test/Fake/fake_4870.jpg,0,0,True,0.9271154999732971,0.0728844702243805
/content/Dataset/Test/Fake/fake_4871.jpg,0,0,True,0.9958392381668091,0.004160761833190918
/content/Dataset/Test/Fake/fake_4872.jpg,0,0,True,0.906048059463501,0.09395191818475723
/content/Dataset/Test/Fake/fake_4873.jpg,0,0,True,0.9912202954292297,0.008779672905802727
/content/Dataset/Test/Fake/fake_4874.jpg,0,1,False,0.0003533043200150132,0.9996466636657715
/content/Dataset/Test/Fake/fake_4875.jpg,0,0,True,0.9999896287918091,1.0417953490104992e-05
/content/Dataset/Test/Fake/fake_4876.jpg,0,0,True,0.9999957084655762,4.261119102011435e-06
/content/Dataset/Test/Fake/fake_4877.jpg,0,1,False,0.07889103144407272,0.9211089015007019
/content/Dataset/Test/Fake/fake_4878.jpg,0,0,True,0.979124128818512,0.020875876769423485
/content/Dataset/Test/Fake/fake_4879.jpg,0,0,True,0.9999947547912598,5.206716195971239e-06
/content/Dataset/Test/Fake/fake_488.jpg,0,0,True,0.9999991655349731,7.928535410428594e-07
/content/Dataset/Test/Fake/fake_4880.jpg,0,0,True,0.9999923706054688,7.6076516961620655e-06
/content/Dataset/Test/Fake/fake_4881.jpg,0,0,True,0.9986677169799805,0.0013323138700798154
/content/Dataset/Test/Fake/fake_4882.jpg,0,0,True,0.9936370849609375,0.006362959276884794
/content/Dataset/Test/Fake/fake_4883.jpg,0,0,True,0.9975998997688293,0.00240010442212224
/content/Dataset/Test/Fake/fake_4884.jpg,0,0,True,0.947586715221405,0.05241331458091736
/content/Dataset/Test/Fake/fake_4885.jpg,0,0,True,0.9999948740005493,5.171906650502933e-06
/content/Dataset/Test/Fake/fake_4886.jpg,0,0,True,0.9996782541275024,0.00032172934152185917
/content/Dataset/Test/Fake/fake_4887.jpg,0,0,True,0.9769220352172852,0.023077962920069695
/content/Dataset/Test/Fake/fake_4888.jpg,0,0,True,0.9999805688858032,1.9431556211202405e-05
/content/Dataset/Test/Fake/fake_4889.jpg,0,0,True,0.9865250587463379,0.01347492914646864
/content/Dataset/Test/Fake/fake_489.jpg,0,0,True,0.9999985694885254,1.4451304650719976e-06
/content/Dataset/Test/Fake/fake_4890.jpg,0,0,True,0.9979959726333618,0.0020040427334606647
/content/Dataset/Test/Fake/fake_4891.jpg,0,0,True,0.975064754486084,0.02493528090417385
/content/Dataset/Test/Fake/fake_4892.jpg,0,0,True,0.994097113609314,0.005902915261685848
/content/Dataset/Test/Fake/fake_4893.jpg,0,0,True,0.9998804330825806,0.00011957052629441023
/content/Dataset/Test/Fake/fake_4894.jpg,0,0,True,0.9999967813491821,3.240820433347835e-06
/content/Dataset/Test/Fake/fake_4895.jpg,0,0,True,0.9983710646629333,0.0016289715422317386
/content/Dataset/Test/Fake/fake_4896.jpg,0,0,True,0.9998534917831421,0.00014645153714809567
/content/Dataset/Test/Fake/fake_4897.jpg,0,0,True,0.9483821392059326,0.05161789432168007
/content/Dataset/Test/Fake/fake_4898.jpg,0,0,True,0.9128947257995605,0.08710524439811707
/content/Dataset/Test/Fake/fake_4899.jpg,0,0,True,0.9995493292808533,0.00045059467083774507
/content/Dataset/Test/Fake/fake_49.jpg,0,0,True,0.9999954700469971,4.475734840525547e-06
/content/Dataset/Test/Fake/fake_490.jpg,0,0,True,0.9999967813491821,3.173911636622506e-06
/content/Dataset/Test/Fake/fake_4900.jpg,0,0,True,0.9999862909317017,1.369472283840878e-05
/content/Dataset/Test/Fake/fake_4901.jpg,0,0,True,0.971956193447113,0.028043754398822784
/content/Dataset/Test/Fake/fake_4902.jpg,0,0,True,0.9998751878738403,0.00012483417231123894
/content/Dataset/Test/Fake/fake_4903.jpg,0,0,True,0.9959331154823303,0.004066883586347103
/content/Dataset/Test/Fake/fake_4904.jpg,0,0,True,0.9989566802978516,0.0010432582348585129
/content/Dataset/Test/Fake/fake_4905.jpg,0,0,True,0.9999345541000366,6.540497997775674e-05
/content/Dataset/Test/Fake/fake_4906.jpg,0,0,True,0.9731762409210205,0.02682369202375412
/content/Dataset/Test/Fake/fake_4907.jpg,0,0,True,0.9419427514076233,0.05805722996592522
/content/Dataset/Test/Fake/fake_4908.jpg,0,0,True,0.9673160314559937,0.03268399462103844
/content/Dataset/Test/Fake/fake_4909.jpg,0,0,True,0.9999946355819702,5.322122888173908e-06
/content/Dataset/Test/Fake/fake_491.jpg,0,0,True,0.9999996423721313,3.3432309010095196e-07
/content/Dataset/Test/Fake/fake_4910.jpg,0,0,True,0.9999797344207764,2.020895954046864e-05
/content/Dataset/Test/Fake/fake_4911.jpg,0,0,True,0.9644351601600647,0.0355648547410965
/content/Dataset/Test/Fake/fake_4912.jpg,0,0,True,0.9999719858169556,2.799940739350859e-05
/content/Dataset/Test/Fake/fake_4913.jpg,0,0,True,0.9996590614318848,0.00034096575109288096
/content/Dataset/Test/Fake/fake_4914.jpg,0,0,True,0.9993566870689392,0.0006433129892684519
/content/Dataset/Test/Fake/fake_4915.jpg,0,0,True,0.998426079750061,0.001573969260789454
/content/Dataset/Test/Fake/fake_4916.jpg,0,0,True,0.9953094124794006,0.004690648056566715
/content/Dataset/Test/Fake/fake_4917.jpg,0,0,True,0.9977551102638245,0.0022448610980063677
/content/Dataset/Test/Fake/fake_4918.jpg,0,0,True,0.9999082088470459,9.173608123091981e-05
/content/Dataset/Test/Fake/fake_4919.jpg,0,0,True,0.9429876804351807,0.05701235309243202
/content/Dataset/Test/Fake/fake_492.jpg,0,0,True,0.9999973773956299,2.6092195639648708e-06
/content/Dataset/Test/Fake/fake_4920.jpg,0,1,False,0.013810007832944393,0.9861899614334106
/content/Dataset/Test/Fake/fake_4921.jpg,0,1,False,0.08110717684030533,0.9188928008079529
/content/Dataset/Test/Fake/fake_4922.jpg,0,0,True,0.999946117401123,5.389645230025053e-05
/content/Dataset/Test/Fake/fake_4923.jpg,0,0,True,0.999996542930603,3.459609615674708e-06
/content/Dataset/Test/Fake/fake_4924.jpg,0,0,True,0.9999912977218628,8.711915143067017e-06
/content/Dataset/Test/Fake/fake_4925.jpg,0,0,True,0.9999619722366333,3.8040077924961224e-05
/content/Dataset/Test/Fake/fake_4926.jpg,0,0,True,0.9999990463256836,9.897294148686342e-07
/content/Dataset/Test/Fake/fake_4927.jpg,0,0,True,0.9997968077659607,0.00020322708587627858
/content/Dataset/Test/Fake/fake_4928.jpg,0,0,True,0.9989474415779114,0.0010526287369430065
/content/Dataset/Test/Fake/fake_4929.jpg,0,0,True,0.9990804195404053,0.0009195331367664039
/content/Dataset/Test/Fake/fake_493.jpg,0,0,True,0.9998524188995361,0.00014753048890270293
/content/Dataset/Test/Fake/fake_4930.jpg,0,0,True,0.9999990463256836,8.965565143626009e-07
/content/Dataset/Test/Fake/fake_4931.jpg,0,0,True,0.9999955892562866,4.4050393626093864e-06
/content/Dataset/Test/Fake/fake_4932.jpg,0,0,True,0.998891294002533,0.0011087296297773719
/content/Dataset/Test/Fake/fake_4933.jpg,0,0,True,0.9999992847442627,6.982483569117903e-07
/content/Dataset/Test/Fake/fake_4934.jpg,0,0,True,0.9998838901519775,0.0001160710962722078
/content/Dataset/Test/Fake/fake_4935.jpg,0,0,True,0.9999939203262329,6.121446858742274e-06
/content/Dataset/Test/Fake/fake_4936.jpg,0,0,True,0.9999980926513672,1.8765882714433246e-06
/content/Dataset/Test/Fake/fake_4937.jpg,0,0,True,0.9997740387916565,0.00022593318135477602
/content/Dataset/Test/Fake/fake_4938.jpg,0,0,True,0.9999974966049194,2.529661514927284e-06
/content/Dataset/Test/Fake/fake_4939.jpg,0,0,True,0.9999958276748657,4.204649485473055e-06
/content/Dataset/Test/Fake/fake_494.jpg,0,0,True,0.9998972415924072,0.00010273742373101413
/content/Dataset/Test/Fake/fake_4940.jpg,0,0,True,0.9999947547912598,5.239012352831196e-06
/content/Dataset/Test/Fake/fake_4941.jpg,0,0,True,0.9969105124473572,0.003089561592787504
/content/Dataset/Test/Fake/fake_4942.jpg,0,0,True,0.9999058246612549,9.415675594937056e-05
/content/Dataset/Test/Fake/fake_4943.jpg,0,1,False,0.3071731626987457,0.6928268074989319
/content/Dataset/Test/Fake/fake_4944.jpg,0,0,True,0.9999178647994995,8.211508975364268e-05
/content/Dataset/Test/Fake/fake_4945.jpg,0,0,True,0.9999831914901733,1.679913475527428e-05
/content/Dataset/Test/Fake/fake_4946.jpg,0,0,True,0.9782881736755371,0.021711764857172966
/content/Dataset/Test/Fake/fake_4947.jpg,0,0,True,0.5221342444419861,0.4778657853603363
/content/Dataset/Test/Fake/fake_4948.jpg,0,0,True,0.798611581325531,0.2013884037733078
/content/Dataset/Test/Fake/fake_4949.jpg,0,0,True,0.9999932050704956,6.814760126871988e-06
/content/Dataset/Test/Fake/fake_495.jpg,0,0,True,0.9999992847442627,7.732502922408457e-07
/content/Dataset/Test/Fake/fake_4950.jpg,0,0,True,0.9999607801437378,3.921103780157864e-05
/content/Dataset/Test/Fake/fake_4951.jpg,0,0,True,0.999990701675415,9.266759661841206e-06
/content/Dataset/Test/Fake/fake_4952.jpg,0,0,True,0.9999858140945435,1.4158433259581216e-05
/content/Dataset/Test/Fake/fake_4953.jpg,0,0,True,0.9997475743293762,0.0002524236624594778
/content/Dataset/Test/Fake/fake_4954.jpg,0,0,True,0.9998798370361328,0.00012016271648462862
/content/Dataset/Test/Fake/fake_4955.jpg,0,0,True,0.9986817240715027,0.0013183107366785407
/content/Dataset/Test/Fake/fake_4956.jpg,0,0,True,0.9999935626983643,6.46711259832955e-06
/content/Dataset/Test/Fake/fake_4957.jpg,0,0,True,0.9999241828918457,7.576829375466332e-05
/content/Dataset/Test/Fake/fake_4958.jpg,0,0,True,0.9997884631156921,0.00021153531270101666
/content/Dataset/Test/Fake/fake_4959.jpg,0,0,True,0.9997875094413757,0.00021255937463138252
/content/Dataset/Test/Fake/fake_496.jpg,0,0,True,0.9999853372573853,1.4712230949953664e-05
/content/Dataset/Test/Fake/fake_4960.jpg,0,0,True,0.9972102046012878,0.0027897562831640244
/content/Dataset/Test/Fake/fake_4961.jpg,0,0,True,0.9978626370429993,0.0021374241914600134
/content/Dataset/Test/Fake/fake_4962.jpg,0,0,True,0.9996064305305481,0.0003936307621188462
/content/Dataset/Test/Fake/fake_4963.jpg,0,0,True,0.9999932050704956,6.794092314521549e-06
/content/Dataset/Test/Fake/fake_4964.jpg,0,0,True,0.9996340274810791,0.00036591076059266925
/content/Dataset/Test/Fake/fake_4965.jpg,0,0,True,0.9999957084655762,4.285195700504119e-06
/content/Dataset/Test/Fake/fake_4966.jpg,0,0,True,0.9999667406082153,3.322337943245657e-05
/content/Dataset/Test/Fake/fake_4967.jpg,0,0,True,0.9999942779541016,5.717300155083649e-06
/content/Dataset/Test/Fake/fake_4968.jpg,0,0,True,0.9998323917388916,0.00016760399739723653
/content/Dataset/Test/Fake/fake_4969.jpg,0,0,True,0.9998782873153687,0.00012170807895017788
/content/Dataset/Test/Fake/fake_497.jpg,0,0,True,0.9999997615814209,2.2862347748286993e-07
/content/Dataset/Test/Fake/fake_4970.jpg,0,0,True,0.9995917677879333,0.0004082944942638278
/content/Dataset/Test/Fake/fake_4971.jpg,0,0,True,0.9999992847442627,7.19818388006388e-07
/content/Dataset/Test/Fake/fake_4972.jpg,0,0,True,0.9954226613044739,0.004577304236590862
/content/Dataset/Test/Fake/fake_4973.jpg,0,0,True,0.9999208450317383,7.913901936262846e-05
/content/Dataset/Test/Fake/fake_4974.jpg,0,0,True,0.9999498128890991,5.018280717195012e-05
/content/Dataset/Test/Fake/fake_4975.jpg,0,0,True,0.999963641166687,3.635247776401229e-05
/content/Dataset/Test/Fake/fake_4976.jpg,0,0,True,0.9999842643737793,1.5712070307927206e-05
/content/Dataset/Test/Fake/fake_4977.jpg,0,0,True,0.9999954700469971,4.564085429592524e-06
/content/Dataset/Test/Fake/fake_4978.jpg,0,0,True,0.9843568205833435,0.01564323715865612
/content/Dataset/Test/Fake/fake_4979.jpg,0,0,True,0.9988487958908081,0.0011511857155710459
/content/Dataset/Test/Fake/fake_498.jpg,0,0,True,0.9999994039535522,6.179405431794294e-07
/content/Dataset/Test/Fake/fake_4980.jpg,0,0,True,0.999408483505249,0.0005915832589380443
/content/Dataset/Test/Fake/fake_4981.jpg,0,0,True,0.9770082235336304,0.02299175038933754
/content/Dataset/Test/Fake/fake_4982.jpg,0,0,True,0.999974250793457,2.5714985895319842e-05
/content/Dataset/Test/Fake/fake_4983.jpg,0,0,True,0.9862982630729675,0.013701677322387695
/content/Dataset/Test/Fake/fake_4984.jpg,0,0,True,0.9999895095825195,1.0455624760652427e-05
/content/Dataset/Test/Fake/fake_4985.jpg,0,0,True,0.980679988861084,0.01932002604007721
/content/Dataset/Test/Fake/fake_4986.jpg,0,1,False,5.433261321741156e-05,0.9999456405639648
/content/Dataset/Test/Fake/fake_4987.jpg,0,0,True,0.9991757273674011,0.0008242802578024566
/content/Dataset/Test/Fake/fake_4988.jpg,0,0,True,0.9996882677078247,0.00031174736795946956
/content/Dataset/Test/Fake/fake_4989.jpg,0,0,True,0.9997534155845642,0.00024655211018398404
/content/Dataset/Test/Fake/fake_499.jpg,0,0,True,0.9999961853027344,3.800488002525526e-06
/content/Dataset/Test/Fake/fake_4990.jpg,0,0,True,0.9999897480010986,1.0217202543572057e-05
/content/Dataset/Test/Fake/fake_4991.jpg,0,0,True,0.9991903901100159,0.0008096602978184819
/content/Dataset/Test/Fake/fake_4992.jpg,0,0,True,0.999873161315918,0.00012678599159698933
/content/Dataset/Test/Fake/fake_4993.jpg,0,0,True,0.999984860420227,1.5157352208916564e-05
/content/Dataset/Test/Fake/fake_4994.jpg,0,0,True,0.999934196472168,6.576961459359154e-05
/content/Dataset/Test/Fake/fake_4995.jpg,0,0,True,0.9994165897369385,0.0005834572366438806
/content/Dataset/Test/Fake/fake_4996.jpg,0,0,True,0.9999822378158569,1.7732290871208534e-05
/content/Dataset/Test/Fake/fake_4997.jpg,0,0,True,0.9999972581863403,2.777229610728682e-06
/content/Dataset/Test/Fake/fake_4998.jpg,0,0,True,0.9999463558197021,5.369156497181393e-05
/content/Dataset/Test/Fake/fake_4999.jpg,0,0,True,0.9994961023330688,0.0005039116949774325
/content/Dataset/Test/Fake/fake_5.jpg,0,0,True,0.9999897480010986,1.0280470633006189e-05
/content/Dataset/Test/Fake/fake_50.jpg,0,0,True,0.9984045624732971,0.0015954511472955346
/content/Dataset/Test/Fake/fake_500.jpg,0,0,True,0.9999865293502808,1.3522764675144572e-05
/content/Dataset/Test/Fake/fake_5000.jpg,0,0,True,0.9918014407157898,0.008198557421565056
/content/Dataset/Test/Fake/fake_5001.jpg,0,0,True,0.8134859204292297,0.18651410937309265
/content/Dataset/Test/Fake/fake_5002.jpg,0,1,False,0.16495351493358612,0.8350464701652527
/content/Dataset/Test/Fake/fake_5003.jpg,0,0,True,0.9999799728393555,2.0051580577273853e-05
/content/Dataset/Test/Fake/fake_5004.jpg,0,0,True,0.9998890161514282,0.00011092445492977276
/content/Dataset/Test/Fake/fake_5005.jpg,0,0,True,0.9999992847442627,7.19844535979064e-07
/content/Dataset/Test/Fake/fake_5006.jpg,0,0,True,0.9999929666519165,7.075646408338798e-06
/content/Dataset/Test/Fake/fake_5007.jpg,0,0,True,0.9999995231628418,4.349596451902471e-07
/content/Dataset/Test/Fake/fake_5008.jpg,0,0,True,0.9999958276748657,4.142800207773689e-06
/content/Dataset/Test/Fake/fake_5009.jpg,0,0,True,0.9999992847442627,7.006257192188059e-07
/content/Dataset/Test/Fake/fake_501.jpg,0,0,True,0.9999951124191284,4.884188001597067e-06
/content/Dataset/Test/Fake/fake_5010.jpg,0,0,True,0.9999995231628418,5.187245619708847e-07
/content/Dataset/Test/Fake/fake_5011.jpg,0,1,False,0.018122028559446335,0.9818779826164246
/content/Dataset/Test/Fake/fake_5012.jpg,0,0,True,0.9999912977218628,8.721009180590045e-06
/content/Dataset/Test/Fake/fake_5013.jpg,0,0,True,0.9999920129776001,7.96025778981857e-06
/content/Dataset/Test/Fake/fake_5014.jpg,0,0,True,0.9999996423721313,3.319596544315573e-07
/content/Dataset/Test/Fake/fake_5015.jpg,0,0,True,0.9838206768035889,0.016179271042346954
/content/Dataset/Test/Fake/fake_5016.jpg,0,0,True,0.9999985694885254,1.4174927400745219e-06
/content/Dataset/Test/Fake/fake_5017.jpg,0,0,True,0.9999221563339233,7.783131877658889e-05
/content/Dataset/Test/Fake/fake_5018.jpg,0,0,True,0.9966940879821777,0.0033059180714190006
/content/Dataset/Test/Fake/fake_5019.jpg,0,0,True,0.9998399019241333,0.0001600908872205764
/content/Dataset/Test/Fake/fake_502.jpg,0,0,True,0.9999985694885254,1.4404839703274774e-06
/content/Dataset/Test/Fake/fake_5020.jpg,0,0,True,0.6734113097190857,0.3265886902809143
/content/Dataset/Test/Fake/fake_5021.jpg,0,0,True,0.9994155168533325,0.0005845128325745463
/content/Dataset/Test/Fake/fake_5022.jpg,0,0,True,0.9977794289588928,0.0022206318099051714
/content/Dataset/Test/Fake/fake_5023.jpg,0,0,True,0.9999475479125977,5.239592428551987e-05
/content/Dataset/Test/Fake/fake_5024.jpg,0,0,True,0.9999659061431885,3.406478572287597e-05
/content/Dataset/Test/Fake/fake_5025.jpg,0,0,True,0.9999885559082031,1.1403961252653971e-05
/content/Dataset/Test/Fake/fake_5026.jpg,0,0,True,0.9999876022338867,1.242452344740741e-05
/content/Dataset/Test/Fake/fake_5027.jpg,0,0,True,0.998832643032074,0.0011673788540065289
/content/Dataset/Test/Fake/fake_5028.jpg,0,0,True,0.999994158744812,5.86672967983759e-06
/content/Dataset/Test/Fake/fake_5029.jpg,0,0,True,0.9997726082801819,0.0002273787249578163
/content/Dataset/Test/Fake/fake_503.jpg,0,0,True,0.9999916553497314,8.311123565363232e-06
/content/Dataset/Test/Fake/fake_5030.jpg,0,0,True,0.9998290538787842,0.00017089868197217584
/content/Dataset/Test/Fake/fake_5031.jpg,0,0,True,0.9998074173927307,0.00019257092208135873
/content/Dataset/Test/Fake/fake_5032.jpg,0,0,True,0.9999732971191406,2.667840089998208e-05
/content/Dataset/Test/Fake/fake_5033.jpg,0,0,True,0.7767984867095947,0.22320154309272766
/content/Dataset/Test/Fake/fake_5034.jpg,0,1,False,0.2222854048013687,0.7777145504951477
/content/Dataset/Test/Fake/fake_5035.jpg,0,0,True,0.9994027614593506,0.0005972385406494141
/content/Dataset/Test/Fake/fake_5036.jpg,0,0,True,0.9998811483383179,0.00011882581020472571
/content/Dataset/Test/Fake/fake_5037.jpg,0,1,False,0.0024285551626235247,0.9975714087486267
/content/Dataset/Test/Fake/fake_5038.jpg,0,0,True,0.9928768277168274,0.007123175542801619
/content/Dataset/Test/Fake/fake_5039.jpg,0,0,True,0.9998788833618164,0.0001210665941471234
/content/Dataset/Test/Fake/fake_504.jpg,0,0,True,0.9999995231628418,4.5916186763861333e-07
/content/Dataset/Test/Fake/fake_5040.jpg,0,0,True,0.9839989542961121,0.01600104384124279
/content/Dataset/Test/Fake/fake_5041.jpg,0,0,True,0.9999293088912964,7.06729551893659e-05
/content/Dataset/Test/Fake/fake_5042.jpg,0,0,True,0.9157971143722534,0.08420286327600479
/content/Dataset/Test/Fake/fake_5043.jpg,0,0,True,0.994734525680542,0.005265546031296253
/content/Dataset/Test/Fake/fake_5044.jpg,0,0,True,0.9997900128364563,0.00021001040295232087
/content/Dataset/Test/Fake/fake_5045.jpg,0,0,True,0.9995348453521729,0.00046516762813553214
/content/Dataset/Test/Fake/fake_5046.jpg,0,1,False,0.09281495958566666,0.9071850776672363
/content/Dataset/Test/Fake/fake_5047.jpg,0,1,False,0.4204989969730377,0.5795010328292847
/content/Dataset/Test/Fake/fake_5048.jpg,0,1,False,0.007312892470508814,0.9926871061325073
/content/Dataset/Test/Fake/fake_5049.jpg,0,0,True,0.9910339713096619,0.008965985849499702
/content/Dataset/Test/Fake/fake_505.jpg,0,0,True,0.99997878074646,2.1228164769127034e-05
/content/Dataset/Test/Fake/fake_5050.jpg,0,0,True,0.998285710811615,0.0017143177101388574
/content/Dataset/Test/Fake/fake_5051.jpg,0,1,False,0.305526465177536,0.6944735646247864
/content/Dataset/Test/Fake/fake_5052.jpg,0,0,True,0.734468936920166,0.2655310034751892
/content/Dataset/Test/Fake/fake_5053.jpg,0,1,False,0.05466980114579201,0.9453302025794983
/content/Dataset/Test/Fake/fake_5054.jpg,0,0,True,0.999943733215332,5.628042345051654e-05
/content/Dataset/Test/Fake/fake_5055.jpg,0,0,True,0.9270845651626587,0.07291547954082489
/content/Dataset/Test/Fake/fake_5056.jpg,0,0,True,0.9971416592597961,0.0028582606464624405
/content/Dataset/Test/Fake/fake_5057.jpg,0,0,True,0.9999891519546509,1.087622240447672e-05
/content/Dataset/Test/Fake/fake_5058.jpg,0,0,True,0.8478994965553284,0.1521005481481552
/content/Dataset/Test/Fake/fake_5059.jpg,0,0,True,0.9999991655349731,8.680456176080042e-07
/content/Dataset/Test/Fake/fake_506.jpg,0,0,True,0.9999982118606567,1.74395609064959e-06
/content/Dataset/Test/Fake/fake_5060.jpg,0,0,True,0.9999710321426392,2.8939823096152395e-05
/content/Dataset/Test/Fake/fake_5061.jpg,0,0,True,0.9898696541786194,0.010130329988896847
/content/Dataset/Test/Fake/fake_5062.jpg,0,0,True,0.9999486207962036,5.137901825946756e-05
/content/Dataset/Test/Fake/fake_5063.jpg,0,0,True,0.9995720982551575,0.00042789627332240343
/content/Dataset/Test/Fake/fake_5064.jpg,0,0,True,0.9578141570091248,0.042185813188552856
/content/Dataset/Test/Fake/fake_5065.jpg,0,0,True,0.9999585151672363,4.152187830186449e-05
/content/Dataset/Test/Fake/fake_5066.jpg,0,0,True,0.9999626874923706,3.735746577149257e-05
/content/Dataset/Test/Fake/fake_5067.jpg,0,0,True,0.9999994039535522,6.521824502669915e-07
/content/Dataset/Test/Fake/fake_5068.jpg,0,0,True,0.9999980926513672,1.916681867442094e-06
/content/Dataset/Test/Fake/fake_5069.jpg,0,0,True,0.9999994039535522,6.536275805046898e-07
/content/Dataset/Test/Fake/fake_507.jpg,0,0,True,0.9999992847442627,6.837080945842899e-07
/content/Dataset/Test/Fake/fake_5070.jpg,0,0,True,0.9999997615814209,2.4269579057545343e-07
/content/Dataset/Test/Fake/fake_5071.jpg,0,0,True,0.999998927116394,1.0864898740692297e-06
/content/Dataset/Test/Fake/fake_5072.jpg,0,0,True,0.999995231628418,4.724865448224591e-06
/content/Dataset/Test/Fake/fake_5073.jpg,0,0,True,0.5494682192802429,0.4505317509174347
/content/Dataset/Test/Fake/fake_5074.jpg,0,0,True,0.9998562335968018,0.00014379156345967203
/content/Dataset/Test/Fake/fake_5075.jpg,0,0,True,0.999997615814209,2.3883844733063597e-06
/content/Dataset/Test/Fake/fake_5076.jpg,0,0,True,0.9999665021896362,3.35353979608044e-05
/content/Dataset/Test/Fake/fake_5077.jpg,0,0,True,0.9999992847442627,6.583414347005601e-07
/content/Dataset/Test/Fake/fake_5078.jpg,0,0,True,0.9864163398742676,0.013583625666797161
/content/Dataset/Test/Fake/fake_5079.jpg,0,0,True,0.9957923889160156,0.0042075407691299915
/content/Dataset/Test/Fake/fake_508.jpg,0,0,True,0.9999974966049194,2.558231017246726e-06
/content/Dataset/Test/Fake/fake_5080.jpg,0,0,True,0.99998939037323,1.0571226994215976e-05
/content/Dataset/Test/Fake/fake_5081.jpg,0,0,True,0.9998028874397278,0.0001971735619008541
/content/Dataset/Test/Fake/fake_5082.jpg,0,0,True,0.9998834133148193,0.00011652344255708158
/content/Dataset/Test/Fake/fake_5083.jpg,0,1,False,0.2065403014421463,0.7934596538543701
/content/Dataset/Test/Fake/fake_5084.jpg,0,0,True,0.9988075494766235,0.0011924015125259757
/content/Dataset/Test/Fake/fake_5085.jpg,0,0,True,0.7328325510025024,0.26716744899749756
/content/Dataset/Test/Fake/fake_5086.jpg,0,0,True,0.9998338222503662,0.0001661941787460819
/content/Dataset/Test/Fake/fake_5087.jpg,0,0,True,0.999976396560669,2.3565804440295324e-05
/content/Dataset/Test/Fake/fake_5088.jpg,0,0,True,0.9995719790458679,0.00042803253745660186
/content/Dataset/Test/Fake/fake_5089.jpg,0,0,True,0.999962568283081,3.746281436178833e-05
/content/Dataset/Test/Fake/fake_509.jpg,0,0,True,0.9999953508377075,4.686827651312342e-06
/content/Dataset/Test/Fake/fake_5090.jpg,0,0,True,0.9938812255859375,0.00611882796511054
/content/Dataset/Test/Fake/fake_5091.jpg,0,0,True,0.9998698234558105,0.00013017102901358157
/content/Dataset/Test/Fake/fake_5092.jpg,0,0,True,0.9999988079071045,1.2065655710102874e-06
/content/Dataset/Test/Fake/fake_5093.jpg,0,0,True,0.9999887943267822,1.1247523616475519e-05
/content/Dataset/Test/Fake/fake_5094.jpg,0,0,True,0.9960578680038452,0.003942147362977266
/content/Dataset/Test/Fake/fake_5095.jpg,0,0,True,0.999998927116394,1.088905719370814e-06
/content/Dataset/Test/Fake/fake_5096.jpg,0,0,True,0.9999867677688599,1.328665985056432e-05
/content/Dataset/Test/Fake/fake_5097.jpg,0,0,True,0.999803364276886,0.00019670485926326364
/content/Dataset/Test/Fake/fake_5098.jpg,0,0,True,0.9999978542327881,2.1168336843402358e-06
/content/Dataset/Test/Fake/fake_5099.jpg,0,0,True,0.999890923500061,0.00010907005344051868
/content/Dataset/Test/Fake/fake_51.jpg,0,0,True,0.9999980926513672,1.9109581899101613e-06
/content/Dataset/Test/Fake/fake_510.jpg,0,0,True,0.9993754029273987,0.0006246298435144126
/content/Dataset/Test/Fake/fake_5100.jpg,0,0,True,0.9999947547912598,5.263029379420914e-06
/content/Dataset/Test/Fake/fake_5101.jpg,0,0,True,0.9989144802093506,0.0010854995343834162
/content/Dataset/Test/Fake/fake_5102.jpg,0,0,True,0.9999885559082031,1.145892747445032e-05
/content/Dataset/Test/Fake/fake_5103.jpg,0,0,True,0.999998927116394,1.1263571195740951e-06
/content/Dataset/Test/Fake/fake_5104.jpg,0,0,True,0.9999947547912598,5.240566679276526e-06
/content/Dataset/Test/Fake/fake_5105.jpg,0,0,True,0.9840690493583679,0.015930984169244766
/content/Dataset/Test/Fake/fake_5106.jpg,0,0,True,0.9999635219573975,3.6506658943835646e-05
/content/Dataset/Test/Fake/fake_5107.jpg,0,0,True,0.9459086060523987,0.054091405123472214
/content/Dataset/Test/Fake/fake_5108.jpg,0,0,True,0.9996949434280396,0.00030506670009344816
/content/Dataset/Test/Fake/fake_5109.jpg,0,0,True,0.9999974966049194,2.4586433937656693e-06
/content/Dataset/Test/Fake/fake_511.jpg,0,0,True,0.9999985694885254,1.4796039522479987e-06
/content/Dataset/Test/Fake/fake_5110.jpg,0,0,True,0.9997333884239197,0.00026657036505639553
/content/Dataset/Test/Fake/fake_5111.jpg,0,0,True,0.999954342842102,4.5714139560004696e-05
/content/Dataset/Test/Fake/fake_5112.jpg,0,0,True,0.9999889135360718,1.1078493116656318e-05
/content/Dataset/Test/Fake/fake_5113.jpg,0,0,True,0.9999583959579468,4.158868614467792e-05
/content/Dataset/Test/Fake/fake_5114.jpg,0,0,True,0.9953303337097168,0.004669739864766598
/content/Dataset/Test/Fake/fake_5115.jpg,0,1,False,0.32711631059646606,0.6728836894035339
/content/Dataset/Test/Fake/fake_5116.jpg,0,0,True,0.9407777786254883,0.059222180396318436
/content/Dataset/Test/Fake/fake_5117.jpg,0,0,True,0.9999940395355225,5.906875230721198e-06
/content/Dataset/Test/Fake/fake_5118.jpg,0,0,True,0.9987407326698303,0.0012592478888109326
/content/Dataset/Test/Fake/fake_5119.jpg,0,0,True,0.9999974966049194,2.547032863731147e-06
/content/Dataset/Test/Fake/fake_512.jpg,0,0,True,0.9999995231628418,4.946957687934628e-07
/content/Dataset/Test/Fake/fake_5120.jpg,0,0,True,0.9999905824661255,9.440090252610389e-06
/content/Dataset/Test/Fake/fake_5121.jpg,0,0,True,0.9903028607368469,0.009697137400507927
/content/Dataset/Test/Fake/fake_5122.jpg,0,0,True,0.998829185962677,0.001170770381577313
/content/Dataset/Test/Fake/fake_5123.jpg,0,0,True,0.999940037727356,5.9934031014563516e-05
/content/Dataset/Test/Fake/fake_5124.jpg,0,0,True,0.9997532963752747,0.0002467164595145732
/content/Dataset/Test/Fake/fake_5125.jpg,0,1,False,0.10483582317829132,0.8951641917228699
/content/Dataset/Test/Fake/fake_5126.jpg,0,0,True,0.9978978633880615,0.0021021151915192604
/content/Dataset/Test/Fake/fake_5127.jpg,0,0,True,0.9999878406524658,1.211633480124874e-05
/content/Dataset/Test/Fake/fake_5128.jpg,0,0,True,0.5968348979949951,0.4031650722026825
/content/Dataset/Test/Fake/fake_5129.jpg,0,0,True,0.9999991655349731,8.373356195079396e-07
/content/Dataset/Test/Fake/fake_513.jpg,0,0,True,0.9999896287918091,1.0397347978141624e-05
/content/Dataset/Test/Fake/fake_5130.jpg,0,0,True,0.9863258004188538,0.013674188405275345
/content/Dataset/Test/Fake/fake_5131.jpg,0,0,True,0.9999915361404419,8.477129995299038e-06
/content/Dataset/Test/Fake/fake_5132.jpg,0,0,True,0.9999877214431763,1.228059409186244e-05
/content/Dataset/Test/Fake/fake_5133.jpg,0,0,True,0.999936580657959,6.347290764097124e-05
/content/Dataset/Test/Fake/fake_5134.jpg,0,0,True,0.999848484992981,0.00015144271310418844
/content/Dataset/Test/Fake/fake_5135.jpg,0,0,True,0.9999802112579346,1.978034561034292e-05
/content/Dataset/Test/Fake/fake_5136.jpg,0,0,True,0.9999929666519165,7.006457053648774e-06
/content/Dataset/Test/Fake/fake_5137.jpg,0,0,True,0.9999994039535522,6.360881457112555e-07
/content/Dataset/Test/Fake/fake_5138.jpg,0,0,True,0.5556213855743408,0.4443785846233368
/content/Dataset/Test/Fake/fake_5139.jpg,0,0,True,0.9735673666000366,0.0264325812458992
/content/Dataset/Test/Fake/fake_514.jpg,0,0,True,0.9999923706054688,7.629070751136169e-06
/content/Dataset/Test/Fake/fake_5140.jpg,0,0,True,0.999498724937439,0.0005013100453652442
/content/Dataset/Test/Fake/fake_5141.jpg,0,0,True,0.9999845027923584,1.544492261018604e-05
/content/Dataset/Test/Fake/fake_5142.jpg,0,1,False,0.12717652320861816,0.8728234767913818
/content/Dataset/Test/Fake/fake_5143.jpg,0,0,True,0.9992642998695374,0.0007357106078416109
/content/Dataset/Test/Fake/fake_5144.jpg,0,0,True,0.9986158609390259,0.00138414790853858
/content/Dataset/Test/Fake/fake_5145.jpg,0,0,True,0.9999769926071167,2.2948463083594106e-05
/content/Dataset/Test/Fake/fake_5146.jpg,0,0,True,0.9999954700469971,4.532762886810815e-06
/content/Dataset/Test/Fake/fake_5147.jpg,0,0,True,0.9999575614929199,4.241263377480209e-05
/content/Dataset/Test/Fake/fake_5148.jpg,0,0,True,0.9999958276748657,4.191018433630234e-06
/content/Dataset/Test/Fake/fake_5149.jpg,0,0,True,0.8336712718009949,0.16632874310016632
/content/Dataset/Test/Fake/fake_515.jpg,0,0,True,0.9999992847442627,7.279256237779919e-07
/content/Dataset/Test/Fake/fake_5150.jpg,0,1,False,0.3257313668727875,0.6742686033248901
/content/Dataset/Test/Fake/fake_5151.jpg,0,0,True,0.9999997615814209,2.8609787250388763e-07
/content/Dataset/Test/Fake/fake_5152.jpg,0,0,True,0.9944396018981934,0.005560448858886957
/content/Dataset/Test/Fake/fake_5153.jpg,0,0,True,0.9993860721588135,0.0006138599710538983
/content/Dataset/Test/Fake/fake_5154.jpg,0,0,True,0.5321332216262817,0.46786677837371826
/content/Dataset/Test/Fake/fake_5155.jpg,0,0,True,0.9999949932098389,4.9985915211436804e-06
/content/Dataset/Test/Fake/fake_5156.jpg,0,0,True,0.9999271631240845,7.288595224963501e-05
/content/Dataset/Test/Fake/fake_5157.jpg,0,0,True,0.9999983310699463,1.641105200178572e-06
/content/Dataset/Test/Fake/fake_5158.jpg,0,0,True,0.9999496936798096,5.030690590501763e-05
/content/Dataset/Test/Fake/fake_5159.jpg,0,0,True,0.99916672706604,0.0008332986035384238
/content/Dataset/Test/Fake/fake_516.jpg,0,0,True,0.9962616562843323,0.00373835489153862
/content/Dataset/Test/Fake/fake_5160.jpg,0,0,True,0.9989538192749023,0.0010460985358804464
/content/Dataset/Test/Fake/fake_5161.jpg,0,0,True,0.9993640780448914,0.0006359460530802608
/content/Dataset/Test/Fake/fake_5162.jpg,0,0,True,0.9985082745552063,0.0014917011139914393
/content/Dataset/Test/Fake/fake_5163.jpg,0,0,True,0.9869580864906311,0.01304191816598177
/content/Dataset/Test/Fake/fake_5164.jpg,0,0,True,0.9999985694885254,1.4518219586534542e-06
/content/Dataset/Test/Fake/fake_5165.jpg,0,0,True,0.9957861304283142,0.004213844891637564
/content/Dataset/Test/Fake/fake_5166.jpg,0,0,True,0.9674499034881592,0.032550111413002014
/content/Dataset/Test/Fake/fake_5167.jpg,0,0,True,0.9999996423721313,3.275291931004176e-07
/content/Dataset/Test/Fake/fake_5168.jpg,0,0,True,0.9999983310699463,1.6248809515673202e-06
/content/Dataset/Test/Fake/fake_5169.jpg,0,0,True,0.998507559299469,0.0014924649149179459
/content/Dataset/Test/Fake/fake_517.jpg,0,0,True,0.999940037727356,5.992516889818944e-05
/content/Dataset/Test/Fake/fake_5170.jpg,0,0,True,0.9996472597122192,0.0003527551016304642
/content/Dataset/Test/Fake/fake_5171.jpg,0,0,True,0.9953479170799255,0.004652137868106365
/content/Dataset/Test/Fake/fake_5172.jpg,0,0,True,0.9998118281364441,0.00018817292584571987
/content/Dataset/Test/Fake/fake_5173.jpg,0,0,True,0.999972939491272,2.708642387005966e-05
/content/Dataset/Test/Fake/fake_5174.jpg,0,0,True,0.9999991655349731,8.470838110952172e-07
/content/Dataset/Test/Fake/fake_5175.jpg,0,0,True,0.9999972581863403,2.800004722303129e-06
/content/Dataset/Test/Fake/fake_5176.jpg,0,0,True,0.9999988079071045,1.224412017108989e-06
/content/Dataset/Test/Fake/fake_5177.jpg,0,0,True,0.999997615814209,2.356352979404619e-06
/content/Dataset/Test/Fake/fake_5178.jpg,0,0,True,0.9999990463256836,9.743720283950097e-07
/content/Dataset/Test/Fake/fake_5179.jpg,0,0,True,0.9999982118606567,1.7642676084506093e-06
/content/Dataset/Test/Fake/fake_518.jpg,0,0,True,0.9999995231628418,4.938345909977215e-07
/content/Dataset/Test/Fake/fake_5180.jpg,0,0,True,0.8231812715530396,0.17681874334812164
/content/Dataset/Test/Fake/fake_5181.jpg,0,0,True,0.9999995231628418,5.315683893059031e-07
/content/Dataset/Test/Fake/fake_5182.jpg,0,0,True,0.9999986886978149,1.2658139212362585e-06
/content/Dataset/Test/Fake/fake_5183.jpg,0,0,True,0.99998939037323,1.0564313015493099e-05
/content/Dataset/Test/Fake/fake_5184.jpg,0,0,True,0.7968491315841675,0.20315083861351013
/content/Dataset/Test/Fake/fake_5185.jpg,0,0,True,0.9999586343765259,4.133062611799687e-05
/content/Dataset/Test/Fake/fake_5186.jpg,0,0,True,0.9994335770606995,0.000566345639526844
/content/Dataset/Test/Fake/fake_5187.jpg,0,0,True,0.9999861717224121,1.3808185030939057e-05
/content/Dataset/Test/Fake/fake_5188.jpg,0,0,True,0.9999152421951294,8.47781338961795e-05
/content/Dataset/Test/Fake/fake_5189.jpg,0,0,True,0.9999828338623047,1.712810990284197e-05
/content/Dataset/Test/Fake/fake_519.jpg,0,0,True,0.9999995231628418,4.830772013519891e-07
/content/Dataset/Test/Fake/fake_5190.jpg,0,0,True,0.9995689988136292,0.00043101146002300084
/content/Dataset/Test/Fake/fake_5191.jpg,0,0,True,0.9999947547912598,5.284686722006882e-06
/content/Dataset/Test/Fake/fake_5192.jpg,0,0,True,0.9999992847442627,6.599154289688158e-07
/content/Dataset/Test/Fake/fake_5193.jpg,0,0,True,0.9999923706054688,7.629150786669925e-06
/content/Dataset/Test/Fake/fake_5194.jpg,0,0,True,0.9999991655349731,8.940088491726783e-07
/content/Dataset/Test/Fake/fake_5195.jpg,0,0,True,0.999998927116394,1.0905447425102466e-06
/content/Dataset/Test/Fake/fake_5196.jpg,0,0,True,0.9995606541633606,0.0004392952541820705
/content/Dataset/Test/Fake/fake_5197.jpg,0,0,True,0.9999560117721558,4.4021082430845127e-05
/content/Dataset/Test/Fake/fake_5198.jpg,0,0,True,0.9999988079071045,1.1614333743636962e-06
/content/Dataset/Test/Fake/fake_5199.jpg,0,0,True,0.9998902082443237,0.000109774453449063
/content/Dataset/Test/Fake/fake_52.jpg,0,0,True,0.9952834248542786,0.004716578405350447
/content/Dataset/Test/Fake/fake_520.jpg,0,0,True,0.9999992847442627,7.453300554516318e-07
/content/Dataset/Test/Fake/fake_5200.jpg,0,0,True,0.9994006156921387,0.0005994410603307188
/content/Dataset/Test/Fake/fake_5201.jpg,0,0,True,0.9998810291290283,0.0001189633330795914
/content/Dataset/Test/Fake/fake_5202.jpg,0,0,True,0.9999964237213135,3.5623929761641193e-06
/content/Dataset/Test/Fake/fake_5203.jpg,0,0,True,0.9999986886978149,1.274421151720162e-06
/content/Dataset/Test/Fake/fake_5204.jpg,0,0,True,0.8874971270561218,0.11250288784503937
/content/Dataset/Test/Fake/fake_5205.jpg,0,0,True,0.9975887537002563,0.0024112954270094633
/content/Dataset/Test/Fake/fake_5206.jpg,0,0,True,0.999997615814209,2.3784446057106834e-06
/content/Dataset/Test/Fake/fake_5207.jpg,0,0,True,0.9991668462753296,0.0008331870194524527
/content/Dataset/Test/Fake/fake_5208.jpg,0,0,True,0.9999995231628418,4.612109307799983e-07
/content/Dataset/Test/Fake/fake_5209.jpg,0,0,True,0.9999879598617554,1.2084670743206516e-05
/content/Dataset/Test/Fake/fake_521.jpg,0,0,True,0.9999971389770508,2.821935140673304e-06
/content/Dataset/Test/Fake/fake_5210.jpg,0,0,True,0.9999994039535522,5.938823051110376e-07
/content/Dataset/Test/Fake/fake_5211.jpg,0,0,True,0.9885426759719849,0.011457368731498718
/content/Dataset/Test/Fake/fake_5212.jpg,0,0,True,0.9998821020126343,0.00011788187111960724
/content/Dataset/Test/Fake/fake_5213.jpg,0,0,True,0.9999562501907349,4.3770505726570264e-05
/content/Dataset/Test/Fake/fake_5214.jpg,0,0,True,0.9778001308441162,0.02219989337027073
/content/Dataset/Test/Fake/fake_5215.jpg,0,0,True,0.9981178045272827,0.001882197568193078
/content/Dataset/Test/Fake/fake_5216.jpg,0,0,True,0.9999994039535522,6.494174726867641e-07
/content/Dataset/Test/Fake/fake_5217.jpg,0,0,True,0.9986642599105835,0.001335712498985231
/content/Dataset/Test/Fake/fake_5218.jpg,0,0,True,0.9863877296447754,0.013612298294901848
/content/Dataset/Test/Fake/fake_5219.jpg,0,0,True,0.9999984502792358,1.5515049653913593e-06
/content/Dataset/Test/Fake/fake_522.jpg,0,0,True,0.9999942779541016,5.713223345082952e-06
/content/Dataset/Test/Fake/fake_5220.jpg,0,0,True,0.9999995231628418,4.7316922291429364e-07
/content/Dataset/Test/Fake/fake_5221.jpg,0,0,True,0.9999102354049683,8.977782999863848e-05
/content/Dataset/Test/Fake/fake_5222.jpg,0,0,True,0.9998373985290527,0.00016253495414275676
/content/Dataset/Test/Fake/fake_5223.jpg,0,1,False,0.37824147939682007,0.6217585206031799
/content/Dataset/Test/Fake/fake_5224.jpg,0,0,True,0.995681643486023,0.004318336024880409
/content/Dataset/Test/Fake/fake_5225.jpg,0,0,True,0.9999524354934692,4.75225861009676e-05
/content/Dataset/Test/Fake/fake_5226.jpg,0,0,True,0.9999991655349731,7.957365255606419e-07
/content/Dataset/Test/Fake/fake_5227.jpg,0,0,True,0.999757707118988,0.00024233401927631348
/content/Dataset/Test/Fake/fake_5228.jpg,0,0,True,0.9999995231628418,4.359093281891546e-07
/content/Dataset/Test/Fake/fake_5229.jpg,0,0,True,0.9999992847442627,7.326972877308435e-07
/content/Dataset/Test/Fake/fake_523.jpg,0,0,True,0.9974890947341919,0.002510927151888609
/content/Dataset/Test/Fake/fake_5230.jpg,0,0,True,0.9999996423721313,4.108508449007786e-07
/content/Dataset/Test/Fake/fake_5231.jpg,0,0,True,0.9999957084655762,4.307919880375266e-06
/content/Dataset/Test/Fake/fake_5232.jpg,0,0,True,0.9999986886978149,1.2829108300138614e-06
/content/Dataset/Test/Fake/fake_5233.jpg,0,0,True,0.9999991655349731,8.093505243778054e-07
/content/Dataset/Test/Fake/fake_5234.jpg,0,0,True,0.9999992847442627,6.653011723756208e-07
/content/Dataset/Test/Fake/fake_5235.jpg,0,0,True,0.7016454339027405,0.2983545958995819
/content/Dataset/Test/Fake/fake_5236.jpg,0,0,True,0.9999991655349731,8.065250653999101e-07
/content/Dataset/Test/Fake/fake_5237.jpg,0,0,True,0.9999972581863403,2.741781372606056e-06
/content/Dataset/Test/Fake/fake_5238.jpg,0,0,True,0.9999978542327881,2.1056207515357528e-06
/content/Dataset/Test/Fake/fake_5239.jpg,0,0,True,0.999756395816803,0.00024362509429920465
/content/Dataset/Test/Fake/fake_524.jpg,0,0,True,0.9999953508377075,4.661614639189793e-06
/content/Dataset/Test/Fake/fake_5240.jpg,0,0,True,0.9951702952384949,0.004829717334359884
/content/Dataset/Test/Fake/fake_5241.jpg,0,1,False,0.2796266973018646,0.7203733325004578
/content/Dataset/Test/Fake/fake_5242.jpg,0,0,True,0.9999973773956299,2.6680249902710784e-06
/content/Dataset/Test/Fake/fake_5243.jpg,0,0,True,0.9996181726455688,0.0003817725519184023
/content/Dataset/Test/Fake/fake_5244.jpg,0,0,True,0.7663713693618774,0.23362866044044495
/content/Dataset/Test/Fake/fake_5245.jpg,0,0,True,0.9999918937683105,8.140826139424462e-06
/content/Dataset/Test/Fake/fake_5246.jpg,0,1,False,0.009102133102715015,0.9908978343009949
/content/Dataset/Test/Fake/fake_5247.jpg,0,0,True,0.9736576676368713,0.026342274621129036
/content/Dataset/Test/Fake/fake_5248.jpg,0,0,True,0.9999997615814209,2.884553396143019e-07
/content/Dataset/Test/Fake/fake_5249.jpg,0,0,True,0.9999985694885254,1.4636120795330498e-06
/content/Dataset/Test/Fake/fake_525.jpg,0,0,True,0.9999991655349731,8.251073495557648e-07
/content/Dataset/Test/Fake/fake_5250.jpg,0,0,True,0.9999648332595825,3.5150969779351726e-05
/content/Dataset/Test/Fake/fake_5251.jpg,0,0,True,0.9999996423721313,3.458328876604355e-07
/content/Dataset/Test/Fake/fake_5252.jpg,0,0,True,0.9999995231628418,4.6358030658666394e-07
/content/Dataset/Test/Fake/fake_5253.jpg,0,0,True,0.9980297684669495,0.0019701740238815546
/content/Dataset/Test/Fake/fake_5254.jpg,0,0,True,0.975446879863739,0.02455313503742218
/content/Dataset/Test/Fake/fake_5255.jpg,0,0,True,0.9999685287475586,3.14193130179774e-05
/content/Dataset/Test/Fake/fake_5256.jpg,0,0,True,0.9999992847442627,7.208103625089279e-07
/content/Dataset/Test/Fake/fake_5257.jpg,0,0,True,0.9972071051597595,0.002792881103232503
/content/Dataset/Test/Fake/fake_5258.jpg,0,0,True,0.9999977350234985,2.279838554386515e-06
/content/Dataset/Test/Fake/fake_5259.jpg,0,0,True,0.9999991655349731,8.184068747141282e-07
/content/Dataset/Test/Fake/fake_526.jpg,0,0,True,0.9999983310699463,1.6275608913929318e-06
/content/Dataset/Test/Fake/fake_5260.jpg,0,0,True,0.9999465942382812,5.340631469152868e-05
/content/Dataset/Test/Fake/fake_5261.jpg,0,0,True,0.9999974966049194,2.502432153050904e-06
/content/Dataset/Test/Fake/fake_5262.jpg,0,0,True,0.9997773766517639,0.00022258925309870392
/content/Dataset/Test/Fake/fake_5263.jpg,0,0,True,0.9999947547912598,5.212737960391678e-06
/content/Dataset/Test/Fake/fake_5264.jpg,0,0,True,0.9999985694885254,1.4378446167029324e-06
/content/Dataset/Test/Fake/fake_5265.jpg,0,0,True,0.9994352459907532,0.0005646927165798843
/content/Dataset/Test/Fake/fake_5266.jpg,0,0,True,0.9997194409370422,0.00028056572773493826
/content/Dataset/Test/Fake/fake_5267.jpg,0,0,True,0.9999935626983643,6.4723080868134275e-06
/content/Dataset/Test/Fake/fake_5268.jpg,0,0,True,0.9990105628967285,0.0009893883252516389
/content/Dataset/Test/Fake/fake_5269.jpg,0,0,True,0.9707562923431396,0.029243726283311844
/content/Dataset/Test/Fake/fake_527.jpg,0,0,True,0.9999940395355225,5.924798642809037e-06
/content/Dataset/Test/Fake/fake_5270.jpg,0,0,True,0.9999992847442627,6.988599352553138e-07
/content/Dataset/Test/Fake/fake_5271.jpg,0,0,True,0.9999994039535522,6.49983121547848e-07
/content/Dataset/Test/Fake/fake_5272.jpg,0,0,True,0.995342493057251,0.00465756980702281
/content/Dataset/Test/Fake/fake_5273.jpg,0,0,True,0.9999901056289673,9.944450539478566e-06
/content/Dataset/Test/Fake/fake_5274.jpg,0,0,True,0.9831281900405884,0.016871856525540352
/content/Dataset/Test/Fake/fake_5275.jpg,0,0,True,0.9999995231628418,4.6609557102783583e-07
/content/Dataset/Test/Fake/fake_5276.jpg,0,0,True,0.9999996423721313,3.499889089653152e-07
/content/Dataset/Test/Fake/fake_5277.jpg,0,0,True,0.9973859190940857,0.002614063210785389
/content/Dataset/Test/Fake/fake_5278.jpg,0,0,True,0.9999990463256836,9.195884445034608e-07
/content/Dataset/Test/Fake/fake_5279.jpg,0,0,True,0.9999879598617554,1.2018975212413352e-05
/content/Dataset/Test/Fake/fake_528.jpg,0,0,True,0.9999994039535522,5.760574595115031e-07
/content/Dataset/Test/Fake/fake_5280.jpg,0,0,True,0.9999889135360718,1.104977127397433e-05
/content/Dataset/Test/Fake/fake_5281.jpg,0,0,True,0.9972261786460876,0.0027738488279283047
/content/Dataset/Test/Fake/fake_5282.jpg,0,0,True,0.9990635514259338,0.0009364826837554574
/content/Dataset/Test/Fake/fake_5283.jpg,0,0,True,0.9999936819076538,6.362759449984878e-06
/content/Dataset/Test/Fake/fake_5284.jpg,0,0,True,0.9774417877197266,0.022558175027370453
/content/Dataset/Test/Fake/fake_5285.jpg,0,0,True,0.9999825954437256,1.7388130800100043e-05
/content/Dataset/Test/Fake/fake_5286.jpg,0,0,True,0.9999996423721313,3.0333731615428405e-07
/content/Dataset/Test/Fake/fake_5287.jpg,0,0,True,0.9999730587005615,2.6917396098724566e-05
/content/Dataset/Test/Fake/fake_5288.jpg,0,0,True,0.9999328851699829,6.714422488585114e-05
/content/Dataset/Test/Fake/fake_5289.jpg,0,0,True,0.9957706332206726,0.004229400306940079
/content/Dataset/Test/Fake/fake_529.jpg,0,0,True,0.9999979734420776,1.9669548692036187e-06
/content/Dataset/Test/Fake/fake_5290.jpg,0,0,True,0.9999922513961792,7.801948413543869e-06
/content/Dataset/Test/Fake/fake_5291.jpg,0,0,True,0.9233339428901672,0.07666607946157455
/content/Dataset/Test/Fake/fake_5292.jpg,0,0,True,0.9982572197914124,0.001742769731208682
/content/Dataset/Test/Fake/fake_5293.jpg,0,0,True,0.9999980926513672,1.8859050214814488e-06
/content/Dataset/Test/Fake/fake_5294.jpg,0,0,True,0.9999996423721313,3.5542856835490966e-07
/content/Dataset/Test/Fake/fake_5295.jpg,0,0,True,0.9999992847442627,7.070277092680044e-07
/content/Dataset/Test/Fake/fake_5296.jpg,0,0,True,0.9999995231628418,5.06810295064497e-07
/content/Dataset/Test/Fake/fake_5297.jpg,0,0,True,0.9999972581863403,2.7355233669368317e-06
/content/Dataset/Test/Fake/fake_5298.jpg,0,0,True,0.9999997615814209,2.755238597274001e-07
/content/Dataset/Test/Fake/fake_5299.jpg,0,0,True,0.9999936819076538,6.3242955548048485e-06
/content/Dataset/Test/Fake/fake_53.jpg,0,0,True,0.9999960660934448,3.902162916347152e-06
/content/Dataset/Test/Fake/fake_530.jpg,0,0,True,0.9999918937683105,8.066034752118867e-06
/content/Dataset/Test/Fake/fake_5300.jpg,0,0,True,0.999998927116394,1.1109449360446888e-06
/content/Dataset/Test/Fake/fake_5301.jpg,0,0,True,0.9999713897705078,2.861072243831586e-05
/content/Dataset/Test/Fake/fake_5302.jpg,0,0,True,0.9999948740005493,5.103215244162129e-06
/content/Dataset/Test/Fake/fake_5303.jpg,0,0,True,0.9999849796295166,1.4991170246503316e-05
/content/Dataset/Test/Fake/fake_5304.jpg,0,0,True,0.9984752535820007,0.0015247748233377934
/content/Dataset/Test/Fake/fake_5305.jpg,0,0,True,0.999998927116394,1.108548872252868e-06
/content/Dataset/Test/Fake/fake_5306.jpg,0,0,True,0.9999955892562866,4.377070581540465e-06
/content/Dataset/Test/Fake/fake_5307.jpg,0,0,True,0.9999916553497314,8.328715011884924e-06
/content/Dataset/Test/Fake/fake_5308.jpg,0,0,True,0.9999982118606567,1.8443963654135587e-06
/content/Dataset/Test/Fake/fake_5309.jpg,0,0,True,0.9972732663154602,0.0027266701217740774
/content/Dataset/Test/Fake/fake_531.jpg,0,1,False,0.1562388390302658,0.8437612056732178
/content/Dataset/Test/Fake/fake_5310.jpg,0,0,True,0.9999898672103882,1.0175382158195134e-05
/content/Dataset/Test/Fake/fake_5311.jpg,0,0,True,0.9999948740005493,5.1461993280099705e-06
/content/Dataset/Test/Fake/fake_5312.jpg,0,0,True,0.9944932460784912,0.005506729707121849
/content/Dataset/Test/Fake/fake_5313.jpg,0,0,True,0.993603527545929,0.006396434269845486
/content/Dataset/Test/Fake/fake_5314.jpg,0,0,True,0.9663143754005432,0.03368557244539261
/content/Dataset/Test/Fake/fake_5315.jpg,0,0,True,0.9999843835830688,1.5579335013171658e-05
/content/Dataset/Test/Fake/fake_5316.jpg,0,0,True,0.9984787106513977,0.0015213079750537872
/content/Dataset/Test/Fake/fake_5317.jpg,0,0,True,0.9920275807380676,0.00797240436077118
/content/Dataset/Test/Fake/fake_5318.jpg,0,0,True,0.9999991655349731,8.753502811487124e-07
/content/Dataset/Test/Fake/fake_5319.jpg,0,0,True,0.9999967813491821,3.251072939747246e-06
/content/Dataset/Test/Fake/fake_532.jpg,0,0,True,0.9999902248382568,9.73820442595752e-06
/content/Dataset/Test/Fake/fake_5320.jpg,0,0,True,0.9851566553115845,0.014843316748738289
/content/Dataset/Test/Fake/fake_5321.jpg,0,0,True,0.9999929666519165,7.0575174504483584e-06
/content/Dataset/Test/Fake/fake_5322.jpg,0,0,True,0.9999804496765137,1.9600325686042197e-05
/content/Dataset/Test/Fake/fake_5323.jpg,0,0,True,0.9959290623664856,0.004070955328643322
/content/Dataset/Test/Fake/fake_5324.jpg,0,0,True,0.9999991655349731,8.678601375322614e-07
/content/Dataset/Test/Fake/fake_5325.jpg,0,0,True,0.9999995231628418,4.755900420150283e-07
/content/Dataset/Test/Fake/fake_5326.jpg,0,0,True,0.9997469782829285,0.0002530086785554886
/content/Dataset/Test/Fake/fake_5327.jpg,0,0,True,0.9999918937683105,8.04955925559625e-06
/content/Dataset/Test/Fake/fake_5328.jpg,0,0,True,0.9999936819076538,6.307670901151141e-06
/content/Dataset/Test/Fake/fake_5329.jpg,0,0,True,0.9999592304229736,4.076849654666148e-05
/content/Dataset/Test/Fake/fake_533.jpg,0,0,True,0.9999996423721313,3.280734404143004e-07
/content/Dataset/Test/Fake/fake_5330.jpg,0,0,True,0.9999818801879883,1.8138742234441452e-05
/content/Dataset/Test/Fake/fake_5331.jpg,0,0,True,0.9999963045120239,3.679627525343676e-06
/content/Dataset/Test/Fake/fake_5332.jpg,0,0,True,0.9978912472724915,0.002108767395839095
/content/Dataset/Test/Fake/fake_5333.jpg,0,0,True,0.9963891506195068,0.0036108335480093956
/content/Dataset/Test/Fake/fake_5334.jpg,0,0,True,0.9996678829193115,0.00033213215647265315
/content/Dataset/Test/Fake/fake_5335.jpg,0,0,True,0.9998493194580078,0.00015065501793287694
/content/Dataset/Test/Fake/fake_5336.jpg,0,0,True,0.9999936819076538,6.327474693534896e-06
/content/Dataset/Test/Fake/fake_5337.jpg,0,0,True,0.9961840510368347,0.0038159238174557686
/content/Dataset/Test/Fake/fake_5338.jpg,0,0,True,0.9999988079071045,1.1675235782604432e-06
/content/Dataset/Test/Fake/fake_5339.jpg,0,0,True,0.9999419450759888,5.808235437143594e-05
/content/Dataset/Test/Fake/fake_534.jpg,0,0,True,0.998903751373291,0.0010962674859911203
/content/Dataset/Test/Fake/fake_5340.jpg,0,0,True,0.9940510392189026,0.0059488858096301556
/content/Dataset/Test/Fake/fake_5341.jpg,0,0,True,0.9995760321617126,0.00042398355435580015
/content/Dataset/Test/Fake/fake_5342.jpg,0,0,True,0.9999990463256836,9.010747135107522e-07
/content/Dataset/Test/Fake/fake_5343.jpg,0,0,True,0.9999933242797852,6.6613110902835615e-06
/content/Dataset/Test/Fake/fake_5344.jpg,0,0,True,0.999998927116394,1.0480526952960645e-06
/content/Dataset/Test/Fake/fake_5345.jpg,0,0,True,0.9999992847442627,7.377885253845307e-07
/content/Dataset/Test/Fake/fake_5346.jpg,0,0,True,0.9999986886978149,1.322708612860879e-06
/content/Dataset/Test/Fake/fake_5347.jpg,0,0,True,0.9998971223831177,0.00010287643090123311
/content/Dataset/Test/Fake/fake_5348.jpg,0,0,True,0.9999959468841553,4.043371973239118e-06
/content/Dataset/Test/Fake/fake_5349.jpg,0,0,True,0.9999953508377075,4.621515017788624e-06
/content/Dataset/Test/Fake/fake_535.jpg,0,0,True,0.9999995231628418,4.968422899764846e-07
/content/Dataset/Test/Fake/fake_5350.jpg,0,0,True,0.9999163150787354,8.36481704027392e-05
/content/Dataset/Test/Fake/fake_5351.jpg,0,0,True,0.9999994039535522,5.867484560440062e-07
/content/Dataset/Test/Fake/fake_5352.jpg,0,0,True,0.9999992847442627,6.830661618550948e-07
/content/Dataset/Test/Fake/fake_5353.jpg,0,0,True,0.9999991655349731,8.612566944066202e-07
/content/Dataset/Test/Fake/fake_5354.jpg,0,0,True,0.9999994039535522,6.398871619239799e-07
/content/Dataset/Test/Fake/fake_5355.jpg,0,0,True,0.999782383441925,0.00021766163990832865
/content/Dataset/Test/Fake/fake_5356.jpg,0,0,True,0.9983260035514832,0.001673941733315587
/content/Dataset/Test/Fake/fake_5357.jpg,0,0,True,0.9997567534446716,0.00024325813865289092
/content/Dataset/Test/Fake/fake_5358.jpg,0,0,True,0.9999839067459106,1.606884143257048e-05
/content/Dataset/Test/Fake/fake_5359.jpg,0,0,True,0.9718506932258606,0.02814926765859127
/content/Dataset/Test/Fake/fake_536.jpg,0,0,True,0.9999991655349731,7.790005156493862e-07
/content/Dataset/Test/Fake/fake_5360.jpg,0,0,True,0.9999995231628418,5.075014541944256e-07
/content/Dataset/Test/Fake/fake_5361.jpg,0,0,True,0.9999995231628418,4.492977154768596e-07
/content/Dataset/Test/Fake/fake_5362.jpg,0,0,True,0.9999996423721313,3.5434754863672424e-07
/content/Dataset/Test/Fake/fake_5363.jpg,0,0,True,0.9999960660934448,3.950691279897001e-06
/content/Dataset/Test/Fake/fake_5364.jpg,0,0,True,0.9997543692588806,0.0002455763751640916
/content/Dataset/Test/Fake/fake_5365.jpg,0,0,True,0.9999963045120239,3.663614961624262e-06
/content/Dataset/Test/Fake/fake_5366.jpg,0,0,True,0.9999871253967285,1.2856684406870045e-05
/content/Dataset/Test/Fake/fake_5367.jpg,0,0,True,0.9927166104316711,0.007283427752554417
/content/Dataset/Test/Fake/fake_5368.jpg,0,0,True,0.9666529893875122,0.03334696590900421
/content/Dataset/Test/Fake/fake_5369.jpg,0,0,True,0.9998716115951538,0.00012831430649384856
/content/Dataset/Test/Fake/fake_537.jpg,0,0,True,0.9999953508377075,4.664709649659926e-06
/content/Dataset/Test/Fake/fake_5370.jpg,0,0,True,0.9999755620956421,2.4477563783875667e-05
/content/Dataset/Test/Fake/fake_5371.jpg,0,0,True,0.9999597072601318,4.034353332826868e-05
/content/Dataset/Test/Fake/fake_5372.jpg,0,0,True,0.9999994039535522,6.13745385180664e-07
/content/Dataset/Test/Fake/fake_5373.jpg,0,0,True,0.9999904632568359,9.581920494383667e-06
/content/Dataset/Test/Fake/fake_5374.jpg,0,0,True,0.9995940327644348,0.00040599502972327173
/content/Dataset/Test/Fake/fake_5375.jpg,0,0,True,0.951103150844574,0.04889681190252304
/content/Dataset/Test/Fake/fake_5376.jpg,0,0,True,0.9999997615814209,1.9454272148777818e-07
/content/Dataset/Test/Fake/fake_5377.jpg,0,0,True,0.9999996423721313,3.3603066640353063e-07
/content/Dataset/Test/Fake/fake_5378.jpg,0,0,True,0.9999996423721313,3.465565896476619e-07
/content/Dataset/Test/Fake/fake_5379.jpg,0,0,True,0.9992541670799255,0.0007457858300767839
/content/Dataset/Test/Fake/fake_538.jpg,0,0,True,0.9999984502792358,1.5659015843993984e-06
/content/Dataset/Test/Fake/fake_5380.jpg,0,0,True,0.9999475479125977,5.250050890026614e-05
/content/Dataset/Test/Fake/fake_5381.jpg,0,0,True,0.9999988079071045,1.1984211596427485e-06
/content/Dataset/Test/Fake/fake_5382.jpg,0,0,True,0.9999996423721313,3.354037687586242e-07
/content/Dataset/Test/Fake/fake_5383.jpg,0,0,True,0.9999995231628418,4.2458000848455413e-07
/content/Dataset/Test/Fake/fake_5384.jpg,0,0,True,0.9999997615814209,2.978245561280346e-07
/content/Dataset/Test/Fake/fake_5385.jpg,0,0,True,0.9874332547187805,0.01256675273180008
/content/Dataset/Test/Fake/fake_5386.jpg,0,0,True,0.9999991655349731,7.851357395338709e-07
/content/Dataset/Test/Fake/fake_5387.jpg,0,0,True,0.9999994039535522,5.445104989121319e-07
/content/Dataset/Test/Fake/fake_5388.jpg,0,0,True,0.9999996423721313,3.3991162240454287e-07
/content/Dataset/Test/Fake/fake_5389.jpg,0,0,True,0.9999991655349731,8.691191624166095e-07
/content/Dataset/Test/Fake/fake_539.jpg,0,0,True,0.9999991655349731,8.772105388743512e-07
/content/Dataset/Test/Fake/fake_5390.jpg,0,0,True,0.9991138577461243,0.0008861264795996249
/content/Dataset/Test/Fake/fake_5391.jpg,0,0,True,0.9999887943267822,1.1196580999239814e-05
/content/Dataset/Test/Fake/fake_5392.jpg,0,0,True,0.9999985694885254,1.3915695262767258e-06
/content/Dataset/Test/Fake/fake_5393.jpg,0,0,True,0.9999943971633911,5.5996652008616365e-06
/content/Dataset/Test/Fake/fake_5394.jpg,0,0,True,0.9999898672103882,1.0093982382386457e-05
/content/Dataset/Test/Fake/fake_5395.jpg,0,0,True,0.9999914169311523,8.61257103679236e-06
/content/Dataset/Test/Fake/fake_5396.jpg,0,0,True,0.9999995231628418,4.853213795286138e-07
/content/Dataset/Test/Fake/fake_5397.jpg,0,0,True,0.9999953508377075,4.692525180871598e-06
/content/Dataset/Test/Fake/fake_5398.jpg,0,0,True,0.9999985694885254,1.4283365317169228e-06
/content/Dataset/Test/Fake/fake_5399.jpg,0,0,True,0.999993085861206,6.95922926752246e-06
/content/Dataset/Test/Fake/fake_54.jpg,0,1,False,0.27147480845451355,0.7285252213478088
/content/Dataset/Test/Fake/fake_540.jpg,0,0,True,0.9999985694885254,1.3939123846284929e-06
/content/Dataset/Test/Fake/fake_5400.jpg,0,0,True,0.9935399889945984,0.006460051983594894
/content/Dataset/Test/Fake/fake_5401.jpg,0,0,True,0.99968421459198,0.0003157537430524826
/content/Dataset/Test/Fake/fake_5402.jpg,0,0,True,0.9999990463256836,9.053383678292448e-07
/content/Dataset/Test/Fake/fake_5403.jpg,0,0,True,0.9997748732566833,0.00022507848916575313
/content/Dataset/Test/Fake/fake_5404.jpg,0,0,True,0.9999716281890869,2.8429531084839255e-05
/content/Dataset/Test/Fake/fake_5405.jpg,0,0,True,0.9999972581863403,2.779073383862851e-06
/content/Dataset/Test/Fake/fake_5406.jpg,0,0,True,0.9999988079071045,1.199832354359387e-06
/content/Dataset/Test/Fake/fake_5407.jpg,0,0,True,0.9993358254432678,0.0006641896325163543
/content/Dataset/Test/Fake/fake_5408.jpg,0,0,True,0.999998927116394,1.0931728411378572e-06
/content/Dataset/Test/Fake/fake_5409.jpg,0,0,True,0.9999362230300903,6.37211196590215e-05
/content/Dataset/Test/Fake/fake_541.jpg,0,0,True,0.9997066855430603,0.0002932539791800082
/content/Dataset/Test/Fake/fake_5410.jpg,0,0,True,0.9999983310699463,1.6773109337009373e-06
/content/Dataset/Test/Fake/fake_5411.jpg,0,0,True,0.9999938011169434,6.1860719142714515e-06
/content/Dataset/Test/Fake/fake_5412.jpg,0,0,True,0.999994158744812,5.805395630886778e-06
/content/Dataset/Test/Fake/fake_5413.jpg,0,0,True,0.9999990463256836,1.0068131359730614e-06
/content/Dataset/Test/Fake/fake_5414.jpg,0,0,True,0.999994158744812,5.851787591382163e-06
/content/Dataset/Test/Fake/fake_5415.jpg,0,0,True,0.9999984502792358,1.5029557971502072e-06
/content/Dataset/Test/Fake/fake_5416.jpg,0,0,True,0.9999924898147583,7.475777238141745e-06
/content/Dataset/Test/Fake/fake_5417.jpg,0,0,True,0.9999977350234985,2.323416993021965e-06
/content/Dataset/Test/Fake/fake_5418.jpg,0,0,True,0.9999994039535522,5.373810267883528e-07
/content/Dataset/Test/Fake/fake_5419.jpg,0,0,True,0.9999974966049194,2.4482405933667906e-06
/content/Dataset/Test/Fake/fake_542.jpg,0,0,True,0.9999967813491821,3.2149378057511058e-06
/content/Dataset/Test/Fake/fake_5420.jpg,0,0,True,0.999995231628418,4.757393071486149e-06
/content/Dataset/Test/Fake/fake_5421.jpg,0,0,True,0.9999992847442627,6.821072702223319e-07
/content/Dataset/Test/Fake/fake_5422.jpg,0,0,True,0.9999996423721313,3.6367967481965024e-07
/content/Dataset/Test/Fake/fake_5423.jpg,0,0,True,0.9999991655349731,8.519699576936546e-07
/content/Dataset/Test/Fake/fake_5424.jpg,0,0,True,0.9999988079071045,1.1859738151542842e-06
/content/Dataset/Test/Fake/fake_5425.jpg,0,0,True,0.9999992847442627,6.823304374847794e-07
/content/Dataset/Test/Fake/fake_5426.jpg,0,0,True,0.9999994039535522,5.558550242312776e-07
/content/Dataset/Test/Fake/fake_5427.jpg,0,0,True,0.9999940395355225,5.949229944235412e-06
/content/Dataset/Test/Fake/fake_5428.jpg,0,0,True,0.9999992847442627,7.539159128100437e-07
/content/Dataset/Test/Fake/fake_5429.jpg,0,0,True,0.9999990463256836,9.184543046103499e-07
/content/Dataset/Test/Fake/fake_543.jpg,0,0,True,0.9999974966049194,2.4738726551731816e-06
/content/Dataset/Test/Fake/fake_5430.jpg,0,0,True,0.9304136037826538,0.06958644092082977
/content/Dataset/Test/Fake/fake_5431.jpg,0,0,True,0.9891659617424011,0.01083399634808302
/content/Dataset/Test/Fake/fake_5432.jpg,0,0,True,0.9999979734420776,1.9936512671847595e-06
/content/Dataset/Test/Fake/fake_5433.jpg,0,0,True,0.999971866607666,2.8104886951041408e-05
/content/Dataset/Test/Fake/fake_5434.jpg,0,0,True,0.9993731379508972,0.0006268438301049173
/content/Dataset/Test/Fake/fake_5435.jpg,0,0,True,0.9048883318901062,0.09511170536279678
/content/Dataset/Test/Fake/fake_5436.jpg,0,0,True,0.9953266382217407,0.004673368763178587
/content/Dataset/Test/Fake/fake_5437.jpg,0,0,True,0.9999518394470215,4.814955173060298e-05
/content/Dataset/Test/Fake/fake_5438.jpg,0,0,True,0.9999698400497437,3.0192251870175824e-05
/content/Dataset/Test/Fake/fake_5439.jpg,0,0,True,0.9999995231628418,4.943491376252496e-07
/content/Dataset/Test/Fake/fake_544.jpg,0,0,True,0.999962329864502,3.764552820939571e-05
/content/Dataset/Test/Fake/fake_5440.jpg,0,0,True,0.9999991655349731,8.215716320592037e-07
/content/Dataset/Test/Fake/fake_5441.jpg,0,0,True,0.9999972581863403,2.7376479465601733e-06
/content/Dataset/Test/Fake/fake_5442.jpg,0,0,True,0.9999517202377319,4.8291458369931206e-05
/content/Dataset/Test/Fake/fake_5443.jpg,0,0,True,0.9981182813644409,0.0018816950032487512
/content/Dataset/Test/Fake/fake_5444.jpg,0,0,True,0.9999982118606567,1.7985568092626636e-06
/content/Dataset/Test/Fake/fake_5445.jpg,0,0,True,0.999998927116394,1.1044019174732966e-06
/content/Dataset/Test/Fake/fake_5446.jpg,0,0,True,0.5261780023574829,0.4738219380378723
/content/Dataset/Test/Fake/fake_5447.jpg,0,0,True,0.9999852180480957,1.482022344134748e-05
/content/Dataset/Test/Fake/fake_5448.jpg,0,0,True,0.999929666519165,7.033537985989824e-05
/content/Dataset/Test/Fake/fake_5449.jpg,0,0,True,0.9999912977218628,8.724578037799802e-06
/content/Dataset/Test/Fake/fake_545.jpg,0,0,True,0.9999991655349731,7.76236674937536e-07
/content/Dataset/Test/Fake/fake_5450.jpg,0,0,True,0.9990491271018982,0.0009508767398074269
/content/Dataset/Test/Fake/fake_5451.jpg,0,0,True,0.9997535347938538,0.000246418610913679
/content/Dataset/Test/Fake/fake_5452.jpg,0,0,True,0.7025639414787292,0.29743608832359314
/content/Dataset/Test/Fake/fake_5453.jpg,0,0,True,0.9859464764595032,0.01405358873307705
/content/Dataset/Test/Fake/fake_5454.jpg,0,0,True,0.9999995231628418,5.074641649116529e-07
/content/Dataset/Test/Fake/fake_5455.jpg,0,0,True,0.9999994039535522,6.042324116606324e-07
/content/Dataset/Test/Fake/fake_5456.jpg,0,0,True,0.9999661445617676,3.387633842066862e-05
/content/Dataset/Test/Fake/fake_5457.jpg,0,0,True,0.9999806880950928,1.9254801372881047e-05
/content/Dataset/Test/Fake/fake_5458.jpg,0,0,True,0.9999402761459351,5.9695434174500406e-05
/content/Dataset/Test/Fake/fake_5459.jpg,0,0,True,0.9999743700027466,2.5611194359953515e-05
/content/Dataset/Test/Fake/fake_546.jpg,0,0,True,0.9999969005584717,3.1128527098189807e-06
/content/Dataset/Test/Fake/fake_5460.jpg,0,0,True,0.9999924898147583,7.502353582822252e-06
/content/Dataset/Test/Fake/fake_5461.jpg,0,0,True,0.999874472618103,0.00012556996080093086
/content/Dataset/Test/Fake/fake_5462.jpg,0,0,True,0.9999995231628418,4.621073230737238e-07
/content/Dataset/Test/Fake/fake_5463.jpg,0,0,True,0.9999579191207886,4.212925341562368e-05
/content/Dataset/Test/Fake/fake_5464.jpg,0,0,True,0.9999992847442627,7.699719617448864e-07
/content/Dataset/Test/Fake/fake_5465.jpg,0,0,True,0.999882698059082,0.0001172824704553932
/content/Dataset/Test/Fake/fake_5466.jpg,0,0,True,0.9999990463256836,9.731518275657436e-07
/content/Dataset/Test/Fake/fake_5467.jpg,0,0,True,0.9999977350234985,2.3062684704200365e-06
/content/Dataset/Test/Fake/fake_5468.jpg,0,0,True,0.999998927116394,1.1128302048746264e-06
/content/Dataset/Test/Fake/fake_5469.jpg,0,0,True,0.9999746084213257,2.5389777874806896e-05
/content/Dataset/Test/Fake/fake_547.jpg,0,0,True,0.9999984502792358,1.5321897990361322e-06
/content/Dataset/Test/Fake/fake_5470.jpg,0,0,True,0.9999996423721313,3.2814199357744656e-07
/content/Dataset/Test/Fake/fake_5471.jpg,0,0,True,0.9999990463256836,9.054066367752966e-07
/content/Dataset/Test/Fake/fake_5472.jpg,0,0,True,0.9999988079071045,1.164073637482943e-06
/content/Dataset/Test/Fake/fake_5473.jpg,0,0,True,0.9988967180252075,0.0011032021138817072
/content/Dataset/Test/Fake/fake_5474.jpg,0,0,True,0.9999994039535522,5.438213293018634e-07
/content/Dataset/Test/Fake/fake_5475.jpg,0,0,True,0.9999934434890747,6.581238267244771e-06
/content/Dataset/Test/Fake/fake_5476.jpg,0,0,True,0.9999983310699463,1.6645915366098052e-06
/content/Dataset/Test/Fake/fake_5477.jpg,0,0,True,0.9999951124191284,4.91002356284298e-06
/content/Dataset/Test/Fake/fake_5478.jpg,0,0,True,0.9999804496765137,1.9541665096767247e-05
/content/Dataset/Test/Fake/fake_5479.jpg,0,0,True,0.9999061822891235,9.384285658597946e-05
/content/Dataset/Test/Fake/fake_548.jpg,0,0,True,0.9999992847442627,6.924578883626964e-07
/content/Dataset/Test/Fake/fake_5480.jpg,0,0,True,0.9999650716781616,3.4879027225542814e-05
/content/Dataset/Test/Fake/fake_5481.jpg,0,0,True,0.9999991655349731,7.824232852726709e-07
/content/Dataset/Test/Fake/fake_5482.jpg,0,0,True,0.9999996423721313,3.383911177934351e-07
/content/Dataset/Test/Fake/fake_5483.jpg,0,0,True,0.999829888343811,0.00017005341942422092
/content/Dataset/Test/Fake/fake_5484.jpg,0,0,True,0.9998735189437866,0.00012648616393562406
/content/Dataset/Test/Fake/fake_5485.jpg,0,0,True,0.9999991655349731,8.90278840870451e-07
/content/Dataset/Test/Fake/fake_5486.jpg,0,0,True,0.9999936819076538,6.346639111143304e-06
/content/Dataset/Test/Fake/fake_5487.jpg,0,0,True,0.9930211901664734,0.006978858262300491
/content/Dataset/Test/Fake/fake_5488.jpg,0,0,True,0.999896764755249,0.00010324153117835522
/content/Dataset/Test/Fake/fake_5489.jpg,0,0,True,0.9999996423721313,3.325988018332282e-07
/content/Dataset/Test/Fake/fake_549.jpg,0,0,True,0.9999992847442627,6.962149541323015e-07
/content/Dataset/Test/Fake/fake_5490.jpg,0,0,True,0.9999985694885254,1.4250126696424559e-06
/content/Dataset/Test/Fake/fake_5491.jpg,0,0,True,0.99998939037323,1.0576541171758436e-05
/content/Dataset/Test/Fake/fake_55.jpg,0,0,True,0.9995089769363403,0.0004910459974780679
/content/Dataset/Test/Fake/fake_550.jpg,0,0,True,0.9999991655349731,8.130655260174535e-07
/content/Dataset/Test/Fake/fake_551.jpg,0,0,True,0.999993085861206,6.912319804541767e-06
/content/Dataset/Test/Fake/fake_552.jpg,0,0,True,0.999990701675415,9.265575499739498e-06
/content/Dataset/Test/Fake/fake_553.jpg,0,0,True,0.9999958276748657,4.155818714934867e-06
/content/Dataset/Test/Fake/fake_554.jpg,0,1,False,0.0038158679381012917,0.9961841702461243
/content/Dataset/Test/Fake/fake_555.jpg,0,0,True,0.9999994039535522,5.485739507093967e-07
/content/Dataset/Test/Fake/fake_556.jpg,0,0,True,0.9995681643486023,0.00043188504059799016
/content/Dataset/Test/Fake/fake_557.jpg,0,0,True,0.9999996423721313,3.0518597782247525e-07
/content/Dataset/Test/Fake/fake_558.jpg,0,0,True,0.9999387264251709,6.125398067524657e-05
/content/Dataset/Test/Fake/fake_559.jpg,0,0,True,0.99998939037323,1.0655448932084255e-05
/content/Dataset/Test/Fake/fake_56.jpg,0,0,True,0.9999878406524658,1.215809697896475e-05
/content/Dataset/Test/Fake/fake_560.jpg,0,0,True,0.9999995231628418,5.281273161017452e-07
/content/Dataset/Test/Fake/fake_561.jpg,0,0,True,0.9999948740005493,5.142632289789617e-06
/content/Dataset/Test/Fake/fake_562.jpg,0,0,True,0.9999918937683105,8.129104571708012e-06
/content/Dataset/Test/Fake/fake_563.jpg,0,0,True,0.9999995231628418,4.6210203663576976e-07
/content/Dataset/Test/Fake/fake_564.jpg,0,0,True,0.9999992847442627,6.689218707833788e-07
/content/Dataset/Test/Fake/fake_565.jpg,0,0,True,0.9999994039535522,5.518961074812978e-07
/content/Dataset/Test/Fake/fake_566.jpg,0,0,True,0.999305248260498,0.0006947665242478251
/content/Dataset/Test/Fake/fake_567.jpg,0,0,True,0.9999488592147827,5.110001075081527e-05
/content/Dataset/Test/Fake/fake_568.jpg,0,0,True,0.9999865293502808,1.3432201740215532e-05
/content/Dataset/Test/Fake/fake_569.jpg,0,0,True,0.9999611377716064,3.881185330101289e-05
/content/Dataset/Test/Fake/fake_57.jpg,0,0,True,0.9999250173568726,7.500928040826693e-05
/content/Dataset/Test/Fake/fake_570.jpg,0,0,True,0.9999997615814209,2.7045717843066086e-07
/content/Dataset/Test/Fake/fake_571.jpg,0,0,True,0.9999978542327881,2.1713460682803998e-06
/content/Dataset/Test/Fake/fake_572.jpg,0,0,True,0.9999967813491821,3.2751750040915795e-06
/content/Dataset/Test/Fake/fake_573.jpg,0,0,True,0.9999984502792358,1.5327831306422013e-06
/content/Dataset/Test/Fake/fake_574.jpg,0,0,True,0.999998927116394,1.1147081977469497e-06
/content/Dataset/Test/Fake/fake_575.jpg,0,0,True,0.9999920129776001,7.966462362674065e-06
/content/Dataset/Test/Fake/fake_576.jpg,0,0,True,0.9999982118606567,1.8255337863593013e-06
/content/Dataset/Test/Fake/fake_577.jpg,0,0,True,0.9999991655349731,8.858139040057722e-07
/content/Dataset/Test/Fake/fake_578.jpg,0,0,True,0.9999996423721313,3.9863928691374895e-07
/content/Dataset/Test/Fake/fake_579.jpg,0,0,True,0.9999984502792358,1.5816167433513328e-06
/content/Dataset/Test/Fake/fake_58.jpg,0,0,True,0.9994008541107178,0.0005991034558974206
/content/Dataset/Test/Fake/fake_580.jpg,0,0,True,0.9999983310699463,1.6438026477771928e-06
/content/Dataset/Test/Fake/fake_581.jpg,0,0,True,0.999998927116394,1.043913925968809e-06
/content/Dataset/Test/Fake/fake_582.jpg,0,0,True,0.9999991655349731,8.375185416298336e-07
/content/Dataset/Test/Fake/fake_583.jpg,0,0,True,0.9999997615814209,2.3770269308442948e-07
/content/Dataset/Test/Fake/fake_584.jpg,0,0,True,0.9999990463256836,9.472106512475875e-07
/content/Dataset/Test/Fake/fake_585.jpg,0,0,True,0.9999986886978149,1.2743457773467526e-06
/content/Dataset/Test/Fake/fake_586.jpg,0,0,True,0.9999995231628418,5.224126766734116e-07
/content/Dataset/Test/Fake/fake_587.jpg,0,0,True,0.9999992847442627,7.498259151361708e-07
/content/Dataset/Test/Fake/fake_588.jpg,0,0,True,0.9999992847442627,7.037395448605821e-07
/content/Dataset/Test/Fake/fake_589.jpg,0,0,True,0.9999996423721313,3.967372776969569e-07
/content/Dataset/Test/Fake/fake_59.jpg,0,0,True,0.9999895095825195,1.0536795343796257e-05
/content/Dataset/Test/Fake/fake_590.jpg,0,0,True,0.9999995231628418,4.784884595210315e-07
/content/Dataset/Test/Fake/fake_591.jpg,0,0,True,0.9999992847442627,6.924697117938194e-07
/content/Dataset/Test/Fake/fake_592.jpg,0,0,True,0.9999945163726807,5.481275820784504e-06
/content/Dataset/Test/Fake/fake_593.jpg,0,0,True,0.9999994039535522,5.972059966552479e-07
/content/Dataset/Test/Fake/fake_594.jpg,0,0,True,0.9999990463256836,8.988320701064367e-07
/content/Dataset/Test/Fake/fake_595.jpg,0,0,True,0.9999995231628418,4.1999942368420307e-07
/content/Dataset/Test/Fake/fake_596.jpg,0,0,True,0.9999970197677612,2.927304876720882e-06
/content/Dataset/Test/Fake/fake_597.jpg,0,0,True,0.9999486207962036,5.141401561559178e-05
/content/Dataset/Test/Fake/fake_598.jpg,0,0,True,0.9999918937683105,8.102062565740198e-06
/content/Dataset/Test/Fake/fake_599.jpg,0,0,True,0.9999985694885254,1.3927324289397802e-06
/content/Dataset/Test/Fake/fake_6.jpg,0,0,True,0.8913383483886719,0.10866160690784454
/content/Dataset/Test/Fake/fake_60.jpg,0,0,True,0.9999332427978516,6.680354999843985e-05
/content/Dataset/Test/Fake/fake_600.jpg,0,0,True,0.9999992847442627,6.830023266957141e-07
/content/Dataset/Test/Fake/fake_601.jpg,0,0,True,0.9999984502792358,1.5696798527642386e-06
/content/Dataset/Test/Fake/fake_602.jpg,0,0,True,0.9999995231628418,4.635413688447443e-07
/content/Dataset/Test/Fake/fake_603.jpg,0,0,True,0.9999995231628418,4.654985730212502e-07
/content/Dataset/Test/Fake/fake_604.jpg,0,0,True,0.9999990463256836,9.25542167351523e-07
/content/Dataset/Test/Fake/fake_605.jpg,0,0,True,0.9999992847442627,7.685172249694006e-07
/content/Dataset/Test/Fake/fake_606.jpg,0,0,True,0.999998927116394,1.0695474657040904e-06
/content/Dataset/Test/Fake/fake_607.jpg,0,0,True,0.9999984502792358,1.5888734878899413e-06
/content/Dataset/Test/Fake/fake_608.jpg,0,0,True,0.9999983310699463,1.6887630636119866e-06
/content/Dataset/Test/Fake/fake_609.jpg,0,0,True,0.9999994039535522,5.976185093459208e-07
/content/Dataset/Test/Fake/fake_61.jpg,0,0,True,0.9994521737098694,0.0005478509701788425
/content/Dataset/Test/Fake/fake_610.jpg,0,0,True,0.9999816417694092,1.8311118765268475e-05
/content/Dataset/Test/Fake/fake_611.jpg,0,0,True,0.9999966621398926,3.39582538799732e-06
/content/Dataset/Test/Fake/fake_612.jpg,0,0,True,0.9672297835350037,0.032770149409770966
/content/Dataset/Test/Fake/fake_613.jpg,0,0,True,0.9999980926513672,1.963471277122153e-06
/content/Dataset/Test/Fake/fake_614.jpg,0,0,True,0.999997615814209,2.364177134950296e-06
/content/Dataset/Test/Fake/fake_615.jpg,0,0,True,0.999998927116394,1.0636508704919834e-06
/content/Dataset/Test/Fake/fake_616.jpg,0,0,True,0.9999198913574219,8.010640885913745e-05
/content/Dataset/Test/Fake/fake_617.jpg,0,0,True,0.9998512268066406,0.00014876086788717657
/content/Dataset/Test/Fake/fake_618.jpg,0,0,True,0.9999973773956299,2.6216409878543345e-06
/content/Dataset/Test/Fake/fake_619.jpg,0,0,True,0.9999932050704956,6.763668807252543e-06
/content/Dataset/Test/Fake/fake_62.jpg,0,0,True,0.999998927116394,1.0181670404563192e-06
/content/Dataset/Test/Fake/fake_620.jpg,0,0,True,0.9999983310699463,1.6324731859640451e-06
/content/Dataset/Test/Fake/fake_621.jpg,0,0,True,0.9999985694885254,1.456284394407703e-06
/content/Dataset/Test/Fake/fake_622.jpg,0,0,True,0.9992753863334656,0.0007246783352456987
/content/Dataset/Test/Fake/fake_623.jpg,0,0,True,0.9999994039535522,6.304600788098469e-07
/content/Dataset/Test/Fake/fake_624.jpg,0,0,True,0.9999983310699463,1.6816836705402238e-06
/content/Dataset/Test/Fake/fake_625.jpg,0,0,True,0.9999992847442627,7.563442068203585e-07
/content/Dataset/Test/Fake/fake_626.jpg,0,0,True,0.9999991655349731,8.548527148377616e-07
/content/Dataset/Test/Fake/fake_627.jpg,0,0,True,0.9999967813491821,3.1770400710229296e-06
/content/Dataset/Test/Fake/fake_628.jpg,0,0,True,0.9999916553497314,8.346763024746906e-06
/content/Dataset/Test/Fake/fake_629.jpg,0,0,True,0.9999995231628418,4.4431445189729857e-07
/content/Dataset/Test/Fake/fake_63.jpg,0,0,True,0.9990977048873901,0.000902370607946068
/content/Dataset/Test/Fake/fake_630.jpg,0,0,True,0.9999985694885254,1.4185596910465392e-06
/content/Dataset/Test/Fake/fake_631.jpg,0,0,True,0.9999990463256836,9.402052114637627e-07
/content/Dataset/Test/Fake/fake_632.jpg,0,0,True,0.9999788999557495,2.112498987116851e-05
/content/Dataset/Test/Fake/fake_633.jpg,0,0,True,0.9999696016311646,3.0356177376233973e-05
/content/Dataset/Test/Fake/fake_634.jpg,0,0,True,0.9999984502792358,1.559482825541636e-06
/content/Dataset/Test/Fake/fake_635.jpg,0,0,True,0.9999908208847046,9.13329677132424e-06
/content/Dataset/Test/Fake/fake_636.jpg,0,0,True,0.9999899864196777,1.001317741611274e-05
/content/Dataset/Test/Fake/fake_637.jpg,0,0,True,0.9999996423721313,3.094124565450329e-07
/content/Dataset/Test/Fake/fake_638.jpg,0,0,True,0.9999995231628418,5.162776801626023e-07
/content/Dataset/Test/Fake/fake_639.jpg,0,0,True,0.9999994039535522,6.536270120705012e-07
/content/Dataset/Test/Fake/fake_64.jpg,0,0,True,0.999993085861206,6.859992936369963e-06
/content/Dataset/Test/Fake/fake_640.jpg,0,0,True,0.9931879043579102,0.0068121496587991714
/content/Dataset/Test/Fake/fake_641.jpg,0,0,True,0.996560275554657,0.003439736319705844
/content/Dataset/Test/Fake/fake_642.jpg,0,0,True,0.9999992847442627,6.725455250489176e-07
/content/Dataset/Test/Fake/fake_643.jpg,0,0,True,0.999992847442627,7.144761639210628e-06
/content/Dataset/Test/Fake/fake_644.jpg,0,0,True,0.9999984502792358,1.5227720950861112e-06
/content/Dataset/Test/Fake/fake_645.jpg,0,0,True,0.9999972581863403,2.7753178528655553e-06
/content/Dataset/Test/Fake/fake_646.jpg,0,0,True,0.9999574422836304,4.252814323990606e-05
/content/Dataset/Test/Fake/fake_647.jpg,0,0,True,0.9999996423721313,3.5263903441773436e-07
/content/Dataset/Test/Fake/fake_648.jpg,0,0,True,0.987993597984314,0.012006383389234543
/content/Dataset/Test/Fake/fake_649.jpg,0,0,True,0.9997294545173645,0.0002705062215682119
/content/Dataset/Test/Fake/fake_65.jpg,0,0,True,0.998867392539978,0.001132683944888413
/content/Dataset/Test/Fake/fake_650.jpg,0,0,True,0.9999971389770508,2.8076517537556356e-06
/content/Dataset/Test/Fake/fake_651.jpg,0,0,True,0.9999957084655762,4.337246082286583e-06
/content/Dataset/Test/Fake/fake_652.jpg,0,0,True,0.9999991655349731,8.294505846606626e-07
/content/Dataset/Test/Fake/fake_653.jpg,0,0,True,0.9999990463256836,9.211657356900105e-07
/content/Dataset/Test/Fake/fake_654.jpg,0,0,True,0.9999983310699463,1.702688678051345e-06
/content/Dataset/Test/Fake/fake_655.jpg,0,0,True,0.9999994039535522,6.127645519882208e-07
/content/Dataset/Test/Fake/fake_656.jpg,0,0,True,0.9997223019599915,0.0002777173067443073
/content/Dataset/Test/Fake/fake_657.jpg,0,0,True,0.9999946355819702,5.325951406121021e-06
/content/Dataset/Test/Fake/fake_658.jpg,0,0,True,0.9999994039535522,5.373831299948506e-07
/content/Dataset/Test/Fake/fake_659.jpg,0,0,True,0.9996504783630371,0.00034951037378050387
/content/Dataset/Test/Fake/fake_66.jpg,0,0,True,0.9999929666519165,6.980645594012458e-06
/content/Dataset/Test/Fake/fake_660.jpg,0,0,True,0.9999815225601196,1.8447113689035177e-05
/content/Dataset/Test/Fake/fake_661.jpg,0,0,True,0.9954594969749451,0.0045405044220387936
/content/Dataset/Test/Fake/fake_662.jpg,0,0,True,0.9999994039535522,6.362670887938293e-07
/content/Dataset/Test/Fake/fake_663.jpg,0,0,True,0.9999980926513672,1.910777882585535e-06
/content/Dataset/Test/Fake/fake_664.jpg,0,0,True,0.9999980926513672,1.853789854067145e-06
/content/Dataset/Test/Fake/fake_665.jpg,0,0,True,0.9999843835830688,1.5660118151572533e-05
/content/Dataset/Test/Fake/fake_666.jpg,0,0,True,0.9999994039535522,6.313860581030895e-07
/content/Dataset/Test/Fake/fake_667.jpg,0,0,True,0.9999980926513672,1.8709647520154249e-06
/content/Dataset/Test/Fake/fake_668.jpg,0,0,True,0.9999167919158936,8.321417408296838e-05
/content/Dataset/Test/Fake/fake_669.jpg,0,0,True,0.9997377991676331,0.0002622115716803819
/content/Dataset/Test/Fake/fake_67.jpg,0,0,True,0.9999926090240479,7.3479550337651744e-06
/content/Dataset/Test/Fake/fake_670.jpg,0,0,True,0.9999995231628418,4.880012056673877e-07
/content/Dataset/Test/Fake/fake_671.jpg,0,0,True,0.9999802112579346,1.983499532798305e-05
/content/Dataset/Test/Fake/fake_672.jpg,0,0,True,0.9997064471244812,0.0002934799704235047
/content/Dataset/Test/Fake/fake_673.jpg,0,0,True,0.9999992847442627,6.825165996815485e-07
/content/Dataset/Test/Fake/fake_674.jpg,0,0,True,0.9999955892562866,4.392751634441083e-06
/content/Dataset/Test/Fake/fake_675.jpg,0,0,True,0.9999986886978149,1.3600446209238726e-06
/content/Dataset/Test/Fake/fake_676.jpg,0,0,True,0.9998711347579956,0.00012885504111181945
/content/Dataset/Test/Fake/fake_677.jpg,0,0,True,0.9999953508377075,4.613927103491733e-06
/content/Dataset/Test/Fake/fake_678.jpg,0,0,True,0.999998927116394,1.047846694746113e-06
/content/Dataset/Test/Fake/fake_679.jpg,0,0,True,0.9999958276748657,4.21691765950527e-06
/content/Dataset/Test/Fake/fake_68.jpg,0,0,True,0.9998766183853149,0.0001233152870554477
/content/Dataset/Test/Fake/fake_680.jpg,0,0,True,0.999964714050293,3.5271521483082324e-05
/content/Dataset/Test/Fake/fake_681.jpg,0,0,True,0.9999996423721313,3.345533912124665e-07
/content/Dataset/Test/Fake/fake_682.jpg,0,0,True,0.9999638795852661,3.609642953961156e-05
/content/Dataset/Test/Fake/fake_683.jpg,0,0,True,0.9999983310699463,1.7263035942960414e-06
/content/Dataset/Test/Fake/fake_684.jpg,0,0,True,0.9999992847442627,7.646848416698049e-07
/content/Dataset/Test/Fake/fake_685.jpg,0,0,True,0.9999926090240479,7.4471868174441624e-06
/content/Dataset/Test/Fake/fake_686.jpg,0,0,True,0.9999985694885254,1.4710410596308066e-06
/content/Dataset/Test/Fake/fake_687.jpg,0,0,True,0.9999969005584717,3.128417574771447e-06
/content/Dataset/Test/Fake/fake_688.jpg,0,0,True,0.9999988079071045,1.2112509466533083e-06
/content/Dataset/Test/Fake/fake_689.jpg,0,0,True,0.9999771118164062,2.2935095330467448e-05
/content/Dataset/Test/Fake/fake_69.jpg,0,0,True,0.9917879700660706,0.008212101645767689
/content/Dataset/Test/Fake/fake_690.jpg,0,0,True,0.9999995231628418,5.155484927854559e-07
/content/Dataset/Test/Fake/fake_691.jpg,0,0,True,0.9999991655349731,8.124051191771287e-07
/content/Dataset/Test/Fake/fake_692.jpg,0,0,True,0.9999992847442627,6.860803978270269e-07
/content/Dataset/Test/Fake/fake_693.jpg,0,0,True,0.999679446220398,0.00032055703923106194
/content/Dataset/Test/Fake/fake_694.jpg,0,0,True,0.9999837875366211,1.6211126421694644e-05
/content/Dataset/Test/Fake/fake_695.jpg,0,0,True,0.9997243285179138,0.0002756775647867471
/content/Dataset/Test/Fake/fake_696.jpg,0,0,True,0.9999961853027344,3.8400689845730085e-06
/content/Dataset/Test/Fake/fake_697.jpg,0,0,True,0.9999996423721313,4.0896509290178074e-07
/content/Dataset/Test/Fake/fake_698.jpg,0,0,True,0.9999973773956299,2.6479137886781245e-06
/content/Dataset/Test/Fake/fake_699.jpg,0,0,True,0.9999995231628418,5.301286023495777e-07
/content/Dataset/Test/Fake/fake_7.jpg,0,0,True,0.9999990463256836,9.185611702378083e-07
/content/Dataset/Test/Fake/fake_70.jpg,0,0,True,0.9998785257339478,0.00012146982771810144
/content/Dataset/Test/Fake/fake_700.jpg,0,0,True,0.999998927116394,1.1089210829595686e-06
/content/Dataset/Test/Fake/fake_701.jpg,0,0,True,0.9984214305877686,0.0015786273870617151
/content/Dataset/Test/Fake/fake_702.jpg,0,0,True,0.9999990463256836,9.744510407472262e-07
/content/Dataset/Test/Fake/fake_703.jpg,0,0,True,0.9999986886978149,1.2707729410976754e-06
/content/Dataset/Test/Fake/fake_704.jpg,0,0,True,0.9999977350234985,2.3114826035453007e-06
/content/Dataset/Test/Fake/fake_705.jpg,0,0,True,0.999777615070343,0.00022238898964133114
/content/Dataset/Test/Fake/fake_706.jpg,0,1,False,0.4072256088256836,0.5927743911743164
/content/Dataset/Test/Fake/fake_707.jpg,0,0,True,0.999997615814209,2.3856096049712505e-06
/content/Dataset/Test/Fake/fake_708.jpg,0,0,True,0.9999986886978149,1.3197953876442625e-06
/content/Dataset/Test/Fake/fake_709.jpg,0,0,True,0.9999991655349731,8.027611784200417e-07
/content/Dataset/Test/Fake/fake_71.jpg,0,0,True,0.9999920129776001,8.002593858691398e-06
/content/Dataset/Test/Fake/fake_710.jpg,0,0,True,0.9999982118606567,1.7725159295878257e-06
/content/Dataset/Test/Fake/fake_711.jpg,0,0,True,0.9999986886978149,1.334367425442906e-06
/content/Dataset/Test/Fake/fake_712.jpg,0,0,True,0.9999951124191284,4.841291229240596e-06
/content/Dataset/Test/Fake/fake_713.jpg,0,0,True,0.9999953508377075,4.70252416562289e-06
/content/Dataset/Test/Fake/fake_714.jpg,0,0,True,0.9999995231628418,4.996738880436169e-07
/content/Dataset/Test/Fake/fake_715.jpg,0,0,True,0.999941349029541,5.870608947589062e-05
/content/Dataset/Test/Fake/fake_716.jpg,0,0,True,0.9999986886978149,1.2520371228674776e-06
/content/Dataset/Test/Fake/fake_717.jpg,0,0,True,0.9999994039535522,5.445270971904392e-07
/content/Dataset/Test/Fake/fake_718.jpg,0,0,True,0.9999992847442627,7.246453606057912e-07
/content/Dataset/Test/Fake/fake_719.jpg,0,0,True,0.9999994039535522,6.345219389913836e-07
/content/Dataset/Test/Fake/fake_72.jpg,0,0,True,0.9999107122421265,8.927923772716895e-05
/content/Dataset/Test/Fake/fake_720.jpg,0,0,True,0.9999715089797974,2.8501573979156092e-05
/content/Dataset/Test/Fake/fake_721.jpg,0,0,True,0.999991774559021,8.254920430772472e-06
/content/Dataset/Test/Fake/fake_722.jpg,0,0,True,0.9999887943267822,1.124185018852586e-05
/content/Dataset/Test/Fake/fake_723.jpg,0,0,True,0.9999994039535522,5.621799346045009e-07
/content/Dataset/Test/Fake/fake_724.jpg,0,0,True,0.9999995231628418,4.4014345235154906e-07
/content/Dataset/Test/Fake/fake_725.jpg,0,0,True,0.9999982118606567,1.8259481748827966e-06
/content/Dataset/Test/Fake/fake_726.jpg,0,0,True,0.9999967813491821,3.1910569759929786e-06
/content/Dataset/Test/Fake/fake_727.jpg,0,0,True,0.9999994039535522,5.504647901943827e-07
/content/Dataset/Test/Fake/fake_728.jpg,0,0,True,0.9999994039535522,6.114161124060047e-07
/content/Dataset/Test/Fake/fake_729.jpg,0,0,True,0.9999991655349731,8.347507218786632e-07
/content/Dataset/Test/Fake/fake_73.jpg,0,0,True,0.9999189376831055,8.109344344120473e-05
/content/Dataset/Test/Fake/fake_730.jpg,0,0,True,0.9999946355819702,5.3534704420599155e-06
/content/Dataset/Test/Fake/fake_731.jpg,0,0,True,0.9999992847442627,7.484006800950738e-07
/content/Dataset/Test/Fake/fake_732.jpg,0,0,True,0.9999966621398926,3.3186356631631497e-06
/content/Dataset/Test/Fake/fake_733.jpg,0,0,True,0.9999996423721313,3.4492973099986557e-07
/content/Dataset/Test/Fake/fake_734.jpg,0,0,True,0.9999990463256836,9.493766128798597e-07
/content/Dataset/Test/Fake/fake_735.jpg,0,0,True,0.7460260391235352,0.25397399067878723
/content/Dataset/Test/Fake/fake_736.jpg,0,0,True,0.9999992847442627,6.978475539654028e-07
/content/Dataset/Test/Fake/fake_737.jpg,0,0,True,0.9999991655349731,8.251058147834556e-07
/content/Dataset/Test/Fake/fake_738.jpg,0,0,True,0.9999969005584717,3.1484978535445407e-06
/content/Dataset/Test/Fake/fake_739.jpg,0,0,True,0.9999994039535522,6.554972173944407e-07
/content/Dataset/Test/Fake/fake_74.jpg,0,0,True,0.9999964237213135,3.534289135131985e-06
/content/Dataset/Test/Fake/fake_740.jpg,0,0,True,0.9999990463256836,9.338266409031348e-07
/content/Dataset/Test/Fake/fake_741.jpg,0,0,True,0.9999992847442627,6.723364549543476e-07
/content/Dataset/Test/Fake/fake_742.jpg,0,0,True,0.9999978542327881,2.1044786535640014e-06
/content/Dataset/Test/Fake/fake_743.jpg,0,0,True,0.9999954700469971,4.554819497570861e-06
/content/Dataset/Test/Fake/fake_744.jpg,0,0,True,0.9999979734420776,1.9737194634217303e-06
/content/Dataset/Test/Fake/fake_745.jpg,0,0,True,0.9999990463256836,9.595109986548778e-07
/content/Dataset/Test/Fake/fake_746.jpg,0,0,True,0.9999994039535522,5.823789592795947e-07
/content/Dataset/Test/Fake/fake_747.jpg,0,0,True,0.9990410208702087,0.000958902295678854
/content/Dataset/Test/Fake/fake_748.jpg,0,0,True,0.9999991655349731,8.622963605375844e-07
/content/Dataset/Test/Fake/fake_749.jpg,0,0,True,0.9999997615814209,2.8034651222696993e-07
/content/Dataset/Test/Fake/fake_75.jpg,0,0,True,0.9929720759391785,0.007027915678918362
/content/Dataset/Test/Fake/fake_750.jpg,0,0,True,0.9999996423721313,3.2565543506279937e-07
/content/Dataset/Test/Fake/fake_751.jpg,0,0,True,0.992336094379425,0.007663846481591463
/content/Dataset/Test/Fake/fake_752.jpg,0,0,True,0.9999994039535522,5.883369453840714e-07
/content/Dataset/Test/Fake/fake_753.jpg,0,0,True,0.9999992847442627,6.63928915400902e-07
/content/Dataset/Test/Fake/fake_754.jpg,0,0,True,0.9999985694885254,1.3949456842965446e-06
/content/Dataset/Test/Fake/fake_755.jpg,0,0,True,0.7317101955413818,0.2682897746562958
/content/Dataset/Test/Fake/fake_756.jpg,0,0,True,0.9999994039535522,6.267229650802619e-07
/content/Dataset/Test/Fake/fake_757.jpg,0,0,True,0.9999983310699463,1.6479542637171107e-06
/content/Dataset/Test/Fake/fake_758.jpg,0,0,True,0.9999957084655762,4.23371284341556e-06
/content/Dataset/Test/Fake/fake_759.jpg,0,0,True,0.9999986886978149,1.3222685311120586e-06
/content/Dataset/Test/Fake/fake_76.jpg,0,0,True,0.999998927116394,1.0774406291602645e-06
/content/Dataset/Test/Fake/fake_760.jpg,0,0,True,0.9988182187080383,0.0011817850172519684
/content/Dataset/Test/Fake/fake_761.jpg,0,0,True,0.9999992847442627,6.659403766207106e-07
/content/Dataset/Test/Fake/fake_762.jpg,0,0,True,0.9999979734420776,1.987002178793773e-06
/content/Dataset/Test/Fake/fake_763.jpg,0,0,True,0.9999973773956299,2.614041704873671e-06
/content/Dataset/Test/Fake/fake_764.jpg,0,0,True,0.9999984502792358,1.5713063703515218e-06
/content/Dataset/Test/Fake/fake_765.jpg,0,0,True,0.9999361038208008,6.389405461959541e-05
/content/Dataset/Test/Fake/fake_766.jpg,0,0,True,0.9999997615814209,2.625359059038601e-07
/content/Dataset/Test/Fake/fake_767.jpg,0,0,True,0.9999995231628418,4.917817477689823e-07
/content/Dataset/Test/Fake/fake_768.jpg,0,0,True,0.9999992847442627,7.495713703065121e-07
/content/Dataset/Test/Fake/fake_769.jpg,0,0,True,0.9999762773513794,2.3738517484162003e-05
/content/Dataset/Test/Fake/fake_77.jpg,0,0,True,0.9999984502792358,1.5330842870753258e-06
/content/Dataset/Test/Fake/fake_770.jpg,0,0,True,0.9999992847442627,6.798641152272467e-07
/content/Dataset/Test/Fake/fake_771.jpg,0,0,True,0.9999996423721313,3.8642050981252396e-07
/content/Dataset/Test/Fake/fake_772.jpg,0,0,True,0.999950647354126,4.93943334731739e-05
/content/Dataset/Test/Fake/fake_773.jpg,0,0,True,0.9999996423721313,4.127740851345152e-07
/content/Dataset/Test/Fake/fake_774.jpg,0,0,True,0.9999995231628418,4.2475818418097333e-07
/content/Dataset/Test/Fake/fake_775.jpg,0,0,True,0.9999986886978149,1.263191052203183e-06
/content/Dataset/Test/Fake/fake_776.jpg,0,0,True,0.998066246509552,0.0019338009878993034
/content/Dataset/Test/Fake/fake_777.jpg,0,0,True,0.9978100657463074,0.0021900045685470104
/content/Dataset/Test/Fake/fake_778.jpg,0,0,True,0.9999970197677612,3.0135352062643506e-06
/content/Dataset/Test/Fake/fake_779.jpg,0,0,True,0.9910668730735779,0.008933166973292828
/content/Dataset/Test/Fake/fake_78.jpg,0,0,True,0.9999979734420776,2.054237256743363e-06
/content/Dataset/Test/Fake/fake_780.jpg,0,0,True,0.999996542930603,3.4105141821783036e-06
/content/Dataset/Test/Fake/fake_781.jpg,0,0,True,0.9999982118606567,1.8049402115138946e-06
/content/Dataset/Test/Fake/fake_782.jpg,0,0,True,0.9999992847442627,7.502050038965535e-07
/content/Dataset/Test/Fake/fake_783.jpg,0,0,True,0.9999991655349731,8.715651915736089e-07
/content/Dataset/Test/Fake/fake_784.jpg,0,0,True,0.9999985694885254,1.430430188520404e-06
/content/Dataset/Test/Fake/fake_785.jpg,0,0,True,0.9999995231628418,4.499743511132692e-07
/content/Dataset/Test/Fake/fake_786.jpg,0,0,True,0.9999964237213135,3.546603011272964e-06
/content/Dataset/Test/Fake/fake_787.jpg,0,0,True,0.9999990463256836,9.014657393890957e-07
/content/Dataset/Test/Fake/fake_788.jpg,0,0,True,0.9999985694885254,1.4035996400707518e-06
/content/Dataset/Test/Fake/fake_789.jpg,0,0,True,0.9998524188995361,0.0001475666358601302
/content/Dataset/Test/Fake/fake_79.jpg,0,0,True,0.9999980926513672,1.8797819620886003e-06
/content/Dataset/Test/Fake/fake_790.jpg,0,0,True,0.9999262094497681,7.380126044154167e-05
/content/Dataset/Test/Fake/fake_791.jpg,0,0,True,0.999976634979248,2.338565536774695e-05
/content/Dataset/Test/Fake/fake_792.jpg,0,0,True,0.9999477863311768,5.2209732530172914e-05
/content/Dataset/Test/Fake/fake_793.jpg,0,0,True,0.9999874830245972,1.2522255019575823e-05
/content/Dataset/Test/Fake/fake_794.jpg,0,0,True,0.9999996423721313,3.067692944114242e-07
/content/Dataset/Test/Fake/fake_795.jpg,0,0,True,0.9994428753852844,0.0005570822395384312
/content/Dataset/Test/Fake/fake_796.jpg,0,0,True,0.9999996423721313,3.370146259840112e-07
/content/Dataset/Test/Fake/fake_797.jpg,0,0,True,0.9999995231628418,4.238428914504766e-07
/content/Dataset/Test/Fake/fake_798.jpg,0,0,True,0.9999994039535522,6.250230626392295e-07
/content/Dataset/Test/Fake/fake_799.jpg,0,0,True,0.9999995231628418,4.84951272028411e-07
/content/Dataset/Test/Fake/fake_8.jpg,0,0,True,0.9991477727890015,0.0008522109710611403
/content/Dataset/Test/Fake/fake_80.jpg,0,0,True,0.999981164932251,1.8778482626657933e-05
/content/Dataset/Test/Fake/fake_800.jpg,0,0,True,0.999313473701477,0.0006865616305731237
/content/Dataset/Test/Fake/fake_801.jpg,0,0,True,0.9999995231628418,5.2648692872026e-07
/content/Dataset/Test/Fake/fake_802.jpg,0,0,True,0.9999996423721313,3.7764516491733957e-07
/content/Dataset/Test/Fake/fake_803.jpg,0,0,True,0.9999839067459106,1.6119214706122875e-05
/content/Dataset/Test/Fake/fake_804.jpg,0,0,True,0.9999982118606567,1.7843850628196378e-06
/content/Dataset/Test/Fake/fake_805.jpg,0,0,True,0.9999996423721313,3.6067504538550565e-07
/content/Dataset/Test/Fake/fake_806.jpg,0,0,True,0.9999985694885254,1.4217736179489293e-06
/content/Dataset/Test/Fake/fake_807.jpg,0,0,True,0.9998148083686829,0.00018519570585340261
/content/Dataset/Test/Fake/fake_808.jpg,0,0,True,0.999996542930603,3.4913721265183995e-06
/content/Dataset/Test/Fake/fake_809.jpg,0,0,True,0.9999992847442627,6.921363251422008e-07
/content/Dataset/Test/Fake/fake_81.jpg,0,0,True,0.9999973773956299,2.601591631901101e-06
/content/Dataset/Test/Fake/fake_810.jpg,0,0,True,0.9999995231628418,4.71612736419047e-07
/content/Dataset/Test/Fake/fake_811.jpg,0,0,True,0.9999984502792358,1.51445465235156e-06
/content/Dataset/Test/Fake/fake_812.jpg,0,0,True,0.9999980926513672,1.8582290977064986e-06
/content/Dataset/Test/Fake/fake_813.jpg,0,0,True,0.9999992847442627,7.26414555174415e-07
/content/Dataset/Test/Fake/fake_814.jpg,0,0,True,0.9999995231628418,4.3314159370311245e-07
/content/Dataset/Test/Fake/fake_815.jpg,0,0,True,0.9999876022338867,1.2454274838091806e-05
/content/Dataset/Test/Fake/fake_816.jpg,0,0,True,0.9999995231628418,5.129923010827042e-07
/content/Dataset/Test/Fake/fake_817.jpg,0,0,True,0.9999966621398926,3.3208582408406073e-06
/content/Dataset/Test/Fake/fake_818.jpg,0,0,True,0.9999995231628418,4.828680744140001e-07
/content/Dataset/Test/Fake/fake_819.jpg,0,0,True,0.9999960660934448,3.93954360333737e-06
/content/Dataset/Test/Fake/fake_82.jpg,0,0,True,0.9999924898147583,7.518009624618571e-06
/content/Dataset/Test/Fake/fake_820.jpg,0,0,True,0.9999996423721313,3.823693930371519e-07
/content/Dataset/Test/Fake/fake_821.jpg,0,0,True,0.9999996423721313,3.7508098671423795e-07
/content/Dataset/Test/Fake/fake_822.jpg,0,0,True,0.9999985694885254,1.4831075532129034e-06
/content/Dataset/Test/Fake/fake_823.jpg,0,0,True,0.9999995231628418,4.841268719246727e-07
/content/Dataset/Test/Fake/fake_824.jpg,0,0,True,0.9999897480010986,1.029929262585938e-05
/content/Dataset/Test/Fake/fake_825.jpg,0,0,True,0.999982476234436,1.74651086126687e-05
/content/Dataset/Test/Fake/fake_826.jpg,0,0,True,0.9999996423721313,3.933938899081113e-07
/content/Dataset/Test/Fake/fake_827.jpg,0,0,True,0.999990701675415,9.339289135823492e-06
/content/Dataset/Test/Fake/fake_828.jpg,0,0,True,0.9876700639724731,0.012329896911978722
/content/Dataset/Test/Fake/fake_829.jpg,0,0,True,0.9998294115066528,0.0001705145405139774
/content/Dataset/Test/Fake/fake_83.jpg,0,0,True,0.9999855756759644,1.4410799849429168e-05
/content/Dataset/Test/Fake/fake_830.jpg,0,0,True,0.9949855804443359,0.005014415364712477
/content/Dataset/Test/Fake/fake_831.jpg,0,0,True,0.9999994039535522,5.443588975140301e-07
/content/Dataset/Test/Fake/fake_832.jpg,0,0,True,0.9999995231628418,4.538748044069507e-07
/content/Dataset/Test/Fake/fake_833.jpg,0,0,True,0.999993085861206,6.905665031808894e-06
/content/Dataset/Test/Fake/fake_834.jpg,0,0,True,0.9999924898147583,7.503648703277577e-06
/content/Dataset/Test/Fake/fake_835.jpg,0,0,True,0.9999995231628418,4.724162181446445e-07
/content/Dataset/Test/Fake/fake_836.jpg,0,0,True,0.9999796152114868,2.0361241695354693e-05
/content/Dataset/Test/Fake/fake_837.jpg,0,0,True,0.999902606010437,9.743116243043914e-05
/content/Dataset/Test/Fake/fake_838.jpg,0,0,True,0.9999994039535522,5.728263658966171e-07
/content/Dataset/Test/Fake/fake_839.jpg,0,0,True,0.9999995231628418,4.498499208693829e-07
/content/Dataset/Test/Fake/fake_84.jpg,0,0,True,0.9917383790016174,0.00826168805360794
/content/Dataset/Test/Fake/fake_840.jpg,0,0,True,0.9999992847442627,7.573561902063375e-07
/content/Dataset/Test/Fake/fake_841.jpg,0,0,True,0.9999996423721313,3.8581623584832414e-07
/content/Dataset/Test/Fake/fake_842.jpg,0,0,True,0.9999994039535522,6.017246505507501e-07
/content/Dataset/Test/Fake/fake_843.jpg,0,0,True,0.9999973773956299,2.5799477043619845e-06
/content/Dataset/Test/Fake/fake_844.jpg,0,0,True,0.9999983310699463,1.612841970199952e-06
/content/Dataset/Test/Fake/fake_845.jpg,0,0,True,0.9999912977218628,8.696292752574664e-06
/content/Dataset/Test/Fake/fake_846.jpg,0,0,True,0.9999997615814209,2.715206619541277e-07
/content/Dataset/Test/Fake/fake_847.jpg,0,0,True,0.9997300505638123,0.00026990624610334635
/content/Dataset/Test/Fake/fake_848.jpg,0,0,True,0.9999940395355225,5.991780199110508e-06
/content/Dataset/Test/Fake/fake_849.jpg,0,0,True,0.9999864101409912,1.3562051208282355e-05
/content/Dataset/Test/Fake/fake_85.jpg,0,0,True,0.9984914064407349,0.0015085499035194516
/content/Dataset/Test/Fake/fake_850.jpg,0,0,True,0.9999994039535522,6.392229465745913e-07
/content/Dataset/Test/Fake/fake_851.jpg,0,0,True,0.999998927116394,1.0726804475780227e-06
/content/Dataset/Test/Fake/fake_852.jpg,0,0,True,0.9999990463256836,1.013130599858414e-06
/content/Dataset/Test/Fake/fake_853.jpg,0,0,True,0.9999834299087524,1.651072125241626e-05
/content/Dataset/Test/Fake/fake_854.jpg,0,0,True,0.9999988079071045,1.2316473885221058e-06
/content/Dataset/Test/Fake/fake_855.jpg,0,0,True,0.999980092048645,1.9928278561565094e-05
/content/Dataset/Test/Fake/fake_856.jpg,0,0,True,0.9999984502792358,1.5465826663785265e-06
/content/Dataset/Test/Fake/fake_857.jpg,0,0,True,0.9999995231628418,4.644919044949347e-07
/content/Dataset/Test/Fake/fake_858.jpg,0,0,True,0.9999971389770508,2.853302021321724e-06
/content/Dataset/Test/Fake/fake_859.jpg,0,0,True,0.9999979734420776,1.974007545868517e-06
/content/Dataset/Test/Fake/fake_86.jpg,0,1,False,0.26552096009254456,0.7344790101051331
/content/Dataset/Test/Fake/fake_860.jpg,0,0,True,0.9999303817749023,6.957184086786583e-05
/content/Dataset/Test/Fake/fake_861.jpg,0,0,True,0.9999994039535522,6.556397806889436e-07
/content/Dataset/Test/Fake/fake_862.jpg,0,0,True,0.9999982118606567,1.7346026197628817e-06
/content/Dataset/Test/Fake/fake_863.jpg,0,0,True,0.9999977350234985,2.214995447502588e-06
/content/Dataset/Test/Fake/fake_864.jpg,0,0,True,0.999964714050293,3.5321070754434913e-05
/content/Dataset/Test/Fake/fake_865.jpg,0,0,True,0.9999996423721313,3.0266230055531196e-07
/content/Dataset/Test/Fake/fake_866.jpg,0,0,True,0.999997615814209,2.4285448034788715e-06
/content/Dataset/Test/Fake/fake_867.jpg,0,0,True,0.9999555349349976,4.444882142706774e-05
/content/Dataset/Test/Fake/fake_868.jpg,0,0,True,0.999875545501709,0.00012442641309462488
/content/Dataset/Test/Fake/fake_869.jpg,0,0,True,0.9999978542327881,2.2011879536876222e-06
/content/Dataset/Test/Fake/fake_87.jpg,0,0,True,0.7377238869667053,0.2622761130332947
/content/Dataset/Test/Fake/fake_870.jpg,0,0,True,0.9999425411224365,5.749447154812515e-05
/content/Dataset/Test/Fake/fake_871.jpg,0,0,True,0.9999995231628418,4.963085871168005e-07
/content/Dataset/Test/Fake/fake_872.jpg,0,0,True,0.9999990463256836,9.458142358198529e-07
/content/Dataset/Test/Fake/fake_873.jpg,0,0,True,0.999994158744812,5.789135684608482e-06
/content/Dataset/Test/Fake/fake_874.jpg,0,0,True,0.9999992847442627,7.379425710496434e-07
/content/Dataset/Test/Fake/fake_875.jpg,0,0,True,0.9999992847442627,6.628786763940298e-07
/content/Dataset/Test/Fake/fake_876.jpg,0,0,True,0.999998927116394,1.0978136515404913e-06
/content/Dataset/Test/Fake/fake_877.jpg,0,0,True,0.999998927116394,1.1073569794461946e-06
/content/Dataset/Test/Fake/fake_878.jpg,0,0,True,0.9999992847442627,6.808036232541781e-07
/content/Dataset/Test/Fake/fake_879.jpg,0,0,True,0.9999971389770508,2.807199507515179e-06
/content/Dataset/Test/Fake/fake_88.jpg,0,0,True,0.9998663663864136,0.0001336703571723774
/content/Dataset/Test/Fake/fake_880.jpg,0,0,True,0.9999995231628418,5.152796234142443e-07
/content/Dataset/Test/Fake/fake_881.jpg,0,0,True,0.9999446868896484,5.53484023839701e-05
/content/Dataset/Test/Fake/fake_882.jpg,0,0,True,0.9999995231628418,5.300710199662717e-07
/content/Dataset/Test/Fake/fake_883.jpg,0,0,True,0.9999990463256836,9.398708016306045e-07
/content/Dataset/Test/Fake/fake_884.jpg,0,0,True,0.9999994039535522,6.120047828517272e-07
/content/Dataset/Test/Fake/fake_885.jpg,0,0,True,0.9999991655349731,8.058754019657499e-07
/content/Dataset/Test/Fake/fake_886.jpg,0,0,True,0.9999997615814209,2.1708439135181834e-07
/content/Dataset/Test/Fake/fake_887.jpg,0,0,True,0.9999984502792358,1.6059109384514159e-06
/content/Dataset/Test/Fake/fake_888.jpg,0,0,True,0.9999994039535522,6.539094101754017e-07
/content/Dataset/Test/Fake/fake_889.jpg,0,0,True,0.9999988079071045,1.197487790705054e-06
/content/Dataset/Test/Fake/fake_89.jpg,0,0,True,0.9998602867126465,0.00013969307474326342
/content/Dataset/Test/Fake/fake_890.jpg,0,0,True,0.9999810457229614,1.8984275811817497e-05
/content/Dataset/Test/Fake/fake_891.jpg,0,0,True,0.9999995231628418,4.804107334166474e-07
/content/Dataset/Test/Fake/fake_892.jpg,0,0,True,0.9999988079071045,1.2174410812804126e-06
/content/Dataset/Test/Fake/fake_893.jpg,0,0,True,0.9999996423721313,4.1546516627022356e-07
/content/Dataset/Test/Fake/fake_894.jpg,0,0,True,0.9999926090240479,7.373190328507917e-06
/content/Dataset/Test/Fake/fake_895.jpg,0,0,True,0.9999474287033081,5.2554405556293204e-05
/content/Dataset/Test/Fake/fake_896.jpg,0,0,True,0.9999984502792358,1.5971623952282243e-06
/content/Dataset/Test/Fake/fake_897.jpg,0,0,True,0.9999943971633911,5.6110084187821485e-06
/content/Dataset/Test/Fake/fake_898.jpg,0,0,True,0.9999915361404419,8.473663001495879e-06
/content/Dataset/Test/Fake/fake_899.jpg,0,0,True,0.9999992847442627,6.769494689251587e-07
/content/Dataset/Test/Fake/fake_9.jpg,0,0,True,0.9999786615371704,2.134800706699025e-05
/content/Dataset/Test/Fake/fake_90.jpg,0,0,True,0.9999370574951172,6.28867419436574e-05
/content/Dataset/Test/Fake/fake_900.jpg,0,0,True,0.9998317956924438,0.00016816426068544388
/content/Dataset/Test/Fake/fake_901.jpg,0,0,True,0.9999958276748657,4.193781023786869e-06
/content/Dataset/Test/Fake/fake_902.jpg,0,0,True,0.9999996423721313,3.1913199904920475e-07
/content/Dataset/Test/Fake/fake_903.jpg,0,0,True,0.9999996423721313,3.866995825774211e-07
/content/Dataset/Test/Fake/fake_904.jpg,0,0,True,0.9999996423721313,3.1505803121945064e-07
/content/Dataset/Test/Fake/fake_905.jpg,0,0,True,0.999998927116394,1.0375320016464684e-06
/content/Dataset/Test/Fake/fake_906.jpg,0,0,True,0.9999862909317017,1.365907519357279e-05
/content/Dataset/Test/Fake/fake_907.jpg,0,0,True,0.9999991655349731,7.990262247403734e-07
/content/Dataset/Test/Fake/fake_908.jpg,0,0,True,0.999995231628418,4.798515874426812e-06
/content/Dataset/Test/Fake/fake_909.jpg,0,0,True,0.9999986886978149,1.3672648719875724e-06
/content/Dataset/Test/Fake/fake_91.jpg,0,0,True,0.9993889331817627,0.0006110117537900805
/content/Dataset/Test/Fake/fake_910.jpg,0,0,True,0.9999997615814209,2.3134796833801374e-07
/content/Dataset/Test/Fake/fake_911.jpg,0,0,True,0.999998927116394,1.0434988553242874e-06
/content/Dataset/Test/Fake/fake_912.jpg,0,0,True,0.999614953994751,0.00038505118573084474
/content/Dataset/Test/Fake/fake_913.jpg,0,0,True,0.9898547530174255,0.010145284235477448
/content/Dataset/Test/Fake/fake_914.jpg,0,0,True,0.9999996423721313,4.039380598896969e-07
/content/Dataset/Test/Fake/fake_915.jpg,0,0,True,0.999998927116394,1.0165537105422118e-06
/content/Dataset/Test/Fake/fake_916.jpg,0,0,True,0.9998801946640015,0.00011981512216152623
/content/Dataset/Test/Fake/fake_917.jpg,0,0,True,0.9999992847442627,6.852898764009296e-07
/content/Dataset/Test/Fake/fake_918.jpg,0,0,True,0.9999994039535522,6.286168741098663e-07
/content/Dataset/Test/Fake/fake_919.jpg,0,0,True,0.9999817609786987,1.820251054596156e-05
/content/Dataset/Test/Fake/fake_92.jpg,0,1,False,0.11450856178998947,0.8854913711547852
/content/Dataset/Test/Fake/fake_920.jpg,0,0,True,0.9999619722366333,3.803470826824196e-05
/content/Dataset/Test/Fake/fake_921.jpg,0,0,True,0.9999992847442627,7.663070391572546e-07
/content/Dataset/Test/Fake/fake_922.jpg,0,0,True,0.9999994039535522,6.376490659931733e-07
/content/Dataset/Test/Fake/fake_923.jpg,0,0,True,0.9999997615814209,2.5535311465318955e-07
/content/Dataset/Test/Fake/fake_924.jpg,0,0,True,0.9999992847442627,7.356526339208358e-07
/content/Dataset/Test/Fake/fake_925.jpg,0,0,True,0.9999920129776001,8.001029527804349e-06
/content/Dataset/Test/Fake/fake_926.jpg,0,0,True,0.9999394416809082,6.0529135225806385e-05
/content/Dataset/Test/Fake/fake_927.jpg,0,0,True,0.9999996423721313,3.3143390965051367e-07
/content/Dataset/Test/Fake/fake_928.jpg,0,0,True,0.9999996423721313,3.464812721176713e-07
/content/Dataset/Test/Fake/fake_929.jpg,0,0,True,0.9999992847442627,6.584958782696049e-07
/content/Dataset/Test/Fake/fake_93.jpg,0,0,True,0.9999967813491821,3.1670722364651738e-06
/content/Dataset/Test/Fake/fake_930.jpg,0,0,True,0.9999988079071045,1.2100167623430025e-06
/content/Dataset/Test/Fake/fake_931.jpg,0,0,True,0.9999862909317017,1.3758788554696366e-05
/content/Dataset/Test/Fake/fake_932.jpg,0,0,True,0.9999997615814209,2.821976465838816e-07
/content/Dataset/Test/Fake/fake_933.jpg,0,0,True,0.9999980926513672,1.8688034515434992e-06
/content/Dataset/Test/Fake/fake_934.jpg,0,0,True,0.9999879598617554,1.2010988029942382e-05
/content/Dataset/Test/Fake/fake_935.jpg,0,0,True,0.9999996423721313,3.0696537578478456e-07
/content/Dataset/Test/Fake/fake_936.jpg,0,0,True,0.9999856948852539,1.4307509445643518e-05
/content/Dataset/Test/Fake/fake_937.jpg,0,0,True,0.9999948740005493,5.117807177157374e-06
/content/Dataset/Test/Fake/fake_938.jpg,0,0,True,0.9999901056289673,9.87551629805239e-06
/content/Dataset/Test/Fake/fake_939.jpg,0,0,True,0.9999958276748657,4.13309999203193e-06
/content/Dataset/Test/Fake/fake_94.jpg,0,0,True,0.9995585083961487,0.0004415283619891852
/content/Dataset/Test/Fake/fake_940.jpg,0,0,True,0.9999991655349731,8.680654559611867e-07
/content/Dataset/Test/Fake/fake_941.jpg,0,0,True,0.9999147653579712,8.521703421138227e-05
/content/Dataset/Test/Fake/fake_942.jpg,0,0,True,0.9999992847442627,6.924314561729261e-07
/content/Dataset/Test/Fake/fake_943.jpg,0,0,True,0.9999992847442627,6.583037475138553e-07
/content/Dataset/Test/Fake/fake_944.jpg,0,0,True,0.9999994039535522,6.517845463349659e-07
/content/Dataset/Test/Fake/fake_945.jpg,0,0,True,0.9999725818634033,2.7431693524704315e-05
/content/Dataset/Test/Fake/fake_946.jpg,0,0,True,0.9999216794967651,7.8345496149268e-05
/content/Dataset/Test/Fake/fake_947.jpg,0,0,True,0.9999856948852539,1.4270429346652236e-05
/content/Dataset/Test/Fake/fake_948.jpg,0,0,True,0.9999995231628418,4.410144640587532e-07
/content/Dataset/Test/Fake/fake_949.jpg,0,0,True,0.9999991655349731,8.725482416593877e-07
/content/Dataset/Test/Fake/fake_95.jpg,0,0,True,0.9999189376831055,8.108268957585096e-05
/content/Dataset/Test/Fake/fake_950.jpg,0,0,True,0.9999996423721313,3.367723877545359e-07
/content/Dataset/Test/Fake/fake_951.jpg,0,0,True,0.9999982118606567,1.7897382349474356e-06
/content/Dataset/Test/Fake/fake_952.jpg,0,0,True,0.9999970197677612,2.970146624647896e-06
/content/Dataset/Test/Fake/fake_953.jpg,0,0,True,0.9999991655349731,7.922103009150305e-07
/content/Dataset/Test/Fake/fake_954.jpg,0,0,True,0.9999994039535522,5.557565145863919e-07
/content/Dataset/Test/Fake/fake_955.jpg,0,0,True,0.9999996423721313,3.8793993439867336e-07
/content/Dataset/Test/Fake/fake_956.jpg,0,0,True,0.9999269247055054,7.309302600333467e-05
/content/Dataset/Test/Fake/fake_957.jpg,0,0,True,0.9999983310699463,1.6493142993567744e-06
/content/Dataset/Test/Fake/fake_958.jpg,0,0,True,0.9999973773956299,2.674531515367562e-06
/content/Dataset/Test/Fake/fake_959.jpg,0,0,True,0.9999994039535522,5.416065960162086e-07
/content/Dataset/Test/Fake/fake_96.jpg,0,0,True,0.9995052814483643,0.0004947307170368731
/content/Dataset/Test/Fake/fake_960.jpg,0,0,True,0.9999983310699463,1.616886152078223e-06
/content/Dataset/Test/Fake/fake_961.jpg,0,0,True,0.9999995231628418,4.933916102345393e-07
/content/Dataset/Test/Fake/fake_962.jpg,0,0,True,0.9998518228530884,0.00014810146240051836
/content/Dataset/Test/Fake/fake_963.jpg,0,0,True,0.9999996423721313,2.992714485117176e-07
/content/Dataset/Test/Fake/fake_964.jpg,0,0,True,0.9999969005584717,3.1588319870934356e-06
/content/Dataset/Test/Fake/fake_965.jpg,0,0,True,0.999998927116394,1.0390242550784023e-06
/content/Dataset/Test/Fake/fake_966.jpg,0,0,True,0.7555363774299622,0.24446362257003784
/content/Dataset/Test/Fake/fake_967.jpg,0,0,True,0.9570670127868652,0.042933057993650436
/content/Dataset/Test/Fake/fake_968.jpg,0,0,True,0.9999935626983643,6.441617642849451e-06
/content/Dataset/Test/Fake/fake_969.jpg,0,0,True,0.9999992847442627,6.669051231256162e-07
/content/Dataset/Test/Fake/fake_97.jpg,0,0,True,0.9999994039535522,6.132351586529694e-07
/content/Dataset/Test/Fake/fake_970.jpg,0,0,True,0.9999979734420776,1.9798878838628298e-06
/content/Dataset/Test/Fake/fake_971.jpg,0,0,True,0.9999712705612183,2.8688478778349236e-05
/content/Dataset/Test/Fake/fake_972.jpg,0,0,True,0.999998927116394,1.0830398196048918e-06
/content/Dataset/Test/Fake/fake_973.jpg,0,0,True,0.9999767541885376,2.323921216884628e-05
/content/Dataset/Test/Fake/fake_974.jpg,0,0,True,0.999998927116394,1.1302987559247413e-06
/content/Dataset/Test/Fake/fake_975.jpg,0,0,True,0.9999992847442627,7.123603609215934e-07
/content/Dataset/Test/Fake/fake_976.jpg,0,0,True,0.9999326467514038,6.73788454150781e-05
/content/Dataset/Test/Fake/fake_977.jpg,0,0,True,0.9999984502792358,1.5206430816760985e-06
/content/Dataset/Test/Fake/fake_978.jpg,0,0,True,0.9999994039535522,6.082401569074136e-07
/content/Dataset/Test/Fake/fake_979.jpg,0,0,True,0.9999995231628418,4.333622314334207e-07
/content/Dataset/Test/Fake/fake_98.jpg,0,0,True,0.999957799911499,4.216574598103762e-05
/content/Dataset/Test/Fake/fake_980.jpg,0,0,True,0.9999997615814209,2.667383967036585e-07
/content/Dataset/Test/Fake/fake_981.jpg,0,0,True,0.9999978542327881,2.095394393109018e-06
/content/Dataset/Test/Fake/fake_982.jpg,0,0,True,0.9999994039535522,5.932002409281267e-07
/content/Dataset/Test/Fake/fake_983.jpg,0,0,True,0.9989388585090637,0.0010611710604280233
/content/Dataset/Test/Fake/fake_984.jpg,0,0,True,0.9999783039093018,2.168072751373984e-05
/content/Dataset/Test/Fake/fake_985.jpg,0,0,True,0.9998243451118469,0.00017563634901307523
/content/Dataset/Test/Fake/fake_986.jpg,0,0,True,0.9999947547912598,5.284227881929837e-06
/content/Dataset/Test/Fake/fake_987.jpg,0,0,True,0.999998927116394,1.1269738706687349e-06
/content/Dataset/Test/Fake/fake_988.jpg,0,0,True,0.9996155500411987,0.0003844616003334522
/content/Dataset/Test/Fake/fake_989.jpg,0,0,True,0.9997468590736389,0.00025317230029031634
/content/Dataset/Test/Fake/fake_99.jpg,0,0,True,0.9999995231628418,4.426518671607482e-07
/content/Dataset/Test/Fake/fake_990.jpg,0,0,True,0.9999710321426392,2.8940843549207784e-05
/content/Dataset/Test/Fake/fake_991.jpg,0,0,True,0.9999821186065674,1.786086977517698e-05
/content/Dataset/Test/Fake/fake_992.jpg,0,0,True,0.9999996423721313,3.8936062196626153e-07
/content/Dataset/Test/Fake/fake_993.jpg,0,0,True,0.9999988079071045,1.1584278354348498e-06
/content/Dataset/Test/Fake/fake_994.jpg,0,0,True,0.9999986886978149,1.2699406397587154e-06
/content/Dataset/Test/Fake/fake_995.jpg,0,0,True,0.9999957084655762,4.2528613448666874e-06
/content/Dataset/Test/Fake/fake_996.jpg,0,0,True,0.9999988079071045,1.1480927923912532e-06
/content/Dataset/Test/Fake/fake_997.jpg,0,0,True,0.9999798536300659,2.014380879700184e-05
/content/Dataset/Test/Fake/fake_998.jpg,0,0,True,0.9999996423721313,3.9244136473826075e-07
/content/Dataset/Test/Fake/fake_999.jpg,0,0,True,0.9999997615814209,2.4397772335760237e-07
/content/Dataset/Test/Real/real_0.jpg,1,1,True,2.9489410735550337e-05,0.999970555305481
/content/Dataset/Test/Real/real_1.jpg,1,1,True,1.021958155433822e-06,0.999998927116394
/content/Dataset/Test/Real/real_10.jpg,1,0,False,0.9937123656272888,0.006287664175033569
/content/Dataset/Test/Real/real_100.jpg,1,1,True,0.27253347635269165,0.7274664640426636
/content/Dataset/Test/Real/real_1000.jpg,1,1,True,7.827411536709405e-07,0.9999991655349731
/content/Dataset/Test/Real/real_1001.jpg,1,1,True,4.228140824125148e-06,0.9999958276748657
/content/Dataset/Test/Real/real_1002.jpg,1,1,True,6.720807959936792e-06,0.9999933242797852
/content/Dataset/Test/Real/real_1003.jpg,1,1,True,9.65535377872584e-07,0.9999990463256836
/content/Dataset/Test/Real/real_1004.jpg,1,1,True,2.1700005163438618e-05,0.9999783039093018
/content/Dataset/Test/Real/real_1005.jpg,1,1,True,6.2525000430468936e-06,0.9999938011169434
/content/Dataset/Test/Real/real_1006.jpg,1,1,True,1.5234882084769197e-06,0.9999984502792358
/content/Dataset/Test/Real/real_1007.jpg,1,0,False,0.8898062109947205,0.11019378155469894
/content/Dataset/Test/Real/real_1008.jpg,1,1,True,3.851390829368029e-06,0.9999961853027344
/content/Dataset/Test/Real/real_1009.jpg,1,1,True,1.4127033864497207e-05,0.9999858140945435
/content/Dataset/Test/Real/real_101.jpg,1,1,True,0.05350871384143829,0.9464912414550781
/content/Dataset/Test/Real/real_1010.jpg,1,1,True,5.2880036491842475e-06,0.9999947547912598
/content/Dataset/Test/Real/real_1011.jpg,1,1,True,2.8185277187731117e-06,0.9999971389770508
/content/Dataset/Test/Real/real_1012.jpg,1,1,True,2.677565817066352e-06,0.9999973773956299
/content/Dataset/Test/Real/real_1013.jpg,1,1,True,5.097837492940016e-05,0.9999489784240723
/content/Dataset/Test/Real/real_1014.jpg,1,1,True,4.667399116442539e-05,0.9999532699584961
/content/Dataset/Test/Real/real_1015.jpg,1,0,False,0.8323782086372375,0.16762177646160126
/content/Dataset/Test/Real/real_1016.jpg,1,1,True,3.5575719721236965e-06,0.9999964237213135
/content/Dataset/Test/Real/real_1017.jpg,1,1,True,0.00031661856337450445,0.9996833801269531
/content/Dataset/Test/Real/real_1018.jpg,1,1,True,6.293511205512914e-07,0.9999994039535522
/content/Dataset/Test/Real/real_1019.jpg,1,1,True,8.665509767524782e-07,0.9999991655349731
/content/Dataset/Test/Real/real_102.jpg,1,1,True,0.002899582264944911,0.9971004128456116
/content/Dataset/Test/Real/real_1020.jpg,1,0,False,0.9996929168701172,0.00030714631429873407
/content/Dataset/Test/Real/real_1021.jpg,1,1,True,1.2550808605737984e-06,0.9999986886978149
/content/Dataset/Test/Real/real_1022.jpg,1,1,True,1.6470807167934254e-05,0.999983549118042
/content/Dataset/Test/Real/real_1023.jpg,1,1,True,3.427832780289464e-05,0.9999656677246094
/content/Dataset/Test/Real/real_1024.jpg,1,1,True,9.249419235857204e-06,0.999990701675415
/content/Dataset/Test/Real/real_1025.jpg,1,1,True,9.91583988252387e-07,0.9999990463256836
/content/Dataset/Test/Real/real_1026.jpg,1,1,True,2.0873446828773012e-06,0.9999978542327881
/content/Dataset/Test/Real/real_1027.jpg,1,1,True,2.865868736989796e-06,0.9999971389770508
/content/Dataset/Test/Real/real_1028.jpg,1,1,True,2.4047055831033504e-06,0.999997615814209
/content/Dataset/Test/Real/real_1029.jpg,1,1,True,0.05907278507947922,0.9409272074699402
/content/Dataset/Test/Real/real_103.jpg,1,1,True,9.44110142881982e-05,0.9999055862426758
/content/Dataset/Test/Real/real_1030.jpg,1,1,True,5.732018962589791e-06,0.9999942779541016
/content/Dataset/Test/Real/real_1031.jpg,1,1,True,0.01050692331045866,0.9894931316375732
/content/Dataset/Test/Real/real_1032.jpg,1,1,True,0.0011053375201299787,0.9988946318626404
/content/Dataset/Test/Real/real_1033.jpg,1,1,True,5.593461173702963e-05,0.9999440908432007
/content/Dataset/Test/Real/real_1034.jpg,1,1,True,0.005649235099554062,0.994350790977478
/content/Dataset/Test/Real/real_1035.jpg,1,1,True,2.294949581482797e-06,0.9999977350234985
/content/Dataset/Test/Real/real_1036.jpg,1,1,True,0.0002609846997074783,0.9997389912605286
/content/Dataset/Test/Real/real_1037.jpg,1,1,True,7.245372671604855e-06,0.9999927282333374
/content/Dataset/Test/Real/real_1038.jpg,1,1,True,1.4739964171894826e-05,0.9999852180480957
/content/Dataset/Test/Real/real_1039.jpg,1,1,True,0.00013227258750703186,0.9998676776885986
/content/Dataset/Test/Real/real_104.jpg,1,1,True,0.06623547524213791,0.9337645173072815
/content/Dataset/Test/Real/real_1040.jpg,1,1,True,4.878452728007687e-06,0.9999951124191284
/content/Dataset/Test/Real/real_1041.jpg,1,1,True,5.747159320890205e-06,0.9999942779541016
/content/Dataset/Test/Real/real_1042.jpg,1,1,True,1.4019851732882671e-05,0.999985933303833
/content/Dataset/Test/Real/real_1043.jpg,1,1,True,9.612374469725182e-07,0.9999990463256836
/content/Dataset/Test/Real/real_1044.jpg,1,1,True,1.1593075441851397e-06,0.9999988079071045
/content/Dataset/Test/Real/real_1045.jpg,1,1,True,5.197538030188298e-06,0.9999947547912598
/content/Dataset/Test/Real/real_1046.jpg,1,1,True,6.749749559276097e-07,0.9999992847442627
/content/Dataset/Test/Real/real_1047.jpg,1,1,True,0.0025465942453593016,0.9974533915519714
/content/Dataset/Test/Real/real_1048.jpg,1,0,False,0.9897186756134033,0.01028136070817709
/content/Dataset/Test/Real/real_1049.jpg,1,1,True,0.012615888379514217,0.9873840808868408
/content/Dataset/Test/Real/real_105.jpg,1,1,True,0.1003834530711174,0.8996165990829468
/content/Dataset/Test/Real/real_1050.jpg,1,1,True,0.00010563184332568198,0.999894380569458
/content/Dataset/Test/Real/real_1051.jpg,1,1,True,4.628559054253856e-06,0.9999953508377075
/content/Dataset/Test/Real/real_1052.jpg,1,1,True,2.2061497020331444e-06,0.9999977350234985
/content/Dataset/Test/Real/real_1053.jpg,1,1,True,1.024201264954172e-05,0.9999897480010986
/content/Dataset/Test/Real/real_1054.jpg,1,0,False,0.6095674633979797,0.3904325067996979
/content/Dataset/Test/Real/real_1055.jpg,1,1,True,0.00016057123139034957,0.9998394250869751
/content/Dataset/Test/Real/real_1056.jpg,1,1,True,0.00023357618192676455,0.9997664093971252
/content/Dataset/Test/Real/real_1057.jpg,1,1,True,0.0006105603533796966,0.9993894100189209
/content/Dataset/Test/Real/real_1058.jpg,1,0,False,0.9007189273834229,0.09928102046251297
/content/Dataset/Test/Real/real_1059.jpg,1,1,True,0.0201160479336977,0.9798839092254639
/content/Dataset/Test/Real/real_106.jpg,1,1,True,0.008053218014538288,0.9919467568397522
/content/Dataset/Test/Real/real_1060.jpg,1,1,True,0.39015817642211914,0.6098417639732361
/content/Dataset/Test/Real/real_1061.jpg,1,1,True,1.1772960533562582e-05,0.9999881982803345
/content/Dataset/Test/Real/real_1062.jpg,1,1,True,0.025904376059770584,0.9740956425666809
/content/Dataset/Test/Real/real_1063.jpg,1,1,True,0.00045516531099565327,0.9995447993278503
/content/Dataset/Test/Real/real_1064.jpg,1,1,True,0.013347622938454151,0.9866523146629333
/content/Dataset/Test/Real/real_1065.jpg,1,1,True,0.0009972478728741407,0.9990027546882629
/content/Dataset/Test/Real/real_1066.jpg,1,1,True,3.5863020002580015e-06,0.9999964237213135
/content/Dataset/Test/Real/real_1067.jpg,1,1,True,0.0007110704318620265,0.9992889165878296
/content/Dataset/Test/Real/real_1068.jpg,1,1,True,0.01253167912364006,0.9874683618545532
/content/Dataset/Test/Real/real_1069.jpg,1,1,True,0.0014688525116071105,0.9985311031341553
/content/Dataset/Test/Real/real_107.jpg,1,1,True,2.814037088683108e-06,0.9999971389770508
/content/Dataset/Test/Real/real_1070.jpg,1,1,True,2.4687560653546825e-06,0.9999974966049194
/content/Dataset/Test/Real/real_1071.jpg,1,1,True,2.0695849798357813e-06,0.9999979734420776
/content/Dataset/Test/Real/real_1072.jpg,1,1,True,2.3068446353136096e-06,0.9999977350234985
/content/Dataset/Test/Real/real_1073.jpg,1,1,True,2.66073111561127e-05,0.9999734163284302
/content/Dataset/Test/Real/real_1074.jpg,1,1,True,1.0179302989854477e-05,0.9999898672103882
/content/Dataset/Test/Real/real_1075.jpg,1,1,True,7.532561880907451e-07,0.9999992847442627
/content/Dataset/Test/Real/real_1076.jpg,1,1,True,6.099116944824345e-06,0.9999939203262329
/content/Dataset/Test/Real/real_1077.jpg,1,1,True,0.0005099822883494198,0.9994900226593018
/content/Dataset/Test/Real/real_1078.jpg,1,1,True,0.0004035932943224907,0.9995964169502258
/content/Dataset/Test/Real/real_1079.jpg,1,1,True,1.1641663149930537e-05,0.999988317489624
/content/Dataset/Test/Real/real_108.jpg,1,1,True,0.002743238117545843,0.9972568154335022
/content/Dataset/Test/Real/real_1080.jpg,1,1,True,5.806501940242015e-05,0.9999419450759888
/content/Dataset/Test/Real/real_1081.jpg,1,1,True,0.12202649563550949,0.8779734373092651
/content/Dataset/Test/Real/real_1082.jpg,1,0,False,0.786228597164154,0.21377143263816833
/content/Dataset/Test/Real/real_1083.jpg,1,1,True,1.0462956197443418e-05,0.9999895095825195
/content/Dataset/Test/Real/real_1084.jpg,1,1,True,0.0611395537853241,0.9388604164123535
/content/Dataset/Test/Real/real_1085.jpg,1,1,True,3.299279114798992e-06,0.9999966621398926
/content/Dataset/Test/Real/real_1086.jpg,1,1,True,0.0012978838058188558,0.9987020492553711
/content/Dataset/Test/Real/real_1087.jpg,1,1,True,1.9996132323285565e-06,0.9999979734420776
/content/Dataset/Test/Real/real_1088.jpg,1,1,True,5.886164217372425e-05,0.9999411106109619
/content/Dataset/Test/Real/real_1089.jpg,1,1,True,9.819242450248566e-07,0.9999990463256836
/content/Dataset/Test/Real/real_109.jpg,1,1,True,1.0742809536168352e-05,0.9999892711639404
/content/Dataset/Test/Real/real_1090.jpg,1,1,True,3.676898268167861e-05,0.9999632835388184
/content/Dataset/Test/Real/real_1091.jpg,1,1,True,0.00034491746919229627,0.9996551275253296
/content/Dataset/Test/Real/real_1092.jpg,1,1,True,0.026495683938264847,0.973504364490509
/content/Dataset/Test/Real/real_1093.jpg,1,1,True,0.00012966705253347754,0.9998703002929688
/content/Dataset/Test/Real/real_1094.jpg,1,1,True,9.329892054665834e-05,0.9999066591262817
/content/Dataset/Test/Real/real_1095.jpg,1,1,True,0.0007941195508465171,0.9992058873176575
/content/Dataset/Test/Real/real_1096.jpg,1,1,True,0.0019212497863918543,0.9980787038803101
/content/Dataset/Test/Real/real_1097.jpg,1,1,True,1.0942827657345333e-06,0.999998927116394
/content/Dataset/Test/Real/real_1098.jpg,1,1,True,1.099911628443806e-06,0.999998927116394
/content/Dataset/Test/Real/real_1099.jpg,1,1,True,1.971321125893155e-06,0.9999979734420776
/content/Dataset/Test/Real/real_11.jpg,1,1,True,2.089037479890976e-06,0.9999978542327881
/content/Dataset/Test/Real/real_110.jpg,1,0,False,0.6942797899246216,0.3057202100753784
/content/Dataset/Test/Real/real_1100.jpg,1,1,True,1.911521394504234e-06,0.9999980926513672
/content/Dataset/Test/Real/real_1101.jpg,1,1,True,6.925635716470424e-06,0.999993085861206
/content/Dataset/Test/Real/real_1102.jpg,1,1,True,6.829788503637246e-07,0.9999992847442627
/content/Dataset/Test/Real/real_1103.jpg,1,1,True,0.006429903209209442,0.99357008934021
/content/Dataset/Test/Real/real_1104.jpg,1,1,True,3.5752855183091015e-06,0.9999964237213135
/content/Dataset/Test/Real/real_1105.jpg,1,1,True,2.5343822471768362e-06,0.9999974966049194
/content/Dataset/Test/Real/real_1106.jpg,1,1,True,6.689675501547754e-05,0.999933123588562
/content/Dataset/Test/Real/real_1107.jpg,1,1,True,9.081254574994091e-06,0.9999909400939941
/content/Dataset/Test/Real/real_1108.jpg,1,1,True,1.2990702089155093e-05,0.999987006187439
/content/Dataset/Test/Real/real_1109.jpg,1,1,True,0.10582616925239563,0.8941738605499268
/content/Dataset/Test/Real/real_111.jpg,1,1,True,0.023330505937337875,0.976669430732727
/content/Dataset/Test/Real/real_1110.jpg,1,1,True,0.006444279570132494,0.9935557246208191
/content/Dataset/Test/Real/real_1111.jpg,1,1,True,2.3911991320346715e-06,0.999997615814209
/content/Dataset/Test/Real/real_1112.jpg,1,1,True,0.07295959442853928,0.9270403981208801
/content/Dataset/Test/Real/real_1113.jpg,1,1,True,1.324405093328096e-05,0.9999867677688599
/content/Dataset/Test/Real/real_1114.jpg,1,1,True,5.381318146646663e-07,0.9999994039535522
/content/Dataset/Test/Real/real_1115.jpg,1,1,True,0.012514312751591206,0.9874857068061829
/content/Dataset/Test/Real/real_1116.jpg,1,1,True,2.1100104277138598e-05,0.9999788999557495
/content/Dataset/Test/Real/real_1117.jpg,1,1,True,0.0007005518418736756,0.9992994070053101
/content/Dataset/Test/Real/real_1118.jpg,1,1,True,3.4986217087862315e-06,0.999996542930603
/content/Dataset/Test/Real/real_1119.jpg,1,1,True,6.10915321885841e-06,0.9999939203262329
/content/Dataset/Test/Real/real_112.jpg,1,1,True,0.03064299374818802,0.9693570137023926
/content/Dataset/Test/Real/real_1120.jpg,1,1,True,0.012863965705037117,0.9871360063552856
/content/Dataset/Test/Real/real_1121.jpg,1,1,True,2.130096618202515e-05,0.9999786615371704
/content/Dataset/Test/Real/real_1122.jpg,1,1,True,4.070854629389942e-06,0.9999959468841553
/content/Dataset/Test/Real/real_1123.jpg,1,1,True,0.0001489912683609873,0.9998509883880615
/content/Dataset/Test/Real/real_1124.jpg,1,1,True,0.224112868309021,0.775887131690979
/content/Dataset/Test/Real/real_1125.jpg,1,1,True,1.3674467481905594e-05,0.9999862909317017
/content/Dataset/Test/Real/real_1126.jpg,1,1,True,0.00011591315706027672,0.9998841285705566
/content/Dataset/Test/Real/real_1127.jpg,1,1,True,0.2594063878059387,0.7405936121940613
/content/Dataset/Test/Real/real_1128.jpg,1,1,True,0.19097210466861725,0.809027910232544
/content/Dataset/Test/Real/real_1129.jpg,1,1,True,0.0011867309221997857,0.998813271522522
/content/Dataset/Test/Real/real_113.jpg,1,1,True,0.23620669543743134,0.7637933492660522
/content/Dataset/Test/Real/real_1130.jpg,1,1,True,0.04085417836904526,0.9591458439826965
/content/Dataset/Test/Real/real_1131.jpg,1,1,True,0.00026303360937163234,0.9997369647026062
/content/Dataset/Test/Real/real_1132.jpg,1,1,True,1.2787632840627339e-05,0.9999872446060181
/content/Dataset/Test/Real/real_1133.jpg,1,1,True,1.183428776130313e-05,0.9999881982803345
/content/Dataset/Test/Real/real_1134.jpg,1,1,True,0.00014020552043803036,0.9998598098754883
/content/Dataset/Test/Real/real_1135.jpg,1,1,True,0.021019019186496735,0.9789809584617615
/content/Dataset/Test/Real/real_1136.jpg,1,1,True,8.219311712309718e-05,0.99991774559021
/content/Dataset/Test/Real/real_1137.jpg,1,1,True,1.7670374290901236e-05,0.9999823570251465
/content/Dataset/Test/Real/real_1138.jpg,1,1,True,2.8415379347279668e-05,0.9999716281890869
/content/Dataset/Test/Real/real_1139.jpg,1,1,True,1.2270643310330343e-05,0.9999877214431763
/content/Dataset/Test/Real/real_114.jpg,1,0,False,0.700146496295929,0.29985347390174866
/content/Dataset/Test/Real/real_1140.jpg,1,0,False,0.6755913496017456,0.324408620595932
/content/Dataset/Test/Real/real_1141.jpg,1,1,True,1.511944083176786e-05,0.999984860420227
/content/Dataset/Test/Real/real_1142.jpg,1,0,False,0.7055127620697021,0.29448723793029785
/content/Dataset/Test/Real/real_1143.jpg,1,1,True,0.0006666152621619403,0.9993333220481873
/content/Dataset/Test/Real/real_1144.jpg,1,1,True,2.485573759258841e-06,0.9999974966049194
/content/Dataset/Test/Real/real_1145.jpg,1,1,True,8.914435966289602e-06,0.9999910593032837
/content/Dataset/Test/Real/real_1146.jpg,1,1,True,1.3980973562865984e-05,0.9999860525131226
/content/Dataset/Test/Real/real_1147.jpg,1,1,True,0.00011739951150957495,0.9998825788497925
/content/Dataset/Test/Real/real_1148.jpg,1,1,True,4.955559688823996e-06,0.9999949932098389
/content/Dataset/Test/Real/real_1149.jpg,1,1,True,2.8252661650185473e-06,0.9999971389770508
/content/Dataset/Test/Real/real_115.jpg,1,1,True,0.003291921690106392,0.9967080354690552
/content/Dataset/Test/Real/real_1150.jpg,1,1,True,0.1002197414636612,0.8997802138328552
/content/Dataset/Test/Real/real_1151.jpg,1,1,True,0.012859364971518517,0.9871406555175781
/content/Dataset/Test/Real/real_1152.jpg,1,1,True,0.0033532746601849794,0.9966467022895813
/content/Dataset/Test/Real/real_1153.jpg,1,1,True,1.9476713077892782e-06,0.9999980926513672
/content/Dataset/Test/Real/real_1154.jpg,1,1,True,3.353926513227634e-05,0.9999665021896362
/content/Dataset/Test/Real/real_1155.jpg,1,1,True,0.008635135367512703,0.9913648366928101
/content/Dataset/Test/Real/real_1156.jpg,1,1,True,0.203472301363945,0.7965277433395386
/content/Dataset/Test/Real/real_1157.jpg,1,1,True,3.6568642372003524e-06,0.9999963045120239
/content/Dataset/Test/Real/real_1158.jpg,1,1,True,0.0001764905173331499,0.9998235106468201
/content/Dataset/Test/Real/real_1159.jpg,1,1,True,8.185459591913968e-05,0.9999181032180786
/content/Dataset/Test/Real/real_116.jpg,1,0,False,0.8975093364715576,0.10249059647321701
/content/Dataset/Test/Real/real_1160.jpg,1,1,True,3.087909817622858e-06,0.9999969005584717
/content/Dataset/Test/Real/real_1161.jpg,1,1,True,7.3144660746038426e-06,0.9999927282333374
/content/Dataset/Test/Real/real_1162.jpg,1,1,True,6.744351594534237e-06,0.9999932050704956
/content/Dataset/Test/Real/real_1163.jpg,1,1,True,2.2679635094391415e-06,0.9999977350234985
/content/Dataset/Test/Real/real_1164.jpg,1,1,True,0.00038069370202720165,0.9996192455291748
/content/Dataset/Test/Real/real_1165.jpg,1,0,False,0.7631215453147888,0.23687849938869476
/content/Dataset/Test/Real/real_1166.jpg,1,1,True,0.06720836460590363,0.9327915906906128
/content/Dataset/Test/Real/real_1167.jpg,1,1,True,9.053254643731634e-07,0.9999990463256836
/content/Dataset/Test/Real/real_1168.jpg,1,1,True,1.5063916180224624e-05,0.9999849796295166
/content/Dataset/Test/Real/real_1169.jpg,1,1,True,0.24745216965675354,0.7525478005409241
/content/Dataset/Test/Real/real_117.jpg,1,1,True,0.007134711369872093,0.9928653240203857
/content/Dataset/Test/Real/real_1170.jpg,1,1,True,1.1572717539820587e-06,0.9999988079071045
/content/Dataset/Test/Real/real_1171.jpg,1,1,True,0.00015384613652713597,0.9998461008071899
/content/Dataset/Test/Real/real_1172.jpg,1,1,True,1.1732131497410592e-05,0.999988317489624
/content/Dataset/Test/Real/real_1173.jpg,1,1,True,0.014075533486902714,0.9859244227409363
/content/Dataset/Test/Real/real_1174.jpg,1,1,True,6.735295301041333e-06,0.9999932050704956
/content/Dataset/Test/Real/real_1175.jpg,1,1,True,0.00019657137454487383,0.9998034834861755
/content/Dataset/Test/Real/real_1176.jpg,1,1,True,5.654789219988743e-06,0.9999943971633911
/content/Dataset/Test/Real/real_1177.jpg,1,1,True,0.29681843519210815,0.7031815648078918
/content/Dataset/Test/Real/real_1178.jpg,1,1,True,6.288967142609181e-06,0.9999936819076538
/content/Dataset/Test/Real/real_1179.jpg,1,1,True,5.613995199382771e-06,0.9999943971633911
/content/Dataset/Test/Real/real_118.jpg,1,1,True,0.005067895166575909,0.9949321150779724
/content/Dataset/Test/Real/real_1180.jpg,1,1,True,0.0003540758043527603,0.9996459484100342
/content/Dataset/Test/Real/real_1181.jpg,1,1,True,3.830522473435849e-06,0.9999961853027344
/content/Dataset/Test/Real/real_1182.jpg,1,1,True,2.8610502340598032e-05,0.9999713897705078
/content/Dataset/Test/Real/real_1183.jpg,1,1,True,0.0016966098919510841,0.9983034133911133
/content/Dataset/Test/Real/real_1184.jpg,1,1,True,3.6339166399557143e-05,0.999963641166687
/content/Dataset/Test/Real/real_1185.jpg,1,1,True,1.2271417517695227e-06,0.9999988079071045
/content/Dataset/Test/Real/real_1186.jpg,1,1,True,2.200195240220637e-06,0.9999978542327881
/content/Dataset/Test/Real/real_1187.jpg,1,1,True,0.00019017128215637058,0.9998098015785217
/content/Dataset/Test/Real/real_1188.jpg,1,1,True,0.3568706512451172,0.6431293487548828
/content/Dataset/Test/Real/real_1189.jpg,1,1,True,4.61443341919221e-05,0.9999538660049438
/content/Dataset/Test/Real/real_119.jpg,1,1,True,0.00016360441804863513,0.9998363256454468
/content/Dataset/Test/Real/real_1190.jpg,1,1,True,3.7240670280880295e-06,0.9999963045120239
/content/Dataset/Test/Real/real_1191.jpg,1,1,True,0.0007570429588668048,0.9992430210113525
/content/Dataset/Test/Real/real_1192.jpg,1,1,True,1.8807282685884275e-05,0.999981164932251
/content/Dataset/Test/Real/real_1193.jpg,1,1,True,1.0025169103755616e-06,0.9999990463256836
/content/Dataset/Test/Real/real_1194.jpg,1,1,True,5.56675877305679e-06,0.9999943971633911
/content/Dataset/Test/Real/real_1195.jpg,1,0,False,0.9969334602355957,0.0030665320809930563
/content/Dataset/Test/Real/real_1196.jpg,1,0,False,0.8061724901199341,0.19382745027542114
/content/Dataset/Test/Real/real_1197.jpg,1,1,True,9.62719127528544e-07,0.9999990463256836
/content/Dataset/Test/Real/real_1198.jpg,1,1,True,0.0008446926949545741,0.9991552829742432
/content/Dataset/Test/Real/real_1199.jpg,1,1,True,0.010837458074092865,0.9891625642776489
/content/Dataset/Test/Real/real_12.jpg,1,1,True,9.29643792915158e-05,0.9999070167541504
/content/Dataset/Test/Real/real_120.jpg,1,1,True,0.4614884853363037,0.5385115146636963
/content/Dataset/Test/Real/real_1200.jpg,1,1,True,0.10500910133123398,0.894990861415863
/content/Dataset/Test/Real/real_1201.jpg,1,1,True,0.018260562792420387,0.9817394018173218
/content/Dataset/Test/Real/real_1202.jpg,1,0,False,0.9755961894989014,0.02440381795167923
/content/Dataset/Test/Real/real_1203.jpg,1,1,True,1.6829377273097634e-05,0.9999831914901733
/content/Dataset/Test/Real/real_1204.jpg,1,1,True,0.0019463449716567993,0.9980536699295044
/content/Dataset/Test/Real/real_1205.jpg,1,1,True,8.977493962447625e-06,0.9999910593032837
/content/Dataset/Test/Real/real_1206.jpg,1,1,True,0.007955052889883518,0.9920449256896973
/content/Dataset/Test/Real/real_1207.jpg,1,1,True,0.0001403944188496098,0.9998595714569092
/content/Dataset/Test/Real/real_1208.jpg,1,1,True,1.1708803867804818e-05,0.999988317489624
/content/Dataset/Test/Real/real_1209.jpg,1,1,True,0.00014494651986751705,0.9998550415039062
/content/Dataset/Test/Real/real_121.jpg,1,1,True,0.00034585193498060107,0.9996541738510132
/content/Dataset/Test/Real/real_1210.jpg,1,1,True,6.038401352270739e-07,0.9999994039535522
/content/Dataset/Test/Real/real_1211.jpg,1,1,True,2.5536322937114164e-05,0.9999744892120361
/content/Dataset/Test/Real/real_1212.jpg,1,1,True,3.8820551708340645e-05,0.9999611377716064
/content/Dataset/Test/Real/real_1213.jpg,1,1,True,6.382975698215887e-05,0.9999362230300903
/content/Dataset/Test/Real/real_1214.jpg,1,1,True,0.0014662083704024553,0.9985337257385254
/content/Dataset/Test/Real/real_1215.jpg,1,1,True,0.13906371593475342,0.8609363436698914
/content/Dataset/Test/Real/real_1216.jpg,1,1,True,0.0016247837338596582,0.9983751773834229
/content/Dataset/Test/Real/real_1217.jpg,1,1,True,1.936019089043839e-06,0.9999980926513672
/content/Dataset/Test/Real/real_1218.jpg,1,1,True,1.699065433058422e-05,0.9999829530715942
/content/Dataset/Test/Real/real_1219.jpg,1,1,True,1.2776698895322625e-05,0.9999872446060181
/content/Dataset/Test/Real/real_122.jpg,1,0,False,0.8374965786933899,0.16250336170196533
/content/Dataset/Test/Real/real_1220.jpg,1,1,True,1.7222240785486065e-05,0.9999828338623047
/content/Dataset/Test/Real/real_1221.jpg,1,1,True,1.3793965081276838e-06,0.9999985694885254
/content/Dataset/Test/Real/real_1222.jpg,1,1,True,2.395232058916008e-06,0.999997615814209
/content/Dataset/Test/Real/real_1223.jpg,1,1,True,3.073625066463137e-06,0.9999969005584717
/content/Dataset/Test/Real/real_1224.jpg,1,1,True,3.109171302639879e-05,0.9999688863754272
/content/Dataset/Test/Real/real_1225.jpg,1,1,True,6.952263356652111e-05,0.9999305009841919
/content/Dataset/Test/Real/real_1226.jpg,1,1,True,0.00012275591143406928,0.9998772144317627
/content/Dataset/Test/Real/real_1227.jpg,1,1,True,0.0004179310635663569,0.9995821118354797
/content/Dataset/Test/Real/real_1228.jpg,1,1,True,4.319034815125633e-06,0.9999957084655762
/content/Dataset/Test/Real/real_1229.jpg,1,1,True,1.2545172012323746e-06,0.9999986886978149
/content/Dataset/Test/Real/real_123.jpg,1,1,True,2.1675143671018304e-06,0.9999978542327881
/content/Dataset/Test/Real/real_1230.jpg,1,1,True,9.688458249001997e-07,0.9999990463256836
/content/Dataset/Test/Real/real_1231.jpg,1,1,True,0.00020227249478921294,0.9997977614402771
/content/Dataset/Test/Real/real_1232.jpg,1,1,True,1.4377225170392194e-06,0.9999985694885254
/content/Dataset/Test/Real/real_1233.jpg,1,1,True,1.1944459856749745e-06,0.9999988079071045
/content/Dataset/Test/Real/real_1234.jpg,1,1,True,2.4158882752089994e-06,0.999997615814209
/content/Dataset/Test/Real/real_1235.jpg,1,1,True,0.013218777254223824,0.9867811799049377
/content/Dataset/Test/Real/real_1236.jpg,1,1,True,0.005089318845421076,0.9949106574058533
/content/Dataset/Test/Real/real_1237.jpg,1,1,True,1.600242171662103e-06,0.9999984502792358
/content/Dataset/Test/Real/real_1238.jpg,1,1,True,4.690717560151825e-06,0.9999953508377075
/content/Dataset/Test/Real/real_1239.jpg,1,1,True,0.008754115551710129,0.9912459254264832
/content/Dataset/Test/Real/real_124.jpg,1,0,False,0.9581957459449768,0.041804239153862
/content/Dataset/Test/Real/real_1240.jpg,1,1,True,3.920376457244856e-06,0.9999960660934448
/content/Dataset/Test/Real/real_1241.jpg,1,1,True,0.010773539543151855,0.9892265200614929
/content/Dataset/Test/Real/real_1242.jpg,1,1,True,7.197222203103593e-06,0.999992847442627
/content/Dataset/Test/Real/real_1243.jpg,1,1,True,1.0516075235500466e-05,0.9999895095825195
/content/Dataset/Test/Real/real_1244.jpg,1,1,True,3.5329725506016985e-05,0.999964714050293
/content/Dataset/Test/Real/real_1245.jpg,1,0,False,0.5854433178901672,0.414556622505188
/content/Dataset/Test/Real/real_1246.jpg,1,1,True,0.006659054197371006,0.9933409094810486
/content/Dataset/Test/Real/real_1247.jpg,1,1,True,0.0007938755443319678,0.9992061257362366
/content/Dataset/Test/Real/real_1248.jpg,1,1,True,3.341727642691694e-05,0.9999666213989258
/content/Dataset/Test/Real/real_1249.jpg,1,0,False,0.5910103917121887,0.4089896082878113
/content/Dataset/Test/Real/real_125.jpg,1,1,True,0.0007015500450506806,0.9992984533309937
/content/Dataset/Test/Real/real_1250.jpg,1,1,True,6.375733391905669e-06,0.9999936819076538
/content/Dataset/Test/Real/real_1251.jpg,1,1,True,0.041202791035175323,0.9587972164154053
/content/Dataset/Test/Real/real_1252.jpg,1,1,True,3.737620136234909e-05,0.999962568283081
/content/Dataset/Test/Real/real_1253.jpg,1,1,True,0.0004191722837276757,0.9995808005332947
/content/Dataset/Test/Real/real_1254.jpg,1,1,True,0.0003023861791007221,0.9996976852416992
/content/Dataset/Test/Real/real_1255.jpg,1,1,True,1.394201535731554e-05,0.9999860525131226
/content/Dataset/Test/Real/real_1256.jpg,1,1,True,0.0030894731171429157,0.9969105124473572
/content/Dataset/Test/Real/real_1257.jpg,1,1,True,2.0056024823134067e-06,0.9999979734420776
/content/Dataset/Test/Real/real_1258.jpg,1,1,True,9.562680816088687e-07,0.9999990463256836
/content/Dataset/Test/Real/real_1259.jpg,1,1,True,0.0010719813872128725,0.9989280104637146
/content/Dataset/Test/Real/real_126.jpg,1,1,True,0.3903081715106964,0.6096917986869812
/content/Dataset/Test/Real/real_1260.jpg,1,1,True,9.414359738002531e-06,0.9999905824661255
/content/Dataset/Test/Real/real_1261.jpg,1,1,True,3.112496415269561e-06,0.9999969005584717
/content/Dataset/Test/Real/real_1262.jpg,1,1,True,3.120717565252562e-06,0.9999969005584717
/content/Dataset/Test/Real/real_1263.jpg,1,1,True,0.0012447964400053024,0.9987552165985107
/content/Dataset/Test/Real/real_1264.jpg,1,1,True,0.00012882432201877236,0.9998711347579956
/content/Dataset/Test/Real/real_1265.jpg,1,1,True,0.00016596028581261635,0.9998340606689453
/content/Dataset/Test/Real/real_1266.jpg,1,1,True,5.022253844799707e-06,0.9999949932098389
/content/Dataset/Test/Real/real_1267.jpg,1,1,True,0.0007796023273840547,0.9992203712463379
/content/Dataset/Test/Real/real_1268.jpg,1,1,True,0.008850211277604103,0.9911497831344604
/content/Dataset/Test/Real/real_1269.jpg,1,0,False,0.9822154641151428,0.017784537747502327
/content/Dataset/Test/Real/real_127.jpg,1,1,True,0.0056209745816886425,0.9943789839744568
/content/Dataset/Test/Real/real_1270.jpg,1,1,True,0.1034003272652626,0.8965996503829956
/content/Dataset/Test/Real/real_1271.jpg,1,1,True,0.043617941439151764,0.9563820958137512
/content/Dataset/Test/Real/real_1272.jpg,1,1,True,0.0003704644332174212,0.9996294975280762
/content/Dataset/Test/Real/real_1273.jpg,1,1,True,0.00020978525571990758,0.9997902512550354
/content/Dataset/Test/Real/real_1274.jpg,1,1,True,1.0551948435022496e-05,0.99998939037323
/content/Dataset/Test/Real/real_1275.jpg,1,1,True,4.851977791986428e-06,0.9999951124191284
/content/Dataset/Test/Real/real_1276.jpg,1,1,True,9.18638124858262e-06,0.9999908208847046
/content/Dataset/Test/Real/real_1277.jpg,1,1,True,2.922311978181824e-05,0.9999707937240601
/content/Dataset/Test/Real/real_1278.jpg,1,1,True,0.011747130192816257,0.9882529377937317
/content/Dataset/Test/Real/real_1279.jpg,1,1,True,0.0021887067705392838,0.9978113770484924
/content/Dataset/Test/Real/real_128.jpg,1,1,True,0.49233517050743103,0.5076648592948914
/content/Dataset/Test/Real/real_1280.jpg,1,1,True,2.654993750184076e-06,0.9999973773956299
/content/Dataset/Test/Real/real_1281.jpg,1,1,True,1.6275736925308593e-05,0.9999836683273315
/content/Dataset/Test/Real/real_1282.jpg,1,1,True,5.394503546085616e-07,0.9999994039535522
/content/Dataset/Test/Real/real_1283.jpg,1,1,True,3.0321720259962603e-05,0.9999697208404541
/content/Dataset/Test/Real/real_1284.jpg,1,1,True,4.6199320991036075e-07,0.9999995231628418
/content/Dataset/Test/Real/real_1285.jpg,1,1,True,3.993286554759834e-06,0.9999960660934448
/content/Dataset/Test/Real/real_1286.jpg,1,1,True,9.156687883660197e-05,0.999908447265625
/content/Dataset/Test/Real/real_1287.jpg,1,1,True,0.00020232553652022034,0.9997976422309875
/content/Dataset/Test/Real/real_1288.jpg,1,1,True,2.1557391391979763e-06,0.9999978542327881
/content/Dataset/Test/Real/real_1289.jpg,1,1,True,0.05007015913724899,0.9499298334121704
/content/Dataset/Test/Real/real_129.jpg,1,1,True,1.8307308664589073e-06,0.9999982118606567
/content/Dataset/Test/Real/real_1290.jpg,1,1,True,0.004375746473670006,0.9956242442131042
/content/Dataset/Test/Real/real_1291.jpg,1,1,True,0.0001549573935335502,0.999845027923584
/content/Dataset/Test/Real/real_1292.jpg,1,1,True,4.882331268163398e-05,0.9999511241912842
/content/Dataset/Test/Real/real_1293.jpg,1,1,True,4.486585567065049e-06,0.9999954700469971
/content/Dataset/Test/Real/real_1294.jpg,1,1,True,3.248759821872227e-05,0.9999674558639526
/content/Dataset/Test/Real/real_1295.jpg,1,1,True,5.6830685934983194e-05,0.9999431371688843
/content/Dataset/Test/Real/real_1296.jpg,1,1,True,0.0077559626661241055,0.9922440648078918
/content/Dataset/Test/Real/real_1297.jpg,1,1,True,0.0847531333565712,0.915246844291687
/content/Dataset/Test/Real/real_1298.jpg,1,1,True,0.058923158794641495,0.9410768151283264
/content/Dataset/Test/Real/real_1299.jpg,1,1,True,1.6413418052252382e-05,0.999983549118042
/content/Dataset/Test/Real/real_13.jpg,1,1,True,6.664582178927958e-05,0.9999333620071411
/content/Dataset/Test/Real/real_130.jpg,1,1,True,0.00014070024190004915,0.9998593330383301
/content/Dataset/Test/Real/real_1300.jpg,1,1,True,0.1308697611093521,0.8691302537918091
/content/Dataset/Test/Real/real_1301.jpg,1,1,True,0.0001041380237438716,0.9998958110809326
/content/Dataset/Test/Real/real_1302.jpg,1,1,True,1.1943080835408182e-06,0.9999988079071045
/content/Dataset/Test/Real/real_1303.jpg,1,0,False,0.5483843684196472,0.4516156017780304
/content/Dataset/Test/Real/real_1304.jpg,1,1,True,0.33450472354888916,0.6654952764511108
/content/Dataset/Test/Real/real_1305.jpg,1,1,True,3.321954500279389e-05,0.9999667406082153
/content/Dataset/Test/Real/real_1306.jpg,1,1,True,6.119335580478946e-07,0.9999994039535522
/content/Dataset/Test/Real/real_1307.jpg,1,1,True,1.2913166074213223e-06,0.9999986886978149
/content/Dataset/Test/Real/real_1308.jpg,1,1,True,2.606235102575738e-05,0.9999738931655884
/content/Dataset/Test/Real/real_1309.jpg,1,1,True,1.5019270449556643e-06,0.9999984502792358
/content/Dataset/Test/Real/real_131.jpg,1,1,True,0.0007605397840961814,0.999239444732666
/content/Dataset/Test/Real/real_1310.jpg,1,1,True,2.4701030270080082e-06,0.9999974966049194
/content/Dataset/Test/Real/real_1311.jpg,1,1,True,3.714729245984927e-05,0.9999628067016602
/content/Dataset/Test/Real/real_1312.jpg,1,1,True,1.8551941138866823e-06,0.9999980926513672
/content/Dataset/Test/Real/real_1313.jpg,1,1,True,5.936071261203324e-07,0.9999994039535522
/content/Dataset/Test/Real/real_1314.jpg,1,1,True,0.0001821509504225105,0.9998179078102112
/content/Dataset/Test/Real/real_1315.jpg,1,1,True,3.3089338558056625e-06,0.9999966621398926
/content/Dataset/Test/Real/real_1316.jpg,1,1,True,6.565851072082296e-05,0.9999343156814575
/content/Dataset/Test/Real/real_1317.jpg,1,1,True,0.0016538233030587435,0.998346209526062
/content/Dataset/Test/Real/real_1318.jpg,1,1,True,1.830179257922282e-06,0.9999982118606567
/content/Dataset/Test/Real/real_1319.jpg,1,1,True,4.402303375172778e-07,0.9999995231628418
/content/Dataset/Test/Real/real_132.jpg,1,0,False,0.8438716530799866,0.156128391623497
/content/Dataset/Test/Real/real_1320.jpg,1,1,True,2.724229943851242e-06,0.9999972581863403
/content/Dataset/Test/Real/real_1321.jpg,1,1,True,0.0032345992513000965,0.9967653751373291
/content/Dataset/Test/Real/real_1322.jpg,1,1,True,2.7993506591883488e-05,0.9999719858169556
/content/Dataset/Test/Real/real_1323.jpg,1,1,True,2.776776682367199e-06,0.9999972581863403
/content/Dataset/Test/Real/real_1324.jpg,1,1,True,2.539353044994641e-05,0.9999746084213257
/content/Dataset/Test/Real/real_1325.jpg,1,1,True,0.1774125099182129,0.8225874900817871
/content/Dataset/Test/Real/real_1326.jpg,1,1,True,0.087881900370121,0.912118136882782
/content/Dataset/Test/Real/real_1327.jpg,1,1,True,3.121220652246848e-05,0.9999687671661377
/content/Dataset/Test/Real/real_1328.jpg,1,1,True,0.002482803538441658,0.9975172281265259
/content/Dataset/Test/Real/real_1329.jpg,1,1,True,0.008532942272722721,0.9914669990539551
/content/Dataset/Test/Real/real_133.jpg,1,1,True,2.1090936570544727e-06,0.9999978542327881
/content/Dataset/Test/Real/real_1330.jpg,1,1,True,1.1958857612626161e-05,0.9999880790710449
/content/Dataset/Test/Real/real_1331.jpg,1,1,True,7.200029813247966e-06,0.999992847442627
/content/Dataset/Test/Real/real_1332.jpg,1,1,True,9.246114495908841e-05,0.9999074935913086
/content/Dataset/Test/Real/real_1333.jpg,1,1,True,1.7486923979959101e-06,0.9999982118606567
/content/Dataset/Test/Real/real_1334.jpg,1,0,False,0.5370996594429016,0.4629003405570984
/content/Dataset/Test/Real/real_1335.jpg,1,1,True,0.030871031805872917,0.9691289663314819
/content/Dataset/Test/Real/real_1336.jpg,1,1,True,0.0010178020456805825,0.9989821314811707
/content/Dataset/Test/Real/real_1337.jpg,1,1,True,1.9471663108561188e-05,0.9999805688858032
/content/Dataset/Test/Real/real_1338.jpg,1,1,True,0.000981776393018663,0.9990181922912598
/content/Dataset/Test/Real/real_1339.jpg,1,1,True,1.980105025722878e-06,0.9999979734420776
/content/Dataset/Test/Real/real_134.jpg,1,1,True,1.6557221442781156e-06,0.9999983310699463
/content/Dataset/Test/Real/real_1340.jpg,1,1,True,9.795105870580301e-05,0.9999020099639893
/content/Dataset/Test/Real/real_1341.jpg,1,1,True,8.577341759519186e-06,0.9999914169311523
/content/Dataset/Test/Real/real_1342.jpg,1,0,False,0.8183093667030334,0.18169064819812775
/content/Dataset/Test/Real/real_1343.jpg,1,1,True,3.434668542467989e-05,0.9999656677246094
/content/Dataset/Test/Real/real_1344.jpg,1,1,True,4.027153772767633e-05,0.9999597072601318
/content/Dataset/Test/Real/real_1345.jpg,1,1,True,1.6608411897323094e-05,0.9999834299087524
/content/Dataset/Test/Real/real_1346.jpg,1,1,True,0.00011823987006209791,0.9998817443847656
/content/Dataset/Test/Real/real_1347.jpg,1,1,True,0.0013172333128750324,0.9986827969551086
/content/Dataset/Test/Real/real_1348.jpg,1,1,True,0.00030676499591208994,0.9996932744979858
/content/Dataset/Test/Real/real_1349.jpg,1,1,True,0.00016067354590632021,0.9998393058776855
/content/Dataset/Test/Real/real_135.jpg,1,1,True,5.681073957930494e-07,0.9999994039535522
/content/Dataset/Test/Real/real_1350.jpg,1,1,True,0.00030568972579203546,0.9996943473815918
/content/Dataset/Test/Real/real_1351.jpg,1,1,True,0.0010754188988357782,0.9989245533943176
/content/Dataset/Test/Real/real_1352.jpg,1,1,True,3.652148734545335e-06,0.9999963045120239
/content/Dataset/Test/Real/real_1353.jpg,1,1,True,1.6708833072698326e-06,0.9999983310699463
/content/Dataset/Test/Real/real_1354.jpg,1,1,True,3.3375588373019127e-06,0.9999966621398926
/content/Dataset/Test/Real/real_1355.jpg,1,1,True,0.0005448607262223959,0.9994551539421082
/content/Dataset/Test/Real/real_1356.jpg,1,1,True,2.491523810022045e-05,0.9999750852584839
/content/Dataset/Test/Real/real_1357.jpg,1,1,True,0.00011803170491475612,0.9998819828033447
/content/Dataset/Test/Real/real_1358.jpg,1,1,True,1.5915152289380785e-06,0.9999984502792358
/content/Dataset/Test/Real/real_1359.jpg,1,1,True,4.400810666993493e-06,0.9999955892562866
/content/Dataset/Test/Real/real_136.jpg,1,1,True,1.619944305275567e-05,0.9999837875366211
/content/Dataset/Test/Real/real_1360.jpg,1,1,True,1.9450130821496714e-06,0.9999980926513672
/content/Dataset/Test/Real/real_1361.jpg,1,1,True,1.548869022371946e-06,0.9999984502792358
/content/Dataset/Test/Real/real_1362.jpg,1,0,False,0.9296209812164307,0.07037904858589172
/content/Dataset/Test/Real/real_1363.jpg,1,1,True,0.0028223791159689426,0.9971776008605957
/content/Dataset/Test/Real/real_1364.jpg,1,1,True,0.015415502712130547,0.9845845103263855
/content/Dataset/Test/Real/real_1365.jpg,1,1,True,4.404647029332409e-07,0.9999995231628418
/content/Dataset/Test/Real/real_1366.jpg,1,1,True,0.0001516889751655981,0.9998482465744019
/content/Dataset/Test/Real/real_1367.jpg,1,1,True,0.0012340748216956854,0.9987659454345703
/content/Dataset/Test/Real/real_1368.jpg,1,1,True,0.03820951655507088,0.9617905020713806
/content/Dataset/Test/Real/real_1369.jpg,1,1,True,3.6571991586242802e-06,0.9999963045120239
/content/Dataset/Test/Real/real_137.jpg,1,1,True,0.00045804871479049325,0.9995419979095459
/content/Dataset/Test/Real/real_1370.jpg,1,1,True,0.13745813071727753,0.862541913986206
/content/Dataset/Test/Real/real_1371.jpg,1,1,True,1.76910798472818e-05,0.9999823570251465
/content/Dataset/Test/Real/real_1372.jpg,1,0,False,0.9352732300758362,0.0647267997264862
/content/Dataset/Test/Real/real_1373.jpg,1,1,True,3.5645713069243357e-05,0.9999643564224243
/content/Dataset/Test/Real/real_1374.jpg,1,1,True,0.0013443385250866413,0.9986556768417358
/content/Dataset/Test/Real/real_1375.jpg,1,1,True,2.7701614726538537e-06,0.9999972581863403
/content/Dataset/Test/Real/real_1376.jpg,1,1,True,0.0008379838545806706,0.9991620779037476
/content/Dataset/Test/Real/real_1377.jpg,1,1,True,3.85856310458621e-06,0.9999961853027344
/content/Dataset/Test/Real/real_1378.jpg,1,1,True,2.2469689611170907e-06,0.9999977350234985
/content/Dataset/Test/Real/real_1379.jpg,1,1,True,7.319559699681122e-06,0.9999927282333374
/content/Dataset/Test/Real/real_138.jpg,1,1,True,3.5045422919210978e-06,0.999996542930603
/content/Dataset/Test/Real/real_1380.jpg,1,1,True,1.2048181815771386e-05,0.9999879598617554
/content/Dataset/Test/Real/real_1381.jpg,1,1,True,1.599060487933457e-05,0.9999840259552002
/content/Dataset/Test/Real/real_1382.jpg,1,1,True,0.003866455052047968,0.99613356590271
/content/Dataset/Test/Real/real_1383.jpg,1,1,True,8.470256580039859e-05,0.9999152421951294
/content/Dataset/Test/Real/real_1384.jpg,1,1,True,2.337899786652997e-06,0.999997615814209
/content/Dataset/Test/Real/real_1385.jpg,1,1,True,8.735818119021133e-05,0.9999126195907593
/content/Dataset/Test/Real/real_1386.jpg,1,1,True,7.3189803515560925e-06,0.9999927282333374
/content/Dataset/Test/Real/real_1387.jpg,1,1,True,7.689629342166882e-07,0.9999992847442627
/content/Dataset/Test/Real/real_1388.jpg,1,1,True,0.010732964612543583,0.989267110824585
/content/Dataset/Test/Real/real_1389.jpg,1,1,True,7.889894732215907e-06,0.9999921321868896
/content/Dataset/Test/Real/real_139.jpg,1,0,False,0.7880529761314392,0.21194705367088318
/content/Dataset/Test/Real/real_1390.jpg,1,1,True,2.2940500912227435e-06,0.9999977350234985
/content/Dataset/Test/Real/real_1391.jpg,1,1,True,2.0218867575749755e-05,0.9999797344207764
/content/Dataset/Test/Real/real_1392.jpg,1,1,True,5.003470505471341e-06,0.9999949932098389
/content/Dataset/Test/Real/real_1393.jpg,1,1,True,2.4059481802396476e-05,0.9999759197235107
/content/Dataset/Test/Real/real_1394.jpg,1,1,True,0.005678218323737383,0.9943218231201172
/content/Dataset/Test/Real/real_1395.jpg,1,1,True,2.1284477043082006e-05,0.9999786615371704
/content/Dataset/Test/Real/real_1396.jpg,1,1,True,3.121071858913638e-05,0.9999687671661377
/content/Dataset/Test/Real/real_1397.jpg,1,1,True,0.2320895940065384,0.7679104208946228
/content/Dataset/Test/Real/real_1398.jpg,1,1,True,0.39172878861427307,0.6082711815834045
/content/Dataset/Test/Real/real_1399.jpg,1,1,True,1.5658461052225903e-05,0.9999843835830688
/content/Dataset/Test/Real/real_14.jpg,1,1,True,2.941832235592301e-06,0.9999970197677612
/content/Dataset/Test/Real/real_140.jpg,1,1,True,6.593974831048399e-05,0.9999340772628784
/content/Dataset/Test/Real/real_1400.jpg,1,1,True,0.01641123555600643,0.9835888147354126
/content/Dataset/Test/Real/real_1401.jpg,1,1,True,0.06396426260471344,0.9360357522964478
/content/Dataset/Test/Real/real_1402.jpg,1,1,True,0.08357059955596924,0.9164294004440308
/content/Dataset/Test/Real/real_1403.jpg,1,0,False,0.929739773273468,0.07026023417711258
/content/Dataset/Test/Real/real_1404.jpg,1,1,True,3.105318683083169e-05,0.9999688863754272
/content/Dataset/Test/Real/real_1405.jpg,1,1,True,3.8528567529283464e-05,0.9999614953994751
/content/Dataset/Test/Real/real_1406.jpg,1,1,True,2.5621716304158326e-06,0.9999974966049194
/content/Dataset/Test/Real/real_1407.jpg,1,1,True,0.015213275328278542,0.9847866892814636
/content/Dataset/Test/Real/real_1408.jpg,1,1,True,1.7076947187888436e-05,0.9999829530715942
/content/Dataset/Test/Real/real_1409.jpg,1,1,True,1.190785042126663e-05,0.9999880790710449
/content/Dataset/Test/Real/real_141.jpg,1,1,True,3.5639561701827915e-06,0.9999964237213135
/content/Dataset/Test/Real/real_1410.jpg,1,1,True,1.721593798720278e-05,0.9999828338623047
/content/Dataset/Test/Real/real_1411.jpg,1,1,True,0.08165595680475235,0.9183440208435059
/content/Dataset/Test/Real/real_1412.jpg,1,1,True,9.882222911983263e-06,0.9999901056289673
/content/Dataset/Test/Real/real_1413.jpg,1,1,True,5.165743641555309e-05,0.9999483823776245
/content/Dataset/Test/Real/real_1414.jpg,1,1,True,1.8189231241194648e-06,0.9999982118606567
/content/Dataset/Test/Real/real_1415.jpg,1,1,True,4.763730885315454e-06,0.999995231628418
/content/Dataset/Test/Real/real_1416.jpg,1,1,True,1.9389055523788556e-05,0.9999805688858032
/content/Dataset/Test/Real/real_1417.jpg,1,1,True,0.09393759071826935,0.9060624837875366
/content/Dataset/Test/Real/real_1418.jpg,1,1,True,5.619469902740093e-06,0.9999943971633911
/content/Dataset/Test/Real/real_1419.jpg,1,1,True,6.817940447945148e-05,0.999931812286377
/content/Dataset/Test/Real/real_142.jpg,1,1,True,0.012449271976947784,0.987550675868988
/content/Dataset/Test/Real/real_1420.jpg,1,1,True,2.976932591991499e-06,0.9999970197677612
/content/Dataset/Test/Real/real_1421.jpg,1,1,True,3.3987278129643528e-06,0.999996542930603
/content/Dataset/Test/Real/real_1422.jpg,1,1,True,3.938282020499173e-07,0.9999996423721313
/content/Dataset/Test/Real/real_1423.jpg,1,1,True,0.03771495446562767,0.962285041809082
/content/Dataset/Test/Real/real_1424.jpg,1,1,True,0.046028681099414825,0.9539713859558105
/content/Dataset/Test/Real/real_1425.jpg,1,1,True,0.00036104905302636325,0.9996389150619507
/content/Dataset/Test/Real/real_1426.jpg,1,1,True,0.00017471768660470843,0.9998252987861633
/content/Dataset/Test/Real/real_1427.jpg,1,1,True,1.1703584732458694e-06,0.9999988079071045
/content/Dataset/Test/Real/real_1428.jpg,1,1,True,1.0757961717899889e-05,0.9999892711639404
/content/Dataset/Test/Real/real_1429.jpg,1,1,True,0.0019900817424058914,0.998009979724884
/content/Dataset/Test/Real/real_143.jpg,1,1,True,0.0006732969777658582,0.9993267059326172
/content/Dataset/Test/Real/real_1430.jpg,1,1,True,1.0181342076975852e-05,0.9999898672103882
/content/Dataset/Test/Real/real_1431.jpg,1,1,True,0.0017766826786100864,0.9982233643531799
/content/Dataset/Test/Real/real_1432.jpg,1,1,True,1.918132693390362e-05,0.9999808073043823
/content/Dataset/Test/Real/real_1433.jpg,1,1,True,2.004321231652284e-06,0.9999979734420776
/content/Dataset/Test/Real/real_1434.jpg,1,1,True,0.000516095373313874,0.9994838237762451
/content/Dataset/Test/Real/real_1435.jpg,1,1,True,1.7192671293742023e-05,0.9999828338623047
/content/Dataset/Test/Real/real_1436.jpg,1,1,True,5.841795427841134e-06,0.999994158744812
/content/Dataset/Test/Real/real_1437.jpg,1,1,True,9.339779353467748e-06,0.999990701675415
/content/Dataset/Test/Real/real_1438.jpg,1,1,True,5.4418678701040335e-06,0.9999945163726807
/content/Dataset/Test/Real/real_1439.jpg,1,1,True,9.114002023125067e-05,0.9999088048934937
/content/Dataset/Test/Real/real_144.jpg,1,1,True,0.0014890048187226057,0.998511016368866
/content/Dataset/Test/Real/real_1440.jpg,1,1,True,0.0009966485667973757,0.9990033507347107
/content/Dataset/Test/Real/real_1441.jpg,1,1,True,0.0005335974274203181,0.9994663596153259
/content/Dataset/Test/Real/real_1442.jpg,1,1,True,8.97610505035118e-07,0.9999990463256836
/content/Dataset/Test/Real/real_1443.jpg,1,1,True,4.378657195047708e-06,0.9999955892562866
/content/Dataset/Test/Real/real_1444.jpg,1,1,True,1.7716135971568292e-06,0.9999982118606567
/content/Dataset/Test/Real/real_1445.jpg,1,1,True,7.859827019274235e-05,0.999921441078186
/content/Dataset/Test/Real/real_1446.jpg,1,1,True,2.7782767574535683e-05,0.9999722242355347
/content/Dataset/Test/Real/real_1447.jpg,1,1,True,0.00011470236495370045,0.9998853206634521
/content/Dataset/Test/Real/real_1448.jpg,1,1,True,0.0015629878034815192,0.9984369874000549
/content/Dataset/Test/Real/real_1449.jpg,1,1,True,3.2228392683464335e-06,0.9999967813491821
/content/Dataset/Test/Real/real_145.jpg,1,1,True,3.2977502542053116e-06,0.9999966621398926
/content/Dataset/Test/Real/real_1450.jpg,1,1,True,3.382171780685894e-05,0.9999661445617676
/content/Dataset/Test/Real/real_1451.jpg,1,1,True,1.0292968909197953e-05,0.9999897480010986
/content/Dataset/Test/Real/real_1452.jpg,1,1,True,0.0010783651378005743,0.9989216327667236
/content/Dataset/Test/Real/real_1453.jpg,1,1,True,0.00023840097128413618,0.9997616410255432
/content/Dataset/Test/Real/real_1454.jpg,1,1,True,5.060425974079408e-05,0.9999493360519409
/content/Dataset/Test/Real/real_1455.jpg,1,1,True,3.339271415825351e-06,0.9999966621398926
/content/Dataset/Test/Real/real_1456.jpg,1,1,True,9.044279977388214e-06,0.9999909400939941
/content/Dataset/Test/Real/real_1457.jpg,1,1,True,0.0034136613830924034,0.9965863227844238
/content/Dataset/Test/Real/real_1458.jpg,1,1,True,0.008416897617280483,0.9915831685066223
/content/Dataset/Test/Real/real_1459.jpg,1,1,True,6.544740358549461e-07,0.9999994039535522
/content/Dataset/Test/Real/real_146.jpg,1,1,True,0.0074330042116343975,0.9925669431686401
/content/Dataset/Test/Real/real_1460.jpg,1,1,True,1.7463476069679018e-06,0.9999982118606567
/content/Dataset/Test/Real/real_1461.jpg,1,1,True,0.12411944568157196,0.8758805990219116
/content/Dataset/Test/Real/real_1462.jpg,1,1,True,7.121444650692865e-05,0.9999288320541382
/content/Dataset/Test/Real/real_1463.jpg,1,1,True,1.5228345091600204e-06,0.9999984502792358
/content/Dataset/Test/Real/real_1464.jpg,1,1,True,3.3515868835820584e-06,0.9999966621398926
/content/Dataset/Test/Real/real_1465.jpg,1,0,False,0.5215790271759033,0.4784209430217743
/content/Dataset/Test/Real/real_1466.jpg,1,1,True,0.0003026844060514122,0.9996973276138306
/content/Dataset/Test/Real/real_1467.jpg,1,1,True,8.008090844668914e-06,0.9999920129776001
/content/Dataset/Test/Real/real_1468.jpg,1,1,True,0.00031064546783454716,0.9996893405914307
/content/Dataset/Test/Real/real_1469.jpg,1,1,True,1.0906916031672154e-05,0.9999891519546509
/content/Dataset/Test/Real/real_147.jpg,1,1,True,0.004824069328606129,0.9951759576797485
/content/Dataset/Test/Real/real_1470.jpg,1,1,True,4.3566041085796314e-07,0.9999995231628418
/content/Dataset/Test/Real/real_1471.jpg,1,1,True,6.415681355065317e-07,0.9999994039535522
/content/Dataset/Test/Real/real_1472.jpg,1,0,False,0.6930389404296875,0.3069610595703125
/content/Dataset/Test/Real/real_1473.jpg,1,1,True,0.0069672949612140656,0.993032693862915
/content/Dataset/Test/Real/real_1474.jpg,1,1,True,2.22527683035878e-06,0.9999977350234985
/content/Dataset/Test/Real/real_1475.jpg,1,1,True,7.783346518408507e-05,0.9999221563339233
/content/Dataset/Test/Real/real_1476.jpg,1,1,True,2.393469458183972e-06,0.999997615814209
/content/Dataset/Test/Real/real_1477.jpg,1,1,True,7.583100796182407e-07,0.9999992847442627
/content/Dataset/Test/Real/real_1478.jpg,1,1,True,9.923379593601567e-07,0.9999990463256836
/content/Dataset/Test/Real/real_1479.jpg,1,1,True,9.078215043700766e-06,0.9999909400939941
/content/Dataset/Test/Real/real_148.jpg,1,1,True,4.1863727346935775e-06,0.9999958276748657
/content/Dataset/Test/Real/real_1480.jpg,1,1,True,3.8007805414963514e-05,0.9999619722366333
/content/Dataset/Test/Real/real_1481.jpg,1,1,True,9.96338712866418e-06,0.9999899864196777
/content/Dataset/Test/Real/real_1482.jpg,1,1,True,1.0969127288262825e-05,0.9999890327453613
/content/Dataset/Test/Real/real_1483.jpg,1,1,True,1.969836375792511e-06,0.9999979734420776
/content/Dataset/Test/Real/real_1484.jpg,1,1,True,0.0005153354140929878,0.999484658241272
/content/Dataset/Test/Real/real_1485.jpg,1,1,True,1.5094296941242646e-06,0.9999984502792358
/content/Dataset/Test/Real/real_1486.jpg,1,1,True,1.9676135707413778e-06,0.9999979734420776
/content/Dataset/Test/Real/real_1487.jpg,1,1,True,2.461627900629537e-06,0.9999974966049194
/content/Dataset/Test/Real/real_1488.jpg,1,1,True,1.6921012502280064e-05,0.9999830722808838
/content/Dataset/Test/Real/real_1489.jpg,1,1,True,1.6516074538230896e-05,0.9999834299087524
/content/Dataset/Test/Real/real_149.jpg,1,1,True,0.039000678807497025,0.9609993100166321
/content/Dataset/Test/Real/real_1490.jpg,1,1,True,9.659081842983142e-05,0.9999034404754639
/content/Dataset/Test/Real/real_1491.jpg,1,1,True,1.3784541806671768e-05,0.9999861717224121
/content/Dataset/Test/Real/real_1492.jpg,1,1,True,7.871112188695406e-07,0.9999991655349731
/content/Dataset/Test/Real/real_1493.jpg,1,1,True,0.431090772151947,0.568909227848053
/content/Dataset/Test/Real/real_1494.jpg,1,1,True,0.056264445185661316,0.9437355995178223
/content/Dataset/Test/Real/real_1495.jpg,1,1,True,0.001531710964627564,0.9984682202339172
/content/Dataset/Test/Real/real_1496.jpg,1,1,True,0.0009091846295632422,0.9990907907485962
/content/Dataset/Test/Real/real_1497.jpg,1,1,True,0.011203188449144363,0.9887968301773071
/content/Dataset/Test/Real/real_1498.jpg,1,1,True,0.002998930402100086,0.9970009922981262
/content/Dataset/Test/Real/real_1499.jpg,1,1,True,0.00022510298003908247,0.9997748732566833
/content/Dataset/Test/Real/real_15.jpg,1,1,True,0.00229929992929101,0.9977007508277893
/content/Dataset/Test/Real/real_150.jpg,1,1,True,1.3654269423568621e-05,0.9999862909317017
/content/Dataset/Test/Real/real_1500.jpg,1,0,False,0.9814128875732422,0.018587106838822365
/content/Dataset/Test/Real/real_1501.jpg,1,1,True,1.327563836639456e-06,0.9999986886978149
/content/Dataset/Test/Real/real_1502.jpg,1,1,True,7.41677067708224e-05,0.9999258518218994
/content/Dataset/Test/Real/real_1503.jpg,1,1,True,0.1879601925611496,0.8120397925376892
/content/Dataset/Test/Real/real_1504.jpg,1,0,False,0.9953629970550537,0.004636975470930338
/content/Dataset/Test/Real/real_1505.jpg,1,1,True,9.319510354544036e-06,0.999990701675415
/content/Dataset/Test/Real/real_1506.jpg,1,1,True,1.573626263962069e-06,0.9999984502792358
/content/Dataset/Test/Real/real_1507.jpg,1,1,True,5.613077155430801e-05,0.9999438524246216
/content/Dataset/Test/Real/real_1508.jpg,1,0,False,0.9735678434371948,0.026432182639837265
/content/Dataset/Test/Real/real_1509.jpg,1,0,False,0.672256588935852,0.32774344086647034
/content/Dataset/Test/Real/real_151.jpg,1,1,True,9.385458542965353e-05,0.9999061822891235
/content/Dataset/Test/Real/real_1510.jpg,1,1,True,0.0007165567367337644,0.999283492565155
/content/Dataset/Test/Real/real_1511.jpg,1,1,True,6.564017098753538e-07,0.9999992847442627
/content/Dataset/Test/Real/real_1512.jpg,1,1,True,4.604511559591629e-06,0.9999953508377075
/content/Dataset/Test/Real/real_1513.jpg,1,1,True,1.7890778281071107e-06,0.9999982118606567
/content/Dataset/Test/Real/real_1514.jpg,1,1,True,1.2175676147307968e-06,0.9999988079071045
/content/Dataset/Test/Real/real_1515.jpg,1,1,True,0.47521716356277466,0.5247828960418701
/content/Dataset/Test/Real/real_1516.jpg,1,1,True,6.652922479588597e-07,0.9999992847442627
/content/Dataset/Test/Real/real_1517.jpg,1,1,True,0.00015112059190869331,0.9998488426208496
/content/Dataset/Test/Real/real_1518.jpg,1,1,True,0.01106566283851862,0.988934338092804
/content/Dataset/Test/Real/real_1519.jpg,1,1,True,0.0009587936219759285,0.9990411400794983
/content/Dataset/Test/Real/real_152.jpg,1,1,True,0.08894814550876617,0.9110518097877502
/content/Dataset/Test/Real/real_1520.jpg,1,1,True,0.0028398321010172367,0.9971601963043213
/content/Dataset/Test/Real/real_1521.jpg,1,1,True,1.095225456992921e-06,0.999998927116394
/content/Dataset/Test/Real/real_1522.jpg,1,1,True,3.176223981427029e-05,0.9999682903289795
/content/Dataset/Test/Real/real_1523.jpg,1,1,True,1.687990220489155e-06,0.9999983310699463
/content/Dataset/Test/Real/real_1524.jpg,1,1,True,7.195770740509033e-05,0.9999279975891113
/content/Dataset/Test/Real/real_1525.jpg,1,1,True,3.5886099794879556e-05,0.9999641180038452
/content/Dataset/Test/Real/real_1526.jpg,1,1,True,0.0096045583486557,0.9903954863548279
/content/Dataset/Test/Real/real_1527.jpg,1,1,True,0.0009565362706780434,0.9990434050559998
/content/Dataset/Test/Real/real_1528.jpg,1,1,True,3.324007820992847e-06,0.9999966621398926
/content/Dataset/Test/Real/real_1529.jpg,1,0,False,0.7232180237770081,0.27678200602531433
/content/Dataset/Test/Real/real_153.jpg,1,1,True,0.005675279535353184,0.9943247437477112
/content/Dataset/Test/Real/real_1530.jpg,1,1,True,3.756523074116558e-05,0.9999624490737915
/content/Dataset/Test/Real/real_1531.jpg,1,1,True,0.005143916700035334,0.9948561191558838
/content/Dataset/Test/Real/real_1532.jpg,1,1,True,1.260971544070344e-06,0.9999986886978149
/content/Dataset/Test/Real/real_1533.jpg,1,1,True,0.0011652468238025904,0.9988347887992859
/content/Dataset/Test/Real/real_1534.jpg,1,1,True,0.00043165430543012917,0.9995682835578918
/content/Dataset/Test/Real/real_1535.jpg,1,1,True,1.9878185412380844e-05,0.999980092048645
/content/Dataset/Test/Real/real_1536.jpg,1,1,True,2.6926074497168884e-05,0.9999730587005615
/content/Dataset/Test/Real/real_1537.jpg,1,1,True,9.84107714430138e-07,0.9999990463256836
/content/Dataset/Test/Real/real_1538.jpg,1,1,True,2.643427933435305e-06,0.9999973773956299
/content/Dataset/Test/Real/real_1539.jpg,1,1,True,3.0560322556993924e-06,0.9999969005584717
/content/Dataset/Test/Real/real_154.jpg,1,1,True,3.1385898182634264e-06,0.9999969005584717
/content/Dataset/Test/Real/real_1540.jpg,1,1,True,0.00017057504737749696,0.9998294115066528
/content/Dataset/Test/Real/real_1541.jpg,1,1,True,0.00012239182251505554,0.9998775720596313
/content/Dataset/Test/Real/real_1542.jpg,1,1,True,1.1566637567739235e-06,0.9999988079071045
/content/Dataset/Test/Real/real_1543.jpg,1,1,True,0.0008846136042848229,0.9991154074668884
/content/Dataset/Test/Real/real_1544.jpg,1,1,True,0.00011414915206842124,0.9998857975006104
/content/Dataset/Test/Real/real_1545.jpg,1,0,False,0.6775712370872498,0.32242876291275024
/content/Dataset/Test/Real/real_1546.jpg,1,1,True,3.4314430195081513e-06,0.999996542930603
/content/Dataset/Test/Real/real_1547.jpg,1,1,True,1.170985910903255e-06,0.9999988079071045
/content/Dataset/Test/Real/real_1548.jpg,1,1,True,0.00011687608639476821,0.9998830556869507
/content/Dataset/Test/Real/real_1549.jpg,1,1,True,9.961117029888555e-06,0.9999899864196777
/content/Dataset/Test/Real/real_155.jpg,1,1,True,1.8025990584646934e-06,0.9999982118606567
/content/Dataset/Test/Real/real_1550.jpg,1,1,True,0.0021391005720943213,0.997860848903656
/content/Dataset/Test/Real/real_1551.jpg,1,1,True,3.687123808049364e-06,0.9999963045120239
/content/Dataset/Test/Real/real_1552.jpg,1,1,True,5.078931621937954e-07,0.9999995231628418
/content/Dataset/Test/Real/real_1553.jpg,1,1,True,6.467794833042717e-07,0.9999994039535522
/content/Dataset/Test/Real/real_1554.jpg,1,1,True,5.61176830160548e-06,0.9999943971633911
/content/Dataset/Test/Real/real_1555.jpg,1,1,True,0.004888206720352173,0.9951117634773254
/content/Dataset/Test/Real/real_1556.jpg,1,1,True,0.11867372691631317,0.8813262581825256
/content/Dataset/Test/Real/real_1557.jpg,1,1,True,4.907285619992763e-05,0.9999508857727051
/content/Dataset/Test/Real/real_1558.jpg,1,1,True,0.0007951746811158955,0.9992048144340515
/content/Dataset/Test/Real/real_1559.jpg,1,1,True,0.0018342635594308376,0.9981657862663269
/content/Dataset/Test/Real/real_156.jpg,1,1,True,3.273947640991537e-06,0.9999967813491821
/content/Dataset/Test/Real/real_1560.jpg,1,1,True,1.7899423255585134e-05,0.9999821186065674
/content/Dataset/Test/Real/real_1561.jpg,1,1,True,1.0808391380123794e-05,0.9999891519546509
/content/Dataset/Test/Real/real_1562.jpg,1,1,True,0.0015827392926439643,0.9984172582626343
/content/Dataset/Test/Real/real_1563.jpg,1,1,True,2.0886689071630826e-06,0.9999978542327881
/content/Dataset/Test/Real/real_1564.jpg,1,1,True,1.956107325895573e-06,0.9999980926513672
/content/Dataset/Test/Real/real_1565.jpg,1,1,True,0.09281528741121292,0.9071846604347229
/content/Dataset/Test/Real/real_1566.jpg,1,1,True,1.9239487301092595e-06,0.9999980926513672
/content/Dataset/Test/Real/real_1567.jpg,1,1,True,0.00011878184886882082,0.9998811483383179
/content/Dataset/Test/Real/real_1568.jpg,1,1,True,4.365847416920587e-06,0.9999955892562866
/content/Dataset/Test/Real/real_1569.jpg,1,1,True,5.2950131248508114e-06,0.9999947547912598
/content/Dataset/Test/Real/real_157.jpg,1,1,True,3.2160446608031634e-06,0.9999967813491821
/content/Dataset/Test/Real/real_1570.jpg,1,1,True,0.008737703785300255,0.9912623167037964
/content/Dataset/Test/Real/real_1571.jpg,1,1,True,2.0231532289471943e-06,0.9999979734420776
/content/Dataset/Test/Real/real_1572.jpg,1,1,True,0.0007102190866135061,0.9992897510528564
/content/Dataset/Test/Real/real_1573.jpg,1,1,True,2.106659167111502e-06,0.9999978542327881
/content/Dataset/Test/Real/real_1574.jpg,1,1,True,3.844121692964109e-06,0.9999961853027344
/content/Dataset/Test/Real/real_1575.jpg,1,1,True,7.343788456637412e-05,0.9999265670776367
/content/Dataset/Test/Real/real_1576.jpg,1,1,True,1.6664340591887594e-06,0.9999983310699463
/content/Dataset/Test/Real/real_1577.jpg,1,1,True,7.626427986906492e-07,0.9999992847442627
/content/Dataset/Test/Real/real_1578.jpg,1,1,True,1.040172378452553e-06,0.999998927116394
/content/Dataset/Test/Real/real_1579.jpg,1,1,True,8.915893704397604e-05,0.999910831451416
/content/Dataset/Test/Real/real_158.jpg,1,1,True,0.0004345934430602938,0.9995654225349426
/content/Dataset/Test/Real/real_1580.jpg,1,1,True,0.0025586888659745455,0.997441291809082
/content/Dataset/Test/Real/real_1581.jpg,1,1,True,3.712243778863922e-05,0.9999629259109497
/content/Dataset/Test/Real/real_1582.jpg,1,1,True,0.04618897661566734,0.9538110494613647
/content/Dataset/Test/Real/real_1583.jpg,1,0,False,0.7241930961608887,0.27580690383911133
/content/Dataset/Test/Real/real_1584.jpg,1,1,True,2.383426544838585e-05,0.9999761581420898
/content/Dataset/Test/Real/real_1585.jpg,1,1,True,0.00015439753769896924,0.9998456239700317
/content/Dataset/Test/Real/real_1586.jpg,1,1,True,0.0008144442108459771,0.9991855025291443
/content/Dataset/Test/Real/real_1587.jpg,1,1,True,0.006541904993355274,0.993458092212677
/content/Dataset/Test/Real/real_1588.jpg,1,1,True,0.00976885948330164,0.9902310967445374
/content/Dataset/Test/Real/real_1589.jpg,1,1,True,0.01053093932569027,0.989469051361084
/content/Dataset/Test/Real/real_159.jpg,1,1,True,0.00015063949103932828,0.9998493194580078
/content/Dataset/Test/Real/real_1590.jpg,1,0,False,0.9971722960472107,0.0028277740348130465
/content/Dataset/Test/Real/real_1591.jpg,1,1,True,0.0013978859642520547,0.9986020922660828
/content/Dataset/Test/Real/real_1592.jpg,1,1,True,4.625857457085658e-07,0.9999995231628418
/content/Dataset/Test/Real/real_1593.jpg,1,1,True,5.14632858994446e-07,0.9999995231628418
/content/Dataset/Test/Real/real_1594.jpg,1,1,True,1.5287539554265095e-06,0.9999984502792358
/content/Dataset/Test/Real/real_1595.jpg,1,1,True,3.4341799164394615e-06,0.999996542930603
/content/Dataset/Test/Real/real_1596.jpg,1,1,True,0.11068172752857208,0.8893183469772339
/content/Dataset/Test/Real/real_1597.jpg,1,1,True,0.006907828152179718,0.9930921792984009
/content/Dataset/Test/Real/real_1598.jpg,1,1,True,0.3677489757537842,0.6322510242462158
/content/Dataset/Test/Real/real_1599.jpg,1,1,True,0.0008763594669289887,0.9991236329078674
/content/Dataset/Test/Real/real_16.jpg,1,1,True,1.5197330867522396e-05,0.999984860420227
/content/Dataset/Test/Real/real_160.jpg,1,1,True,0.005168410018086433,0.9948315620422363
/content/Dataset/Test/Real/real_1600.jpg,1,0,False,0.9391300082206726,0.06086994335055351
/content/Dataset/Test/Real/real_1601.jpg,1,0,False,0.9865983724594116,0.013401641510426998
/content/Dataset/Test/Real/real_1602.jpg,1,1,True,8.420297490374651e-07,0.9999991655349731
/content/Dataset/Test/Real/real_1603.jpg,1,1,True,0.0017007257556542754,0.9982993006706238
/content/Dataset/Test/Real/real_1604.jpg,1,1,True,0.0008554086089134216,0.9991445541381836
/content/Dataset/Test/Real/real_1605.jpg,1,1,True,0.0014039336238056421,0.9985960125923157
/content/Dataset/Test/Real/real_1606.jpg,1,1,True,1.1774959602917079e-05,0.9999881982803345
/content/Dataset/Test/Real/real_1607.jpg,1,0,False,0.9994696974754333,0.0005303336656652391
/content/Dataset/Test/Real/real_1608.jpg,1,1,True,1.0829553502844647e-05,0.9999891519546509
/content/Dataset/Test/Real/real_1609.jpg,1,1,True,0.0027096534613519907,0.9972903728485107
/content/Dataset/Test/Real/real_161.jpg,1,1,True,0.00015638311742804945,0.9998435974121094
/content/Dataset/Test/Real/real_1610.jpg,1,1,True,0.0013247360475361347,0.9986752867698669
/content/Dataset/Test/Real/real_1611.jpg,1,1,True,0.00042550615034997463,0.9995744824409485
/content/Dataset/Test/Real/real_1612.jpg,1,1,True,6.133021088317037e-05,0.9999386072158813
/content/Dataset/Test/Real/real_1613.jpg,1,1,True,4.973840532329632e-06,0.9999949932098389
/content/Dataset/Test/Real/real_1614.jpg,1,1,True,1.0029567647507065e-06,0.9999990463256836
/content/Dataset/Test/Real/real_1615.jpg,1,1,True,0.009458289481699467,0.9905417561531067
/content/Dataset/Test/Real/real_1616.jpg,1,1,True,2.9299944799277e-06,0.9999970197677612
/content/Dataset/Test/Real/real_1617.jpg,1,1,True,8.540866929251933e-07,0.9999991655349731
/content/Dataset/Test/Real/real_1618.jpg,1,1,True,2.4863823000487173e-06,0.9999974966049194
/content/Dataset/Test/Real/real_1619.jpg,1,1,True,1.5917398741294164e-06,0.9999984502792358
/content/Dataset/Test/Real/real_162.jpg,1,1,True,0.012533566914498806,0.9874663949012756
/content/Dataset/Test/Real/real_1620.jpg,1,1,True,1.653517574595753e-05,0.9999834299087524
/content/Dataset/Test/Real/real_1621.jpg,1,1,True,6.184007361298427e-06,0.9999938011169434
/content/Dataset/Test/Real/real_1622.jpg,1,1,True,2.552112164266873e-06,0.9999974966049194
/content/Dataset/Test/Real/real_1623.jpg,1,1,True,5.305509489517135e-07,0.9999995231628418
/content/Dataset/Test/Real/real_1624.jpg,1,1,True,1.7743629996402888e-06,0.9999982118606567
/content/Dataset/Test/Real/real_1625.jpg,1,0,False,0.7735902667045593,0.22640971839427948
/content/Dataset/Test/Real/real_1626.jpg,1,1,True,0.0017464602133259177,0.9982535243034363
/content/Dataset/Test/Real/real_1627.jpg,1,1,True,0.000681841338519007,0.9993181228637695
/content/Dataset/Test/Real/real_1628.jpg,1,1,True,2.8192613171995617e-05,0.9999717473983765
/content/Dataset/Test/Real/real_1629.jpg,1,1,True,8.699224417796358e-05,0.9999129772186279
/content/Dataset/Test/Real/real_163.jpg,1,1,True,9.74117483565351e-07,0.9999990463256836
/content/Dataset/Test/Real/real_1630.jpg,1,1,True,4.9282774853054434e-05,0.9999507665634155
/content/Dataset/Test/Real/real_1631.jpg,1,1,True,3.4172958294220734e-06,0.999996542930603
/content/Dataset/Test/Real/real_1632.jpg,1,1,True,0.00014579930575564504,0.9998542070388794
/content/Dataset/Test/Real/real_1633.jpg,1,1,True,9.027510259329574e-07,0.9999990463256836
/content/Dataset/Test/Real/real_1634.jpg,1,0,False,0.6400888562202454,0.35991114377975464
/content/Dataset/Test/Real/real_1635.jpg,1,1,True,1.7488440562374308e-06,0.9999982118606567
/content/Dataset/Test/Real/real_1636.jpg,1,1,True,9.6000665507745e-05,0.9999040365219116
/content/Dataset/Test/Real/real_1637.jpg,1,1,True,0.024514516815543175,0.9754854440689087
/content/Dataset/Test/Real/real_1638.jpg,1,0,False,0.5691860914230347,0.43081390857696533
/content/Dataset/Test/Real/real_1639.jpg,1,1,True,6.416703399736434e-07,0.9999994039535522
/content/Dataset/Test/Real/real_164.jpg,1,1,True,3.825303792837076e-05,0.9999617338180542
/content/Dataset/Test/Real/real_1640.jpg,1,1,True,0.013791953213512897,0.9862080812454224
/content/Dataset/Test/Real/real_1641.jpg,1,1,True,3.517193181323819e-05,0.9999648332595825
/content/Dataset/Test/Real/real_1642.jpg,1,1,True,0.001089705154299736,0.9989103078842163
/content/Dataset/Test/Real/real_1643.jpg,1,1,True,1.9373414943402167e-06,0.9999980926513672
/content/Dataset/Test/Real/real_1644.jpg,1,1,True,6.3675852288724855e-06,0.9999936819076538
/content/Dataset/Test/Real/real_1645.jpg,1,1,True,1.8150657297155703e-06,0.9999982118606567
/content/Dataset/Test/Real/real_1646.jpg,1,1,True,0.0009351448388770223,0.9990648627281189
/content/Dataset/Test/Real/real_1647.jpg,1,1,True,0.00037147183320485055,0.9996285438537598
/content/Dataset/Test/Real/real_1648.jpg,1,1,True,8.413744581048377e-06,0.9999915361404419
/content/Dataset/Test/Real/real_1649.jpg,1,1,True,2.457973823766224e-05,0.9999754428863525
/content/Dataset/Test/Real/real_165.jpg,1,0,False,0.9994397759437561,0.0005601707380264997
/content/Dataset/Test/Real/real_1650.jpg,1,1,True,3.8346345831996587e-07,0.9999996423721313
/content/Dataset/Test/Real/real_1651.jpg,1,1,True,2.1113394268468255e-06,0.9999978542327881
/content/Dataset/Test/Real/real_1652.jpg,1,1,True,0.0026878793723881245,0.9973121881484985
/content/Dataset/Test/Real/real_1653.jpg,1,1,True,1.2122540056225262e-06,0.9999988079071045
/content/Dataset/Test/Real/real_1654.jpg,1,1,True,2.6490706659387797e-06,0.9999973773956299
/content/Dataset/Test/Real/real_1655.jpg,1,1,True,5.6221069826278836e-06,0.9999943971633911
/content/Dataset/Test/Real/real_1656.jpg,1,1,True,0.00012761610560119152,0.9998723268508911
/content/Dataset/Test/Real/real_1657.jpg,1,1,True,0.001218036049976945,0.9987819790840149
/content/Dataset/Test/Real/real_1658.jpg,1,0,False,0.9636610746383667,0.036338940262794495
/content/Dataset/Test/Real/real_1659.jpg,1,0,False,0.8913125991821289,0.10868736356496811
/content/Dataset/Test/Real/real_166.jpg,1,1,True,0.00031986040994524956,0.9996801614761353
/content/Dataset/Test/Real/real_1660.jpg,1,0,False,0.7271880507469177,0.2728119194507599
/content/Dataset/Test/Real/real_1661.jpg,1,0,False,0.9357359409332275,0.06426402926445007
/content/Dataset/Test/Real/real_1662.jpg,1,1,True,7.88919351180084e-07,0.9999991655349731
/content/Dataset/Test/Real/real_1663.jpg,1,1,True,1.0060126669486635e-06,0.9999990463256836
/content/Dataset/Test/Real/real_1664.jpg,1,1,True,0.0003404125745873898,0.999659538269043
/content/Dataset/Test/Real/real_1665.jpg,1,1,True,0.0038362517952919006,0.9961637258529663
/content/Dataset/Test/Real/real_1666.jpg,1,1,True,3.800983540713787e-05,0.9999619722366333
/content/Dataset/Test/Real/real_1667.jpg,1,1,True,7.2387697400699835e-06,0.9999927282333374
/content/Dataset/Test/Real/real_1668.jpg,1,1,True,9.666354117143783e-07,0.9999990463256836
/content/Dataset/Test/Real/real_1669.jpg,1,1,True,5.357079544410226e-07,0.9999995231628418
/content/Dataset/Test/Real/real_167.jpg,1,1,True,0.017445033416152,0.9825549125671387
/content/Dataset/Test/Real/real_1670.jpg,1,1,True,6.877927080495283e-05,0.9999312162399292
/content/Dataset/Test/Real/real_1671.jpg,1,1,True,3.1954492442309856e-05,0.9999680519104004
/content/Dataset/Test/Real/real_1672.jpg,1,1,True,0.0055688549764454365,0.9944310784339905
/content/Dataset/Test/Real/real_1673.jpg,1,1,True,6.492708962468896e-06,0.9999935626983643
/content/Dataset/Test/Real/real_1674.jpg,1,1,True,4.631831416190835e-06,0.9999953508377075
/content/Dataset/Test/Real/real_1675.jpg,1,1,True,8.495287033838395e-07,0.9999991655349731
/content/Dataset/Test/Real/real_1676.jpg,1,1,True,0.4447863698005676,0.5552136301994324
/content/Dataset/Test/Real/real_1677.jpg,1,0,False,0.911645770072937,0.08835422247648239
/content/Dataset/Test/Real/real_1678.jpg,1,1,True,4.078105575899826e-06,0.9999959468841553
/content/Dataset/Test/Real/real_1679.jpg,1,1,True,0.004632564727216959,0.9953674077987671
/content/Dataset/Test/Real/real_168.jpg,1,1,True,0.009712640196084976,0.9902873039245605
/content/Dataset/Test/Real/real_1680.jpg,1,1,True,0.002297635655850172,0.997702419757843
/content/Dataset/Test/Real/real_1681.jpg,1,1,True,0.07068988680839539,0.9293100833892822
/content/Dataset/Test/Real/real_1682.jpg,1,1,True,0.0001853342109825462,0.9998146891593933
/content/Dataset/Test/Real/real_1683.jpg,1,1,True,5.663811748490843e-07,0.9999994039535522
/content/Dataset/Test/Real/real_1684.jpg,1,1,True,0.01552686095237732,0.9844731688499451
/content/Dataset/Test/Real/real_1685.jpg,1,1,True,7.852038379496662e-07,0.9999991655349731
/content/Dataset/Test/Real/real_1686.jpg,1,1,True,0.00684741185978055,0.9931526184082031
/content/Dataset/Test/Real/real_1687.jpg,1,1,True,1.7513009879621677e-05,0.999982476234436
/content/Dataset/Test/Real/real_1688.jpg,1,1,True,3.252523674746044e-05,0.9999674558639526
/content/Dataset/Test/Real/real_1689.jpg,1,1,True,4.972245733370073e-05,0.9999502897262573
/content/Dataset/Test/Real/real_169.jpg,1,1,True,5.901862823520787e-05,0.9999409914016724
/content/Dataset/Test/Real/real_1690.jpg,1,1,True,1.3158767160348361e-06,0.9999986886978149
/content/Dataset/Test/Real/real_1691.jpg,1,1,True,1.671053837526415e-06,0.9999983310699463
/content/Dataset/Test/Real/real_1692.jpg,1,1,True,0.00036131247179582715,0.9996386766433716
/content/Dataset/Test/Real/real_1693.jpg,1,1,True,0.4129011332988739,0.5870988368988037
/content/Dataset/Test/Real/real_1694.jpg,1,1,True,1.6141775631695054e-06,0.9999983310699463
/content/Dataset/Test/Real/real_1695.jpg,1,1,True,3.022503506144858e-06,0.9999970197677612
/content/Dataset/Test/Real/real_1696.jpg,1,1,True,1.1047579846490407e-06,0.999998927116394
/content/Dataset/Test/Real/real_1697.jpg,1,1,True,4.493668257055106e-06,0.9999954700469971
/content/Dataset/Test/Real/real_1698.jpg,1,1,True,0.1696728765964508,0.8303270936012268
/content/Dataset/Test/Real/real_1699.jpg,1,1,True,0.008559508249163628,0.9914405345916748
/content/Dataset/Test/Real/real_17.jpg,1,1,True,0.0004766453930642456,0.999523401260376
/content/Dataset/Test/Real/real_170.jpg,1,1,True,1.6316966139129363e-05,0.9999836683273315
/content/Dataset/Test/Real/real_1700.jpg,1,1,True,0.00013850850518792868,0.999861478805542
/content/Dataset/Test/Real/real_1701.jpg,1,1,True,0.05001665651798248,0.9499834179878235
/content/Dataset/Test/Real/real_1702.jpg,1,1,True,0.015600340440869331,0.984399676322937
/content/Dataset/Test/Real/real_1703.jpg,1,1,True,0.0001092602324206382,0.9998906850814819
/content/Dataset/Test/Real/real_1704.jpg,1,0,False,0.8815438151359558,0.11845618486404419
/content/Dataset/Test/Real/real_1705.jpg,1,0,False,0.9925865530967712,0.007413470186293125
/content/Dataset/Test/Real/real_1706.jpg,1,1,True,0.0399634875357151,0.9600365161895752
/content/Dataset/Test/Real/real_1707.jpg,1,1,True,4.021471340820426e-06,0.9999959468841553
/content/Dataset/Test/Real/real_1708.jpg,1,1,True,4.149208962189732e-06,0.9999958276748657
/content/Dataset/Test/Real/real_1709.jpg,1,1,True,0.11491075903177261,0.8850891590118408
/content/Dataset/Test/Real/real_171.jpg,1,1,True,8.569161309424089e-07,0.9999991655349731
/content/Dataset/Test/Real/real_1710.jpg,1,0,False,0.8783171772956848,0.1216827929019928
/content/Dataset/Test/Real/real_1711.jpg,1,0,False,0.8531789183616638,0.146821066737175
/content/Dataset/Test/Real/real_1712.jpg,1,1,True,0.046063076704740524,0.9539368748664856
/content/Dataset/Test/Real/real_1713.jpg,1,1,True,0.01277285348623991,0.9872271418571472
/content/Dataset/Test/Real/real_1714.jpg,1,1,True,0.0002150916843675077,0.9997848868370056
/content/Dataset/Test/Real/real_1715.jpg,1,1,True,0.00021015242964494973,0.9997898936271667
/content/Dataset/Test/Real/real_1716.jpg,1,1,True,0.01310401875525713,0.9868959784507751
/content/Dataset/Test/Real/real_1717.jpg,1,1,True,0.002647214336320758,0.9973528385162354
/content/Dataset/Test/Real/real_1718.jpg,1,1,True,0.00010989206930389628,0.9998900890350342
/content/Dataset/Test/Real/real_1719.jpg,1,1,True,0.02740204520523548,0.9725979566574097
/content/Dataset/Test/Real/real_172.jpg,1,1,True,9.758103988133371e-05,0.9999023675918579
/content/Dataset/Test/Real/real_1720.jpg,1,1,True,1.566738092151354e-06,0.9999984502792358
/content/Dataset/Test/Real/real_1721.jpg,1,1,True,4.6016402848181315e-06,0.9999953508377075
/content/Dataset/Test/Real/real_1722.jpg,1,1,True,4.501101102505345e-06,0.9999954700469971
/content/Dataset/Test/Real/real_1723.jpg,1,1,True,1.8344571799389087e-05,0.9999816417694092
/content/Dataset/Test/Real/real_1724.jpg,1,1,True,6.595935246878071e-06,0.9999934434890747
/content/Dataset/Test/Real/real_1725.jpg,1,1,True,0.003069200785830617,0.9969307780265808
/content/Dataset/Test/Real/real_1726.jpg,1,1,True,0.005600242875516415,0.9943997263908386
/content/Dataset/Test/Real/real_1727.jpg,1,1,True,0.00022815335250925273,0.9997718930244446
/content/Dataset/Test/Real/real_1728.jpg,1,1,True,6.109677087806631e-06,0.9999939203262329
/content/Dataset/Test/Real/real_1729.jpg,1,1,True,7.89244586485438e-05,0.9999210834503174
/content/Dataset/Test/Real/real_173.jpg,1,1,True,0.0010630134493112564,0.9989369511604309
/content/Dataset/Test/Real/real_1730.jpg,1,1,True,6.0807760746683925e-06,0.9999939203262329
/content/Dataset/Test/Real/real_1731.jpg,1,1,True,8.807664357846079e-07,0.9999991655349731
/content/Dataset/Test/Real/real_1732.jpg,1,1,True,2.124109641954419e-06,0.9999978542327881
/content/Dataset/Test/Real/real_1733.jpg,1,1,True,0.024123163893818855,0.9758768081665039
/content/Dataset/Test/Real/real_1734.jpg,1,1,True,0.00038842359208501875,0.9996115565299988
/content/Dataset/Test/Real/real_1735.jpg,1,1,True,1.3836138350598048e-06,0.9999985694885254
/content/Dataset/Test/Real/real_1736.jpg,1,1,True,7.357169670285657e-05,0.9999264478683472
/content/Dataset/Test/Real/real_1737.jpg,1,1,True,2.2069192709750496e-05,0.9999779462814331
/content/Dataset/Test/Real/real_1738.jpg,1,1,True,0.15269526839256287,0.8473047018051147
/content/Dataset/Test/Real/real_1739.jpg,1,1,True,0.016967898234725,0.9830321073532104
/content/Dataset/Test/Real/real_174.jpg,1,1,True,2.7351688913768157e-06,0.9999972581863403
/content/Dataset/Test/Real/real_1740.jpg,1,1,True,7.666900501135387e-07,0.9999992847442627
/content/Dataset/Test/Real/real_1741.jpg,1,0,False,0.6412442922592163,0.3587556779384613
/content/Dataset/Test/Real/real_1742.jpg,1,1,True,4.834388892049901e-05,0.9999516010284424
/content/Dataset/Test/Real/real_1743.jpg,1,0,False,0.6293311715126038,0.37066879868507385
/content/Dataset/Test/Real/real_1744.jpg,1,1,True,9.855157259153202e-06,0.9999901056289673
/content/Dataset/Test/Real/real_1745.jpg,1,1,True,9.60607394517865e-06,0.9999903440475464
/content/Dataset/Test/Real/real_1746.jpg,1,1,True,1.8225712210551137e-06,0.9999982118606567
/content/Dataset/Test/Real/real_1747.jpg,1,1,True,3.118334689133917e-06,0.9999969005584717
/content/Dataset/Test/Real/real_1748.jpg,1,1,True,0.0025183716788887978,0.997481644153595
/content/Dataset/Test/Real/real_1749.jpg,1,0,False,0.8439583778381348,0.15604157745838165
/content/Dataset/Test/Real/real_175.jpg,1,1,True,0.0038513806648552418,0.9961485862731934
/content/Dataset/Test/Real/real_1750.jpg,1,1,True,5.402766873885412e-07,0.9999994039535522
/content/Dataset/Test/Real/real_1751.jpg,1,1,True,0.0028078891336917877,0.9971920847892761
/content/Dataset/Test/Real/real_1752.jpg,1,1,True,1.1297757737338543e-05,0.9999886751174927
/content/Dataset/Test/Real/real_1753.jpg,1,1,True,8.080232873908244e-07,0.9999991655349731
/content/Dataset/Test/Real/real_1754.jpg,1,1,True,8.259590686066076e-06,0.999991774559021
/content/Dataset/Test/Real/real_1755.jpg,1,1,True,0.0001852969144238159,0.9998146891593933
/content/Dataset/Test/Real/real_1756.jpg,1,1,True,0.0001124306654674001,0.9998875856399536
/content/Dataset/Test/Real/real_1757.jpg,1,1,True,0.00589447608217597,0.9941054582595825
/content/Dataset/Test/Real/real_1758.jpg,1,1,True,9.044858416018542e-06,0.9999909400939941
/content/Dataset/Test/Real/real_1759.jpg,1,1,True,0.28453555703163147,0.7154644727706909
/content/Dataset/Test/Real/real_176.jpg,1,0,False,0.9412845373153687,0.05871546268463135
/content/Dataset/Test/Real/real_1760.jpg,1,1,True,4.5642987061000895e-06,0.9999954700469971
/content/Dataset/Test/Real/real_1761.jpg,1,1,True,1.6095690398287843e-06,0.9999983310699463
/content/Dataset/Test/Real/real_1762.jpg,1,1,True,1.7854805264505558e-05,0.9999821186065674
/content/Dataset/Test/Real/real_1763.jpg,1,1,True,0.00021268244017846882,0.9997873902320862
/content/Dataset/Test/Real/real_1764.jpg,1,1,True,0.002052473369985819,0.9979475140571594
/content/Dataset/Test/Real/real_1765.jpg,1,1,True,5.540385245694779e-05,0.9999445676803589
/content/Dataset/Test/Real/real_1766.jpg,1,1,True,0.013481865637004375,0.9865180850028992
/content/Dataset/Test/Real/real_1767.jpg,1,1,True,7.724468673586671e-07,0.9999992847442627
/content/Dataset/Test/Real/real_1768.jpg,1,0,False,0.9512787461280823,0.04872129485011101
/content/Dataset/Test/Real/real_1769.jpg,1,1,True,0.005374596919864416,0.9946253895759583
/content/Dataset/Test/Real/real_177.jpg,1,1,True,2.314576704520732e-05,0.9999768733978271
/content/Dataset/Test/Real/real_1770.jpg,1,1,True,0.0020779999904334545,0.9979220032691956
/content/Dataset/Test/Real/real_1771.jpg,1,1,True,0.00033683411311358213,0.9996631145477295
/content/Dataset/Test/Real/real_1772.jpg,1,1,True,5.788191265310161e-05,0.9999420642852783
/content/Dataset/Test/Real/real_1773.jpg,1,0,False,0.9946141839027405,0.005385811906307936
/content/Dataset/Test/Real/real_1774.jpg,1,0,False,0.9988746047019958,0.0011254060082137585
/content/Dataset/Test/Real/real_1775.jpg,1,1,True,6.195082846716105e-07,0.9999994039535522
/content/Dataset/Test/Real/real_1776.jpg,1,1,True,0.00021901958098169416,0.9997809529304504
/content/Dataset/Test/Real/real_1777.jpg,1,1,True,4.625077053788118e-05,0.9999537467956543
/content/Dataset/Test/Real/real_1778.jpg,1,1,True,2.0940835383953527e-05,0.9999790191650391
/content/Dataset/Test/Real/real_1779.jpg,1,1,True,0.0021468193735927343,0.9978531002998352
/content/Dataset/Test/Real/real_178.jpg,1,0,False,0.9944256544113159,0.0055743190459907055
/content/Dataset/Test/Real/real_1780.jpg,1,1,True,0.2397269308567047,0.7602730393409729
/content/Dataset/Test/Real/real_1781.jpg,1,1,True,0.004896456841379404,0.9951034784317017
/content/Dataset/Test/Real/real_1782.jpg,1,1,True,1.1586996606638422e-06,0.9999988079071045
/content/Dataset/Test/Real/real_1783.jpg,1,1,True,5.837546268594451e-07,0.9999994039535522
/content/Dataset/Test/Real/real_1784.jpg,1,1,True,6.29483167813305e-07,0.9999994039535522
/content/Dataset/Test/Real/real_1785.jpg,1,1,True,0.3726075291633606,0.6273925304412842
/content/Dataset/Test/Real/real_1786.jpg,1,1,True,0.0005430163000710309,0.9994569420814514
/content/Dataset/Test/Real/real_1787.jpg,1,1,True,0.1840834617614746,0.8159165978431702
/content/Dataset/Test/Real/real_1788.jpg,1,1,True,0.18062040209770203,0.8193795680999756
/content/Dataset/Test/Real/real_1789.jpg,1,1,True,0.00017951290647033602,0.9998205304145813
/content/Dataset/Test/Real/real_179.jpg,1,1,True,2.632034920679871e-06,0.9999973773956299
/content/Dataset/Test/Real/real_1790.jpg,1,1,True,5.07136392116081e-05,0.9999493360519409
/content/Dataset/Test/Real/real_1791.jpg,1,1,True,0.33731919527053833,0.6626808047294617
/content/Dataset/Test/Real/real_1792.jpg,1,1,True,8.021589565032627e-06,0.9999920129776001
/content/Dataset/Test/Real/real_1793.jpg,1,1,True,1.8441519387124572e-06,0.9999982118606567
/content/Dataset/Test/Real/real_1794.jpg,1,1,True,1.443239307263866e-05,0.9999855756759644
/content/Dataset/Test/Real/real_1795.jpg,1,1,True,0.46770673990249634,0.5322932600975037
/content/Dataset/Test/Real/real_1796.jpg,1,1,True,7.877344501139305e-07,0.9999991655349731
/content/Dataset/Test/Real/real_1797.jpg,1,1,True,1.5154317225096747e-05,0.999984860420227
/content/Dataset/Test/Real/real_1798.jpg,1,1,True,0.00016293716907966882,0.9998370409011841
/content/Dataset/Test/Real/real_1799.jpg,1,1,True,0.051127828657627106,0.9488722085952759
/content/Dataset/Test/Real/real_18.jpg,1,1,True,0.0001658112887525931,0.9998341798782349
/content/Dataset/Test/Real/real_180.jpg,1,1,True,1.7092523194151e-05,0.9999829530715942
/content/Dataset/Test/Real/real_1800.jpg,1,1,True,0.07132595777511597,0.9286741018295288
/content/Dataset/Test/Real/real_1801.jpg,1,1,True,0.0029664146713912487,0.9970335960388184
/content/Dataset/Test/Real/real_1802.jpg,1,1,True,0.02925172820687294,0.9707483053207397
/content/Dataset/Test/Real/real_1803.jpg,1,1,True,1.4547339333148557e-06,0.9999985694885254
/content/Dataset/Test/Real/real_1804.jpg,1,1,True,6.8414783527259715e-06,0.9999932050704956
/content/Dataset/Test/Real/real_1805.jpg,1,1,True,0.001470305141992867,0.9985296726226807
/content/Dataset/Test/Real/real_1806.jpg,1,1,True,3.090659447479993e-05,0.9999691247940063
/content/Dataset/Test/Real/real_1807.jpg,1,1,True,2.8264144020795356e-06,0.9999971389770508
/content/Dataset/Test/Real/real_1808.jpg,1,1,True,0.0019210514146834612,0.9980789422988892
/content/Dataset/Test/Real/real_1809.jpg,1,1,True,2.5178651412716135e-05,0.9999748468399048
/content/Dataset/Test/Real/real_181.jpg,1,1,True,1.3346701962291263e-05,0.9999866485595703
/content/Dataset/Test/Real/real_1810.jpg,1,1,True,0.020723357796669006,0.9792766571044922
/content/Dataset/Test/Real/real_1811.jpg,1,1,True,8.741985220694914e-05,0.9999126195907593
/content/Dataset/Test/Real/real_1812.jpg,1,1,True,0.00036029008333571255,0.9996397495269775
/content/Dataset/Test/Real/real_1813.jpg,1,0,False,0.9941547513008118,0.005845309235155582
/content/Dataset/Test/Real/real_1814.jpg,1,1,True,0.019780918955802917,0.9802190661430359
/content/Dataset/Test/Real/real_1815.jpg,1,1,True,0.1057993546128273,0.8942006230354309
/content/Dataset/Test/Real/real_1816.jpg,1,1,True,3.861401637550443e-06,0.9999961853027344
/content/Dataset/Test/Real/real_1817.jpg,1,1,True,0.001621078234165907,0.9983788728713989
/content/Dataset/Test/Real/real_1818.jpg,1,1,True,0.013656700029969215,0.986343264579773
/content/Dataset/Test/Real/real_1819.jpg,1,1,True,8.129373600240797e-05,0.9999186992645264
/content/Dataset/Test/Real/real_182.jpg,1,1,True,5.504303771886043e-06,0.9999945163726807
/content/Dataset/Test/Real/real_1820.jpg,1,1,True,0.010209131054580212,0.9897908568382263
/content/Dataset/Test/Real/real_1821.jpg,1,1,True,3.2022114737628726e-06,0.9999967813491821
/content/Dataset/Test/Real/real_1822.jpg,1,1,True,8.990206765702169e-07,0.9999990463256836
/content/Dataset/Test/Real/real_1823.jpg,1,0,False,0.7926442623138428,0.20735576748847961
/content/Dataset/Test/Real/real_1824.jpg,1,1,True,1.0972235031658784e-05,0.9999890327453613
/content/Dataset/Test/Real/real_1825.jpg,1,1,True,8.682288353156764e-06,0.9999912977218628
/content/Dataset/Test/Real/real_1826.jpg,1,0,False,0.9491680860519409,0.05083188787102699
/content/Dataset/Test/Real/real_1827.jpg,1,1,True,8.614624675828964e-06,0.9999914169311523
/content/Dataset/Test/Real/real_1828.jpg,1,1,True,0.05117115005850792,0.9488288164138794
/content/Dataset/Test/Real/real_1829.jpg,1,1,True,0.00040655993507243693,0.9995934367179871
/content/Dataset/Test/Real/real_183.jpg,1,1,True,4.166053986409679e-05,0.9999583959579468
/content/Dataset/Test/Real/real_1830.jpg,1,1,True,0.03577511012554169,0.9642248749732971
/content/Dataset/Test/Real/real_1831.jpg,1,1,True,0.1300073266029358,0.869992733001709
/content/Dataset/Test/Real/real_1832.jpg,1,1,True,0.0041961525566875935,0.9958038926124573
/content/Dataset/Test/Real/real_1833.jpg,1,1,True,1.4091445336816832e-05,0.999985933303833
/content/Dataset/Test/Real/real_1834.jpg,1,1,True,8.36022627481725e-06,0.9999916553497314
/content/Dataset/Test/Real/real_1835.jpg,1,1,True,9.776692422747146e-06,0.9999902248382568
/content/Dataset/Test/Real/real_1836.jpg,1,1,True,6.752080662408844e-05,0.9999325275421143
/content/Dataset/Test/Real/real_1837.jpg,1,1,True,1.1916617950191721e-06,0.9999988079071045
/content/Dataset/Test/Real/real_1838.jpg,1,1,True,5.027525548939593e-05,0.9999496936798096
/content/Dataset/Test/Real/real_1839.jpg,1,1,True,3.268387445132248e-05,0.9999673366546631
/content/Dataset/Test/Real/real_184.jpg,1,1,True,0.00427284324541688,0.9957271814346313
/content/Dataset/Test/Real/real_1840.jpg,1,1,True,0.021275095641613007,0.9787248969078064
/content/Dataset/Test/Real/real_1841.jpg,1,1,True,0.4711359739303589,0.5288640260696411
/content/Dataset/Test/Real/real_1842.jpg,1,1,True,4.8250531108351424e-06,0.999995231628418
/content/Dataset/Test/Real/real_1843.jpg,1,1,True,0.07957881689071655,0.9204211831092834
/content/Dataset/Test/Real/real_1844.jpg,1,1,True,3.5590992411016487e-06,0.9999964237213135
/content/Dataset/Test/Real/real_1845.jpg,1,1,True,0.04738323763012886,0.9526167511940002
/content/Dataset/Test/Real/real_1846.jpg,1,1,True,0.3487685024738312,0.6512315273284912
/content/Dataset/Test/Real/real_1847.jpg,1,1,True,0.014402960427105427,0.9855970740318298
/content/Dataset/Test/Real/real_1848.jpg,1,1,True,0.29661691188812256,0.7033830881118774
/content/Dataset/Test/Real/real_1849.jpg,1,1,True,0.041452404111623764,0.9585476517677307
/content/Dataset/Test/Real/real_185.jpg,1,1,True,3.1516967283096164e-05,0.9999685287475586
/content/Dataset/Test/Real/real_1850.jpg,1,1,True,0.0015380072873085737,0.9984619617462158
/content/Dataset/Test/Real/real_1851.jpg,1,0,False,0.5382041335105896,0.461795836687088
/content/Dataset/Test/Real/real_1852.jpg,1,0,False,0.50087970495224,0.4991203248500824
/content/Dataset/Test/Real/real_1853.jpg,1,1,True,0.32132840156555176,0.6786715984344482
/content/Dataset/Test/Real/real_1854.jpg,1,1,True,0.000626416876912117,0.9993736147880554
/content/Dataset/Test/Real/real_1855.jpg,1,1,True,0.0027318475767970085,0.9972681999206543
/content/Dataset/Test/Real/real_1856.jpg,1,1,True,6.343278801068664e-05,0.999936580657959
/content/Dataset/Test/Real/real_1857.jpg,1,1,True,3.605158781283535e-06,0.9999964237213135
/content/Dataset/Test/Real/real_1858.jpg,1,1,True,3.3501326015539235e-06,0.9999966621398926
/content/Dataset/Test/Real/real_1859.jpg,1,1,True,3.1518536616204074e-06,0.9999969005584717
/content/Dataset/Test/Real/real_186.jpg,1,1,True,7.490677671739832e-05,0.9999251365661621
/content/Dataset/Test/Real/real_1860.jpg,1,1,True,0.015405879355967045,0.9845941066741943
/content/Dataset/Test/Real/real_1861.jpg,1,1,True,4.061176241521025e-06,0.9999959468841553
/content/Dataset/Test/Real/real_1862.jpg,1,1,True,0.0033661355264484882,0.9966338276863098
/content/Dataset/Test/Real/real_1863.jpg,1,1,True,1.0115780241903849e-05,0.9999898672103882
/content/Dataset/Test/Real/real_1864.jpg,1,0,False,0.7792169451713562,0.22078301012516022
/content/Dataset/Test/Real/real_1865.jpg,1,1,True,0.0036343582905828953,0.9963656663894653
/content/Dataset/Test/Real/real_1866.jpg,1,1,True,0.019035818055272102,0.9809641242027283
/content/Dataset/Test/Real/real_1867.jpg,1,1,True,0.0009013956878334284,0.9990986585617065
/content/Dataset/Test/Real/real_1868.jpg,1,1,True,1.1499454558361322e-05,0.9999885559082031
/content/Dataset/Test/Real/real_1869.jpg,1,1,True,0.000692966568749398,0.9993070363998413
/content/Dataset/Test/Real/real_187.jpg,1,1,True,6.329137249849737e-07,0.9999994039535522
/content/Dataset/Test/Real/real_1870.jpg,1,1,True,5.039151346863946e-06,0.9999949932098389
/content/Dataset/Test/Real/real_1871.jpg,1,1,True,0.01680835895240307,0.9831916689872742
/content/Dataset/Test/Real/real_1872.jpg,1,1,True,0.03237080201506615,0.9676291942596436
/content/Dataset/Test/Real/real_1873.jpg,1,1,True,0.04311109706759453,0.9568889141082764
/content/Dataset/Test/Real/real_1874.jpg,1,1,True,0.0002410801243968308,0.9997588992118835
/content/Dataset/Test/Real/real_1875.jpg,1,0,False,0.5999089479446411,0.4000910520553589
/content/Dataset/Test/Real/real_1876.jpg,1,0,False,0.8582444190979004,0.1417555958032608
/content/Dataset/Test/Real/real_1877.jpg,1,1,True,0.00011748259566957131,0.9998824596405029
/content/Dataset/Test/Real/real_1878.jpg,1,1,True,0.0015109444502741098,0.9984890222549438
/content/Dataset/Test/Real/real_1879.jpg,1,1,True,4.832232662010938e-05,0.9999517202377319
/content/Dataset/Test/Real/real_188.jpg,1,1,True,1.0264022421324626e-05,0.9999897480010986
/content/Dataset/Test/Real/real_1880.jpg,1,1,True,5.811481605633162e-05,0.9999418258666992
/content/Dataset/Test/Real/real_1881.jpg,1,1,True,4.6588884288212284e-05,0.9999533891677856
/content/Dataset/Test/Real/real_1882.jpg,1,1,True,0.0001526875130366534,0.9998472929000854
/content/Dataset/Test/Real/real_1883.jpg,1,1,True,1.1513822073538904e-06,0.9999988079071045
/content/Dataset/Test/Real/real_1884.jpg,1,1,True,3.584149817470461e-05,0.9999641180038452
/content/Dataset/Test/Real/real_1885.jpg,1,1,True,0.00016022496856749058,0.9998397827148438
/content/Dataset/Test/Real/real_1886.jpg,1,1,True,1.4472087059402838e-05,0.9999855756759644
/content/Dataset/Test/Real/real_1887.jpg,1,1,True,1.261784382222686e-05,0.9999873638153076
/content/Dataset/Test/Real/real_1888.jpg,1,1,True,2.2064548375055892e-06,0.9999977350234985
/content/Dataset/Test/Real/real_1889.jpg,1,1,True,0.00015029573114588857,0.9998496770858765
/content/Dataset/Test/Real/real_189.jpg,1,1,True,0.0012123488122597337,0.9987877011299133
/content/Dataset/Test/Real/real_1890.jpg,1,1,True,0.048758648335933685,0.9512413144111633
/content/Dataset/Test/Real/real_1891.jpg,1,1,True,2.358335677854484e-06,0.999997615814209
/content/Dataset/Test/Real/real_1892.jpg,1,1,True,0.0042531853541731834,0.9957467913627625
/content/Dataset/Test/Real/real_1893.jpg,1,1,True,0.0010727695189416409,0.9989271759986877
/content/Dataset/Test/Real/real_1894.jpg,1,1,True,0.013690772466361523,0.9863091707229614
/content/Dataset/Test/Real/real_1895.jpg,1,0,False,0.5134903788566589,0.4865095913410187
/content/Dataset/Test/Real/real_1896.jpg,1,0,False,0.9924106597900391,0.007589320186525583
/content/Dataset/Test/Real/real_1897.jpg,1,0,False,0.9965247511863708,0.0034751908387988806
/content/Dataset/Test/Real/real_1898.jpg,1,0,False,0.8987656235694885,0.10123443603515625
/content/Dataset/Test/Real/real_1899.jpg,1,1,True,0.0035330429673194885,0.9964669942855835
/content/Dataset/Test/Real/real_19.jpg,1,1,True,0.008360686711966991,0.9916393160820007
/content/Dataset/Test/Real/real_190.jpg,1,1,True,3.0329067158163525e-05,0.9999697208404541
/content/Dataset/Test/Real/real_1900.jpg,1,1,True,0.00042394333286210895,0.9995760321617126
/content/Dataset/Test/Real/real_1901.jpg,1,1,True,2.873171069950331e-05,0.9999712705612183
/content/Dataset/Test/Real/real_1902.jpg,1,1,True,9.501057434135873e-07,0.9999990463256836
/content/Dataset/Test/Real/real_1903.jpg,1,1,True,0.0006208771374076605,0.99937903881073
/content/Dataset/Test/Real/real_1904.jpg,1,0,False,0.957788348197937,0.04221167787909508
/content/Dataset/Test/Real/real_1905.jpg,1,1,True,9.001923172036186e-05,0.9999099969863892
/content/Dataset/Test/Real/real_1906.jpg,1,1,True,0.0025527961552143097,0.9974472522735596
/content/Dataset/Test/Real/real_1907.jpg,1,1,True,0.00029459682991728187,0.9997053742408752
/content/Dataset/Test/Real/real_1908.jpg,1,1,True,1.3989535545988474e-05,0.9999860525131226
/content/Dataset/Test/Real/real_1909.jpg,1,1,True,0.0003095527645200491,0.9996904134750366
/content/Dataset/Test/Real/real_191.jpg,1,1,True,7.19277304597199e-05,0.9999281167984009
/content/Dataset/Test/Real/real_1910.jpg,1,1,True,0.002118550706654787,0.9978814721107483
/content/Dataset/Test/Real/real_1911.jpg,1,0,False,0.6669859290122986,0.3330140709877014
/content/Dataset/Test/Real/real_1912.jpg,1,1,True,0.011337642557919025,0.9886623024940491
/content/Dataset/Test/Real/real_1913.jpg,1,1,True,0.00015623093349859118,0.9998437166213989
/content/Dataset/Test/Real/real_1914.jpg,1,1,True,0.011195036582648754,0.9888049364089966
/content/Dataset/Test/Real/real_1915.jpg,1,1,True,0.0003934452251996845,0.9996065497398376
/content/Dataset/Test/Real/real_1916.jpg,1,1,True,3.835669758700533e-06,0.9999961853027344
/content/Dataset/Test/Real/real_1917.jpg,1,1,True,0.0011574752861633897,0.9988425374031067
/content/Dataset/Test/Real/real_1918.jpg,1,1,True,5.082281131763011e-05,0.9999492168426514
/content/Dataset/Test/Real/real_1919.jpg,1,1,True,0.00011061201803386211,0.9998893737792969
/content/Dataset/Test/Real/real_192.jpg,1,1,True,0.001630107988603413,0.9983698725700378
/content/Dataset/Test/Real/real_1920.jpg,1,1,True,0.2239137440919876,0.7760862708091736
/content/Dataset/Test/Real/real_1921.jpg,1,1,True,0.0001280305441468954,0.9998719692230225
/content/Dataset/Test/Real/real_1922.jpg,1,1,True,0.0008636221755295992,0.9991363883018494
/content/Dataset/Test/Real/real_1923.jpg,1,1,True,0.000194041189388372,0.9998059868812561
/content/Dataset/Test/Real/real_1924.jpg,1,1,True,0.0014549285406246781,0.9985450506210327
/content/Dataset/Test/Real/real_1925.jpg,1,1,True,0.003625560784712434,0.9963744282722473
/content/Dataset/Test/Real/real_1926.jpg,1,1,True,0.149126797914505,0.8508732318878174
/content/Dataset/Test/Real/real_1927.jpg,1,1,True,2.2089875528763514e-06,0.9999977350234985
/content/Dataset/Test/Real/real_1928.jpg,1,1,True,1.517806254014431e-06,0.9999984502792358
/content/Dataset/Test/Real/real_1929.jpg,1,1,True,0.001796364551410079,0.9982036352157593
/content/Dataset/Test/Real/real_193.jpg,1,1,True,0.000202007096959278,0.9997979998588562
/content/Dataset/Test/Real/real_1930.jpg,1,1,True,4.486599937081337e-05,0.9999551773071289
/content/Dataset/Test/Real/real_1931.jpg,1,1,True,3.7596055335598066e-05,0.9999624490737915
/content/Dataset/Test/Real/real_1932.jpg,1,1,True,0.0004422224883455783,0.9995577931404114
/content/Dataset/Test/Real/real_1933.jpg,1,1,True,1.0227098755422048e-05,0.9999897480010986
/content/Dataset/Test/Real/real_1934.jpg,1,1,True,0.07119134813547134,0.9288086891174316
/content/Dataset/Test/Real/real_1935.jpg,1,1,True,1.1325990271870978e-05,0.9999886751174927
/content/Dataset/Test/Real/real_1936.jpg,1,1,True,2.556550498411525e-06,0.9999974966049194
/content/Dataset/Test/Real/real_1937.jpg,1,1,True,2.398807509962353e-06,0.999997615814209
/content/Dataset/Test/Real/real_1938.jpg,1,1,True,0.0026779440231621265,0.9973220229148865
/content/Dataset/Test/Real/real_1939.jpg,1,1,True,2.2383071609510807e-06,0.9999977350234985
/content/Dataset/Test/Real/real_194.jpg,1,1,True,0.005074191372841597,0.994925856590271
/content/Dataset/Test/Real/real_1940.jpg,1,1,True,0.015944907441735268,0.9840551018714905
/content/Dataset/Test/Real/real_1941.jpg,1,1,True,0.016206765547394753,0.9837931990623474
/content/Dataset/Test/Real/real_1942.jpg,1,1,True,2.7918106297875056e-06,0.9999972581863403
/content/Dataset/Test/Real/real_1943.jpg,1,1,True,5.993506056256592e-05,0.999940037727356
/content/Dataset/Test/Real/real_1944.jpg,1,1,True,0.046481210738420486,0.9535187482833862
/content/Dataset/Test/Real/real_1945.jpg,1,0,False,0.9985595345497131,0.0014404915273189545
/content/Dataset/Test/Real/real_1946.jpg,1,0,False,0.83344566822052,0.16655433177947998
/content/Dataset/Test/Real/real_1947.jpg,1,1,True,0.004305785987526178,0.9956941604614258
/content/Dataset/Test/Real/real_1948.jpg,1,0,False,0.9101284146308899,0.08987164497375488
/content/Dataset/Test/Real/real_1949.jpg,1,1,True,5.078881258668844e-06,0.9999948740005493
/content/Dataset/Test/Real/real_195.jpg,1,1,True,0.0030540586449205875,0.9969459176063538
/content/Dataset/Test/Real/real_1950.jpg,1,1,True,3.218760684831068e-05,0.9999678134918213
/content/Dataset/Test/Real/real_1951.jpg,1,1,True,5.238550215835858e-07,0.9999995231628418
/content/Dataset/Test/Real/real_1952.jpg,1,1,True,0.03837870433926582,0.9616212844848633
/content/Dataset/Test/Real/real_1953.jpg,1,1,True,0.000356875330908224,0.999643087387085
/content/Dataset/Test/Real/real_1954.jpg,1,0,False,0.9836915731430054,0.01630844548344612
/content/Dataset/Test/Real/real_1955.jpg,1,1,True,4.826180884265341e-05,0.9999517202377319
/content/Dataset/Test/Real/real_1956.jpg,1,1,True,5.220614912104793e-05,0.9999477863311768
/content/Dataset/Test/Real/real_1957.jpg,1,1,True,0.0006106345099397004,0.9993892908096313
/content/Dataset/Test/Real/real_1958.jpg,1,1,True,0.002935634460300207,0.9970644116401672
/content/Dataset/Test/Real/real_1959.jpg,1,1,True,5.339174094842747e-06,0.9999946355819702
/content/Dataset/Test/Real/real_196.jpg,1,1,True,4.681575228460133e-05,0.9999531507492065
/content/Dataset/Test/Real/real_1960.jpg,1,1,True,1.6392766610806575e-06,0.9999983310699463
/content/Dataset/Test/Real/real_1961.jpg,1,1,True,0.013819304294884205,0.9861807227134705
/content/Dataset/Test/Real/real_1962.jpg,1,1,True,0.014194595627486706,0.9858054518699646
/content/Dataset/Test/Real/real_1963.jpg,1,1,True,1.1930209439015016e-05,0.9999880790710449
/content/Dataset/Test/Real/real_1964.jpg,1,0,False,0.8519507646560669,0.14804919064044952
/content/Dataset/Test/Real/real_1965.jpg,1,0,False,0.9872438311576843,0.012756130658090115
/content/Dataset/Test/Real/real_1966.jpg,1,1,True,0.0026437730994075537,0.9973562955856323
/content/Dataset/Test/Real/real_1967.jpg,1,1,True,0.0007320779841393232,0.9992678761482239
/content/Dataset/Test/Real/real_1968.jpg,1,1,True,0.0006663345266133547,0.9993336796760559
/content/Dataset/Test/Real/real_1969.jpg,1,1,True,0.055527642369270325,0.9444723725318909
/content/Dataset/Test/Real/real_197.jpg,1,1,True,5.734342721552821e-06,0.9999942779541016
/content/Dataset/Test/Real/real_1970.jpg,1,1,True,0.39340072870254517,0.6065992712974548
/content/Dataset/Test/Real/real_1971.jpg,1,1,True,3.6767089568456868e-06,0.9999963045120239
/content/Dataset/Test/Real/real_1972.jpg,1,1,True,0.007390446029603481,0.9926095604896545
/content/Dataset/Test/Real/real_1973.jpg,1,1,True,7.600803655805066e-05,0.9999239444732666
/content/Dataset/Test/Real/real_1974.jpg,1,1,True,1.4802955092818593e-06,0.9999985694885254
/content/Dataset/Test/Real/real_1975.jpg,1,1,True,4.225462907925248e-05,0.999957799911499
/content/Dataset/Test/Real/real_1976.jpg,1,1,True,0.00023274339037016034,0.9997672438621521
/content/Dataset/Test/Real/real_1977.jpg,1,1,True,2.3200227587949485e-06,0.9999977350234985
/content/Dataset/Test/Real/real_1978.jpg,1,1,True,1.4299884014690178e-06,0.9999985694885254
/content/Dataset/Test/Real/real_1979.jpg,1,1,True,0.0002253323036711663,0.9997746348381042
/content/Dataset/Test/Real/real_198.jpg,1,1,True,0.002429562620818615,0.9975704550743103
/content/Dataset/Test/Real/real_1980.jpg,1,1,True,7.710361387580633e-06,0.9999922513961792
/content/Dataset/Test/Real/real_1981.jpg,1,1,True,0.0002193554537370801,0.9997807145118713
/content/Dataset/Test/Real/real_1982.jpg,1,1,True,3.964183633797802e-06,0.9999960660934448
/content/Dataset/Test/Real/real_1983.jpg,1,1,True,0.007379417773336172,0.992620587348938
/content/Dataset/Test/Real/real_1984.jpg,1,1,True,0.0013093362795189023,0.998690664768219
/content/Dataset/Test/Real/real_1985.jpg,1,1,True,0.0007573510520160198,0.9992426633834839
/content/Dataset/Test/Real/real_1986.jpg,1,1,True,3.5796629163087346e-06,0.9999964237213135
/content/Dataset/Test/Real/real_1987.jpg,1,1,True,2.6532220545050222e-06,0.9999973773956299
/content/Dataset/Test/Real/real_1988.jpg,1,1,True,1.4686414715470164e-06,0.9999985694885254
/content/Dataset/Test/Real/real_1989.jpg,1,1,True,0.006950456649065018,0.9930495023727417
/content/Dataset/Test/Real/real_199.jpg,1,1,True,0.0037382692098617554,0.9962616562843323
/content/Dataset/Test/Real/real_1990.jpg,1,1,True,2.49719487328548e-05,0.9999750852584839
/content/Dataset/Test/Real/real_1991.jpg,1,1,True,0.0002260769106214866,0.9997739195823669
/content/Dataset/Test/Real/real_1992.jpg,1,1,True,5.5015352700138465e-05,0.9999449253082275
/content/Dataset/Test/Real/real_1993.jpg,1,1,True,7.758821425341011e-07,0.9999991655349731
/content/Dataset/Test/Real/real_1994.jpg,1,1,True,2.9922030080342665e-06,0.9999970197677612
/content/Dataset/Test/Real/real_1995.jpg,1,1,True,8.432508911937475e-05,0.9999157190322876
/content/Dataset/Test/Real/real_1996.jpg,1,0,False,0.8737713694572449,0.12622864544391632
/content/Dataset/Test/Real/real_1997.jpg,1,1,True,8.103275831672363e-06,0.9999918937683105
/content/Dataset/Test/Real/real_1998.jpg,1,1,True,0.03855447098612785,0.9614455103874207
/content/Dataset/Test/Real/real_1999.jpg,1,1,True,0.002026922069489956,0.9979730248451233
/content/Dataset/Test/Real/real_2.jpg,1,1,True,0.007773743011057377,0.992226243019104
/content/Dataset/Test/Real/real_20.jpg,1,1,True,1.759592669259291e-05,0.9999823570251465
/content/Dataset/Test/Real/real_200.jpg,1,1,True,2.343183041375596e-06,0.999997615814209
/content/Dataset/Test/Real/real_2000.jpg,1,1,True,6.200400548550533e-06,0.9999938011169434
/content/Dataset/Test/Real/real_2001.jpg,1,1,True,7.52542700865888e-06,0.9999924898147583
/content/Dataset/Test/Real/real_2002.jpg,1,1,True,0.0010982155799865723,0.9989017248153687
/content/Dataset/Test/Real/real_2003.jpg,1,1,True,0.02936018817126751,0.9706398248672485
/content/Dataset/Test/Real/real_2004.jpg,1,1,True,0.4144582152366638,0.5855417847633362
/content/Dataset/Test/Real/real_2005.jpg,1,1,True,0.00028048656531609595,0.9997194409370422
/content/Dataset/Test/Real/real_2006.jpg,1,1,True,3.2339234167011455e-05,0.9999676942825317
/content/Dataset/Test/Real/real_2007.jpg,1,1,True,1.891225338113145e-06,0.9999980926513672
/content/Dataset/Test/Real/real_2008.jpg,1,1,True,0.4957999587059021,0.5042000412940979
/content/Dataset/Test/Real/real_2009.jpg,1,0,False,0.6844552755355835,0.3155447244644165
/content/Dataset/Test/Real/real_201.jpg,1,1,True,2.1289186406647786e-05,0.9999786615371704
/content/Dataset/Test/Real/real_2010.jpg,1,0,False,0.7915287017822266,0.20847125351428986
/content/Dataset/Test/Real/real_2011.jpg,1,0,False,0.5744390487670898,0.42556092143058777
/content/Dataset/Test/Real/real_2012.jpg,1,0,False,0.767951250076294,0.23204874992370605
/content/Dataset/Test/Real/real_2013.jpg,1,1,True,0.26435133814811707,0.7356486320495605
/content/Dataset/Test/Real/real_2014.jpg,1,1,True,0.0007348235230892897,0.9992651343345642
/content/Dataset/Test/Real/real_2015.jpg,1,1,True,2.031513304245891e-06,0.9999979734420776
/content/Dataset/Test/Real/real_2016.jpg,1,1,True,1.1479547765702591e-06,0.9999988079071045
/content/Dataset/Test/Real/real_2017.jpg,1,1,True,9.187353498418815e-06,0.9999908208847046
/content/Dataset/Test/Real/real_2018.jpg,1,1,True,0.0354456827044487,0.9645542502403259
/content/Dataset/Test/Real/real_2019.jpg,1,1,True,3.9488454603997525e-06,0.9999960660934448
/content/Dataset/Test/Real/real_202.jpg,1,1,True,0.0010976629564538598,0.9989023208618164
/content/Dataset/Test/Real/real_2020.jpg,1,1,True,1.686905534370453e-06,0.9999983310699463
/content/Dataset/Test/Real/real_2021.jpg,1,1,True,1.3381649296206888e-05,0.9999866485595703
/content/Dataset/Test/Real/real_2022.jpg,1,1,True,7.982935130712576e-06,0.9999920129776001
/content/Dataset/Test/Real/real_2023.jpg,1,1,True,2.8408990146999713e-06,0.9999971389770508
/content/Dataset/Test/Real/real_2024.jpg,1,1,True,1.774410293364781e-06,0.9999982118606567
/content/Dataset/Test/Real/real_2025.jpg,1,1,True,0.0021518715657293797,0.9978481531143188
/content/Dataset/Test/Real/real_2026.jpg,1,1,True,8.858436194714159e-05,0.9999114274978638
/content/Dataset/Test/Real/real_2027.jpg,1,1,True,0.001247686450369656,0.9987523555755615
/content/Dataset/Test/Real/real_2028.jpg,1,1,True,3.0520386644639075e-05,0.999969482421875
/content/Dataset/Test/Real/real_2029.jpg,1,1,True,1.1607678516156739e-06,0.9999988079071045
/content/Dataset/Test/Real/real_203.jpg,1,1,True,4.2228079109918326e-05,0.999957799911499
/content/Dataset/Test/Real/real_2030.jpg,1,1,True,6.381536422850331e-06,0.9999935626983643
/content/Dataset/Test/Real/real_2031.jpg,1,1,True,5.166739811102161e-06,0.9999948740005493
/content/Dataset/Test/Real/real_2032.jpg,1,1,True,0.029154561460018158,0.9708454012870789
/content/Dataset/Test/Real/real_2033.jpg,1,0,False,0.9451570510864258,0.05484291538596153
/content/Dataset/Test/Real/real_2034.jpg,1,1,True,0.021517030894756317,0.9784829616546631
/content/Dataset/Test/Real/real_2035.jpg,1,1,True,0.0003787010791711509,0.9996212720870972
/content/Dataset/Test/Real/real_2036.jpg,1,1,True,0.3276238441467285,0.6723761558532715
/content/Dataset/Test/Real/real_2037.jpg,1,1,True,0.19574058055877686,0.8042594790458679
/content/Dataset/Test/Real/real_2038.jpg,1,1,True,0.0004249194171279669,0.9995750784873962
/content/Dataset/Test/Real/real_2039.jpg,1,1,True,4.891370736004319e-06,0.9999951124191284
/content/Dataset/Test/Real/real_204.jpg,1,1,True,9.994164429372177e-07,0.9999990463256836
/content/Dataset/Test/Real/real_2040.jpg,1,1,True,0.00011471482866909355,0.9998853206634521
/content/Dataset/Test/Real/real_2041.jpg,1,1,True,1.946670408869977e-06,0.9999980926513672
/content/Dataset/Test/Real/real_2042.jpg,1,1,True,0.00029197573894634843,0.9997079968452454
/content/Dataset/Test/Real/real_2043.jpg,1,0,False,0.7087810635566711,0.29121890664100647
/content/Dataset/Test/Real/real_2044.jpg,1,1,True,0.18414270877838135,0.8158572912216187
/content/Dataset/Test/Real/real_2045.jpg,1,1,True,1.3476365893438924e-05,0.9999865293502808
/content/Dataset/Test/Real/real_2046.jpg,1,1,True,0.00022054705186747015,0.9997795224189758
/content/Dataset/Test/Real/real_2047.jpg,1,1,True,2.291100645379629e-05,0.9999771118164062
/content/Dataset/Test/Real/real_2048.jpg,1,1,True,0.19975155591964722,0.800248384475708
/content/Dataset/Test/Real/real_2049.jpg,1,1,True,0.0004536114283837378,0.9995463490486145
/content/Dataset/Test/Real/real_205.jpg,1,1,True,8.128507033688948e-06,0.9999918937683105
/content/Dataset/Test/Real/real_2050.jpg,1,1,True,0.004647692199796438,0.9953522682189941
/content/Dataset/Test/Real/real_2051.jpg,1,1,True,2.5866444048006088e-05,0.9999741315841675
/content/Dataset/Test/Real/real_2052.jpg,1,1,True,0.044340286403894424,0.9556596875190735
/content/Dataset/Test/Real/real_2053.jpg,1,1,True,0.158600315451622,0.8413997292518616
/content/Dataset/Test/Real/real_2054.jpg,1,1,True,0.04116671904921532,0.9588332772254944
/content/Dataset/Test/Real/real_2055.jpg,1,1,True,0.00013846001820638776,0.999861478805542
/content/Dataset/Test/Real/real_2056.jpg,1,1,True,0.007617651484906673,0.9923823475837708
/content/Dataset/Test/Real/real_2057.jpg,1,1,True,0.00027755764313042164,0.999722421169281
/content/Dataset/Test/Real/real_2058.jpg,1,1,True,5.906041678827023e-06,0.9999940395355225
/content/Dataset/Test/Real/real_2059.jpg,1,1,True,2.7952287382504437e-06,0.9999972581863403
/content/Dataset/Test/Real/real_206.jpg,1,1,True,1.0469633707543835e-05,0.9999895095825195
/content/Dataset/Test/Real/real_2060.jpg,1,1,True,3.983519036410144e-06,0.9999960660934448
/content/Dataset/Test/Real/real_2061.jpg,1,1,True,2.8400540941220243e-06,0.9999971389770508
/content/Dataset/Test/Real/real_2062.jpg,1,1,True,3.4130174753954634e-05,0.9999659061431885
/content/Dataset/Test/Real/real_2063.jpg,1,1,True,0.0003416036197450012,0.9996583461761475
/content/Dataset/Test/Real/real_2064.jpg,1,1,True,0.00013774287072010338,0.9998621940612793
/content/Dataset/Test/Real/real_2065.jpg,1,1,True,0.019138479605317116,0.980861485004425
/content/Dataset/Test/Real/real_2066.jpg,1,1,True,9.066231723409146e-05,0.9999092817306519
/content/Dataset/Test/Real/real_2067.jpg,1,0,False,0.985068142414093,0.014931838028132915
/content/Dataset/Test/Real/real_2068.jpg,1,1,True,0.0072103580459952354,0.9927896857261658
/content/Dataset/Test/Real/real_2069.jpg,1,1,True,4.802847979590297e-05,0.999951958656311
/content/Dataset/Test/Real/real_207.jpg,1,1,True,0.0002434920461382717,0.9997565150260925
/content/Dataset/Test/Real/real_2070.jpg,1,1,True,9.83167628874071e-05,0.9999016523361206
/content/Dataset/Test/Real/real_2071.jpg,1,1,True,4.175624326308025e-07,0.9999995231628418
/content/Dataset/Test/Real/real_2072.jpg,1,1,True,2.981874786200933e-05,0.9999701976776123
/content/Dataset/Test/Real/real_2073.jpg,1,1,True,6.726745141349966e-06,0.9999933242797852
/content/Dataset/Test/Real/real_2074.jpg,1,1,True,0.00011959242692682892,0.9998804330825806
/content/Dataset/Test/Real/real_2075.jpg,1,1,True,0.051587577909231186,0.9484124183654785
/content/Dataset/Test/Real/real_2076.jpg,1,1,True,0.09685368090867996,0.9031463265419006
/content/Dataset/Test/Real/real_2077.jpg,1,1,True,0.0013630591565743089,0.9986369013786316
/content/Dataset/Test/Real/real_2078.jpg,1,1,True,1.5010006109150709e-06,0.9999984502792358
/content/Dataset/Test/Real/real_2079.jpg,1,1,True,2.8422862669685856e-05,0.9999716281890869
/content/Dataset/Test/Real/real_208.jpg,1,1,True,1.0628249583533034e-05,0.99998939037323
/content/Dataset/Test/Real/real_2080.jpg,1,1,True,2.3238847006723518e-06,0.9999977350234985
/content/Dataset/Test/Real/real_2081.jpg,1,1,True,0.02355623058974743,0.9764437675476074
/content/Dataset/Test/Real/real_2082.jpg,1,1,True,2.5326540708192624e-05,0.9999747276306152
/content/Dataset/Test/Real/real_2083.jpg,1,1,True,8.536176778761728e-07,0.9999991655349731
/content/Dataset/Test/Real/real_2084.jpg,1,1,True,0.41880786418914795,0.581192135810852
/content/Dataset/Test/Real/real_2085.jpg,1,1,True,1.3983240933157504e-05,0.9999860525131226
/content/Dataset/Test/Real/real_2086.jpg,1,1,True,0.05678286403417587,0.9432170987129211
/content/Dataset/Test/Real/real_2087.jpg,1,1,True,0.013466781005263329,0.9865331649780273
/content/Dataset/Test/Real/real_2088.jpg,1,0,False,0.7820005416870117,0.21799945831298828
/content/Dataset/Test/Real/real_2089.jpg,1,1,True,0.006010950542986393,0.993989109992981
/content/Dataset/Test/Real/real_209.jpg,1,1,True,0.003521490143612027,0.9964784979820251
/content/Dataset/Test/Real/real_2090.jpg,1,0,False,0.9249322414398193,0.07506778836250305
/content/Dataset/Test/Real/real_2091.jpg,1,0,False,0.9820468425750732,0.017953122034668922
/content/Dataset/Test/Real/real_2092.jpg,1,1,True,1.9142495148116723e-05,0.9999808073043823
/content/Dataset/Test/Real/real_2093.jpg,1,1,True,6.152145942905918e-05,0.9999384880065918
/content/Dataset/Test/Real/real_2094.jpg,1,1,True,0.00020826380932703614,0.9997918009757996
/content/Dataset/Test/Real/real_2095.jpg,1,1,True,3.625013505370589e-06,0.9999964237213135
/content/Dataset/Test/Real/real_2096.jpg,1,1,True,0.00021594733698293567,0.9997840523719788
/content/Dataset/Test/Real/real_2097.jpg,1,1,True,3.993149675807217e-06,0.9999960660934448
/content/Dataset/Test/Real/real_2098.jpg,1,1,True,2.9891000394854927e-06,0.9999970197677612
/content/Dataset/Test/Real/real_2099.jpg,1,1,True,3.7347299439716153e-06,0.9999963045120239
/content/Dataset/Test/Real/real_21.jpg,1,1,True,0.3224731981754303,0.6775268316268921
/content/Dataset/Test/Real/real_210.jpg,1,1,True,0.03550153225660324,0.9644985198974609
/content/Dataset/Test/Real/real_2100.jpg,1,1,True,0.007130679674446583,0.9928693175315857
/content/Dataset/Test/Real/real_2101.jpg,1,1,True,0.08470619469881058,0.9152937531471252
/content/Dataset/Test/Real/real_2102.jpg,1,1,True,0.002762074116617441,0.9972379207611084
/content/Dataset/Test/Real/real_2103.jpg,1,1,True,0.009808461181819439,0.9901915788650513
/content/Dataset/Test/Real/real_2104.jpg,1,1,True,1.6459454172945698e-06,0.9999983310699463
/content/Dataset/Test/Real/real_2105.jpg,1,1,True,0.001011388492770493,0.9989885687828064
/content/Dataset/Test/Real/real_2106.jpg,1,1,True,2.354854586883448e-06,0.999997615814209
/content/Dataset/Test/Real/real_2107.jpg,1,1,True,2.5304527753178263e-06,0.9999974966049194
/content/Dataset/Test/Real/real_2108.jpg,1,1,True,0.007412809878587723,0.992587149143219
/content/Dataset/Test/Real/real_2109.jpg,1,1,True,0.012913182377815247,0.9870867729187012
/content/Dataset/Test/Real/real_211.jpg,1,1,True,0.0003966354997828603,0.9996033310890198
/content/Dataset/Test/Real/real_2110.jpg,1,1,True,0.0003218296333216131,0.9996781349182129
/content/Dataset/Test/Real/real_2111.jpg,1,1,True,0.00041129131568595767,0.999588668346405
/content/Dataset/Test/Real/real_2112.jpg,1,1,True,0.01126858126372099,0.9887314438819885
/content/Dataset/Test/Real/real_2113.jpg,1,1,True,0.000274928956059739,0.9997250437736511
/content/Dataset/Test/Real/real_2114.jpg,1,1,True,1.5333796909544617e-05,0.999984622001648
/content/Dataset/Test/Real/real_2115.jpg,1,1,True,5.706801312044263e-05,0.9999428987503052
/content/Dataset/Test/Real/real_2116.jpg,1,1,True,4.485528734221589e-06,0.9999954700469971
/content/Dataset/Test/Real/real_2117.jpg,1,1,True,0.46595677733421326,0.5340432524681091
/content/Dataset/Test/Real/real_2118.jpg,1,1,True,8.510463521815836e-05,0.9999148845672607
/content/Dataset/Test/Real/real_2119.jpg,1,0,False,0.9322458505630493,0.06775421649217606
/content/Dataset/Test/Real/real_212.jpg,1,1,True,5.939465336268768e-05,0.9999406337738037
/content/Dataset/Test/Real/real_2120.jpg,1,1,True,0.00089190190192312,0.9991081357002258
/content/Dataset/Test/Real/real_2121.jpg,1,1,True,0.0945921316742897,0.9054079055786133
/content/Dataset/Test/Real/real_2122.jpg,1,1,True,1.8491531363906688e-06,0.9999980926513672
/content/Dataset/Test/Real/real_2123.jpg,1,0,False,0.7361346483230591,0.26386529207229614
/content/Dataset/Test/Real/real_2124.jpg,1,1,True,0.00047046845429576933,0.9995296001434326
/content/Dataset/Test/Real/real_2125.jpg,1,1,True,4.3589579945546575e-06,0.9999955892562866
/content/Dataset/Test/Real/real_2126.jpg,1,1,True,2.34962317335885e-06,0.999997615814209
/content/Dataset/Test/Real/real_2127.jpg,1,1,True,7.72576458984986e-05,0.9999227523803711
/content/Dataset/Test/Real/real_2128.jpg,1,0,False,0.9327322840690613,0.06726773828268051
/content/Dataset/Test/Real/real_2129.jpg,1,0,False,0.9955025315284729,0.004497502464801073
/content/Dataset/Test/Real/real_213.jpg,1,1,True,2.4660264443809865e-06,0.9999974966049194
/content/Dataset/Test/Real/real_2130.jpg,1,1,True,6.7660298554983456e-06,0.9999932050704956
/content/Dataset/Test/Real/real_2131.jpg,1,1,True,7.162574092944851e-06,0.999992847442627
/content/Dataset/Test/Real/real_2132.jpg,1,0,False,0.9079910516738892,0.09200891852378845
/content/Dataset/Test/Real/real_2133.jpg,1,1,True,2.5388624180777697e-06,0.9999974966049194
/content/Dataset/Test/Real/real_2134.jpg,1,1,True,0.4936053454875946,0.506394624710083
/content/Dataset/Test/Real/real_2135.jpg,1,1,True,4.1881055949488655e-05,0.9999581575393677
/content/Dataset/Test/Real/real_2136.jpg,1,1,True,6.585604569409043e-05,0.999934196472168
/content/Dataset/Test/Real/real_2137.jpg,1,1,True,0.0009860213613137603,0.9990139007568359
/content/Dataset/Test/Real/real_2138.jpg,1,1,True,2.0362949726404622e-05,0.9999796152114868
/content/Dataset/Test/Real/real_2139.jpg,1,0,False,0.8771925568580627,0.12280746549367905
/content/Dataset/Test/Real/real_214.jpg,1,1,True,2.8844976895925356e-06,0.9999971389770508
/content/Dataset/Test/Real/real_2140.jpg,1,1,True,0.0002121125435223803,0.9997878670692444
/content/Dataset/Test/Real/real_2141.jpg,1,1,True,0.00010235429363092408,0.9998975992202759
/content/Dataset/Test/Real/real_2142.jpg,1,1,True,2.5866268060781294e-06,0.9999973773956299
/content/Dataset/Test/Real/real_2143.jpg,1,0,False,0.9791633486747742,0.02083659917116165
/content/Dataset/Test/Real/real_2144.jpg,1,0,False,0.9967069029808044,0.0032930888701230288
/content/Dataset/Test/Real/real_2145.jpg,1,1,True,0.07666472345590591,0.9233352541923523
/content/Dataset/Test/Real/real_2146.jpg,1,0,False,0.9830834865570068,0.016916563734412193
/content/Dataset/Test/Real/real_2147.jpg,1,1,True,0.0004430693807080388,0.9995569586753845
/content/Dataset/Test/Real/real_2148.jpg,1,1,True,0.04341207072138786,0.9565878510475159
/content/Dataset/Test/Real/real_2149.jpg,1,1,True,3.7110380617377814e-06,0.9999963045120239
/content/Dataset/Test/Real/real_215.jpg,1,1,True,7.862960774218664e-05,0.9999213218688965
/content/Dataset/Test/Real/real_2150.jpg,1,1,True,7.963005828059977e-07,0.9999991655349731
/content/Dataset/Test/Real/real_2151.jpg,1,1,True,0.00011067195009673014,0.9998893737792969
/content/Dataset/Test/Real/real_2152.jpg,1,1,True,3.299862510175444e-05,0.9999669790267944
/content/Dataset/Test/Real/real_2153.jpg,1,1,True,0.05593007802963257,0.9440699219703674
/content/Dataset/Test/Real/real_2154.jpg,1,1,True,0.009127828292548656,0.9908722043037415
/content/Dataset/Test/Real/real_2155.jpg,1,1,True,0.0019184044795110822,0.9980815649032593
/content/Dataset/Test/Real/real_2156.jpg,1,1,True,0.34015020728111267,0.6598497629165649
/content/Dataset/Test/Real/real_2157.jpg,1,1,True,6.148163083707914e-05,0.9999384880065918
/content/Dataset/Test/Real/real_2158.jpg,1,1,True,7.065530371619388e-05,0.9999293088912964
/content/Dataset/Test/Real/real_2159.jpg,1,1,True,3.934084361389978e-06,0.9999960660934448
/content/Dataset/Test/Real/real_216.jpg,1,1,True,8.684024237481935e-07,0.9999991655349731
/content/Dataset/Test/Real/real_2160.jpg,1,1,True,0.0004357196157798171,0.9995642304420471
/content/Dataset/Test/Real/real_2161.jpg,1,1,True,0.03386273607611656,0.9661372900009155
/content/Dataset/Test/Real/real_2162.jpg,1,1,True,4.211251052765874e-06,0.9999958276748657
/content/Dataset/Test/Real/real_2163.jpg,1,0,False,0.9975475668907166,0.0024523967877030373
/content/Dataset/Test/Real/real_2164.jpg,1,1,True,0.00015061635349411517,0.9998493194580078
/content/Dataset/Test/Real/real_2165.jpg,1,1,True,9.494449477642775e-05,0.999904990196228
/content/Dataset/Test/Real/real_2166.jpg,1,1,True,7.393425039481372e-05,0.9999260902404785
/content/Dataset/Test/Real/real_2167.jpg,1,0,False,0.9917111396789551,0.008288870565593243
/content/Dataset/Test/Real/real_2168.jpg,1,1,True,0.2719728350639343,0.7280271053314209
/content/Dataset/Test/Real/real_2169.jpg,1,1,True,0.001465203589759767,0.9985347986221313
/content/Dataset/Test/Real/real_217.jpg,1,1,True,1.4017562079970958e-06,0.9999985694885254
/content/Dataset/Test/Real/real_2170.jpg,1,0,False,0.9669075012207031,0.03309255465865135
/content/Dataset/Test/Real/real_2171.jpg,1,1,True,0.005034331232309341,0.9949656128883362
/content/Dataset/Test/Real/real_2172.jpg,1,1,True,7.438201009790646e-06,0.9999926090240479
/content/Dataset/Test/Real/real_2173.jpg,1,1,True,2.6184004582319176e-06,0.9999973773956299
/content/Dataset/Test/Real/real_2174.jpg,1,1,True,0.0001337102585239336,0.999866247177124
/content/Dataset/Test/Real/real_2175.jpg,1,1,True,3.0527229682775214e-05,0.999969482421875
/content/Dataset/Test/Real/real_2176.jpg,1,0,False,0.9895654916763306,0.010434465482831001
/content/Dataset/Test/Real/real_2177.jpg,1,1,True,7.04787908034632e-06,0.9999929666519165
/content/Dataset/Test/Real/real_2178.jpg,1,1,True,5.166462869965471e-05,0.9999483823776245
/content/Dataset/Test/Real/real_2179.jpg,1,1,True,0.0002788496494758874,0.999721109867096
/content/Dataset/Test/Real/real_218.jpg,1,1,True,8.076149242697284e-06,0.9999918937683105
/content/Dataset/Test/Real/real_2180.jpg,1,1,True,8.814708053250797e-06,0.9999911785125732
/content/Dataset/Test/Real/real_2181.jpg,1,1,True,0.10096653550863266,0.8990334868431091
/content/Dataset/Test/Real/real_2182.jpg,1,1,True,0.022152945399284363,0.9778470993041992
/content/Dataset/Test/Real/real_2183.jpg,1,1,True,0.058529265224933624,0.941470742225647
/content/Dataset/Test/Real/real_2184.jpg,1,0,False,0.8498713970184326,0.15012860298156738
/content/Dataset/Test/Real/real_2185.jpg,1,1,True,0.00013446397497318685,0.9998655319213867
/content/Dataset/Test/Real/real_2186.jpg,1,1,True,0.06531684100627899,0.934683084487915
/content/Dataset/Test/Real/real_2187.jpg,1,1,True,2.230528298241552e-05,0.999977707862854
/content/Dataset/Test/Real/real_2188.jpg,1,1,True,8.248010999523103e-06,0.999991774559021
/content/Dataset/Test/Real/real_2189.jpg,1,1,True,0.00011354782327543944,0.9998863935470581
/content/Dataset/Test/Real/real_219.jpg,1,1,True,5.3522151574725285e-05,0.9999464750289917
/content/Dataset/Test/Real/real_2190.jpg,1,1,True,5.426774123407085e-07,0.9999994039535522
/content/Dataset/Test/Real/real_2191.jpg,1,1,True,0.31295540928840637,0.687044620513916
/content/Dataset/Test/Real/real_2192.jpg,1,1,True,7.550475129391998e-05,0.9999245405197144
/content/Dataset/Test/Real/real_2193.jpg,1,1,True,0.0006101353792473674,0.9993898868560791
/content/Dataset/Test/Real/real_2194.jpg,1,1,True,3.835040388366906e-06,0.9999961853027344
/content/Dataset/Test/Real/real_2195.jpg,1,1,True,1.0043954716820735e-05,0.9999899864196777
/content/Dataset/Test/Real/real_2196.jpg,1,1,True,0.00010542586096562445,0.9998946189880371
/content/Dataset/Test/Real/real_2197.jpg,1,1,True,0.2963837683200836,0.703616201877594
/content/Dataset/Test/Real/real_2198.jpg,1,1,True,9.761194087332115e-05,0.9999023675918579
/content/Dataset/Test/Real/real_2199.jpg,1,1,True,2.4224937078543007e-06,0.999997615814209
/content/Dataset/Test/Real/real_22.jpg,1,1,True,2.1676714823115617e-06,0.9999978542327881
/content/Dataset/Test/Real/real_220.jpg,1,1,True,7.492764325434109e-06,0.9999924898147583
/content/Dataset/Test/Real/real_2200.jpg,1,1,True,3.4158947528339922e-06,0.999996542930603
/content/Dataset/Test/Real/real_2201.jpg,1,1,True,5.585573489952367e-06,0.9999943971633911
/content/Dataset/Test/Real/real_2202.jpg,1,1,True,0.001460536732338369,0.9985394477844238
/content/Dataset/Test/Real/real_2203.jpg,1,1,True,2.6758989406516775e-06,0.9999973773956299
/content/Dataset/Test/Real/real_2204.jpg,1,1,True,1.0405493640064378e-06,0.999998927116394
/content/Dataset/Test/Real/real_2205.jpg,1,1,True,1.999582127609756e-05,0.9999799728393555
/content/Dataset/Test/Real/real_2206.jpg,1,1,True,0.02749549224972725,0.9725044965744019
/content/Dataset/Test/Real/real_2207.jpg,1,1,True,8.174225172297156e-07,0.9999991655349731
/content/Dataset/Test/Real/real_2208.jpg,1,1,True,1.5197196034932858e-06,0.9999984502792358
/content/Dataset/Test/Real/real_2209.jpg,1,1,True,5.629663064610213e-05,0.999943733215332
/content/Dataset/Test/Real/real_221.jpg,1,1,True,2.0324188881204464e-05,0.9999797344207764
/content/Dataset/Test/Real/real_2210.jpg,1,1,True,2.2788521164329723e-05,0.9999772310256958
/content/Dataset/Test/Real/real_2211.jpg,1,1,True,1.0622651416269946e-06,0.999998927116394
/content/Dataset/Test/Real/real_2212.jpg,1,1,True,2.2105423340690322e-05,0.9999779462814331
/content/Dataset/Test/Real/real_2213.jpg,1,0,False,0.9749047756195068,0.02509518899023533
/content/Dataset/Test/Real/real_2214.jpg,1,0,False,0.9774456024169922,0.022554481402039528
/content/Dataset/Test/Real/real_2215.jpg,1,1,True,0.0005143573507666588,0.9994856119155884
/content/Dataset/Test/Real/real_2216.jpg,1,1,True,1.57272904743877e-06,0.9999984502792358
/content/Dataset/Test/Real/real_2217.jpg,1,1,True,8.059552783379331e-06,0.9999918937683105
/content/Dataset/Test/Real/real_2218.jpg,1,1,True,3.4568524824862834e-06,0.999996542930603
/content/Dataset/Test/Real/real_2219.jpg,1,1,True,1.8937954564535175e-06,0.9999980926513672
/content/Dataset/Test/Real/real_222.jpg,1,0,False,0.9930397272109985,0.006960198748856783
/content/Dataset/Test/Real/real_2220.jpg,1,1,True,0.3058958053588867,0.6941042542457581
/content/Dataset/Test/Real/real_2221.jpg,1,1,True,4.791743776877411e-06,0.999995231628418
/content/Dataset/Test/Real/real_2222.jpg,1,1,True,0.2328234761953354,0.7671765089035034
/content/Dataset/Test/Real/real_2223.jpg,1,1,True,0.00012525077909231186,0.9998747110366821
/content/Dataset/Test/Real/real_2224.jpg,1,1,True,0.00944190751761198,0.9905581474304199
/content/Dataset/Test/Real/real_2225.jpg,1,1,True,0.337837278842926,0.6621626615524292
/content/Dataset/Test/Real/real_2226.jpg,1,1,True,0.28547805547714233,0.7145219445228577
/content/Dataset/Test/Real/real_2227.jpg,1,0,False,0.5846284627914429,0.41537150740623474
/content/Dataset/Test/Real/real_2228.jpg,1,1,True,0.00026510897441767156,0.9997349381446838
/content/Dataset/Test/Real/real_2229.jpg,1,1,True,0.0002461145631968975,0.9997538924217224
/content/Dataset/Test/Real/real_223.jpg,1,1,True,0.015151419676840305,0.9848485589027405
/content/Dataset/Test/Real/real_2230.jpg,1,1,True,8.635714948468376e-06,0.9999914169311523
/content/Dataset/Test/Real/real_2231.jpg,1,1,True,3.764423308894038e-05,0.999962329864502
/content/Dataset/Test/Real/real_2232.jpg,1,1,True,0.0009906272171065211,0.999009370803833
/content/Dataset/Test/Real/real_2233.jpg,1,0,False,0.9484209418296814,0.0515790656208992
/content/Dataset/Test/Real/real_2234.jpg,1,1,True,0.007197514176368713,0.9928024411201477
/content/Dataset/Test/Real/real_2235.jpg,1,1,True,0.0004254449449945241,0.999574601650238
/content/Dataset/Test/Real/real_2236.jpg,1,1,True,0.000422468816395849,0.9995775818824768
/content/Dataset/Test/Real/real_2237.jpg,1,0,False,0.9998648166656494,0.00013519256026484072
/content/Dataset/Test/Real/real_2238.jpg,1,1,True,0.43851611018180847,0.5614838600158691
/content/Dataset/Test/Real/real_2239.jpg,1,1,True,1.6427009086328326e-06,0.9999983310699463
/content/Dataset/Test/Real/real_224.jpg,1,1,True,0.00013998190115671605,0.9998600482940674
/content/Dataset/Test/Real/real_2240.jpg,1,1,True,7.306745101232082e-05,0.9999269247055054
/content/Dataset/Test/Real/real_2241.jpg,1,0,False,0.5321367383003235,0.4678632616996765
/content/Dataset/Test/Real/real_2242.jpg,1,1,True,0.0005434949998743832,0.9994564652442932
/content/Dataset/Test/Real/real_2243.jpg,1,0,False,0.987051248550415,0.012948732823133469
/content/Dataset/Test/Real/real_2244.jpg,1,1,True,0.15179726481437683,0.8482027649879456
/content/Dataset/Test/Real/real_2245.jpg,1,1,True,0.015557377599179745,0.9844426512718201
/content/Dataset/Test/Real/real_2246.jpg,1,0,False,0.6943947672843933,0.3056052327156067
/content/Dataset/Test/Real/real_2247.jpg,1,1,True,1.103163981497346e-06,0.999998927116394
/content/Dataset/Test/Real/real_2248.jpg,1,1,True,7.5586426646623295e-06,0.9999924898147583
/content/Dataset/Test/Real/real_2249.jpg,1,1,True,0.0005359422066248953,0.9994640946388245
/content/Dataset/Test/Real/real_225.jpg,1,1,True,0.0002944059087894857,0.9997056126594543
/content/Dataset/Test/Real/real_2250.jpg,1,1,True,5.5600321502424777e-05,0.9999444484710693
/content/Dataset/Test/Real/real_2251.jpg,1,1,True,4.612136763171293e-05,0.9999538660049438
/content/Dataset/Test/Real/real_2252.jpg,1,1,True,6.406188731489237e-06,0.9999935626983643
/content/Dataset/Test/Real/real_2253.jpg,1,1,True,4.680776328314096e-05,0.9999531507492065
/content/Dataset/Test/Real/real_2254.jpg,1,1,True,0.0003900135634467006,0.9996100068092346
/content/Dataset/Test/Real/real_2255.jpg,1,1,True,1.766149580362253e-05,0.9999823570251465
/content/Dataset/Test/Real/real_2256.jpg,1,1,True,9.4983715825947e-06,0.9999904632568359
/content/Dataset/Test/Real/real_2257.jpg,1,1,True,0.07269749790430069,0.9273024797439575
/content/Dataset/Test/Real/real_2258.jpg,1,1,True,0.002375898417085409,0.9976240992546082
/content/Dataset/Test/Real/real_2259.jpg,1,1,True,0.000295445992378518,0.9997045397758484
/content/Dataset/Test/Real/real_226.jpg,1,1,True,4.6960762119852006e-05,0.999953031539917
/content/Dataset/Test/Real/real_2260.jpg,1,1,True,2.2241176338866353e-05,0.999977707862854
/content/Dataset/Test/Real/real_2261.jpg,1,1,True,0.0008007293217815459,0.9991993308067322
/content/Dataset/Test/Real/real_2262.jpg,1,1,True,0.00015561481995973736,0.9998443126678467
/content/Dataset/Test/Real/real_2263.jpg,1,1,True,2.9004140742472373e-06,0.9999971389770508
/content/Dataset/Test/Real/real_2264.jpg,1,1,True,0.009083234705030918,0.9909167885780334
/content/Dataset/Test/Real/real_2265.jpg,1,1,True,3.202471134500229e-06,0.9999967813491821
/content/Dataset/Test/Real/real_2266.jpg,1,1,True,1.2435976941560511e-06,0.9999988079071045
/content/Dataset/Test/Real/real_2267.jpg,1,1,True,2.6596442239679163e-06,0.9999973773956299
/content/Dataset/Test/Real/real_2268.jpg,1,1,True,9.538535232422873e-05,0.9999046325683594
/content/Dataset/Test/Real/real_2269.jpg,1,1,True,7.157637810450979e-06,0.999992847442627
/content/Dataset/Test/Real/real_227.jpg,1,1,True,7.497666956624016e-05,0.9999250173568726
/content/Dataset/Test/Real/real_2270.jpg,1,0,False,0.7748004794120789,0.22519955039024353
/content/Dataset/Test/Real/real_2271.jpg,1,1,True,0.29490119218826294,0.7050987482070923
/content/Dataset/Test/Real/real_2272.jpg,1,1,True,4.99960697197821e-06,0.9999949932098389
/content/Dataset/Test/Real/real_2273.jpg,1,1,True,9.8260179584031e-06,0.9999902248382568
/content/Dataset/Test/Real/real_2274.jpg,1,1,True,1.9051061599384411e-06,0.9999980926513672
/content/Dataset/Test/Real/real_2275.jpg,1,1,True,2.405111217740341e-06,0.999997615814209
/content/Dataset/Test/Real/real_2276.jpg,1,1,True,2.5342228582303505e-06,0.9999974966049194
/content/Dataset/Test/Real/real_2277.jpg,1,1,True,3.530566800691304e-06,0.9999964237213135
/content/Dataset/Test/Real/real_2278.jpg,1,1,True,7.34850164008094e-06,0.9999926090240479
/content/Dataset/Test/Real/real_2279.jpg,1,1,True,1.2844477168982849e-05,0.9999871253967285
/content/Dataset/Test/Real/real_228.jpg,1,1,True,0.0002124003367498517,0.9997876286506653
/content/Dataset/Test/Real/real_2280.jpg,1,0,False,0.722630500793457,0.27736949920654297
/content/Dataset/Test/Real/real_2281.jpg,1,1,True,1.6676900713719078e-06,0.9999983310699463
/content/Dataset/Test/Real/real_2282.jpg,1,1,True,1.5830125903448788e-06,0.9999984502792358
/content/Dataset/Test/Real/real_2283.jpg,1,1,True,2.1156401999178343e-05,0.9999788999557495
/content/Dataset/Test/Real/real_2284.jpg,1,1,True,2.4687755285413004e-05,0.999975323677063
/content/Dataset/Test/Real/real_2285.jpg,1,1,True,2.8215315523993922e-06,0.9999971389770508
/content/Dataset/Test/Real/real_2286.jpg,1,1,True,0.0001551427849335596,0.9998447895050049
/content/Dataset/Test/Real/real_2287.jpg,1,1,True,2.204172915298841e-06,0.9999978542327881
/content/Dataset/Test/Real/real_2288.jpg,1,1,True,1.6279768715321552e-06,0.9999983310699463
/content/Dataset/Test/Real/real_2289.jpg,1,1,True,0.0007230985793285072,0.9992769360542297
/content/Dataset/Test/Real/real_229.jpg,1,1,True,0.0002813661121763289,0.9997186064720154
/content/Dataset/Test/Real/real_2290.jpg,1,0,False,0.8967451453208923,0.10325482487678528
/content/Dataset/Test/Real/real_2291.jpg,1,1,True,0.0013141743838787079,0.9986857771873474
/content/Dataset/Test/Real/real_2292.jpg,1,1,True,1.516862880635017e-06,0.9999984502792358
/content/Dataset/Test/Real/real_2293.jpg,1,1,True,0.0007943704258650541,0.9992056488990784
/content/Dataset/Test/Real/real_2294.jpg,1,1,True,0.0001257440453628078,0.9998742341995239
/content/Dataset/Test/Real/real_2295.jpg,1,1,True,0.03562617301940918,0.9643738865852356
/content/Dataset/Test/Real/real_2296.jpg,1,1,True,1.932300392581965e-06,0.9999980926513672
/content/Dataset/Test/Real/real_2297.jpg,1,1,True,0.184544637799263,0.8154553771018982
/content/Dataset/Test/Real/real_2298.jpg,1,1,True,0.011618178337812424,0.9883818030357361
/content/Dataset/Test/Real/real_2299.jpg,1,1,True,7.812631520209834e-05,0.9999219179153442
/content/Dataset/Test/Real/real_23.jpg,1,1,True,0.0027414096985012293,0.9972585439682007
/content/Dataset/Test/Real/real_230.jpg,1,1,True,4.257430646248395e-06,0.9999957084655762
/content/Dataset/Test/Real/real_2300.jpg,1,1,True,0.011208513751626015,0.9887914657592773
/content/Dataset/Test/Real/real_2301.jpg,1,1,True,8.227780926972628e-05,0.99991774559021
/content/Dataset/Test/Real/real_2302.jpg,1,1,True,0.0034260384272783995,0.9965740442276001
/content/Dataset/Test/Real/real_2303.jpg,1,1,True,0.0008100990089587867,0.9991899132728577
/content/Dataset/Test/Real/real_2304.jpg,1,1,True,0.1548011153936386,0.8451988697052002
/content/Dataset/Test/Real/real_2305.jpg,1,1,True,4.594957317749504e-06,0.9999953508377075
/content/Dataset/Test/Real/real_2306.jpg,1,1,True,0.00042044755537062883,0.9995796084403992
/content/Dataset/Test/Real/real_2307.jpg,1,1,True,2.3988530301721767e-05,0.9999760389328003
/content/Dataset/Test/Real/real_2308.jpg,1,1,True,4.795740460394882e-05,0.9999520778656006
/content/Dataset/Test/Real/real_2309.jpg,1,1,True,0.00023254755069501698,0.9997674822807312
/content/Dataset/Test/Real/real_231.jpg,1,0,False,0.6186679601669312,0.38133206963539124
/content/Dataset/Test/Real/real_2310.jpg,1,1,True,0.1473814845085144,0.8526184558868408
/content/Dataset/Test/Real/real_2311.jpg,1,1,True,0.03887981176376343,0.9611201882362366
/content/Dataset/Test/Real/real_2312.jpg,1,1,True,0.0010129783768206835,0.9989870190620422
/content/Dataset/Test/Real/real_2313.jpg,1,1,True,0.0010505244135856628,0.9989494681358337
/content/Dataset/Test/Real/real_2314.jpg,1,0,False,0.7457544207572937,0.2542455494403839
/content/Dataset/Test/Real/real_2315.jpg,1,1,True,0.0070318435318768024,0.9929681420326233
/content/Dataset/Test/Real/real_2316.jpg,1,1,True,3.4860688629123615e-06,0.999996542930603
/content/Dataset/Test/Real/real_2317.jpg,1,1,True,0.00018952396931126714,0.999810516834259
/content/Dataset/Test/Real/real_2318.jpg,1,1,True,9.044141506819869e-07,0.9999990463256836
/content/Dataset/Test/Real/real_2319.jpg,1,1,True,6.2509138842870016e-06,0.9999938011169434
/content/Dataset/Test/Real/real_232.jpg,1,1,True,0.10916363447904587,0.8908363580703735
/content/Dataset/Test/Real/real_2320.jpg,1,1,True,0.0004836604930460453,0.9995163679122925
/content/Dataset/Test/Real/real_2321.jpg,1,0,False,0.6074080467224121,0.3925919830799103
/content/Dataset/Test/Real/real_2322.jpg,1,1,True,2.233888380942517e-06,0.9999977350234985
/content/Dataset/Test/Real/real_2323.jpg,1,1,True,0.00017256579303648323,0.9998273849487305
/content/Dataset/Test/Real/real_2324.jpg,1,1,True,0.007396646309643984,0.9926033616065979
/content/Dataset/Test/Real/real_2325.jpg,1,1,True,1.1484045899123885e-05,0.9999885559082031
/content/Dataset/Test/Real/real_2326.jpg,1,1,True,0.005284375976771116,0.9947156310081482
/content/Dataset/Test/Real/real_2327.jpg,1,1,True,2.001839902732172e-06,0.9999979734420776
/content/Dataset/Test/Real/real_2328.jpg,1,1,True,0.04108157008886337,0.9589184522628784
/content/Dataset/Test/Real/real_2329.jpg,1,1,True,6.002047143738309e-07,0.9999994039535522
/content/Dataset/Test/Real/real_233.jpg,1,1,True,2.7177917218068615e-05,0.9999728202819824
/content/Dataset/Test/Real/real_2330.jpg,1,1,True,2.493341980880359e-06,0.9999974966049194
/content/Dataset/Test/Real/real_2331.jpg,1,1,True,1.547951796965208e-05,0.9999845027923584
/content/Dataset/Test/Real/real_2332.jpg,1,1,True,0.3435055613517761,0.6564944386482239
/content/Dataset/Test/Real/real_2333.jpg,1,1,True,0.0007195812650024891,0.9992803931236267
/content/Dataset/Test/Real/real_2334.jpg,1,1,True,1.8850721971830353e-05,0.999981164932251
/content/Dataset/Test/Real/real_2335.jpg,1,1,True,8.666661415190902e-06,0.9999912977218628
/content/Dataset/Test/Real/real_2336.jpg,1,0,False,0.9250031113624573,0.07499691098928452
/content/Dataset/Test/Real/real_2337.jpg,1,0,False,0.5787322521209717,0.4212677776813507
/content/Dataset/Test/Real/real_2338.jpg,1,1,True,0.0008031482575461268,0.9991968274116516
/content/Dataset/Test/Real/real_2339.jpg,1,1,True,0.0004664443840738386,0.9995335340499878
/content/Dataset/Test/Real/real_234.jpg,1,1,True,7.754727266728878e-05,0.9999223947525024
/content/Dataset/Test/Real/real_2340.jpg,1,1,True,2.34834060393041e-05,0.9999765157699585
/content/Dataset/Test/Real/real_2341.jpg,1,1,True,1.3862625564797781e-05,0.9999861717224121
/content/Dataset/Test/Real/real_2342.jpg,1,1,True,2.7574216801440343e-05,0.9999724626541138
/content/Dataset/Test/Real/real_2343.jpg,1,1,True,4.453306246432476e-06,0.9999955892562866
/content/Dataset/Test/Real/real_2344.jpg,1,1,True,7.566952263005078e-05,0.9999243021011353
/content/Dataset/Test/Real/real_2345.jpg,1,1,True,0.32509860396385193,0.6749014258384705
/content/Dataset/Test/Real/real_2346.jpg,1,1,True,0.0002666123036760837,0.9997333884239197
/content/Dataset/Test/Real/real_2347.jpg,1,1,True,4.656767032429343e-06,0.9999953508377075
/content/Dataset/Test/Real/real_2348.jpg,1,1,True,0.0002530883066356182,0.9997468590736389
/content/Dataset/Test/Real/real_2349.jpg,1,1,True,5.485112706082873e-05,0.9999451637268066
/content/Dataset/Test/Real/real_235.jpg,1,1,True,0.0004869832191616297,0.9995130300521851
/content/Dataset/Test/Real/real_2350.jpg,1,1,True,0.0011289750691503286,0.9988710284233093
/content/Dataset/Test/Real/real_2351.jpg,1,1,True,0.3481805622577667,0.6518194675445557
/content/Dataset/Test/Real/real_2352.jpg,1,1,True,7.2233115133713e-07,0.9999992847442627
/content/Dataset/Test/Real/real_2353.jpg,1,1,True,1.4681680795547436e-06,0.9999985694885254
/content/Dataset/Test/Real/real_2354.jpg,1,1,True,1.6634996882203268e-06,0.9999983310699463
/content/Dataset/Test/Real/real_2355.jpg,1,1,True,1.997767867578659e-06,0.9999979734420776
/content/Dataset/Test/Real/real_2356.jpg,1,1,True,8.41600849526003e-05,0.9999158382415771
/content/Dataset/Test/Real/real_2357.jpg,1,1,True,0.1159970760345459,0.8840029239654541
/content/Dataset/Test/Real/real_2358.jpg,1,1,True,5.886394501430914e-05,0.9999411106109619
/content/Dataset/Test/Real/real_2359.jpg,1,1,True,9.020764082379173e-07,0.9999990463256836
/content/Dataset/Test/Real/real_236.jpg,1,1,True,7.233224437186436e-07,0.9999992847442627
/content/Dataset/Test/Real/real_2360.jpg,1,1,True,9.99369949568063e-05,0.9999001026153564
/content/Dataset/Test/Real/real_2361.jpg,1,1,True,6.322329682006966e-06,0.9999936819076538
/content/Dataset/Test/Real/real_2362.jpg,1,1,True,0.001109904726035893,0.9988901019096375
/content/Dataset/Test/Real/real_2363.jpg,1,1,True,0.2298320233821869,0.7701680064201355
/content/Dataset/Test/Real/real_2364.jpg,1,1,True,0.0005275667062960565,0.999472439289093
/content/Dataset/Test/Real/real_2365.jpg,1,1,True,8.518323011230677e-05,0.9999147653579712
/content/Dataset/Test/Real/real_2366.jpg,1,1,True,0.010609829798340797,0.9893901944160461
/content/Dataset/Test/Real/real_2367.jpg,1,1,True,0.0028883996419608593,0.9971115589141846
/content/Dataset/Test/Real/real_2368.jpg,1,1,True,0.002395967021584511,0.9976040720939636
/content/Dataset/Test/Real/real_2369.jpg,1,1,True,0.0002605821646284312,0.9997394680976868
/content/Dataset/Test/Real/real_237.jpg,1,1,True,1.2253793784111622e-06,0.9999988079071045
/content/Dataset/Test/Real/real_2370.jpg,1,1,True,0.0077550411224365234,0.9922450184822083
/content/Dataset/Test/Real/real_2371.jpg,1,1,True,0.0002421741810394451,0.9997578263282776
/content/Dataset/Test/Real/real_2372.jpg,1,1,True,0.019439248368144035,0.9805607795715332
/content/Dataset/Test/Real/real_2373.jpg,1,1,True,0.001628146623261273,0.9983718991279602
/content/Dataset/Test/Real/real_2374.jpg,1,1,True,0.0003641069051809609,0.9996359348297119
/content/Dataset/Test/Real/real_2375.jpg,1,1,True,0.0006760206306353211,0.9993239641189575
/content/Dataset/Test/Real/real_2376.jpg,1,1,True,2.9222367174952524e-06,0.9999970197677612
/content/Dataset/Test/Real/real_2377.jpg,1,1,True,2.8943439247086644e-05,0.9999710321426392
/content/Dataset/Test/Real/real_2378.jpg,1,1,True,2.3162799607234774e-06,0.9999977350234985
/content/Dataset/Test/Real/real_2379.jpg,1,1,True,1.7727708836901e-05,0.9999822378158569
/content/Dataset/Test/Real/real_238.jpg,1,1,True,0.003178064711391926,0.9968218803405762
/content/Dataset/Test/Real/real_2380.jpg,1,1,True,0.006576003972440958,0.9934239387512207
/content/Dataset/Test/Real/real_2381.jpg,1,1,True,2.4271787424368085e-06,0.999997615814209
/content/Dataset/Test/Real/real_2382.jpg,1,0,False,0.9766340851783752,0.023365899920463562
/content/Dataset/Test/Real/real_2383.jpg,1,1,True,0.07667213678359985,0.9233278632164001
/content/Dataset/Test/Real/real_2384.jpg,1,1,True,2.346408655284904e-05,0.9999765157699585
/content/Dataset/Test/Real/real_2385.jpg,1,1,True,2.2703916329191998e-06,0.9999977350234985
/content/Dataset/Test/Real/real_2386.jpg,1,1,True,0.028511516749858856,0.9714885354042053
/content/Dataset/Test/Real/real_2387.jpg,1,1,True,7.837478187866509e-05,0.9999215602874756
/content/Dataset/Test/Real/real_2388.jpg,1,1,True,0.055134356021881104,0.9448656439781189
/content/Dataset/Test/Real/real_2389.jpg,1,1,True,0.0004543547111097723,0.9995456337928772
/content/Dataset/Test/Real/real_239.jpg,1,1,True,1.5881942090345547e-05,0.9999841451644897
/content/Dataset/Test/Real/real_2390.jpg,1,1,True,1.3284023907544906e-06,0.9999986886978149
/content/Dataset/Test/Real/real_2391.jpg,1,1,True,0.0012170468689873815,0.9987829327583313
/content/Dataset/Test/Real/real_2392.jpg,1,1,True,5.0959904910996556e-05,0.9999489784240723
/content/Dataset/Test/Real/real_2393.jpg,1,1,True,3.0623020847997395e-06,0.9999969005584717
/content/Dataset/Test/Real/real_2394.jpg,1,1,True,0.00010548216960160062,0.9998944997787476
/content/Dataset/Test/Real/real_2395.jpg,1,1,True,0.14647619426250458,0.853523850440979
/content/Dataset/Test/Real/real_2396.jpg,1,1,True,6.552047580044018e-07,0.9999994039535522
/content/Dataset/Test/Real/real_2397.jpg,1,1,True,6.618707175221061e-06,0.9999933242797852
/content/Dataset/Test/Real/real_2398.jpg,1,1,True,0.0005798236234113574,0.999420166015625
/content/Dataset/Test/Real/real_2399.jpg,1,1,True,0.00016288062033709139,0.9998370409011841
/content/Dataset/Test/Real/real_24.jpg,1,1,True,0.0006614032899960876,0.9993385672569275
/content/Dataset/Test/Real/real_240.jpg,1,1,True,2.1925457076577004e-06,0.9999978542327881
/content/Dataset/Test/Real/real_2400.jpg,1,1,True,0.032736051827669144,0.96726393699646
/content/Dataset/Test/Real/real_2401.jpg,1,1,True,0.04129379615187645,0.9587061405181885
/content/Dataset/Test/Real/real_2402.jpg,1,1,True,1.5017866417110781e-06,0.9999984502792358
/content/Dataset/Test/Real/real_2403.jpg,1,1,True,1.8809689663612517e-06,0.9999980926513672
/content/Dataset/Test/Real/real_2404.jpg,1,1,True,0.0002939801197499037,0.999705970287323
/content/Dataset/Test/Real/real_2405.jpg,1,1,True,0.00010756207484519109,0.9998924732208252
/content/Dataset/Test/Real/real_2406.jpg,1,1,True,0.016346797347068787,0.98365318775177
/content/Dataset/Test/Real/real_2407.jpg,1,1,True,7.100985385477543e-05,0.9999289512634277
/content/Dataset/Test/Real/real_2408.jpg,1,1,True,0.0002930387854576111,0.9997069239616394
/content/Dataset/Test/Real/real_2409.jpg,1,1,True,0.40478959679603577,0.5952104330062866
/content/Dataset/Test/Real/real_241.jpg,1,1,True,6.633861175942002e-06,0.9999933242797852
/content/Dataset/Test/Real/real_2410.jpg,1,1,True,3.2801290217321366e-06,0.9999966621398926
/content/Dataset/Test/Real/real_2411.jpg,1,1,True,0.04461554065346718,0.9553844332695007
/content/Dataset/Test/Real/real_2412.jpg,1,1,True,0.0025435197167098522,0.9974564909934998
/content/Dataset/Test/Real/real_2413.jpg,1,1,True,2.395592673565261e-05,0.9999760389328003
/content/Dataset/Test/Real/real_2414.jpg,1,1,True,0.0034798807464540005,0.9965201616287231
/content/Dataset/Test/Real/real_2415.jpg,1,1,True,0.02177191898226738,0.9782280921936035
/content/Dataset/Test/Real/real_2416.jpg,1,0,False,0.6105560064315796,0.3894439935684204
/content/Dataset/Test/Real/real_2417.jpg,1,1,True,1.031472311296966e-05,0.9999896287918091
/content/Dataset/Test/Real/real_2418.jpg,1,1,True,3.379480040166527e-05,0.9999661445617676
/content/Dataset/Test/Real/real_2419.jpg,1,1,True,0.0001399984466843307,0.9998599290847778
/content/Dataset/Test/Real/real_242.jpg,1,1,True,0.005595149006694555,0.9944047927856445
/content/Dataset/Test/Real/real_2420.jpg,1,1,True,4.683602674049325e-05,0.9999531507492065
/content/Dataset/Test/Real/real_2421.jpg,1,1,True,0.00036134227411821485,0.9996386766433716
/content/Dataset/Test/Real/real_2422.jpg,1,1,True,0.09727273881435394,0.9027271866798401
/content/Dataset/Test/Real/real_2423.jpg,1,1,True,5.2053630497539416e-05,0.9999479055404663
/content/Dataset/Test/Real/real_2424.jpg,1,1,True,0.34941530227661133,0.6505846977233887
/content/Dataset/Test/Real/real_2425.jpg,1,1,True,0.09868425130844116,0.9013157486915588
/content/Dataset/Test/Real/real_2426.jpg,1,1,True,1.5302273823181167e-05,0.9999847412109375
/content/Dataset/Test/Real/real_2427.jpg,1,1,True,0.06199638918042183,0.938003659248352
/content/Dataset/Test/Real/real_2428.jpg,1,1,True,2.3257949578692205e-05,0.9999767541885376
/content/Dataset/Test/Real/real_2429.jpg,1,1,True,1.538987817184534e-05,0.999984622001648
/content/Dataset/Test/Real/real_243.jpg,1,1,True,0.2310442477464676,0.7689558267593384
/content/Dataset/Test/Real/real_2430.jpg,1,1,True,8.176625669875648e-07,0.9999991655349731
/content/Dataset/Test/Real/real_2431.jpg,1,1,True,0.0540296845138073,0.9459702968597412
/content/Dataset/Test/Real/real_2432.jpg,1,1,True,0.0001273651869269088,0.9998725652694702
/content/Dataset/Test/Real/real_2433.jpg,1,1,True,0.0031038771849125624,0.9968961477279663
/content/Dataset/Test/Real/real_2434.jpg,1,1,True,6.128960308160458e-07,0.9999994039535522
/content/Dataset/Test/Real/real_2435.jpg,1,1,True,1.638122193980962e-05,0.9999836683273315
/content/Dataset/Test/Real/real_2436.jpg,1,1,True,1.0058322914119344e-05,0.9999899864196777
/content/Dataset/Test/Real/real_2437.jpg,1,1,True,6.805179850744025e-07,0.9999992847442627
/content/Dataset/Test/Real/real_2438.jpg,1,0,False,0.7029294967651367,0.2970705032348633
/content/Dataset/Test/Real/real_2439.jpg,1,1,True,1.777953548298683e-05,0.9999822378158569
/content/Dataset/Test/Real/real_244.jpg,1,1,True,0.4231635332107544,0.5768365263938904
/content/Dataset/Test/Real/real_2440.jpg,1,1,True,2.3481392418034375e-05,0.9999765157699585
/content/Dataset/Test/Real/real_2441.jpg,1,1,True,3.254220791859552e-05,0.9999674558639526
/content/Dataset/Test/Real/real_2442.jpg,1,0,False,0.9304419755935669,0.06955797225236893
/content/Dataset/Test/Real/real_2443.jpg,1,1,True,0.2549595236778259,0.7450405359268188
/content/Dataset/Test/Real/real_2444.jpg,1,1,True,0.0003361838171258569,0.9996638298034668
/content/Dataset/Test/Real/real_2445.jpg,1,1,True,0.0008215580601245165,0.9991784691810608
/content/Dataset/Test/Real/real_2446.jpg,1,1,True,4.480492407310521e-06,0.9999954700469971
/content/Dataset/Test/Real/real_2447.jpg,1,1,True,5.39293705514865e-06,0.9999946355819702
/content/Dataset/Test/Real/real_2448.jpg,1,1,True,0.0001371649996144697,0.999862790107727
/content/Dataset/Test/Real/real_2449.jpg,1,1,True,3.47032182617113e-05,0.9999653100967407
/content/Dataset/Test/Real/real_245.jpg,1,1,True,0.17679482698440552,0.8232051730155945
/content/Dataset/Test/Real/real_2450.jpg,1,0,False,0.9919614195823669,0.008038604632019997
/content/Dataset/Test/Real/real_2451.jpg,1,1,True,1.3928791304351762e-05,0.9999860525131226
/content/Dataset/Test/Real/real_2452.jpg,1,1,True,0.001487931003794074,0.9985120892524719
/content/Dataset/Test/Real/real_2453.jpg,1,1,True,0.02328779548406601,0.9767122268676758
/content/Dataset/Test/Real/real_2454.jpg,1,1,True,0.0001609962055226788,0.9998389482498169
/content/Dataset/Test/Real/real_2455.jpg,1,1,True,3.3960990549530834e-05,0.999966025352478
/content/Dataset/Test/Real/real_2456.jpg,1,1,True,2.179166813220945e-06,0.9999978542327881
/content/Dataset/Test/Real/real_2457.jpg,1,1,True,0.22068260610103607,0.7793173789978027
/content/Dataset/Test/Real/real_2458.jpg,1,0,False,0.9785312414169312,0.02146872878074646
/content/Dataset/Test/Real/real_2459.jpg,1,1,True,1.7423984900233336e-05,0.9999825954437256
/content/Dataset/Test/Real/real_246.jpg,1,1,True,0.0003256099298596382,0.9996744394302368
/content/Dataset/Test/Real/real_2460.jpg,1,0,False,0.994772732257843,0.005227262154221535
/content/Dataset/Test/Real/real_2461.jpg,1,1,True,0.0016566923586651683,0.9983433485031128
/content/Dataset/Test/Real/real_2462.jpg,1,1,True,0.011693836189806461,0.9883061051368713
/content/Dataset/Test/Real/real_2463.jpg,1,1,True,0.00014525615551974624,0.9998546838760376
/content/Dataset/Test/Real/real_2464.jpg,1,1,True,8.511007035849616e-05,0.9999148845672607
/content/Dataset/Test/Real/real_2465.jpg,1,1,True,9.038281859830022e-05,0.9999096393585205
/content/Dataset/Test/Real/real_2466.jpg,1,1,True,4.7892172005958855e-06,0.999995231628418
/content/Dataset/Test/Real/real_2467.jpg,1,1,True,2.850403006959823e-06,0.9999971389770508
/content/Dataset/Test/Real/real_2468.jpg,1,1,True,2.5741755962371826e-05,0.999974250793457
/content/Dataset/Test/Real/real_2469.jpg,1,1,True,3.825900421361439e-06,0.9999961853027344
/content/Dataset/Test/Real/real_247.jpg,1,1,True,5.238918311079033e-05,0.9999476671218872
/content/Dataset/Test/Real/real_2470.jpg,1,1,True,1.0889360964938533e-05,0.9999891519546509
/content/Dataset/Test/Real/real_2471.jpg,1,1,True,2.6881043595494702e-06,0.9999972581863403
/content/Dataset/Test/Real/real_2472.jpg,1,1,True,0.0010524477111175656,0.9989475607872009
/content/Dataset/Test/Real/real_2473.jpg,1,1,True,0.0001631177874514833,0.999836802482605
/content/Dataset/Test/Real/real_2474.jpg,1,1,True,0.0015752684557810426,0.998424768447876
/content/Dataset/Test/Real/real_2475.jpg,1,1,True,0.0002357005578232929,0.9997642636299133
/content/Dataset/Test/Real/real_2476.jpg,1,1,True,0.0035438418854027987,0.9964560866355896
/content/Dataset/Test/Real/real_2477.jpg,1,1,True,0.0003538104356266558,0.9996461868286133
/content/Dataset/Test/Real/real_2478.jpg,1,1,True,5.3560856031253934e-05,0.9999464750289917
/content/Dataset/Test/Real/real_2479.jpg,1,1,True,3.3280273783020675e-05,0.9999667406082153
/content/Dataset/Test/Real/real_248.jpg,1,1,True,6.2682133830094244e-06,0.9999936819076538
/content/Dataset/Test/Real/real_2480.jpg,1,1,True,6.762985321984161e-06,0.9999932050704956
/content/Dataset/Test/Real/real_2481.jpg,1,1,True,0.0009585023508407176,0.9990414977073669
/content/Dataset/Test/Real/real_2482.jpg,1,1,True,5.83819200983271e-06,0.999994158744812
/content/Dataset/Test/Real/real_2483.jpg,1,1,True,3.1338222470367327e-06,0.9999969005584717
/content/Dataset/Test/Real/real_2484.jpg,1,1,True,1.6365433111786842e-05,0.9999836683273315
/content/Dataset/Test/Real/real_2485.jpg,1,0,False,0.665162205696106,0.33483776450157166
/content/Dataset/Test/Real/real_2486.jpg,1,1,True,0.0020671780221164227,0.9979327917098999
/content/Dataset/Test/Real/real_2487.jpg,1,1,True,9.301279351348057e-05,0.9999070167541504
/content/Dataset/Test/Real/real_2488.jpg,1,1,True,0.00012905866606160998,0.9998708963394165
/content/Dataset/Test/Real/real_2489.jpg,1,1,True,1.4686974054711754e-06,0.9999985694885254
/content/Dataset/Test/Real/real_249.jpg,1,1,True,4.1122297261608765e-05,0.999958872795105
/content/Dataset/Test/Real/real_2490.jpg,1,1,True,1.5539095329586416e-05,0.9999845027923584
/content/Dataset/Test/Real/real_2491.jpg,1,1,True,4.692497896030545e-06,0.9999953508377075
/content/Dataset/Test/Real/real_2492.jpg,1,1,True,0.0005109772901050746,0.9994889497756958
/content/Dataset/Test/Real/real_2493.jpg,1,1,True,9.94160564005142e-06,0.9999901056289673
/content/Dataset/Test/Real/real_2494.jpg,1,1,True,0.005646152887493372,0.9943538904190063
/content/Dataset/Test/Real/real_2495.jpg,1,0,False,0.8168891668319702,0.1831107884645462
/content/Dataset/Test/Real/real_2496.jpg,1,1,True,2.4341621610801667e-05,0.9999756813049316
/content/Dataset/Test/Real/real_2497.jpg,1,1,True,2.9612317575811176e-06,0.9999970197677612
/content/Dataset/Test/Real/real_2498.jpg,1,1,True,0.0025437120348215103,0.9974562525749207
/content/Dataset/Test/Real/real_2499.jpg,1,1,True,0.024345509707927704,0.9756544828414917
/content/Dataset/Test/Real/real_25.jpg,1,1,True,9.714261750559672e-07,0.9999990463256836
/content/Dataset/Test/Real/real_250.jpg,1,1,True,1.4347475371323526e-05,0.9999856948852539
/content/Dataset/Test/Real/real_2500.jpg,1,1,True,0.0013894818257540464,0.9986104965209961
/content/Dataset/Test/Real/real_2501.jpg,1,1,True,0.13375821709632874,0.8662418127059937
/content/Dataset/Test/Real/real_2502.jpg,1,1,True,1.6042718925746158e-05,0.9999839067459106
/content/Dataset/Test/Real/real_2503.jpg,1,1,True,3.592233042581938e-05,0.9999641180038452
/content/Dataset/Test/Real/real_2504.jpg,1,0,False,0.6244502067565918,0.3755498230457306
/content/Dataset/Test/Real/real_2505.jpg,1,1,True,2.1737496354035102e-05,0.9999783039093018
/content/Dataset/Test/Real/real_2506.jpg,1,0,False,0.9841035604476929,0.015896491706371307
/content/Dataset/Test/Real/real_2507.jpg,1,1,True,0.002588828792795539,0.9974111914634705
/content/Dataset/Test/Real/real_2508.jpg,1,1,True,0.4787808358669281,0.5212191939353943
/content/Dataset/Test/Real/real_2509.jpg,1,1,True,0.006162228062748909,0.9938377737998962
/content/Dataset/Test/Real/real_251.jpg,1,1,True,2.096277739838115e-06,0.9999978542327881
/content/Dataset/Test/Real/real_2510.jpg,1,1,True,0.04511154443025589,0.9548884630203247
/content/Dataset/Test/Real/real_2511.jpg,1,1,True,1.4365944480232429e-05,0.9999855756759644
/content/Dataset/Test/Real/real_2512.jpg,1,0,False,0.9999496936798096,5.0296879635425285e-05
/content/Dataset/Test/Real/real_2513.jpg,1,1,True,0.00022515558521263301,0.9997748732566833
/content/Dataset/Test/Real/real_2514.jpg,1,1,True,1.1036543583031744e-05,0.9999889135360718
/content/Dataset/Test/Real/real_2515.jpg,1,1,True,2.347043164263596e-06,0.999997615814209
/content/Dataset/Test/Real/real_2516.jpg,1,0,False,0.9345170259475708,0.0654829666018486
/content/Dataset/Test/Real/real_2517.jpg,1,1,True,0.11718273162841797,0.882817268371582
/content/Dataset/Test/Real/real_2518.jpg,1,1,True,0.005921742878854275,0.9940782785415649
/content/Dataset/Test/Real/real_2519.jpg,1,0,False,0.9868649840354919,0.013135048560798168
/content/Dataset/Test/Real/real_252.jpg,1,1,True,0.06436960399150848,0.9356304407119751
/content/Dataset/Test/Real/real_2520.jpg,1,1,True,0.20184114575386047,0.7981588244438171
/content/Dataset/Test/Real/real_2521.jpg,1,1,True,0.0001603794953553006,0.9998395442962646
/content/Dataset/Test/Real/real_2522.jpg,1,1,True,9.567067991156364e-07,0.9999990463256836
/content/Dataset/Test/Real/real_2523.jpg,1,1,True,0.007066752761602402,0.9929332733154297
/content/Dataset/Test/Real/real_2524.jpg,1,1,True,0.046351633965969086,0.9536483883857727
/content/Dataset/Test/Real/real_2525.jpg,1,1,True,0.00010739605204435065,0.9998925924301147
/content/Dataset/Test/Real/real_2526.jpg,1,1,True,0.00028233323246240616,0.999717652797699
/content/Dataset/Test/Real/real_2527.jpg,1,1,True,1.8356806322117336e-05,0.9999816417694092
/content/Dataset/Test/Real/real_2528.jpg,1,1,True,1.3581444591181935e-06,0.9999986886978149
/content/Dataset/Test/Real/real_2529.jpg,1,1,True,0.0027546093333512545,0.9972454309463501
/content/Dataset/Test/Real/real_253.jpg,1,1,True,0.001503536943346262,0.998496413230896
/content/Dataset/Test/Real/real_2530.jpg,1,1,True,8.269643149105832e-05,0.9999172687530518
/content/Dataset/Test/Real/real_2531.jpg,1,1,True,0.0003429620701353997,0.9996570348739624
/content/Dataset/Test/Real/real_2532.jpg,1,1,True,0.031355779618024826,0.9686442017555237
/content/Dataset/Test/Real/real_2533.jpg,1,1,True,1.1574229574762285e-06,0.9999988079071045
/content/Dataset/Test/Real/real_2534.jpg,1,1,True,0.0529833659529686,0.9470166563987732
/content/Dataset/Test/Real/real_2535.jpg,1,1,True,9.488675459579099e-06,0.9999904632568359
/content/Dataset/Test/Real/real_2536.jpg,1,1,True,1.584361370987608e-06,0.9999984502792358
/content/Dataset/Test/Real/real_2537.jpg,1,1,True,3.876112089074013e-07,0.9999996423721313
/content/Dataset/Test/Real/real_2538.jpg,1,1,True,3.7371246435213834e-05,0.999962568283081
/content/Dataset/Test/Real/real_2539.jpg,1,1,True,0.003392654936760664,0.9966073036193848
/content/Dataset/Test/Real/real_254.jpg,1,1,True,0.01148724090307951,0.9885127544403076
/content/Dataset/Test/Real/real_2540.jpg,1,1,True,0.0004541167872957885,0.9995458722114563
/content/Dataset/Test/Real/real_2541.jpg,1,1,True,0.00010017284512287006,0.9998998641967773
/content/Dataset/Test/Real/real_2542.jpg,1,1,True,0.0029149234760552645,0.9970850348472595
/content/Dataset/Test/Real/real_2543.jpg,1,1,True,0.4567619264125824,0.5432380437850952
/content/Dataset/Test/Real/real_2544.jpg,1,1,True,0.00015807768795639277,0.9998419284820557
/content/Dataset/Test/Real/real_2545.jpg,1,1,True,0.00022287086176220328,0.9997771382331848
/content/Dataset/Test/Real/real_2546.jpg,1,1,True,1.1622495549090672e-05,0.9999884366989136
/content/Dataset/Test/Real/real_2547.jpg,1,1,True,0.02191098965704441,0.9780890345573425
/content/Dataset/Test/Real/real_2548.jpg,1,1,True,4.2912197386613116e-06,0.9999957084655762
/content/Dataset/Test/Real/real_2549.jpg,1,1,True,0.0008572678198106587,0.9991427659988403
/content/Dataset/Test/Real/real_255.jpg,1,1,True,1.1186899655513116e-06,0.999998927116394
/content/Dataset/Test/Real/real_2550.jpg,1,1,True,0.0016620188253000379,0.998337984085083
/content/Dataset/Test/Real/real_2551.jpg,1,1,True,0.08935661613941193,0.9106433391571045
/content/Dataset/Test/Real/real_2552.jpg,1,1,True,0.05967952311038971,0.9403204321861267
/content/Dataset/Test/Real/real_2553.jpg,1,1,True,0.0016659761313349009,0.9983339905738831
/content/Dataset/Test/Real/real_2554.jpg,1,1,True,0.10469255596399307,0.8953074216842651
/content/Dataset/Test/Real/real_2555.jpg,1,0,False,0.8528793454170227,0.14712068438529968
/content/Dataset/Test/Real/real_2556.jpg,1,1,True,1.055881421052618e-05,0.99998939037323
/content/Dataset/Test/Real/real_2557.jpg,1,1,True,1.1995326758551528e-06,0.9999988079071045
/content/Dataset/Test/Real/real_2558.jpg,1,1,True,0.00010444513463880867,0.9998955726623535
/content/Dataset/Test/Real/real_2559.jpg,1,1,True,0.19075626134872437,0.8092437982559204
/content/Dataset/Test/Real/real_256.jpg,1,1,True,0.23725564777851105,0.7627444267272949
/content/Dataset/Test/Real/real_2560.jpg,1,1,True,8.134059498843271e-06,0.9999918937683105
/content/Dataset/Test/Real/real_2561.jpg,1,0,False,0.6909611225128174,0.309038907289505
/content/Dataset/Test/Real/real_2562.jpg,1,1,True,1.713809251668863e-05,0.9999828338623047
/content/Dataset/Test/Real/real_2563.jpg,1,1,True,0.00036437963717617095,0.9996355772018433
/content/Dataset/Test/Real/real_2564.jpg,1,1,True,4.240994257997954e-06,0.9999957084655762
/content/Dataset/Test/Real/real_2565.jpg,1,1,True,5.449310265248641e-06,0.9999945163726807
/content/Dataset/Test/Real/real_2566.jpg,1,1,True,5.046292062615976e-05,0.99994957447052
/content/Dataset/Test/Real/real_2567.jpg,1,0,False,0.8023002743721008,0.19769971072673798
/content/Dataset/Test/Real/real_2568.jpg,1,1,True,6.778084934921935e-05,0.9999321699142456
/content/Dataset/Test/Real/real_2569.jpg,1,1,True,0.00042116359691135585,0.9995788931846619
/content/Dataset/Test/Real/real_257.jpg,1,1,True,0.0010626206640154123,0.9989374279975891
/content/Dataset/Test/Real/real_2570.jpg,1,1,True,6.235885393834906e-06,0.9999938011169434
/content/Dataset/Test/Real/real_2571.jpg,1,0,False,0.9140034914016724,0.08599646389484406
/content/Dataset/Test/Real/real_2572.jpg,1,1,True,0.0001676589745329693,0.999832272529602
/content/Dataset/Test/Real/real_2573.jpg,1,1,True,3.0122337193461135e-06,0.9999970197677612
/content/Dataset/Test/Real/real_2574.jpg,1,1,True,3.260292942286469e-05,0.9999673366546631
/content/Dataset/Test/Real/real_2575.jpg,1,1,True,1.955273728526663e-05,0.9999804496765137
/content/Dataset/Test/Real/real_2576.jpg,1,1,True,1.6422607131971745e-06,0.9999983310699463
/content/Dataset/Test/Real/real_2577.jpg,1,0,False,0.7270638942718506,0.272936075925827
/content/Dataset/Test/Real/real_2578.jpg,1,0,False,0.8103944659233093,0.1896055042743683
/content/Dataset/Test/Real/real_2579.jpg,1,1,True,0.11352705210447311,0.8864728808403015
/content/Dataset/Test/Real/real_258.jpg,1,1,True,1.881991806840233e-06,0.9999980926513672
/content/Dataset/Test/Real/real_2580.jpg,1,1,True,0.004350508097559214,0.995649516582489
/content/Dataset/Test/Real/real_2581.jpg,1,1,True,1.5921594240353443e-05,0.9999840259552002
/content/Dataset/Test/Real/real_2582.jpg,1,1,True,0.000304457382299006,0.9996955394744873
/content/Dataset/Test/Real/real_2583.jpg,1,1,True,2.2306101072899764e-06,0.9999977350234985
/content/Dataset/Test/Real/real_2584.jpg,1,1,True,9.15486307349056e-05,0.999908447265625
/content/Dataset/Test/Real/real_2585.jpg,1,1,True,0.0877678394317627,0.9122321605682373
/content/Dataset/Test/Real/real_2586.jpg,1,1,True,2.9628377888002433e-05,0.9999703168869019
/content/Dataset/Test/Real/real_2587.jpg,1,1,True,4.7917528718244284e-06,0.999995231628418
/content/Dataset/Test/Real/real_2588.jpg,1,0,False,0.8911993503570557,0.10880068689584732
/content/Dataset/Test/Real/real_2589.jpg,1,1,True,4.657938745822321e-07,0.9999995231628418
/content/Dataset/Test/Real/real_259.jpg,1,1,True,2.0236575437593274e-05,0.9999797344207764
/content/Dataset/Test/Real/real_2590.jpg,1,1,True,0.0024944511242210865,0.9975056052207947
/content/Dataset/Test/Real/real_2591.jpg,1,1,True,0.022263847291469574,0.9777361750602722
/content/Dataset/Test/Real/real_2592.jpg,1,1,True,2.027662230830174e-05,0.9999797344207764
/content/Dataset/Test/Real/real_2593.jpg,1,1,True,0.00030907560721971095,0.9996908903121948
/content/Dataset/Test/Real/real_2594.jpg,1,1,True,0.00037672658800147474,0.9996232986450195
/content/Dataset/Test/Real/real_2595.jpg,1,1,True,2.5377562451467384e-06,0.9999974966049194
/content/Dataset/Test/Real/real_2596.jpg,1,1,True,1.1664162684610346e-06,0.9999988079071045
/content/Dataset/Test/Real/real_2597.jpg,1,1,True,3.5205741824029246e-06,0.9999964237213135
/content/Dataset/Test/Real/real_2598.jpg,1,1,True,4.440557859197725e-06,0.9999955892562866
/content/Dataset/Test/Real/real_2599.jpg,1,1,True,0.0005889410385861993,0.9994111061096191
/content/Dataset/Test/Real/real_26.jpg,1,1,True,0.00018992573313880712,0.9998100399971008
/content/Dataset/Test/Real/real_260.jpg,1,1,True,5.597116251010448e-05,0.9999439716339111
/content/Dataset/Test/Real/real_2600.jpg,1,1,True,0.00641990639269352,0.9935801029205322
/content/Dataset/Test/Real/real_2601.jpg,1,1,True,0.0193267110735178,0.9806733131408691
/content/Dataset/Test/Real/real_2602.jpg,1,1,True,1.7502256923762616e-06,0.9999982118606567
/content/Dataset/Test/Real/real_2603.jpg,1,1,True,0.00018304602417629212,0.9998169541358948
/content/Dataset/Test/Real/real_2604.jpg,1,1,True,0.0004323235189076513,0.9995676875114441
/content/Dataset/Test/Real/real_2605.jpg,1,1,True,8.294607687275857e-05,0.9999170303344727
/content/Dataset/Test/Real/real_2606.jpg,1,1,True,0.0036561971064656973,0.9963437914848328
/content/Dataset/Test/Real/real_2607.jpg,1,1,True,8.117692686937517e-07,0.9999991655349731
/content/Dataset/Test/Real/real_2608.jpg,1,1,True,6.639638741035014e-05,0.9999336004257202
/content/Dataset/Test/Real/real_2609.jpg,1,1,True,5.218544174567796e-05,0.9999477863311768
/content/Dataset/Test/Real/real_261.jpg,1,1,True,1.5515996665271814e-06,0.9999984502792358
/content/Dataset/Test/Real/real_2610.jpg,1,1,True,4.079027348780073e-05,0.9999592304229736
/content/Dataset/Test/Real/real_2611.jpg,1,1,True,0.00016766073531471193,0.999832272529602
/content/Dataset/Test/Real/real_2612.jpg,1,1,True,1.6896903616725467e-05,0.9999830722808838
/content/Dataset/Test/Real/real_2613.jpg,1,1,True,0.013834668323397636,0.9861652851104736
/content/Dataset/Test/Real/real_2614.jpg,1,1,True,0.08029767125844955,0.9197023510932922
/content/Dataset/Test/Real/real_2615.jpg,1,1,True,4.143203113926575e-06,0.9999958276748657
/content/Dataset/Test/Real/real_2616.jpg,1,1,True,0.0005940358969382942,0.9994059801101685
/content/Dataset/Test/Real/real_2617.jpg,1,1,True,0.00030242479988373816,0.9996975660324097
/content/Dataset/Test/Real/real_2618.jpg,1,1,True,0.00010030016710516065,0.9998997449874878
/content/Dataset/Test/Real/real_2619.jpg,1,1,True,1.8144098703487543e-06,0.9999982118606567
/content/Dataset/Test/Real/real_262.jpg,1,1,True,0.08361929655075073,0.916380763053894
/content/Dataset/Test/Real/real_2620.jpg,1,1,True,0.00022122918744571507,0.9997788071632385
/content/Dataset/Test/Real/real_2621.jpg,1,1,True,0.008343152701854706,0.9916568994522095
/content/Dataset/Test/Real/real_2622.jpg,1,1,True,0.0002667602966539562,0.9997332692146301
/content/Dataset/Test/Real/real_2623.jpg,1,1,True,0.0014256909489631653,0.9985742568969727
/content/Dataset/Test/Real/real_2624.jpg,1,1,True,2.1224107058515074e-06,0.9999978542327881
/content/Dataset/Test/Real/real_2625.jpg,1,1,True,2.896591649914626e-05,0.9999710321426392
/content/Dataset/Test/Real/real_2626.jpg,1,1,True,0.0168964471668005,0.9831035137176514
/content/Dataset/Test/Real/real_2627.jpg,1,1,True,8.042122499318793e-05,0.9999195337295532
/content/Dataset/Test/Real/real_2628.jpg,1,1,True,0.0003596859169192612,0.9996403455734253
/content/Dataset/Test/Real/real_2629.jpg,1,1,True,0.05830296874046326,0.9416970610618591
/content/Dataset/Test/Real/real_263.jpg,1,1,True,0.3170929551124573,0.6829070448875427
/content/Dataset/Test/Real/real_2630.jpg,1,1,True,0.00014945912698749453,0.9998505115509033
/content/Dataset/Test/Real/real_2631.jpg,1,1,True,3.6789249861612916e-05,0.9999631643295288
/content/Dataset/Test/Real/real_2632.jpg,1,1,True,0.00015019085549283773,0.999849796295166
/content/Dataset/Test/Real/real_2633.jpg,1,1,True,5.1846823225787375e-06,0.9999948740005493
/content/Dataset/Test/Real/real_2634.jpg,1,1,True,0.15226998925209045,0.8477299809455872
/content/Dataset/Test/Real/real_2635.jpg,1,1,True,1.7859132640296593e-05,0.9999821186065674
/content/Dataset/Test/Real/real_2636.jpg,1,1,True,7.992624887265265e-06,0.9999920129776001
/content/Dataset/Test/Real/real_2637.jpg,1,1,True,0.0014307827223092318,0.9985692501068115
/content/Dataset/Test/Real/real_2638.jpg,1,1,True,0.013086258433759212,0.9869137406349182
/content/Dataset/Test/Real/real_2639.jpg,1,1,True,0.14547646045684814,0.8545235395431519
/content/Dataset/Test/Real/real_264.jpg,1,1,True,0.00026897501084022224,0.9997310042381287
/content/Dataset/Test/Real/real_2640.jpg,1,1,True,0.0008606246556155384,0.9991393089294434
/content/Dataset/Test/Real/real_2641.jpg,1,1,True,5.6733490055194125e-05,0.9999432563781738
/content/Dataset/Test/Real/real_2642.jpg,1,1,True,0.0010554211912676692,0.9989445805549622
/content/Dataset/Test/Real/real_2643.jpg,1,1,True,1.2959467312612105e-06,0.9999986886978149
/content/Dataset/Test/Real/real_2644.jpg,1,1,True,7.729854405624792e-05,0.9999227523803711
/content/Dataset/Test/Real/real_2645.jpg,1,1,True,3.993670907220803e-05,0.9999600648880005
/content/Dataset/Test/Real/real_2646.jpg,1,1,True,0.00027422397397458553,0.9997257590293884
/content/Dataset/Test/Real/real_2647.jpg,1,1,True,0.0004119423101656139,0.9995880722999573
/content/Dataset/Test/Real/real_2648.jpg,1,0,False,0.9888588190078735,0.011141134425997734
/content/Dataset/Test/Real/real_2649.jpg,1,1,True,9.495952690485865e-05,0.999904990196228
/content/Dataset/Test/Real/real_265.jpg,1,1,True,5.418081059360702e-07,0.9999994039535522
/content/Dataset/Test/Real/real_2650.jpg,1,1,True,0.00015763816190883517,0.9998422861099243
/content/Dataset/Test/Real/real_2651.jpg,1,1,True,6.787166057620198e-05,0.9999321699142456
/content/Dataset/Test/Real/real_2652.jpg,1,1,True,0.000126225539133884,0.9998737573623657
/content/Dataset/Test/Real/real_2653.jpg,1,1,True,9.43359100347152e-06,0.9999905824661255
/content/Dataset/Test/Real/real_2654.jpg,1,1,True,0.0013642656849697232,0.9986357092857361
/content/Dataset/Test/Real/real_2655.jpg,1,1,True,0.002447134582325816,0.9975529313087463
/content/Dataset/Test/Real/real_2656.jpg,1,1,True,7.693012776144315e-06,0.9999922513961792
/content/Dataset/Test/Real/real_2657.jpg,1,0,False,0.5767955183982849,0.4232044517993927
/content/Dataset/Test/Real/real_2658.jpg,1,1,True,0.05525963380932808,0.9447404146194458
/content/Dataset/Test/Real/real_2659.jpg,1,1,True,2.442231561872177e-06,0.999997615814209
/content/Dataset/Test/Real/real_266.jpg,1,1,True,2.686992047529202e-06,0.9999972581863403
/content/Dataset/Test/Real/real_2660.jpg,1,1,True,2.4155902792699635e-05,0.9999758005142212
/content/Dataset/Test/Real/real_2661.jpg,1,0,False,0.9187055826187134,0.08129441738128662
/content/Dataset/Test/Real/real_2662.jpg,1,1,True,0.0006621172651648521,0.9993378520011902
/content/Dataset/Test/Real/real_2663.jpg,1,0,False,0.9752301573753357,0.02476978488266468
/content/Dataset/Test/Real/real_2664.jpg,1,1,True,1.037960601024679e-06,0.999998927116394
/content/Dataset/Test/Real/real_2665.jpg,1,1,True,2.0328334358055145e-05,0.9999796152114868
/content/Dataset/Test/Real/real_2666.jpg,1,1,True,9.813393990043551e-05,0.9999018907546997
/content/Dataset/Test/Real/real_2667.jpg,1,1,True,0.004183550830930471,0.9958164095878601
/content/Dataset/Test/Real/real_2668.jpg,1,1,True,0.009038669057190418,0.9909613728523254
/content/Dataset/Test/Real/real_2669.jpg,1,1,True,0.0014043233823031187,0.998595654964447
/content/Dataset/Test/Real/real_267.jpg,1,1,True,1.2183296348666772e-05,0.9999878406524658
/content/Dataset/Test/Real/real_2670.jpg,1,1,True,4.595795689965598e-05,0.9999539852142334
/content/Dataset/Test/Real/real_2671.jpg,1,1,True,2.555574246798642e-05,0.9999744892120361
/content/Dataset/Test/Real/real_2672.jpg,1,1,True,0.0002208877558587119,0.9997791647911072
/content/Dataset/Test/Real/real_2673.jpg,1,1,True,0.0001855899317888543,0.9998144507408142
/content/Dataset/Test/Real/real_2674.jpg,1,1,True,0.08582606166601181,0.9141739010810852
/content/Dataset/Test/Real/real_2675.jpg,1,1,True,4.875464583165012e-05,0.9999512434005737
/content/Dataset/Test/Real/real_2676.jpg,1,1,True,0.0008487800369039178,0.9991512298583984
/content/Dataset/Test/Real/real_2677.jpg,1,1,True,2.552429577917792e-05,0.9999744892120361
/content/Dataset/Test/Real/real_2678.jpg,1,1,True,2.946017775684595e-05,0.999970555305481
/content/Dataset/Test/Real/real_2679.jpg,1,1,True,2.9748649467364885e-05,0.9999701976776123
/content/Dataset/Test/Real/real_268.jpg,1,1,True,0.036502234637737274,0.9634978175163269
/content/Dataset/Test/Real/real_2680.jpg,1,1,True,0.017271583899855614,0.9827284216880798
/content/Dataset/Test/Real/real_2681.jpg,1,1,True,1.6543866877327673e-05,0.9999834299087524
/content/Dataset/Test/Real/real_2682.jpg,1,1,True,2.286804829054745e-06,0.9999977350234985
/content/Dataset/Test/Real/real_2683.jpg,1,1,True,1.8195024722444941e-06,0.9999982118606567
/content/Dataset/Test/Real/real_2684.jpg,1,1,True,0.00047419907059520483,0.999525785446167
/content/Dataset/Test/Real/real_2685.jpg,1,1,True,7.679116242798045e-05,0.9999232292175293
/content/Dataset/Test/Real/real_2686.jpg,1,1,True,0.0008445095736533403,0.9991555213928223
/content/Dataset/Test/Real/real_2687.jpg,1,1,True,0.0002571402583271265,0.9997428059577942
/content/Dataset/Test/Real/real_2688.jpg,1,1,True,0.019872747361660004,0.980127215385437
/content/Dataset/Test/Real/real_2689.jpg,1,1,True,2.517927532608155e-05,0.9999748468399048
/content/Dataset/Test/Real/real_269.jpg,1,1,True,3.236243355786428e-05,0.9999676942825317
/content/Dataset/Test/Real/real_2690.jpg,1,1,True,0.0017560198903083801,0.998244047164917
/content/Dataset/Test/Real/real_2691.jpg,1,1,True,0.05318266898393631,0.9468172788619995
/content/Dataset/Test/Real/real_2692.jpg,1,1,True,0.00048414550838060677,0.9995158910751343
/content/Dataset/Test/Real/real_2693.jpg,1,1,True,4.55025838164147e-05,0.9999544620513916
/content/Dataset/Test/Real/real_2694.jpg,1,1,True,7.326972263399512e-05,0.9999266862869263
/content/Dataset/Test/Real/real_2695.jpg,1,1,True,8.429617537331069e-07,0.9999991655349731
/content/Dataset/Test/Real/real_2696.jpg,1,1,True,6.313623089226894e-06,0.9999936819076538
/content/Dataset/Test/Real/real_2697.jpg,1,0,False,0.895545244216919,0.10445474088191986
/content/Dataset/Test/Real/real_2698.jpg,1,1,True,0.4469555616378784,0.5530444383621216
/content/Dataset/Test/Real/real_2699.jpg,1,1,True,0.0005631772801280022,0.9994367957115173
/content/Dataset/Test/Real/real_27.jpg,1,1,True,0.0060896119102835655,0.9939104318618774
/content/Dataset/Test/Real/real_270.jpg,1,1,True,2.7088386559626088e-05,0.999972939491272
/content/Dataset/Test/Real/real_2700.jpg,1,1,True,0.014407848007977009,0.9855921268463135
/content/Dataset/Test/Real/real_2701.jpg,1,1,True,1.4196643860486802e-05,0.9999858140945435
/content/Dataset/Test/Real/real_2702.jpg,1,1,True,0.0194451492279768,0.9805548787117004
/content/Dataset/Test/Real/real_2703.jpg,1,1,True,0.00010645820293575525,0.9998935461044312
/content/Dataset/Test/Real/real_2704.jpg,1,1,True,0.07157952338457108,0.9284204840660095
/content/Dataset/Test/Real/real_2705.jpg,1,1,True,0.004084563348442316,0.9959154725074768
/content/Dataset/Test/Real/real_2706.jpg,1,1,True,0.0001074531173799187,0.9998925924301147
/content/Dataset/Test/Real/real_2707.jpg,1,1,True,9.834471939029754e-07,0.9999990463256836
/content/Dataset/Test/Real/real_2708.jpg,1,1,True,4.471523880056338e-06,0.9999954700469971
/content/Dataset/Test/Real/real_2709.jpg,1,1,True,6.76988975101267e-06,0.9999932050704956
/content/Dataset/Test/Real/real_271.jpg,1,1,True,1.2800199328921735e-05,0.9999872446060181
/content/Dataset/Test/Real/real_2710.jpg,1,1,True,1.8164742868975736e-05,0.9999818801879883
/content/Dataset/Test/Real/real_2711.jpg,1,1,True,4.199352042633109e-05,0.9999580383300781
/content/Dataset/Test/Real/real_2712.jpg,1,1,True,1.0623912203300279e-05,0.99998939037323
/content/Dataset/Test/Real/real_2713.jpg,1,1,True,0.17846111953258514,0.8215389251708984
/content/Dataset/Test/Real/real_2714.jpg,1,1,True,6.289404609560734e-06,0.9999936819076538
/content/Dataset/Test/Real/real_2715.jpg,1,1,True,1.124577465816401e-05,0.9999887943267822
/content/Dataset/Test/Real/real_2716.jpg,1,1,True,2.824137482093647e-06,0.9999971389770508
/content/Dataset/Test/Real/real_2717.jpg,1,1,True,9.556451550452039e-05,0.9999043941497803
/content/Dataset/Test/Real/real_2718.jpg,1,0,False,0.8357272148132324,0.16427278518676758
/content/Dataset/Test/Real/real_2719.jpg,1,1,True,0.017171526327729225,0.9828284382820129
/content/Dataset/Test/Real/real_272.jpg,1,1,True,0.00901360809803009,0.9909864068031311
/content/Dataset/Test/Real/real_2720.jpg,1,1,True,0.000707063649315387,0.9992929697036743
/content/Dataset/Test/Real/real_2721.jpg,1,1,True,3.5576670143200317e-06,0.9999964237213135
/content/Dataset/Test/Real/real_2722.jpg,1,1,True,0.00012994580902159214,0.9998700618743896
/content/Dataset/Test/Real/real_2723.jpg,1,1,True,0.03468276932835579,0.9653172492980957
/content/Dataset/Test/Real/real_2724.jpg,1,1,True,0.006593787111341953,0.9934061765670776
/content/Dataset/Test/Real/real_2725.jpg,1,1,True,0.0006028621573932469,0.9993971586227417
/content/Dataset/Test/Real/real_2726.jpg,1,1,True,1.234228147950489e-05,0.9999876022338867
/content/Dataset/Test/Real/real_2727.jpg,1,1,True,0.00035144263529218733,0.9996485710144043
/content/Dataset/Test/Real/real_2728.jpg,1,1,True,0.002085622865706682,0.9979143738746643
/content/Dataset/Test/Real/real_2729.jpg,1,1,True,0.00011109785555163398,0.9998888969421387
/content/Dataset/Test/Real/real_273.jpg,1,1,True,0.00021696111070923507,0.9997830986976624
/content/Dataset/Test/Real/real_2730.jpg,1,1,True,1.8778160665533505e-05,0.999981164932251
/content/Dataset/Test/Real/real_2731.jpg,1,1,True,1.3809080883220304e-05,0.9999861717224121
/content/Dataset/Test/Real/real_2732.jpg,1,0,False,0.9998741149902344,0.00012582597264554352
/content/Dataset/Test/Real/real_2733.jpg,1,1,True,2.6604038794175722e-05,0.9999734163284302
/content/Dataset/Test/Real/real_2734.jpg,1,1,True,0.0008618658757768571,0.9991381168365479
/content/Dataset/Test/Real/real_2735.jpg,1,0,False,0.9974068999290466,0.0025930404663085938
/content/Dataset/Test/Real/real_2736.jpg,1,1,True,0.18013989925384521,0.81986004114151
/content/Dataset/Test/Real/real_2737.jpg,1,1,True,2.7102394597022794e-05,0.999972939491272
/content/Dataset/Test/Real/real_2738.jpg,1,1,True,1.698938490335422e-06,0.9999983310699463
/content/Dataset/Test/Real/real_2739.jpg,1,1,True,4.346171044744551e-05,0.999956488609314
/content/Dataset/Test/Real/real_274.jpg,1,1,True,0.09190186858177185,0.9080981016159058
/content/Dataset/Test/Real/real_2740.jpg,1,1,True,0.004917507991194725,0.9950824975967407
/content/Dataset/Test/Real/real_2741.jpg,1,1,True,0.07426434010267258,0.9257356524467468
/content/Dataset/Test/Real/real_2742.jpg,1,1,True,0.0021453408990055323,0.9978546500205994
/content/Dataset/Test/Real/real_2743.jpg,1,0,False,0.9159409999847412,0.08405899256467819
/content/Dataset/Test/Real/real_2744.jpg,1,1,True,0.000784012780059129,0.9992159605026245
/content/Dataset/Test/Real/real_2745.jpg,1,1,True,2.580819000286283e-06,0.9999973773956299
/content/Dataset/Test/Real/real_2746.jpg,1,0,False,0.8011406660079956,0.1988592892885208
/content/Dataset/Test/Real/real_2747.jpg,1,1,True,0.0010718165431171656,0.9989281296730042
/content/Dataset/Test/Real/real_2748.jpg,1,1,True,8.272677973764075e-07,0.9999991655349731
/content/Dataset/Test/Real/real_2749.jpg,1,1,True,0.00011717169400071725,0.9998828172683716
/content/Dataset/Test/Real/real_275.jpg,1,0,False,0.6213836073875427,0.3786163926124573
/content/Dataset/Test/Real/real_2750.jpg,1,1,True,0.41243964433670044,0.5875604152679443
/content/Dataset/Test/Real/real_2751.jpg,1,1,True,0.008156534284353256,0.9918434023857117
/content/Dataset/Test/Real/real_2752.jpg,1,0,False,0.8437846899032593,0.15621532499790192
/content/Dataset/Test/Real/real_2753.jpg,1,1,True,9.92793411569437e-06,0.9999901056289673
/content/Dataset/Test/Real/real_2754.jpg,1,1,True,1.6101548681035638e-05,0.9999839067459106
/content/Dataset/Test/Real/real_2755.jpg,1,1,True,0.35798415541648865,0.642015814781189
/content/Dataset/Test/Real/real_2756.jpg,1,1,True,1.3461094567901455e-05,0.9999865293502808
/content/Dataset/Test/Real/real_2757.jpg,1,1,True,5.726853123633191e-05,0.9999427795410156
/content/Dataset/Test/Real/real_2758.jpg,1,0,False,0.5351419448852539,0.4648580849170685
/content/Dataset/Test/Real/real_2759.jpg,1,1,True,0.45127373933792114,0.5487262606620789
/content/Dataset/Test/Real/real_276.jpg,1,1,True,5.531472197617404e-06,0.9999945163726807
/content/Dataset/Test/Real/real_2760.jpg,1,0,False,0.7017491459846497,0.29825082421302795
/content/Dataset/Test/Real/real_2761.jpg,1,1,True,2.015869085880695e-06,0.9999979734420776
/content/Dataset/Test/Real/real_2762.jpg,1,1,True,0.002134013222530484,0.9978659749031067
/content/Dataset/Test/Real/real_2763.jpg,1,1,True,0.0029262492898851633,0.997073769569397
/content/Dataset/Test/Real/real_2764.jpg,1,1,True,0.2932816445827484,0.706718385219574
/content/Dataset/Test/Real/real_2765.jpg,1,1,True,1.9240851543145254e-05,0.9999808073043823
/content/Dataset/Test/Real/real_2766.jpg,1,1,True,0.00011925239232368767,0.9998807907104492
/content/Dataset/Test/Real/real_2767.jpg,1,1,True,0.00045416198554448783,0.9995457530021667
/content/Dataset/Test/Real/real_2768.jpg,1,1,True,1.322301341133425e-05,0.9999867677688599
/content/Dataset/Test/Real/real_2769.jpg,1,1,True,3.566917439457029e-05,0.9999643564224243
/content/Dataset/Test/Real/real_277.jpg,1,1,True,2.201064262408181e-06,0.9999978542327881
/content/Dataset/Test/Real/real_2770.jpg,1,1,True,4.4919081119587645e-05,0.9999550580978394
/content/Dataset/Test/Real/real_2771.jpg,1,1,True,0.018325168639421463,0.98167484998703
/content/Dataset/Test/Real/real_2772.jpg,1,1,True,4.687703494710149e-06,0.9999953508377075
/content/Dataset/Test/Real/real_2773.jpg,1,1,True,1.4687907423649449e-05,0.9999853372573853
/content/Dataset/Test/Real/real_2774.jpg,1,1,True,2.455340654705651e-05,0.9999754428863525
/content/Dataset/Test/Real/real_2775.jpg,1,1,True,1.0780388493003557e-06,0.999998927116394
/content/Dataset/Test/Real/real_2776.jpg,1,1,True,8.013385013327934e-06,0.9999920129776001
/content/Dataset/Test/Real/real_2777.jpg,1,1,True,0.01144815981388092,0.9885518550872803
/content/Dataset/Test/Real/real_2778.jpg,1,1,True,9.179812877846416e-06,0.9999908208847046
/content/Dataset/Test/Real/real_2779.jpg,1,1,True,1.5921124941087328e-05,0.9999840259552002
/content/Dataset/Test/Real/real_278.jpg,1,1,True,3.2589264264970552e-06,0.9999967813491821
/content/Dataset/Test/Real/real_2780.jpg,1,1,True,7.727805495960638e-05,0.9999227523803711
/content/Dataset/Test/Real/real_2781.jpg,1,1,True,0.00045221438631415367,0.9995477795600891
/content/Dataset/Test/Real/real_2782.jpg,1,1,True,0.0003192736185155809,0.999680757522583
/content/Dataset/Test/Real/real_2783.jpg,1,1,True,5.747981504100608e-06,0.9999942779541016
/content/Dataset/Test/Real/real_2784.jpg,1,1,True,3.377794928383082e-05,0.9999662637710571
/content/Dataset/Test/Real/real_2785.jpg,1,1,True,0.0007337745628319681,0.9992662072181702
/content/Dataset/Test/Real/real_2786.jpg,1,0,False,0.9938954710960388,0.0061044842004776
/content/Dataset/Test/Real/real_2787.jpg,1,1,True,0.46624958515167236,0.5337504148483276
/content/Dataset/Test/Real/real_2788.jpg,1,1,True,0.09579070657491684,0.9042092561721802
/content/Dataset/Test/Real/real_2789.jpg,1,1,True,0.005253170151263475,0.9947468638420105
/content/Dataset/Test/Real/real_279.jpg,1,1,True,1.0510902029636782e-05,0.9999895095825195
/content/Dataset/Test/Real/real_2790.jpg,1,1,True,1.9404481008677976e-06,0.9999980926513672
/content/Dataset/Test/Real/real_2791.jpg,1,1,True,4.141804311075248e-06,0.9999958276748657
/content/Dataset/Test/Real/real_2792.jpg,1,1,True,4.958358204021351e-06,0.9999949932098389
/content/Dataset/Test/Real/real_2793.jpg,1,1,True,0.00011586850450839847,0.9998841285705566
/content/Dataset/Test/Real/real_2794.jpg,1,0,False,0.9653767943382263,0.034623172134160995
/content/Dataset/Test/Real/real_2795.jpg,1,1,True,0.011662861332297325,0.9883370995521545
/content/Dataset/Test/Real/real_2796.jpg,1,1,True,2.479872364347102e-06,0.9999974966049194
/content/Dataset/Test/Real/real_2797.jpg,1,1,True,4.165849986748071e-06,0.9999958276748657
/content/Dataset/Test/Real/real_2798.jpg,1,1,True,0.0031803587917238474,0.9968196153640747
/content/Dataset/Test/Real/real_2799.jpg,1,1,True,0.00030223833164200187,0.9996978044509888
/content/Dataset/Test/Real/real_28.jpg,1,1,True,3.3708794944686815e-05,0.9999662637710571
/content/Dataset/Test/Real/real_280.jpg,1,1,True,7.061355063342489e-06,0.9999929666519165
/content/Dataset/Test/Real/real_2800.jpg,1,1,True,0.00020142970606684685,0.999798595905304
/content/Dataset/Test/Real/real_2801.jpg,1,0,False,0.5887506008148193,0.41124942898750305
/content/Dataset/Test/Real/real_2802.jpg,1,1,True,0.013703985139727592,0.9862959980964661
/content/Dataset/Test/Real/real_2803.jpg,1,1,True,1.4168645066092722e-05,0.9999858140945435
/content/Dataset/Test/Real/real_2804.jpg,1,1,True,0.004336248151957989,0.9956637024879456
/content/Dataset/Test/Real/real_2805.jpg,1,1,True,1.4636338164564222e-05,0.9999853372573853
/content/Dataset/Test/Real/real_2806.jpg,1,1,True,0.04746215045452118,0.9525377750396729
/content/Dataset/Test/Real/real_2807.jpg,1,1,True,1.0053154255729169e-05,0.9999899864196777
/content/Dataset/Test/Real/real_2808.jpg,1,1,True,3.165970383633976e-06,0.9999967813491821
/content/Dataset/Test/Real/real_2809.jpg,1,1,True,9.031032845996378e-07,0.9999990463256836
/content/Dataset/Test/Real/real_281.jpg,1,1,True,0.008700340054929256,0.9912996888160706
/content/Dataset/Test/Real/real_2810.jpg,1,1,True,3.535372161422856e-05,0.9999645948410034
/content/Dataset/Test/Real/real_2811.jpg,1,1,True,7.676451787119731e-06,0.9999923706054688
/content/Dataset/Test/Real/real_2812.jpg,1,1,True,8.86879035988386e-07,0.9999991655349731
/content/Dataset/Test/Real/real_2813.jpg,1,1,True,2.0605825739039574e-06,0.9999979734420776
/content/Dataset/Test/Real/real_2814.jpg,1,1,True,2.229436177003663e-06,0.9999977350234985
/content/Dataset/Test/Real/real_2815.jpg,1,1,True,4.7823410568526015e-05,0.9999521970748901
/content/Dataset/Test/Real/real_2816.jpg,1,1,True,3.531455831762287e-06,0.9999964237213135
/content/Dataset/Test/Real/real_2817.jpg,1,1,True,6.484598998213187e-05,0.9999351501464844
/content/Dataset/Test/Real/real_2818.jpg,1,1,True,0.005757330451160669,0.9942426085472107
/content/Dataset/Test/Real/real_2819.jpg,1,1,True,0.00027372949989512563,0.9997262358665466
/content/Dataset/Test/Real/real_282.jpg,1,1,True,0.11779040843248367,0.8822095990180969
/content/Dataset/Test/Real/real_2820.jpg,1,1,True,2.230984364359756e-06,0.9999977350234985
/content/Dataset/Test/Real/real_2821.jpg,1,0,False,0.9932913780212402,0.006708621513098478
/content/Dataset/Test/Real/real_2822.jpg,1,0,False,0.6408328413963318,0.3591671288013458
/content/Dataset/Test/Real/real_2823.jpg,1,1,True,0.02345498651266098,0.9765450358390808
/content/Dataset/Test/Real/real_2824.jpg,1,1,True,2.0005704755021725e-06,0.9999979734420776
/content/Dataset/Test/Real/real_2825.jpg,1,1,True,0.010841435752809048,0.9891586303710938
/content/Dataset/Test/Real/real_2826.jpg,1,1,True,5.6155104175559245e-06,0.9999943971633911
/content/Dataset/Test/Real/real_2827.jpg,1,1,True,5.3895833843853325e-05,0.999946117401123
/content/Dataset/Test/Real/real_2828.jpg,1,1,True,1.935355248861015e-05,0.9999806880950928
/content/Dataset/Test/Real/real_2829.jpg,1,1,True,5.49972610315308e-05,0.9999450445175171
/content/Dataset/Test/Real/real_283.jpg,1,1,True,0.0002469880855642259,0.9997530579566956
/content/Dataset/Test/Real/real_2830.jpg,1,1,True,2.956981916213408e-06,0.9999970197677612
/content/Dataset/Test/Real/real_2831.jpg,1,1,True,3.4578383747430053e-06,0.999996542930603
/content/Dataset/Test/Real/real_2832.jpg,1,1,True,1.0885384654102381e-05,0.9999891519546509
/content/Dataset/Test/Real/real_2833.jpg,1,1,True,0.001020279130898416,0.9989797472953796
/content/Dataset/Test/Real/real_2834.jpg,1,1,True,1.3260367268230766e-05,0.9999867677688599
/content/Dataset/Test/Real/real_2835.jpg,1,1,True,5.388690624386072e-06,0.9999946355819702
/content/Dataset/Test/Real/real_2836.jpg,1,1,True,1.3272689329824061e-06,0.9999986886978149
/content/Dataset/Test/Real/real_2837.jpg,1,1,True,4.001597062597284e-06,0.9999959468841553
/content/Dataset/Test/Real/real_2838.jpg,1,1,True,7.536088378401473e-05,0.9999246597290039
/content/Dataset/Test/Real/real_2839.jpg,1,1,True,0.0009658148046582937,0.9990341663360596
/content/Dataset/Test/Real/real_284.jpg,1,1,True,0.00014849271974526346,0.9998514652252197
/content/Dataset/Test/Real/real_2840.jpg,1,0,False,0.9697957634925842,0.03020424209535122
/content/Dataset/Test/Real/real_2841.jpg,1,1,True,0.0005364029202610254,0.9994636178016663
/content/Dataset/Test/Real/real_2842.jpg,1,1,True,1.9904805412807036e-06,0.9999979734420776
/content/Dataset/Test/Real/real_2843.jpg,1,1,True,2.355337301196414e-06,0.999997615814209
/content/Dataset/Test/Real/real_2844.jpg,1,1,True,5.008702828490641e-06,0.9999949932098389
/content/Dataset/Test/Real/real_2845.jpg,1,1,True,0.003606711747124791,0.9963932633399963
/content/Dataset/Test/Real/real_2846.jpg,1,1,True,2.069229412882123e-05,0.9999792575836182
/content/Dataset/Test/Real/real_2847.jpg,1,1,True,2.368334389757365e-05,0.9999762773513794
/content/Dataset/Test/Real/real_2848.jpg,1,1,True,0.00039230030961334705,0.9996077418327332
/content/Dataset/Test/Real/real_2849.jpg,1,1,True,5.771556516265264e-06,0.9999942779541016
/content/Dataset/Test/Real/real_285.jpg,1,1,True,1.0542314157646615e-05,0.9999895095825195
/content/Dataset/Test/Real/real_2850.jpg,1,1,True,1.1297208402538672e-05,0.9999886751174927
/content/Dataset/Test/Real/real_2851.jpg,1,1,True,4.116106993024005e-06,0.9999958276748657
/content/Dataset/Test/Real/real_2852.jpg,1,0,False,0.9094544649124146,0.09054553508758545
/content/Dataset/Test/Real/real_2853.jpg,1,1,True,8.231610991060734e-05,0.9999176263809204
/content/Dataset/Test/Real/real_2854.jpg,1,1,True,7.601326069561765e-05,0.9999239444732666
/content/Dataset/Test/Real/real_2855.jpg,1,1,True,3.33686489284446e-06,0.9999966621398926
/content/Dataset/Test/Real/real_2856.jpg,1,1,True,0.00018048948550131172,0.9998195767402649
/content/Dataset/Test/Real/real_2857.jpg,1,1,True,5.876797786186216e-06,0.999994158744812
/content/Dataset/Test/Real/real_2858.jpg,1,0,False,0.5227497220039368,0.47725027799606323
/content/Dataset/Test/Real/real_2859.jpg,1,1,True,1.1569634807528928e-05,0.9999884366989136
/content/Dataset/Test/Real/real_286.jpg,1,1,True,0.016321254894137383,0.9836787581443787
/content/Dataset/Test/Real/real_2860.jpg,1,0,False,0.897847592830658,0.10215239226818085
/content/Dataset/Test/Real/real_2861.jpg,1,0,False,0.8651394248008728,0.13486060500144958
/content/Dataset/Test/Real/real_2862.jpg,1,1,True,0.00010766777995740995,0.9998923540115356
/content/Dataset/Test/Real/real_2863.jpg,1,1,True,3.51644735019363e-06,0.999996542930603
/content/Dataset/Test/Real/real_2864.jpg,1,1,True,9.390417108079419e-05,0.999906063079834
/content/Dataset/Test/Real/real_2865.jpg,1,1,True,0.00042806987767107785,0.9995719790458679
/content/Dataset/Test/Real/real_2866.jpg,1,0,False,0.9698329567909241,0.03016699105501175
/content/Dataset/Test/Real/real_2867.jpg,1,1,True,0.25168994069099426,0.7483100295066833
/content/Dataset/Test/Real/real_2868.jpg,1,1,True,0.18369783461093903,0.8163021802902222
/content/Dataset/Test/Real/real_2869.jpg,1,0,False,0.9970663189888,0.0029336430598050356
/content/Dataset/Test/Real/real_287.jpg,1,1,True,0.000607103924266994,0.9993928670883179
/content/Dataset/Test/Real/real_2870.jpg,1,1,True,0.07442180067300797,0.925578236579895
/content/Dataset/Test/Real/real_2871.jpg,1,1,True,3.580863631214015e-05,0.9999642372131348
/content/Dataset/Test/Real/real_2872.jpg,1,1,True,0.000668791588395834,0.9993312358856201
/content/Dataset/Test/Real/real_2873.jpg,1,1,True,3.366283408468007e-06,0.9999966621398926
/content/Dataset/Test/Real/real_2874.jpg,1,1,True,0.00016097670595627278,0.9998389482498169
/content/Dataset/Test/Real/real_2875.jpg,1,1,True,1.4314824738903553e-06,0.9999985694885254
/content/Dataset/Test/Real/real_2876.jpg,1,1,True,0.01911737769842148,0.9808825850486755
/content/Dataset/Test/Real/real_2877.jpg,1,1,True,0.10950427502393723,0.890495777130127
/content/Dataset/Test/Real/real_2878.jpg,1,1,True,0.0005564489401876926,0.9994435906410217
/content/Dataset/Test/Real/real_2879.jpg,1,1,True,3.689739605761133e-05,0.9999630451202393
/content/Dataset/Test/Real/real_288.jpg,1,1,True,0.0001377046573907137,0.9998623132705688
/content/Dataset/Test/Real/real_2880.jpg,1,1,True,2.2873084617458517e-06,0.9999977350234985
/content/Dataset/Test/Real/real_2881.jpg,1,1,True,0.026374002918601036,0.9736260175704956
/content/Dataset/Test/Real/real_2882.jpg,1,1,True,7.897007890278473e-05,0.9999209642410278
/content/Dataset/Test/Real/real_2883.jpg,1,1,True,0.00013953863526694477,0.999860405921936
/content/Dataset/Test/Real/real_2884.jpg,1,0,False,0.994807779788971,0.005192219279706478
/content/Dataset/Test/Real/real_2885.jpg,1,1,True,1.6269763364107348e-05,0.9999837875366211
/content/Dataset/Test/Real/real_2886.jpg,1,1,True,9.243537533620838e-06,0.999990701675415
/content/Dataset/Test/Real/real_2887.jpg,1,1,True,2.1517795175896026e-05,0.9999784231185913
/content/Dataset/Test/Real/real_2888.jpg,1,1,True,2.3467824576073326e-05,0.9999765157699585
/content/Dataset/Test/Real/real_2889.jpg,1,1,True,0.01864820532500744,0.9813517928123474
/content/Dataset/Test/Real/real_289.jpg,1,1,True,2.581173976068385e-05,0.9999741315841675
/content/Dataset/Test/Real/real_2890.jpg,1,1,True,0.27159833908081055,0.7284016013145447
/content/Dataset/Test/Real/real_2891.jpg,1,1,True,0.01657739095389843,0.9834226369857788
/content/Dataset/Test/Real/real_2892.jpg,1,0,False,0.7622606158256531,0.23773933947086334
/content/Dataset/Test/Real/real_2893.jpg,1,1,True,6.3313927967101336e-06,0.9999936819076538
/content/Dataset/Test/Real/real_2894.jpg,1,1,True,1.0805320926010609e-05,0.9999891519546509
/content/Dataset/Test/Real/real_2895.jpg,1,1,True,0.0009179075714200735,0.999082088470459
/content/Dataset/Test/Real/real_2896.jpg,1,1,True,0.0032541798427700996,0.9967458248138428
/content/Dataset/Test/Real/real_2897.jpg,1,1,True,1.1070908840338234e-05,0.9999889135360718
/content/Dataset/Test/Real/real_2898.jpg,1,1,True,7.031578206806444e-06,0.9999929666519165
/content/Dataset/Test/Real/real_2899.jpg,1,1,True,0.0016330034704878926,0.9983670115470886
/content/Dataset/Test/Real/real_29.jpg,1,1,True,0.0001001490672933869,0.9998998641967773
/content/Dataset/Test/Real/real_290.jpg,1,1,True,1.5430792700499296e-05,0.999984622001648
/content/Dataset/Test/Real/real_2900.jpg,1,1,True,3.795239172177389e-05,0.9999620914459229
/content/Dataset/Test/Real/real_2901.jpg,1,1,True,0.0011615609982982278,0.998838484287262
/content/Dataset/Test/Real/real_2902.jpg,1,1,True,3.219632708351128e-05,0.9999678134918213
/content/Dataset/Test/Real/real_2903.jpg,1,1,True,0.0022189090959727764,0.9977810978889465
/content/Dataset/Test/Real/real_2904.jpg,1,1,True,0.0013987320708110929,0.9986012578010559
/content/Dataset/Test/Real/real_2905.jpg,1,1,True,3.8777932786615565e-05,0.999961256980896
/content/Dataset/Test/Real/real_2906.jpg,1,1,True,0.03489154949784279,0.9651084542274475
/content/Dataset/Test/Real/real_2907.jpg,1,1,True,0.0001022667929646559,0.9998977184295654
/content/Dataset/Test/Real/real_2908.jpg,1,1,True,0.011546921916306019,0.9884530901908875
/content/Dataset/Test/Real/real_2909.jpg,1,1,True,1.9947789041907527e-05,0.999980092048645
/content/Dataset/Test/Real/real_291.jpg,1,1,True,0.0008661782485432923,0.9991338849067688
/content/Dataset/Test/Real/real_2910.jpg,1,1,True,0.0012715632328763604,0.9987284541130066
/content/Dataset/Test/Real/real_2911.jpg,1,1,True,1.5453265405085403e-06,0.9999984502792358
/content/Dataset/Test/Real/real_2912.jpg,1,1,True,0.007050106301903725,0.9929499626159668
/content/Dataset/Test/Real/real_2913.jpg,1,1,True,8.360352512681857e-05,0.9999164342880249
/content/Dataset/Test/Real/real_2914.jpg,1,1,True,2.1612893760902807e-05,0.9999784231185913
/content/Dataset/Test/Real/real_2915.jpg,1,1,True,1.555257313157199e-06,0.9999984502792358
/content/Dataset/Test/Real/real_2916.jpg,1,1,True,3.193927796019125e-06,0.9999967813491821
/content/Dataset/Test/Real/real_2917.jpg,1,1,True,3.298760020697955e-06,0.9999966621398926
/content/Dataset/Test/Real/real_2918.jpg,1,1,True,2.8237443530088058e-06,0.9999971389770508
/content/Dataset/Test/Real/real_2919.jpg,1,1,True,0.0028780961874872446,0.9971218705177307
/content/Dataset/Test/Real/real_292.jpg,1,1,True,0.0230904258787632,0.9769095778465271
/content/Dataset/Test/Real/real_2920.jpg,1,1,True,1.0181447578361258e-06,0.999998927116394
/content/Dataset/Test/Real/real_2921.jpg,1,1,True,0.008079367689788342,0.9919205904006958
/content/Dataset/Test/Real/real_2922.jpg,1,1,True,5.11749703946407e-07,0.9999995231628418
/content/Dataset/Test/Real/real_2923.jpg,1,1,True,1.3020246115047485e-05,0.999987006187439
/content/Dataset/Test/Real/real_2924.jpg,1,1,True,0.00949200987815857,0.990507960319519
/content/Dataset/Test/Real/real_2925.jpg,1,1,True,0.02369377203285694,0.9763062596321106
/content/Dataset/Test/Real/real_2926.jpg,1,1,True,0.34373024106025696,0.6562697291374207
/content/Dataset/Test/Real/real_2927.jpg,1,1,True,0.0036947233602404594,0.9963052272796631
/content/Dataset/Test/Real/real_2928.jpg,1,1,True,1.7660231605987065e-05,0.9999823570251465
/content/Dataset/Test/Real/real_2929.jpg,1,1,True,7.625509897479787e-05,0.9999237060546875
/content/Dataset/Test/Real/real_293.jpg,1,1,True,0.005610600113868713,0.9943893551826477
/content/Dataset/Test/Real/real_2930.jpg,1,1,True,1.7411492081009783e-05,0.9999825954437256
/content/Dataset/Test/Real/real_2931.jpg,1,1,True,9.166952622763347e-06,0.9999908208847046
/content/Dataset/Test/Real/real_2932.jpg,1,1,True,0.3612941801548004,0.638705849647522
/content/Dataset/Test/Real/real_2933.jpg,1,1,True,0.00010870787809835747,0.9998912811279297
/content/Dataset/Test/Real/real_2934.jpg,1,1,True,5.15793108206708e-05,0.9999483823776245
/content/Dataset/Test/Real/real_2935.jpg,1,1,True,3.970006218878552e-06,0.9999960660934448
/content/Dataset/Test/Real/real_2936.jpg,1,1,True,5.101921033201506e-06,0.9999948740005493
/content/Dataset/Test/Real/real_2937.jpg,1,1,True,7.948650818434544e-06,0.9999920129776001
/content/Dataset/Test/Real/real_2938.jpg,1,1,True,0.0009068542858585715,0.9990931749343872
/content/Dataset/Test/Real/real_2939.jpg,1,1,True,0.15661117434501648,0.8433887958526611
/content/Dataset/Test/Real/real_294.jpg,1,1,True,7.040415948722512e-05,0.9999295473098755
/content/Dataset/Test/Real/real_2940.jpg,1,1,True,2.809071338560898e-05,0.999971866607666
/content/Dataset/Test/Real/real_2941.jpg,1,1,True,2.5360423023812473e-05,0.9999746084213257
/content/Dataset/Test/Real/real_2942.jpg,1,1,True,0.0001443060755264014,0.999855637550354
/content/Dataset/Test/Real/real_2943.jpg,1,1,True,4.832314971281448e-06,0.9999951124191284
/content/Dataset/Test/Real/real_2944.jpg,1,1,True,3.552716862031957e-06,0.9999964237213135
/content/Dataset/Test/Real/real_2945.jpg,1,1,True,0.000277514016488567,0.999722421169281
/content/Dataset/Test/Real/real_2946.jpg,1,1,True,1.279037769563729e-05,0.9999872446060181
/content/Dataset/Test/Real/real_2947.jpg,1,1,True,6.201601081556873e-06,0.9999938011169434
/content/Dataset/Test/Real/real_2948.jpg,1,1,True,3.1470419799006777e-06,0.9999969005584717
/content/Dataset/Test/Real/real_2949.jpg,1,1,True,7.388871017610654e-05,0.9999260902404785
/content/Dataset/Test/Real/real_295.jpg,1,1,True,1.64506182045443e-05,0.999983549118042
/content/Dataset/Test/Real/real_2950.jpg,1,1,True,0.08114471286535263,0.9188552498817444
/content/Dataset/Test/Real/real_2951.jpg,1,1,True,0.0006555189611390233,0.999344527721405
/content/Dataset/Test/Real/real_2952.jpg,1,1,True,0.0006239993963390589,0.9993759989738464
/content/Dataset/Test/Real/real_2953.jpg,1,1,True,8.15501425677212e-06,0.9999918937683105
/content/Dataset/Test/Real/real_2954.jpg,1,1,True,0.14666061103343964,0.853339433670044
/content/Dataset/Test/Real/real_2955.jpg,1,1,True,0.03819557651877403,0.9618043899536133
/content/Dataset/Test/Real/real_2956.jpg,1,1,True,0.028249431401491165,0.9717506170272827
/content/Dataset/Test/Real/real_2957.jpg,1,1,True,8.338027328136377e-06,0.9999916553497314
/content/Dataset/Test/Real/real_2958.jpg,1,1,True,1.7099762771977112e-05,0.9999829530715942
/content/Dataset/Test/Real/real_2959.jpg,1,1,True,2.0730098185595125e-05,0.9999792575836182
/content/Dataset/Test/Real/real_296.jpg,1,1,True,0.0217969361692667,0.9782031178474426
/content/Dataset/Test/Real/real_2960.jpg,1,1,True,0.01680261455476284,0.9831974506378174
/content/Dataset/Test/Real/real_2961.jpg,1,1,True,5.92308151681209e-06,0.9999940395355225
/content/Dataset/Test/Real/real_2962.jpg,1,1,True,5.340560164768249e-05,0.9999465942382812
/content/Dataset/Test/Real/real_2963.jpg,1,1,True,0.08914731442928314,0.9108526706695557
/content/Dataset/Test/Real/real_2964.jpg,1,1,True,0.00016235576185863465,0.9998376369476318
/content/Dataset/Test/Real/real_2965.jpg,1,1,True,3.2300395105266944e-05,0.9999676942825317
/content/Dataset/Test/Real/real_2966.jpg,1,1,True,3.6023236589244334e-06,0.9999964237213135
/content/Dataset/Test/Real/real_2967.jpg,1,1,True,1.2407653002810548e-06,0.9999988079071045
/content/Dataset/Test/Real/real_2968.jpg,1,1,True,0.0021139304153621197,0.9978861212730408
/content/Dataset/Test/Real/real_2969.jpg,1,1,True,0.0010550663573667407,0.9989449381828308
/content/Dataset/Test/Real/real_297.jpg,1,1,True,9.929799489327706e-06,0.9999901056289673
/content/Dataset/Test/Real/real_2970.jpg,1,0,False,0.9671580791473389,0.032841891050338745
/content/Dataset/Test/Real/real_2971.jpg,1,1,True,0.03132322058081627,0.968676745891571
/content/Dataset/Test/Real/real_2972.jpg,1,1,True,0.00017876476340461522,0.9998212456703186
/content/Dataset/Test/Real/real_2973.jpg,1,1,True,0.4171451926231384,0.5828548073768616
/content/Dataset/Test/Real/real_2974.jpg,1,1,True,0.11743510514497757,0.882564902305603
/content/Dataset/Test/Real/real_2975.jpg,1,1,True,9.158040484180674e-06,0.9999908208847046
/content/Dataset/Test/Real/real_2976.jpg,1,1,True,2.0529412722680718e-05,0.9999794960021973
/content/Dataset/Test/Real/real_2977.jpg,1,1,True,8.972108389571076e-07,0.9999990463256836
/content/Dataset/Test/Real/real_2978.jpg,1,1,True,0.00018689120770432055,0.9998131394386292
/content/Dataset/Test/Real/real_2979.jpg,1,1,True,0.0038447859697043896,0.9961552023887634
/content/Dataset/Test/Real/real_298.jpg,1,1,True,4.707136668002931e-06,0.9999953508377075
/content/Dataset/Test/Real/real_2980.jpg,1,1,True,4.74007492812234e-06,0.999995231628418
/content/Dataset/Test/Real/real_2981.jpg,1,1,True,0.00024037479306571186,0.9997596144676208
/content/Dataset/Test/Real/real_2982.jpg,1,1,True,0.0041016447357833385,0.9958983063697815
/content/Dataset/Test/Real/real_2983.jpg,1,1,True,0.25696802139282227,0.7430319786071777
/content/Dataset/Test/Real/real_2984.jpg,1,1,True,0.026491377502679825,0.9735086560249329
/content/Dataset/Test/Real/real_2985.jpg,1,1,True,0.0031838531140238047,0.9968162178993225
/content/Dataset/Test/Real/real_2986.jpg,1,1,True,0.0022421488538384438,0.9977578520774841
/content/Dataset/Test/Real/real_2987.jpg,1,1,True,0.00015473755775019526,0.9998452663421631
/content/Dataset/Test/Real/real_2988.jpg,1,1,True,3.767857151615317e-06,0.9999961853027344
/content/Dataset/Test/Real/real_2989.jpg,1,1,True,0.00012538509326986969,0.9998745918273926
/content/Dataset/Test/Real/real_299.jpg,1,1,True,1.2068602472936618e-06,0.9999988079071045
/content/Dataset/Test/Real/real_2990.jpg,1,1,True,2.1401222056738334e-06,0.9999978542327881
/content/Dataset/Test/Real/real_2991.jpg,1,1,True,0.0005118496483191848,0.999488115310669
/content/Dataset/Test/Real/real_2992.jpg,1,1,True,9.520535968476906e-06,0.9999904632568359
/content/Dataset/Test/Real/real_2993.jpg,1,1,True,0.03474500775337219,0.9652549624443054
/content/Dataset/Test/Real/real_2994.jpg,1,1,True,3.831450612779008e-06,0.9999961853027344
/content/Dataset/Test/Real/real_2995.jpg,1,1,True,0.0040153320878744125,0.995984673500061
/content/Dataset/Test/Real/real_2996.jpg,1,1,True,0.00021463482698891312,0.9997853636741638
/content/Dataset/Test/Real/real_2997.jpg,1,1,True,7.413917046505958e-06,0.9999926090240479
/content/Dataset/Test/Real/real_2998.jpg,1,1,True,0.00023993173090275377,0.999760091304779
/content/Dataset/Test/Real/real_2999.jpg,1,1,True,0.001511048641987145,0.9984889030456543
/content/Dataset/Test/Real/real_3.jpg,1,1,True,0.15200376510620117,0.8479962348937988
/content/Dataset/Test/Real/real_30.jpg,1,1,True,0.15720932185649872,0.8427906632423401
/content/Dataset/Test/Real/real_300.jpg,1,1,True,1.8334704918743228e-06,0.9999982118606567
/content/Dataset/Test/Real/real_3000.jpg,1,1,True,1.919372607517289e-06,0.9999980926513672
/content/Dataset/Test/Real/real_3001.jpg,1,1,True,1.1851461749756709e-06,0.9999988079071045
/content/Dataset/Test/Real/real_3002.jpg,1,1,True,0.00014631041267421097,0.9998536109924316
/content/Dataset/Test/Real/real_3003.jpg,1,1,True,1.8851907952921465e-05,0.999981164932251
/content/Dataset/Test/Real/real_3004.jpg,1,1,True,0.00021560664754360914,0.9997844099998474
/content/Dataset/Test/Real/real_3005.jpg,1,1,True,0.0002214552223449573,0.9997785687446594
/content/Dataset/Test/Real/real_3006.jpg,1,1,True,2.0040301023982465e-05,0.9999799728393555
/content/Dataset/Test/Real/real_3007.jpg,1,0,False,0.5424981117248535,0.45750191807746887
/content/Dataset/Test/Real/real_3008.jpg,1,1,True,0.0006865998730063438,0.9993133544921875
/content/Dataset/Test/Real/real_3009.jpg,1,1,True,1.8880477000493556e-05,0.999981164932251
/content/Dataset/Test/Real/real_301.jpg,1,1,True,8.70340841174766e-07,0.9999991655349731
/content/Dataset/Test/Real/real_3010.jpg,1,1,True,0.00012594106374308467,0.9998739957809448
/content/Dataset/Test/Real/real_3011.jpg,1,1,True,0.0007996819331310689,0.9992002844810486
/content/Dataset/Test/Real/real_3012.jpg,1,1,True,0.0017566358437761664,0.9982433319091797
/content/Dataset/Test/Real/real_3013.jpg,1,1,True,0.0003418206179048866,0.9996582269668579
/content/Dataset/Test/Real/real_3014.jpg,1,1,True,9.884636710921768e-06,0.9999901056289673
/content/Dataset/Test/Real/real_3015.jpg,1,0,False,0.577316403388977,0.42268362641334534
/content/Dataset/Test/Real/real_3016.jpg,1,1,True,0.00548883993178606,0.9945111274719238
/content/Dataset/Test/Real/real_3017.jpg,1,1,True,0.001531049725599587,0.9984689354896545
/content/Dataset/Test/Real/real_3018.jpg,1,1,True,0.00016257184324786067,0.9998373985290527
/content/Dataset/Test/Real/real_3019.jpg,1,0,False,0.6214454770088196,0.3785545229911804
/content/Dataset/Test/Real/real_302.jpg,1,1,True,0.00016407464863732457,0.9998358488082886
/content/Dataset/Test/Real/real_3020.jpg,1,1,True,0.0012453674571588635,0.998754620552063
/content/Dataset/Test/Real/real_3021.jpg,1,1,True,0.0014583006268367171,0.9985417127609253
/content/Dataset/Test/Real/real_3022.jpg,1,0,False,0.9896267652511597,0.010373182594776154
/content/Dataset/Test/Real/real_3023.jpg,1,1,True,0.0016970849828794599,0.9983029365539551
/content/Dataset/Test/Real/real_3024.jpg,1,1,True,0.0011494423961266875,0.9988505840301514
/content/Dataset/Test/Real/real_3025.jpg,1,0,False,0.8457189798355103,0.15428103506565094
/content/Dataset/Test/Real/real_3026.jpg,1,1,True,2.0357145331217907e-05,0.9999796152114868
/content/Dataset/Test/Real/real_3027.jpg,1,1,True,0.12376490980386734,0.8762351274490356
/content/Dataset/Test/Real/real_3028.jpg,1,1,True,8.936320227803662e-06,0.9999910593032837
/content/Dataset/Test/Real/real_3029.jpg,1,1,True,0.0001267869520233944,0.999873161315918
/content/Dataset/Test/Real/real_303.jpg,1,1,True,2.5601817469578236e-05,0.9999743700027466
/content/Dataset/Test/Real/real_3030.jpg,1,1,True,2.6091251129400916e-05,0.9999738931655884
/content/Dataset/Test/Real/real_3031.jpg,1,0,False,0.607585608959198,0.392414391040802
/content/Dataset/Test/Real/real_3032.jpg,1,1,True,1.101399084291188e-05,0.9999890327453613
/content/Dataset/Test/Real/real_3033.jpg,1,1,True,0.00024392051273025572,0.9997560381889343
/content/Dataset/Test/Real/real_3034.jpg,1,1,True,0.0003527789958752692,0.9996472597122192
/content/Dataset/Test/Real/real_3035.jpg,1,1,True,0.007469366304576397,0.9925306439399719
/content/Dataset/Test/Real/real_3036.jpg,1,1,True,3.1647446121496614e-06,0.9999967813491821
/content/Dataset/Test/Real/real_3037.jpg,1,1,True,0.0001724963658489287,0.99982750415802
/content/Dataset/Test/Real/real_3038.jpg,1,1,True,3.750538098756806e-06,0.9999963045120239
/content/Dataset/Test/Real/real_3039.jpg,1,1,True,2.325211426068563e-05,0.9999767541885376
/content/Dataset/Test/Real/real_304.jpg,1,1,True,0.00019982703088317066,0.9998001456260681
/content/Dataset/Test/Real/real_3040.jpg,1,1,True,0.0019239492248743773,0.9980760812759399
/content/Dataset/Test/Real/real_3041.jpg,1,0,False,0.9626734852790833,0.037326470017433167
/content/Dataset/Test/Real/real_3042.jpg,1,1,True,8.286583761218935e-05,0.9999171495437622
/content/Dataset/Test/Real/real_3043.jpg,1,0,False,0.9100965857505798,0.08990342170000076
/content/Dataset/Test/Real/real_3044.jpg,1,1,True,2.6481511667952873e-06,0.9999973773956299
/content/Dataset/Test/Real/real_3045.jpg,1,1,True,3.7001925647928147e-06,0.9999963045120239
/content/Dataset/Test/Real/real_3046.jpg,1,1,True,0.006040690001100302,0.9939593076705933
/content/Dataset/Test/Real/real_3047.jpg,1,1,True,0.0006980434409342706,0.9993019104003906
/content/Dataset/Test/Real/real_3048.jpg,1,1,True,1.5502271253353683e-06,0.9999984502792358
/content/Dataset/Test/Real/real_3049.jpg,1,1,True,4.386870568851009e-05,0.9999561309814453
/content/Dataset/Test/Real/real_305.jpg,1,1,True,7.543117135355715e-06,0.9999924898147583
/content/Dataset/Test/Real/real_3050.jpg,1,1,True,0.3110499680042267,0.6889500617980957
/content/Dataset/Test/Real/real_3051.jpg,1,1,True,1.0010055120801553e-05,0.9999899864196777
/content/Dataset/Test/Real/real_3052.jpg,1,1,True,0.0013293605297803879,0.9986706972122192
/content/Dataset/Test/Real/real_3053.jpg,1,1,True,1.5766647265991196e-05,0.9999842643737793
/content/Dataset/Test/Real/real_3054.jpg,1,1,True,7.136414205888286e-05,0.9999285936355591
/content/Dataset/Test/Real/real_3055.jpg,1,1,True,1.3596373946711537e-06,0.9999986886978149
/content/Dataset/Test/Real/real_3056.jpg,1,1,True,0.058749131858348846,0.9412509202957153
/content/Dataset/Test/Real/real_3057.jpg,1,1,True,1.2186188769192086e-06,0.9999988079071045
/content/Dataset/Test/Real/real_3058.jpg,1,1,True,1.0481991921551526e-05,0.9999895095825195
/content/Dataset/Test/Real/real_3059.jpg,1,0,False,0.5316433906555176,0.4683566093444824
/content/Dataset/Test/Real/real_306.jpg,1,1,True,4.388560228107963e-06,0.9999955892562866
/content/Dataset/Test/Real/real_3060.jpg,1,1,True,0.4259480834007263,0.5740519165992737
/content/Dataset/Test/Real/real_3061.jpg,1,1,True,0.2417701631784439,0.7582297921180725
/content/Dataset/Test/Real/real_3062.jpg,1,1,True,5.146299031366652e-07,0.9999995231628418
/content/Dataset/Test/Real/real_3063.jpg,1,0,False,0.9890604019165039,0.010939592495560646
/content/Dataset/Test/Real/real_3064.jpg,1,1,True,0.000938692654017359,0.9990612864494324
/content/Dataset/Test/Real/real_3065.jpg,1,1,True,2.84587949863635e-05,0.9999715089797974
/content/Dataset/Test/Real/real_3066.jpg,1,0,False,0.7864997386932373,0.21350030601024628
/content/Dataset/Test/Real/real_3067.jpg,1,1,True,0.0005218483856879175,0.9994781613349915
/content/Dataset/Test/Real/real_3068.jpg,1,1,True,9.522830077912658e-05,0.9999047517776489
/content/Dataset/Test/Real/real_3069.jpg,1,1,True,2.083547951770015e-05,0.9999791383743286
/content/Dataset/Test/Real/real_307.jpg,1,1,True,0.0005662180483341217,0.9994338154792786
/content/Dataset/Test/Real/real_3070.jpg,1,1,True,0.029374882578849792,0.970625102519989
/content/Dataset/Test/Real/real_3071.jpg,1,1,True,0.3131959140300751,0.6868041157722473
/content/Dataset/Test/Real/real_3072.jpg,1,1,True,0.0021510934457182884,0.9978488683700562
/content/Dataset/Test/Real/real_3073.jpg,1,1,True,2.0989764379919507e-06,0.9999978542327881
/content/Dataset/Test/Real/real_3074.jpg,1,1,True,5.668449375662021e-06,0.9999942779541016
/content/Dataset/Test/Real/real_3075.jpg,1,1,True,1.3247764627521974e-06,0.9999986886978149
/content/Dataset/Test/Real/real_3076.jpg,1,1,True,6.6142064270025e-07,0.9999992847442627
/content/Dataset/Test/Real/real_3077.jpg,1,1,True,8.813901331450325e-06,0.9999911785125732
/content/Dataset/Test/Real/real_3078.jpg,1,1,True,2.0821891666855663e-05,0.9999791383743286
/content/Dataset/Test/Real/real_3079.jpg,1,1,True,0.00017631945956964046,0.9998237490653992
/content/Dataset/Test/Real/real_308.jpg,1,1,True,4.0258919398183934e-06,0.9999959468841553
/content/Dataset/Test/Real/real_3080.jpg,1,1,True,0.3200065493583679,0.6799933910369873
/content/Dataset/Test/Real/real_3081.jpg,1,1,True,6.958106678212062e-05,0.9999303817749023
/content/Dataset/Test/Real/real_3082.jpg,1,1,True,5.967498509562574e-06,0.9999940395355225
/content/Dataset/Test/Real/real_3083.jpg,1,1,True,1.1172410268045496e-06,0.999998927116394
/content/Dataset/Test/Real/real_3084.jpg,1,1,True,3.4306151519558625e-06,0.999996542930603
/content/Dataset/Test/Real/real_3085.jpg,1,1,True,0.03677418455481529,0.963225781917572
/content/Dataset/Test/Real/real_3086.jpg,1,0,False,0.9842180013656616,0.015781983733177185
/content/Dataset/Test/Real/real_3087.jpg,1,1,True,3.835859843093203e-06,0.9999961853027344
/content/Dataset/Test/Real/real_3088.jpg,1,0,False,0.7848964333534241,0.21510358154773712
/content/Dataset/Test/Real/real_3089.jpg,1,1,True,5.969469202682376e-05,0.9999402761459351
/content/Dataset/Test/Real/real_309.jpg,1,1,True,3.944408035749802e-06,0.9999960660934448
/content/Dataset/Test/Real/real_3090.jpg,1,1,True,4.337873178883456e-05,0.9999566078186035
/content/Dataset/Test/Real/real_3091.jpg,1,1,True,0.000351606315234676,0.9996483325958252
/content/Dataset/Test/Real/real_3092.jpg,1,1,True,3.0307957786135375e-05,0.9999697208404541
/content/Dataset/Test/Real/real_3093.jpg,1,1,True,0.0002120549324899912,0.9997879862785339
/content/Dataset/Test/Real/real_3094.jpg,1,1,True,0.0011153946397826076,0.9988846182823181
/content/Dataset/Test/Real/real_3095.jpg,1,1,True,3.082091279793531e-05,0.9999691247940063
/content/Dataset/Test/Real/real_3096.jpg,1,1,True,7.859374818508513e-06,0.9999921321868896
/content/Dataset/Test/Real/real_3097.jpg,1,1,True,0.010389462113380432,0.9896105527877808
/content/Dataset/Test/Real/real_3098.jpg,1,1,True,0.22701357305049896,0.7729864120483398
/content/Dataset/Test/Real/real_3099.jpg,1,1,True,0.019341010600328445,0.980659008026123
/content/Dataset/Test/Real/real_31.jpg,1,1,True,0.015343556180596352,0.9846563935279846
/content/Dataset/Test/Real/real_310.jpg,1,1,True,2.535358817112865e-06,0.9999974966049194
/content/Dataset/Test/Real/real_3100.jpg,1,1,True,0.00014709153037983924,0.9998528957366943
/content/Dataset/Test/Real/real_3101.jpg,1,1,True,0.0001255691167898476,0.999874472618103
/content/Dataset/Test/Real/real_3102.jpg,1,1,True,0.12823544442653656,0.871764600276947
/content/Dataset/Test/Real/real_3103.jpg,1,1,True,3.3937871194211766e-05,0.999966025352478
/content/Dataset/Test/Real/real_3104.jpg,1,1,True,0.0002502387505955994,0.9997497200965881
/content/Dataset/Test/Real/real_3105.jpg,1,1,True,0.001089788624085486,0.9989101886749268
/content/Dataset/Test/Real/real_3106.jpg,1,1,True,2.4051638320088387e-05,0.9999759197235107
/content/Dataset/Test/Real/real_3107.jpg,1,1,True,0.0026222302112728357,0.9973777532577515
/content/Dataset/Test/Real/real_3108.jpg,1,1,True,0.0003944189811591059,0.9996055960655212
/content/Dataset/Test/Real/real_3109.jpg,1,0,False,0.6377778053283691,0.36222219467163086
/content/Dataset/Test/Real/real_311.jpg,1,1,True,0.0022494704462587833,0.9977505803108215
/content/Dataset/Test/Real/real_3110.jpg,1,1,True,0.11844228953123093,0.8815577030181885
/content/Dataset/Test/Real/real_3111.jpg,1,1,True,6.531013241328765e-06,0.9999934434890747
/content/Dataset/Test/Real/real_3112.jpg,1,1,True,0.00124195939861238,0.99875807762146
/content/Dataset/Test/Real/real_3113.jpg,1,1,True,1.7291554286202881e-06,0.9999982118606567
/content/Dataset/Test/Real/real_3114.jpg,1,1,True,5.127859026288206e-07,0.9999995231628418
/content/Dataset/Test/Real/real_3115.jpg,1,1,True,4.058575359522365e-05,0.9999594688415527
/content/Dataset/Test/Real/real_3116.jpg,1,1,True,5.500554834725335e-05,0.9999450445175171
/content/Dataset/Test/Real/real_3117.jpg,1,1,True,7.090723102010088e-06,0.9999929666519165
/content/Dataset/Test/Real/real_3118.jpg,1,1,True,0.007153727114200592,0.9928463101387024
/content/Dataset/Test/Real/real_3119.jpg,1,1,True,1.8508240827941336e-05,0.9999815225601196
/content/Dataset/Test/Real/real_312.jpg,1,1,True,0.11748440563678741,0.8825156092643738
/content/Dataset/Test/Real/real_3120.jpg,1,1,True,0.0004523733805399388,0.99954754114151
/content/Dataset/Test/Real/real_3121.jpg,1,0,False,0.6640952825546265,0.33590471744537354
/content/Dataset/Test/Real/real_3122.jpg,1,1,True,0.00030451922793872654,0.9996955394744873
/content/Dataset/Test/Real/real_3123.jpg,1,1,True,0.05076058208942413,0.9492393732070923
/content/Dataset/Test/Real/real_3124.jpg,1,1,True,0.0015868187183514237,0.9984132051467896
/content/Dataset/Test/Real/real_3125.jpg,1,1,True,0.0851258933544159,0.9148741364479065
/content/Dataset/Test/Real/real_3126.jpg,1,1,True,2.315411256859079e-05,0.9999768733978271
/content/Dataset/Test/Real/real_3127.jpg,1,1,True,0.00025157604250125587,0.9997484087944031
/content/Dataset/Test/Real/real_3128.jpg,1,1,True,0.0001376591098960489,0.9998623132705688
/content/Dataset/Test/Real/real_3129.jpg,1,1,True,3.4219367535115452e-06,0.999996542930603
/content/Dataset/Test/Real/real_313.jpg,1,1,True,0.12424253672361374,0.8757573962211609
/content/Dataset/Test/Real/real_3130.jpg,1,1,True,3.2251359698420856e-06,0.9999967813491821
/content/Dataset/Test/Real/real_3131.jpg,1,1,True,1.2615211062438902e-06,0.9999986886978149
/content/Dataset/Test/Real/real_3132.jpg,1,1,True,0.00010312945232726634,0.9998968839645386
/content/Dataset/Test/Real/real_3133.jpg,1,0,False,0.6076669096946716,0.39233309030532837
/content/Dataset/Test/Real/real_3134.jpg,1,1,True,0.015373033471405506,0.9846269488334656
/content/Dataset/Test/Real/real_3135.jpg,1,1,True,0.0007751494995318353,0.9992249011993408
/content/Dataset/Test/Real/real_3136.jpg,1,1,True,0.4152727723121643,0.5847272276878357
/content/Dataset/Test/Real/real_3137.jpg,1,1,True,0.037925973534584045,0.9620739817619324
/content/Dataset/Test/Real/real_3138.jpg,1,1,True,0.0035062178503721952,0.9964937567710876
/content/Dataset/Test/Real/real_3139.jpg,1,1,True,2.9571058348665247e-06,0.9999970197677612
/content/Dataset/Test/Real/real_314.jpg,1,1,True,1.2336598729234538e-06,0.9999988079071045
/content/Dataset/Test/Real/real_3140.jpg,1,1,True,4.178423296252731e-06,0.9999958276748657
/content/Dataset/Test/Real/real_3141.jpg,1,1,True,1.4564481034540222e-06,0.9999985694885254
/content/Dataset/Test/Real/real_3142.jpg,1,1,True,0.0020800032652914524,0.9979199767112732
/content/Dataset/Test/Real/real_3143.jpg,1,1,True,0.1676824688911438,0.8323175311088562
/content/Dataset/Test/Real/real_3144.jpg,1,1,True,2.064849468297325e-05,0.9999793767929077
/content/Dataset/Test/Real/real_3145.jpg,1,1,True,0.005532207433134317,0.9944677352905273
/content/Dataset/Test/Real/real_3146.jpg,1,1,True,5.458859959617257e-06,0.9999945163726807
/content/Dataset/Test/Real/real_3147.jpg,1,1,True,0.00014680119056720287,0.9998531341552734
/content/Dataset/Test/Real/real_3148.jpg,1,1,True,2.3439328288077377e-05,0.9999765157699585
/content/Dataset/Test/Real/real_3149.jpg,1,0,False,0.5264302492141724,0.47356972098350525
/content/Dataset/Test/Real/real_315.jpg,1,0,False,0.8001788258552551,0.19982121884822845
/content/Dataset/Test/Real/real_3150.jpg,1,1,True,0.00012077602877980098,0.9998792409896851
/content/Dataset/Test/Real/real_3151.jpg,1,1,True,0.0005224889609962702,0.9994775652885437
/content/Dataset/Test/Real/real_3152.jpg,1,1,True,1.2431290997483302e-05,0.9999876022338867
/content/Dataset/Test/Real/real_3153.jpg,1,1,True,0.0015022282022982836,0.998497724533081
/content/Dataset/Test/Real/real_3154.jpg,1,1,True,6.384587322827429e-05,0.9999361038208008
/content/Dataset/Test/Real/real_3155.jpg,1,1,True,0.056704744696617126,0.9432953000068665
/content/Dataset/Test/Real/real_3156.jpg,1,1,True,0.06894321739673615,0.9310567378997803
/content/Dataset/Test/Real/real_3157.jpg,1,1,True,5.014520502300002e-05,0.9999498128890991
/content/Dataset/Test/Real/real_3158.jpg,1,1,True,1.3527436522053904e-06,0.9999986886978149
/content/Dataset/Test/Real/real_3159.jpg,1,1,True,0.15991364419460297,0.8400863409042358
/content/Dataset/Test/Real/real_316.jpg,1,1,True,0.011147798039019108,0.9888521432876587
/content/Dataset/Test/Real/real_3160.jpg,1,1,True,0.0028068870306015015,0.9971931576728821
/content/Dataset/Test/Real/real_3161.jpg,1,1,True,1.707859155430924e-05,0.9999829530715942
/content/Dataset/Test/Real/real_3162.jpg,1,1,True,2.7220197807764634e-05,0.9999728202819824
/content/Dataset/Test/Real/real_3163.jpg,1,1,True,1.633600732020568e-06,0.9999983310699463
/content/Dataset/Test/Real/real_3164.jpg,1,1,True,6.095635285419121e-07,0.9999994039535522
/content/Dataset/Test/Real/real_3165.jpg,1,1,True,7.002562142588431e-06,0.9999929666519165
/content/Dataset/Test/Real/real_3166.jpg,1,1,True,1.8985242604685482e-06,0.9999980926513672
/content/Dataset/Test/Real/real_3167.jpg,1,1,True,0.07427643984556198,0.9257235527038574
/content/Dataset/Test/Real/real_3168.jpg,1,1,True,0.0008932805503718555,0.9991067051887512
/content/Dataset/Test/Real/real_3169.jpg,1,1,True,2.506016789993737e-05,0.9999749660491943
/content/Dataset/Test/Real/real_317.jpg,1,1,True,2.711586421355605e-05,0.999972939491272
/content/Dataset/Test/Real/real_3170.jpg,1,1,True,0.14246082305908203,0.857539176940918
/content/Dataset/Test/Real/real_3171.jpg,1,1,True,5.457823590404587e-06,0.9999945163726807
/content/Dataset/Test/Real/real_3172.jpg,1,1,True,0.00031877539004199207,0.9996812343597412
/content/Dataset/Test/Real/real_3173.jpg,1,1,True,6.699250661768019e-05,0.9999330043792725
/content/Dataset/Test/Real/real_3174.jpg,1,0,False,0.8203838467597961,0.17961616814136505
/content/Dataset/Test/Real/real_3175.jpg,1,1,True,0.2198876142501831,0.7801123857498169
/content/Dataset/Test/Real/real_3176.jpg,1,1,True,7.994500629138201e-05,0.9999200105667114
/content/Dataset/Test/Real/real_3177.jpg,1,1,True,0.00022456790611613542,0.9997754693031311
/content/Dataset/Test/Real/real_3178.jpg,1,1,True,2.1878124243812636e-05,0.9999780654907227
/content/Dataset/Test/Real/real_3179.jpg,1,1,True,0.03977600485086441,0.9602239727973938
/content/Dataset/Test/Real/real_318.jpg,1,1,True,1.0607137483020779e-05,0.99998939037323
/content/Dataset/Test/Real/real_3180.jpg,1,1,True,0.11856004595756531,0.8814399838447571
/content/Dataset/Test/Real/real_3181.jpg,1,1,True,5.210789367993129e-06,0.9999947547912598
/content/Dataset/Test/Real/real_3182.jpg,1,1,True,0.00024420671979896724,0.9997557997703552
/content/Dataset/Test/Real/real_3183.jpg,1,0,False,0.6623265147209167,0.3376734256744385
/content/Dataset/Test/Real/real_3184.jpg,1,1,True,2.978035445266869e-05,0.9999701976776123
/content/Dataset/Test/Real/real_3185.jpg,1,1,True,0.0002777752815745771,0.9997221827507019
/content/Dataset/Test/Real/real_3186.jpg,1,1,True,0.008524205535650253,0.9914758205413818
/content/Dataset/Test/Real/real_3187.jpg,1,0,False,0.7078742384910583,0.29212573170661926
/content/Dataset/Test/Real/real_3188.jpg,1,1,True,1.5482738717764732e-06,0.9999984502792358
/content/Dataset/Test/Real/real_3189.jpg,1,1,True,0.003614491317421198,0.9963854551315308
/content/Dataset/Test/Real/real_319.jpg,1,1,True,9.429754186385253e-07,0.9999990463256836
/content/Dataset/Test/Real/real_3190.jpg,1,1,True,1.8683507505556918e-06,0.9999980926513672
/content/Dataset/Test/Real/real_3191.jpg,1,1,True,2.728329945966834e-06,0.9999972581863403
/content/Dataset/Test/Real/real_3192.jpg,1,1,True,0.0029492052271962166,0.9970507621765137
/content/Dataset/Test/Real/real_3193.jpg,1,1,True,4.076355617144145e-05,0.9999592304229736
/content/Dataset/Test/Real/real_3194.jpg,1,1,True,2.05413562071044e-05,0.9999794960021973
/content/Dataset/Test/Real/real_3195.jpg,1,1,True,0.23106327652931213,0.7689367532730103
/content/Dataset/Test/Real/real_3196.jpg,1,1,True,1.2647275070776232e-05,0.9999873638153076
/content/Dataset/Test/Real/real_3197.jpg,1,1,True,0.00011382416414562613,0.999886155128479
/content/Dataset/Test/Real/real_3198.jpg,1,1,True,0.00010341187589801848,0.9998965263366699
/content/Dataset/Test/Real/real_3199.jpg,1,1,True,2.9390526833594777e-05,0.999970555305481
/content/Dataset/Test/Real/real_32.jpg,1,0,False,0.8976379632949829,0.10236209630966187
/content/Dataset/Test/Real/real_320.jpg,1,1,True,0.00033993623219430447,0.9996600151062012
/content/Dataset/Test/Real/real_3200.jpg,1,1,True,5.4705337788618635e-06,0.9999945163726807
/content/Dataset/Test/Real/real_3201.jpg,1,1,True,0.0008300873450934887,0.9991699457168579
/content/Dataset/Test/Real/real_3202.jpg,1,1,True,1.2497606803663075e-05,0.9999874830245972
/content/Dataset/Test/Real/real_3203.jpg,1,1,True,1.5095481103344355e-05,0.999984860420227
/content/Dataset/Test/Real/real_3204.jpg,1,1,True,2.231151665910147e-05,0.999977707862854
/content/Dataset/Test/Real/real_3205.jpg,1,1,True,1.5244447240547743e-05,0.9999847412109375
/content/Dataset/Test/Real/real_3206.jpg,1,1,True,1.63054687618569e-06,0.9999983310699463
/content/Dataset/Test/Real/real_3207.jpg,1,1,True,0.0007885834202170372,0.9992114305496216
/content/Dataset/Test/Real/real_3208.jpg,1,1,True,0.0008773123263381422,0.999122679233551
/content/Dataset/Test/Real/real_3209.jpg,1,1,True,0.0021238147746771574,0.9978761672973633
/content/Dataset/Test/Real/real_321.jpg,1,1,True,3.274845585110597e-05,0.9999672174453735
/content/Dataset/Test/Real/real_3210.jpg,1,1,True,8.080557745415717e-05,0.9999191761016846
/content/Dataset/Test/Real/real_3211.jpg,1,1,True,3.3105466172855813e-06,0.9999966621398926
/content/Dataset/Test/Real/real_3212.jpg,1,1,True,0.017486972734332085,0.9825130701065063
/content/Dataset/Test/Real/real_3213.jpg,1,1,True,0.41589978337287903,0.5841002464294434
/content/Dataset/Test/Real/real_3214.jpg,1,1,True,0.008781461976468563,0.9912185072898865
/content/Dataset/Test/Real/real_3215.jpg,1,1,True,2.5238491616619285e-06,0.9999974966049194
/content/Dataset/Test/Real/real_3216.jpg,1,1,True,2.8323880542302504e-05,0.9999716281890869
/content/Dataset/Test/Real/real_3217.jpg,1,1,True,6.698570587104768e-07,0.9999992847442627
/content/Dataset/Test/Real/real_3218.jpg,1,1,True,4.4726104420078627e-07,0.9999995231628418
/content/Dataset/Test/Real/real_3219.jpg,1,1,True,1.6291791098410613e-06,0.9999983310699463
/content/Dataset/Test/Real/real_322.jpg,1,1,True,1.2381137821648736e-05,0.9999876022338867
/content/Dataset/Test/Real/real_3220.jpg,1,1,True,1.3129485978424782e-06,0.9999986886978149
/content/Dataset/Test/Real/real_3221.jpg,1,1,True,7.208652732515475e-06,0.999992847442627
/content/Dataset/Test/Real/real_3222.jpg,1,1,True,0.044352248311042786,0.9556477665901184
/content/Dataset/Test/Real/real_3223.jpg,1,1,True,0.0012614242732524872,0.9987385869026184
/content/Dataset/Test/Real/real_3224.jpg,1,1,True,0.0005371926235966384,0.9994627833366394
/content/Dataset/Test/Real/real_3225.jpg,1,1,True,0.009780634194612503,0.9902194142341614
/content/Dataset/Test/Real/real_3226.jpg,1,1,True,0.001283485209569335,0.9987165927886963
/content/Dataset/Test/Real/real_3227.jpg,1,1,True,7.871558773331344e-05,0.9999213218688965
/content/Dataset/Test/Real/real_3228.jpg,1,1,True,0.00013687246246263385,0.9998631477355957
/content/Dataset/Test/Real/real_3229.jpg,1,1,True,0.00010609094169922173,0.9998939037322998
/content/Dataset/Test/Real/real_323.jpg,1,1,True,0.011663060635328293,0.988336980342865
/content/Dataset/Test/Real/real_3230.jpg,1,1,True,1.919546548379003e-06,0.9999980926513672
/content/Dataset/Test/Real/real_3231.jpg,1,1,True,0.024687491357326508,0.9753124713897705
/content/Dataset/Test/Real/real_3232.jpg,1,1,True,0.08682440221309662,0.9131755828857422
/content/Dataset/Test/Real/real_3233.jpg,1,1,True,0.0011693643173202872,0.9988306164741516
/content/Dataset/Test/Real/real_3234.jpg,1,1,True,1.1027053915313445e-05,0.9999889135360718
/content/Dataset/Test/Real/real_3235.jpg,1,1,True,6.965609645703807e-05,0.9999303817749023
/content/Dataset/Test/Real/real_3236.jpg,1,1,True,0.0003066828357987106,0.9996933937072754
/content/Dataset/Test/Real/real_3237.jpg,1,1,True,3.978769655077485e-06,0.9999960660934448
/content/Dataset/Test/Real/real_3238.jpg,1,1,True,0.004544208291918039,0.9954557418823242
/content/Dataset/Test/Real/real_3239.jpg,1,1,True,0.058378349989652634,0.9416216611862183
/content/Dataset/Test/Real/real_324.jpg,1,1,True,4.9005411710822955e-06,0.9999951124191284
/content/Dataset/Test/Real/real_3240.jpg,1,1,True,1.4838057722954545e-05,0.9999852180480957
/content/Dataset/Test/Real/real_3241.jpg,1,1,True,0.0006259824149310589,0.9993740916252136
/content/Dataset/Test/Real/real_3242.jpg,1,1,True,8.221828466048464e-06,0.999991774559021
/content/Dataset/Test/Real/real_3243.jpg,1,1,True,0.028101643547415733,0.9718983173370361
/content/Dataset/Test/Real/real_3244.jpg,1,1,True,0.006041898857802153,0.9939581155776978
/content/Dataset/Test/Real/real_3245.jpg,1,1,True,0.19339923560619354,0.8066007494926453
/content/Dataset/Test/Real/real_3246.jpg,1,1,True,0.057703033089637756,0.9422969222068787
/content/Dataset/Test/Real/real_3247.jpg,1,1,True,0.03861410543322563,0.9613858461380005
/content/Dataset/Test/Real/real_3248.jpg,1,1,True,0.04686193913221359,0.9531380534172058
/content/Dataset/Test/Real/real_3249.jpg,1,1,True,8.965573670138838e-07,0.9999990463256836
/content/Dataset/Test/Real/real_325.jpg,1,1,True,1.8649061530595645e-05,0.9999814033508301
/content/Dataset/Test/Real/real_3250.jpg,1,1,True,1.1048949772884953e-06,0.999998927116394
/content/Dataset/Test/Real/real_3251.jpg,1,1,True,4.0559821172792e-06,0.9999959468841553
/content/Dataset/Test/Real/real_3252.jpg,1,1,True,0.0011724382638931274,0.9988275170326233
/content/Dataset/Test/Real/real_3253.jpg,1,1,True,3.6722867662319914e-06,0.9999963045120239
/content/Dataset/Test/Real/real_3254.jpg,1,1,True,0.0001891803985927254,0.9998108744621277
/content/Dataset/Test/Real/real_3255.jpg,1,1,True,0.0003655612235888839,0.9996343851089478
/content/Dataset/Test/Real/real_3256.jpg,1,1,True,0.08167703449726105,0.9183230400085449
/content/Dataset/Test/Real/real_3257.jpg,1,1,True,0.0035788470413535833,0.996421217918396
/content/Dataset/Test/Real/real_3258.jpg,1,1,True,3.0517364848492434e-06,0.9999969005584717
/content/Dataset/Test/Real/real_3259.jpg,1,1,True,2.597050070107798e-06,0.9999973773956299
/content/Dataset/Test/Real/real_326.jpg,1,0,False,0.7652899026870728,0.23471014201641083
/content/Dataset/Test/Real/real_3260.jpg,1,1,True,0.01312396302819252,0.9868760108947754
/content/Dataset/Test/Real/real_3261.jpg,1,1,True,3.264370207034517e-06,0.9999967813491821
/content/Dataset/Test/Real/real_3262.jpg,1,1,True,0.0002548430929891765,0.9997451901435852
/content/Dataset/Test/Real/real_3263.jpg,1,1,True,0.011925029568374157,0.9880749583244324
/content/Dataset/Test/Real/real_3264.jpg,1,1,True,3.7683528262277832e-06,0.9999961853027344
/content/Dataset/Test/Real/real_3265.jpg,1,1,True,0.00018129013187717646,0.999818742275238
/content/Dataset/Test/Real/real_3266.jpg,1,1,True,8.722224265511613e-06,0.9999912977218628
/content/Dataset/Test/Real/real_3267.jpg,1,1,True,1.370290010527242e-05,0.9999862909317017
/content/Dataset/Test/Real/real_3268.jpg,1,1,True,0.0005763398366980255,0.9994237422943115
/content/Dataset/Test/Real/real_3269.jpg,1,1,True,0.05592869222164154,0.9440712928771973
/content/Dataset/Test/Real/real_327.jpg,1,1,True,1.1627312233031262e-06,0.9999988079071045
/content/Dataset/Test/Real/real_3270.jpg,1,1,True,0.020641319453716278,0.9793587327003479
/content/Dataset/Test/Real/real_3271.jpg,1,1,True,2.9839675335097127e-06,0.9999970197677612
/content/Dataset/Test/Real/real_3272.jpg,1,1,True,1.3347287676879205e-05,0.9999866485595703
/content/Dataset/Test/Real/real_3273.jpg,1,1,True,0.0027500116266310215,0.9972500205039978
/content/Dataset/Test/Real/real_3274.jpg,1,1,True,0.00017065962310880423,0.9998292922973633
/content/Dataset/Test/Real/real_3275.jpg,1,1,True,1.98233246919699e-05,0.9999802112579346
/content/Dataset/Test/Real/real_3276.jpg,1,1,True,1.6698479612387018e-06,0.9999983310699463
/content/Dataset/Test/Real/real_3277.jpg,1,1,True,5.8928708313032985e-06,0.999994158744812
/content/Dataset/Test/Real/real_3278.jpg,1,1,True,0.00010095957986777648,0.9998990297317505
/content/Dataset/Test/Real/real_3279.jpg,1,1,True,2.7267142286291346e-05,0.9999727010726929
/content/Dataset/Test/Real/real_328.jpg,1,1,True,1.1523246712386026e-06,0.9999988079071045
/content/Dataset/Test/Real/real_3280.jpg,1,1,True,8.25894630906987e-07,0.9999991655349731
/content/Dataset/Test/Real/real_3281.jpg,1,1,True,0.2771495282649994,0.722850501537323
/content/Dataset/Test/Real/real_3282.jpg,1,1,True,0.028623420745134354,0.9713765978813171
/content/Dataset/Test/Real/real_3283.jpg,1,1,True,0.0009835136588662863,0.999016523361206
/content/Dataset/Test/Real/real_3284.jpg,1,1,True,0.0002093478397000581,0.999790608882904
/content/Dataset/Test/Real/real_3285.jpg,1,1,True,0.008163711987435818,0.9918362498283386
/content/Dataset/Test/Real/real_3286.jpg,1,1,True,6.56152860756265e-06,0.9999934434890747
/content/Dataset/Test/Real/real_3287.jpg,1,1,True,0.0009807811584323645,0.9990192651748657
/content/Dataset/Test/Real/real_3288.jpg,1,1,True,0.06499531865119934,0.935004711151123
/content/Dataset/Test/Real/real_3289.jpg,1,1,True,5.421774858405115e-06,0.9999946355819702
/content/Dataset/Test/Real/real_329.jpg,1,1,True,6.579485329893942e-07,0.9999992847442627
/content/Dataset/Test/Real/real_3290.jpg,1,1,True,0.11632665991783142,0.8836733102798462
/content/Dataset/Test/Real/real_3291.jpg,1,0,False,0.6263084411621094,0.3736915588378906
/content/Dataset/Test/Real/real_3292.jpg,1,0,False,0.9634532332420349,0.03654676675796509
/content/Dataset/Test/Real/real_3293.jpg,1,1,True,3.2667305731592933e-06,0.9999967813491821
/content/Dataset/Test/Real/real_3294.jpg,1,1,True,0.0005023159319534898,0.999497652053833
/content/Dataset/Test/Real/real_3295.jpg,1,1,True,1.1693683518387843e-05,0.999988317489624
/content/Dataset/Test/Real/real_3296.jpg,1,1,True,0.00010603571718093008,0.9998939037322998
/content/Dataset/Test/Real/real_3297.jpg,1,1,True,0.04746811091899872,0.9525318741798401
/content/Dataset/Test/Real/real_3298.jpg,1,1,True,1.1212159733986482e-05,0.9999887943267822
/content/Dataset/Test/Real/real_3299.jpg,1,1,True,0.0011964269215241075,0.9988036155700684
/content/Dataset/Test/Real/real_33.jpg,1,0,False,0.9725332856178284,0.02746676094830036
/content/Dataset/Test/Real/real_330.jpg,1,1,True,1.4396365486391005e-06,0.9999985694885254
/content/Dataset/Test/Real/real_3300.jpg,1,1,True,0.027196085080504417,0.9728039503097534
/content/Dataset/Test/Real/real_3301.jpg,1,1,True,3.3140284358523786e-05,0.9999668598175049
/content/Dataset/Test/Real/real_3302.jpg,1,1,True,0.029279675334692,0.9707203507423401
/content/Dataset/Test/Real/real_3303.jpg,1,1,True,6.919278348505031e-06,0.999993085861206
/content/Dataset/Test/Real/real_3304.jpg,1,1,True,1.799075835151598e-05,0.9999819993972778
/content/Dataset/Test/Real/real_3305.jpg,1,1,True,0.0009093227563425899,0.9990906715393066
/content/Dataset/Test/Real/real_3306.jpg,1,1,True,0.00016709972987882793,0.9998328685760498
/content/Dataset/Test/Real/real_3307.jpg,1,1,True,0.00020001252414658666,0.9998000264167786
/content/Dataset/Test/Real/real_3308.jpg,1,1,True,0.02501501701772213,0.9749850034713745
/content/Dataset/Test/Real/real_3309.jpg,1,1,True,2.6458412776264595e-06,0.9999973773956299
/content/Dataset/Test/Real/real_331.jpg,1,1,True,1.5379961041617207e-05,0.999984622001648
/content/Dataset/Test/Real/real_3310.jpg,1,1,True,0.0020047302823513746,0.9979952573776245
/content/Dataset/Test/Real/real_3311.jpg,1,1,True,1.0030946214101277e-05,0.9999899864196777
/content/Dataset/Test/Real/real_3312.jpg,1,0,False,0.9171936511993408,0.08280635625123978
/content/Dataset/Test/Real/real_3313.jpg,1,1,True,2.714618631216581e-06,0.9999972581863403
/content/Dataset/Test/Real/real_3314.jpg,1,1,True,0.00015873744268901646,0.9998412132263184
/content/Dataset/Test/Real/real_3315.jpg,1,1,True,0.05897597223520279,0.9410240054130554
/content/Dataset/Test/Real/real_3316.jpg,1,1,True,1.34684023578302e-06,0.9999986886978149
/content/Dataset/Test/Real/real_3317.jpg,1,1,True,1.7724314602673985e-06,0.9999982118606567
/content/Dataset/Test/Real/real_3318.jpg,1,1,True,2.4026670871535316e-05,0.9999759197235107
/content/Dataset/Test/Real/real_3319.jpg,1,1,True,0.20175740122795105,0.7982426285743713
/content/Dataset/Test/Real/real_332.jpg,1,0,False,0.8730363249778748,0.12696363031864166
/content/Dataset/Test/Real/real_3320.jpg,1,1,True,9.719433364807628e-07,0.9999990463256836
/content/Dataset/Test/Real/real_3321.jpg,1,1,True,1.0120394335899618e-06,0.9999990463256836
/content/Dataset/Test/Real/real_3322.jpg,1,1,True,0.012100032530725002,0.987899899482727
/content/Dataset/Test/Real/real_3323.jpg,1,1,True,5.959902409813367e-05,0.9999403953552246
/content/Dataset/Test/Real/real_3324.jpg,1,0,False,0.9390965104103088,0.06090352311730385
/content/Dataset/Test/Real/real_3325.jpg,1,1,True,0.0005049766623415053,0.9994950294494629
/content/Dataset/Test/Real/real_3326.jpg,1,1,True,0.0014777079923078418,0.9985223412513733
/content/Dataset/Test/Real/real_3327.jpg,1,1,True,0.000365421554306522,0.9996346235275269
/content/Dataset/Test/Real/real_3328.jpg,1,1,True,1.6956599210971035e-05,0.9999830722808838
/content/Dataset/Test/Real/real_3329.jpg,1,1,True,4.544304488263151e-07,0.9999995231628418
/content/Dataset/Test/Real/real_333.jpg,1,1,True,0.00027604919159784913,0.9997239708900452
/content/Dataset/Test/Real/real_3330.jpg,1,1,True,0.0003952751576434821,0.9996047616004944
/content/Dataset/Test/Real/real_3331.jpg,1,1,True,0.001061046146787703,0.9989389777183533
/content/Dataset/Test/Real/real_3332.jpg,1,1,True,8.804783533378213e-07,0.9999991655349731
/content/Dataset/Test/Real/real_3333.jpg,1,1,True,0.06840935349464417,0.9315906763076782
/content/Dataset/Test/Real/real_3334.jpg,1,1,True,3.6421420190890785e-06,0.9999963045120239
/content/Dataset/Test/Real/real_3335.jpg,1,1,True,1.883392201307288e-06,0.9999980926513672
/content/Dataset/Test/Real/real_3336.jpg,1,1,True,3.3512990285089472e-06,0.9999966621398926
/content/Dataset/Test/Real/real_3337.jpg,1,1,True,0.0002734785375650972,0.9997264742851257
/content/Dataset/Test/Real/real_3338.jpg,1,1,True,0.002626525005325675,0.9973734617233276
/content/Dataset/Test/Real/real_3339.jpg,1,1,True,0.05538646876811981,0.944613516330719
/content/Dataset/Test/Real/real_334.jpg,1,1,True,9.459772627451457e-06,0.9999905824661255
/content/Dataset/Test/Real/real_3340.jpg,1,1,True,0.00016699334082659334,0.9998329877853394
/content/Dataset/Test/Real/real_3341.jpg,1,1,True,2.3662569219595753e-06,0.999997615814209
/content/Dataset/Test/Real/real_3342.jpg,1,1,True,8.07383912615478e-06,0.9999918937683105
/content/Dataset/Test/Real/real_3343.jpg,1,1,True,7.852010639908258e-06,0.9999921321868896
/content/Dataset/Test/Real/real_3344.jpg,1,1,True,5.8911231462843716e-05,0.9999411106109619
/content/Dataset/Test/Real/real_3345.jpg,1,1,True,7.290687062777579e-05,0.9999270439147949
/content/Dataset/Test/Real/real_3346.jpg,1,1,True,2.8909396860399283e-05,0.9999710321426392
/content/Dataset/Test/Real/real_3347.jpg,1,1,True,9.247110574506223e-05,0.9999074935913086
/content/Dataset/Test/Real/real_3348.jpg,1,0,False,0.9795851707458496,0.02041485160589218
/content/Dataset/Test/Real/real_3349.jpg,1,1,True,0.10253896564245224,0.8974610567092896
/content/Dataset/Test/Real/real_335.jpg,1,1,True,0.2370098978281021,0.7629901170730591
/content/Dataset/Test/Real/real_3350.jpg,1,0,False,0.9979762434959412,0.0020237774588167667
/content/Dataset/Test/Real/real_3351.jpg,1,0,False,0.6744506359100342,0.3255493938922882
/content/Dataset/Test/Real/real_3352.jpg,1,1,True,2.5233406631741673e-05,0.9999747276306152
/content/Dataset/Test/Real/real_3353.jpg,1,1,True,0.0001316216221312061,0.9998683929443359
/content/Dataset/Test/Real/real_3354.jpg,1,1,True,2.9011529477429576e-05,0.9999710321426392
/content/Dataset/Test/Real/real_3355.jpg,1,0,False,0.9996989965438843,0.00030097595299594104
/content/Dataset/Test/Real/real_3356.jpg,1,1,True,0.025071948766708374,0.974928081035614
/content/Dataset/Test/Real/real_3357.jpg,1,1,True,1.5850588169996627e-05,0.9999841451644897
/content/Dataset/Test/Real/real_3358.jpg,1,1,True,0.0009465542389079928,0.999053418636322
/content/Dataset/Test/Real/real_3359.jpg,1,1,True,0.00027081696316599846,0.9997292160987854
/content/Dataset/Test/Real/real_336.jpg,1,1,True,6.23736486886628e-05,0.9999376535415649
/content/Dataset/Test/Real/real_3360.jpg,1,1,True,1.4575247405446135e-05,0.9999854564666748
/content/Dataset/Test/Real/real_3361.jpg,1,1,True,0.00028068319079466164,0.9997193217277527
/content/Dataset/Test/Real/real_3362.jpg,1,1,True,2.5051374905160628e-05,0.9999749660491943
/content/Dataset/Test/Real/real_3363.jpg,1,1,True,1.4868916196064674e-06,0.9999985694885254
/content/Dataset/Test/Real/real_3364.jpg,1,1,True,8.360537322005257e-06,0.9999916553497314
/content/Dataset/Test/Real/real_3365.jpg,1,1,True,1.1294537216599565e-05,0.9999886751174927
/content/Dataset/Test/Real/real_3366.jpg,1,0,False,0.9818379282951355,0.018162082880735397
/content/Dataset/Test/Real/real_3367.jpg,1,1,True,0.00012129978131270036,0.9998786449432373
/content/Dataset/Test/Real/real_3368.jpg,1,1,True,1.0172791917284485e-05,0.9999898672103882
/content/Dataset/Test/Real/real_3369.jpg,1,1,True,2.3693961338722147e-05,0.9999762773513794
/content/Dataset/Test/Real/real_337.jpg,1,1,True,8.181118573702406e-07,0.9999991655349731
/content/Dataset/Test/Real/real_3370.jpg,1,1,True,2.4514579308743123e-06,0.9999974966049194
/content/Dataset/Test/Real/real_3371.jpg,1,1,True,2.385366087764851e-06,0.999997615814209
/content/Dataset/Test/Real/real_3372.jpg,1,1,True,3.132976416964084e-05,0.9999686479568481
/content/Dataset/Test/Real/real_3373.jpg,1,1,True,5.545341991819441e-06,0.9999943971633911
/content/Dataset/Test/Real/real_3374.jpg,1,1,True,0.004418749362230301,0.9955812096595764
/content/Dataset/Test/Real/real_3375.jpg,1,1,True,0.03659532964229584,0.963404655456543
/content/Dataset/Test/Real/real_3376.jpg,1,1,True,2.7410666007199325e-05,0.9999725818634033
/content/Dataset/Test/Real/real_3377.jpg,1,1,True,0.0003362511342857033,0.9996637105941772
/content/Dataset/Test/Real/real_3378.jpg,1,0,False,0.9882194995880127,0.01178052369505167
/content/Dataset/Test/Real/real_3379.jpg,1,1,True,0.01255034375935793,0.9874496459960938
/content/Dataset/Test/Real/real_338.jpg,1,1,True,3.8052066884119995e-06,0.9999961853027344
/content/Dataset/Test/Real/real_3380.jpg,1,0,False,0.8092647194862366,0.19073528051376343
/content/Dataset/Test/Real/real_3381.jpg,1,1,True,0.035961296409368515,0.9640387296676636
/content/Dataset/Test/Real/real_3382.jpg,1,1,True,0.0013727741315960884,0.9986273050308228
/content/Dataset/Test/Real/real_3383.jpg,1,1,True,0.004435988143086433,0.9955639839172363
/content/Dataset/Test/Real/real_3384.jpg,1,1,True,2.4574723283876665e-05,0.9999754428863525
/content/Dataset/Test/Real/real_3385.jpg,1,1,True,0.09135536104440689,0.9086446166038513
/content/Dataset/Test/Real/real_3386.jpg,1,1,True,0.0050030299462378025,0.9949970245361328
/content/Dataset/Test/Real/real_3387.jpg,1,1,True,7.59587055654265e-05,0.9999240636825562
/content/Dataset/Test/Real/real_3388.jpg,1,1,True,1.0429763278807513e-05,0.9999896287918091
/content/Dataset/Test/Real/real_3389.jpg,1,1,True,0.07595695555210114,0.9240430593490601
/content/Dataset/Test/Real/real_339.jpg,1,1,True,0.30613964796066284,0.6938603520393372
/content/Dataset/Test/Real/real_3390.jpg,1,1,True,2.6206405891571194e-05,0.9999737739562988
/content/Dataset/Test/Real/real_3391.jpg,1,1,True,0.01949038915336132,0.9805096387863159
/content/Dataset/Test/Real/real_3392.jpg,1,1,True,9.56960548137431e-07,0.9999990463256836
/content/Dataset/Test/Real/real_3393.jpg,1,1,True,9.70471432992781e-07,0.9999990463256836
/content/Dataset/Test/Real/real_3394.jpg,1,1,True,3.826011379715055e-05,0.9999617338180542
/content/Dataset/Test/Real/real_3395.jpg,1,1,True,5.9942602092633024e-05,0.999940037727356
/content/Dataset/Test/Real/real_3396.jpg,1,1,True,0.015674253925681114,0.9843257665634155
/content/Dataset/Test/Real/real_3397.jpg,1,1,True,0.0022041709162294865,0.997795820236206
/content/Dataset/Test/Real/real_3398.jpg,1,1,True,6.584549555554986e-05,0.999934196472168
/content/Dataset/Test/Real/real_3399.jpg,1,1,True,1.8218590412288904e-05,0.9999817609786987
/content/Dataset/Test/Real/real_34.jpg,1,1,True,0.19562049210071564,0.8043794631958008
/content/Dataset/Test/Real/real_340.jpg,1,1,True,0.009514393284916878,0.9904856085777283
/content/Dataset/Test/Real/real_3400.jpg,1,1,True,0.00019688892643898726,0.9998031258583069
/content/Dataset/Test/Real/real_3401.jpg,1,1,True,9.60551460593706e-06,0.9999903440475464
/content/Dataset/Test/Real/real_3402.jpg,1,1,True,1.1743733239200083e-06,0.9999988079071045
/content/Dataset/Test/Real/real_3403.jpg,1,1,True,2.462682004988892e-06,0.9999974966049194
/content/Dataset/Test/Real/real_3404.jpg,1,1,True,0.0005023685516789556,0.999497652053833
/content/Dataset/Test/Real/real_3405.jpg,1,1,True,0.0004383910563774407,0.999561607837677
/content/Dataset/Test/Real/real_3406.jpg,1,1,True,7.927877049951348e-06,0.9999920129776001
/content/Dataset/Test/Real/real_3407.jpg,1,1,True,0.003392585786059499,0.9966074228286743
/content/Dataset/Test/Real/real_3408.jpg,1,1,True,5.134499474479526e-07,0.9999995231628418
/content/Dataset/Test/Real/real_3409.jpg,1,1,True,1.7649053916102275e-06,0.9999982118606567
/content/Dataset/Test/Real/real_341.jpg,1,1,True,0.00011673531116684899,0.9998832941055298
/content/Dataset/Test/Real/real_3410.jpg,1,1,True,0.0024457008112221956,0.997554361820221
/content/Dataset/Test/Real/real_3411.jpg,1,1,True,1.6822463294374757e-05,0.9999831914901733
/content/Dataset/Test/Real/real_3412.jpg,1,1,True,0.0009292131871916354,0.9990707635879517
/content/Dataset/Test/Real/real_3413.jpg,1,1,True,2.4395299988100305e-05,0.9999755620956421
/content/Dataset/Test/Real/real_3414.jpg,1,1,True,4.025917223771103e-05,0.9999597072601318
/content/Dataset/Test/Real/real_3415.jpg,1,1,True,1.371288021800865e-06,0.9999985694885254
/content/Dataset/Test/Real/real_3416.jpg,1,1,True,0.001229535206221044,0.9987704157829285
/content/Dataset/Test/Real/real_3417.jpg,1,1,True,0.002695504343137145,0.9973044395446777
/content/Dataset/Test/Real/real_3418.jpg,1,1,True,0.26886144280433655,0.7311385869979858
/content/Dataset/Test/Real/real_3419.jpg,1,1,True,1.3269740293253562e-06,0.9999986886978149
/content/Dataset/Test/Real/real_342.jpg,1,1,True,0.0009988148231059313,0.9990012049674988
/content/Dataset/Test/Real/real_3420.jpg,1,1,True,1.5926570995361544e-06,0.9999984502792358
/content/Dataset/Test/Real/real_3421.jpg,1,1,True,4.8694426368456334e-05,0.9999513626098633
/content/Dataset/Test/Real/real_3422.jpg,1,1,True,9.610774213797413e-06,0.9999903440475464
/content/Dataset/Test/Real/real_3423.jpg,1,1,True,1.4092422588873887e-06,0.9999985694885254
/content/Dataset/Test/Real/real_3424.jpg,1,1,True,8.020189170565573e-07,0.9999991655349731
/content/Dataset/Test/Real/real_3425.jpg,1,1,True,5.462192348204553e-06,0.9999945163726807
/content/Dataset/Test/Real/real_3426.jpg,1,0,False,0.643469512462616,0.35653045773506165
/content/Dataset/Test/Real/real_3427.jpg,1,1,True,0.002637379802763462,0.9973626732826233
/content/Dataset/Test/Real/real_3428.jpg,1,1,True,4.58807080576662e-05,0.999954104423523
/content/Dataset/Test/Real/real_3429.jpg,1,0,False,0.9626263380050659,0.037373606115579605
/content/Dataset/Test/Real/real_343.jpg,1,1,True,0.021839160472154617,0.9781608581542969
/content/Dataset/Test/Real/real_3430.jpg,1,0,False,0.7997848987579346,0.20021511614322662
/content/Dataset/Test/Real/real_3431.jpg,1,1,True,0.000815138453617692,0.9991849064826965
/content/Dataset/Test/Real/real_3432.jpg,1,1,True,0.001907641300931573,0.9980923533439636
/content/Dataset/Test/Real/real_3433.jpg,1,0,False,0.975042998790741,0.024956969544291496
/content/Dataset/Test/Real/real_3434.jpg,1,1,True,6.994292562012561e-06,0.9999929666519165
/content/Dataset/Test/Real/real_3435.jpg,1,1,True,3.505827407934703e-05,0.9999649524688721
/content/Dataset/Test/Real/real_3436.jpg,1,1,True,0.13827934861183167,0.8617206811904907
/content/Dataset/Test/Real/real_3437.jpg,1,1,True,3.4485055948607624e-06,0.999996542930603
/content/Dataset/Test/Real/real_3438.jpg,1,1,True,8.324632653966546e-05,0.9999167919158936
/content/Dataset/Test/Real/real_3439.jpg,1,1,True,0.0004806052311323583,0.9995193481445312
/content/Dataset/Test/Real/real_344.jpg,1,1,True,1.1285258096904727e-06,0.999998927116394
/content/Dataset/Test/Real/real_3440.jpg,1,1,True,1.8867878679884598e-05,0.999981164932251
/content/Dataset/Test/Real/real_3441.jpg,1,1,True,0.006418714299798012,0.9935812950134277
/content/Dataset/Test/Real/real_3442.jpg,1,1,True,0.012113434262573719,0.9878865480422974
/content/Dataset/Test/Real/real_3443.jpg,1,1,True,0.0015647448599338531,0.9984351992607117
/content/Dataset/Test/Real/real_3444.jpg,1,1,True,2.872365621442441e-05,0.9999712705612183
/content/Dataset/Test/Real/real_3445.jpg,1,1,True,0.02553403750061989,0.9744659066200256
/content/Dataset/Test/Real/real_3446.jpg,1,1,True,0.007119075860828161,0.9928809404373169
/content/Dataset/Test/Real/real_3447.jpg,1,1,True,0.0059525249525904655,0.9940475225448608
/content/Dataset/Test/Real/real_3448.jpg,1,1,True,0.02919388934969902,0.9708060622215271
/content/Dataset/Test/Real/real_3449.jpg,1,1,True,0.0010955056641250849,0.9989044666290283
/content/Dataset/Test/Real/real_345.jpg,1,1,True,7.769479998387396e-05,0.9999222755432129
/content/Dataset/Test/Real/real_3450.jpg,1,1,True,2.3009712094790302e-05,0.9999769926071167
/content/Dataset/Test/Real/real_3451.jpg,1,1,True,1.274940245821199e-06,0.9999986886978149
/content/Dataset/Test/Real/real_3452.jpg,1,0,False,0.8306001424789429,0.16939987242221832
/content/Dataset/Test/Real/real_3453.jpg,1,0,False,0.996311366558075,0.0036886290181428194
/content/Dataset/Test/Real/real_3454.jpg,1,0,False,0.9974404573440552,0.0025595459155738354
/content/Dataset/Test/Real/real_3455.jpg,1,1,True,0.002395444083958864,0.9976045489311218
/content/Dataset/Test/Real/real_3456.jpg,1,1,True,6.642861762884422e-07,0.9999992847442627
/content/Dataset/Test/Real/real_3457.jpg,1,1,True,0.0009879593271762133,0.9990119934082031
/content/Dataset/Test/Real/real_3458.jpg,1,1,True,8.569393685320392e-06,0.9999914169311523
/content/Dataset/Test/Real/real_3459.jpg,1,1,True,0.0001044634627760388,0.9998955726623535
/content/Dataset/Test/Real/real_346.jpg,1,1,True,0.0004219441907480359,0.999578058719635
/content/Dataset/Test/Real/real_3460.jpg,1,1,True,0.0013988594291731715,0.9986011385917664
/content/Dataset/Test/Real/real_3461.jpg,1,1,True,7.336989256145898e-06,0.9999926090240479
/content/Dataset/Test/Real/real_3462.jpg,1,1,True,1.3004706715946668e-06,0.9999986886978149
/content/Dataset/Test/Real/real_3463.jpg,1,1,True,0.00022096483735367656,0.9997790455818176
/content/Dataset/Test/Real/real_3464.jpg,1,1,True,1.1769185448429198e-06,0.9999988079071045
/content/Dataset/Test/Real/real_3465.jpg,1,1,True,0.021025363355875015,0.9789745807647705
/content/Dataset/Test/Real/real_3466.jpg,1,1,True,1.814967799873557e-05,0.9999818801879883
/content/Dataset/Test/Real/real_3467.jpg,1,1,True,8.253771738964133e-06,0.999991774559021
/content/Dataset/Test/Real/real_3468.jpg,1,1,True,5.8608413382899016e-05,0.999941349029541
/content/Dataset/Test/Real/real_3469.jpg,1,0,False,0.769008994102478,0.2309909611940384
/content/Dataset/Test/Real/real_347.jpg,1,1,True,2.82981782220304e-05,0.9999717473983765
/content/Dataset/Test/Real/real_3470.jpg,1,0,False,0.9987138509750366,0.00128620071336627
/content/Dataset/Test/Real/real_3471.jpg,1,1,True,1.8897758309321944e-06,0.9999980926513672
/content/Dataset/Test/Real/real_3472.jpg,1,1,True,3.865178223350085e-05,0.9999613761901855
/content/Dataset/Test/Real/real_3473.jpg,1,1,True,0.0016452678246423602,0.9983547329902649
/content/Dataset/Test/Real/real_3474.jpg,1,1,True,0.007368778344243765,0.992631196975708
/content/Dataset/Test/Real/real_3475.jpg,1,0,False,0.5401878356933594,0.45981213450431824
/content/Dataset/Test/Real/real_3476.jpg,1,1,True,0.1183684840798378,0.8816315531730652
/content/Dataset/Test/Real/real_3477.jpg,1,1,True,0.026674529537558556,0.9733255505561829
/content/Dataset/Test/Real/real_3478.jpg,1,1,True,5.997588687023381e-06,0.9999940395355225
/content/Dataset/Test/Real/real_3479.jpg,1,1,True,0.011569060385227203,0.9884309768676758
/content/Dataset/Test/Real/real_348.jpg,1,1,True,0.009907573461532593,0.9900924563407898
/content/Dataset/Test/Real/real_3480.jpg,1,1,True,0.00047336696297861636,0.9995266199111938
/content/Dataset/Test/Real/real_3481.jpg,1,1,True,2.2438756786868908e-05,0.9999775886535645
/content/Dataset/Test/Real/real_3482.jpg,1,1,True,0.003686468815430999,0.9963135123252869
/content/Dataset/Test/Real/real_3483.jpg,1,0,False,0.8409755229949951,0.1590244621038437
/content/Dataset/Test/Real/real_3484.jpg,1,1,True,0.04393128678202629,0.9560686945915222
/content/Dataset/Test/Real/real_3485.jpg,1,1,True,0.0017662628088146448,0.9982336759567261
/content/Dataset/Test/Real/real_3486.jpg,1,1,True,0.040355097502470016,0.9596448540687561
/content/Dataset/Test/Real/real_3487.jpg,1,1,True,6.060428495402448e-05,0.9999394416809082
/content/Dataset/Test/Real/real_3488.jpg,1,1,True,0.0002381020167376846,0.9997618794441223
/content/Dataset/Test/Real/real_3489.jpg,1,1,True,0.0024867013562470675,0.9975132942199707
/content/Dataset/Test/Real/real_349.jpg,1,1,True,5.570396751863882e-06,0.9999943971633911
/content/Dataset/Test/Real/real_3490.jpg,1,1,True,0.02356778457760811,0.976432204246521
/content/Dataset/Test/Real/real_3491.jpg,1,1,True,0.0009261161321774125,0.99907386302948
/content/Dataset/Test/Real/real_3492.jpg,1,1,True,0.13336551189422607,0.8666345477104187
/content/Dataset/Test/Real/real_3493.jpg,1,0,False,0.9936028122901917,0.0063971588388085365
/content/Dataset/Test/Real/real_3494.jpg,1,1,True,4.465359597816132e-05,0.9999552965164185
/content/Dataset/Test/Real/real_3495.jpg,1,1,True,0.016588492318987846,0.9834114909172058
/content/Dataset/Test/Real/real_3496.jpg,1,1,True,0.0006664577522315085,0.9993335604667664
/content/Dataset/Test/Real/real_3497.jpg,1,1,True,0.00021993869449943304,0.9997801184654236
/content/Dataset/Test/Real/real_3498.jpg,1,1,True,0.41767510771751404,0.5823249220848083
/content/Dataset/Test/Real/real_3499.jpg,1,1,True,0.037058718502521515,0.9629412889480591
/content/Dataset/Test/Real/real_35.jpg,1,0,False,0.9946932196617126,0.005306821316480637
/content/Dataset/Test/Real/real_350.jpg,1,1,True,1.1588609822865692e-06,0.9999988079071045
/content/Dataset/Test/Real/real_3500.jpg,1,1,True,1.5279756553354673e-06,0.9999984502792358
/content/Dataset/Test/Real/real_3501.jpg,1,1,True,0.0006656940677203238,0.9993342757225037
/content/Dataset/Test/Real/real_3502.jpg,1,1,True,6.927994490979472e-06,0.999993085861206
/content/Dataset/Test/Real/real_3503.jpg,1,1,True,6.906494945724262e-06,0.999993085861206
/content/Dataset/Test/Real/real_3504.jpg,1,1,True,0.00021004144218750298,0.9997900128364563
/content/Dataset/Test/Real/real_3505.jpg,1,1,True,1.1551288480404764e-05,0.9999884366989136
/content/Dataset/Test/Real/real_3506.jpg,1,0,False,0.930510938167572,0.06948914378881454
/content/Dataset/Test/Real/real_3507.jpg,1,1,True,0.11600369960069656,0.883996307849884
/content/Dataset/Test/Real/real_3508.jpg,1,1,True,2.3839607820264064e-05,0.9999761581420898
/content/Dataset/Test/Real/real_3509.jpg,1,0,False,0.7067452073097229,0.2932548224925995
/content/Dataset/Test/Real/real_351.jpg,1,1,True,1.1169885510753375e-05,0.9999887943267822
/content/Dataset/Test/Real/real_3510.jpg,1,1,True,0.005345785524696112,0.9946541786193848
/content/Dataset/Test/Real/real_3511.jpg,1,1,True,0.07396386563777924,0.9260361790657043
/content/Dataset/Test/Real/real_3512.jpg,1,1,True,8.094378426903859e-05,0.999919056892395
/content/Dataset/Test/Real/real_3513.jpg,1,1,True,0.01840992085635662,0.9815900921821594
/content/Dataset/Test/Real/real_3514.jpg,1,1,True,0.048442110419273376,0.9515578746795654
/content/Dataset/Test/Real/real_3515.jpg,1,0,False,0.5609368681907654,0.4390631318092346
/content/Dataset/Test/Real/real_3516.jpg,1,1,True,0.2634214460849762,0.7365785837173462
/content/Dataset/Test/Real/real_3517.jpg,1,1,True,0.086028553545475,0.9139714241027832
/content/Dataset/Test/Real/real_3518.jpg,1,1,True,0.12474428862333298,0.8752557039260864
/content/Dataset/Test/Real/real_3519.jpg,1,1,True,4.367218934930861e-05,0.9999563694000244
/content/Dataset/Test/Real/real_352.jpg,1,1,True,1.7020527593558654e-05,0.9999829530715942
/content/Dataset/Test/Real/real_3520.jpg,1,1,True,0.11537474393844604,0.8846253156661987
/content/Dataset/Test/Real/real_3521.jpg,1,1,True,0.00013645231956616044,0.9998635053634644
/content/Dataset/Test/Real/real_3522.jpg,1,1,True,0.052105918526649475,0.9478940963745117
/content/Dataset/Test/Real/real_3523.jpg,1,1,True,0.0011691676918417215,0.9988308548927307
/content/Dataset/Test/Real/real_3524.jpg,1,1,True,0.006966496352106333,0.9930335283279419
/content/Dataset/Test/Real/real_3525.jpg,1,1,True,0.0018902195151895285,0.9981098175048828
/content/Dataset/Test/Real/real_3526.jpg,1,1,True,0.00029253854881972075,0.9997074007987976
/content/Dataset/Test/Real/real_3527.jpg,1,1,True,0.004103877581655979,0.9958961009979248
/content/Dataset/Test/Real/real_3528.jpg,1,1,True,1.0184224947806797e-06,0.999998927116394
/content/Dataset/Test/Real/real_3529.jpg,1,1,True,1.088083899958292e-05,0.9999891519546509
/content/Dataset/Test/Real/real_353.jpg,1,1,True,4.4213724322617054e-05,0.9999557733535767
/content/Dataset/Test/Real/real_3530.jpg,1,1,True,0.0009522369946353137,0.9990476965904236
/content/Dataset/Test/Real/real_3531.jpg,1,1,True,7.272692528204061e-07,0.9999992847442627
/content/Dataset/Test/Real/real_3532.jpg,1,1,True,1.6823569239932112e-05,0.9999831914901733
/content/Dataset/Test/Real/real_3533.jpg,1,0,False,0.9677997827529907,0.03220025449991226
/content/Dataset/Test/Real/real_3534.jpg,1,1,True,9.054609790837276e-07,0.9999990463256836
/content/Dataset/Test/Real/real_3535.jpg,1,1,True,1.941336813615635e-05,0.9999805688858032
/content/Dataset/Test/Real/real_3536.jpg,1,1,True,0.01740630343556404,0.9825937151908875
/content/Dataset/Test/Real/real_3537.jpg,1,1,True,0.0001731111406115815,0.999826967716217
/content/Dataset/Test/Real/real_3538.jpg,1,1,True,0.00041792108095251024,0.9995821118354797
/content/Dataset/Test/Real/real_3539.jpg,1,1,True,0.00016855823923833668,0.9998314380645752
/content/Dataset/Test/Real/real_354.jpg,1,1,True,7.753325803605549e-07,0.9999991655349731
/content/Dataset/Test/Real/real_3540.jpg,1,1,True,0.008734052069485188,0.9912659525871277
/content/Dataset/Test/Real/real_3541.jpg,1,1,True,9.010995540847944e-07,0.9999990463256836
/content/Dataset/Test/Real/real_3542.jpg,1,0,False,0.9967718720436096,0.003228153567761183
/content/Dataset/Test/Real/real_3543.jpg,1,0,False,0.7206193804740906,0.27938058972358704
/content/Dataset/Test/Real/real_3544.jpg,1,1,True,1.829391112551093e-05,0.9999817609786987
/content/Dataset/Test/Real/real_3545.jpg,1,1,True,0.0101704066619277,0.9898295998573303
/content/Dataset/Test/Real/real_3546.jpg,1,1,True,0.00012138656893512234,0.9998786449432373
/content/Dataset/Test/Real/real_3547.jpg,1,1,True,0.0008237372967414558,0.9991762042045593
/content/Dataset/Test/Real/real_3548.jpg,1,1,True,0.0022858635056763887,0.9977141618728638
/content/Dataset/Test/Real/real_3549.jpg,1,1,True,0.00015001495194155723,0.9998499155044556
/content/Dataset/Test/Real/real_355.jpg,1,1,True,0.003570508910343051,0.9964295029640198
/content/Dataset/Test/Real/real_3550.jpg,1,1,True,0.49803194403648376,0.5019680261611938
/content/Dataset/Test/Real/real_3551.jpg,1,1,True,0.0001172731863334775,0.999882698059082
/content/Dataset/Test/Real/real_3552.jpg,1,0,False,0.5443565845489502,0.4556434452533722
/content/Dataset/Test/Real/real_3553.jpg,1,1,True,0.026837866753339767,0.9731621146202087
/content/Dataset/Test/Real/real_3554.jpg,1,1,True,0.0018033792730420828,0.9981966614723206
/content/Dataset/Test/Real/real_3555.jpg,1,1,True,0.01319597102701664,0.9868040680885315
/content/Dataset/Test/Real/real_3556.jpg,1,1,True,0.020772784948349,0.9792272448539734
/content/Dataset/Test/Real/real_3557.jpg,1,0,False,0.9895193576812744,0.010480581782758236
/content/Dataset/Test/Real/real_3558.jpg,1,1,True,0.0006925571942701936,0.99930739402771
/content/Dataset/Test/Real/real_3559.jpg,1,0,False,0.9974433183670044,0.0025567158591002226
/content/Dataset/Test/Real/real_356.jpg,1,1,True,1.2268770660739392e-05,0.9999877214431763
/content/Dataset/Test/Real/real_3560.jpg,1,0,False,0.9306169152259827,0.06938307732343674
/content/Dataset/Test/Real/real_3561.jpg,1,1,True,0.00011743646609829739,0.9998825788497925
/content/Dataset/Test/Real/real_3562.jpg,1,1,True,0.0002160927833756432,0.9997839331626892
/content/Dataset/Test/Real/real_3563.jpg,1,1,True,0.01796765811741352,0.9820323586463928
/content/Dataset/Test/Real/real_3564.jpg,1,0,False,0.927751362323761,0.07224869728088379
/content/Dataset/Test/Real/real_3565.jpg,1,1,True,0.018854578956961632,0.981145441532135
/content/Dataset/Test/Real/real_3566.jpg,1,1,True,3.646239929366857e-05,0.9999635219573975
/content/Dataset/Test/Real/real_3567.jpg,1,1,True,0.00014218298019841313,0.9998577833175659
/content/Dataset/Test/Real/real_3568.jpg,1,1,True,1.3160727576178033e-05,0.9999868869781494
/content/Dataset/Test/Real/real_3569.jpg,1,0,False,0.9396947622299194,0.060305263847112656
/content/Dataset/Test/Real/real_357.jpg,1,1,True,0.01313722413033247,0.9868627786636353
/content/Dataset/Test/Real/real_3570.jpg,1,0,False,0.9076588153839111,0.09234121441841125
/content/Dataset/Test/Real/real_3571.jpg,1,1,True,0.0003438612329773605,0.999656081199646
/content/Dataset/Test/Real/real_3572.jpg,1,1,True,5.966793833067641e-05,0.9999402761459351
/content/Dataset/Test/Real/real_3573.jpg,1,1,True,0.003443643683567643,0.9965564012527466
/content/Dataset/Test/Real/real_3574.jpg,1,1,True,0.0014247882645577192,0.9985752105712891
/content/Dataset/Test/Real/real_3575.jpg,1,1,True,1.0898899745370727e-05,0.9999891519546509
/content/Dataset/Test/Real/real_3576.jpg,1,1,True,0.0003164435620419681,0.9996836185455322
/content/Dataset/Test/Real/real_3577.jpg,1,1,True,0.007889356464147568,0.9921106696128845
/content/Dataset/Test/Real/real_3578.jpg,1,0,False,0.8309382796287537,0.16906164586544037
/content/Dataset/Test/Real/real_3579.jpg,1,1,True,0.0038060524966567755,0.9961940050125122
/content/Dataset/Test/Real/real_358.jpg,1,1,True,2.4700489120732527e-06,0.9999974966049194
/content/Dataset/Test/Real/real_3580.jpg,1,1,True,0.08217079937458038,0.917829155921936
/content/Dataset/Test/Real/real_3581.jpg,1,0,False,0.8324857950210571,0.16751419007778168
/content/Dataset/Test/Real/real_3582.jpg,1,0,False,0.8215251564979553,0.17847490310668945
/content/Dataset/Test/Real/real_3583.jpg,1,0,False,0.9900465607643127,0.009953409433364868
/content/Dataset/Test/Real/real_3584.jpg,1,0,False,0.9984011054039001,0.0015989161329343915
/content/Dataset/Test/Real/real_3585.jpg,1,0,False,0.9956023693084717,0.004397663287818432
/content/Dataset/Test/Real/real_3586.jpg,1,1,True,6.365395529428497e-05,0.9999363422393799
/content/Dataset/Test/Real/real_3587.jpg,1,1,True,1.0847164730876102e-06,0.999998927116394
/content/Dataset/Test/Real/real_3588.jpg,1,1,True,6.505618785013212e-06,0.9999934434890747
/content/Dataset/Test/Real/real_3589.jpg,1,1,True,1.2794782378477976e-05,0.9999872446060181
/content/Dataset/Test/Real/real_359.jpg,1,1,True,0.000594638055190444,0.9994053840637207
/content/Dataset/Test/Real/real_3590.jpg,1,1,True,0.10311751812696457,0.8968824744224548
/content/Dataset/Test/Real/real_3591.jpg,1,1,True,0.0023773591965436935,0.9976226687431335
/content/Dataset/Test/Real/real_3592.jpg,1,0,False,0.9275947213172913,0.07240530103445053
/content/Dataset/Test/Real/real_3593.jpg,1,1,True,0.002061113715171814,0.9979388117790222
/content/Dataset/Test/Real/real_3594.jpg,1,1,True,0.05473364517092705,0.9452663064002991
/content/Dataset/Test/Real/real_3595.jpg,1,1,True,0.15614838898181915,0.8438515663146973
/content/Dataset/Test/Real/real_3596.jpg,1,1,True,0.040476243942976,0.9595237970352173
/content/Dataset/Test/Real/real_3597.jpg,1,0,False,0.9481122493743896,0.051887743175029755
/content/Dataset/Test/Real/real_3598.jpg,1,1,True,0.0007637524977326393,0.9992362260818481
/content/Dataset/Test/Real/real_3599.jpg,1,1,True,0.08241463452577591,0.9175854325294495
/content/Dataset/Test/Real/real_36.jpg,1,0,False,0.6999557018280029,0.30004429817199707
/content/Dataset/Test/Real/real_360.jpg,1,1,True,0.07970834523439407,0.9202916026115417
/content/Dataset/Test/Real/real_3600.jpg,1,1,True,2.3380840502795763e-05,0.999976634979248
/content/Dataset/Test/Real/real_3601.jpg,1,1,True,5.972759936412331e-06,0.9999940395355225
/content/Dataset/Test/Real/real_3602.jpg,1,1,True,2.6449506549397483e-06,0.9999973773956299
/content/Dataset/Test/Real/real_3603.jpg,1,0,False,0.7539145946502686,0.24608537554740906
/content/Dataset/Test/Real/real_3604.jpg,1,1,True,0.2560952305793762,0.7439047694206238
/content/Dataset/Test/Real/real_3605.jpg,1,1,True,0.1528865247964859,0.8471134901046753
/content/Dataset/Test/Real/real_3606.jpg,1,1,True,5.159501597518101e-06,0.9999948740005493
/content/Dataset/Test/Real/real_3607.jpg,1,1,True,0.30649513006210327,0.6935048699378967
/content/Dataset/Test/Real/real_3608.jpg,1,1,True,0.02555556409060955,0.9744443893432617
/content/Dataset/Test/Real/real_3609.jpg,1,1,True,0.0009425877942703664,0.9990574717521667
/content/Dataset/Test/Real/real_361.jpg,1,1,True,0.015133308246731758,0.9848666787147522
/content/Dataset/Test/Real/real_3610.jpg,1,1,True,4.60153169115074e-05,0.9999539852142334
/content/Dataset/Test/Real/real_3611.jpg,1,1,True,2.5006978830788285e-05,0.9999749660491943
/content/Dataset/Test/Real/real_3612.jpg,1,1,True,2.2524922314914875e-05,0.9999774694442749
/content/Dataset/Test/Real/real_3613.jpg,1,1,True,0.005807159934192896,0.9941927790641785
/content/Dataset/Test/Real/real_3614.jpg,1,1,True,0.00031453394331038,0.999685525894165
/content/Dataset/Test/Real/real_3615.jpg,1,1,True,0.06353772431612015,0.9364622831344604
/content/Dataset/Test/Real/real_3616.jpg,1,1,True,0.03548455610871315,0.9645154476165771
/content/Dataset/Test/Real/real_3617.jpg,1,1,True,0.033582307398319244,0.966417670249939
/content/Dataset/Test/Real/real_3618.jpg,1,1,True,0.004839286208152771,0.9951607584953308
/content/Dataset/Test/Real/real_3619.jpg,1,1,True,3.42096450367535e-06,0.999996542930603
/content/Dataset/Test/Real/real_362.jpg,1,1,True,0.0015324740670621395,0.9984675049781799
/content/Dataset/Test/Real/real_3620.jpg,1,1,True,9.82205310720019e-05,0.9999017715454102
/content/Dataset/Test/Real/real_3621.jpg,1,1,True,1.070191274266108e-06,0.999998927116394
/content/Dataset/Test/Real/real_3622.jpg,1,1,True,2.890131554522668e-06,0.9999971389770508
/content/Dataset/Test/Real/real_3623.jpg,1,1,True,0.000557379680685699,0.9994426369667053
/content/Dataset/Test/Real/real_3624.jpg,1,1,True,0.0005953767104074359,0.9994046688079834
/content/Dataset/Test/Real/real_3625.jpg,1,1,True,0.005627625621855259,0.9943723678588867
/content/Dataset/Test/Real/real_3626.jpg,1,1,True,0.0015700086951255798,0.9984299540519714
/content/Dataset/Test/Real/real_3627.jpg,1,1,True,3.551233385223895e-05,0.9999644756317139
/content/Dataset/Test/Real/real_3628.jpg,1,1,True,8.822304516797885e-05,0.9999117851257324
/content/Dataset/Test/Real/real_3629.jpg,1,0,False,0.6969850659370422,0.3030149042606354
/content/Dataset/Test/Real/real_363.jpg,1,1,True,0.0007185795111581683,0.9992814660072327
/content/Dataset/Test/Real/real_3630.jpg,1,0,False,0.6739824414253235,0.3260175585746765
/content/Dataset/Test/Real/real_3631.jpg,1,1,True,7.288687811524142e-06,0.9999927282333374
/content/Dataset/Test/Real/real_3632.jpg,1,1,True,7.206071313703433e-05,0.9999278783798218
/content/Dataset/Test/Real/real_3633.jpg,1,1,True,3.1193578706734115e-06,0.9999969005584717
/content/Dataset/Test/Real/real_3634.jpg,1,1,True,0.0002349000860704109,0.9997650980949402
/content/Dataset/Test/Real/real_3635.jpg,1,0,False,0.8365293741226196,0.1634705662727356
/content/Dataset/Test/Real/real_3636.jpg,1,1,True,4.069368515047245e-05,0.9999593496322632
/content/Dataset/Test/Real/real_3637.jpg,1,1,True,0.011263991706073284,0.9887359738349915
/content/Dataset/Test/Real/real_3638.jpg,1,0,False,0.7780182361602783,0.22198177874088287
/content/Dataset/Test/Real/real_3639.jpg,1,1,True,0.44246408343315125,0.5575359463691711
/content/Dataset/Test/Real/real_364.jpg,1,1,True,6.156753079267219e-05,0.9999384880065918
/content/Dataset/Test/Real/real_3640.jpg,1,1,True,1.455231995350914e-06,0.9999985694885254
/content/Dataset/Test/Real/real_3641.jpg,1,0,False,0.9922516942024231,0.00774828577414155
/content/Dataset/Test/Real/real_3642.jpg,1,1,True,0.004704311955720186,0.9952957034111023
/content/Dataset/Test/Real/real_3643.jpg,1,0,False,0.9924615025520325,0.007538462523370981
/content/Dataset/Test/Real/real_3644.jpg,1,1,True,0.0027253672014921904,0.9972745776176453
/content/Dataset/Test/Real/real_3645.jpg,1,1,True,2.6536508812569082e-05,0.9999734163284302
/content/Dataset/Test/Real/real_3646.jpg,1,1,True,7.414779247483239e-06,0.9999926090240479
/content/Dataset/Test/Real/real_3647.jpg,1,1,True,5.772206714027561e-05,0.9999423027038574
/content/Dataset/Test/Real/real_3648.jpg,1,1,True,3.142137938993983e-05,0.9999685287475586
/content/Dataset/Test/Real/real_3649.jpg,1,0,False,0.9972713589668274,0.0027286848053336143
/content/Dataset/Test/Real/real_365.jpg,1,1,True,1.536995841888711e-05,0.999984622001648
/content/Dataset/Test/Real/real_3650.jpg,1,1,True,0.0007637637318111956,0.9992362260818481
/content/Dataset/Test/Real/real_3651.jpg,1,1,True,0.1699434369802475,0.8300565481185913
/content/Dataset/Test/Real/real_3652.jpg,1,1,True,1.3269475857669022e-05,0.9999867677688599
/content/Dataset/Test/Real/real_3653.jpg,1,1,True,3.869197826134041e-06,0.9999961853027344
/content/Dataset/Test/Real/real_3654.jpg,1,1,True,9.789709292817861e-05,0.9999021291732788
/content/Dataset/Test/Real/real_3655.jpg,1,1,True,0.00028059116448275745,0.9997194409370422
/content/Dataset/Test/Real/real_3656.jpg,1,1,True,0.4282340109348297,0.5717659592628479
/content/Dataset/Test/Real/real_3657.jpg,1,1,True,0.0028032187838107347,0.9971967935562134
/content/Dataset/Test/Real/real_3658.jpg,1,1,True,2.3900547603261657e-06,0.999997615814209
/content/Dataset/Test/Real/real_3659.jpg,1,1,True,0.0004420482146088034,0.9995579123497009
/content/Dataset/Test/Real/real_366.jpg,1,1,True,8.745302693569101e-06,0.9999912977218628
/content/Dataset/Test/Real/real_3660.jpg,1,1,True,0.0004763846518471837,0.9995236396789551
/content/Dataset/Test/Real/real_3661.jpg,1,0,False,0.8274523019790649,0.17254774272441864
/content/Dataset/Test/Real/real_3662.jpg,1,1,True,0.0001667022006586194,0.9998332262039185
/content/Dataset/Test/Real/real_3663.jpg,1,1,True,0.000950828252825886,0.9990491271018982
/content/Dataset/Test/Real/real_3664.jpg,1,1,True,3.5030872822972015e-05,0.9999649524688721
/content/Dataset/Test/Real/real_3665.jpg,1,1,True,0.00024222592764999717,0.9997578263282776
/content/Dataset/Test/Real/real_3666.jpg,1,1,True,9.87558905762853e-07,0.9999990463256836
/content/Dataset/Test/Real/real_3667.jpg,1,1,True,4.005910886917263e-05,0.9999599456787109
/content/Dataset/Test/Real/real_3668.jpg,1,1,True,0.00011374952009646222,0.9998862743377686
/content/Dataset/Test/Real/real_3669.jpg,1,1,True,0.00011139530397485942,0.99988853931427
/content/Dataset/Test/Real/real_367.jpg,1,1,True,0.00010726770415203646,0.9998927116394043
/content/Dataset/Test/Real/real_3670.jpg,1,1,True,0.00244310824200511,0.9975569248199463
/content/Dataset/Test/Real/real_3671.jpg,1,1,True,5.593057267105905e-06,0.9999943971633911
/content/Dataset/Test/Real/real_3672.jpg,1,1,True,6.092989679018501e-06,0.9999939203262329
/content/Dataset/Test/Real/real_3673.jpg,1,1,True,4.157301191298757e-06,0.9999958276748657
/content/Dataset/Test/Real/real_3674.jpg,1,1,True,4.088019340997562e-05,0.9999591112136841
/content/Dataset/Test/Real/real_3675.jpg,1,1,True,4.495438588492107e-06,0.9999954700469971
/content/Dataset/Test/Real/real_3676.jpg,1,1,True,4.041557986056432e-05,0.9999595880508423
/content/Dataset/Test/Real/real_3677.jpg,1,1,True,3.354889486217871e-05,0.9999665021896362
/content/Dataset/Test/Real/real_3678.jpg,1,1,True,0.04909386485815048,0.9509061574935913
/content/Dataset/Test/Real/real_3679.jpg,1,1,True,1.1315431038383394e-05,0.9999886751174927
/content/Dataset/Test/Real/real_368.jpg,1,1,True,0.013953984715044498,0.9860460162162781
/content/Dataset/Test/Real/real_3680.jpg,1,1,True,8.999657438835129e-05,0.9999099969863892
/content/Dataset/Test/Real/real_3681.jpg,1,1,True,0.0844036117196083,0.9155963659286499
/content/Dataset/Test/Real/real_3682.jpg,1,1,True,5.898700328543782e-05,0.9999409914016724
/content/Dataset/Test/Real/real_3683.jpg,1,1,True,0.25866466760635376,0.7413353323936462
/content/Dataset/Test/Real/real_3684.jpg,1,1,True,9.630298336560372e-06,0.9999903440475464
/content/Dataset/Test/Real/real_3685.jpg,1,0,False,0.9944566488265991,0.005543379113078117
/content/Dataset/Test/Real/real_3686.jpg,1,1,True,3.647384073701687e-05,0.9999635219573975
/content/Dataset/Test/Real/real_3687.jpg,1,0,False,0.9864495396614075,0.013550428673624992
/content/Dataset/Test/Real/real_3688.jpg,1,0,False,0.9941275119781494,0.0058724964037537575
/content/Dataset/Test/Real/real_3689.jpg,1,1,True,0.07088416069746017,0.9291158318519592
/content/Dataset/Test/Real/real_369.jpg,1,1,True,9.127411431109067e-07,0.9999990463256836
/content/Dataset/Test/Real/real_3690.jpg,1,1,True,1.340661015092337e-06,0.9999986886978149
/content/Dataset/Test/Real/real_3691.jpg,1,0,False,0.9992891550064087,0.0007108051213435829
/content/Dataset/Test/Real/real_3692.jpg,1,1,True,0.0010212404886260629,0.9989787340164185
/content/Dataset/Test/Real/real_3693.jpg,1,0,False,0.966850996017456,0.03314899280667305
/content/Dataset/Test/Real/real_3694.jpg,1,1,True,0.0005925387958995998,0.9994074106216431
/content/Dataset/Test/Real/real_3695.jpg,1,1,True,2.2917518435860984e-05,0.9999771118164062
/content/Dataset/Test/Real/real_3696.jpg,1,1,True,0.002741305623203516,0.9972586631774902
/content/Dataset/Test/Real/real_3697.jpg,1,1,True,0.062041278928518295,0.9379587769508362
/content/Dataset/Test/Real/real_3698.jpg,1,1,True,0.00548601895570755,0.994513988494873
/content/Dataset/Test/Real/real_3699.jpg,1,1,True,0.47931963205337524,0.52068030834198
/content/Dataset/Test/Real/real_37.jpg,1,1,True,0.00593945849686861,0.9940605759620667
/content/Dataset/Test/Real/real_370.jpg,1,1,True,2.7616256375040393e-06,0.9999972581863403
/content/Dataset/Test/Real/real_3700.jpg,1,0,False,0.5802007913589478,0.41979917883872986
/content/Dataset/Test/Real/real_3701.jpg,1,1,True,0.19143369793891907,0.8085662722587585
/content/Dataset/Test/Real/real_3702.jpg,1,1,True,7.920887583168224e-06,0.9999921321868896
/content/Dataset/Test/Real/real_3703.jpg,1,1,True,0.00010103788372362033,0.9998989105224609
/content/Dataset/Test/Real/real_3704.jpg,1,1,True,0.011539686471223831,0.9884603023529053
/content/Dataset/Test/Real/real_3705.jpg,1,0,False,0.914789617061615,0.08521033078432083
/content/Dataset/Test/Real/real_3706.jpg,1,1,True,4.535296739049954e-06,0.9999954700469971
/content/Dataset/Test/Real/real_3707.jpg,1,1,True,3.0438417525147088e-05,0.9999696016311646
/content/Dataset/Test/Real/real_3708.jpg,1,1,True,0.04114128276705742,0.9588587284088135
/content/Dataset/Test/Real/real_3709.jpg,1,1,True,9.017216507345438e-05,0.9999098777770996
/content/Dataset/Test/Real/real_371.jpg,1,1,True,0.004624006804078817,0.9953759908676147
/content/Dataset/Test/Real/real_3710.jpg,1,1,True,0.0004182536795269698,0.9995817542076111
/content/Dataset/Test/Real/real_3711.jpg,1,1,True,0.00021205877419561148,0.9997879862785339
/content/Dataset/Test/Real/real_3712.jpg,1,0,False,0.9985860586166382,0.001413918100297451
/content/Dataset/Test/Real/real_3713.jpg,1,0,False,0.997166097164154,0.002833839040249586
/content/Dataset/Test/Real/real_3714.jpg,1,0,False,0.9971442818641663,0.0028557165060192347
/content/Dataset/Test/Real/real_3715.jpg,1,1,True,0.0006204453529790044,0.9993795156478882
/content/Dataset/Test/Real/real_3716.jpg,1,0,False,0.6142974495887756,0.3857024908065796
/content/Dataset/Test/Real/real_3717.jpg,1,1,True,0.018643176183104515,0.9813568592071533
/content/Dataset/Test/Real/real_3718.jpg,1,1,True,0.11257447302341461,0.8874255418777466
/content/Dataset/Test/Real/real_3719.jpg,1,1,True,0.008324402384459972,0.991675615310669
/content/Dataset/Test/Real/real_372.jpg,1,0,False,0.9678152203559875,0.032184842973947525
/content/Dataset/Test/Real/real_3720.jpg,1,1,True,0.05824979394674301,0.9417502284049988
/content/Dataset/Test/Real/real_3721.jpg,1,1,True,4.590848675434245e-06,0.9999953508377075
/content/Dataset/Test/Real/real_3722.jpg,1,1,True,0.00012770121975336224,0.9998723268508911
/content/Dataset/Test/Real/real_3723.jpg,1,1,True,3.4693134693952743e-06,0.999996542930603
/content/Dataset/Test/Real/real_3724.jpg,1,1,True,2.4372280677198432e-05,0.9999756813049316
/content/Dataset/Test/Real/real_3725.jpg,1,1,True,0.005385500378906727,0.9946145415306091
/content/Dataset/Test/Real/real_3726.jpg,1,1,True,4.119987352169119e-06,0.9999958276748657
/content/Dataset/Test/Real/real_3727.jpg,1,1,True,0.10789372771978378,0.8921062350273132
/content/Dataset/Test/Real/real_3728.jpg,1,1,True,4.101835656911135e-05,0.9999589920043945
/content/Dataset/Test/Real/real_3729.jpg,1,1,True,2.4786429548839806e-06,0.9999974966049194
/content/Dataset/Test/Real/real_373.jpg,1,1,True,0.042488932609558105,0.9575110673904419
/content/Dataset/Test/Real/real_3730.jpg,1,1,True,6.037495495547773e-06,0.9999939203262329
/content/Dataset/Test/Real/real_3731.jpg,1,1,True,6.441654022637522e-06,0.9999935626983643
/content/Dataset/Test/Real/real_3732.jpg,1,1,True,4.673617513617501e-05,0.9999532699584961
/content/Dataset/Test/Real/real_3733.jpg,1,1,True,0.0003971756377723068,0.9996028542518616
/content/Dataset/Test/Real/real_3734.jpg,1,0,False,0.996921956539154,0.0030779950320720673
/content/Dataset/Test/Real/real_3735.jpg,1,1,True,1.1388626717234729e-06,0.9999988079071045
/content/Dataset/Test/Real/real_3736.jpg,1,0,False,0.6031215786933899,0.3968784213066101
/content/Dataset/Test/Real/real_3737.jpg,1,1,True,0.03202696144580841,0.967972993850708
/content/Dataset/Test/Real/real_3738.jpg,1,1,True,0.0009649530984461308,0.999035120010376
/content/Dataset/Test/Real/real_3739.jpg,1,1,True,3.131327321170829e-05,0.9999686479568481
/content/Dataset/Test/Real/real_374.jpg,1,1,True,7.05568709236104e-06,0.9999929666519165
/content/Dataset/Test/Real/real_3740.jpg,1,1,True,0.00021547799406107515,0.999784529209137
/content/Dataset/Test/Real/real_3741.jpg,1,1,True,3.888688297593035e-06,0.9999960660934448
/content/Dataset/Test/Real/real_3742.jpg,1,0,False,0.8582925200462341,0.14170747995376587
/content/Dataset/Test/Real/real_3743.jpg,1,1,True,0.007242411840707064,0.9927575588226318
/content/Dataset/Test/Real/real_3744.jpg,1,1,True,0.00015281335799954832,0.9998471736907959
/content/Dataset/Test/Real/real_3745.jpg,1,1,True,0.016067517921328545,0.9839324951171875
/content/Dataset/Test/Real/real_3746.jpg,1,1,True,0.003045734716579318,0.9969542026519775
/content/Dataset/Test/Real/real_3747.jpg,1,1,True,2.767571004369529e-06,0.9999972581863403
/content/Dataset/Test/Real/real_3748.jpg,1,1,True,1.5756595530547202e-06,0.9999984502792358
/content/Dataset/Test/Real/real_3749.jpg,1,0,False,0.7633985280990601,0.23660145699977875
/content/Dataset/Test/Real/real_375.jpg,1,1,True,3.932623076252639e-05,0.9999606609344482
/content/Dataset/Test/Real/real_3750.jpg,1,1,True,0.40118563175201416,0.5988143682479858
/content/Dataset/Test/Real/real_3751.jpg,1,0,False,0.9993072748184204,0.0006926736677996814
/content/Dataset/Test/Real/real_3752.jpg,1,1,True,0.018905149772763252,0.9810948371887207
/content/Dataset/Test/Real/real_3753.jpg,1,0,False,0.9658936858177185,0.03410634770989418
/content/Dataset/Test/Real/real_3754.jpg,1,1,True,0.00021791541075799614,0.999782145023346
/content/Dataset/Test/Real/real_3755.jpg,1,1,True,0.00017426912381779402,0.9998257756233215
/content/Dataset/Test/Real/real_3756.jpg,1,1,True,0.00010647607268765569,0.9998935461044312
/content/Dataset/Test/Real/real_3757.jpg,1,1,True,0.004314237739890814,0.9956858158111572
/content/Dataset/Test/Real/real_3758.jpg,1,1,True,2.9034747512923786e-06,0.9999971389770508
/content/Dataset/Test/Real/real_3759.jpg,1,1,True,0.002220460679382086,0.9977795481681824
/content/Dataset/Test/Real/real_376.jpg,1,1,True,0.05071653053164482,0.9492834210395813
/content/Dataset/Test/Real/real_3760.jpg,1,1,True,4.4009499106323346e-05,0.9999560117721558
/content/Dataset/Test/Real/real_3761.jpg,1,1,True,2.7949732611887157e-05,0.9999721050262451
/content/Dataset/Test/Real/real_3762.jpg,1,1,True,4.370971510070376e-06,0.9999955892562866
/content/Dataset/Test/Real/real_3763.jpg,1,1,True,4.152233486820478e-06,0.9999958276748657
/content/Dataset/Test/Real/real_3764.jpg,1,1,True,2.2663095933239674e-06,0.9999977350234985
/content/Dataset/Test/Real/real_3765.jpg,1,1,True,0.0035207087639719248,0.996479332447052
/content/Dataset/Test/Real/real_3766.jpg,1,1,True,0.05269959568977356,0.947300374507904
/content/Dataset/Test/Real/real_3767.jpg,1,1,True,0.00020822706574108452,0.9997918009757996
/content/Dataset/Test/Real/real_3768.jpg,1,1,True,1.5667808838770725e-05,0.9999843835830688
/content/Dataset/Test/Real/real_3769.jpg,1,1,True,4.553985490929335e-06,0.9999954700469971
/content/Dataset/Test/Real/real_377.jpg,1,1,True,1.4024532902112696e-05,0.999985933303833
/content/Dataset/Test/Real/real_3770.jpg,1,1,True,1.0450929949001875e-05,0.9999895095825195
/content/Dataset/Test/Real/real_3771.jpg,1,1,True,0.009886126033961773,0.9901138544082642
/content/Dataset/Test/Real/real_3772.jpg,1,1,True,0.0005201735766604543,0.9994798302650452
/content/Dataset/Test/Real/real_3773.jpg,1,1,True,0.031202415004372597,0.9687975645065308
/content/Dataset/Test/Real/real_3774.jpg,1,1,True,0.00040960244950838387,0.9995904564857483
/content/Dataset/Test/Real/real_3775.jpg,1,0,False,0.9871482253074646,0.012851758860051632
/content/Dataset/Test/Real/real_3776.jpg,1,1,True,0.001209672656841576,0.9987903237342834
/content/Dataset/Test/Real/real_3777.jpg,1,1,True,0.02779483050107956,0.9722051620483398
/content/Dataset/Test/Real/real_3778.jpg,1,0,False,0.8660183548927307,0.13398168981075287
/content/Dataset/Test/Real/real_3779.jpg,1,1,True,0.306208997964859,0.6937910318374634
/content/Dataset/Test/Real/real_378.jpg,1,1,True,4.7777502913959324e-05,0.9999521970748901
/content/Dataset/Test/Real/real_3780.jpg,1,1,True,0.0001921032671816647,0.9998078942298889
/content/Dataset/Test/Real/real_3781.jpg,1,1,True,0.0036228729877620935,0.996377170085907
/content/Dataset/Test/Real/real_3782.jpg,1,1,True,2.3608748961123638e-05,0.999976396560669
/content/Dataset/Test/Real/real_3783.jpg,1,1,True,5.222749678068794e-06,0.9999947547912598
/content/Dataset/Test/Real/real_3784.jpg,1,1,True,1.2222910754644545e-06,0.9999988079071045
/content/Dataset/Test/Real/real_3785.jpg,1,1,True,0.00027927858172915876,0.9997207522392273
/content/Dataset/Test/Real/real_3786.jpg,1,0,False,0.954376757144928,0.04562321677803993
/content/Dataset/Test/Real/real_3787.jpg,1,1,True,0.05649537220597267,0.9435046315193176
/content/Dataset/Test/Real/real_3788.jpg,1,1,True,7.645107871212531e-06,0.9999923706054688
/content/Dataset/Test/Real/real_3789.jpg,1,1,True,0.00010664169531082734,0.999893307685852
/content/Dataset/Test/Real/real_379.jpg,1,1,True,0.00035804472281597555,0.9996418952941895
/content/Dataset/Test/Real/real_3790.jpg,1,1,True,0.0993625819683075,0.9006373882293701
/content/Dataset/Test/Real/real_3791.jpg,1,1,True,0.0005753430305048823,0.9994246959686279
/content/Dataset/Test/Real/real_3792.jpg,1,1,True,0.13880249857902527,0.8611975312232971
/content/Dataset/Test/Real/real_3793.jpg,1,1,True,1.8052138557322905e-06,0.9999982118606567
/content/Dataset/Test/Real/real_3794.jpg,1,1,True,1.0411142739030765e-06,0.999998927116394
/content/Dataset/Test/Real/real_3795.jpg,1,1,True,0.0019260875415056944,0.998073935508728
/content/Dataset/Test/Real/real_3796.jpg,1,1,True,0.2466714233160019,0.7533286213874817
/content/Dataset/Test/Real/real_3797.jpg,1,1,True,5.388824320107233e-06,0.9999946355819702
/content/Dataset/Test/Real/real_3798.jpg,1,0,False,0.9128270149230957,0.0871729627251625
/content/Dataset/Test/Real/real_3799.jpg,1,1,True,0.0018448198679834604,0.9981551766395569
/content/Dataset/Test/Real/real_38.jpg,1,1,True,6.389540067175403e-05,0.9999361038208008
/content/Dataset/Test/Real/real_380.jpg,1,1,True,0.238444983959198,0.761555016040802
/content/Dataset/Test/Real/real_3800.jpg,1,1,True,0.03176040202379227,0.9682396054267883
/content/Dataset/Test/Real/real_3801.jpg,1,1,True,0.0003230044967494905,0.9996770620346069
/content/Dataset/Test/Real/real_3802.jpg,1,1,True,7.116787310224026e-05,0.9999288320541382
/content/Dataset/Test/Real/real_3803.jpg,1,1,True,2.2850428649690002e-05,0.9999771118164062
/content/Dataset/Test/Real/real_3804.jpg,1,1,True,5.681258699041791e-05,0.9999431371688843
/content/Dataset/Test/Real/real_3805.jpg,1,1,True,0.015878671780228615,0.9841213226318359
/content/Dataset/Test/Real/real_3806.jpg,1,1,True,0.0013675868976861238,0.9986323714256287
/content/Dataset/Test/Real/real_3807.jpg,1,1,True,0.00010984156688209623,0.9998900890350342
/content/Dataset/Test/Real/real_3808.jpg,1,1,True,0.0001303068856941536,0.999869704246521
/content/Dataset/Test/Real/real_3809.jpg,1,1,True,0.00031583386589773,0.99968421459198
/content/Dataset/Test/Real/real_381.jpg,1,1,True,0.0009560133912600577,0.9990440011024475
/content/Dataset/Test/Real/real_3810.jpg,1,1,True,0.0003961680340580642,0.999603807926178
/content/Dataset/Test/Real/real_3811.jpg,1,1,True,2.2396552594727837e-05,0.9999775886535645
/content/Dataset/Test/Real/real_3812.jpg,1,1,True,1.6001689573386102e-06,0.9999984502792358
/content/Dataset/Test/Real/real_3813.jpg,1,1,True,3.278117219451815e-05,0.9999672174453735
/content/Dataset/Test/Real/real_3814.jpg,1,1,True,0.004992011468857527,0.9950079917907715
/content/Dataset/Test/Real/real_3815.jpg,1,1,True,0.00032791082048788667,0.9996720552444458
/content/Dataset/Test/Real/real_3816.jpg,1,1,True,2.5843834009720013e-05,0.9999741315841675
/content/Dataset/Test/Real/real_3817.jpg,1,1,True,0.0007420088513754308,0.9992579817771912
/content/Dataset/Test/Real/real_3818.jpg,1,1,True,0.010280419141054153,0.9897196292877197
/content/Dataset/Test/Real/real_3819.jpg,1,1,True,8.924873213800311e-07,0.9999991655349731
/content/Dataset/Test/Real/real_382.jpg,1,1,True,3.17233098030556e-05,0.9999682903289795
/content/Dataset/Test/Real/real_3820.jpg,1,1,True,5.791736839455552e-06,0.999994158744812
/content/Dataset/Test/Real/real_3821.jpg,1,1,True,0.0007797160069458187,0.9992202520370483
/content/Dataset/Test/Real/real_3822.jpg,1,1,True,5.104626779939281e-06,0.9999948740005493
/content/Dataset/Test/Real/real_3823.jpg,1,1,True,0.005583601538091898,0.994416356086731
/content/Dataset/Test/Real/real_3824.jpg,1,1,True,0.0009907070780172944,0.9990092515945435
/content/Dataset/Test/Real/real_3825.jpg,1,1,True,1.6300356946885586e-05,0.9999836683273315
/content/Dataset/Test/Real/real_3826.jpg,1,1,True,5.904283534619026e-05,0.9999409914016724
/content/Dataset/Test/Real/real_3827.jpg,1,1,True,0.00047885975800454617,0.9995211362838745
/content/Dataset/Test/Real/real_3828.jpg,1,1,True,4.6516224756487645e-06,0.9999953508377075
/content/Dataset/Test/Real/real_3829.jpg,1,1,True,3.605165829867474e-06,0.9999964237213135
/content/Dataset/Test/Real/real_383.jpg,1,1,True,0.00019230286125093699,0.9998077750205994
/content/Dataset/Test/Real/real_3830.jpg,1,1,True,0.03823482617735863,0.9617651700973511
/content/Dataset/Test/Real/real_3831.jpg,1,1,True,0.0007508132257498801,0.9992491602897644
/content/Dataset/Test/Real/real_3832.jpg,1,1,True,0.0013612171169370413,0.9986388087272644
/content/Dataset/Test/Real/real_3833.jpg,1,1,True,4.374600757728331e-05,0.9999562501907349
/content/Dataset/Test/Real/real_3834.jpg,1,1,True,4.1491912270430475e-05,0.9999585151672363
/content/Dataset/Test/Real/real_3835.jpg,1,1,True,2.5436793293920346e-05,0.9999746084213257
/content/Dataset/Test/Real/real_3836.jpg,1,1,True,0.000402862555347383,0.9995971322059631
/content/Dataset/Test/Real/real_3837.jpg,1,1,True,0.00014521629782393575,0.9998548030853271
/content/Dataset/Test/Real/real_3838.jpg,1,1,True,0.05580763518810272,0.9441923499107361
/content/Dataset/Test/Real/real_3839.jpg,1,0,False,0.984097421169281,0.015902571380138397
/content/Dataset/Test/Real/real_384.jpg,1,1,True,0.0003888437640853226,0.9996111989021301
/content/Dataset/Test/Real/real_3840.jpg,1,0,False,0.7457408905029297,0.2542591094970703
/content/Dataset/Test/Real/real_3841.jpg,1,1,True,8.803191121842247e-06,0.9999911785125732
/content/Dataset/Test/Real/real_3842.jpg,1,1,True,0.11296624690294266,0.8870337605476379
/content/Dataset/Test/Real/real_3843.jpg,1,1,True,0.03895653784275055,0.9610434174537659
/content/Dataset/Test/Real/real_3844.jpg,1,1,True,3.0975249956100015e-06,0.9999969005584717
/content/Dataset/Test/Real/real_3845.jpg,1,1,True,0.034996531903743744,0.9650034308433533
/content/Dataset/Test/Real/real_3846.jpg,1,1,True,0.24286487698554993,0.7571351528167725
/content/Dataset/Test/Real/real_3847.jpg,1,1,True,0.4574907124042511,0.5425093173980713
/content/Dataset/Test/Real/real_3848.jpg,1,1,True,0.00022977076878305525,0.9997702240943909
/content/Dataset/Test/Real/real_3849.jpg,1,1,True,0.009634125977754593,0.9903658628463745
/content/Dataset/Test/Real/real_385.jpg,1,1,True,5.89174703691242e-07,0.9999994039535522
/content/Dataset/Test/Real/real_3850.jpg,1,1,True,0.23695985972881317,0.7630401253700256
/content/Dataset/Test/Real/real_3851.jpg,1,1,True,1.4577832189388573e-05,0.9999854564666748
/content/Dataset/Test/Real/real_3852.jpg,1,1,True,1.0678132639441174e-05,0.9999892711639404
/content/Dataset/Test/Real/real_3853.jpg,1,1,True,1.7168631529784761e-06,0.9999983310699463
/content/Dataset/Test/Real/real_3854.jpg,1,1,True,7.97577558842022e-06,0.9999920129776001
/content/Dataset/Test/Real/real_3855.jpg,1,1,True,0.0016878389287739992,0.9983121156692505
/content/Dataset/Test/Real/real_3856.jpg,1,1,True,4.47047314082738e-05,0.9999552965164185
/content/Dataset/Test/Real/real_3857.jpg,1,0,False,0.6155179142951965,0.38448211550712585
/content/Dataset/Test/Real/real_3858.jpg,1,1,True,9.536261495668441e-05,0.9999046325683594
/content/Dataset/Test/Real/real_3859.jpg,1,1,True,0.0013711439678445458,0.9986288547515869
/content/Dataset/Test/Real/real_386.jpg,1,1,True,1.3592873528978089e-06,0.9999986886978149
/content/Dataset/Test/Real/real_3860.jpg,1,0,False,0.9974728226661682,0.002527110045775771
/content/Dataset/Test/Real/real_3861.jpg,1,0,False,0.9499393701553345,0.05006055533885956
/content/Dataset/Test/Real/real_3862.jpg,1,1,True,0.4196878969669342,0.5803120732307434
/content/Dataset/Test/Real/real_3863.jpg,1,1,True,0.022710125893354416,0.9772899150848389
/content/Dataset/Test/Real/real_3864.jpg,1,0,False,0.9980093836784363,0.001990691991522908
/content/Dataset/Test/Real/real_3865.jpg,1,0,False,0.5043380856513977,0.4956618845462799
/content/Dataset/Test/Real/real_3866.jpg,1,0,False,0.507222056388855,0.492777943611145
/content/Dataset/Test/Real/real_3867.jpg,1,1,True,0.00010844592907233164,0.9998915195465088
/content/Dataset/Test/Real/real_3868.jpg,1,1,True,3.926291810785187e-06,0.9999960660934448
/content/Dataset/Test/Real/real_3869.jpg,1,1,True,0.09446696937084198,0.9055330157279968
/content/Dataset/Test/Real/real_387.jpg,1,1,True,7.258817731781164e-06,0.9999927282333374
/content/Dataset/Test/Real/real_3870.jpg,1,1,True,0.00012358273670542985,0.9998763799667358
/content/Dataset/Test/Real/real_3871.jpg,1,0,False,0.5375105142593384,0.4624895453453064
/content/Dataset/Test/Real/real_3872.jpg,1,0,False,0.9839533567428589,0.01604665070772171
/content/Dataset/Test/Real/real_3873.jpg,1,1,True,0.0001229773333761841,0.9998769760131836
/content/Dataset/Test/Real/real_3874.jpg,1,1,True,4.7144960262812674e-05,0.9999529123306274
/content/Dataset/Test/Real/real_3875.jpg,1,1,True,0.005079839378595352,0.9949201941490173
/content/Dataset/Test/Real/real_3876.jpg,1,0,False,0.5456212162971497,0.45437872409820557
/content/Dataset/Test/Real/real_3877.jpg,1,1,True,0.0014026586432009935,0.9985973238945007
/content/Dataset/Test/Real/real_3878.jpg,1,1,True,0.00017868347640614957,0.9998213648796082
/content/Dataset/Test/Real/real_3879.jpg,1,1,True,5.049816081736935e-06,0.9999949932098389
/content/Dataset/Test/Real/real_388.jpg,1,1,True,0.000739801675081253,0.9992601275444031
/content/Dataset/Test/Real/real_3880.jpg,1,1,True,0.047224294394254684,0.9527757167816162
/content/Dataset/Test/Real/real_3881.jpg,1,1,True,0.0026677409186959267,0.9973323345184326
/content/Dataset/Test/Real/real_3882.jpg,1,1,True,4.166644885117421e-06,0.9999958276748657
/content/Dataset/Test/Real/real_3883.jpg,1,1,True,0.004316310863941908,0.9956836700439453
/content/Dataset/Test/Real/real_3884.jpg,1,1,True,0.00012404222798068076,0.9998759031295776
/content/Dataset/Test/Real/real_3885.jpg,1,1,True,0.25804218649864197,0.7419578433036804
/content/Dataset/Test/Real/real_3886.jpg,1,1,True,0.0023347206879407167,0.997665286064148
/content/Dataset/Test/Real/real_3887.jpg,1,1,True,0.004472586326301098,0.995527446269989
/content/Dataset/Test/Real/real_3888.jpg,1,1,True,0.006631289608776569,0.9933686852455139
/content/Dataset/Test/Real/real_3889.jpg,1,1,True,1.1017782526323572e-06,0.999998927116394
/content/Dataset/Test/Real/real_389.jpg,1,1,True,1.9408702428336255e-05,0.9999805688858032
/content/Dataset/Test/Real/real_3890.jpg,1,1,True,0.10636121034622192,0.8936387896537781
/content/Dataset/Test/Real/real_3891.jpg,1,1,True,9.734814057082986e-07,0.9999990463256836
/content/Dataset/Test/Real/real_3892.jpg,1,0,False,0.9453029632568359,0.05469702556729317
/content/Dataset/Test/Real/real_3893.jpg,1,1,True,0.2571560740470886,0.7428439259529114
/content/Dataset/Test/Real/real_3894.jpg,1,1,True,3.674941763165407e-05,0.9999632835388184
/content/Dataset/Test/Real/real_3895.jpg,1,0,False,0.943856418132782,0.056143537163734436
/content/Dataset/Test/Real/real_3896.jpg,1,0,False,0.5876810550689697,0.4123189449310303
/content/Dataset/Test/Real/real_3897.jpg,1,1,True,4.94512732984731e-06,0.9999951124191284
/content/Dataset/Test/Real/real_3898.jpg,1,1,True,0.0039377352222800255,0.9960622191429138
/content/Dataset/Test/Real/real_3899.jpg,1,1,True,0.000189130223589018,0.9998108744621277
/content/Dataset/Test/Real/real_39.jpg,1,1,True,0.0015872493386268616,0.9984127283096313
/content/Dataset/Test/Real/real_390.jpg,1,1,True,0.015508199110627174,0.9844918847084045
/content/Dataset/Test/Real/real_3900.jpg,1,1,True,0.00020026117272209376,0.9997997879981995
/content/Dataset/Test/Real/real_3901.jpg,1,1,True,0.24111926555633545,0.7588807344436646
/content/Dataset/Test/Real/real_3902.jpg,1,1,True,0.0013548569986596704,0.9986451268196106
/content/Dataset/Test/Real/real_3903.jpg,1,1,True,0.0003804267034865916,0.9996196031570435
/content/Dataset/Test/Real/real_3904.jpg,1,0,False,0.995589017868042,0.004410952795296907
/content/Dataset/Test/Real/real_3905.jpg,1,1,True,0.00010318541899323463,0.999896764755249
/content/Dataset/Test/Real/real_3906.jpg,1,1,True,0.012770911678671837,0.9872291088104248
/content/Dataset/Test/Real/real_3907.jpg,1,1,True,0.013767354190349579,0.9862326383590698
/content/Dataset/Test/Real/real_3908.jpg,1,1,True,0.06390836089849472,0.9360916018486023
/content/Dataset/Test/Real/real_3909.jpg,1,0,False,0.9594888687133789,0.04051104933023453
/content/Dataset/Test/Real/real_391.jpg,1,1,True,3.359804850333603e-06,0.9999966621398926
/content/Dataset/Test/Real/real_3910.jpg,1,1,True,6.520489023387199e-06,0.9999934434890747
/content/Dataset/Test/Real/real_3911.jpg,1,1,True,0.0006483454490080476,0.9993516802787781
/content/Dataset/Test/Real/real_3912.jpg,1,1,True,1.1508344641697477e-06,0.9999988079071045
/content/Dataset/Test/Real/real_3913.jpg,1,1,True,0.007285831496119499,0.9927141070365906
/content/Dataset/Test/Real/real_3914.jpg,1,0,False,0.9773767590522766,0.022623253986239433
/content/Dataset/Test/Real/real_3915.jpg,1,0,False,0.8693721294403076,0.13062790036201477
/content/Dataset/Test/Real/real_3916.jpg,1,0,False,0.9514822363853455,0.04851781204342842
/content/Dataset/Test/Real/real_3917.jpg,1,1,True,0.09664416313171387,0.9033557772636414
/content/Dataset/Test/Real/real_3918.jpg,1,1,True,0.003531918628141284,0.9964680671691895
/content/Dataset/Test/Real/real_3919.jpg,1,1,True,3.9946000470081344e-05,0.9999600648880005
/content/Dataset/Test/Real/real_392.jpg,1,1,True,2.388090706517687e-06,0.999997615814209
/content/Dataset/Test/Real/real_3920.jpg,1,0,False,0.5477569699287415,0.45224305987358093
/content/Dataset/Test/Real/real_3921.jpg,1,1,True,0.0008277679444290698,0.9991722106933594
/content/Dataset/Test/Real/real_3922.jpg,1,1,True,0.00011921964323846623,0.9998807907104492
/content/Dataset/Test/Real/real_3923.jpg,1,1,True,8.165360486600548e-05,0.9999183416366577
/content/Dataset/Test/Real/real_3924.jpg,1,1,True,0.0009367950260639191,0.9990631937980652
/content/Dataset/Test/Real/real_3925.jpg,1,1,True,3.999654836661648e-06,0.9999959468841553
/content/Dataset/Test/Real/real_3926.jpg,1,1,True,0.00857840571552515,0.9914215207099915
/content/Dataset/Test/Real/real_3927.jpg,1,1,True,0.03363307565450668,0.9663669466972351
/content/Dataset/Test/Real/real_3928.jpg,1,1,True,1.232920226357237e-06,0.9999988079071045
/content/Dataset/Test/Real/real_3929.jpg,1,1,True,0.0004538636130746454,0.9995461106300354
/content/Dataset/Test/Real/real_393.jpg,1,0,False,0.9976732134819031,0.002326749265193939
/content/Dataset/Test/Real/real_3930.jpg,1,1,True,0.007774920202791691,0.9922250509262085
/content/Dataset/Test/Real/real_3931.jpg,1,1,True,0.0012964099878445268,0.9987035989761353
/content/Dataset/Test/Real/real_3932.jpg,1,1,True,0.00016943739319685847,0.9998304843902588
/content/Dataset/Test/Real/real_3933.jpg,1,1,True,6.346255395328626e-05,0.999936580657959
/content/Dataset/Test/Real/real_3934.jpg,1,1,True,0.001746300607919693,0.9982536435127258
/content/Dataset/Test/Real/real_3935.jpg,1,1,True,1.4892245872033527e-06,0.9999985694885254
/content/Dataset/Test/Real/real_3936.jpg,1,1,True,5.035328172198206e-07,0.9999995231628418
/content/Dataset/Test/Real/real_3937.jpg,1,0,False,0.6563293933868408,0.3436705768108368
/content/Dataset/Test/Real/real_3938.jpg,1,1,True,0.016599880531430244,0.9834001660346985
/content/Dataset/Test/Real/real_3939.jpg,1,1,True,0.0004367902874946594,0.9995631575584412
/content/Dataset/Test/Real/real_394.jpg,1,1,True,2.2736701339454157e-06,0.9999977350234985
/content/Dataset/Test/Real/real_3940.jpg,1,1,True,0.01973043568432331,0.9802696108818054
/content/Dataset/Test/Real/real_3941.jpg,1,1,True,8.289031029562466e-06,0.9999916553497314
/content/Dataset/Test/Real/real_3942.jpg,1,1,True,0.0006307080038823187,0.9993693232536316
/content/Dataset/Test/Real/real_3943.jpg,1,1,True,0.13839812576770782,0.8616019487380981
/content/Dataset/Test/Real/real_3944.jpg,1,1,True,0.00019172008614987135,0.9998082518577576
/content/Dataset/Test/Real/real_3945.jpg,1,1,True,0.00921223871409893,0.9907878041267395
/content/Dataset/Test/Real/real_3946.jpg,1,1,True,8.969917689682916e-05,0.9999102354049683
/content/Dataset/Test/Real/real_3947.jpg,1,1,True,0.049336619675159454,0.9506633877754211
/content/Dataset/Test/Real/real_3948.jpg,1,1,True,0.08943503350019455,0.9105649590492249
/content/Dataset/Test/Real/real_3949.jpg,1,1,True,0.24669697880744934,0.753303050994873
/content/Dataset/Test/Real/real_395.jpg,1,1,True,5.063550815975759e-06,0.9999949932098389
/content/Dataset/Test/Real/real_3950.jpg,1,0,False,0.9206600785255432,0.07933992147445679
/content/Dataset/Test/Real/real_3951.jpg,1,1,True,5.750727609665773e-07,0.9999994039535522
/content/Dataset/Test/Real/real_3952.jpg,1,1,True,1.2864667951362208e-05,0.9999871253967285
/content/Dataset/Test/Real/real_3953.jpg,1,1,True,0.031819265335798264,0.9681807160377502
/content/Dataset/Test/Real/real_3954.jpg,1,1,True,0.005278699100017548,0.9947212934494019
/content/Dataset/Test/Real/real_3955.jpg,1,1,True,3.449005453148857e-05,0.9999655485153198
/content/Dataset/Test/Real/real_3956.jpg,1,1,True,1.779232889020932e-06,0.9999982118606567
/content/Dataset/Test/Real/real_3957.jpg,1,0,False,0.7649990916252136,0.235000878572464
/content/Dataset/Test/Real/real_3958.jpg,1,0,False,0.9922289252281189,0.007771125994622707
/content/Dataset/Test/Real/real_3959.jpg,1,1,True,0.003548932261765003,0.9964510202407837
/content/Dataset/Test/Real/real_396.jpg,1,1,True,1.2199236152810045e-05,0.9999878406524658
/content/Dataset/Test/Real/real_3960.jpg,1,1,True,2.0752474938490195e-06,0.9999979734420776
/content/Dataset/Test/Real/real_3961.jpg,1,1,True,4.570970588702039e-07,0.9999995231628418
/content/Dataset/Test/Real/real_3962.jpg,1,1,True,2.297487299074419e-06,0.9999977350234985
/content/Dataset/Test/Real/real_3963.jpg,1,1,True,0.002050647046416998,0.9979494214057922
/content/Dataset/Test/Real/real_3964.jpg,1,1,True,0.019138487055897713,0.980861485004425
/content/Dataset/Test/Real/real_3965.jpg,1,1,True,2.342310835956596e-05,0.999976634979248
/content/Dataset/Test/Real/real_3966.jpg,1,0,False,0.6991029977798462,0.3008970618247986
/content/Dataset/Test/Real/real_3967.jpg,1,1,True,2.6474532205611467e-05,0.9999735355377197
/content/Dataset/Test/Real/real_3968.jpg,1,1,True,0.00012592741404660046,0.9998741149902344
/content/Dataset/Test/Real/real_3969.jpg,1,0,False,0.997244119644165,0.0027559222653508186
/content/Dataset/Test/Real/real_397.jpg,1,1,True,0.002050830516964197,0.9979491829872131
/content/Dataset/Test/Real/real_3970.jpg,1,0,False,0.9780195951461792,0.02198041044175625
/content/Dataset/Test/Real/real_3971.jpg,1,1,True,0.00032647373154759407,0.9996734857559204
/content/Dataset/Test/Real/real_3972.jpg,1,1,True,0.0024927693884819746,0.9975072741508484
/content/Dataset/Test/Real/real_3973.jpg,1,1,True,5.624323239317164e-05,0.999943733215332
/content/Dataset/Test/Real/real_3974.jpg,1,1,True,2.0352874344098382e-05,0.9999796152114868
/content/Dataset/Test/Real/real_3975.jpg,1,0,False,0.9883745908737183,0.011625414714217186
/content/Dataset/Test/Real/real_3976.jpg,1,1,True,2.1851998099009506e-05,0.9999781847000122
/content/Dataset/Test/Real/real_3977.jpg,1,1,True,0.0008579211425967515,0.999142050743103
/content/Dataset/Test/Real/real_3978.jpg,1,1,True,9.111112376558594e-06,0.9999909400939941
/content/Dataset/Test/Real/real_3979.jpg,1,1,True,3.0517830964527093e-06,0.9999969005584717
/content/Dataset/Test/Real/real_398.jpg,1,1,True,6.342464075714815e-06,0.9999936819076538
/content/Dataset/Test/Real/real_3980.jpg,1,1,True,1.0706047532949015e-06,0.999998927116394
/content/Dataset/Test/Real/real_3981.jpg,1,1,True,0.02848600596189499,0.9715140461921692
/content/Dataset/Test/Real/real_3982.jpg,1,1,True,1.7568314433447085e-05,0.999982476234436
/content/Dataset/Test/Real/real_3983.jpg,1,1,True,0.005246926099061966,0.9947530031204224
/content/Dataset/Test/Real/real_3984.jpg,1,1,True,0.005884398240596056,0.9941155910491943
/content/Dataset/Test/Real/real_3985.jpg,1,1,True,0.006080362480133772,0.9939196109771729
/content/Dataset/Test/Real/real_3986.jpg,1,1,True,0.0003167499089613557,0.9996832609176636
/content/Dataset/Test/Real/real_3987.jpg,1,1,True,0.005370034370571375,0.994629979133606
/content/Dataset/Test/Real/real_3988.jpg,1,1,True,0.011294621974229813,0.9887054562568665
/content/Dataset/Test/Real/real_3989.jpg,1,1,True,2.024080094997771e-05,0.9999797344207764
/content/Dataset/Test/Real/real_399.jpg,1,1,True,6.096017750678584e-05,0.9999390840530396
/content/Dataset/Test/Real/real_3990.jpg,1,1,True,2.0205077362334123e-06,0.9999979734420776
/content/Dataset/Test/Real/real_3991.jpg,1,1,True,0.3028189539909363,0.6971810460090637
/content/Dataset/Test/Real/real_3992.jpg,1,0,False,0.9848816394805908,0.015118362382054329
/content/Dataset/Test/Real/real_3993.jpg,1,1,True,8.966137556853937e-07,0.9999990463256836
/content/Dataset/Test/Real/real_3994.jpg,1,1,True,5.038166364101926e-06,0.9999949932098389
/content/Dataset/Test/Real/real_3995.jpg,1,1,True,1.4633664022767334e-06,0.9999985694885254
/content/Dataset/Test/Real/real_3996.jpg,1,1,True,1.773351300471404e-06,0.9999982118606567
/content/Dataset/Test/Real/real_3997.jpg,1,1,True,0.001025440520606935,0.9989745616912842
/content/Dataset/Test/Real/real_3998.jpg,1,1,True,1.5855206356718554e-06,0.9999984502792358
/content/Dataset/Test/Real/real_3999.jpg,1,1,True,2.0674386178143322e-05,0.9999793767929077
/content/Dataset/Test/Real/real_4.jpg,1,1,True,0.0010166071588173509,0.9989833235740662
/content/Dataset/Test/Real/real_40.jpg,1,1,True,0.000343271647579968,0.9996566772460938
/content/Dataset/Test/Real/real_400.jpg,1,1,True,1.4320683476398699e-05,0.9999856948852539
/content/Dataset/Test/Real/real_4000.jpg,1,1,True,5.20509047419182e-07,0.9999995231628418
/content/Dataset/Test/Real/real_4001.jpg,1,1,True,0.009938877075910568,0.9900611639022827
/content/Dataset/Test/Real/real_4002.jpg,1,0,False,0.7020266652107239,0.2979733645915985
/content/Dataset/Test/Real/real_4003.jpg,1,0,False,0.7676120400428772,0.232387974858284
/content/Dataset/Test/Real/real_4004.jpg,1,1,True,0.05108105391263962,0.9489189982414246
/content/Dataset/Test/Real/real_4005.jpg,1,1,True,0.05277882516384125,0.9472212195396423
/content/Dataset/Test/Real/real_4006.jpg,1,1,True,4.203742719255388e-05,0.9999579191207886
/content/Dataset/Test/Real/real_4007.jpg,1,1,True,0.000333986448822543,0.9996659755706787
/content/Dataset/Test/Real/real_4008.jpg,1,1,True,0.04809204861521721,0.9519079327583313
/content/Dataset/Test/Real/real_4009.jpg,1,1,True,0.00037649396108463407,0.9996235370635986
/content/Dataset/Test/Real/real_401.jpg,1,1,True,6.0772112192353234e-05,0.9999392032623291
/content/Dataset/Test/Real/real_4010.jpg,1,1,True,0.0018619578331708908,0.9981380701065063
/content/Dataset/Test/Real/real_4011.jpg,1,1,True,0.018577301874756813,0.9814226627349854
/content/Dataset/Test/Real/real_4012.jpg,1,1,True,0.02947807125747204,0.9705219268798828
/content/Dataset/Test/Real/real_4013.jpg,1,1,True,2.1580743123195134e-05,0.9999784231185913
/content/Dataset/Test/Real/real_4014.jpg,1,1,True,2.3510690425609937e-06,0.999997615814209
/content/Dataset/Test/Real/real_4015.jpg,1,1,True,0.018662486225366592,0.9813374280929565
/content/Dataset/Test/Real/real_4016.jpg,1,1,True,0.0024617514573037624,0.9975382089614868
/content/Dataset/Test/Real/real_4017.jpg,1,1,True,5.325463916960871e-06,0.9999946355819702
/content/Dataset/Test/Real/real_4018.jpg,1,1,True,0.00016525553655810654,0.9998347759246826
/content/Dataset/Test/Real/real_4019.jpg,1,1,True,1.7935312826011796e-06,0.9999982118606567
/content/Dataset/Test/Real/real_402.jpg,1,1,True,9.707167691885843e-07,0.9999990463256836
/content/Dataset/Test/Real/real_4020.jpg,1,1,True,8.542789942111995e-07,0.9999991655349731
/content/Dataset/Test/Real/real_4021.jpg,1,1,True,0.0001376560830976814,0.9998623132705688
/content/Dataset/Test/Real/real_4022.jpg,1,1,True,1.6828804518809193e-06,0.9999983310699463
/content/Dataset/Test/Real/real_4023.jpg,1,1,True,8.909430107451044e-06,0.9999910593032837
/content/Dataset/Test/Real/real_4024.jpg,1,1,True,0.06712499260902405,0.9328750371932983
/content/Dataset/Test/Real/real_4025.jpg,1,1,True,0.40011394023895264,0.5998860597610474
/content/Dataset/Test/Real/real_4026.jpg,1,1,True,0.026766907423734665,0.9732330441474915
/content/Dataset/Test/Real/real_4027.jpg,1,1,True,0.18318158388137817,0.816818356513977
/content/Dataset/Test/Real/real_4028.jpg,1,1,True,0.00010036348976427689,0.9998996257781982
/content/Dataset/Test/Real/real_4029.jpg,1,1,True,0.017831359058618546,0.9821686148643494
/content/Dataset/Test/Real/real_403.jpg,1,1,True,5.611800588667393e-06,0.9999943971633911
/content/Dataset/Test/Real/real_4030.jpg,1,1,True,0.017355777323246002,0.982644259929657
/content/Dataset/Test/Real/real_4031.jpg,1,1,True,0.07300509512424469,0.9269949197769165
/content/Dataset/Test/Real/real_4032.jpg,1,1,True,0.23250937461853027,0.7674906253814697
/content/Dataset/Test/Real/real_4033.jpg,1,1,True,0.1496201753616333,0.8503797650337219
/content/Dataset/Test/Real/real_4034.jpg,1,1,True,0.1150115430355072,0.8849884271621704
/content/Dataset/Test/Real/real_4035.jpg,1,1,True,0.0003341164265293628,0.9996658563613892
/content/Dataset/Test/Real/real_4036.jpg,1,1,True,0.00010022109199780971,0.9998997449874878
/content/Dataset/Test/Real/real_4037.jpg,1,1,True,0.11956685781478882,0.8804330825805664
/content/Dataset/Test/Real/real_4038.jpg,1,0,False,0.5219796895980835,0.4780203700065613
/content/Dataset/Test/Real/real_4039.jpg,1,1,True,0.00015481178706977516,0.9998451471328735
/content/Dataset/Test/Real/real_404.jpg,1,1,True,1.3843576198269147e-05,0.9999861717224121
/content/Dataset/Test/Real/real_4040.jpg,1,1,True,0.06245419755578041,0.9375458359718323
/content/Dataset/Test/Real/real_4041.jpg,1,0,False,0.786723256111145,0.21327674388885498
/content/Dataset/Test/Real/real_4042.jpg,1,1,True,0.0016597936628386378,0.9983401298522949
/content/Dataset/Test/Real/real_4043.jpg,1,1,True,0.38371846079826355,0.6162815690040588
/content/Dataset/Test/Real/real_4044.jpg,1,1,True,6.0827198467450216e-05,0.9999392032623291
/content/Dataset/Test/Real/real_4045.jpg,1,1,True,1.9359051293577068e-05,0.9999806880950928
/content/Dataset/Test/Real/real_4046.jpg,1,1,True,3.760961044463329e-05,0.999962329864502
/content/Dataset/Test/Real/real_4047.jpg,1,0,False,0.9981973767280579,0.0018026086036115885
/content/Dataset/Test/Real/real_4048.jpg,1,1,True,0.020812606438994408,0.9791873693466187
/content/Dataset/Test/Real/real_4049.jpg,1,1,True,0.0009453222737647593,0.9990547299385071
/content/Dataset/Test/Real/real_405.jpg,1,1,True,0.0002650349051691592,0.9997349381446838
/content/Dataset/Test/Real/real_4050.jpg,1,1,True,0.0043772258795797825,0.9956228137016296
/content/Dataset/Test/Real/real_4051.jpg,1,1,True,0.18534941971302032,0.8146505355834961
/content/Dataset/Test/Real/real_4052.jpg,1,1,True,0.0032663592137396336,0.9967336654663086
/content/Dataset/Test/Real/real_4053.jpg,1,1,True,0.0001322650205111131,0.9998676776885986
/content/Dataset/Test/Real/real_4054.jpg,1,1,True,1.683565460552927e-05,0.9999831914901733
/content/Dataset/Test/Real/real_4055.jpg,1,1,True,0.00024139111337717623,0.9997586607933044
/content/Dataset/Test/Real/real_4056.jpg,1,1,True,0.007038199342787266,0.9929618239402771
/content/Dataset/Test/Real/real_4057.jpg,1,1,True,0.004250070545822382,0.9957499504089355
/content/Dataset/Test/Real/real_4058.jpg,1,1,True,0.049722231924533844,0.9502777457237244
/content/Dataset/Test/Real/real_4059.jpg,1,1,True,0.007905405946075916,0.9920945763587952
/content/Dataset/Test/Real/real_406.jpg,1,1,True,6.136903607512068e-07,0.9999994039535522
/content/Dataset/Test/Real/real_4060.jpg,1,1,True,1.5964213162078522e-05,0.9999840259552002
/content/Dataset/Test/Real/real_4061.jpg,1,1,True,0.0002994612732436508,0.9997005462646484
/content/Dataset/Test/Real/real_4062.jpg,1,1,True,0.003318381728604436,0.9966816306114197
/content/Dataset/Test/Real/real_4063.jpg,1,1,True,5.7738139730645344e-05,0.9999423027038574
/content/Dataset/Test/Real/real_4064.jpg,1,0,False,0.9980694651603699,0.0019305925816297531
/content/Dataset/Test/Real/real_4065.jpg,1,1,True,4.597609404299874e-06,0.9999953508377075
/content/Dataset/Test/Real/real_4066.jpg,1,1,True,1.201067880174378e-05,0.9999879598617554
/content/Dataset/Test/Real/real_4067.jpg,1,1,True,1.0252273341393447e-06,0.999998927116394
/content/Dataset/Test/Real/real_4068.jpg,1,1,True,0.001941628404892981,0.9980583786964417
/content/Dataset/Test/Real/real_4069.jpg,1,1,True,0.1944238841533661,0.8055761456489563
/content/Dataset/Test/Real/real_407.jpg,1,1,True,1.3880862752557732e-06,0.9999985694885254
/content/Dataset/Test/Real/real_4070.jpg,1,1,True,0.0038347579538822174,0.9961652755737305
/content/Dataset/Test/Real/real_4071.jpg,1,1,True,0.19227813184261322,0.8077219128608704
/content/Dataset/Test/Real/real_4072.jpg,1,1,True,0.013386549428105354,0.9866134524345398
/content/Dataset/Test/Real/real_4073.jpg,1,1,True,0.0014859996736049652,0.9985139966011047
/content/Dataset/Test/Real/real_4074.jpg,1,1,True,0.002198213944211602,0.9978017210960388
/content/Dataset/Test/Real/real_4075.jpg,1,1,True,0.0005321925273165107,0.9994677901268005
/content/Dataset/Test/Real/real_4076.jpg,1,1,True,0.11838622391223907,0.8816137909889221
/content/Dataset/Test/Real/real_4077.jpg,1,1,True,0.1383153647184372,0.8616846799850464
/content/Dataset/Test/Real/real_4078.jpg,1,1,True,0.0005182684399187565,0.999481737613678
/content/Dataset/Test/Real/real_4079.jpg,1,1,True,0.00022644408454652876,0.9997735619544983
/content/Dataset/Test/Real/real_408.jpg,1,1,True,0.0001470765273552388,0.9998528957366943
/content/Dataset/Test/Real/real_4080.jpg,1,0,False,0.9971945285797119,0.0028054832946509123
/content/Dataset/Test/Real/real_4081.jpg,1,1,True,0.09691430628299713,0.9030857086181641
/content/Dataset/Test/Real/real_4082.jpg,1,0,False,0.9938876032829285,0.0061124106869101524
/content/Dataset/Test/Real/real_4083.jpg,1,1,True,0.0008355336030945182,0.9991644620895386
/content/Dataset/Test/Real/real_4084.jpg,1,1,True,9.898836287902668e-05,0.9999010562896729
/content/Dataset/Test/Real/real_4085.jpg,1,1,True,1.057055669662077e-06,0.999998927116394
/content/Dataset/Test/Real/real_4086.jpg,1,1,True,0.0008018444059416652,0.9991981387138367
/content/Dataset/Test/Real/real_4087.jpg,1,1,True,0.0003991797857452184,0.9996008276939392
/content/Dataset/Test/Real/real_4088.jpg,1,1,True,2.9743673621851485e-06,0.9999970197677612
/content/Dataset/Test/Real/real_4089.jpg,1,1,True,9.8996833912679e-06,0.9999901056289673
/content/Dataset/Test/Real/real_409.jpg,1,1,True,0.00016096213948912919,0.9998390674591064
/content/Dataset/Test/Real/real_4090.jpg,1,1,True,5.397742825152818e-06,0.9999946355819702
/content/Dataset/Test/Real/real_4091.jpg,1,1,True,0.004725179634988308,0.9952747821807861
/content/Dataset/Test/Real/real_4092.jpg,1,1,True,4.531768354354426e-06,0.9999954700469971
/content/Dataset/Test/Real/real_4093.jpg,1,1,True,2.12482573260786e-05,0.99997878074646
/content/Dataset/Test/Real/real_4094.jpg,1,0,False,0.9986360669136047,0.0013639774406328797
/content/Dataset/Test/Real/real_4095.jpg,1,0,False,0.9981555342674255,0.001844502054154873
/content/Dataset/Test/Real/real_4096.jpg,1,1,True,5.948146736045601e-06,0.9999940395355225
/content/Dataset/Test/Real/real_4097.jpg,1,1,True,4.397756129037589e-06,0.9999955892562866
/content/Dataset/Test/Real/real_4098.jpg,1,1,True,0.0003072789986617863,0.9996927976608276
/content/Dataset/Test/Real/real_4099.jpg,1,0,False,0.9832085967063904,0.016791440546512604
/content/Dataset/Test/Real/real_41.jpg,1,1,True,0.0002209239755757153,0.9997790455818176
/content/Dataset/Test/Real/real_410.jpg,1,1,True,0.21447233855724335,0.7855276465415955
/content/Dataset/Test/Real/real_4100.jpg,1,1,True,0.018430165946483612,0.9815698862075806
/content/Dataset/Test/Real/real_4101.jpg,1,1,True,0.003959527239203453,0.9960404634475708
/content/Dataset/Test/Real/real_4102.jpg,1,1,True,0.0577109195291996,0.9422891139984131
/content/Dataset/Test/Real/real_4103.jpg,1,1,True,0.00020319240866228938,0.9997968077659607
/content/Dataset/Test/Real/real_4104.jpg,1,0,False,0.7494228482246399,0.2505771815776825
/content/Dataset/Test/Real/real_4105.jpg,1,0,False,0.6974294185638428,0.30257055163383484
/content/Dataset/Test/Real/real_4106.jpg,1,0,False,0.9989653825759888,0.0010346490889787674
/content/Dataset/Test/Real/real_4107.jpg,1,0,False,0.8785112500190735,0.12148876488208771
/content/Dataset/Test/Real/real_4108.jpg,1,0,False,0.9985929131507874,0.0014070904580876231
/content/Dataset/Test/Real/real_4109.jpg,1,0,False,0.9942008256912231,0.00579916313290596
/content/Dataset/Test/Real/real_411.jpg,1,1,True,7.2951966103573795e-06,0.9999927282333374
/content/Dataset/Test/Real/real_4110.jpg,1,0,False,0.8478378653526306,0.1521621197462082
/content/Dataset/Test/Real/real_4111.jpg,1,1,True,0.06514092534780502,0.934859037399292
/content/Dataset/Test/Real/real_4112.jpg,1,0,False,0.6175493597984314,0.3824506103992462
/content/Dataset/Test/Real/real_4113.jpg,1,1,True,0.09632520377635956,0.9036747813224792
/content/Dataset/Test/Real/real_4114.jpg,1,1,True,1.1662187716865446e-05,0.999988317489624
/content/Dataset/Test/Real/real_4115.jpg,1,1,True,2.4232354007835966e-06,0.999997615814209
/content/Dataset/Test/Real/real_4116.jpg,1,0,False,0.9511388540267944,0.04886117950081825
/content/Dataset/Test/Real/real_4117.jpg,1,1,True,2.1780449969810434e-05,0.9999781847000122
/content/Dataset/Test/Real/real_4118.jpg,1,1,True,0.001992872916162014,0.9980071187019348
/content/Dataset/Test/Real/real_4119.jpg,1,1,True,0.0002142365265171975,0.9997857213020325
/content/Dataset/Test/Real/real_412.jpg,1,1,True,4.645088665711228e-06,0.9999953508377075
/content/Dataset/Test/Real/real_4120.jpg,1,1,True,0.0006284071714617312,0.9993715882301331
/content/Dataset/Test/Real/real_4121.jpg,1,1,True,4.4204651317159005e-07,0.9999995231628418
/content/Dataset/Test/Real/real_4122.jpg,1,1,True,0.009749933145940304,0.9902500510215759
/content/Dataset/Test/Real/real_4123.jpg,1,1,True,4.352475662017241e-05,0.999956488609314
/content/Dataset/Test/Real/real_4124.jpg,1,1,True,0.0009408824262209237,0.9990591406822205
/content/Dataset/Test/Real/real_4125.jpg,1,1,True,0.0003004375903401524,0.999699592590332
/content/Dataset/Test/Real/real_4126.jpg,1,1,True,0.005189725197851658,0.9948102235794067
/content/Dataset/Test/Real/real_4127.jpg,1,1,True,0.00031084808870218694,0.9996892213821411
/content/Dataset/Test/Real/real_4128.jpg,1,1,True,0.0013345356564968824,0.998665452003479
/content/Dataset/Test/Real/real_4129.jpg,1,1,True,5.6642835261300206e-05,0.9999433755874634
/content/Dataset/Test/Real/real_413.jpg,1,0,False,0.9907782077789307,0.009221840649843216
/content/Dataset/Test/Real/real_4130.jpg,1,0,False,0.7493298053741455,0.2506701648235321
/content/Dataset/Test/Real/real_4131.jpg,1,1,True,1.0056788823931129e-06,0.9999990463256836
/content/Dataset/Test/Real/real_4132.jpg,1,1,True,0.21786053478717804,0.7821394205093384
/content/Dataset/Test/Real/real_4133.jpg,1,1,True,0.0017334274016320705,0.9982665777206421
/content/Dataset/Test/Real/real_4134.jpg,1,1,True,7.858822937123477e-05,0.999921441078186
/content/Dataset/Test/Real/real_4135.jpg,1,1,True,0.002175617963075638,0.9978244304656982
/content/Dataset/Test/Real/real_4136.jpg,1,1,True,2.0202754967613146e-05,0.9999798536300659
/content/Dataset/Test/Real/real_4137.jpg,1,1,True,1.7338484212814365e-06,0.9999982118606567
/content/Dataset/Test/Real/real_4138.jpg,1,1,True,0.0023227669298648834,0.9976772665977478
/content/Dataset/Test/Real/real_4139.jpg,1,1,True,4.357154011813691e-06,0.9999955892562866
/content/Dataset/Test/Real/real_414.jpg,1,1,True,0.005501525942236185,0.9944985508918762
/content/Dataset/Test/Real/real_4140.jpg,1,1,True,0.24389907717704773,0.7561009526252747
/content/Dataset/Test/Real/real_4141.jpg,1,1,True,0.009763367474079132,0.9902365803718567
/content/Dataset/Test/Real/real_4142.jpg,1,1,True,1.9840274489979493e-06,0.9999979734420776
/content/Dataset/Test/Real/real_4143.jpg,1,1,True,1.1034206181648187e-05,0.9999889135360718
/content/Dataset/Test/Real/real_4144.jpg,1,1,True,0.003619676223024726,0.9963803887367249
/content/Dataset/Test/Real/real_4145.jpg,1,1,True,0.0236959271132946,0.9763041138648987
/content/Dataset/Test/Real/real_4146.jpg,1,1,True,1.4190712818162865e-06,0.9999985694885254
/content/Dataset/Test/Real/real_4147.jpg,1,1,True,0.0011954307556152344,0.9988045692443848
/content/Dataset/Test/Real/real_4148.jpg,1,1,True,0.0010525303659960628,0.9989474415779114
/content/Dataset/Test/Real/real_4149.jpg,1,0,False,0.920041561126709,0.07995843887329102
/content/Dataset/Test/Real/real_415.jpg,1,1,True,2.4618557290523313e-06,0.9999974966049194
/content/Dataset/Test/Real/real_4150.jpg,1,0,False,0.9983999133110046,0.001600078889168799
/content/Dataset/Test/Real/real_4151.jpg,1,1,True,0.00037279227399267256,0.9996272325515747
/content/Dataset/Test/Real/real_4152.jpg,1,0,False,0.7816866636276245,0.2183132767677307
/content/Dataset/Test/Real/real_4153.jpg,1,1,True,0.20196041464805603,0.7980395555496216
/content/Dataset/Test/Real/real_4154.jpg,1,1,True,9.196560313284863e-07,0.9999990463256836
/content/Dataset/Test/Real/real_4155.jpg,1,1,True,1.1203011354155024e-06,0.999998927116394
/content/Dataset/Test/Real/real_4156.jpg,1,1,True,5.544044938687875e-07,0.9999994039535522
/content/Dataset/Test/Real/real_4157.jpg,1,0,False,0.6006537675857544,0.3993462324142456
/content/Dataset/Test/Real/real_4158.jpg,1,1,True,0.0380193255841732,0.9619806408882141
/content/Dataset/Test/Real/real_4159.jpg,1,0,False,0.7328056693077087,0.26719433069229126
/content/Dataset/Test/Real/real_416.jpg,1,1,True,0.05280004069209099,0.9471999406814575
/content/Dataset/Test/Real/real_4160.jpg,1,0,False,0.9962521195411682,0.0037478855811059475
/content/Dataset/Test/Real/real_4161.jpg,1,0,False,0.6495461463928223,0.35045379400253296
/content/Dataset/Test/Real/real_4162.jpg,1,0,False,0.9981462955474854,0.001853768597356975
/content/Dataset/Test/Real/real_4163.jpg,1,1,True,0.000694996677339077,0.999305009841919
/content/Dataset/Test/Real/real_4164.jpg,1,1,True,8.733977301744744e-05,0.9999126195907593
/content/Dataset/Test/Real/real_4165.jpg,1,0,False,0.5541707873344421,0.44582921266555786
/content/Dataset/Test/Real/real_4166.jpg,1,1,True,0.24531133472919464,0.7546886801719666
/content/Dataset/Test/Real/real_4167.jpg,1,1,True,0.010962641797959805,0.9890373349189758
/content/Dataset/Test/Real/real_4168.jpg,1,1,True,0.03863804042339325,0.9613619446754456
/content/Dataset/Test/Real/real_4169.jpg,1,1,True,0.09588385373353958,0.9041160941123962
/content/Dataset/Test/Real/real_417.jpg,1,0,False,0.7917007803916931,0.20829927921295166
/content/Dataset/Test/Real/real_4170.jpg,1,1,True,0.0006283221300691366,0.9993717074394226
/content/Dataset/Test/Real/real_4171.jpg,1,1,True,0.10078973323106766,0.8992103338241577
/content/Dataset/Test/Real/real_4172.jpg,1,1,True,1.9044485952690593e-06,0.9999980926513672
/content/Dataset/Test/Real/real_4173.jpg,1,1,True,0.00015534974227193743,0.9998446702957153
/content/Dataset/Test/Real/real_4174.jpg,1,1,True,0.016673332080245018,0.9833266139030457
/content/Dataset/Test/Real/real_4175.jpg,1,1,True,0.007778225000947714,0.9922217726707458
/content/Dataset/Test/Real/real_4176.jpg,1,1,True,0.3933870792388916,0.6066129803657532
/content/Dataset/Test/Real/real_4177.jpg,1,1,True,2.66376282525016e-05,0.9999734163284302
/content/Dataset/Test/Real/real_4178.jpg,1,1,True,0.060594119131565094,0.9394058585166931
/content/Dataset/Test/Real/real_4179.jpg,1,0,False,0.9996871948242188,0.00031281381961889565
/content/Dataset/Test/Real/real_418.jpg,1,1,True,2.7759929253079463e-06,0.9999972581863403
/content/Dataset/Test/Real/real_4180.jpg,1,1,True,3.2548385206609964e-05,0.9999674558639526
/content/Dataset/Test/Real/real_4181.jpg,1,1,True,3.22692358167842e-05,0.9999676942825317
/content/Dataset/Test/Real/real_4182.jpg,1,1,True,0.00030842452542856336,0.9996916055679321
/content/Dataset/Test/Real/real_4183.jpg,1,0,False,0.9955533146858215,0.0044466485269367695
/content/Dataset/Test/Real/real_4184.jpg,1,1,True,0.21877440810203552,0.7812255620956421
/content/Dataset/Test/Real/real_4185.jpg,1,1,True,0.003083958989009261,0.9969160556793213
/content/Dataset/Test/Real/real_4186.jpg,1,1,True,0.00030452938517555594,0.9996955394744873
/content/Dataset/Test/Real/real_4187.jpg,1,1,True,5.768871233158279e-06,0.9999942779541016
/content/Dataset/Test/Real/real_4188.jpg,1,1,True,0.0005558138946071267,0.9994441866874695
/content/Dataset/Test/Real/real_4189.jpg,1,1,True,0.0002228408702649176,0.9997771382331848
/content/Dataset/Test/Real/real_419.jpg,1,1,True,0.029840663075447083,0.9701593518257141
/content/Dataset/Test/Real/real_4190.jpg,1,1,True,0.010100622661411762,0.9898993372917175
/content/Dataset/Test/Real/real_4191.jpg,1,1,True,0.01187291368842125,0.9881270527839661
/content/Dataset/Test/Real/real_4192.jpg,1,1,True,0.00010898750770138577,0.9998910427093506
/content/Dataset/Test/Real/real_4193.jpg,1,1,True,0.2850416898727417,0.7149583101272583
/content/Dataset/Test/Real/real_4194.jpg,1,1,True,0.000259062391705811,0.9997408986091614
/content/Dataset/Test/Real/real_4195.jpg,1,1,True,0.000684737169649452,0.9993152618408203
/content/Dataset/Test/Real/real_4196.jpg,1,1,True,0.0005794244934804738,0.9994206428527832
/content/Dataset/Test/Real/real_4197.jpg,1,1,True,0.021363073959946632,0.9786369800567627
/content/Dataset/Test/Real/real_4198.jpg,1,1,True,9.390148989041336e-06,0.9999905824661255
/content/Dataset/Test/Real/real_4199.jpg,1,1,True,2.749410123215057e-05,0.9999724626541138
/content/Dataset/Test/Real/real_42.jpg,1,1,True,0.0024840529076755047,0.9975159168243408
/content/Dataset/Test/Real/real_420.jpg,1,1,True,0.0002309009141754359,0.9997691512107849
/content/Dataset/Test/Real/real_4200.jpg,1,1,True,6.128468157839961e-06,0.9999939203262329
/content/Dataset/Test/Real/real_4201.jpg,1,1,True,0.005475708749145269,0.994524359703064
/content/Dataset/Test/Real/real_4202.jpg,1,1,True,0.03531908988952637,0.9646809697151184
/content/Dataset/Test/Real/real_4203.jpg,1,1,True,0.06107103079557419,0.9389289617538452
/content/Dataset/Test/Real/real_4204.jpg,1,1,True,0.0038773836567997932,0.9961226582527161
/content/Dataset/Test/Real/real_4205.jpg,1,0,False,0.5996400713920593,0.4003599286079407
/content/Dataset/Test/Real/real_4206.jpg,1,1,True,0.003761619795113802,0.9962383508682251
/content/Dataset/Test/Real/real_4207.jpg,1,0,False,0.5708857178688049,0.42911428213119507
/content/Dataset/Test/Real/real_4208.jpg,1,1,True,0.03402570262551308,0.9659743309020996
/content/Dataset/Test/Real/real_4209.jpg,1,1,True,0.3328514099121094,0.6671486496925354
/content/Dataset/Test/Real/real_421.jpg,1,0,False,0.6809962391853333,0.31900373101234436
/content/Dataset/Test/Real/real_4210.jpg,1,1,True,0.0022156285122036934,0.997784435749054
/content/Dataset/Test/Real/real_4211.jpg,1,0,False,0.5881537795066833,0.41184619069099426
/content/Dataset/Test/Real/real_4212.jpg,1,0,False,0.6034226417541504,0.39657729864120483
/content/Dataset/Test/Real/real_4213.jpg,1,1,True,3.407855911063962e-05,0.9999659061431885
/content/Dataset/Test/Real/real_4214.jpg,1,1,True,1.9874682948284317e-06,0.9999979734420776
/content/Dataset/Test/Real/real_4215.jpg,1,1,True,6.772072083549574e-06,0.9999932050704956
/content/Dataset/Test/Real/real_4216.jpg,1,1,True,0.0064724041149020195,0.9935275912284851
/content/Dataset/Test/Real/real_4217.jpg,1,1,True,2.652385774126742e-05,0.9999734163284302
/content/Dataset/Test/Real/real_4218.jpg,1,1,True,0.00011381721560610458,0.999886155128479
/content/Dataset/Test/Real/real_4219.jpg,1,1,True,0.0039283838123083115,0.9960715770721436
/content/Dataset/Test/Real/real_422.jpg,1,1,True,6.827321612945525e-06,0.9999932050704956
/content/Dataset/Test/Real/real_4220.jpg,1,1,True,8.452176552964374e-05,0.9999154806137085
/content/Dataset/Test/Real/real_4221.jpg,1,1,True,0.0001286672049900517,0.9998713731765747
/content/Dataset/Test/Real/real_4222.jpg,1,1,True,8.630964293843135e-05,0.9999136924743652
/content/Dataset/Test/Real/real_4223.jpg,1,1,True,0.002797140507027507,0.9972028732299805
/content/Dataset/Test/Real/real_4224.jpg,1,1,True,0.0016830882523208857,0.9983168840408325
/content/Dataset/Test/Real/real_4225.jpg,1,1,True,0.0008255004649981856,0.9991744160652161
/content/Dataset/Test/Real/real_4226.jpg,1,1,True,0.015411595813930035,0.9845884442329407
/content/Dataset/Test/Real/real_4227.jpg,1,1,True,0.00010354776168242097,0.9998964071273804
/content/Dataset/Test/Real/real_4228.jpg,1,1,True,7.809167436789721e-05,0.9999219179153442
/content/Dataset/Test/Real/real_4229.jpg,1,1,True,0.0010057630715891719,0.9989942908287048
/content/Dataset/Test/Real/real_423.jpg,1,1,True,3.725843271240592e-06,0.9999963045120239
/content/Dataset/Test/Real/real_4230.jpg,1,1,True,0.0034066832158714533,0.9965932965278625
/content/Dataset/Test/Real/real_4231.jpg,1,0,False,0.9464678764343262,0.0535321980714798
/content/Dataset/Test/Real/real_4232.jpg,1,0,False,0.9993780851364136,0.000621840066742152
/content/Dataset/Test/Real/real_4233.jpg,1,0,False,0.9988333582878113,0.0011666390346363187
/content/Dataset/Test/Real/real_4234.jpg,1,0,False,0.9935372471809387,0.006462696474045515
/content/Dataset/Test/Real/real_4235.jpg,1,0,False,0.9987817406654358,0.0012182890204712749
/content/Dataset/Test/Real/real_4236.jpg,1,0,False,0.9979813694953918,0.0020186391193419695
/content/Dataset/Test/Real/real_4237.jpg,1,0,False,0.9987812638282776,0.0012187521206215024
/content/Dataset/Test/Real/real_4238.jpg,1,1,True,0.005236767698079348,0.9947633147239685
/content/Dataset/Test/Real/real_4239.jpg,1,0,False,0.9867793321609497,0.013220707885921001
/content/Dataset/Test/Real/real_424.jpg,1,1,True,0.00046011595986783504,0.999539852142334
/content/Dataset/Test/Real/real_4240.jpg,1,0,False,0.9898696541786194,0.010130291804671288
/content/Dataset/Test/Real/real_4241.jpg,1,0,False,0.9933295845985413,0.0066703809425234795
/content/Dataset/Test/Real/real_4242.jpg,1,1,True,0.06607995927333832,0.9339200258255005
/content/Dataset/Test/Real/real_4243.jpg,1,1,True,0.00015599514881614596,0.999843955039978
/content/Dataset/Test/Real/real_4244.jpg,1,1,True,0.13417430222034454,0.8658257126808167
/content/Dataset/Test/Real/real_4245.jpg,1,1,True,0.033433783799409866,0.966566264629364
/content/Dataset/Test/Real/real_4246.jpg,1,1,True,8.468572559650056e-06,0.9999915361404419
/content/Dataset/Test/Real/real_4247.jpg,1,1,True,0.03334201127290726,0.9666579961776733
/content/Dataset/Test/Real/real_4248.jpg,1,1,True,2.431456778140273e-05,0.9999756813049316
/content/Dataset/Test/Real/real_4249.jpg,1,1,True,1.3196720374253346e-06,0.9999986886978149
/content/Dataset/Test/Real/real_425.jpg,1,1,True,1.3671077795152087e-05,0.9999862909317017
/content/Dataset/Test/Real/real_4250.jpg,1,1,True,7.638753231731243e-06,0.9999923706054688
/content/Dataset/Test/Real/real_4251.jpg,1,1,True,0.01760249212384224,0.9823975563049316
/content/Dataset/Test/Real/real_4252.jpg,1,1,True,5.792354932054877e-05,0.9999420642852783
/content/Dataset/Test/Real/real_4253.jpg,1,1,True,0.001008053426630795,0.9989919066429138
/content/Dataset/Test/Real/real_4254.jpg,1,1,True,0.011495961807668209,0.9885039925575256
/content/Dataset/Test/Real/real_4255.jpg,1,1,True,0.2442406415939331,0.7557593584060669
/content/Dataset/Test/Real/real_4256.jpg,1,1,True,0.00013726037286687642,0.9998626708984375
/content/Dataset/Test/Real/real_4257.jpg,1,1,True,0.001134176505729556,0.9988658428192139
/content/Dataset/Test/Real/real_4258.jpg,1,1,True,0.07095809280872345,0.929041862487793
/content/Dataset/Test/Real/real_4259.jpg,1,1,True,0.008300989866256714,0.9916989803314209
/content/Dataset/Test/Real/real_426.jpg,1,1,True,0.0002436536888126284,0.999756395816803
/content/Dataset/Test/Real/real_4260.jpg,1,1,True,0.017296627163887024,0.982703447341919
/content/Dataset/Test/Real/real_4261.jpg,1,1,True,0.0010898628970608115,0.9989101886749268
/content/Dataset/Test/Real/real_4262.jpg,1,1,True,0.005308870691806078,0.9946910738945007
/content/Dataset/Test/Real/real_4263.jpg,1,0,False,0.7855141758918762,0.21448585391044617
/content/Dataset/Test/Real/real_4264.jpg,1,1,True,8.214328772737645e-06,0.999991774559021
/content/Dataset/Test/Real/real_4265.jpg,1,0,False,0.8622083067893982,0.1377916783094406
/content/Dataset/Test/Real/real_4266.jpg,1,0,False,0.8725990653038025,0.1274009495973587
/content/Dataset/Test/Real/real_4267.jpg,1,1,True,0.000512617698404938,0.9994874000549316
/content/Dataset/Test/Real/real_4268.jpg,1,1,True,5.6781500461511314e-05,0.9999432563781738
/content/Dataset/Test/Real/real_4269.jpg,1,1,True,0.03860990330576897,0.9613900780677795
/content/Dataset/Test/Real/real_427.jpg,1,1,True,0.006510561797767878,0.9934895038604736
/content/Dataset/Test/Real/real_4270.jpg,1,1,True,0.0024045270401984453,0.997595489025116
/content/Dataset/Test/Real/real_4271.jpg,1,1,True,0.000675684423185885,0.9993243217468262
/content/Dataset/Test/Real/real_4272.jpg,1,1,True,4.3901661683776183e-07,0.9999995231628418
/content/Dataset/Test/Real/real_4273.jpg,1,1,True,1.9542017071216833e-06,0.9999980926513672
/content/Dataset/Test/Real/real_4274.jpg,1,1,True,0.0002280496119055897,0.9997720122337341
/content/Dataset/Test/Real/real_4275.jpg,1,0,False,0.9833695292472839,0.016630450263619423
/content/Dataset/Test/Real/real_4276.jpg,1,0,False,0.9869800806045532,0.013019926846027374
/content/Dataset/Test/Real/real_4277.jpg,1,0,False,0.9756278395652771,0.024372199550271034
/content/Dataset/Test/Real/real_4278.jpg,1,1,True,0.00010949029820039868,0.9998904466629028
/content/Dataset/Test/Real/real_4279.jpg,1,1,True,0.13014309108257294,0.8698569536209106
/content/Dataset/Test/Real/real_428.jpg,1,1,True,4.2607429350027815e-05,0.9999574422836304
/content/Dataset/Test/Real/real_4280.jpg,1,1,True,0.01475003082305193,0.985249936580658
/content/Dataset/Test/Real/real_4281.jpg,1,1,True,0.04464377462863922,0.9553561806678772
/content/Dataset/Test/Real/real_4282.jpg,1,1,True,0.008884476497769356,0.9911155700683594
/content/Dataset/Test/Real/real_4283.jpg,1,0,False,0.5392869710922241,0.46071305871009827
/content/Dataset/Test/Real/real_4284.jpg,1,1,True,0.002241601701825857,0.9977583885192871
/content/Dataset/Test/Real/real_4285.jpg,1,1,True,0.2882002592086792,0.7117997407913208
/content/Dataset/Test/Real/real_4286.jpg,1,1,True,0.2534390091896057,0.7465609908103943
/content/Dataset/Test/Real/real_4287.jpg,1,1,True,0.0017959047108888626,0.9982041120529175
/content/Dataset/Test/Real/real_4288.jpg,1,1,True,0.00020432293240446597,0.9997957348823547
/content/Dataset/Test/Real/real_4289.jpg,1,1,True,2.1880714484723285e-06,0.9999978542327881
/content/Dataset/Test/Real/real_429.jpg,1,1,True,1.0807186299643945e-05,0.9999891519546509
/content/Dataset/Test/Real/real_4290.jpg,1,1,True,0.05091486871242523,0.9490851759910583
/content/Dataset/Test/Real/real_4291.jpg,1,0,False,0.9137423634529114,0.08625764399766922
/content/Dataset/Test/Real/real_4292.jpg,1,1,True,0.0761515349149704,0.9238485097885132
/content/Dataset/Test/Real/real_4293.jpg,1,0,False,0.7564929127693176,0.24350705742835999
/content/Dataset/Test/Real/real_4294.jpg,1,1,True,0.0002101061400026083,0.9997898936271667
/content/Dataset/Test/Real/real_4295.jpg,1,1,True,0.003564616898074746,0.9964354038238525
/content/Dataset/Test/Real/real_4296.jpg,1,1,True,0.005166696384549141,0.9948333501815796
/content/Dataset/Test/Real/real_4297.jpg,1,1,True,0.29475128650665283,0.7052487730979919
/content/Dataset/Test/Real/real_4298.jpg,1,1,True,0.1889709085226059,0.8110290169715881
/content/Dataset/Test/Real/real_4299.jpg,1,1,True,1.9433817215031013e-05,0.9999805688858032
/content/Dataset/Test/Real/real_43.jpg,1,1,True,2.6178311145486077e-06,0.9999973773956299
/content/Dataset/Test/Real/real_430.jpg,1,1,True,0.0006581844645552337,0.9993417859077454
/content/Dataset/Test/Real/real_4300.jpg,1,1,True,1.8598460883367807e-05,0.9999814033508301
/content/Dataset/Test/Real/real_4301.jpg,1,1,True,0.0019447596278041601,0.9980552196502686
/content/Dataset/Test/Real/real_4302.jpg,1,1,True,9.50061803450808e-06,0.9999904632568359
/content/Dataset/Test/Real/real_4303.jpg,1,1,True,8.559966227039695e-05,0.9999144077301025
/content/Dataset/Test/Real/real_4304.jpg,1,1,True,0.0022227016743272543,0.9977772831916809
/content/Dataset/Test/Real/real_4305.jpg,1,1,True,0.0002599986910354346,0.999739944934845
/content/Dataset/Test/Real/real_4306.jpg,1,1,True,0.3156219720840454,0.6843780279159546
/content/Dataset/Test/Real/real_4307.jpg,1,0,False,0.9654806852340698,0.034519344568252563
/content/Dataset/Test/Real/real_4308.jpg,1,0,False,0.9272952675819397,0.07270476967096329
/content/Dataset/Test/Real/real_4309.jpg,1,1,True,6.625831156270579e-05,0.9999337196350098
/content/Dataset/Test/Real/real_431.jpg,1,1,True,5.243040868663229e-05,0.9999475479125977
/content/Dataset/Test/Real/real_4310.jpg,1,1,True,1.125190010498045e-05,0.9999887943267822
/content/Dataset/Test/Real/real_4311.jpg,1,1,True,1.0161406862607691e-06,0.999998927116394
/content/Dataset/Test/Real/real_4312.jpg,1,1,True,0.039526958018541336,0.9604730010032654
/content/Dataset/Test/Real/real_4313.jpg,1,1,True,0.00014342211943585426,0.9998565912246704
/content/Dataset/Test/Real/real_4314.jpg,1,1,True,0.008242644369602203,0.991757333278656
/content/Dataset/Test/Real/real_4315.jpg,1,1,True,3.485616616671905e-06,0.999996542930603
/content/Dataset/Test/Real/real_4316.jpg,1,1,True,4.6311110963870306e-06,0.9999953508377075
/content/Dataset/Test/Real/real_4317.jpg,1,0,False,0.9000203609466553,0.09997966140508652
/content/Dataset/Test/Real/real_4318.jpg,1,1,True,0.0023695919662714005,0.9976303577423096
/content/Dataset/Test/Real/real_4319.jpg,1,1,True,3.842486876237672e-06,0.9999961853027344
/content/Dataset/Test/Real/real_432.jpg,1,1,True,1.6936421616264852e-06,0.9999983310699463
/content/Dataset/Test/Real/real_4320.jpg,1,1,True,0.00419692974537611,0.9958030581474304
/content/Dataset/Test/Real/real_4321.jpg,1,1,True,0.1618417650461197,0.8381582498550415
/content/Dataset/Test/Real/real_4322.jpg,1,0,False,0.7749103307723999,0.22508969902992249
/content/Dataset/Test/Real/real_4323.jpg,1,0,False,0.9687162637710571,0.031283747404813766
/content/Dataset/Test/Real/real_4324.jpg,1,1,True,0.009065556339919567,0.990934431552887
/content/Dataset/Test/Real/real_4325.jpg,1,0,False,0.9999675750732422,3.2454503525514156e-05
/content/Dataset/Test/Real/real_4326.jpg,1,1,True,0.0002572552766650915,0.9997426867485046
/content/Dataset/Test/Real/real_4327.jpg,1,1,True,4.082105806446634e-05,0.9999592304229736
/content/Dataset/Test/Real/real_4328.jpg,1,0,False,0.9276267886161804,0.07237318903207779
/content/Dataset/Test/Real/real_4329.jpg,1,1,True,0.007100474555045366,0.9928995370864868
/content/Dataset/Test/Real/real_433.jpg,1,1,True,0.025532422587275505,0.9744676351547241
/content/Dataset/Test/Real/real_4330.jpg,1,1,True,0.04206964373588562,0.9579303860664368
/content/Dataset/Test/Real/real_4331.jpg,1,1,True,0.350507915019989,0.6494920253753662
/content/Dataset/Test/Real/real_4332.jpg,1,1,True,4.840123892790871e-07,0.9999995231628418
/content/Dataset/Test/Real/real_4333.jpg,1,1,True,4.215175431454554e-05,0.999957799911499
/content/Dataset/Test/Real/real_4334.jpg,1,1,True,0.0002261256449855864,0.9997739195823669
/content/Dataset/Test/Real/real_4335.jpg,1,1,True,0.4816646873950958,0.5183352828025818
/content/Dataset/Test/Real/real_4336.jpg,1,1,True,9.94664806057699e-05,0.9999005794525146
/content/Dataset/Test/Real/real_4337.jpg,1,1,True,2.046222834906075e-05,0.9999794960021973
/content/Dataset/Test/Real/real_4338.jpg,1,1,True,2.7842839699587785e-05,0.9999721050262451
/content/Dataset/Test/Real/real_4339.jpg,1,1,True,5.896377842873335e-05,0.9999409914016724
/content/Dataset/Test/Real/real_434.jpg,1,1,True,2.0311006210249616e-06,0.9999979734420776
/content/Dataset/Test/Real/real_4340.jpg,1,1,True,3.21145671478007e-06,0.9999967813491821
/content/Dataset/Test/Real/real_4341.jpg,1,1,True,0.0001866682432591915,0.9998133778572083
/content/Dataset/Test/Real/real_4342.jpg,1,1,True,0.009779183194041252,0.9902207851409912
/content/Dataset/Test/Real/real_4343.jpg,1,1,True,9.453822826799296e-07,0.9999990463256836
/content/Dataset/Test/Real/real_4344.jpg,1,1,True,0.00025979155907407403,0.9997401833534241
/content/Dataset/Test/Real/real_4345.jpg,1,1,True,1.5822745353943901e-06,0.9999984502792358
/content/Dataset/Test/Real/real_4346.jpg,1,1,True,4.6751125637456425e-07,0.9999995231628418
/content/Dataset/Test/Real/real_4347.jpg,1,1,True,0.0570574626326561,0.9429425001144409
/content/Dataset/Test/Real/real_4348.jpg,1,1,True,1.140983727054845e-06,0.9999988079071045
/content/Dataset/Test/Real/real_4349.jpg,1,1,True,1.5995676676539006e-06,0.9999984502792358
/content/Dataset/Test/Real/real_435.jpg,1,1,True,0.0011872273171320558,0.9988127946853638
/content/Dataset/Test/Real/real_4350.jpg,1,1,True,7.279895157807914e-07,0.9999992847442627
/content/Dataset/Test/Real/real_4351.jpg,1,1,True,1.892105137812905e-05,0.9999810457229614
/content/Dataset/Test/Real/real_4352.jpg,1,1,True,0.0003299582749605179,0.9996700286865234
/content/Dataset/Test/Real/real_4353.jpg,1,0,False,0.5819250345230103,0.41807499527931213
/content/Dataset/Test/Real/real_4354.jpg,1,1,True,4.771160092786886e-06,0.999995231628418
/content/Dataset/Test/Real/real_4355.jpg,1,1,True,0.00018305004050489515,0.9998169541358948
/content/Dataset/Test/Real/real_4356.jpg,1,1,True,0.030449699610471725,0.9695502519607544
/content/Dataset/Test/Real/real_4357.jpg,1,1,True,3.16874002237455e-06,0.9999967813491821
/content/Dataset/Test/Real/real_4358.jpg,1,1,True,2.3737923129374394e-06,0.999997615814209
/content/Dataset/Test/Real/real_4359.jpg,1,1,True,1.399301368110173e-06,0.9999985694885254
/content/Dataset/Test/Real/real_436.jpg,1,1,True,5.9836834225279745e-06,0.9999940395355225
/content/Dataset/Test/Real/real_4360.jpg,1,0,False,0.7691054940223694,0.2308945208787918
/content/Dataset/Test/Real/real_4361.jpg,1,1,True,3.0213941499823704e-05,0.9999698400497437
/content/Dataset/Test/Real/real_4362.jpg,1,1,True,0.0031971284188330173,0.9968029260635376
/content/Dataset/Test/Real/real_4363.jpg,1,1,True,7.93962044554064e-06,0.9999920129776001
/content/Dataset/Test/Real/real_4364.jpg,1,0,False,0.762160062789917,0.2378399819135666
/content/Dataset/Test/Real/real_4365.jpg,1,0,False,0.9691593050956726,0.030840648338198662
/content/Dataset/Test/Real/real_4366.jpg,1,0,False,0.9194077253341675,0.08059229701757431
/content/Dataset/Test/Real/real_4367.jpg,1,1,True,4.6959550672909245e-05,0.999953031539917
/content/Dataset/Test/Real/real_4368.jpg,1,1,True,2.161220891139237e-06,0.9999978542327881
/content/Dataset/Test/Real/real_4369.jpg,1,1,True,9.689838407211937e-06,0.9999903440475464
/content/Dataset/Test/Real/real_437.jpg,1,1,True,1.3992244930705056e-05,0.9999860525131226
/content/Dataset/Test/Real/real_4370.jpg,1,0,False,0.9922886490821838,0.007711364887654781
/content/Dataset/Test/Real/real_4371.jpg,1,1,True,0.0007947262492962182,0.9992052912712097
/content/Dataset/Test/Real/real_4372.jpg,1,1,True,9.575983131071553e-05,0.9999042749404907
/content/Dataset/Test/Real/real_4373.jpg,1,1,True,0.0003443210443947464,0.9996557235717773
/content/Dataset/Test/Real/real_4374.jpg,1,1,True,1.9470882762107067e-05,0.9999805688858032
/content/Dataset/Test/Real/real_4375.jpg,1,1,True,0.001410920056514442,0.9985890984535217
/content/Dataset/Test/Real/real_4376.jpg,1,1,True,4.2838233639486134e-05,0.9999572038650513
/content/Dataset/Test/Real/real_4377.jpg,1,1,True,0.3631533682346344,0.6368466019630432
/content/Dataset/Test/Real/real_4378.jpg,1,1,True,0.00010199088865192607,0.9998979568481445
/content/Dataset/Test/Real/real_4379.jpg,1,0,False,0.9922103881835938,0.007789594121277332
/content/Dataset/Test/Real/real_438.jpg,1,1,True,0.34399136900901794,0.6560086011886597
/content/Dataset/Test/Real/real_4380.jpg,1,1,True,0.11392103880643845,0.886078953742981
/content/Dataset/Test/Real/real_4381.jpg,1,0,False,0.9333838224411011,0.06661616265773773
/content/Dataset/Test/Real/real_4382.jpg,1,1,True,0.013127780519425869,0.9868721961975098
/content/Dataset/Test/Real/real_4383.jpg,1,0,False,0.9993118047714233,0.0006882118759676814
/content/Dataset/Test/Real/real_4384.jpg,1,1,True,0.00011936922965105623,0.9998806715011597
/content/Dataset/Test/Real/real_4385.jpg,1,1,True,0.0037570518907159567,0.9962430000305176
/content/Dataset/Test/Real/real_4386.jpg,1,1,True,0.0006983658531680703,0.9993016719818115
/content/Dataset/Test/Real/real_4387.jpg,1,1,True,8.775638889346737e-06,0.9999911785125732
/content/Dataset/Test/Real/real_4388.jpg,1,1,True,0.00048015141510404646,0.9995198249816895
/content/Dataset/Test/Real/real_4389.jpg,1,1,True,0.012637936510145664,0.9873620271682739
/content/Dataset/Test/Real/real_439.jpg,1,1,True,4.018705658381805e-05,0.9999598264694214
/content/Dataset/Test/Real/real_4390.jpg,1,0,False,0.9132905006408691,0.08670947700738907
/content/Dataset/Test/Real/real_4391.jpg,1,1,True,5.3053925512358546e-05,0.9999469518661499
/content/Dataset/Test/Real/real_4392.jpg,1,0,False,0.6240825653076172,0.3759174942970276
/content/Dataset/Test/Real/real_4393.jpg,1,1,True,2.2232907213037834e-05,0.999977707862854
/content/Dataset/Test/Real/real_4394.jpg,1,1,True,3.503098923829384e-06,0.999996542930603
/content/Dataset/Test/Real/real_4395.jpg,1,0,False,0.9690346121788025,0.030965428799390793
/content/Dataset/Test/Real/real_4396.jpg,1,1,True,4.38738425145857e-06,0.9999955892562866
/content/Dataset/Test/Real/real_4397.jpg,1,1,True,7.012542482698336e-05,0.9999299049377441
/content/Dataset/Test/Real/real_4398.jpg,1,1,True,0.13442035019397736,0.8655796647071838
/content/Dataset/Test/Real/real_4399.jpg,1,1,True,0.0016956370091065764,0.9983043670654297
/content/Dataset/Test/Real/real_44.jpg,1,1,True,1.1690662176988553e-05,0.999988317489624
/content/Dataset/Test/Real/real_440.jpg,1,1,True,1.793851311049366e-06,0.9999982118606567
/content/Dataset/Test/Real/real_4400.jpg,1,1,True,0.44623541831970215,0.5537645220756531
/content/Dataset/Test/Real/real_4401.jpg,1,0,False,0.9135280251502991,0.08647201210260391
/content/Dataset/Test/Real/real_4402.jpg,1,1,True,0.00012007417535642162,0.9998799562454224
/content/Dataset/Test/Real/real_4403.jpg,1,1,True,0.018205676227808,0.9817943572998047
/content/Dataset/Test/Real/real_4404.jpg,1,1,True,0.0032702255994081497,0.9967297315597534
/content/Dataset/Test/Real/real_4405.jpg,1,1,True,1.9849833279295126e-06,0.9999979734420776
/content/Dataset/Test/Real/real_4406.jpg,1,1,True,0.008600402623414993,0.9913996458053589
/content/Dataset/Test/Real/real_4407.jpg,1,1,True,0.002191987121477723,0.997808039188385
/content/Dataset/Test/Real/real_4408.jpg,1,1,True,6.172111625346588e-06,0.9999938011169434
/content/Dataset/Test/Real/real_4409.jpg,1,1,True,0.0001991096360143274,0.9998008608818054
/content/Dataset/Test/Real/real_441.jpg,1,1,True,7.332284894800978e-07,0.9999992847442627
/content/Dataset/Test/Real/real_4410.jpg,1,1,True,4.625632936949842e-05,0.9999537467956543
/content/Dataset/Test/Real/real_4411.jpg,1,1,True,0.16284672915935516,0.8371532559394836
/content/Dataset/Test/Real/real_4412.jpg,1,1,True,0.0004929566057398915,0.9995070695877075
/content/Dataset/Test/Real/real_4413.jpg,1,1,True,1.984593109227717e-05,0.9999802112579346
/content/Dataset/Test/Real/real_4414.jpg,1,1,True,4.305188667785842e-06,0.9999957084655762
/content/Dataset/Test/Real/real_4415.jpg,1,1,True,3.944652689824579e-06,0.9999960660934448
/content/Dataset/Test/Real/real_4416.jpg,1,1,True,0.0004288463096600026,0.9995711445808411
/content/Dataset/Test/Real/real_4417.jpg,1,1,True,1.5320597412937786e-06,0.9999984502792358
/content/Dataset/Test/Real/real_4418.jpg,1,1,True,4.532381353783421e-05,0.9999547004699707
/content/Dataset/Test/Real/real_4419.jpg,1,1,True,0.0007323340396396816,0.9992676377296448
/content/Dataset/Test/Real/real_442.jpg,1,1,True,6.133632837190817e-07,0.9999994039535522
/content/Dataset/Test/Real/real_4420.jpg,1,1,True,0.03845028951764107,0.9615497589111328
/content/Dataset/Test/Real/real_4421.jpg,1,1,True,9.170808880298864e-06,0.9999908208847046
/content/Dataset/Test/Real/real_4422.jpg,1,1,True,4.215754597680643e-05,0.999957799911499
/content/Dataset/Test/Real/real_4423.jpg,1,1,True,0.07919285446405411,0.9208071231842041
/content/Dataset/Test/Real/real_4424.jpg,1,1,True,0.02049376629292965,0.979506254196167
/content/Dataset/Test/Real/real_4425.jpg,1,1,True,2.011724745898391e-06,0.9999979734420776
/content/Dataset/Test/Real/real_4426.jpg,1,1,True,5.530454018298769e-06,0.9999945163726807
/content/Dataset/Test/Real/real_4427.jpg,1,1,True,3.558121761670918e-06,0.9999964237213135
/content/Dataset/Test/Real/real_4428.jpg,1,1,True,0.060507241636514664,0.9394927620887756
/content/Dataset/Test/Real/real_4429.jpg,1,1,True,0.005461954511702061,0.9945380091667175
/content/Dataset/Test/Real/real_443.jpg,1,1,True,0.00010445718362461776,0.9998955726623535
/content/Dataset/Test/Real/real_4430.jpg,1,1,True,0.05613970011472702,0.9438603520393372
/content/Dataset/Test/Real/real_4431.jpg,1,1,True,0.13828420639038086,0.8617158532142639
/content/Dataset/Test/Real/real_4432.jpg,1,0,False,0.9958364963531494,0.004163503181189299
/content/Dataset/Test/Real/real_4433.jpg,1,0,False,0.8974729776382446,0.10252708196640015
/content/Dataset/Test/Real/real_4434.jpg,1,1,True,0.008015166968107224,0.9919849038124084
/content/Dataset/Test/Real/real_4435.jpg,1,1,True,0.0001894858287414536,0.999810516834259
/content/Dataset/Test/Real/real_4436.jpg,1,1,True,0.07127048820257187,0.9287294745445251
/content/Dataset/Test/Real/real_4437.jpg,1,1,True,0.0011068681487813592,0.9988932013511658
/content/Dataset/Test/Real/real_4438.jpg,1,1,True,0.01590510830283165,0.9840949177742004
/content/Dataset/Test/Real/real_4439.jpg,1,1,True,0.014246153645217419,0.9857538938522339
/content/Dataset/Test/Real/real_444.jpg,1,1,True,1.221675802298705e-06,0.9999988079071045
/content/Dataset/Test/Real/real_4440.jpg,1,1,True,0.01143395435065031,0.9885661005973816
/content/Dataset/Test/Real/real_4441.jpg,1,1,True,0.003981190267950296,0.9960188269615173
/content/Dataset/Test/Real/real_4442.jpg,1,1,True,4.215980879962444e-06,0.9999958276748657
/content/Dataset/Test/Real/real_4443.jpg,1,1,True,2.576176484581083e-06,0.9999973773956299
/content/Dataset/Test/Real/real_4444.jpg,1,1,True,0.00010765556362457573,0.9998923540115356
/content/Dataset/Test/Real/real_4445.jpg,1,1,True,0.0008111839415505528,0.9991888403892517
/content/Dataset/Test/Real/real_4446.jpg,1,1,True,0.0005230076494626701,0.999476969242096
/content/Dataset/Test/Real/real_4447.jpg,1,1,True,0.0023413340095430613,0.9976586103439331
/content/Dataset/Test/Real/real_4448.jpg,1,1,True,5.263605635263957e-05,0.9999473094940186
/content/Dataset/Test/Real/real_4449.jpg,1,1,True,3.005272674272419e-06,0.9999970197677612
/content/Dataset/Test/Real/real_445.jpg,1,1,True,0.01050090603530407,0.9894990921020508
/content/Dataset/Test/Real/real_4450.jpg,1,1,True,1.4113205907051452e-05,0.999985933303833
/content/Dataset/Test/Real/real_4451.jpg,1,1,True,0.0001573576155351475,0.999842643737793
/content/Dataset/Test/Real/real_4452.jpg,1,1,True,2.518924702599179e-06,0.9999974966049194
/content/Dataset/Test/Real/real_4453.jpg,1,1,True,0.052444469183683395,0.9475555419921875
/content/Dataset/Test/Real/real_4454.jpg,1,1,True,0.08398014307022095,0.9160199165344238
/content/Dataset/Test/Real/real_4455.jpg,1,1,True,0.0012454926036298275,0.9987545013427734
/content/Dataset/Test/Real/real_4456.jpg,1,1,True,6.949592716409825e-06,0.999993085861206
/content/Dataset/Test/Real/real_4457.jpg,1,1,True,1.520405248811585e-06,0.9999984502792358
/content/Dataset/Test/Real/real_4458.jpg,1,1,True,1.381157744617667e-06,0.9999985694885254
/content/Dataset/Test/Real/real_4459.jpg,1,1,True,6.706639396725222e-05,0.9999328851699829
/content/Dataset/Test/Real/real_446.jpg,1,1,True,3.182486580044497e-06,0.9999967813491821
/content/Dataset/Test/Real/real_4460.jpg,1,1,True,0.003282419638708234,0.9967175126075745
/content/Dataset/Test/Real/real_4461.jpg,1,1,True,6.602506618946791e-05,0.9999339580535889
/content/Dataset/Test/Real/real_4462.jpg,1,1,True,0.00045266374945640564,0.9995473027229309
/content/Dataset/Test/Real/real_4463.jpg,1,1,True,0.0009616416064091027,0.9990383386611938
/content/Dataset/Test/Real/real_4464.jpg,1,1,True,3.6645062664319994e-06,0.9999963045120239
/content/Dataset/Test/Real/real_4465.jpg,1,1,True,0.0002676231088116765,0.9997323155403137
/content/Dataset/Test/Real/real_4466.jpg,1,1,True,5.520460399566218e-05,0.999944806098938
/content/Dataset/Test/Real/real_4467.jpg,1,1,True,0.020480962470173836,0.9795190691947937
/content/Dataset/Test/Real/real_4468.jpg,1,1,True,0.001566035789437592,0.9984340071678162
/content/Dataset/Test/Real/real_4469.jpg,1,0,False,0.9781488180160522,0.021851228550076485
/content/Dataset/Test/Real/real_447.jpg,1,1,True,1.6620820133539382e-06,0.9999983310699463
/content/Dataset/Test/Real/real_4470.jpg,1,1,True,0.00023732418776489794,0.9997627139091492
/content/Dataset/Test/Real/real_4471.jpg,1,1,True,0.2879076302051544,0.712092399597168
/content/Dataset/Test/Real/real_4472.jpg,1,1,True,0.0001303116005146876,0.999869704246521
/content/Dataset/Test/Real/real_4473.jpg,1,1,True,0.0004271517100278288,0.9995728135108948
/content/Dataset/Test/Real/real_4474.jpg,1,1,True,5.528575002244906e-07,0.9999994039535522
/content/Dataset/Test/Real/real_4475.jpg,1,1,True,0.00028115883469581604,0.9997188448905945
/content/Dataset/Test/Real/real_4476.jpg,1,1,True,0.00013350935478229076,0.9998664855957031
/content/Dataset/Test/Real/real_4477.jpg,1,1,True,1.6562242308282293e-05,0.9999834299087524
/content/Dataset/Test/Real/real_4478.jpg,1,1,True,0.0014453488402068615,0.9985546469688416
/content/Dataset/Test/Real/real_4479.jpg,1,1,True,1.1533181350387167e-05,0.9999884366989136
/content/Dataset/Test/Real/real_448.jpg,1,1,True,1.5866157809796277e-06,0.9999984502792358
/content/Dataset/Test/Real/real_4480.jpg,1,1,True,1.4075542821956333e-05,0.999985933303833
/content/Dataset/Test/Real/real_4481.jpg,1,0,False,0.997991681098938,0.0020083789713680744
/content/Dataset/Test/Real/real_4482.jpg,1,1,True,0.000492083141580224,0.9995079040527344
/content/Dataset/Test/Real/real_4483.jpg,1,1,True,0.1402043104171753,0.8597956895828247
/content/Dataset/Test/Real/real_4484.jpg,1,1,True,3.453033423284069e-05,0.9999654293060303
/content/Dataset/Test/Real/real_4485.jpg,1,1,True,0.001714311889372766,0.998285710811615
/content/Dataset/Test/Real/real_4486.jpg,1,1,True,0.00023687926295679063,0.9997630715370178
/content/Dataset/Test/Real/real_4487.jpg,1,1,True,0.0005206681089475751,0.999479353427887
/content/Dataset/Test/Real/real_4488.jpg,1,1,True,0.000526095274835825,0.9994738698005676
/content/Dataset/Test/Real/real_4489.jpg,1,0,False,0.549452543258667,0.450547456741333
/content/Dataset/Test/Real/real_449.jpg,1,1,True,4.704017919721082e-05,0.9999529123306274
/content/Dataset/Test/Real/real_4490.jpg,1,1,True,5.971534847049043e-06,0.9999940395355225
/content/Dataset/Test/Real/real_4491.jpg,1,1,True,1.9186814824934117e-05,0.9999808073043823
/content/Dataset/Test/Real/real_4492.jpg,1,1,True,0.06360968202352524,0.9363903403282166
/content/Dataset/Test/Real/real_4493.jpg,1,1,True,2.47853240580298e-05,0.9999752044677734
/content/Dataset/Test/Real/real_4494.jpg,1,1,True,0.00011963985889451578,0.999880313873291
/content/Dataset/Test/Real/real_4495.jpg,1,1,True,0.0003277208306826651,0.9996722936630249
/content/Dataset/Test/Real/real_4496.jpg,1,1,True,0.0014732715208083391,0.9985266923904419
/content/Dataset/Test/Real/real_4497.jpg,1,1,True,3.8100181427580537e-06,0.9999961853027344
/content/Dataset/Test/Real/real_4498.jpg,1,1,True,0.0003352558414917439,0.9996647834777832
/content/Dataset/Test/Real/real_4499.jpg,1,1,True,2.0043385120516177e-06,0.9999979734420776
/content/Dataset/Test/Real/real_45.jpg,1,1,True,0.13820090889930725,0.8617991209030151
/content/Dataset/Test/Real/real_450.jpg,1,1,True,0.003438131185248494,0.9965618252754211
/content/Dataset/Test/Real/real_4500.jpg,1,1,True,9.114523709286004e-05,0.9999088048934937
/content/Dataset/Test/Real/real_4501.jpg,1,1,True,6.353409389703302e-06,0.9999936819076538
/content/Dataset/Test/Real/real_4502.jpg,1,1,True,0.00014318338071461767,0.9998568296432495
/content/Dataset/Test/Real/real_4503.jpg,1,1,True,0.09604672342538834,0.9039533138275146
/content/Dataset/Test/Real/real_4504.jpg,1,1,True,0.38893526792526245,0.6110647916793823
/content/Dataset/Test/Real/real_4505.jpg,1,1,True,0.2611381411552429,0.7388619184494019
/content/Dataset/Test/Real/real_4506.jpg,1,1,True,0.00041442434303462505,0.9995855689048767
/content/Dataset/Test/Real/real_4507.jpg,1,1,True,0.014405328780412674,0.985594630241394
/content/Dataset/Test/Real/real_4508.jpg,1,0,False,0.9894200563430786,0.010579882189631462
/content/Dataset/Test/Real/real_4509.jpg,1,0,False,0.5103135108947754,0.4896864891052246
/content/Dataset/Test/Real/real_451.jpg,1,1,True,0.0001670718629611656,0.9998328685760498
/content/Dataset/Test/Real/real_4510.jpg,1,1,True,0.0005982156726531684,0.9994018077850342
/content/Dataset/Test/Real/real_4511.jpg,1,1,True,1.0032035788754001e-05,0.9999899864196777
/content/Dataset/Test/Real/real_4512.jpg,1,1,True,0.047022584825754166,0.9529773592948914
/content/Dataset/Test/Real/real_4513.jpg,1,1,True,6.15444005234167e-05,0.9999384880065918
/content/Dataset/Test/Real/real_4514.jpg,1,1,True,0.00013364412006922066,0.9998663663864136
/content/Dataset/Test/Real/real_4515.jpg,1,1,True,1.988939629882225e-06,0.9999979734420776
/content/Dataset/Test/Real/real_4516.jpg,1,1,True,1.2845171113440301e-06,0.9999986886978149
/content/Dataset/Test/Real/real_4517.jpg,1,1,True,0.3377378284931183,0.6622622013092041
/content/Dataset/Test/Real/real_4518.jpg,1,1,True,0.0002619199804030359,0.9997380375862122
/content/Dataset/Test/Real/real_4519.jpg,1,1,True,5.8995397012040485e-06,0.999994158744812
/content/Dataset/Test/Real/real_452.jpg,1,1,True,1.2626707075469312e-06,0.9999986886978149
/content/Dataset/Test/Real/real_4520.jpg,1,1,True,4.2402520193718374e-05,0.9999575614929199
/content/Dataset/Test/Real/real_4521.jpg,1,1,True,3.830516288871877e-05,0.9999617338180542
/content/Dataset/Test/Real/real_4522.jpg,1,1,True,0.11113446950912476,0.8888655304908752
/content/Dataset/Test/Real/real_4523.jpg,1,1,True,0.06235077977180481,0.9376492500305176
/content/Dataset/Test/Real/real_4524.jpg,1,1,True,0.08971944451332092,0.9102805256843567
/content/Dataset/Test/Real/real_4525.jpg,1,1,True,0.054700158536434174,0.9452998638153076
/content/Dataset/Test/Real/real_4526.jpg,1,1,True,0.003570458386093378,0.9964296221733093
/content/Dataset/Test/Real/real_4527.jpg,1,1,True,0.07410132139921188,0.9258987307548523
/content/Dataset/Test/Real/real_4528.jpg,1,1,True,2.035306351899635e-06,0.9999979734420776
/content/Dataset/Test/Real/real_4529.jpg,1,0,False,0.9567515254020691,0.04324847832322121
/content/Dataset/Test/Real/real_453.jpg,1,1,True,1.9628625523182563e-05,0.9999803304672241
/content/Dataset/Test/Real/real_4530.jpg,1,0,False,0.6720322966575623,0.3279677629470825
/content/Dataset/Test/Real/real_4531.jpg,1,1,True,0.0013771002413704991,0.9986228942871094
/content/Dataset/Test/Real/real_4532.jpg,1,1,True,0.00019420408352743834,0.9998058676719666
/content/Dataset/Test/Real/real_4533.jpg,1,1,True,0.0006899695144966245,0.9993100166320801
/content/Dataset/Test/Real/real_4534.jpg,1,0,False,0.8421368598937988,0.15786316990852356
/content/Dataset/Test/Real/real_4535.jpg,1,1,True,0.008935007266700268,0.9910649657249451
/content/Dataset/Test/Real/real_4536.jpg,1,1,True,0.0021959978621453047,0.9978039860725403
/content/Dataset/Test/Real/real_4537.jpg,1,1,True,1.0023898539657239e-05,0.9999899864196777
/content/Dataset/Test/Real/real_4538.jpg,1,1,True,0.00911046378314495,0.9908894896507263
/content/Dataset/Test/Real/real_4539.jpg,1,1,True,0.00033112167147919536,0.9996688365936279
/content/Dataset/Test/Real/real_454.jpg,1,1,True,1.1620915074672666e-06,0.9999988079071045
/content/Dataset/Test/Real/real_4540.jpg,1,0,False,0.7028074264526367,0.2971925735473633
/content/Dataset/Test/Real/real_4541.jpg,1,1,True,0.00012989995593670756,0.9998700618743896
/content/Dataset/Test/Real/real_4542.jpg,1,1,True,0.016690988093614578,0.9833089709281921
/content/Dataset/Test/Real/real_4543.jpg,1,1,True,0.00022841431200504303,0.9997715353965759
/content/Dataset/Test/Real/real_4544.jpg,1,1,True,0.004367341287434101,0.9956325888633728
/content/Dataset/Test/Real/real_4545.jpg,1,0,False,0.9646918177604675,0.03530818969011307
/content/Dataset/Test/Real/real_4546.jpg,1,1,True,0.0031920974142849445,0.996807873249054
/content/Dataset/Test/Real/real_4547.jpg,1,0,False,0.9979888200759888,0.002011152682825923
/content/Dataset/Test/Real/real_4548.jpg,1,1,True,5.937899459240725e-06,0.9999940395355225
/content/Dataset/Test/Real/real_4549.jpg,1,1,True,0.051110755652189255,0.9488892555236816
/content/Dataset/Test/Real/real_455.jpg,1,1,True,0.07463593035936356,0.9253641366958618
/content/Dataset/Test/Real/real_4550.jpg,1,0,False,0.9905478358268738,0.009452094323933125
/content/Dataset/Test/Real/real_4551.jpg,1,1,True,1.1758418622775935e-05,0.9999881982803345
/content/Dataset/Test/Real/real_4552.jpg,1,1,True,0.000622489140368998,0.9993775486946106
/content/Dataset/Test/Real/real_4553.jpg,1,1,True,0.12687218189239502,0.873127818107605
/content/Dataset/Test/Real/real_4554.jpg,1,1,True,2.4953665160865057e-06,0.9999974966049194
/content/Dataset/Test/Real/real_4555.jpg,1,1,True,0.0032439923379570246,0.9967560172080994
/content/Dataset/Test/Real/real_4556.jpg,1,1,True,0.00021045378525741398,0.9997895359992981
/content/Dataset/Test/Real/real_4557.jpg,1,1,True,0.00013575836783275008,0.9998642206192017
/content/Dataset/Test/Real/real_4558.jpg,1,1,True,1.7125135855167173e-05,0.9999828338623047
/content/Dataset/Test/Real/real_4559.jpg,1,1,True,0.0017530766781419516,0.9982469081878662
/content/Dataset/Test/Real/real_456.jpg,1,1,True,0.0370524600148201,0.9629475474357605
/content/Dataset/Test/Real/real_4560.jpg,1,1,True,3.5328334888617974e-06,0.9999964237213135
/content/Dataset/Test/Real/real_4561.jpg,1,1,True,0.48047345876693726,0.5195265412330627
/content/Dataset/Test/Real/real_4562.jpg,1,1,True,0.0004716873518191278,0.9995282888412476
/content/Dataset/Test/Real/real_4563.jpg,1,1,True,3.94760263588978e-06,0.9999960660934448
/content/Dataset/Test/Real/real_4564.jpg,1,0,False,0.9803799390792847,0.01962011493742466
/content/Dataset/Test/Real/real_4565.jpg,1,0,False,0.9941269159317017,0.0058730896562337875
/content/Dataset/Test/Real/real_4566.jpg,1,0,False,0.9592468738555908,0.04075314849615097
/content/Dataset/Test/Real/real_4567.jpg,1,1,True,0.0006115754949860275,0.9993884563446045
/content/Dataset/Test/Real/real_4568.jpg,1,1,True,0.00013974637840874493,0.9998602867126465
/content/Dataset/Test/Real/real_4569.jpg,1,1,True,0.0009837356628850102,0.999016284942627
/content/Dataset/Test/Real/real_457.jpg,1,1,True,0.00584366312250495,0.9941563606262207
/content/Dataset/Test/Real/real_4570.jpg,1,1,True,4.3025003833463416e-05,0.9999569654464722
/content/Dataset/Test/Real/real_4571.jpg,1,1,True,6.87489909978467e-06,0.999993085861206
/content/Dataset/Test/Real/real_4572.jpg,1,1,True,1.2967243492312264e-06,0.9999986886978149
/content/Dataset/Test/Real/real_4573.jpg,1,1,True,0.00157953763846308,0.9984204769134521
/content/Dataset/Test/Real/real_4574.jpg,1,1,True,0.03733660280704498,0.9626633524894714
/content/Dataset/Test/Real/real_4575.jpg,1,1,True,0.0001862124481704086,0.9998138546943665
/content/Dataset/Test/Real/real_4576.jpg,1,1,True,0.0007847183151170611,0.9992152452468872
/content/Dataset/Test/Real/real_4577.jpg,1,1,True,0.2703649699687958,0.7296350002288818
/content/Dataset/Test/Real/real_4578.jpg,1,0,False,0.9121574759483337,0.08784248679876328
/content/Dataset/Test/Real/real_4579.jpg,1,1,True,0.0019665632862597704,0.9980334639549255
/content/Dataset/Test/Real/real_458.jpg,1,1,True,0.0070089735090732574,0.9929909706115723
/content/Dataset/Test/Real/real_4580.jpg,1,1,True,1.2205531675135717e-05,0.9999878406524658
/content/Dataset/Test/Real/real_4581.jpg,1,1,True,0.00024544226471334696,0.9997546076774597
/content/Dataset/Test/Real/real_4582.jpg,1,0,False,0.9566649794578552,0.043334998190402985
/content/Dataset/Test/Real/real_4583.jpg,1,0,False,0.6083667278289795,0.3916333317756653
/content/Dataset/Test/Real/real_4584.jpg,1,1,True,3.4966635666933144e-06,0.999996542930603
/content/Dataset/Test/Real/real_4585.jpg,1,0,False,0.9437143802642822,0.056285616010427475
/content/Dataset/Test/Real/real_4586.jpg,1,1,True,0.0024565765634179115,0.9975433945655823
/content/Dataset/Test/Real/real_4587.jpg,1,1,True,0.000882944033946842,0.9991170763969421
/content/Dataset/Test/Real/real_4588.jpg,1,1,True,0.003980123903602362,0.9960198998451233
/content/Dataset/Test/Real/real_4589.jpg,1,1,True,0.00020482009858824313,0.999795138835907
/content/Dataset/Test/Real/real_459.jpg,1,1,True,0.3459349572658539,0.6540650725364685
/content/Dataset/Test/Real/real_4590.jpg,1,1,True,0.00042875861981883645,0.9995712637901306
/content/Dataset/Test/Real/real_4591.jpg,1,1,True,5.4587821068707854e-05,0.9999454021453857
/content/Dataset/Test/Real/real_4592.jpg,1,1,True,2.2854395865579136e-05,0.9999771118164062
/content/Dataset/Test/Real/real_4593.jpg,1,1,True,0.00147867645137012,0.9985213875770569
/content/Dataset/Test/Real/real_4594.jpg,1,1,True,0.20096397399902344,0.7990360260009766
/content/Dataset/Test/Real/real_4595.jpg,1,1,True,2.9850575629097875e-06,0.9999970197677612
/content/Dataset/Test/Real/real_4596.jpg,1,1,True,0.0048757861368358135,0.9951242804527283
/content/Dataset/Test/Real/real_4597.jpg,1,1,True,3.1846118417888647e-06,0.9999967813491821
/content/Dataset/Test/Real/real_4598.jpg,1,1,True,0.0012106468202546239,0.998789370059967
/content/Dataset/Test/Real/real_4599.jpg,1,0,False,0.803200364112854,0.19679959118366241
/content/Dataset/Test/Real/real_46.jpg,1,1,True,0.09945674240589142,0.900543212890625
/content/Dataset/Test/Real/real_460.jpg,1,1,True,0.01001833751797676,0.9899817109107971
/content/Dataset/Test/Real/real_4600.jpg,1,1,True,7.453683065250516e-05,0.9999254941940308
/content/Dataset/Test/Real/real_4601.jpg,1,1,True,0.00018439858104102314,0.9998156428337097
/content/Dataset/Test/Real/real_4602.jpg,1,1,True,5.484052508109016e-06,0.9999945163726807
/content/Dataset/Test/Real/real_4603.jpg,1,1,True,2.0823181330342777e-05,0.9999791383743286
/content/Dataset/Test/Real/real_4604.jpg,1,1,True,1.8451000869390555e-06,0.9999982118606567
/content/Dataset/Test/Real/real_4605.jpg,1,1,True,2.1240681235212833e-05,0.99997878074646
/content/Dataset/Test/Real/real_4606.jpg,1,1,True,1.867458013293799e-05,0.9999812841415405
/content/Dataset/Test/Real/real_4607.jpg,1,1,True,5.551809226744808e-05,0.9999444484710693
/content/Dataset/Test/Real/real_4608.jpg,1,1,True,1.6904285075725056e-05,0.9999830722808838
/content/Dataset/Test/Real/real_4609.jpg,1,1,True,4.511131010076497e-06,0.9999954700469971
/content/Dataset/Test/Real/real_461.jpg,1,1,True,1.5038018545965315e-06,0.9999984502792358
/content/Dataset/Test/Real/real_4610.jpg,1,1,True,0.038864683359861374,0.9611352682113647
/content/Dataset/Test/Real/real_4611.jpg,1,1,True,5.4152687880559824e-06,0.9999946355819702
/content/Dataset/Test/Real/real_4612.jpg,1,0,False,0.9982500672340393,0.0017499277601018548
/content/Dataset/Test/Real/real_4613.jpg,1,1,True,0.00010225430742138997,0.9998977184295654
/content/Dataset/Test/Real/real_4614.jpg,1,1,True,0.0002660153841134161,0.9997339844703674
/content/Dataset/Test/Real/real_4615.jpg,1,1,True,8.854340194375254e-06,0.9999911785125732
/content/Dataset/Test/Real/real_4616.jpg,1,1,True,1.3849498827767093e-06,0.9999985694885254
/content/Dataset/Test/Real/real_4617.jpg,1,1,True,0.02140922099351883,0.978590726852417
/content/Dataset/Test/Real/real_4618.jpg,1,1,True,0.1974783092737198,0.8025217056274414
/content/Dataset/Test/Real/real_4619.jpg,1,1,True,0.00042554555693641305,0.9995744824409485
/content/Dataset/Test/Real/real_462.jpg,1,1,True,1.6562653399887495e-05,0.9999834299087524
/content/Dataset/Test/Real/real_4620.jpg,1,1,True,0.0031573905143886805,0.996842622756958
/content/Dataset/Test/Real/real_4621.jpg,1,0,False,0.6829149723052979,0.31708502769470215
/content/Dataset/Test/Real/real_4622.jpg,1,1,True,7.96059111962677e-07,0.9999991655349731
/content/Dataset/Test/Real/real_4623.jpg,1,1,True,6.446681254601572e-06,0.9999935626983643
/content/Dataset/Test/Real/real_4624.jpg,1,1,True,3.2011644179874565e-06,0.9999967813491821
/content/Dataset/Test/Real/real_4625.jpg,1,1,True,0.10269849747419357,0.8973014950752258
/content/Dataset/Test/Real/real_4626.jpg,1,1,True,1.3627185580844525e-05,0.9999864101409912
/content/Dataset/Test/Real/real_4627.jpg,1,1,True,0.009223229251801968,0.990776777267456
/content/Dataset/Test/Real/real_4628.jpg,1,1,True,4.453104907042871e-07,0.9999995231628418
/content/Dataset/Test/Real/real_4629.jpg,1,1,True,1.3833004231855739e-05,0.9999861717224121
/content/Dataset/Test/Real/real_463.jpg,1,1,True,1.244495820174052e-06,0.9999988079071045
/content/Dataset/Test/Real/real_4630.jpg,1,1,True,3.033360917470418e-05,0.9999697208404541
/content/Dataset/Test/Real/real_4631.jpg,1,1,True,5.8995105064241216e-05,0.9999409914016724
/content/Dataset/Test/Real/real_4632.jpg,1,1,True,7.18318551662378e-06,0.999992847442627
/content/Dataset/Test/Real/real_4633.jpg,1,1,True,9.816792044148315e-06,0.9999902248382568
/content/Dataset/Test/Real/real_4634.jpg,1,1,True,2.5437022941332543e-06,0.9999974966049194
/content/Dataset/Test/Real/real_4635.jpg,1,1,True,0.34614279866218567,0.6538571715354919
/content/Dataset/Test/Real/real_4636.jpg,1,0,False,0.5243577361106873,0.47564223408699036
/content/Dataset/Test/Real/real_4637.jpg,1,1,True,0.0019649439491331577,0.9980350136756897
/content/Dataset/Test/Real/real_4638.jpg,1,1,True,0.0017074992647394538,0.9982925057411194
/content/Dataset/Test/Real/real_4639.jpg,1,1,True,0.021520670503377914,0.9784793257713318
/content/Dataset/Test/Real/real_464.jpg,1,1,True,2.167820412068977e-06,0.9999978542327881
/content/Dataset/Test/Real/real_4640.jpg,1,0,False,0.8380398750305176,0.16196013987064362
/content/Dataset/Test/Real/real_4641.jpg,1,1,True,7.297240517800674e-05,0.9999270439147949
/content/Dataset/Test/Real/real_4642.jpg,1,1,True,0.0004635217192117125,0.9995365142822266
/content/Dataset/Test/Real/real_4643.jpg,1,1,True,0.006918577942997217,0.9930813908576965
/content/Dataset/Test/Real/real_4644.jpg,1,1,True,9.433460945729166e-05,0.9999057054519653
/content/Dataset/Test/Real/real_4645.jpg,1,1,True,1.4612181985285133e-05,0.9999853372573853
/content/Dataset/Test/Real/real_4646.jpg,1,1,True,0.00011890899622812867,0.9998810291290283
/content/Dataset/Test/Real/real_4647.jpg,1,1,True,0.0098441606387496,0.990155816078186
/content/Dataset/Test/Real/real_4648.jpg,1,1,True,0.006464549805969,0.9935355186462402
/content/Dataset/Test/Real/real_4649.jpg,1,1,True,0.00021149437816347927,0.9997884631156921
/content/Dataset/Test/Real/real_465.jpg,1,1,True,3.0897656415618258e-06,0.9999969005584717
/content/Dataset/Test/Real/real_4650.jpg,1,1,True,0.00019053409050684422,0.9998094439506531
/content/Dataset/Test/Real/real_4651.jpg,1,1,True,2.0440680600586347e-05,0.9999796152114868
/content/Dataset/Test/Real/real_4652.jpg,1,1,True,0.01506325975060463,0.9849367737770081
/content/Dataset/Test/Real/real_4653.jpg,1,0,False,0.7245786190032959,0.2754214107990265
/content/Dataset/Test/Real/real_4654.jpg,1,0,False,0.6589210629463196,0.3410789370536804
/content/Dataset/Test/Real/real_4655.jpg,1,1,True,0.15087023377418518,0.8491297364234924
/content/Dataset/Test/Real/real_4656.jpg,1,1,True,0.00016275393136311322,0.9998371601104736
/content/Dataset/Test/Real/real_4657.jpg,1,1,True,0.007312269415706396,0.9926877021789551
/content/Dataset/Test/Real/real_4658.jpg,1,1,True,1.418313559042872e-06,0.9999985694885254
/content/Dataset/Test/Real/real_4659.jpg,1,1,True,7.926229955046438e-06,0.9999921321868896
/content/Dataset/Test/Real/real_466.jpg,1,1,True,8.687240551807918e-06,0.9999912977218628
/content/Dataset/Test/Real/real_4660.jpg,1,1,True,0.029087139293551445,0.9709128141403198
/content/Dataset/Test/Real/real_4661.jpg,1,1,True,4.017511855636258e-06,0.9999959468841553
/content/Dataset/Test/Real/real_4662.jpg,1,1,True,0.01767593063414097,0.9823240041732788
/content/Dataset/Test/Real/real_4663.jpg,1,1,True,0.00011621696467045695,0.999883770942688
/content/Dataset/Test/Real/real_4664.jpg,1,1,True,3.4269201023562346e-06,0.999996542930603
/content/Dataset/Test/Real/real_4665.jpg,1,1,True,0.023728279396891594,0.9762717485427856
/content/Dataset/Test/Real/real_4666.jpg,1,1,True,0.004971851594746113,0.9950281977653503
/content/Dataset/Test/Real/real_4667.jpg,1,1,True,0.31152939796447754,0.6884706020355225
/content/Dataset/Test/Real/real_4668.jpg,1,1,True,0.00039883519639261067,0.9996011853218079
/content/Dataset/Test/Real/real_4669.jpg,1,0,False,0.9932791590690613,0.006720875855535269
/content/Dataset/Test/Real/real_467.jpg,1,1,True,0.00043140441994182765,0.9995686411857605
/content/Dataset/Test/Real/real_4670.jpg,1,1,True,0.13588270545005798,0.8641173243522644
/content/Dataset/Test/Real/real_4671.jpg,1,1,True,9.711283382785041e-06,0.9999903440475464
/content/Dataset/Test/Real/real_4672.jpg,1,1,True,3.065067721763626e-05,0.9999693632125854
/content/Dataset/Test/Real/real_4673.jpg,1,1,True,1.2871749277110212e-05,0.9999871253967285
/content/Dataset/Test/Real/real_4674.jpg,1,1,True,0.02644571289420128,0.973554253578186
/content/Dataset/Test/Real/real_4675.jpg,1,0,False,0.5206577777862549,0.4793422520160675
/content/Dataset/Test/Real/real_4676.jpg,1,1,True,1.2450831491150893e-05,0.9999876022338867
/content/Dataset/Test/Real/real_4677.jpg,1,1,True,8.032878395169973e-05,0.9999196529388428
/content/Dataset/Test/Real/real_4678.jpg,1,1,True,7.572842878289521e-05,0.9999243021011353
/content/Dataset/Test/Real/real_4679.jpg,1,1,True,0.027674172073602676,0.97232586145401
/content/Dataset/Test/Real/real_468.jpg,1,1,True,1.9609467472037068e-06,0.9999980926513672
/content/Dataset/Test/Real/real_4680.jpg,1,1,True,0.09418325871229172,0.9058167934417725
/content/Dataset/Test/Real/real_4681.jpg,1,1,True,0.01110540609806776,0.9888945817947388
/content/Dataset/Test/Real/real_4682.jpg,1,1,True,0.01883712224662304,0.9811628460884094
/content/Dataset/Test/Real/real_4683.jpg,1,1,True,0.00023279224114958197,0.9997672438621521
/content/Dataset/Test/Real/real_4684.jpg,1,1,True,0.0003887184720952064,0.9996113181114197
/content/Dataset/Test/Real/real_4685.jpg,1,1,True,0.00040653065661899745,0.9995934367179871
/content/Dataset/Test/Real/real_4686.jpg,1,1,True,0.0009626270621083677,0.9990373849868774
/content/Dataset/Test/Real/real_4687.jpg,1,1,True,3.975681920564966e-06,0.9999960660934448
/content/Dataset/Test/Real/real_4688.jpg,1,1,True,1.5620817066519521e-06,0.9999984502792358
/content/Dataset/Test/Real/real_4689.jpg,1,1,True,4.391801485326141e-05,0.9999561309814453
/content/Dataset/Test/Real/real_469.jpg,1,1,True,0.0003380862472113222,0.999661922454834
/content/Dataset/Test/Real/real_4690.jpg,1,1,True,3.4972340472450014e-06,0.999996542930603
/content/Dataset/Test/Real/real_4691.jpg,1,1,True,1.6576874259044416e-05,0.9999834299087524
/content/Dataset/Test/Real/real_4692.jpg,1,1,True,0.029928412288427353,0.9700716137886047
/content/Dataset/Test/Real/real_4693.jpg,1,1,True,0.12813681364059448,0.8718631863594055
/content/Dataset/Test/Real/real_4694.jpg,1,1,True,0.3247888386249542,0.6752111315727234
/content/Dataset/Test/Real/real_4695.jpg,1,1,True,2.2486308807856403e-05,0.9999774694442749
/content/Dataset/Test/Real/real_4696.jpg,1,1,True,0.010813724249601364,0.9891862273216248
/content/Dataset/Test/Real/real_4697.jpg,1,1,True,0.0034732313361018896,0.9965267777442932
/content/Dataset/Test/Real/real_4698.jpg,1,0,False,0.9352096319198608,0.06479039788246155
/content/Dataset/Test/Real/real_4699.jpg,1,1,True,1.5116726217456744e-06,0.9999984502792358
/content/Dataset/Test/Real/real_47.jpg,1,1,True,0.0553496815264225,0.9446502923965454
/content/Dataset/Test/Real/real_470.jpg,1,1,True,9.846316061157268e-06,0.9999901056289673
/content/Dataset/Test/Real/real_4700.jpg,1,0,False,0.5842167139053345,0.4157833158969879
/content/Dataset/Test/Real/real_4701.jpg,1,1,True,0.005511385388672352,0.9944885969161987
/content/Dataset/Test/Real/real_4702.jpg,1,1,True,2.3201037038234062e-05,0.9999767541885376
/content/Dataset/Test/Real/real_4703.jpg,1,1,True,0.0048425267450511456,0.9951574206352234
/content/Dataset/Test/Real/real_4704.jpg,1,1,True,0.019371168687939644,0.9806288480758667
/content/Dataset/Test/Real/real_4705.jpg,1,1,True,1.46298634717823e-05,0.9999853372573853
/content/Dataset/Test/Real/real_4706.jpg,1,1,True,3.17451631417498e-05,0.9999682903289795
/content/Dataset/Test/Real/real_4707.jpg,1,1,True,0.0027606927324086428,0.997239351272583
/content/Dataset/Test/Real/real_4708.jpg,1,1,True,1.953201172000263e-05,0.9999804496765137
/content/Dataset/Test/Real/real_4709.jpg,1,0,False,0.8654641509056091,0.13453584909439087
/content/Dataset/Test/Real/real_471.jpg,1,1,True,0.0005135929095558822,0.9994863271713257
/content/Dataset/Test/Real/real_4710.jpg,1,1,True,0.0037739251274615526,0.9962260723114014
/content/Dataset/Test/Real/real_4711.jpg,1,1,True,0.0014636849518865347,0.9985363483428955
/content/Dataset/Test/Real/real_4712.jpg,1,1,True,0.05328618362545967,0.9467138648033142
/content/Dataset/Test/Real/real_4713.jpg,1,1,True,2.5806772100622766e-05,0.999974250793457
/content/Dataset/Test/Real/real_4714.jpg,1,1,True,0.0006360062980093062,0.9993639588356018
/content/Dataset/Test/Real/real_4715.jpg,1,1,True,6.429661425499944e-06,0.9999935626983643
/content/Dataset/Test/Real/real_4716.jpg,1,1,True,1.3021637641941197e-05,0.999987006187439
/content/Dataset/Test/Real/real_4717.jpg,1,1,True,1.3846982255927287e-05,0.9999861717224121
/content/Dataset/Test/Real/real_4718.jpg,1,0,False,0.5319545269012451,0.46804550290107727
/content/Dataset/Test/Real/real_4719.jpg,1,1,True,4.809540041605942e-05,0.999951958656311
/content/Dataset/Test/Real/real_472.jpg,1,1,True,5.436045853457472e-07,0.9999994039535522
/content/Dataset/Test/Real/real_4720.jpg,1,1,True,0.0002074807125609368,0.9997925162315369
/content/Dataset/Test/Real/real_4721.jpg,1,0,False,0.9978089928627014,0.002190969418734312
/content/Dataset/Test/Real/real_4722.jpg,1,1,True,0.00012861125287599862,0.9998713731765747
/content/Dataset/Test/Real/real_4723.jpg,1,1,True,9.287099237553775e-05,0.9999071359634399
/content/Dataset/Test/Real/real_4724.jpg,1,1,True,0.03285222128033638,0.967147707939148
/content/Dataset/Test/Real/real_4725.jpg,1,1,True,0.003393192309886217,0.9966068267822266
/content/Dataset/Test/Real/real_4726.jpg,1,1,True,0.38213813304901123,0.6178618669509888
/content/Dataset/Test/Real/real_4727.jpg,1,1,True,0.00084209896158427,0.9991579055786133
/content/Dataset/Test/Real/real_4728.jpg,1,1,True,2.5634677513153292e-05,0.9999743700027466
/content/Dataset/Test/Real/real_4729.jpg,1,1,True,6.338924140436575e-05,0.999936580657959
/content/Dataset/Test/Real/real_473.jpg,1,1,True,2.3398067696689395e-06,0.999997615814209
/content/Dataset/Test/Real/real_4730.jpg,1,1,True,0.012143908999860287,0.9878560900688171
/content/Dataset/Test/Real/real_4731.jpg,1,1,True,0.0001271363435080275,0.9998728036880493
/content/Dataset/Test/Real/real_4732.jpg,1,1,True,4.640186671167612e-05,0.9999536275863647
/content/Dataset/Test/Real/real_4733.jpg,1,1,True,0.025829043239355087,0.974170982837677
/content/Dataset/Test/Real/real_4734.jpg,1,1,True,0.00415453314781189,0.9958454966545105
/content/Dataset/Test/Real/real_4735.jpg,1,0,False,0.9852441549301147,0.01475590281188488
/content/Dataset/Test/Real/real_4736.jpg,1,1,True,0.09398207813501358,0.9060179591178894
/content/Dataset/Test/Real/real_4737.jpg,1,1,True,0.03436528891324997,0.9656347632408142
/content/Dataset/Test/Real/real_4738.jpg,1,1,True,4.5710174163104966e-05,0.999954342842102
/content/Dataset/Test/Real/real_4739.jpg,1,1,True,1.2127803529438097e-05,0.9999878406524658
/content/Dataset/Test/Real/real_474.jpg,1,1,True,2.026878519245656e-06,0.9999979734420776
/content/Dataset/Test/Real/real_4740.jpg,1,1,True,1.6096602848847397e-05,0.9999839067459106
/content/Dataset/Test/Real/real_4741.jpg,1,1,True,4.7829977120272815e-05,0.9999521970748901
/content/Dataset/Test/Real/real_4742.jpg,1,1,True,0.03327099606394768,0.9667289853096008
/content/Dataset/Test/Real/real_4743.jpg,1,1,True,3.617913898779079e-05,0.9999637603759766
/content/Dataset/Test/Real/real_4744.jpg,1,1,True,2.1458306946442463e-05,0.9999785423278809
/content/Dataset/Test/Real/real_4745.jpg,1,1,True,0.027440235018730164,0.9725597500801086
/content/Dataset/Test/Real/real_4746.jpg,1,1,True,0.22342848777770996,0.77657151222229
/content/Dataset/Test/Real/real_4747.jpg,1,1,True,0.34339261054992676,0.6566073894500732
/content/Dataset/Test/Real/real_4748.jpg,1,1,True,9.699323709355667e-05,0.9999029636383057
/content/Dataset/Test/Real/real_4749.jpg,1,1,True,0.22823339700698853,0.7717666625976562
/content/Dataset/Test/Real/real_475.jpg,1,0,False,0.9856665730476379,0.01433337852358818
/content/Dataset/Test/Real/real_4750.jpg,1,1,True,0.005456745624542236,0.994543194770813
/content/Dataset/Test/Real/real_4751.jpg,1,1,True,0.000712968350853771,0.9992870688438416
/content/Dataset/Test/Real/real_4752.jpg,1,1,True,0.040792882442474365,0.9592071771621704
/content/Dataset/Test/Real/real_4753.jpg,1,0,False,0.832812488079071,0.16718754172325134
/content/Dataset/Test/Real/real_4754.jpg,1,1,True,9.578476237948053e-06,0.9999904632568359
/content/Dataset/Test/Real/real_4755.jpg,1,1,True,1.1880363217642298e-06,0.9999988079071045
/content/Dataset/Test/Real/real_4756.jpg,1,1,True,0.0035820486955344677,0.9964179992675781
/content/Dataset/Test/Real/real_4757.jpg,1,1,True,0.23343786597251892,0.7665621638298035
/content/Dataset/Test/Real/real_4758.jpg,1,1,True,0.0008721008198335767,0.9991279244422913
/content/Dataset/Test/Real/real_4759.jpg,1,1,True,0.3234439790248871,0.6765560507774353
/content/Dataset/Test/Real/real_476.jpg,1,0,False,0.9909082651138306,0.009091731160879135
/content/Dataset/Test/Real/real_4760.jpg,1,1,True,2.247319025627803e-05,0.9999774694442749
/content/Dataset/Test/Real/real_4761.jpg,1,1,True,0.11409076303243637,0.8859091997146606
/content/Dataset/Test/Real/real_4762.jpg,1,1,True,1.8501164959161542e-05,0.9999815225601196
/content/Dataset/Test/Real/real_4763.jpg,1,1,True,0.07263098657131195,0.9273689985275269
/content/Dataset/Test/Real/real_4764.jpg,1,1,True,0.021437766030430794,0.9785621762275696
/content/Dataset/Test/Real/real_4765.jpg,1,1,True,0.22470368444919586,0.7752963304519653
/content/Dataset/Test/Real/real_4766.jpg,1,1,True,0.003472315613180399,0.9965277314186096
/content/Dataset/Test/Real/real_4767.jpg,1,1,True,0.0001656210224609822,0.9998342990875244
/content/Dataset/Test/Real/real_4768.jpg,1,1,True,0.09467275440692902,0.9053272008895874
/content/Dataset/Test/Real/real_4769.jpg,1,1,True,3.2330626709153876e-06,0.9999967813491821
/content/Dataset/Test/Real/real_477.jpg,1,1,True,0.00015762854309286922,0.9998424053192139
/content/Dataset/Test/Real/real_4770.jpg,1,1,True,0.0008271721890196204,0.9991727471351624
/content/Dataset/Test/Real/real_4771.jpg,1,1,True,0.0006002265145070851,0.9993997812271118
/content/Dataset/Test/Real/real_4772.jpg,1,1,True,2.158879033231642e-05,0.9999784231185913
/content/Dataset/Test/Real/real_4773.jpg,1,0,False,0.9887974858283997,0.011202465742826462
/content/Dataset/Test/Real/real_4774.jpg,1,1,True,0.14814691245555878,0.85185307264328
/content/Dataset/Test/Real/real_4775.jpg,1,1,True,0.0003179895575158298,0.9996820688247681
/content/Dataset/Test/Real/real_4776.jpg,1,1,True,8.011466889001895e-06,0.9999920129776001
/content/Dataset/Test/Real/real_4777.jpg,1,1,True,2.5657127480371855e-05,0.9999743700027466
/content/Dataset/Test/Real/real_4778.jpg,1,1,True,0.26477426290512085,0.7352257370948792
/content/Dataset/Test/Real/real_4779.jpg,1,1,True,2.4029444830375724e-05,0.9999759197235107
/content/Dataset/Test/Real/real_478.jpg,1,1,True,1.061698981175141e-06,0.999998927116394
/content/Dataset/Test/Real/real_4780.jpg,1,1,True,0.021745488047599792,0.9782545566558838
/content/Dataset/Test/Real/real_4781.jpg,1,1,True,0.001801745849661529,0.9981983304023743
/content/Dataset/Test/Real/real_4782.jpg,1,1,True,5.2925092859368306e-06,0.9999947547912598
/content/Dataset/Test/Real/real_4783.jpg,1,1,True,0.28388845920562744,0.7161115407943726
/content/Dataset/Test/Real/real_4784.jpg,1,1,True,0.30941876769065857,0.6905812621116638
/content/Dataset/Test/Real/real_4785.jpg,1,1,True,0.026769686490297318,0.9732303619384766
/content/Dataset/Test/Real/real_4786.jpg,1,1,True,3.5330638638697565e-05,0.999964714050293
/content/Dataset/Test/Real/real_4787.jpg,1,1,True,0.06183696910738945,0.9381629824638367
/content/Dataset/Test/Real/real_4788.jpg,1,1,True,0.13766039907932281,0.8623395562171936
/content/Dataset/Test/Real/real_4789.jpg,1,0,False,0.5276076197624207,0.47239235043525696
/content/Dataset/Test/Real/real_479.jpg,1,0,False,0.9816126823425293,0.018387321382761
/content/Dataset/Test/Real/real_4790.jpg,1,1,True,1.2028733181068674e-05,0.9999879598617554
/content/Dataset/Test/Real/real_4791.jpg,1,1,True,0.0014837783528491855,0.9985162615776062
/content/Dataset/Test/Real/real_4792.jpg,1,1,True,3.651254155556671e-05,0.9999635219573975
/content/Dataset/Test/Real/real_4793.jpg,1,0,False,0.765125572681427,0.23487445712089539
/content/Dataset/Test/Real/real_4794.jpg,1,1,True,0.00026661690208129585,0.9997333884239197
/content/Dataset/Test/Real/real_4795.jpg,1,1,True,0.01694478467106819,0.9830552339553833
/content/Dataset/Test/Real/real_4796.jpg,1,0,False,0.995326042175293,0.004673962946981192
/content/Dataset/Test/Real/real_4797.jpg,1,1,True,0.08926539868116379,0.9107345938682556
/content/Dataset/Test/Real/real_4798.jpg,1,1,True,0.019686857238411903,0.9803131222724915
/content/Dataset/Test/Real/real_4799.jpg,1,1,True,0.0017711500404402614,0.9982288479804993
/content/Dataset/Test/Real/real_48.jpg,1,1,True,4.155164788244292e-06,0.9999958276748657
/content/Dataset/Test/Real/real_480.jpg,1,1,True,0.05477837845683098,0.9452216029167175
/content/Dataset/Test/Real/real_4800.jpg,1,1,True,4.652270035876427e-06,0.9999953508377075
/content/Dataset/Test/Real/real_4801.jpg,1,1,True,0.002089292276650667,0.9979106783866882
/content/Dataset/Test/Real/real_4802.jpg,1,1,True,0.00013835944992024451,0.9998615980148315
/content/Dataset/Test/Real/real_4803.jpg,1,1,True,8.279156645585317e-06,0.999991774559021
/content/Dataset/Test/Real/real_4804.jpg,1,1,True,0.0013831515097990632,0.9986168146133423
/content/Dataset/Test/Real/real_4805.jpg,1,1,True,0.06502941995859146,0.9349705576896667
/content/Dataset/Test/Real/real_4806.jpg,1,1,True,0.006332944612950087,0.9936670660972595
/content/Dataset/Test/Real/real_4807.jpg,1,1,True,0.00011966634338023141,0.999880313873291
/content/Dataset/Test/Real/real_4808.jpg,1,1,True,0.010503612458705902,0.9894964098930359
/content/Dataset/Test/Real/real_4809.jpg,1,0,False,0.8054240942001343,0.19457587599754333
/content/Dataset/Test/Real/real_481.jpg,1,1,True,0.0011739301262423396,0.9988260865211487
/content/Dataset/Test/Real/real_4810.jpg,1,1,True,3.7137042454560287e-06,0.9999963045120239
/content/Dataset/Test/Real/real_4811.jpg,1,1,True,0.004632375668734312,0.9953676462173462
/content/Dataset/Test/Real/real_4812.jpg,1,1,True,0.05244605615735054,0.9475539326667786
/content/Dataset/Test/Real/real_4813.jpg,1,1,True,0.00023959227837622166,0.9997604489326477
/content/Dataset/Test/Real/real_4814.jpg,1,1,True,0.023724662140011787,0.9762753844261169
/content/Dataset/Test/Real/real_4815.jpg,1,1,True,1.3656665942107793e-05,0.9999862909317017
/content/Dataset/Test/Real/real_4816.jpg,1,1,True,2.5055533114937134e-05,0.9999749660491943
/content/Dataset/Test/Real/real_4817.jpg,1,1,True,0.0005343711236491799,0.9994656443595886
/content/Dataset/Test/Real/real_4818.jpg,1,1,True,0.43690258264541626,0.5630974769592285
/content/Dataset/Test/Real/real_4819.jpg,1,1,True,0.0016317213885486126,0.9983683228492737
/content/Dataset/Test/Real/real_482.jpg,1,1,True,0.0008341279462911189,0.9991658926010132
/content/Dataset/Test/Real/real_4820.jpg,1,1,True,7.87743047112599e-05,0.9999212026596069
/content/Dataset/Test/Real/real_4821.jpg,1,1,True,2.3340458028542344e-06,0.999997615814209
/content/Dataset/Test/Real/real_4822.jpg,1,1,True,0.002558579668402672,0.9974414110183716
/content/Dataset/Test/Real/real_4823.jpg,1,0,False,0.9941149353981018,0.005885140039026737
/content/Dataset/Test/Real/real_4824.jpg,1,1,True,7.247895155160222e-06,0.9999927282333374
/content/Dataset/Test/Real/real_4825.jpg,1,1,True,3.165126690873876e-05,0.9999682903289795
/content/Dataset/Test/Real/real_4826.jpg,1,0,False,0.8710466623306274,0.12895336747169495
/content/Dataset/Test/Real/real_4827.jpg,1,1,True,8.869889279594645e-05,0.9999113082885742
/content/Dataset/Test/Real/real_4828.jpg,1,0,False,0.9808891415596008,0.01911090686917305
/content/Dataset/Test/Real/real_4829.jpg,1,0,False,0.9996383190155029,0.0003616513859014958
/content/Dataset/Test/Real/real_483.jpg,1,0,False,0.6467183232307434,0.3532816469669342
/content/Dataset/Test/Real/real_4830.jpg,1,0,False,0.997488260269165,0.002511715516448021
/content/Dataset/Test/Real/real_4831.jpg,1,0,False,0.9976981282234192,0.0023019188083708286
/content/Dataset/Test/Real/real_4832.jpg,1,1,True,0.00337848044000566,0.9966214895248413
/content/Dataset/Test/Real/real_4833.jpg,1,1,True,0.007316396106034517,0.9926835894584656
/content/Dataset/Test/Real/real_4834.jpg,1,1,True,0.005946436431258917,0.9940535426139832
/content/Dataset/Test/Real/real_4835.jpg,1,0,False,0.9972793459892273,0.002720652613788843
/content/Dataset/Test/Real/real_4836.jpg,1,0,False,0.9936473965644836,0.006352629512548447
/content/Dataset/Test/Real/real_4837.jpg,1,1,True,0.01533795241266489,0.9846620559692383
/content/Dataset/Test/Real/real_4838.jpg,1,0,False,0.9969351291656494,0.0030648678075522184
/content/Dataset/Test/Real/real_4839.jpg,1,0,False,0.7268175482749939,0.2731825113296509
/content/Dataset/Test/Real/real_484.jpg,1,1,True,0.00010318906424799934,0.999896764755249
/content/Dataset/Test/Real/real_4840.jpg,1,0,False,0.9731597900390625,0.026840245351195335
/content/Dataset/Test/Real/real_4841.jpg,1,1,True,0.006512634456157684,0.9934873580932617
/content/Dataset/Test/Real/real_4842.jpg,1,0,False,0.7706475257873535,0.22935239970684052
/content/Dataset/Test/Real/real_4843.jpg,1,1,True,0.00011528330651344731,0.9998847246170044
/content/Dataset/Test/Real/real_4844.jpg,1,1,True,3.170097443216946e-06,0.9999967813491821
/content/Dataset/Test/Real/real_4845.jpg,1,1,True,0.2132972776889801,0.7867027521133423
/content/Dataset/Test/Real/real_4846.jpg,1,0,False,0.9987426400184631,0.0012574335560202599
/content/Dataset/Test/Real/real_4847.jpg,1,0,False,0.9819728136062622,0.018027162179350853
/content/Dataset/Test/Real/real_4848.jpg,1,1,True,0.3110661804676056,0.6889338493347168
/content/Dataset/Test/Real/real_4849.jpg,1,0,False,0.980315089225769,0.019684983417391777
/content/Dataset/Test/Real/real_485.jpg,1,1,True,0.054529935121536255,0.9454700946807861
/content/Dataset/Test/Real/real_4850.jpg,1,1,True,0.0009888686472550035,0.9990111589431763
/content/Dataset/Test/Real/real_4851.jpg,1,1,True,0.00288595212623477,0.9971140623092651
/content/Dataset/Test/Real/real_4852.jpg,1,0,False,0.9684422612190247,0.031557753682136536
/content/Dataset/Test/Real/real_4853.jpg,1,1,True,0.1074160486459732,0.8925839066505432
/content/Dataset/Test/Real/real_4854.jpg,1,0,False,0.6818809509277344,0.31811901926994324
/content/Dataset/Test/Real/real_4855.jpg,1,1,True,0.00020758796017616987,0.9997923970222473
/content/Dataset/Test/Real/real_4856.jpg,1,1,True,0.020838182419538498,0.9791618585586548
/content/Dataset/Test/Real/real_4857.jpg,1,1,True,0.4755551517009735,0.5244448184967041
/content/Dataset/Test/Real/real_4858.jpg,1,1,True,0.0001375824649585411,0.9998624324798584
/content/Dataset/Test/Real/real_4859.jpg,1,1,True,0.033764444291591644,0.9662355780601501
/content/Dataset/Test/Real/real_486.jpg,1,1,True,0.000341640756232664,0.9996583461761475
/content/Dataset/Test/Real/real_4860.jpg,1,1,True,0.0032089422456920147,0.9967910647392273
/content/Dataset/Test/Real/real_4861.jpg,1,1,True,0.14891161024570465,0.8510884046554565
/content/Dataset/Test/Real/real_4862.jpg,1,0,False,0.9592171311378479,0.040782880038022995
/content/Dataset/Test/Real/real_4863.jpg,1,1,True,6.2786953094473574e-06,0.9999936819076538
/content/Dataset/Test/Real/real_4864.jpg,1,1,True,0.421598345041275,0.5784016847610474
/content/Dataset/Test/Real/real_4865.jpg,1,0,False,0.828851580619812,0.1711483597755432
/content/Dataset/Test/Real/real_4866.jpg,1,1,True,1.564511990181927e-06,0.9999984502792358
/content/Dataset/Test/Real/real_4867.jpg,1,1,True,0.1895991414785385,0.8104008436203003
/content/Dataset/Test/Real/real_4868.jpg,1,1,True,0.2722363770008087,0.7277635931968689
/content/Dataset/Test/Real/real_4869.jpg,1,0,False,0.9960668683052063,0.003933102823793888
/content/Dataset/Test/Real/real_487.jpg,1,1,True,2.3126085579860955e-05,0.9999768733978271
/content/Dataset/Test/Real/real_4870.jpg,1,0,False,0.9836973547935486,0.01630261540412903
/content/Dataset/Test/Real/real_4871.jpg,1,0,False,0.5432906746864319,0.4567093253135681
/content/Dataset/Test/Real/real_4872.jpg,1,1,True,9.64047503657639e-05,0.9999035596847534
/content/Dataset/Test/Real/real_4873.jpg,1,1,True,0.004658300895243883,0.9953416585922241
/content/Dataset/Test/Real/real_4874.jpg,1,1,True,0.0043377624824643135,0.995662271976471
/content/Dataset/Test/Real/real_4875.jpg,1,0,False,0.6640665531158447,0.33593347668647766
/content/Dataset/Test/Real/real_4876.jpg,1,0,False,0.9655209183692932,0.0344790481030941
/content/Dataset/Test/Real/real_4877.jpg,1,1,True,1.9995362890767865e-05,0.9999799728393555
/content/Dataset/Test/Real/real_4878.jpg,1,0,False,0.9111728668212891,0.08882718533277512
/content/Dataset/Test/Real/real_4879.jpg,1,1,True,0.002128768479451537,0.9978712797164917
/content/Dataset/Test/Real/real_488.jpg,1,1,True,0.0005716446903534234,0.9994283318519592
/content/Dataset/Test/Real/real_4880.jpg,1,0,False,0.9449712634086609,0.05502871423959732
/content/Dataset/Test/Real/real_4881.jpg,1,1,True,0.0014946764567866921,0.9985053539276123
/content/Dataset/Test/Real/real_4882.jpg,1,1,True,0.028137532994151115,0.9718624949455261
/content/Dataset/Test/Real/real_4883.jpg,1,1,True,0.000944805855397135,0.9990552067756653
/content/Dataset/Test/Real/real_4884.jpg,1,0,False,0.7414628863334656,0.25853708386421204
/content/Dataset/Test/Real/real_4885.jpg,1,1,True,0.04005129635334015,0.959948718547821
/content/Dataset/Test/Real/real_4886.jpg,1,1,True,0.07207482308149338,0.927925169467926
/content/Dataset/Test/Real/real_4887.jpg,1,1,True,0.49171334505081177,0.508286714553833
/content/Dataset/Test/Real/real_4888.jpg,1,1,True,0.0040052798576653,0.9959946870803833
/content/Dataset/Test/Real/real_4889.jpg,1,0,False,0.7914059162139893,0.20859406888484955
/content/Dataset/Test/Real/real_489.jpg,1,1,True,2.438835736029432e-06,0.999997615814209
/content/Dataset/Test/Real/real_4890.jpg,1,1,True,0.06230424344539642,0.9376958012580872
/content/Dataset/Test/Real/real_4891.jpg,1,1,True,0.031727343797683716,0.9682726860046387
/content/Dataset/Test/Real/real_4892.jpg,1,1,True,1.7941498299478553e-05,0.9999819993972778
/content/Dataset/Test/Real/real_4893.jpg,1,1,True,7.851638656575233e-05,0.999921441078186
/content/Dataset/Test/Real/real_4894.jpg,1,0,False,0.994247317314148,0.005752690136432648
/content/Dataset/Test/Real/real_4895.jpg,1,0,False,0.9758304953575134,0.02416946180164814
/content/Dataset/Test/Real/real_4896.jpg,1,1,True,0.011446777731180191,0.9885532855987549
/content/Dataset/Test/Real/real_4897.jpg,1,0,False,0.5299090147018433,0.47009095549583435
/content/Dataset/Test/Real/real_4898.jpg,1,0,False,0.7660844326019287,0.2339155375957489
/content/Dataset/Test/Real/real_4899.jpg,1,1,True,0.1225898489356041,0.8774101734161377
/content/Dataset/Test/Real/real_49.jpg,1,1,True,1.325835569332412e-06,0.9999986886978149
/content/Dataset/Test/Real/real_490.jpg,1,1,True,0.13022224605083466,0.8697777390480042
/content/Dataset/Test/Real/real_4900.jpg,1,1,True,0.002805528463795781,0.9971944093704224
/content/Dataset/Test/Real/real_4901.jpg,1,1,True,0.013749380595982075,0.986250638961792
/content/Dataset/Test/Real/real_4902.jpg,1,1,True,0.00015606984379701316,0.999843955039978
/content/Dataset/Test/Real/real_4903.jpg,1,0,False,0.9985570311546326,0.0014429861912503839
/content/Dataset/Test/Real/real_4904.jpg,1,0,False,0.9989426732063293,0.001057360554113984
/content/Dataset/Test/Real/real_4905.jpg,1,0,False,0.9985833168029785,0.0014167353510856628
/content/Dataset/Test/Real/real_4906.jpg,1,0,False,0.965495228767395,0.03450476750731468
/content/Dataset/Test/Real/real_4907.jpg,1,0,False,0.9954871535301208,0.004512782208621502
/content/Dataset/Test/Real/real_4908.jpg,1,0,False,0.8106521368026733,0.18934784829616547
/content/Dataset/Test/Real/real_4909.jpg,1,1,True,2.370421725572669e-06,0.999997615814209
/content/Dataset/Test/Real/real_491.jpg,1,1,True,0.42118433117866516,0.5788156986236572
/content/Dataset/Test/Real/real_4910.jpg,1,1,True,7.369070954155177e-05,0.9999263286590576
/content/Dataset/Test/Real/real_4911.jpg,1,1,True,8.760736818658188e-05,0.9999123811721802
/content/Dataset/Test/Real/real_4912.jpg,1,1,True,0.11139839142560959,0.8886016011238098
/content/Dataset/Test/Real/real_4913.jpg,1,1,True,0.0002714249421842396,0.9997286200523376
/content/Dataset/Test/Real/real_4914.jpg,1,1,True,6.131208647275344e-05,0.9999387264251709
/content/Dataset/Test/Real/real_4915.jpg,1,0,False,0.9984845519065857,0.0015155107248574495
/content/Dataset/Test/Real/real_4916.jpg,1,0,False,0.7754583954811096,0.22454163432121277
/content/Dataset/Test/Real/real_4917.jpg,1,1,True,0.00013595723430626094,0.9998639822006226
/content/Dataset/Test/Real/real_4918.jpg,1,1,True,0.001258634147234261,0.9987414479255676
/content/Dataset/Test/Real/real_4919.jpg,1,1,True,3.145106165902689e-05,0.9999685287475586
/content/Dataset/Test/Real/real_492.jpg,1,1,True,0.00038567549199797213,0.9996142387390137
/content/Dataset/Test/Real/real_4920.jpg,1,1,True,0.496368408203125,0.503631591796875
/content/Dataset/Test/Real/real_4921.jpg,1,1,True,5.40575674676802e-05,0.9999459981918335
/content/Dataset/Test/Real/real_4922.jpg,1,0,False,0.980705976486206,0.01929396577179432
/content/Dataset/Test/Real/real_4923.jpg,1,0,False,0.9054450392723083,0.09455493092536926
/content/Dataset/Test/Real/real_4924.jpg,1,1,True,0.0003434030804783106,0.9996565580368042
/content/Dataset/Test/Real/real_4925.jpg,1,1,True,0.0022433162666857243,0.9977566599845886
/content/Dataset/Test/Real/real_4926.jpg,1,1,True,0.013941248878836632,0.98605877161026
/content/Dataset/Test/Real/real_4927.jpg,1,0,False,0.5255837440490723,0.47441619634628296
/content/Dataset/Test/Real/real_4928.jpg,1,0,False,0.9972934126853943,0.0027065780013799667
/content/Dataset/Test/Real/real_4929.jpg,1,1,True,2.1979931261739694e-06,0.9999978542327881
/content/Dataset/Test/Real/real_493.jpg,1,1,True,8.492010238114744e-06,0.9999915361404419
/content/Dataset/Test/Real/real_4930.jpg,1,1,True,0.2840731143951416,0.7159268260002136
/content/Dataset/Test/Real/real_4931.jpg,1,1,True,0.035055555403232574,0.9649444818496704
/content/Dataset/Test/Real/real_4932.jpg,1,1,True,0.2500145733356476,0.7499854564666748
/content/Dataset/Test/Real/real_4933.jpg,1,1,True,7.903313962742686e-05,0.9999209642410278
/content/Dataset/Test/Real/real_4934.jpg,1,1,True,0.0006529795355163515,0.9993470311164856
/content/Dataset/Test/Real/real_4935.jpg,1,1,True,0.0003496195131447166,0.9996503591537476
/content/Dataset/Test/Real/real_4936.jpg,1,0,False,0.963196337223053,0.03680359199643135
/content/Dataset/Test/Real/real_4937.jpg,1,1,True,0.0038889183197170496,0.9961110949516296
/content/Dataset/Test/Real/real_4938.jpg,1,1,True,0.04053838551044464,0.9594615697860718
/content/Dataset/Test/Real/real_4939.jpg,1,0,False,0.5384001135826111,0.4615998864173889
/content/Dataset/Test/Real/real_494.jpg,1,1,True,8.71061911311699e-06,0.9999912977218628
/content/Dataset/Test/Real/real_4940.jpg,1,0,False,0.9120871424674988,0.08791280537843704
/content/Dataset/Test/Real/real_4941.jpg,1,0,False,0.8343631029129028,0.16563691198825836
/content/Dataset/Test/Real/real_4942.jpg,1,1,True,0.008256095461547375,0.9917438626289368
/content/Dataset/Test/Real/real_4943.jpg,1,1,True,0.0035057682543992996,0.9964942336082458
/content/Dataset/Test/Real/real_4944.jpg,1,1,True,0.011157031171023846,0.9888429641723633
/content/Dataset/Test/Real/real_4945.jpg,1,0,False,0.8575316667556763,0.14246828854084015
/content/Dataset/Test/Real/real_4946.jpg,1,1,True,0.0019205741118639708,0.9980794191360474
/content/Dataset/Test/Real/real_4947.jpg,1,1,True,5.713259452022612e-05,0.9999428987503052
/content/Dataset/Test/Real/real_4948.jpg,1,1,True,0.2016907036304474,0.798309326171875
/content/Dataset/Test/Real/real_4949.jpg,1,1,True,0.05908649042248726,0.9409134984016418
/content/Dataset/Test/Real/real_495.jpg,1,1,True,0.0029052882455289364,0.9970947504043579
/content/Dataset/Test/Real/real_4950.jpg,1,0,False,0.5577676296234131,0.4422323703765869
/content/Dataset/Test/Real/real_4951.jpg,1,1,True,3.4513675927883014e-05,0.9999654293060303
/content/Dataset/Test/Real/real_4952.jpg,1,1,True,0.2657528519630432,0.7342471480369568
/content/Dataset/Test/Real/real_4953.jpg,1,0,False,0.5086023211479187,0.4913977086544037
/content/Dataset/Test/Real/real_4954.jpg,1,1,True,0.025803910568356514,0.9741961359977722
/content/Dataset/Test/Real/real_4955.jpg,1,1,True,0.0001111613237299025,0.9998887777328491
/content/Dataset/Test/Real/real_4956.jpg,1,1,True,0.2829956114292145,0.7170044183731079
/content/Dataset/Test/Real/real_4957.jpg,1,0,False,0.7735009789466858,0.2264990508556366
/content/Dataset/Test/Real/real_4958.jpg,1,0,False,0.9688725471496582,0.03112749569118023
/content/Dataset/Test/Real/real_4959.jpg,1,0,False,0.997893750667572,0.0021062251180410385
/content/Dataset/Test/Real/real_496.jpg,1,1,True,8.195690952561563e-07,0.9999991655349731
/content/Dataset/Test/Real/real_4960.jpg,1,1,True,0.00014757804456166923,0.9998524188995361
/content/Dataset/Test/Real/real_4961.jpg,1,1,True,0.0556054413318634,0.9443945288658142
/content/Dataset/Test/Real/real_4962.jpg,1,1,True,1.284277004742762e-06,0.9999986886978149
/content/Dataset/Test/Real/real_4963.jpg,1,1,True,7.079493570927298e-06,0.9999929666519165
/content/Dataset/Test/Real/real_4964.jpg,1,1,True,0.00022786506451666355,0.9997721314430237
/content/Dataset/Test/Real/real_4965.jpg,1,1,True,2.0269808373996057e-06,0.9999979734420776
/content/Dataset/Test/Real/real_4966.jpg,1,1,True,1.4926547009963542e-05,0.9999850988388062
/content/Dataset/Test/Real/real_4967.jpg,1,1,True,0.47583481669425964,0.5241652131080627
/content/Dataset/Test/Real/real_4968.jpg,1,0,False,0.9067006707191467,0.0932992696762085
/content/Dataset/Test/Real/real_4969.jpg,1,1,True,0.043579328805208206,0.9564206600189209
/content/Dataset/Test/Real/real_497.jpg,1,1,True,0.0008273291168734431,0.9991726279258728
/content/Dataset/Test/Real/real_4970.jpg,1,1,True,0.024933597072958946,0.9750663638114929
/content/Dataset/Test/Real/real_4971.jpg,1,1,True,0.02768528461456299,0.9723146557807922
/content/Dataset/Test/Real/real_4972.jpg,1,1,True,0.17856654524803162,0.821433424949646
/content/Dataset/Test/Real/real_4973.jpg,1,1,True,0.008937499485909939,0.9910625219345093
/content/Dataset/Test/Real/real_4974.jpg,1,1,True,0.0007141518872231245,0.999285876750946
/content/Dataset/Test/Real/real_4975.jpg,1,1,True,3.743559318536427e-06,0.9999963045120239
/content/Dataset/Test/Real/real_4976.jpg,1,1,True,0.0021853952202945948,0.9978145360946655
/content/Dataset/Test/Real/real_4977.jpg,1,0,False,0.9892972111701965,0.010702816769480705
/content/Dataset/Test/Real/real_4978.jpg,1,0,False,0.820224940776825,0.17977504432201385
/content/Dataset/Test/Real/real_4979.jpg,1,1,True,0.19699697196483612,0.8030030131340027
/content/Dataset/Test/Real/real_498.jpg,1,1,True,1.2006747738269041e-06,0.9999988079071045
/content/Dataset/Test/Real/real_4980.jpg,1,1,True,0.23711474239826202,0.7628852725028992
/content/Dataset/Test/Real/real_4981.jpg,1,1,True,0.4506855905056,0.5493144392967224
/content/Dataset/Test/Real/real_4982.jpg,1,0,False,0.8283114433288574,0.17168858647346497
/content/Dataset/Test/Real/real_4983.jpg,1,1,True,0.00026889401488006115,0.9997311234474182
/content/Dataset/Test/Real/real_4984.jpg,1,0,False,0.9985604882240295,0.001439488958567381
/content/Dataset/Test/Real/real_4985.jpg,1,0,False,0.9948242902755737,0.0051756794564425945
/content/Dataset/Test/Real/real_4986.jpg,1,1,True,0.0007933080196380615,0.9992067217826843
/content/Dataset/Test/Real/real_4987.jpg,1,1,True,0.0009854442905634642,0.9990144968032837
/content/Dataset/Test/Real/real_4988.jpg,1,0,False,0.7100822329521179,0.2899177670478821
/content/Dataset/Test/Real/real_4989.jpg,1,1,True,0.000309491966618225,0.9996905326843262
/content/Dataset/Test/Real/real_499.jpg,1,1,True,3.466627731540939e-06,0.999996542930603
/content/Dataset/Test/Real/real_4990.jpg,1,1,True,5.079804759589024e-05,0.9999492168426514
/content/Dataset/Test/Real/real_4991.jpg,1,0,False,0.8409377336502075,0.15906229615211487
/content/Dataset/Test/Real/real_4992.jpg,1,1,True,0.44103869795799255,0.5589613318443298
/content/Dataset/Test/Real/real_4993.jpg,1,0,False,0.9974428415298462,0.0025571195874363184
/content/Dataset/Test/Real/real_4994.jpg,1,0,False,0.9959741234779358,0.004025864880532026
/content/Dataset/Test/Real/real_4995.jpg,1,1,True,0.01696716621518135,0.983032763004303
/content/Dataset/Test/Real/real_4996.jpg,1,1,True,0.06682336330413818,0.9331766963005066
/content/Dataset/Test/Real/real_4997.jpg,1,1,True,3.1712032068753615e-05,0.9999682903289795
/content/Dataset/Test/Real/real_4998.jpg,1,1,True,8.552052167942747e-05,0.9999145269393921
/content/Dataset/Test/Real/real_4999.jpg,1,1,True,0.3883177936077118,0.6116822361946106
/content/Dataset/Test/Real/real_5.jpg,1,1,True,0.013429159298539162,0.9865708947181702
/content/Dataset/Test/Real/real_50.jpg,1,1,True,4.970815098204184e-06,0.9999949932098389
/content/Dataset/Test/Real/real_500.jpg,1,0,False,0.8974880576133728,0.10251191258430481
/content/Dataset/Test/Real/real_5000.jpg,1,1,True,3.7701790915889433e-06,0.9999961853027344
/content/Dataset/Test/Real/real_5001.jpg,1,0,False,0.9728879928588867,0.027112016454339027
/content/Dataset/Test/Real/real_5002.jpg,1,1,True,7.451877900166437e-05,0.9999254941940308
/content/Dataset/Test/Real/real_5003.jpg,1,1,True,0.0001838832686189562,0.9998161196708679
/content/Dataset/Test/Real/real_5004.jpg,1,0,False,0.5832814574241638,0.4167185127735138
/content/Dataset/Test/Real/real_5005.jpg,1,0,False,0.9535490274429321,0.04645102098584175
/content/Dataset/Test/Real/real_5006.jpg,1,1,True,0.0001387510565109551,0.9998612403869629
/content/Dataset/Test/Real/real_5007.jpg,1,1,True,0.0003231824957765639,0.9996768236160278
/content/Dataset/Test/Real/real_5008.jpg,1,1,True,0.19304847717285156,0.8069515228271484
/content/Dataset/Test/Real/real_5009.jpg,1,0,False,0.775489866733551,0.22451011836528778
/content/Dataset/Test/Real/real_501.jpg,1,1,True,0.0035843157675117254,0.9964156150817871
/content/Dataset/Test/Real/real_5010.jpg,1,1,True,0.029072364792227745,0.9709276556968689
/content/Dataset/Test/Real/real_5011.jpg,1,0,False,0.9537014365196228,0.04629860073328018
/content/Dataset/Test/Real/real_5012.jpg,1,1,True,0.00021907118207309395,0.9997809529304504
/content/Dataset/Test/Real/real_5013.jpg,1,0,False,0.9981275200843811,0.0018725218251347542
/content/Dataset/Test/Real/real_5014.jpg,1,1,True,0.00023791709099896252,0.9997621178627014
/content/Dataset/Test/Real/real_5015.jpg,1,0,False,0.9256314635276794,0.07436855882406235
/content/Dataset/Test/Real/real_5016.jpg,1,0,False,0.998748779296875,0.0012512446846812963
/content/Dataset/Test/Real/real_5017.jpg,1,0,False,0.9939247965812683,0.006075180601328611
/content/Dataset/Test/Real/real_5018.jpg,1,0,False,0.9957290291786194,0.00427097687497735
/content/Dataset/Test/Real/real_5019.jpg,1,0,False,0.9863183498382568,0.013681631535291672
/content/Dataset/Test/Real/real_502.jpg,1,1,True,6.384263542713597e-06,0.9999935626983643
/content/Dataset/Test/Real/real_5020.jpg,1,1,True,0.0007654337678104639,0.9992345571517944
/content/Dataset/Test/Real/real_5021.jpg,1,1,True,0.0064429352059960365,0.9935570359230042
/content/Dataset/Test/Real/real_5022.jpg,1,0,False,0.9918184280395508,0.008181549608707428
/content/Dataset/Test/Real/real_5023.jpg,1,1,True,0.0006514423876069486,0.9993485808372498
/content/Dataset/Test/Real/real_5024.jpg,1,1,True,3.0087196591921384e-06,0.9999970197677612
/content/Dataset/Test/Real/real_5025.jpg,1,1,True,0.00018679288041312248,0.9998132586479187
/content/Dataset/Test/Real/real_5026.jpg,1,0,False,0.9029944539070129,0.09700554609298706
/content/Dataset/Test/Real/real_5027.jpg,1,0,False,0.9970495700836182,0.002950347727164626
/content/Dataset/Test/Real/real_5028.jpg,1,1,True,3.199206184945069e-05,0.9999680519104004
/content/Dataset/Test/Real/real_5029.jpg,1,1,True,0.0001489710994064808,0.9998509883880615
/content/Dataset/Test/Real/real_503.jpg,1,1,True,0.41274648904800415,0.5872534513473511
/content/Dataset/Test/Real/real_5030.jpg,1,1,True,0.3785499632358551,0.6214500069618225
/content/Dataset/Test/Real/real_5031.jpg,1,1,True,0.005608775652945042,0.9943912625312805
/content/Dataset/Test/Real/real_5032.jpg,1,1,True,0.00012125862122047693,0.9998787641525269
/content/Dataset/Test/Real/real_5033.jpg,1,1,True,0.0011203197063878179,0.9988797307014465
/content/Dataset/Test/Real/real_5034.jpg,1,1,True,0.08144046366214752,0.9185595512390137
/content/Dataset/Test/Real/real_5035.jpg,1,1,True,0.0032744063064455986,0.9967255592346191
/content/Dataset/Test/Real/real_5036.jpg,1,1,True,0.0001900460192700848,0.9998099207878113
/content/Dataset/Test/Real/real_5037.jpg,1,1,True,0.14788061380386353,0.8521193265914917
/content/Dataset/Test/Real/real_5038.jpg,1,1,True,1.2736466487694997e-05,0.9999872446060181
/content/Dataset/Test/Real/real_5039.jpg,1,1,True,0.28733471035957336,0.712665319442749
/content/Dataset/Test/Real/real_504.jpg,1,1,True,0.018714049831032753,0.9812859296798706
/content/Dataset/Test/Real/real_5040.jpg,1,1,True,1.3332709158930811e-06,0.9999986886978149
/content/Dataset/Test/Real/real_5041.jpg,1,1,True,0.00047662152792327106,0.999523401260376
/content/Dataset/Test/Real/real_5042.jpg,1,0,False,0.999483585357666,0.0005163970636203885
/content/Dataset/Test/Real/real_5043.jpg,1,1,True,2.720001020861673e-06,0.9999972581863403
/content/Dataset/Test/Real/real_5044.jpg,1,1,True,1.4753635696251877e-05,0.9999852180480957
/content/Dataset/Test/Real/real_5045.jpg,1,1,True,2.612072876218008e-06,0.9999973773956299
/content/Dataset/Test/Real/real_5046.jpg,1,1,True,0.18284770846366882,0.8171522617340088
/content/Dataset/Test/Real/real_5047.jpg,1,1,True,0.09501281380653381,0.9049872159957886
/content/Dataset/Test/Real/real_5048.jpg,1,1,True,0.01822677254676819,0.9817731976509094
/content/Dataset/Test/Real/real_5049.jpg,1,1,True,0.00408125389367342,0.9959188103675842
/content/Dataset/Test/Real/real_505.jpg,1,1,True,0.0018091077217832208,0.9981909394264221
/content/Dataset/Test/Real/real_5050.jpg,1,0,False,0.8182359337806702,0.18176406621932983
/content/Dataset/Test/Real/real_5051.jpg,1,1,True,6.301911344053224e-05,0.9999369382858276
/content/Dataset/Test/Real/real_5052.jpg,1,0,False,0.9542307257652283,0.04576929658651352
/content/Dataset/Test/Real/real_5053.jpg,1,0,False,0.8354752063751221,0.16452482342720032
/content/Dataset/Test/Real/real_5054.jpg,1,1,True,0.0023164504673331976,0.9976835250854492
/content/Dataset/Test/Real/real_5055.jpg,1,1,True,0.000498315435834229,0.9995017051696777
/content/Dataset/Test/Real/real_5056.jpg,1,1,True,2.492155908839777e-05,0.9999750852584839
/content/Dataset/Test/Real/real_5057.jpg,1,1,True,0.2607920169830322,0.7392079830169678
/content/Dataset/Test/Real/real_5058.jpg,1,1,True,0.0003769965551327914,0.9996229410171509
/content/Dataset/Test/Real/real_5059.jpg,1,1,True,0.02858375571668148,0.9714162945747375
/content/Dataset/Test/Real/real_506.jpg,1,1,True,0.4439927935600281,0.5560072660446167
/content/Dataset/Test/Real/real_5060.jpg,1,0,False,0.7383812665939331,0.2616186738014221
/content/Dataset/Test/Real/real_5061.jpg,1,1,True,0.16831190884113312,0.8316880464553833
/content/Dataset/Test/Real/real_5062.jpg,1,1,True,0.016641248017549515,0.9833588004112244
/content/Dataset/Test/Real/real_5063.jpg,1,1,True,0.0018371519399806857,0.9981628060340881
/content/Dataset/Test/Real/real_5064.jpg,1,1,True,0.02713765576481819,0.9728623628616333
/content/Dataset/Test/Real/real_5065.jpg,1,1,True,5.730674729420571e-06,0.9999942779541016
/content/Dataset/Test/Real/real_5066.jpg,1,1,True,0.038402292877435684,0.9615976810455322
/content/Dataset/Test/Real/real_5067.jpg,1,0,False,0.9968628883361816,0.003137085121124983
/content/Dataset/Test/Real/real_5068.jpg,1,0,False,0.9969704151153564,0.0030295124743133783
/content/Dataset/Test/Real/real_5069.jpg,1,0,False,0.9991003274917603,0.0008996971300803125
/content/Dataset/Test/Real/real_507.jpg,1,1,True,0.0019529920537024736,0.9980469942092896
/content/Dataset/Test/Real/real_5070.jpg,1,1,True,0.002690580440685153,0.9973094463348389
/content/Dataset/Test/Real/real_5071.jpg,1,1,True,0.3875276446342468,0.6124723553657532
/content/Dataset/Test/Real/real_5072.jpg,1,0,False,0.59539395570755,0.4046059846878052
/content/Dataset/Test/Real/real_5073.jpg,1,1,True,0.28363534808158875,0.7163646221160889
/content/Dataset/Test/Real/real_5074.jpg,1,0,False,0.9970393776893616,0.002960645128041506
/content/Dataset/Test/Real/real_5075.jpg,1,1,True,0.0001158786762971431,0.9998841285705566
/content/Dataset/Test/Real/real_5076.jpg,1,1,True,0.004763430450111628,0.9952365756034851
/content/Dataset/Test/Real/real_5077.jpg,1,1,True,0.0016886683879420161,0.9983112812042236
/content/Dataset/Test/Real/real_5078.jpg,1,1,True,0.13338489830493927,0.8666151165962219
/content/Dataset/Test/Real/real_5079.jpg,1,1,True,0.0001091457816073671,0.9998908042907715
/content/Dataset/Test/Real/real_508.jpg,1,1,True,0.00034610179136507213,0.9996539354324341
/content/Dataset/Test/Real/real_5080.jpg,1,1,True,0.002037059748545289,0.9979629516601562
/content/Dataset/Test/Real/real_5081.jpg,1,0,False,0.8779606819152832,0.12203926593065262
/content/Dataset/Test/Real/real_5082.jpg,1,1,True,0.17167504131793976,0.8283249735832214
/content/Dataset/Test/Real/real_5083.jpg,1,1,True,2.0633769963751547e-05,0.9999793767929077
/content/Dataset/Test/Real/real_5084.jpg,1,1,True,0.0012784377904608846,0.9987215399742126
/content/Dataset/Test/Real/real_5085.jpg,1,0,False,0.9566765427589417,0.04332340508699417
/content/Dataset/Test/Real/real_5086.jpg,1,0,False,0.9158810973167419,0.08411892503499985
/content/Dataset/Test/Real/real_5087.jpg,1,0,False,0.9984241724014282,0.0015758489025756717
/content/Dataset/Test/Real/real_5088.jpg,1,0,False,0.9981977343559265,0.001802243059501052
/content/Dataset/Test/Real/real_5089.jpg,1,0,False,0.997562050819397,0.0024378930684179068
/content/Dataset/Test/Real/real_509.jpg,1,1,True,4.93484731123317e-06,0.9999951124191284
/content/Dataset/Test/Real/real_5090.jpg,1,0,False,0.9963665008544922,0.0036335329059511423
/content/Dataset/Test/Real/real_5091.jpg,1,0,False,0.9983404874801636,0.001659542671404779
/content/Dataset/Test/Real/real_5092.jpg,1,1,True,0.09352049231529236,0.9064794778823853
/content/Dataset/Test/Real/real_5093.jpg,1,1,True,6.048699106031563e-06,0.9999939203262329
/content/Dataset/Test/Real/real_5094.jpg,1,0,False,0.8933573961257935,0.10664261132478714
/content/Dataset/Test/Real/real_5095.jpg,1,0,False,0.7161022424697876,0.2838977575302124
/content/Dataset/Test/Real/real_5096.jpg,1,1,True,0.30330267548561096,0.6966973543167114
/content/Dataset/Test/Real/real_5097.jpg,1,0,False,0.9814596176147461,0.01854032278060913
/content/Dataset/Test/Real/real_5098.jpg,1,0,False,0.8918225765228271,0.10817745327949524
/content/Dataset/Test/Real/real_5099.jpg,1,0,False,0.9899416565895081,0.010058377869427204
/content/Dataset/Test/Real/real_51.jpg,1,1,True,3.157536866638111e-06,0.9999969005584717
/content/Dataset/Test/Real/real_510.jpg,1,0,False,0.9593783020973206,0.04062170162796974
/content/Dataset/Test/Real/real_5100.jpg,1,0,False,0.9946414232254028,0.005358592141419649
/content/Dataset/Test/Real/real_5101.jpg,1,1,True,0.0001968480064533651,0.9998031258583069
/content/Dataset/Test/Real/real_5102.jpg,1,0,False,0.5778787136077881,0.42212122678756714
/content/Dataset/Test/Real/real_5103.jpg,1,1,True,0.4308955669403076,0.5691043734550476
/content/Dataset/Test/Real/real_5104.jpg,1,1,True,0.31878039240837097,0.6812196373939514
/content/Dataset/Test/Real/real_5105.jpg,1,1,True,0.10634501278400421,0.893655002117157
/content/Dataset/Test/Real/real_5106.jpg,1,0,False,0.9989029169082642,0.0010970336152240634
/content/Dataset/Test/Real/real_5107.jpg,1,0,False,0.99471515417099,0.0052848574705421925
/content/Dataset/Test/Real/real_5108.jpg,1,0,False,0.9980612397193909,0.0019387659849599004
/content/Dataset/Test/Real/real_5109.jpg,1,1,True,0.002124035032466054,0.9978759288787842
/content/Dataset/Test/Real/real_511.jpg,1,1,True,0.0011405878467485309,0.9988594055175781
/content/Dataset/Test/Real/real_5110.jpg,1,0,False,0.9939411878585815,0.006058880127966404
/content/Dataset/Test/Real/real_5111.jpg,1,1,True,0.40325358510017395,0.5967463850975037
/content/Dataset/Test/Real/real_5112.jpg,1,0,False,0.9078275561332703,0.09217248111963272
/content/Dataset/Test/Real/real_5113.jpg,1,0,False,0.9208627939224243,0.0791371613740921
/content/Dataset/Test/Real/real_5114.jpg,1,1,True,0.49720290303230286,0.5027970671653748
/content/Dataset/Test/Real/real_5115.jpg,1,1,True,6.0465308706625365e-06,0.9999939203262329
/content/Dataset/Test/Real/real_5116.jpg,1,1,True,0.19763176143169403,0.8023682832717896
/content/Dataset/Test/Real/real_5117.jpg,1,1,True,0.046461619436740875,0.9535383582115173
/content/Dataset/Test/Real/real_5118.jpg,1,1,True,0.003453717101365328,0.9965463280677795
/content/Dataset/Test/Real/real_5119.jpg,1,1,True,0.00034735407098196447,0.999652624130249
/content/Dataset/Test/Real/real_512.jpg,1,1,True,0.40728479623794556,0.5927152037620544
/content/Dataset/Test/Real/real_5120.jpg,1,1,True,0.003860188415274024,0.9961398243904114
/content/Dataset/Test/Real/real_5121.jpg,1,1,True,3.231392156521906e-06,0.9999967813491821
/content/Dataset/Test/Real/real_5122.jpg,1,1,True,7.096727495081723e-05,0.9999290704727173
/content/Dataset/Test/Real/real_5123.jpg,1,1,True,1.962441274372395e-05,0.9999803304672241
/content/Dataset/Test/Real/real_5124.jpg,1,0,False,0.9590861797332764,0.04091382771730423
/content/Dataset/Test/Real/real_5125.jpg,1,0,False,0.9537149667739868,0.04628505930304527
/content/Dataset/Test/Real/real_5126.jpg,1,1,True,0.0018822200363501906,0.9981178045272827
/content/Dataset/Test/Real/real_5127.jpg,1,1,True,0.3219006359577179,0.6780993938446045
/content/Dataset/Test/Real/real_5128.jpg,1,0,False,0.712452232837677,0.2875477373600006
/content/Dataset/Test/Real/real_5129.jpg,1,0,False,0.9217916131019592,0.07820837944746017
/content/Dataset/Test/Real/real_513.jpg,1,1,True,3.216845652787015e-05,0.9999678134918213
/content/Dataset/Test/Real/real_5130.jpg,1,0,False,0.7814632654190063,0.21853676438331604
/content/Dataset/Test/Real/real_5131.jpg,1,1,True,8.774682646617293e-05,0.9999122619628906
/content/Dataset/Test/Real/real_5132.jpg,1,0,False,0.9696763157844543,0.03032361902296543
/content/Dataset/Test/Real/real_5133.jpg,1,0,False,0.6564204096794128,0.34357962012290955
/content/Dataset/Test/Real/real_5134.jpg,1,0,False,0.9925737380981445,0.007426305674016476
/content/Dataset/Test/Real/real_5135.jpg,1,0,False,0.7282664179801941,0.2717335820198059
/content/Dataset/Test/Real/real_5136.jpg,1,1,True,1.6533600728507736e-06,0.9999983310699463
/content/Dataset/Test/Real/real_5137.jpg,1,1,True,1.6418348423030693e-06,0.9999983310699463
/content/Dataset/Test/Real/real_5138.jpg,1,1,True,3.3093325328081846e-05,0.9999668598175049
/content/Dataset/Test/Real/real_5139.jpg,1,1,True,0.0021811570040881634,0.9978188276290894
/content/Dataset/Test/Real/real_514.jpg,1,1,True,0.001511019072495401,0.9984889030456543
/content/Dataset/Test/Real/real_5140.jpg,1,0,False,0.9953306913375854,0.004669360350817442
/content/Dataset/Test/Real/real_5141.jpg,1,0,False,0.9773298501968384,0.022670118138194084
/content/Dataset/Test/Real/real_5142.jpg,1,0,False,0.993419349193573,0.006580641493201256
/content/Dataset/Test/Real/real_5143.jpg,1,1,True,0.013142355717718601,0.9868576526641846
/content/Dataset/Test/Real/real_5144.jpg,1,1,True,4.736974915431347e-06,0.999995231628418
/content/Dataset/Test/Real/real_5145.jpg,1,1,True,7.843268576834816e-06,0.9999921321868896
/content/Dataset/Test/Real/real_5146.jpg,1,1,True,2.0852774468949065e-05,0.9999791383743286
/content/Dataset/Test/Real/real_5147.jpg,1,0,False,0.9979368448257446,0.0020632098894566298
/content/Dataset/Test/Real/real_5148.jpg,1,0,False,0.5381383895874023,0.46186164021492004
/content/Dataset/Test/Real/real_5149.jpg,1,1,True,0.0016239369288086891,0.9983760118484497
/content/Dataset/Test/Real/real_515.jpg,1,1,True,1.0409245305709192e-06,0.999998927116394
/content/Dataset/Test/Real/real_5150.jpg,1,1,True,0.0017375618917867541,0.9982624650001526
/content/Dataset/Test/Real/real_5151.jpg,1,1,True,0.00015614218136761338,0.9998438358306885
/content/Dataset/Test/Real/real_5152.jpg,1,1,True,1.3253425095172133e-06,0.9999986886978149
/content/Dataset/Test/Real/real_5153.jpg,1,1,True,3.5387276966503123e-06,0.9999964237213135
/content/Dataset/Test/Real/real_5154.jpg,1,1,True,0.020050490275025368,0.9799495339393616
/content/Dataset/Test/Real/real_5155.jpg,1,1,True,7.87262138146616e-07,0.9999991655349731
/content/Dataset/Test/Real/real_5156.jpg,1,1,True,0.0002757450856734067,0.9997242093086243
/content/Dataset/Test/Real/real_5157.jpg,1,1,True,0.3076927959918976,0.69230717420578
/content/Dataset/Test/Real/real_5158.jpg,1,1,True,2.4121357000694843e-06,0.999997615814209
/content/Dataset/Test/Real/real_5159.jpg,1,1,True,5.909071478527039e-05,0.9999408721923828
/content/Dataset/Test/Real/real_516.jpg,1,1,True,2.200980134148267e-06,0.9999978542327881
/content/Dataset/Test/Real/real_5160.jpg,1,1,True,8.29695011361764e-07,0.9999991655349731
/content/Dataset/Test/Real/real_5161.jpg,1,1,True,6.2224603425420355e-06,0.9999938011169434
/content/Dataset/Test/Real/real_5162.jpg,1,0,False,0.9379401803016663,0.06205976381897926
/content/Dataset/Test/Real/real_5163.jpg,1,0,False,0.9361129403114319,0.0638870820403099
/content/Dataset/Test/Real/real_5164.jpg,1,0,False,0.9176610112190247,0.08233904838562012
/content/Dataset/Test/Real/real_5165.jpg,1,1,True,0.000547124887816608,0.9994528889656067
/content/Dataset/Test/Real/real_5166.jpg,1,1,True,4.039028681290802e-06,0.9999959468841553
/content/Dataset/Test/Real/real_5167.jpg,1,1,True,9.173362741421442e-06,0.9999908208847046
/content/Dataset/Test/Real/real_5168.jpg,1,1,True,7.309389729925897e-06,0.9999927282333374
/content/Dataset/Test/Real/real_5169.jpg,1,0,False,0.9474730491638184,0.052526965737342834
/content/Dataset/Test/Real/real_517.jpg,1,1,True,1.8710680933509138e-06,0.9999980926513672
/content/Dataset/Test/Real/real_5170.jpg,1,1,True,0.0004821766051463783,0.9995177984237671
/content/Dataset/Test/Real/real_5171.jpg,1,0,False,0.9987640380859375,0.0012359298998489976
/content/Dataset/Test/Real/real_5172.jpg,1,1,True,0.08031248301267624,0.9196875691413879
/content/Dataset/Test/Real/real_5173.jpg,1,0,False,0.529164731502533,0.47083523869514465
/content/Dataset/Test/Real/real_5174.jpg,1,1,True,0.06325256079435349,0.9367474317550659
/content/Dataset/Test/Real/real_5175.jpg,1,0,False,0.9946660995483398,0.005333927925676107
/content/Dataset/Test/Real/real_5176.jpg,1,0,False,0.6008313894271851,0.39916864037513733
/content/Dataset/Test/Real/real_5177.jpg,1,1,True,0.003349200589582324,0.996650755405426
/content/Dataset/Test/Real/real_5178.jpg,1,1,True,0.004559287801384926,0.9954407215118408
/content/Dataset/Test/Real/real_5179.jpg,1,0,False,0.9694133400917053,0.03058660589158535
/content/Dataset/Test/Real/real_518.jpg,1,1,True,7.789941264491063e-06,0.9999922513961792
/content/Dataset/Test/Real/real_5180.jpg,1,1,True,8.655633791931905e-06,0.9999912977218628
/content/Dataset/Test/Real/real_5181.jpg,1,0,False,0.9893723130226135,0.010627658106386662
/content/Dataset/Test/Real/real_5182.jpg,1,0,False,0.9407040476799011,0.05929591879248619
/content/Dataset/Test/Real/real_5183.jpg,1,0,False,0.8193128108978271,0.18068718910217285
/content/Dataset/Test/Real/real_5184.jpg,1,1,True,0.005260196048766375,0.994739830493927
/content/Dataset/Test/Real/real_5185.jpg,1,0,False,0.9954244494438171,0.004575558006763458
/content/Dataset/Test/Real/real_5186.jpg,1,1,True,0.008263790979981422,0.9917362332344055
/content/Dataset/Test/Real/real_5187.jpg,1,1,True,8.401661034440622e-06,0.9999916553497314
/content/Dataset/Test/Real/real_5188.jpg,1,1,True,0.003602759214118123,0.9963973164558411
/content/Dataset/Test/Real/real_5189.jpg,1,1,True,0.02049015462398529,0.9795098900794983
/content/Dataset/Test/Real/real_519.jpg,1,1,True,0.002876536687836051,0.9971234202384949
/content/Dataset/Test/Real/real_5190.jpg,1,1,True,0.00027467613108456135,0.9997252821922302
/content/Dataset/Test/Real/real_5191.jpg,1,1,True,4.333444667281583e-05,0.9999566078186035
/content/Dataset/Test/Real/real_5192.jpg,1,1,True,0.3427124619483948,0.6572874784469604
/content/Dataset/Test/Real/real_5193.jpg,1,1,True,0.0011091531487181783,0.9988908171653748
/content/Dataset/Test/Real/real_5194.jpg,1,1,True,1.5701319853178575e-06,0.9999984502792358
/content/Dataset/Test/Real/real_5195.jpg,1,1,True,9.514373232377693e-06,0.9999904632568359
/content/Dataset/Test/Real/real_5196.jpg,1,0,False,0.6901832818984985,0.30981674790382385
/content/Dataset/Test/Real/real_5197.jpg,1,0,False,0.9962402582168579,0.0037597515620291233
/content/Dataset/Test/Real/real_5198.jpg,1,1,True,5.3119915719435085e-06,0.9999946355819702
/content/Dataset/Test/Real/real_5199.jpg,1,0,False,0.8570844531059265,0.1429155021905899
/content/Dataset/Test/Real/real_52.jpg,1,1,True,2.216292841694667e-06,0.9999977350234985
/content/Dataset/Test/Real/real_520.jpg,1,1,True,7.313631795113906e-05,0.9999268054962158
/content/Dataset/Test/Real/real_5200.jpg,1,0,False,0.9930528998374939,0.006947114132344723
/content/Dataset/Test/Real/real_5201.jpg,1,1,True,0.36823099851608276,0.631769061088562
/content/Dataset/Test/Real/real_5202.jpg,1,1,True,0.00458532152697444,0.9954146146774292
/content/Dataset/Test/Real/real_5203.jpg,1,1,True,6.942823529243469e-05,0.9999306201934814
/content/Dataset/Test/Real/real_5204.jpg,1,1,True,0.001669547287747264,0.9983304142951965
/content/Dataset/Test/Real/real_5205.jpg,1,1,True,0.023668406531214714,0.9763315916061401
/content/Dataset/Test/Real/real_5206.jpg,1,1,True,0.0012804637663066387,0.9987195730209351
/content/Dataset/Test/Real/real_5207.jpg,1,1,True,0.0003368150210008025,0.999663233757019
/content/Dataset/Test/Real/real_5208.jpg,1,1,True,0.0006357275997288525,0.9993643164634705
/content/Dataset/Test/Real/real_5209.jpg,1,1,True,1.5621275451849215e-05,0.9999843835830688
/content/Dataset/Test/Real/real_521.jpg,1,1,True,5.714403960155323e-05,0.9999428987503052
/content/Dataset/Test/Real/real_5210.jpg,1,0,False,0.9271556735038757,0.07284431159496307
/content/Dataset/Test/Real/real_5211.jpg,1,1,True,0.0014788552653044462,0.9985211491584778
/content/Dataset/Test/Real/real_5212.jpg,1,1,True,1.7620999642531388e-05,0.9999823570251465
/content/Dataset/Test/Real/real_5213.jpg,1,1,True,0.0023192469961941242,0.9976807832717896
/content/Dataset/Test/Real/real_5214.jpg,1,1,True,6.42022939700837e-07,0.9999994039535522
/content/Dataset/Test/Real/real_5215.jpg,1,1,True,5.7655830460134894e-05,0.9999423027038574
/content/Dataset/Test/Real/real_5216.jpg,1,0,False,0.9952026605606079,0.004797370173037052
/content/Dataset/Test/Real/real_5217.jpg,1,1,True,6.467461207648739e-05,0.9999352693557739
/content/Dataset/Test/Real/real_5218.jpg,1,1,True,0.47770777344703674,0.5222921967506409
/content/Dataset/Test/Real/real_5219.jpg,1,0,False,0.992657482624054,0.0073424819856882095
/content/Dataset/Test/Real/real_522.jpg,1,1,True,4.199700470053358e-06,0.9999958276748657
/content/Dataset/Test/Real/real_5220.jpg,1,0,False,0.8122736215591431,0.18772640824317932
/content/Dataset/Test/Real/real_5221.jpg,1,1,True,0.0016069585690274835,0.9983929991722107
/content/Dataset/Test/Real/real_5222.jpg,1,0,False,0.5360631346702576,0.46393683552742004
/content/Dataset/Test/Real/real_5223.jpg,1,1,True,0.1261153221130371,0.8738846778869629
/content/Dataset/Test/Real/real_5224.jpg,1,1,True,0.37309587001800537,0.6269041299819946
/content/Dataset/Test/Real/real_5225.jpg,1,1,True,7.969586476974655e-06,0.9999920129776001
/content/Dataset/Test/Real/real_5226.jpg,1,1,True,2.8151054721092805e-05,0.999971866607666
/content/Dataset/Test/Real/real_5227.jpg,1,1,True,0.00030704151140525937,0.9996930360794067
/content/Dataset/Test/Real/real_5228.jpg,1,0,False,0.631840169429779,0.36815980076789856
/content/Dataset/Test/Real/real_5229.jpg,1,1,True,0.04407969117164612,0.9559203386306763
/content/Dataset/Test/Real/real_523.jpg,1,1,True,4.843291208089795e-07,0.9999995231628418
/content/Dataset/Test/Real/real_5230.jpg,1,0,False,0.7579790949821472,0.2420208752155304
/content/Dataset/Test/Real/real_5231.jpg,1,0,False,0.5559559464454651,0.4440440237522125
/content/Dataset/Test/Real/real_5232.jpg,1,1,True,0.07643288373947144,0.9235671758651733
/content/Dataset/Test/Real/real_5233.jpg,1,1,True,0.06450843811035156,0.9354915618896484
/content/Dataset/Test/Real/real_5234.jpg,1,1,True,0.3377799689769745,0.6622200012207031
/content/Dataset/Test/Real/real_5235.jpg,1,1,True,0.2358122617006302,0.764187753200531
/content/Dataset/Test/Real/real_5236.jpg,1,0,False,0.62812340259552,0.3718765676021576
/content/Dataset/Test/Real/real_5237.jpg,1,0,False,0.9244930744171143,0.07550689578056335
/content/Dataset/Test/Real/real_5238.jpg,1,0,False,0.9993802309036255,0.0006196995382197201
/content/Dataset/Test/Real/real_5239.jpg,1,1,True,4.098050794709707e-06,0.9999959468841553
/content/Dataset/Test/Real/real_524.jpg,1,1,True,2.6760317268781364e-06,0.9999973773956299
/content/Dataset/Test/Real/real_5240.jpg,1,1,True,0.45430225133895874,0.5456977486610413
/content/Dataset/Test/Real/real_5241.jpg,1,1,True,0.0003372507344465703,0.9996627569198608
/content/Dataset/Test/Real/real_5242.jpg,1,1,True,0.10024989396333694,0.8997501134872437
/content/Dataset/Test/Real/real_5243.jpg,1,1,True,1.0158007171412464e-05,0.9999898672103882
/content/Dataset/Test/Real/real_5244.jpg,1,1,True,3.9053855289239436e-05,0.9999608993530273
/content/Dataset/Test/Real/real_5245.jpg,1,0,False,0.6719202399253845,0.3280797600746155
/content/Dataset/Test/Real/real_5246.jpg,1,1,True,0.040763914585113525,0.9592360854148865
/content/Dataset/Test/Real/real_5247.jpg,1,1,True,0.06341817229986191,0.9365817904472351
/content/Dataset/Test/Real/real_5248.jpg,1,0,False,0.9862563014030457,0.013743644580245018
/content/Dataset/Test/Real/real_5249.jpg,1,0,False,0.9568272829055786,0.04317270591855049
/content/Dataset/Test/Real/real_525.jpg,1,1,True,1.4999807717686053e-05,0.9999849796295166
/content/Dataset/Test/Real/real_5250.jpg,1,0,False,0.9909312725067139,0.00906867440789938
/content/Dataset/Test/Real/real_5251.jpg,1,1,True,9.678487913333811e-06,0.9999903440475464
/content/Dataset/Test/Real/real_5252.jpg,1,0,False,0.9577661156654358,0.04223386198282242
/content/Dataset/Test/Real/real_5253.jpg,1,1,True,0.0002660031896084547,0.9997339844703674
/content/Dataset/Test/Real/real_5254.jpg,1,1,True,0.002408913103863597,0.9975911378860474
/content/Dataset/Test/Real/real_5255.jpg,1,0,False,0.7435954809188843,0.25640445947647095
/content/Dataset/Test/Real/real_5256.jpg,1,1,True,3.3597086712688906e-06,0.9999966621398926
/content/Dataset/Test/Real/real_5257.jpg,1,1,True,1.3134070286469068e-05,0.9999868869781494
/content/Dataset/Test/Real/real_5258.jpg,1,0,False,0.9296495318412781,0.07035049051046371
/content/Dataset/Test/Real/real_5259.jpg,1,1,True,3.2345524232368916e-05,0.9999676942825317
/content/Dataset/Test/Real/real_526.jpg,1,1,True,0.00042965420288965106,0.9995703101158142
/content/Dataset/Test/Real/real_5260.jpg,1,1,True,0.0006400347920134664,0.9993600249290466
/content/Dataset/Test/Real/real_5261.jpg,1,1,True,0.0009167079697363079,0.9990832805633545
/content/Dataset/Test/Real/real_5262.jpg,1,1,True,0.009657694026827812,0.9903422594070435
/content/Dataset/Test/Real/real_5263.jpg,1,1,True,6.4835271587071475e-06,0.9999935626983643
/content/Dataset/Test/Real/real_5264.jpg,1,0,False,0.9986059069633484,0.0013941434444859624
/content/Dataset/Test/Real/real_5265.jpg,1,1,True,0.15113991498947144,0.8488601446151733
/content/Dataset/Test/Real/real_5266.jpg,1,1,True,0.19591256976127625,0.8040874004364014
/content/Dataset/Test/Real/real_5267.jpg,1,1,True,0.01144620031118393,0.9885538816452026
/content/Dataset/Test/Real/real_5268.jpg,1,1,True,0.13153956830501556,0.868460476398468
/content/Dataset/Test/Real/real_5269.jpg,1,1,True,0.0004618972889147699,0.9995381832122803
/content/Dataset/Test/Real/real_527.jpg,1,0,False,0.5844769477844238,0.41552311182022095
/content/Dataset/Test/Real/real_5270.jpg,1,1,True,0.014019477181136608,0.9859805107116699
/content/Dataset/Test/Real/real_5271.jpg,1,0,False,0.9917439818382263,0.008255993947386742
/content/Dataset/Test/Real/real_5272.jpg,1,1,True,0.10855421423912048,0.8914457559585571
/content/Dataset/Test/Real/real_5273.jpg,1,1,True,0.19464217126369476,0.805357813835144
/content/Dataset/Test/Real/real_5274.jpg,1,1,True,0.010105195455253124,0.9898948073387146
/content/Dataset/Test/Real/real_5275.jpg,1,1,True,0.134453684091568,0.8655462861061096
/content/Dataset/Test/Real/real_5276.jpg,1,1,True,0.0024606718216091394,0.9975392818450928
/content/Dataset/Test/Real/real_5277.jpg,1,0,False,0.9803506731987,0.01964925229549408
/content/Dataset/Test/Real/real_5278.jpg,1,0,False,0.9072051644325256,0.09279482066631317
/content/Dataset/Test/Real/real_5279.jpg,1,1,True,1.7543030708111473e-06,0.9999982118606567
/content/Dataset/Test/Real/real_528.jpg,1,1,True,0.017736608162522316,0.9822633862495422
/content/Dataset/Test/Real/real_5280.jpg,1,1,True,1.7523936548968777e-05,0.999982476234436
/content/Dataset/Test/Real/real_5281.jpg,1,1,True,4.065660050400766e-06,0.9999959468841553
/content/Dataset/Test/Real/real_5282.jpg,1,0,False,0.9984985589981079,0.0015014596283435822
/content/Dataset/Test/Real/real_5283.jpg,1,1,True,4.4337313738651574e-05,0.9999556541442871
/content/Dataset/Test/Real/real_5284.jpg,1,1,True,0.005235905759036541,0.9947640895843506
/content/Dataset/Test/Real/real_5285.jpg,1,1,True,0.11234558373689651,0.8876544833183289
/content/Dataset/Test/Real/real_5286.jpg,1,0,False,0.9669365882873535,0.033063389360904694
/content/Dataset/Test/Real/real_5287.jpg,1,0,False,0.940192699432373,0.05980726331472397
/content/Dataset/Test/Real/real_5288.jpg,1,0,False,0.9990309476852417,0.0009690989973023534
/content/Dataset/Test/Real/real_5289.jpg,1,1,True,6.183808523019252e-07,0.9999994039535522
/content/Dataset/Test/Real/real_529.jpg,1,1,True,1.29048692087963e-06,0.9999986886978149
/content/Dataset/Test/Real/real_5290.jpg,1,1,True,1.9282579160062596e-06,0.9999980926513672
/content/Dataset/Test/Real/real_5291.jpg,1,1,True,9.278654033550993e-05,0.9999072551727295
/content/Dataset/Test/Real/real_5292.jpg,1,1,True,9.466857591178268e-05,0.9999053478240967
/content/Dataset/Test/Real/real_5293.jpg,1,0,False,0.9668557643890381,0.0331442654132843
/content/Dataset/Test/Real/real_5294.jpg,1,1,True,0.48656198382377625,0.5134380459785461
/content/Dataset/Test/Real/real_5295.jpg,1,1,True,0.22426830232143402,0.7757317423820496
/content/Dataset/Test/Real/real_5296.jpg,1,1,True,0.30911916494369507,0.6908808350563049
/content/Dataset/Test/Real/real_5297.jpg,1,1,True,0.00016969219723250717,0.9998302459716797
/content/Dataset/Test/Real/real_5298.jpg,1,0,False,0.5539152026176453,0.44608476758003235
/content/Dataset/Test/Real/real_5299.jpg,1,1,True,0.0018309515435248613,0.9981690645217896
/content/Dataset/Test/Real/real_53.jpg,1,1,True,0.0066834683530032635,0.9933165311813354
/content/Dataset/Test/Real/real_530.jpg,1,1,True,1.940140919032274e-06,0.9999980926513672
/content/Dataset/Test/Real/real_5300.jpg,1,1,True,1.1129363883810584e-05,0.9999889135360718
/content/Dataset/Test/Real/real_5301.jpg,1,1,True,9.807946526052547e-07,0.9999990463256836
/content/Dataset/Test/Real/real_5302.jpg,1,1,True,5.8828254623222165e-06,0.999994158744812
/content/Dataset/Test/Real/real_5303.jpg,1,1,True,3.589643893064931e-05,0.9999641180038452
/content/Dataset/Test/Real/real_5304.jpg,1,1,True,0.05955886095762253,0.9404411315917969
/content/Dataset/Test/Real/real_5305.jpg,1,1,True,0.055175911635160446,0.9448240399360657
/content/Dataset/Test/Real/real_5306.jpg,1,1,True,9.790932381292805e-05,0.9999021291732788
/content/Dataset/Test/Real/real_5307.jpg,1,1,True,0.0003500476304907352,0.9996500015258789
/content/Dataset/Test/Real/real_5308.jpg,1,1,True,2.322895306861028e-05,0.9999767541885376
/content/Dataset/Test/Real/real_5309.jpg,1,1,True,1.9209858237445587e-06,0.9999980926513672
/content/Dataset/Test/Real/real_531.jpg,1,1,True,0.11896390467882156,0.881036102771759
/content/Dataset/Test/Real/real_5310.jpg,1,1,True,4.8310710553778335e-05,0.9999517202377319
/content/Dataset/Test/Real/real_5311.jpg,1,1,True,0.00025078095495700836,0.9997492432594299
/content/Dataset/Test/Real/real_5312.jpg,1,1,True,5.247162334853783e-06,0.9999947547912598
/content/Dataset/Test/Real/real_5313.jpg,1,1,True,0.07966974377632141,0.920330286026001
/content/Dataset/Test/Real/real_5314.jpg,1,1,True,0.0033681488130241632,0.9966318011283875
/content/Dataset/Test/Real/real_5315.jpg,1,0,False,0.5465519428253174,0.4534480571746826
/content/Dataset/Test/Real/real_5316.jpg,1,0,False,0.9880005717277527,0.011999410577118397
/content/Dataset/Test/Real/real_5317.jpg,1,1,True,8.279245093945065e-07,0.9999991655349731
/content/Dataset/Test/Real/real_5318.jpg,1,1,True,3.489454911687062e-06,0.999996542930603
/content/Dataset/Test/Real/real_5319.jpg,1,1,True,0.0012779299868270755,0.9987220168113708
/content/Dataset/Test/Real/real_532.jpg,1,1,True,1.0795840807986679e-06,0.999998927116394
/content/Dataset/Test/Real/real_5320.jpg,1,1,True,3.5853036024491303e-06,0.9999964237213135
/content/Dataset/Test/Real/real_5321.jpg,1,1,True,0.03345856815576553,0.9665414094924927
/content/Dataset/Test/Real/real_5322.jpg,1,0,False,0.5699445009231567,0.43005549907684326
/content/Dataset/Test/Real/real_5323.jpg,1,0,False,0.9557835459709167,0.044216521084308624
/content/Dataset/Test/Real/real_5324.jpg,1,1,True,0.023982902988791466,0.9760170578956604
/content/Dataset/Test/Real/real_5325.jpg,1,1,True,0.024714874103665352,0.9752851724624634
/content/Dataset/Test/Real/real_5326.jpg,1,1,True,0.13675858080387115,0.86324143409729
/content/Dataset/Test/Real/real_5327.jpg,1,0,False,0.9978804588317871,0.0021196091547608376
/content/Dataset/Test/Real/real_5328.jpg,1,1,True,0.0006453933310694993,0.9993546605110168
/content/Dataset/Test/Real/real_5329.jpg,1,1,True,5.3283088163880166e-06,0.9999946355819702
/content/Dataset/Test/Real/real_533.jpg,1,1,True,0.000156564696226269,0.9998433589935303
/content/Dataset/Test/Real/real_5330.jpg,1,0,False,0.9599393010139465,0.04006066918373108
/content/Dataset/Test/Real/real_5331.jpg,1,1,True,1.6328813217114657e-05,0.9999836683273315
/content/Dataset/Test/Real/real_5332.jpg,1,0,False,0.670336127281189,0.32966387271881104
/content/Dataset/Test/Real/real_5333.jpg,1,0,False,0.976421594619751,0.02357844077050686
/content/Dataset/Test/Real/real_5334.jpg,1,0,False,0.8247851729393005,0.17521481215953827
/content/Dataset/Test/Real/real_5335.jpg,1,0,False,0.994540274143219,0.0054597407579422
/content/Dataset/Test/Real/real_5336.jpg,1,0,False,0.9507015347480774,0.04929850995540619
/content/Dataset/Test/Real/real_5337.jpg,1,1,True,2.76983382718754e-06,0.9999972581863403
/content/Dataset/Test/Real/real_5338.jpg,1,1,True,1.9577123566705268e-06,0.9999980926513672
/content/Dataset/Test/Real/real_5339.jpg,1,1,True,1.054194217431359e-05,0.9999895095825195
/content/Dataset/Test/Real/real_534.jpg,1,1,True,2.1723815279983683e-06,0.9999978542327881
/content/Dataset/Test/Real/real_5340.jpg,1,0,False,0.6439106464385986,0.356089323759079
/content/Dataset/Test/Real/real_5341.jpg,1,0,False,0.9544795751571655,0.045520391315221786
/content/Dataset/Test/Real/real_5342.jpg,1,0,False,0.9937044978141785,0.006295543629676104
/content/Dataset/Test/Real/real_5343.jpg,1,1,True,0.0030653339345008135,0.9969346523284912
/content/Dataset/Test/Real/real_5344.jpg,1,0,False,0.819886326789856,0.18011364340782166
/content/Dataset/Test/Real/real_5345.jpg,1,0,False,0.9872870445251465,0.012712913565337658
/content/Dataset/Test/Real/real_5346.jpg,1,0,False,0.9921099543571472,0.007890013046562672
/content/Dataset/Test/Real/real_5347.jpg,1,1,True,0.00019607943249866366,0.9998039603233337
/content/Dataset/Test/Real/real_5348.jpg,1,1,True,3.5117634979542345e-05,0.9999648332595825
/content/Dataset/Test/Real/real_5349.jpg,1,1,True,0.00010851980186998844,0.9998915195465088
/content/Dataset/Test/Real/real_535.jpg,1,1,True,1.0296375876350794e-06,0.999998927116394
/content/Dataset/Test/Real/real_5350.jpg,1,1,True,3.22720043186564e-05,0.9999676942825317
/content/Dataset/Test/Real/real_5351.jpg,1,1,True,0.3613285720348358,0.6386713981628418
/content/Dataset/Test/Real/real_5352.jpg,1,1,True,0.14107151329517365,0.8589284420013428
/content/Dataset/Test/Real/real_5353.jpg,1,0,False,0.9838988184928894,0.016101250424981117
/content/Dataset/Test/Real/real_5354.jpg,1,1,True,3.8839738408569247e-05,0.9999611377716064
/content/Dataset/Test/Real/real_5355.jpg,1,1,True,0.023471171036362648,0.9765288233757019
/content/Dataset/Test/Real/real_5356.jpg,1,0,False,0.9915404915809631,0.008459494449198246
/content/Dataset/Test/Real/real_5357.jpg,1,1,True,0.018168697133660316,0.9818313717842102
/content/Dataset/Test/Real/real_5358.jpg,1,1,True,0.06620260328054428,0.9337973594665527
/content/Dataset/Test/Real/real_5359.jpg,1,0,False,0.950718104839325,0.04928193241357803
/content/Dataset/Test/Real/real_536.jpg,1,0,False,0.9435522556304932,0.05644770711660385
/content/Dataset/Test/Real/real_5360.jpg,1,1,True,0.05460720509290695,0.9453927874565125
/content/Dataset/Test/Real/real_5361.jpg,1,1,True,0.01720602624118328,0.982793927192688
/content/Dataset/Test/Real/real_5362.jpg,1,1,True,0.001237032818607986,0.9987629652023315
/content/Dataset/Test/Real/real_5363.jpg,1,1,True,0.021943459287285805,0.9780565500259399
/content/Dataset/Test/Real/real_5364.jpg,1,1,True,0.18336398899555206,0.8166359663009644
/content/Dataset/Test/Real/real_5365.jpg,1,1,True,0.000689881737343967,0.9993101358413696
/content/Dataset/Test/Real/real_5366.jpg,1,1,True,0.019068649038672447,0.9809313416481018
/content/Dataset/Test/Real/real_5367.jpg,1,1,True,0.004648146685212851,0.9953517913818359
/content/Dataset/Test/Real/real_5368.jpg,1,0,False,0.9967004656791687,0.0032995217479765415
/content/Dataset/Test/Real/real_5369.jpg,1,0,False,0.8076887726783752,0.19231119751930237
/content/Dataset/Test/Real/real_537.jpg,1,1,True,6.379746992024593e-06,0.9999935626983643
/content/Dataset/Test/Real/real_5370.jpg,1,1,True,0.0006908403011038899,0.9993091821670532
/content/Dataset/Test/Real/real_5371.jpg,1,1,True,0.03550701588392258,0.9644929766654968
/content/Dataset/Test/Real/real_5372.jpg,1,1,True,0.006726636551320553,0.9932733774185181
/content/Dataset/Test/Real/real_5373.jpg,1,0,False,0.9426387548446655,0.05736122652888298
/content/Dataset/Test/Real/real_5374.jpg,1,0,False,0.9966720342636108,0.0033278970513492823
/content/Dataset/Test/Real/real_5375.jpg,1,0,False,0.9991542100906372,0.0008457880467176437
/content/Dataset/Test/Real/real_5376.jpg,1,0,False,0.9741737246513367,0.025826288387179375
/content/Dataset/Test/Real/real_5377.jpg,1,1,True,0.20444270968437195,0.7955573201179504
/content/Dataset/Test/Real/real_5378.jpg,1,0,False,0.9857574701309204,0.014242454431951046
/content/Dataset/Test/Real/real_5379.jpg,1,1,True,0.08314495533704758,0.9168550968170166
/content/Dataset/Test/Real/real_538.jpg,1,1,True,1.7528047919768142e-06,0.9999982118606567
/content/Dataset/Test/Real/real_5380.jpg,1,1,True,0.012828627601265907,0.9871713519096375
/content/Dataset/Test/Real/real_5381.jpg,1,1,True,0.008157896809279919,0.9918421506881714
/content/Dataset/Test/Real/real_5382.jpg,1,1,True,0.05257037654519081,0.9474295973777771
/content/Dataset/Test/Real/real_5383.jpg,1,0,False,0.8407375812530518,0.15926244854927063
/content/Dataset/Test/Real/real_5384.jpg,1,0,False,0.905687689781189,0.09431228786706924
/content/Dataset/Test/Real/real_5385.jpg,1,1,True,0.039046090096235275,0.960953950881958
/content/Dataset/Test/Real/real_5386.jpg,1,0,False,0.9655539393424988,0.034446071833372116
/content/Dataset/Test/Real/real_5387.jpg,1,1,True,0.03751470521092415,0.9624853134155273
/content/Dataset/Test/Real/real_5388.jpg,1,1,True,0.00021497624402400106,0.9997850060462952
/content/Dataset/Test/Real/real_5389.jpg,1,1,True,0.4270305633544922,0.5729694366455078
/content/Dataset/Test/Real/real_539.jpg,1,1,True,3.857194769807393e-06,0.9999961853027344
/content/Dataset/Test/Real/real_5390.jpg,1,1,True,1.2956912541994825e-05,0.999987006187439
/content/Dataset/Test/Real/real_5391.jpg,1,1,True,0.00021821375412400812,0.9997817873954773
/content/Dataset/Test/Real/real_5392.jpg,1,0,False,0.9983824491500854,0.001617587637156248
/content/Dataset/Test/Real/real_5393.jpg,1,1,True,2.23673441723804e-06,0.9999977350234985
/content/Dataset/Test/Real/real_5394.jpg,1,1,True,1.2775980394508224e-05,0.9999872446060181
/content/Dataset/Test/Real/real_5395.jpg,1,1,True,8.781236101640388e-05,0.9999121427536011
/content/Dataset/Test/Real/real_5396.jpg,1,1,True,0.003214098745957017,0.9967858791351318
/content/Dataset/Test/Real/real_5397.jpg,1,1,True,0.005355858244001865,0.9946441650390625
/content/Dataset/Test/Real/real_5398.jpg,1,1,True,0.1273261457681656,0.8726738691329956
/content/Dataset/Test/Real/real_5399.jpg,1,0,False,0.8576223254203796,0.14237768948078156
/content/Dataset/Test/Real/real_54.jpg,1,1,True,1.7330978607787983e-06,0.9999982118606567
/content/Dataset/Test/Real/real_540.jpg,1,1,True,1.4871880011924077e-06,0.9999985694885254
/content/Dataset/Test/Real/real_5400.jpg,1,0,False,0.9420993328094482,0.05790063366293907
/content/Dataset/Test/Real/real_5401.jpg,1,1,True,0.007476670667529106,0.9925233721733093
/content/Dataset/Test/Real/real_5402.jpg,1,0,False,0.6309490203857422,0.3690509796142578
/content/Dataset/Test/Real/real_5403.jpg,1,0,False,0.9845044612884521,0.015495498664677143
/content/Dataset/Test/Real/real_5404.jpg,1,0,False,0.9207369685173035,0.07926304638385773
/content/Dataset/Test/Real/real_5405.jpg,1,1,True,0.01479282882064581,0.985207200050354
/content/Dataset/Test/Real/real_5406.jpg,1,1,True,0.020267335698008537,0.9797326326370239
/content/Dataset/Test/Real/real_5407.jpg,1,1,True,0.00037389734643511474,0.9996260404586792
/content/Dataset/Test/Real/real_5408.jpg,1,1,True,0.00021376235235948116,0.9997861981391907
/content/Dataset/Test/Real/real_5409.jpg,1,1,True,0.2482275813817978,0.7517724633216858
/content/Dataset/Test/Real/real_541.jpg,1,1,True,3.7215322663541883e-06,0.9999963045120239
/content/Dataset/Test/Real/real_5410.jpg,1,1,True,0.07782237231731415,0.9221776127815247
/content/Dataset/Test/Real/real_5411.jpg,1,1,True,0.002050618873909116,0.9979494214057922
/content/Dataset/Test/Real/real_5412.jpg,1,1,True,0.0004440875491127372,0.9995558857917786
/content/Dataset/Test/Real/real_542.jpg,1,1,True,3.947068307752488e-06,0.9999960660934448
/content/Dataset/Test/Real/real_543.jpg,1,1,True,0.0021259766072034836,0.9978740215301514
/content/Dataset/Test/Real/real_544.jpg,1,1,True,1.5675974509576918e-06,0.9999984502792358
/content/Dataset/Test/Real/real_545.jpg,1,1,True,0.0006326438160613179,0.9993674159049988
/content/Dataset/Test/Real/real_546.jpg,1,1,True,0.0002464519639033824,0.9997535347938538
/content/Dataset/Test/Real/real_547.jpg,1,1,True,0.000522022251971066,0.9994780421257019
/content/Dataset/Test/Real/real_548.jpg,1,1,True,0.42101478576660156,0.5789852142333984
/content/Dataset/Test/Real/real_549.jpg,1,0,False,0.5394842624664307,0.46051573753356934
/content/Dataset/Test/Real/real_55.jpg,1,1,True,0.21499207615852356,0.785007894039154
/content/Dataset/Test/Real/real_550.jpg,1,1,True,1.0697413017624058e-06,0.999998927116394
/content/Dataset/Test/Real/real_551.jpg,1,1,True,0.022998129948973656,0.9770018458366394
/content/Dataset/Test/Real/real_552.jpg,1,1,True,3.9059082155290525e-06,0.9999960660934448
/content/Dataset/Test/Real/real_553.jpg,1,1,True,5.902235784560617e-07,0.9999994039535522
/content/Dataset/Test/Real/real_554.jpg,1,1,True,1.089582292479463e-05,0.9999891519546509
/content/Dataset/Test/Real/real_555.jpg,1,1,True,1.6121991848194739e-06,0.9999983310699463
/content/Dataset/Test/Real/real_556.jpg,1,1,True,9.206149115925655e-06,0.9999908208847046
/content/Dataset/Test/Real/real_557.jpg,1,1,True,0.0007749226642772555,0.9992250204086304
/content/Dataset/Test/Real/real_558.jpg,1,1,True,0.03998616337776184,0.9600138664245605
/content/Dataset/Test/Real/real_559.jpg,1,1,True,0.001231468515470624,0.9987685084342957
/content/Dataset/Test/Real/real_56.jpg,1,0,False,0.9876109957695007,0.012388953007757664
/content/Dataset/Test/Real/real_560.jpg,1,1,True,1.3033561572228791e-06,0.9999986886978149
/content/Dataset/Test/Real/real_561.jpg,1,1,True,1.3818560091749532e-06,0.9999985694885254
/content/Dataset/Test/Real/real_562.jpg,1,1,True,0.3283520042896271,0.6716479659080505
/content/Dataset/Test/Real/real_563.jpg,1,1,True,0.014674406498670578,0.9853256344795227
/content/Dataset/Test/Real/real_564.jpg,1,1,True,0.02617480233311653,0.9738251566886902
/content/Dataset/Test/Real/real_565.jpg,1,1,True,0.0015176438027992845,0.9984824061393738
/content/Dataset/Test/Real/real_566.jpg,1,1,True,0.00014258486044127494,0.9998574256896973
/content/Dataset/Test/Real/real_567.jpg,1,1,True,1.926155391629436e-06,0.9999980926513672
/content/Dataset/Test/Real/real_568.jpg,1,1,True,1.5588478845529607e-06,0.9999984502792358
/content/Dataset/Test/Real/real_569.jpg,1,1,True,0.0009132674313150346,0.9990867376327515
/content/Dataset/Test/Real/real_57.jpg,1,1,True,0.0002669738023541868,0.999733030796051
/content/Dataset/Test/Real/real_570.jpg,1,1,True,0.0024806135334074497,0.997519314289093
/content/Dataset/Test/Real/real_571.jpg,1,1,True,3.92737047150149e-06,0.9999960660934448
/content/Dataset/Test/Real/real_572.jpg,1,1,True,0.0021997017320245504,0.9978002905845642
/content/Dataset/Test/Real/real_573.jpg,1,1,True,0.07160878926515579,0.9283912181854248
/content/Dataset/Test/Real/real_574.jpg,1,1,True,0.00358169456012547,0.9964183568954468
/content/Dataset/Test/Real/real_575.jpg,1,1,True,0.0025710330810397863,0.9974289536476135
/content/Dataset/Test/Real/real_576.jpg,1,1,True,0.00012613579747267067,0.9998738765716553
/content/Dataset/Test/Real/real_577.jpg,1,1,True,6.766137084923685e-05,0.9999322891235352
/content/Dataset/Test/Real/real_578.jpg,1,1,True,0.005618378985673189,0.9943816065788269
/content/Dataset/Test/Real/real_579.jpg,1,1,True,1.5543217841695878e-06,0.9999984502792358
/content/Dataset/Test/Real/real_58.jpg,1,1,True,0.06754622608423233,0.9324538111686707
/content/Dataset/Test/Real/real_580.jpg,1,1,True,0.001098846667446196,0.9989011287689209
/content/Dataset/Test/Real/real_581.jpg,1,1,True,0.0003760708204936236,0.9996238946914673
/content/Dataset/Test/Real/real_582.jpg,1,1,True,3.2989423743856605e-06,0.9999966621398926
/content/Dataset/Test/Real/real_583.jpg,1,1,True,0.30431851744651794,0.6956814527511597
/content/Dataset/Test/Real/real_584.jpg,1,1,True,0.0018759203376248479,0.9981240630149841
/content/Dataset/Test/Real/real_585.jpg,1,1,True,0.0008658081642352045,0.9991342425346375
/content/Dataset/Test/Real/real_586.jpg,1,1,True,0.005986117757856846,0.9940138459205627
/content/Dataset/Test/Real/real_587.jpg,1,0,False,0.8221352696418762,0.17786476016044617
/content/Dataset/Test/Real/real_588.jpg,1,1,True,1.73097741935635e-05,0.9999827146530151
/content/Dataset/Test/Real/real_589.jpg,1,1,True,8.696744043845683e-05,0.9999129772186279
/content/Dataset/Test/Real/real_59.jpg,1,1,True,0.009756583720445633,0.9902433753013611
/content/Dataset/Test/Real/real_590.jpg,1,1,True,4.814257408725098e-05,0.9999518394470215
/content/Dataset/Test/Real/real_591.jpg,1,1,True,0.019547948613762856,0.9804521203041077
/content/Dataset/Test/Real/real_592.jpg,1,1,True,0.0021881817374378443,0.9978118538856506
/content/Dataset/Test/Real/real_593.jpg,1,1,True,0.0002396690397290513,0.9997603297233582
/content/Dataset/Test/Real/real_594.jpg,1,1,True,0.0002114804956363514,0.9997885823249817
/content/Dataset/Test/Real/real_595.jpg,1,1,True,2.1339355953386985e-05,0.9999786615371704
/content/Dataset/Test/Real/real_596.jpg,1,1,True,6.091235263738781e-06,0.9999939203262329
/content/Dataset/Test/Real/real_597.jpg,1,1,True,0.00011595338582992554,0.9998840093612671
/content/Dataset/Test/Real/real_598.jpg,1,1,True,0.0017879180377349257,0.9982120990753174
/content/Dataset/Test/Real/real_599.jpg,1,0,False,0.8473484516143799,0.1526516079902649
/content/Dataset/Test/Real/real_6.jpg,1,1,True,0.0007404866046272218,0.9992595314979553
/content/Dataset/Test/Real/real_60.jpg,1,1,True,0.10047844797372818,0.8995215892791748
/content/Dataset/Test/Real/real_600.jpg,1,1,True,0.04190920665860176,0.9580907821655273
/content/Dataset/Test/Real/real_601.jpg,1,1,True,0.0963829904794693,0.9036169648170471
/content/Dataset/Test/Real/real_602.jpg,1,1,True,2.914327296821284e-06,0.9999971389770508
/content/Dataset/Test/Real/real_603.jpg,1,1,True,4.2736128307296894e-06,0.9999957084655762
/content/Dataset/Test/Real/real_604.jpg,1,1,True,4.255333624314517e-05,0.9999574422836304
/content/Dataset/Test/Real/real_605.jpg,1,1,True,4.723252459370997e-06,0.999995231628418
/content/Dataset/Test/Real/real_606.jpg,1,1,True,9.980448112401064e-07,0.9999990463256836
/content/Dataset/Test/Real/real_607.jpg,1,1,True,0.0007790278759784997,0.9992209672927856
/content/Dataset/Test/Real/real_608.jpg,1,1,True,4.690877517532499e-07,0.9999995231628418
/content/Dataset/Test/Real/real_609.jpg,1,1,True,3.650853977887891e-05,0.9999635219573975
/content/Dataset/Test/Real/real_61.jpg,1,0,False,0.7143033146858215,0.28569668531417847
/content/Dataset/Test/Real/real_610.jpg,1,1,True,6.934208067832515e-05,0.9999306201934814
/content/Dataset/Test/Real/real_611.jpg,1,1,True,1.1119413102278486e-05,0.9999889135360718
/content/Dataset/Test/Real/real_612.jpg,1,1,True,4.440395571236877e-07,0.9999995231628418
/content/Dataset/Test/Real/real_613.jpg,1,1,True,5.530594648917031e-07,0.9999994039535522
/content/Dataset/Test/Real/real_614.jpg,1,1,True,0.005914762616157532,0.9940851926803589
/content/Dataset/Test/Real/real_615.jpg,1,1,True,0.050165534019470215,0.949834406375885
/content/Dataset/Test/Real/real_616.jpg,1,1,True,9.921006130753085e-05,0.9999008178710938
/content/Dataset/Test/Real/real_617.jpg,1,1,True,0.0004479369381442666,0.9995520710945129
/content/Dataset/Test/Real/real_618.jpg,1,1,True,0.0010623808484524488,0.9989376664161682
/content/Dataset/Test/Real/real_619.jpg,1,1,True,2.841722789526102e-06,0.9999971389770508
/content/Dataset/Test/Real/real_62.jpg,1,0,False,0.9962027668952942,0.003797286655753851
/content/Dataset/Test/Real/real_620.jpg,1,1,True,2.4860837584128603e-06,0.9999974966049194
/content/Dataset/Test/Real/real_621.jpg,1,1,True,1.0779432386698318e-06,0.999998927116394
/content/Dataset/Test/Real/real_622.jpg,1,1,True,5.759674877481302e-06,0.9999942779541016
/content/Dataset/Test/Real/real_623.jpg,1,1,True,2.620185841806233e-05,0.9999737739562988
/content/Dataset/Test/Real/real_624.jpg,1,1,True,9.192936886393e-06,0.9999908208847046
/content/Dataset/Test/Real/real_625.jpg,1,1,True,2.3394854906655382e-06,0.999997615814209
/content/Dataset/Test/Real/real_626.jpg,1,1,True,3.0306055123219267e-06,0.9999970197677612
/content/Dataset/Test/Real/real_627.jpg,1,1,True,0.09983890503644943,0.9001611471176147
/content/Dataset/Test/Real/real_628.jpg,1,1,True,8.774959133006632e-05,0.9999122619628906
/content/Dataset/Test/Real/real_629.jpg,1,1,True,7.676084351260215e-05,0.9999232292175293
/content/Dataset/Test/Real/real_63.jpg,1,1,True,0.0070061529986560345,0.9929937720298767
/content/Dataset/Test/Real/real_630.jpg,1,1,True,3.7527240692725172e-06,0.9999963045120239
/content/Dataset/Test/Real/real_631.jpg,1,0,False,0.9777830243110657,0.02221701480448246
/content/Dataset/Test/Real/real_632.jpg,1,1,True,4.421904577611713e-06,0.9999955892562866
/content/Dataset/Test/Real/real_633.jpg,1,1,True,4.652678398997523e-06,0.9999953508377075
/content/Dataset/Test/Real/real_634.jpg,1,1,True,5.907410809413705e-07,0.9999994039535522
/content/Dataset/Test/Real/real_635.jpg,1,1,True,1.6759817299316637e-05,0.9999831914901733
/content/Dataset/Test/Real/real_636.jpg,1,1,True,4.880691449216101e-06,0.9999951124191284
/content/Dataset/Test/Real/real_637.jpg,1,1,True,0.00816098228096962,0.9918389916419983
/content/Dataset/Test/Real/real_638.jpg,1,1,True,2.294592559337616e-05,0.9999771118164062
/content/Dataset/Test/Real/real_639.jpg,1,1,True,0.00010718969133449718,0.9998928308486938
/content/Dataset/Test/Real/real_64.jpg,1,1,True,0.0050155832432210445,0.9949843883514404
/content/Dataset/Test/Real/real_640.jpg,1,1,True,0.005803360138088465,0.9941966533660889
/content/Dataset/Test/Real/real_641.jpg,1,1,True,0.048807792365550995,0.9511922001838684
/content/Dataset/Test/Real/real_642.jpg,1,1,True,9.468747066421201e-07,0.9999990463256836
/content/Dataset/Test/Real/real_643.jpg,1,1,True,1.4138689721221454e-06,0.9999985694885254
/content/Dataset/Test/Real/real_644.jpg,1,1,True,9.870030771708116e-05,0.999901294708252
/content/Dataset/Test/Real/real_645.jpg,1,1,True,0.00020656797278206795,0.9997934699058533
/content/Dataset/Test/Real/real_646.jpg,1,1,True,0.00020399841014295816,0.9997959733009338
/content/Dataset/Test/Real/real_647.jpg,1,1,True,0.00013576394121628255,0.9998642206192017
/content/Dataset/Test/Real/real_648.jpg,1,0,False,0.9930235147476196,0.0069765192456543446
/content/Dataset/Test/Real/real_649.jpg,1,1,True,0.0007019566255621612,0.9992979764938354
/content/Dataset/Test/Real/real_65.jpg,1,1,True,0.0017503127455711365,0.9982497096061707
/content/Dataset/Test/Real/real_650.jpg,1,1,True,0.38000401854515076,0.6199960112571716
/content/Dataset/Test/Real/real_651.jpg,1,1,True,1.127267114497954e-05,0.9999886751174927
/content/Dataset/Test/Real/real_652.jpg,1,1,True,7.196906608442077e-06,0.999992847442627
/content/Dataset/Test/Real/real_653.jpg,1,1,True,1.260419321624795e-05,0.9999873638153076
/content/Dataset/Test/Real/real_654.jpg,1,1,True,1.1724335308826994e-05,0.999988317489624
/content/Dataset/Test/Real/real_655.jpg,1,1,True,9.286691783927381e-05,0.9999071359634399
/content/Dataset/Test/Real/real_656.jpg,1,1,True,1.0466911817275104e-06,0.999998927116394
/content/Dataset/Test/Real/real_657.jpg,1,1,True,1.610294566489756e-05,0.9999839067459106
/content/Dataset/Test/Real/real_658.jpg,1,1,True,4.756484122481197e-05,0.9999524354934692
/content/Dataset/Test/Real/real_659.jpg,1,1,True,0.00012148095265729353,0.9998785257339478
/content/Dataset/Test/Real/real_66.jpg,1,1,True,0.08557304739952087,0.9144269227981567
/content/Dataset/Test/Real/real_660.jpg,1,1,True,1.183075255539734e-06,0.9999988079071045
/content/Dataset/Test/Real/real_661.jpg,1,1,True,1.016856231217389e-06,0.999998927116394
/content/Dataset/Test/Real/real_662.jpg,1,1,True,1.544368569739163e-05,0.9999845027923584
/content/Dataset/Test/Real/real_663.jpg,1,1,True,1.4757518329133745e-05,0.9999852180480957
/content/Dataset/Test/Real/real_664.jpg,1,1,True,1.2167295608378481e-05,0.9999878406524658
/content/Dataset/Test/Real/real_665.jpg,1,1,True,3.2742100302129984e-06,0.9999967813491821
/content/Dataset/Test/Real/real_666.jpg,1,1,True,3.305907011963427e-05,0.9999669790267944
/content/Dataset/Test/Real/real_667.jpg,1,1,True,3.6137505503575085e-06,0.9999964237213135
/content/Dataset/Test/Real/real_668.jpg,1,1,True,0.0004666002932935953,0.9995334148406982
/content/Dataset/Test/Real/real_669.jpg,1,1,True,0.0009101210744120181,0.9990898370742798
/content/Dataset/Test/Real/real_67.jpg,1,1,True,0.006067800335586071,0.9939321875572205
/content/Dataset/Test/Real/real_670.jpg,1,1,True,1.6691649307176704e-06,0.9999983310699463
/content/Dataset/Test/Real/real_671.jpg,1,1,True,5.321049684425816e-05,0.9999468326568604
/content/Dataset/Test/Real/real_672.jpg,1,1,True,9.415062436346489e-07,0.9999990463256836
/content/Dataset/Test/Real/real_673.jpg,1,1,True,3.4159047572757117e-06,0.999996542930603
/content/Dataset/Test/Real/real_674.jpg,1,1,True,1.5785608411533758e-06,0.9999984502792358
/content/Dataset/Test/Real/real_675.jpg,1,1,True,1.66568406712031e-06,0.9999983310699463
/content/Dataset/Test/Real/real_676.jpg,1,1,True,0.06481616944074631,0.9351838231086731
/content/Dataset/Test/Real/real_677.jpg,1,1,True,1.804732710297685e-05,0.9999819993972778
/content/Dataset/Test/Real/real_678.jpg,1,1,True,0.029431724920868874,0.9705682992935181
/content/Dataset/Test/Real/real_679.jpg,1,1,True,0.000127570383483544,0.9998724460601807
/content/Dataset/Test/Real/real_68.jpg,1,1,True,9.259162652597297e-06,0.999990701675415
/content/Dataset/Test/Real/real_680.jpg,1,1,True,2.3030529519019183e-06,0.9999977350234985
/content/Dataset/Test/Real/real_681.jpg,1,1,True,6.048036084393971e-06,0.9999939203262329
/content/Dataset/Test/Real/real_682.jpg,1,1,True,5.346942657524778e-07,0.9999995231628418
/content/Dataset/Test/Real/real_683.jpg,1,0,False,0.6251622438430786,0.374837726354599
/content/Dataset/Test/Real/real_684.jpg,1,1,True,5.362249339668779e-06,0.9999946355819702
/content/Dataset/Test/Real/real_685.jpg,1,1,True,2.3643086024094373e-05,0.999976396560669
/content/Dataset/Test/Real/real_686.jpg,1,1,True,2.4903811208787374e-06,0.9999974966049194
/content/Dataset/Test/Real/real_687.jpg,1,0,False,0.6556300520896912,0.34436994791030884
/content/Dataset/Test/Real/real_688.jpg,1,1,True,2.772468633338576e-06,0.9999972581863403
/content/Dataset/Test/Real/real_689.jpg,1,1,True,6.245998065423919e-06,0.9999938011169434
/content/Dataset/Test/Real/real_69.jpg,1,1,True,2.914071728810086e-06,0.9999971389770508
/content/Dataset/Test/Real/real_690.jpg,1,1,True,0.002374818315729499,0.9976251721382141
/content/Dataset/Test/Real/real_691.jpg,1,1,True,2.5612091576476814e-06,0.9999974966049194
/content/Dataset/Test/Real/real_692.jpg,1,1,True,0.0015322252875193954,0.998467743396759
/content/Dataset/Test/Real/real_693.jpg,1,1,True,0.0030307353008538485,0.9969692826271057
/content/Dataset/Test/Real/real_694.jpg,1,1,True,8.534250810043886e-06,0.9999914169311523
/content/Dataset/Test/Real/real_695.jpg,1,1,True,3.583874786272645e-06,0.9999964237213135
/content/Dataset/Test/Real/real_696.jpg,1,0,False,0.9721482396125793,0.027851689606904984
/content/Dataset/Test/Real/real_697.jpg,1,1,True,5.588983640336664e-06,0.9999943971633911
/content/Dataset/Test/Real/real_698.jpg,1,1,True,0.0012966389767825603,0.9987033605575562
/content/Dataset/Test/Real/real_699.jpg,1,1,True,0.041474875062704086,0.9585250616073608
/content/Dataset/Test/Real/real_7.jpg,1,1,True,5.414210136223119e-06,0.9999946355819702
/content/Dataset/Test/Real/real_70.jpg,1,0,False,0.772871196269989,0.22712881863117218
/content/Dataset/Test/Real/real_700.jpg,1,0,False,0.9999774694442749,2.254748687846586e-05
/content/Dataset/Test/Real/real_701.jpg,1,1,True,1.7275800928473473e-05,0.9999827146530151
/content/Dataset/Test/Real/real_702.jpg,1,1,True,2.2064673430577386e-06,0.9999977350234985
/content/Dataset/Test/Real/real_703.jpg,1,1,True,0.0002038481179624796,0.9997962117195129
/content/Dataset/Test/Real/real_704.jpg,1,1,True,9.65779327088967e-05,0.9999034404754639
/content/Dataset/Test/Real/real_705.jpg,1,1,True,0.00205744500271976,0.9979425072669983
/content/Dataset/Test/Real/real_706.jpg,1,1,True,0.00010855581058422104,0.9998914003372192
/content/Dataset/Test/Real/real_707.jpg,1,1,True,0.0008394087199121714,0.999160647392273
/content/Dataset/Test/Real/real_708.jpg,1,1,True,1.1232699534957646e-06,0.999998927116394
/content/Dataset/Test/Real/real_709.jpg,1,1,True,6.198230403242633e-05,0.9999380111694336
/content/Dataset/Test/Real/real_71.jpg,1,1,True,0.005011050030589104,0.9949889779090881
/content/Dataset/Test/Real/real_710.jpg,1,1,True,6.6194393184559885e-06,0.9999933242797852
/content/Dataset/Test/Real/real_711.jpg,1,1,True,0.02190287411212921,0.978097140789032
/content/Dataset/Test/Real/real_712.jpg,1,1,True,0.00941794365644455,0.9905819892883301
/content/Dataset/Test/Real/real_713.jpg,1,1,True,8.427142574873869e-07,0.9999991655349731
/content/Dataset/Test/Real/real_714.jpg,1,1,True,0.024882467463612556,0.9751175045967102
/content/Dataset/Test/Real/real_715.jpg,1,1,True,0.06910679489374161,0.9308931827545166
/content/Dataset/Test/Real/real_716.jpg,1,1,True,0.00011963210999965668,0.999880313873291
/content/Dataset/Test/Real/real_717.jpg,1,1,True,0.02141447551548481,0.9785854816436768
/content/Dataset/Test/Real/real_718.jpg,1,1,True,0.0004193051718175411,0.9995806813240051
/content/Dataset/Test/Real/real_719.jpg,1,1,True,4.0943925228020817e-07,0.9999996423721313
/content/Dataset/Test/Real/real_72.jpg,1,0,False,0.9636803269386292,0.036319710314273834
/content/Dataset/Test/Real/real_720.jpg,1,1,True,4.2238661990268156e-07,0.9999995231628418
/content/Dataset/Test/Real/real_721.jpg,1,1,True,1.5749188833069638e-06,0.9999984502792358
/content/Dataset/Test/Real/real_722.jpg,1,1,True,3.233303004890331e-06,0.9999967813491821
/content/Dataset/Test/Real/real_723.jpg,1,1,True,0.017031868919730186,0.9829681515693665
/content/Dataset/Test/Real/real_724.jpg,1,1,True,7.376903522526845e-05,0.9999262094497681
/content/Dataset/Test/Real/real_725.jpg,1,1,True,0.06577364355325699,0.9342263340950012
/content/Dataset/Test/Real/real_726.jpg,1,1,True,2.3113230781746097e-05,0.9999768733978271
/content/Dataset/Test/Real/real_727.jpg,1,1,True,1.289404281124007e-06,0.9999986886978149
/content/Dataset/Test/Real/real_728.jpg,1,1,True,0.00012015618267469108,0.9998798370361328
/content/Dataset/Test/Real/real_729.jpg,1,1,True,9.533460456623288e-07,0.9999990463256836
/content/Dataset/Test/Real/real_73.jpg,1,1,True,4.715520844911225e-06,0.999995231628418
/content/Dataset/Test/Real/real_730.jpg,1,1,True,0.024053821340203285,0.9759461879730225
/content/Dataset/Test/Real/real_731.jpg,1,1,True,5.806901754112914e-06,0.999994158744812
/content/Dataset/Test/Real/real_732.jpg,1,1,True,3.5693065001396462e-06,0.9999964237213135
/content/Dataset/Test/Real/real_733.jpg,1,1,True,5.437307663669344e-06,0.9999945163726807
/content/Dataset/Test/Real/real_734.jpg,1,1,True,3.1529802072327584e-05,0.9999685287475586
/content/Dataset/Test/Real/real_735.jpg,1,1,True,0.0007362914038822055,0.9992637038230896
/content/Dataset/Test/Real/real_736.jpg,1,1,True,0.00021511917293537408,0.9997848868370056
/content/Dataset/Test/Real/real_737.jpg,1,1,True,0.019679633900523186,0.9803203344345093
/content/Dataset/Test/Real/real_738.jpg,1,1,True,0.0008258192101493478,0.999174177646637
/content/Dataset/Test/Real/real_739.jpg,1,1,True,1.169494908026536e-06,0.9999988079071045
/content/Dataset/Test/Real/real_74.jpg,1,1,True,2.2454396457760595e-06,0.9999977350234985
/content/Dataset/Test/Real/real_740.jpg,1,1,True,3.157070068482426e-06,0.9999969005584717
/content/Dataset/Test/Real/real_741.jpg,1,1,True,0.0005770073039457202,0.9994230270385742
/content/Dataset/Test/Real/real_742.jpg,1,1,True,9.046195373230148e-06,0.9999909400939941
/content/Dataset/Test/Real/real_743.jpg,1,1,True,3.1851766379986657e-06,0.9999967813491821
/content/Dataset/Test/Real/real_744.jpg,1,1,True,0.0007641995907761157,0.9992358684539795
/content/Dataset/Test/Real/real_745.jpg,1,1,True,0.0002251081314170733,0.9997748732566833
/content/Dataset/Test/Real/real_746.jpg,1,1,True,3.5531709272618173e-06,0.9999964237213135
/content/Dataset/Test/Real/real_747.jpg,1,1,True,2.8070844564354047e-06,0.9999971389770508
/content/Dataset/Test/Real/real_748.jpg,1,1,True,3.678434723042301e-06,0.9999963045120239
/content/Dataset/Test/Real/real_749.jpg,1,1,True,6.006128023727797e-05,0.9999399185180664
/content/Dataset/Test/Real/real_75.jpg,1,1,True,6.265675619943067e-05,0.9999372959136963
/content/Dataset/Test/Real/real_750.jpg,1,1,True,6.016939369146712e-05,0.9999397993087769
/content/Dataset/Test/Real/real_751.jpg,1,1,True,1.7582341342858854e-06,0.9999982118606567
/content/Dataset/Test/Real/real_752.jpg,1,1,True,2.2779697701480472e-06,0.9999977350234985
/content/Dataset/Test/Real/real_753.jpg,1,1,True,5.279994184093084e-07,0.9999995231628418
/content/Dataset/Test/Real/real_754.jpg,1,1,True,6.887890776852146e-05,0.9999310970306396
/content/Dataset/Test/Real/real_755.jpg,1,1,True,2.584913272585254e-05,0.9999741315841675
/content/Dataset/Test/Real/real_756.jpg,1,1,True,0.00010205792204942554,0.9998979568481445
/content/Dataset/Test/Real/real_757.jpg,1,1,True,0.002628947142511606,0.9973710775375366
/content/Dataset/Test/Real/real_758.jpg,1,1,True,4.0110331610776484e-05,0.9999599456787109
/content/Dataset/Test/Real/real_759.jpg,1,0,False,0.973471999168396,0.02652798220515251
/content/Dataset/Test/Real/real_76.jpg,1,1,True,0.00017699845193419605,0.9998230338096619
/content/Dataset/Test/Real/real_760.jpg,1,0,False,0.9941009879112244,0.005898987874388695
/content/Dataset/Test/Real/real_761.jpg,1,1,True,0.00891774520277977,0.9910821914672852
/content/Dataset/Test/Real/real_762.jpg,1,1,True,7.433182327076793e-05,0.9999256134033203
/content/Dataset/Test/Real/real_763.jpg,1,1,True,5.216029876464745e-06,0.9999947547912598
/content/Dataset/Test/Real/real_764.jpg,1,1,True,5.705903095076792e-05,0.9999428987503052
/content/Dataset/Test/Real/real_765.jpg,1,1,True,9.280221888730011e-07,0.9999990463256836
/content/Dataset/Test/Real/real_766.jpg,1,0,False,0.5377858281135559,0.4622141420841217
/content/Dataset/Test/Real/real_767.jpg,1,1,True,3.925124019588111e-06,0.9999960660934448
/content/Dataset/Test/Real/real_768.jpg,1,1,True,2.3245186184794875e-06,0.9999977350234985
/content/Dataset/Test/Real/real_769.jpg,1,1,True,9.827814938034862e-05,0.9999017715454102
/content/Dataset/Test/Real/real_77.jpg,1,1,True,1.3957353075966239e-05,0.9999860525131226
/content/Dataset/Test/Real/real_770.jpg,1,1,True,0.002125948201864958,0.9978740215301514
/content/Dataset/Test/Real/real_771.jpg,1,1,True,1.2401571893860819e-06,0.9999988079071045
/content/Dataset/Test/Real/real_772.jpg,1,1,True,0.0002580137806944549,0.9997419714927673
/content/Dataset/Test/Real/real_773.jpg,1,1,True,2.2128165255708154e-06,0.9999977350234985
/content/Dataset/Test/Real/real_774.jpg,1,1,True,9.102011063077953e-06,0.9999909400939941
/content/Dataset/Test/Real/real_775.jpg,1,0,False,0.8700154423713684,0.1299845427274704
/content/Dataset/Test/Real/real_776.jpg,1,1,True,5.6359418522333726e-05,0.9999436140060425
/content/Dataset/Test/Real/real_777.jpg,1,1,True,7.204312714748085e-05,0.9999279975891113
/content/Dataset/Test/Real/real_778.jpg,1,1,True,0.003943087533116341,0.9960569143295288
/content/Dataset/Test/Real/real_779.jpg,1,1,True,1.3340861642063828e-06,0.9999986886978149
/content/Dataset/Test/Real/real_78.jpg,1,1,True,3.77411470253719e-06,0.9999961853027344
/content/Dataset/Test/Real/real_780.jpg,1,1,True,1.1147049008286558e-05,0.9999887943267822
/content/Dataset/Test/Real/real_781.jpg,1,1,True,2.7541180315893143e-05,0.9999724626541138
/content/Dataset/Test/Real/real_782.jpg,1,1,True,7.826374712749384e-06,0.9999921321868896
/content/Dataset/Test/Real/real_783.jpg,1,1,True,0.01169599685817957,0.9883040189743042
/content/Dataset/Test/Real/real_784.jpg,1,1,True,1.1883301340276375e-05,0.9999880790710449
/content/Dataset/Test/Real/real_785.jpg,1,1,True,0.0004059590573888272,0.9995940327644348
/content/Dataset/Test/Real/real_786.jpg,1,1,True,0.025665124878287315,0.9743348360061646
/content/Dataset/Test/Real/real_787.jpg,1,1,True,7.827514491509646e-05,0.9999216794967651
/content/Dataset/Test/Real/real_788.jpg,1,1,True,0.00018141220789402723,0.9998186230659485
/content/Dataset/Test/Real/real_789.jpg,1,1,True,3.305424615973607e-05,0.9999669790267944
/content/Dataset/Test/Real/real_79.jpg,1,1,True,2.2626172722084448e-05,0.9999773502349854
/content/Dataset/Test/Real/real_790.jpg,1,1,True,5.5698183132335544e-05,0.9999443292617798
/content/Dataset/Test/Real/real_791.jpg,1,0,False,0.5467110872268677,0.4532889127731323
/content/Dataset/Test/Real/real_792.jpg,1,1,True,2.320548264833633e-05,0.9999767541885376
/content/Dataset/Test/Real/real_793.jpg,1,1,True,0.06166753172874451,0.9383324980735779
/content/Dataset/Test/Real/real_794.jpg,1,1,True,3.293317058705725e-05,0.999967098236084
/content/Dataset/Test/Real/real_795.jpg,1,0,False,0.6154766082763672,0.38452333211898804
/content/Dataset/Test/Real/real_796.jpg,1,1,True,0.00038405184750445187,0.9996159076690674
/content/Dataset/Test/Real/real_797.jpg,1,1,True,0.0005998247652314603,0.9994001388549805
/content/Dataset/Test/Real/real_798.jpg,1,1,True,0.015184526331722736,0.9848154783248901
/content/Dataset/Test/Real/real_799.jpg,1,1,True,0.00011766781972255558,0.9998823404312134
/content/Dataset/Test/Real/real_8.jpg,1,1,True,0.17637522518634796,0.8236247897148132
/content/Dataset/Test/Real/real_80.jpg,1,1,True,0.019317125901579857,0.9806828498840332
/content/Dataset/Test/Real/real_800.jpg,1,1,True,0.0005319386254996061,0.9994680285453796
/content/Dataset/Test/Real/real_801.jpg,1,1,True,8.571935723011848e-06,0.9999914169311523
/content/Dataset/Test/Real/real_802.jpg,1,1,True,0.30865949392318726,0.6913405060768127
/content/Dataset/Test/Real/real_803.jpg,1,1,True,0.010866284370422363,0.9891337752342224
/content/Dataset/Test/Real/real_804.jpg,1,1,True,6.911436685186345e-06,0.999993085861206
/content/Dataset/Test/Real/real_805.jpg,1,1,True,7.83896612119861e-05,0.9999215602874756
/content/Dataset/Test/Real/real_806.jpg,1,1,True,0.009140662848949432,0.99085932970047
/content/Dataset/Test/Real/real_807.jpg,1,1,True,6.201180895004654e-06,0.9999938011169434
/content/Dataset/Test/Real/real_808.jpg,1,1,True,2.750115527305752e-05,0.9999724626541138
/content/Dataset/Test/Real/real_809.jpg,1,1,True,5.018289812142029e-06,0.9999949932098389
/content/Dataset/Test/Real/real_81.jpg,1,1,True,0.4373076558113098,0.5626923441886902
/content/Dataset/Test/Real/real_810.jpg,1,1,True,1.4491891306533944e-05,0.9999854564666748
/content/Dataset/Test/Real/real_811.jpg,1,1,True,9.717865623315447e-07,0.9999990463256836
/content/Dataset/Test/Real/real_812.jpg,1,1,True,2.6453029931872152e-05,0.9999735355377197
/content/Dataset/Test/Real/real_813.jpg,1,1,True,1.4491190540866228e-06,0.9999985694885254
/content/Dataset/Test/Real/real_814.jpg,1,1,True,2.0048004444106482e-05,0.9999799728393555
/content/Dataset/Test/Real/real_815.jpg,1,1,True,2.330384859305923e-06,0.999997615814209
/content/Dataset/Test/Real/real_816.jpg,1,1,True,0.17516551911830902,0.8248344659805298
/content/Dataset/Test/Real/real_817.jpg,1,1,True,2.285577238581027e-06,0.9999977350234985
/content/Dataset/Test/Real/real_818.jpg,1,1,True,4.528865247266367e-06,0.9999954700469971
/content/Dataset/Test/Real/real_819.jpg,1,1,True,2.74270178124425e-06,0.9999972581863403
/content/Dataset/Test/Real/real_82.jpg,1,1,True,0.002123388461768627,0.9978766441345215
/content/Dataset/Test/Real/real_820.jpg,1,1,True,5.407251592259854e-05,0.999945878982544
/content/Dataset/Test/Real/real_821.jpg,1,1,True,0.0005160582950338721,0.9994839429855347
/content/Dataset/Test/Real/real_822.jpg,1,1,True,0.14485350251197815,0.8551465272903442
/content/Dataset/Test/Real/real_823.jpg,1,1,True,0.0005510248010978103,0.9994489550590515
/content/Dataset/Test/Real/real_824.jpg,1,1,True,4.2432377085788175e-05,0.9999575614929199
/content/Dataset/Test/Real/real_825.jpg,1,1,True,9.993623098125681e-05,0.9999001026153564
/content/Dataset/Test/Real/real_826.jpg,1,1,True,2.3344466626440408e-06,0.999997615814209
/content/Dataset/Test/Real/real_827.jpg,1,1,True,5.630407486023614e-06,0.9999943971633911
/content/Dataset/Test/Real/real_828.jpg,1,1,True,0.0001581683027325198,0.9998418092727661
/content/Dataset/Test/Real/real_829.jpg,1,1,True,7.544584605057025e-06,0.9999924898147583
/content/Dataset/Test/Real/real_83.jpg,1,1,True,0.4002511203289032,0.5997489094734192
/content/Dataset/Test/Real/real_830.jpg,1,1,True,4.1587492887629196e-05,0.9999583959579468
/content/Dataset/Test/Real/real_831.jpg,1,1,True,5.37381783942692e-05,0.9999462366104126
/content/Dataset/Test/Real/real_832.jpg,1,1,True,1.3662409401149489e-05,0.9999862909317017
/content/Dataset/Test/Real/real_833.jpg,1,1,True,0.0003850442299153656,0.999614953994751
/content/Dataset/Test/Real/real_834.jpg,1,1,True,2.282997911606799e-06,0.9999977350234985
/content/Dataset/Test/Real/real_835.jpg,1,1,True,6.336224942060653e-06,0.9999936819076538
/content/Dataset/Test/Real/real_836.jpg,1,1,True,0.016594190150499344,0.9834058284759521
/content/Dataset/Test/Real/real_837.jpg,1,1,True,0.07281980663537979,0.9271801710128784
/content/Dataset/Test/Real/real_838.jpg,1,1,True,7.0833357312949374e-06,0.9999929666519165
/content/Dataset/Test/Real/real_839.jpg,1,1,True,0.00030864396831020713,0.999691367149353
/content/Dataset/Test/Real/real_84.jpg,1,1,True,0.007563538383692503,0.9924364686012268
/content/Dataset/Test/Real/real_840.jpg,1,1,True,0.00041010818677023053,0.9995898604393005
/content/Dataset/Test/Real/real_841.jpg,1,1,True,0.0011093306820839643,0.9988906979560852
/content/Dataset/Test/Real/real_842.jpg,1,1,True,2.2269998225965537e-05,0.999977707862854
/content/Dataset/Test/Real/real_843.jpg,1,1,True,0.00012472043454181403,0.9998753070831299
/content/Dataset/Test/Real/real_844.jpg,1,1,True,0.00018710554286371917,0.99981290102005
/content/Dataset/Test/Real/real_845.jpg,1,1,True,0.0004298449493944645,0.9995701909065247
/content/Dataset/Test/Real/real_846.jpg,1,1,True,3.896372618328314e-06,0.9999960660934448
/content/Dataset/Test/Real/real_847.jpg,1,1,True,4.89104934331408e-07,0.9999995231628418
/content/Dataset/Test/Real/real_848.jpg,1,1,True,4.140781584283104e-06,0.9999958276748657
/content/Dataset/Test/Real/real_849.jpg,1,1,True,0.06875480711460114,0.9312451481819153
/content/Dataset/Test/Real/real_85.jpg,1,0,False,0.9213474988937378,0.07865253835916519
/content/Dataset/Test/Real/real_850.jpg,1,1,True,1.9171433450537734e-05,0.9999808073043823
/content/Dataset/Test/Real/real_851.jpg,1,0,False,0.999829888343811,0.00017011602176353335
/content/Dataset/Test/Real/real_852.jpg,1,1,True,0.002739598276093602,0.997260332107544
/content/Dataset/Test/Real/real_853.jpg,1,1,True,0.0006746898870915174,0.9993252754211426
/content/Dataset/Test/Real/real_854.jpg,1,1,True,0.0006973638664931059,0.9993026256561279
/content/Dataset/Test/Real/real_855.jpg,1,1,True,1.9995628463220783e-05,0.9999799728393555
/content/Dataset/Test/Real/real_856.jpg,1,1,True,0.0012811230262741446,0.9987188577651978
/content/Dataset/Test/Real/real_857.jpg,1,1,True,0.0003613970475271344,0.999638557434082
/content/Dataset/Test/Real/real_858.jpg,1,0,False,0.7127361297607422,0.28726381063461304
/content/Dataset/Test/Real/real_859.jpg,1,1,True,0.00014409433060791343,0.9998558759689331
/content/Dataset/Test/Real/real_86.jpg,1,1,True,0.0005389017169363797,0.9994611144065857
/content/Dataset/Test/Real/real_860.jpg,1,1,True,1.953281298483489e-06,0.9999980926513672
/content/Dataset/Test/Real/real_861.jpg,1,1,True,7.099617505446076e-05,0.9999289512634277
/content/Dataset/Test/Real/real_862.jpg,1,1,True,0.008870295248925686,0.9911297559738159
/content/Dataset/Test/Real/real_863.jpg,1,1,True,3.3732398151187226e-05,0.9999662637710571
/content/Dataset/Test/Real/real_864.jpg,1,1,True,0.0003283036930952221,0.9996716976165771
/content/Dataset/Test/Real/real_865.jpg,1,1,True,1.2069684771631728e-06,0.9999988079071045
/content/Dataset/Test/Real/real_866.jpg,1,1,True,1.4346313719215686e-06,0.9999985694885254
/content/Dataset/Test/Real/real_867.jpg,1,1,True,2.1490559447556734e-06,0.9999978542327881
/content/Dataset/Test/Real/real_868.jpg,1,1,True,6.998756816756213e-06,0.9999929666519165
/content/Dataset/Test/Real/real_869.jpg,1,0,False,0.8838308453559875,0.11616913974285126
/content/Dataset/Test/Real/real_87.jpg,1,0,False,0.9978785514831543,0.0021215088199824095
/content/Dataset/Test/Real/real_870.jpg,1,1,True,0.1819285750389099,0.8180714249610901
/content/Dataset/Test/Real/real_871.jpg,1,1,True,4.974673720425926e-05,0.9999502897262573
/content/Dataset/Test/Real/real_872.jpg,1,1,True,0.010831141844391823,0.9891688823699951
/content/Dataset/Test/Real/real_873.jpg,1,0,False,0.9228862524032593,0.07711378484964371
/content/Dataset/Test/Real/real_874.jpg,1,1,True,3.755312434350344e-07,0.9999996423721313
/content/Dataset/Test/Real/real_875.jpg,1,1,True,4.356803037808277e-05,0.999956488609314
/content/Dataset/Test/Real/real_876.jpg,1,1,True,4.083072440153046e-07,0.9999996423721313
/content/Dataset/Test/Real/real_877.jpg,1,1,True,2.059081907646032e-06,0.9999979734420776
/content/Dataset/Test/Real/real_878.jpg,1,1,True,5.372915620682761e-05,0.9999462366104126
/content/Dataset/Test/Real/real_879.jpg,1,1,True,2.5688763344078325e-05,0.9999743700027466
/content/Dataset/Test/Real/real_88.jpg,1,1,True,4.803300726052839e-06,0.999995231628418
/content/Dataset/Test/Real/real_880.jpg,1,1,True,0.39700672030448914,0.6029932498931885
/content/Dataset/Test/Real/real_881.jpg,1,1,True,7.103340067260433e-07,0.9999992847442627
/content/Dataset/Test/Real/real_882.jpg,1,0,False,0.9866124391555786,0.013387634418904781
/content/Dataset/Test/Real/real_883.jpg,1,1,True,5.736557795898989e-06,0.9999942779541016
/content/Dataset/Test/Real/real_884.jpg,1,1,True,3.375110281922389e-06,0.9999966621398926
/content/Dataset/Test/Real/real_885.jpg,1,1,True,3.6661735975940246e-06,0.9999963045120239
/content/Dataset/Test/Real/real_886.jpg,1,1,True,0.025681741535663605,0.9743182063102722
/content/Dataset/Test/Real/real_887.jpg,1,1,True,0.00014822761295363307,0.9998517036437988
/content/Dataset/Test/Real/real_888.jpg,1,1,True,6.71833413434797e-06,0.9999933242797852
/content/Dataset/Test/Real/real_889.jpg,1,1,True,2.0897168724332005e-06,0.9999978542327881
/content/Dataset/Test/Real/real_89.jpg,1,0,False,0.7228395938873291,0.2771604061126709
/content/Dataset/Test/Real/real_890.jpg,1,1,True,4.640386578103062e-06,0.9999953508377075
/content/Dataset/Test/Real/real_891.jpg,1,1,True,1.7999991541728377e-05,0.9999819993972778
/content/Dataset/Test/Real/real_892.jpg,1,1,True,0.002580061089247465,0.9974199533462524
/content/Dataset/Test/Real/real_893.jpg,1,1,True,0.0006288305157795548,0.9993712306022644
/content/Dataset/Test/Real/real_894.jpg,1,1,True,1.086419706552988e-05,0.9999891519546509
/content/Dataset/Test/Real/real_895.jpg,1,1,True,4.420740879140794e-06,0.9999955892562866
/content/Dataset/Test/Real/real_896.jpg,1,1,True,1.1886552329087863e-06,0.9999988079071045
/content/Dataset/Test/Real/real_897.jpg,1,1,True,7.971675586304627e-07,0.9999991655349731
/content/Dataset/Test/Real/real_898.jpg,1,1,True,8.660455932840705e-06,0.9999912977218628
/content/Dataset/Test/Real/real_899.jpg,1,1,True,0.00010600559471640736,0.9998940229415894
/content/Dataset/Test/Real/real_9.jpg,1,1,True,3.639674105215818e-05,0.999963641166687
/content/Dataset/Test/Real/real_90.jpg,1,1,True,1.1840413662866922e-06,0.9999988079071045
/content/Dataset/Test/Real/real_900.jpg,1,1,True,2.7642747227218933e-05,0.9999723434448242
/content/Dataset/Test/Real/real_901.jpg,1,1,True,0.06263063102960587,0.9373692870140076
/content/Dataset/Test/Real/real_902.jpg,1,1,True,4.223024347993487e-07,0.9999995231628418
/content/Dataset/Test/Real/real_903.jpg,1,1,True,0.00021720575750805438,0.9997828602790833
/content/Dataset/Test/Real/real_904.jpg,1,1,True,4.571718818624504e-05,0.9999542236328125
/content/Dataset/Test/Real/real_905.jpg,1,1,True,0.0011001555249094963,0.9988998174667358
/content/Dataset/Test/Real/real_906.jpg,1,1,True,0.00013459303590934724,0.9998654127120972
/content/Dataset/Test/Real/real_907.jpg,1,1,True,1.2352763860690175e-06,0.9999988079071045
/content/Dataset/Test/Real/real_908.jpg,1,1,True,5.036869424657198e-06,0.9999949932098389
/content/Dataset/Test/Real/real_909.jpg,1,1,True,1.6106378097902052e-06,0.9999983310699463
/content/Dataset/Test/Real/real_91.jpg,1,1,True,0.019792677834630013,0.9802072644233704
/content/Dataset/Test/Real/real_910.jpg,1,1,True,5.378248260967666e-06,0.9999946355819702
/content/Dataset/Test/Real/real_911.jpg,1,1,True,0.0002995937829837203,0.9997004270553589
/content/Dataset/Test/Real/real_912.jpg,1,1,True,0.00025519152404740453,0.9997448325157166
/content/Dataset/Test/Real/real_913.jpg,1,1,True,9.294898859479872e-07,0.9999990463256836
/content/Dataset/Test/Real/real_914.jpg,1,1,True,0.0004926242982037365,0.9995074272155762
/content/Dataset/Test/Real/real_915.jpg,1,1,True,0.012033571489155293,0.9879664778709412
/content/Dataset/Test/Real/real_916.jpg,1,1,True,1.6708034308976494e-05,0.9999833106994629
/content/Dataset/Test/Real/real_917.jpg,1,1,True,0.10467253625392914,0.8953275084495544
/content/Dataset/Test/Real/real_918.jpg,1,0,False,0.9036188125610352,0.09638121724128723
/content/Dataset/Test/Real/real_919.jpg,1,1,True,7.267018645507051e-06,0.9999927282333374
/content/Dataset/Test/Real/real_92.jpg,1,1,True,4.5614982809638605e-05,0.999954342842102
/content/Dataset/Test/Real/real_920.jpg,1,1,True,2.6769635042001028e-06,0.9999973773956299
/content/Dataset/Test/Real/real_921.jpg,1,1,True,1.3528234376281034e-05,0.9999865293502808
/content/Dataset/Test/Real/real_922.jpg,1,1,True,0.0002674384450074285,0.9997325539588928
/content/Dataset/Test/Real/real_923.jpg,1,1,True,1.4092328228798578e-06,0.9999985694885254
/content/Dataset/Test/Real/real_924.jpg,1,1,True,2.769580305539421e-06,0.9999972581863403
/content/Dataset/Test/Real/real_925.jpg,1,1,True,0.00010017437307396904,0.9998998641967773
/content/Dataset/Test/Real/real_926.jpg,1,1,True,0.013666782528162003,0.9863331913948059
/content/Dataset/Test/Real/real_927.jpg,1,1,True,0.00012390935444273055,0.9998760223388672
/content/Dataset/Test/Real/real_928.jpg,1,1,True,2.5274206564063206e-05,0.9999747276306152
/content/Dataset/Test/Real/real_929.jpg,1,1,True,0.00028750684577971697,0.9997125267982483
/content/Dataset/Test/Real/real_93.jpg,1,1,True,0.35142049193382263,0.648579478263855
/content/Dataset/Test/Real/real_930.jpg,1,1,True,1.0274305850543897e-06,0.999998927116394
/content/Dataset/Test/Real/real_931.jpg,1,1,True,0.0015640031779184937,0.9984360337257385
/content/Dataset/Test/Real/real_932.jpg,1,1,True,0.3023337125778198,0.697666347026825
/content/Dataset/Test/Real/real_933.jpg,1,1,True,5.1200979214627296e-05,0.9999487400054932
/content/Dataset/Test/Real/real_934.jpg,1,1,True,0.007993914186954498,0.9920061230659485
/content/Dataset/Test/Real/real_935.jpg,1,1,True,0.3052116632461548,0.6947883367538452
/content/Dataset/Test/Real/real_936.jpg,1,1,True,4.4682551560981665e-06,0.9999955892562866
/content/Dataset/Test/Real/real_937.jpg,1,1,True,0.0001782541221473366,0.9998217225074768
/content/Dataset/Test/Real/real_938.jpg,1,1,True,1.3423599511952489e-06,0.9999986886978149
/content/Dataset/Test/Real/real_939.jpg,1,1,True,1.1197221283509862e-06,0.999998927116394
/content/Dataset/Test/Real/real_94.jpg,1,1,True,0.3719254732131958,0.6280745267868042
/content/Dataset/Test/Real/real_940.jpg,1,1,True,2.7859998226631433e-05,0.9999721050262451
/content/Dataset/Test/Real/real_941.jpg,1,1,True,1.215004090227012e-06,0.9999988079071045
/content/Dataset/Test/Real/real_942.jpg,1,1,True,2.6186025934293866e-06,0.9999973773956299
/content/Dataset/Test/Real/real_943.jpg,1,1,True,4.860242552240379e-05,0.9999513626098633
/content/Dataset/Test/Real/real_944.jpg,1,1,True,5.319078354659723e-06,0.9999946355819702
/content/Dataset/Test/Real/real_945.jpg,1,1,True,1.0670431720427587e-06,0.999998927116394
/content/Dataset/Test/Real/real_946.jpg,1,1,True,1.4652064237452578e-05,0.9999853372573853
/content/Dataset/Test/Real/real_947.jpg,1,1,True,8.16730562291923e-07,0.9999991655349731
/content/Dataset/Test/Real/real_948.jpg,1,1,True,9.311852409155108e-06,0.999990701675415
/content/Dataset/Test/Real/real_949.jpg,1,1,True,4.784958036907483e-06,0.999995231628418
/content/Dataset/Test/Real/real_95.jpg,1,0,False,0.538102388381958,0.4618976414203644
/content/Dataset/Test/Real/real_950.jpg,1,1,True,7.434862345689908e-05,0.9999256134033203
/content/Dataset/Test/Real/real_951.jpg,1,1,True,2.0660194422816858e-05,0.9999793767929077
/content/Dataset/Test/Real/real_952.jpg,1,1,True,1.376022396470944e-06,0.9999985694885254
/content/Dataset/Test/Real/real_953.jpg,1,1,True,5.6884314290073235e-06,0.9999942779541016
/content/Dataset/Test/Real/real_954.jpg,1,0,False,0.6439265608787537,0.3560734689235687
/content/Dataset/Test/Real/real_955.jpg,1,0,False,0.9978783130645752,0.002121735131368041
/content/Dataset/Test/Real/real_956.jpg,1,1,True,0.00026340983458794653,0.9997366070747375
/content/Dataset/Test/Real/real_957.jpg,1,1,True,0.001783282496035099,0.9982166886329651
/content/Dataset/Test/Real/real_958.jpg,1,1,True,3.463725806795992e-05,0.9999653100967407
/content/Dataset/Test/Real/real_959.jpg,1,1,True,2.3911468360893195e-06,0.999997615814209
/content/Dataset/Test/Real/real_96.jpg,1,1,True,0.49798500537872314,0.5020149946212769
/content/Dataset/Test/Real/real_960.jpg,1,1,True,1.7739670283845044e-06,0.9999982118606567
/content/Dataset/Test/Real/real_961.jpg,1,1,True,8.735876326682046e-05,0.9999126195907593
/content/Dataset/Test/Real/real_962.jpg,1,1,True,3.711685849339119e-06,0.9999963045120239
/content/Dataset/Test/Real/real_963.jpg,1,1,True,7.936577276268508e-06,0.9999920129776001
/content/Dataset/Test/Real/real_964.jpg,1,1,True,1.2950760719832033e-05,0.999987006187439
/content/Dataset/Test/Real/real_965.jpg,1,1,True,0.0006887793424539268,0.9993112087249756
/content/Dataset/Test/Real/real_966.jpg,1,1,True,0.00013002066407352686,0.9998699426651001
/content/Dataset/Test/Real/real_967.jpg,1,1,True,0.00046384832239709795,0.9995361566543579
/content/Dataset/Test/Real/real_968.jpg,1,1,True,0.003731622826308012,0.9962683916091919
/content/Dataset/Test/Real/real_969.jpg,1,1,True,0.00025348292547278106,0.9997465014457703
/content/Dataset/Test/Real/real_97.jpg,1,0,False,0.5027617812156677,0.49723824858665466
/content/Dataset/Test/Real/real_970.jpg,1,1,True,6.146181840449572e-05,0.9999384880065918
/content/Dataset/Test/Real/real_971.jpg,1,1,True,1.940979245773633e-06,0.9999980926513672
/content/Dataset/Test/Real/real_972.jpg,1,1,True,5.171536486159312e-06,0.9999948740005493
/content/Dataset/Test/Real/real_973.jpg,1,1,True,6.918255166965537e-06,0.999993085861206
/content/Dataset/Test/Real/real_974.jpg,1,1,True,0.009390270337462425,0.9906097054481506
/content/Dataset/Test/Real/real_975.jpg,1,0,False,0.9981452226638794,0.001854803878813982
/content/Dataset/Test/Real/real_976.jpg,1,1,True,0.0074171689338982105,0.9925827980041504
/content/Dataset/Test/Real/real_977.jpg,1,1,True,0.00017921191465575248,0.9998207688331604
/content/Dataset/Test/Real/real_978.jpg,1,1,True,0.003221963532269001,0.9967780709266663
/content/Dataset/Test/Real/real_979.jpg,1,1,True,0.002787494333460927,0.9972124695777893
/content/Dataset/Test/Real/real_98.jpg,1,1,True,0.4244372546672821,0.5755627155303955
/content/Dataset/Test/Real/real_980.jpg,1,0,False,0.9223036170005798,0.0776963159441948
/content/Dataset/Test/Real/real_981.jpg,1,1,True,4.943486601405311e-06,0.9999951124191284
/content/Dataset/Test/Real/real_982.jpg,1,1,True,3.8010971366020385e-06,0.9999961853027344
/content/Dataset/Test/Real/real_983.jpg,1,1,True,1.985709968721494e-05,0.999980092048645
/content/Dataset/Test/Real/real_984.jpg,1,1,True,5.721882189391181e-06,0.9999942779541016
/content/Dataset/Test/Real/real_985.jpg,1,1,True,5.4608331083727535e-06,0.9999945163726807
/content/Dataset/Test/Real/real_986.jpg,1,1,True,1.2253851309651509e-05,0.9999877214431763
/content/Dataset/Test/Real/real_987.jpg,1,1,True,4.626175359589979e-05,0.9999537467956543
/content/Dataset/Test/Real/real_988.jpg,1,1,True,2.868709998438135e-06,0.9999971389770508
/content/Dataset/Test/Real/real_989.jpg,1,1,True,0.004821231123059988,0.9951788187026978
/content/Dataset/Test/Real/real_99.jpg,1,0,False,0.5381965637207031,0.46180349588394165
/content/Dataset/Test/Real/real_990.jpg,1,1,True,3.1446538741874974e-06,0.9999969005584717
/content/Dataset/Test/Real/real_991.jpg,1,1,True,3.1802672310732305e-05,0.9999681711196899
/content/Dataset/Test/Real/real_992.jpg,1,1,True,7.4986535764765e-05,0.9999250173568726
/content/Dataset/Test/Real/real_993.jpg,1,1,True,5.254297866486013e-05,0.9999474287033081
/content/Dataset/Test/Real/real_994.jpg,1,1,True,1.5585339497192763e-05,0.9999843835830688
/content/Dataset/Test/Real/real_995.jpg,1,1,True,0.0004903425578959286,0.9995096921920776
/content/Dataset/Test/Real/real_996.jpg,1,1,True,4.45538098574616e-05,0.999955415725708
/content/Dataset/Test/Real/real_997.jpg,1,1,True,3.194584132870659e-05,0.9999680519104004
/content/Dataset/Test/Real/real_998.jpg,1,1,True,0.00018132783588953316,0.999818742275238
/content/Dataset/Test/Real/real_999.jpg,1,1,True,4.9485565796203446e-06,0.9999949932098389
