path,label,prediction,correct,prob_fake,prob_real
/content/Dataset/Test/Fake/fake_0.jpg,0,0,True,0.9998990297317505,0.00010093859600601718
/content/Dataset/Test/Fake/fake_1.jpg,0,0,True,0.9999428987503052,5.707007949240506e-05
/content/Dataset/Test/Fake/fake_10.jpg,0,0,True,0.9998658895492554,0.0001340509916190058
/content/Dataset/Test/Fake/fake_100.jpg,0,1,False,0.35358646512031555,0.6464135646820068
/content/Dataset/Test/Fake/fake_1000.jpg,0,0,True,0.9999717473983765,2.8253740310901776e-05
/content/Dataset/Test/Fake/fake_1001.jpg,0,0,True,0.9999703168869019,2.9690267183468677e-05
/content/Dataset/Test/Fake/fake_1002.jpg,0,0,True,0.5140921473503113,0.48590782284736633
/content/Dataset/Test/Fake/fake_1003.jpg,0,0,True,0.9999730587005615,2.6967887606588192e-05
/content/Dataset/Test/Fake/fake_1004.jpg,0,1,False,0.14724388718605042,0.852756142616272
/content/Dataset/Test/Fake/fake_1005.jpg,0,0,True,0.9999512434005737,4.876534148934297e-05
/content/Dataset/Test/Fake/fake_1006.jpg,0,0,True,0.9999747276306152,2.5222629119525664e-05
/content/Dataset/Test/Fake/fake_1007.jpg,0,0,True,0.9999657869338989,3.4173328458564356e-05
/content/Dataset/Test/Fake/fake_1008.jpg,0,0,True,0.9178017377853394,0.08219824731349945
/content/Dataset/Test/Fake/fake_1009.jpg,0,0,True,0.9999698400497437,3.0165858333930373e-05
/content/Dataset/Test/Fake/fake_101.jpg,0,1,False,0.19914484024047852,0.8008551597595215
/content/Dataset/Test/Fake/fake_1010.jpg,0,0,True,0.9999649524688721,3.5016975743928924e-05
/content/Dataset/Test/Fake/fake_1011.jpg,0,0,True,0.9999678134918213,3.215625474695116e-05
/content/Dataset/Test/Fake/fake_1012.jpg,0,0,True,0.9999688863754272,3.107259180978872e-05
/content/Dataset/Test/Fake/fake_1013.jpg,0,0,True,0.9999693632125854,3.06639849441126e-05
/content/Dataset/Test/Fake/fake_1014.jpg,0,0,True,0.9999735355377197,2.647771361807827e-05
/content/Dataset/Test/Fake/fake_1015.jpg,0,0,True,0.9999585151672363,4.145899947616272e-05
/content/Dataset/Test/Fake/fake_1016.jpg,0,0,True,0.9999752044677734,2.4809303795336746e-05
/content/Dataset/Test/Fake/fake_1017.jpg,0,0,True,0.9999651908874512,3.476671554381028e-05
/content/Dataset/Test/Fake/fake_1018.jpg,0,0,True,0.994114339351654,0.005885709542781115
/content/Dataset/Test/Fake/fake_1019.jpg,0,0,True,0.9998096823692322,0.00019038809114135802
/content/Dataset/Test/Fake/fake_102.jpg,0,0,True,0.9479088187217712,0.05209122598171234
/content/Dataset/Test/Fake/fake_1020.jpg,0,0,True,0.9996504783630371,0.00034946875530295074
/content/Dataset/Test/Fake/fake_1021.jpg,0,0,True,0.9999662637710571,3.378123801667243e-05
/content/Dataset/Test/Fake/fake_1022.jpg,0,0,True,0.999972939491272,2.7036743631470017e-05
/content/Dataset/Test/Fake/fake_1023.jpg,0,0,True,0.9999748468399048,2.5122908482444473e-05
/content/Dataset/Test/Fake/fake_1024.jpg,0,0,True,0.9999743700027466,2.562020927143749e-05
/content/Dataset/Test/Fake/fake_1025.jpg,0,0,True,0.9999723434448242,2.7714679163182154e-05
/content/Dataset/Test/Fake/fake_1026.jpg,0,0,True,0.9998499155044556,0.0001500837825005874
/content/Dataset/Test/Fake/fake_1027.jpg,0,0,True,0.9999614953994751,3.8546430005226284e-05
/content/Dataset/Test/Fake/fake_1028.jpg,0,0,True,0.9999712705612183,2.8780717912013642e-05
/content/Dataset/Test/Fake/fake_1029.jpg,0,0,True,0.9999725818634033,2.738652256084606e-05
/content/Dataset/Test/Fake/fake_103.jpg,0,0,True,0.9943676590919495,0.005632275715470314
/content/Dataset/Test/Fake/fake_1030.jpg,0,0,True,0.9998774528503418,0.00012254166358616203
/content/Dataset/Test/Fake/fake_1031.jpg,0,0,True,0.9999606609344482,3.927877696696669e-05
/content/Dataset/Test/Fake/fake_1032.jpg,0,0,True,0.9999489784240723,5.0966322305612266e-05
/content/Dataset/Test/Fake/fake_1033.jpg,0,0,True,0.9999674558639526,3.252653914387338e-05
/content/Dataset/Test/Fake/fake_1034.jpg,0,0,True,0.9999465942382812,5.343362136045471e-05
/content/Dataset/Test/Fake/fake_1035.jpg,0,0,True,0.9987817406654358,0.0012182408245280385
/content/Dataset/Test/Fake/fake_1036.jpg,0,1,False,0.4737756550312042,0.5262243151664734
/content/Dataset/Test/Fake/fake_1037.jpg,0,0,True,0.9837681651115417,0.016231771558523178
/content/Dataset/Test/Fake/fake_1038.jpg,0,0,True,0.9998480081558228,0.00015195201558526605
/content/Dataset/Test/Fake/fake_1039.jpg,0,0,True,0.9972436428070068,0.0027563124895095825
/content/Dataset/Test/Fake/fake_104.jpg,0,1,False,0.23444078862667084,0.765559196472168
/content/Dataset/Test/Fake/fake_1040.jpg,0,0,True,0.9999371767044067,6.285760900937021e-05
/content/Dataset/Test/Fake/fake_1041.jpg,0,0,True,0.9999465942382812,5.3446870879270136e-05
/content/Dataset/Test/Fake/fake_1042.jpg,0,0,True,0.9999676942825317,3.2307572837453336e-05
/content/Dataset/Test/Fake/fake_1043.jpg,0,0,True,0.9999679327011108,3.210287832189351e-05
/content/Dataset/Test/Fake/fake_1044.jpg,0,0,True,0.9999628067016602,3.7251022149575874e-05
/content/Dataset/Test/Fake/fake_1045.jpg,0,0,True,0.9999465942382812,5.3426894737640396e-05
/content/Dataset/Test/Fake/fake_1046.jpg,0,0,True,0.9998550415039062,0.00014491693582385778
/content/Dataset/Test/Fake/fake_1047.jpg,0,0,True,0.9999749660491943,2.5038572857738473e-05
/content/Dataset/Test/Fake/fake_1048.jpg,0,0,True,0.9999736547470093,2.629106347740162e-05
/content/Dataset/Test/Fake/fake_1049.jpg,0,0,True,0.9958492517471313,0.004150675609707832
/content/Dataset/Test/Fake/fake_105.jpg,0,0,True,0.7510548233985901,0.24894513189792633
/content/Dataset/Test/Fake/fake_1050.jpg,0,0,True,0.9940147995948792,0.005985230207443237
/content/Dataset/Test/Fake/fake_1051.jpg,0,0,True,0.9989945292472839,0.0010054541053250432
/content/Dataset/Test/Fake/fake_1052.jpg,0,0,True,0.9999692440032959,3.074790583923459e-05
/content/Dataset/Test/Fake/fake_1053.jpg,0,0,True,0.9993865489959717,0.000613416894339025
/content/Dataset/Test/Fake/fake_1054.jpg,0,0,True,0.9998887777328491,0.00011118104157503694
/content/Dataset/Test/Fake/fake_1055.jpg,0,0,True,0.9999443292617798,5.5643919040448964e-05
/content/Dataset/Test/Fake/fake_1056.jpg,0,0,True,0.9999632835388184,3.666452903416939e-05
/content/Dataset/Test/Fake/fake_1057.jpg,0,0,True,0.9999679327011108,3.2008596463128924e-05
/content/Dataset/Test/Fake/fake_1058.jpg,0,0,True,0.9999682903289795,3.173614095430821e-05
/content/Dataset/Test/Fake/fake_1059.jpg,0,0,True,0.9999628067016602,3.7164085370022804e-05
/content/Dataset/Test/Fake/fake_106.jpg,0,0,True,0.9996740818023682,0.0003258716897107661
/content/Dataset/Test/Fake/fake_1060.jpg,0,0,True,0.999974250793457,2.5736528186826035e-05
/content/Dataset/Test/Fake/fake_1061.jpg,0,0,True,0.9968640804290771,0.0031359910499304533
/content/Dataset/Test/Fake/fake_1062.jpg,0,0,True,0.9998338222503662,0.0001660948182689026
/content/Dataset/Test/Fake/fake_1063.jpg,0,0,True,0.9999642372131348,3.5744222259381786e-05
/content/Dataset/Test/Fake/fake_1064.jpg,0,0,True,0.9999600648880005,3.991614357801154e-05
/content/Dataset/Test/Fake/fake_1065.jpg,0,0,True,0.9999182224273682,8.17773470771499e-05
/content/Dataset/Test/Fake/fake_1066.jpg,0,0,True,0.9999488592147827,5.112276994623244e-05
/content/Dataset/Test/Fake/fake_1067.jpg,0,0,True,0.9998738765716553,0.00012606098607648164
/content/Dataset/Test/Fake/fake_1068.jpg,0,0,True,0.9999178647994995,8.216083369916305e-05
/content/Dataset/Test/Fake/fake_1069.jpg,0,0,True,0.9999610185623169,3.8945479900576174e-05
/content/Dataset/Test/Fake/fake_107.jpg,0,0,True,0.9988504648208618,0.0011495633516460657
/content/Dataset/Test/Fake/fake_1070.jpg,0,0,True,0.9999552965164185,4.468717088457197e-05
/content/Dataset/Test/Fake/fake_1071.jpg,0,1,False,0.47504737973213196,0.5249525904655457
/content/Dataset/Test/Fake/fake_1072.jpg,0,0,True,0.9999727010726929,2.7318963475408964e-05
/content/Dataset/Test/Fake/fake_1073.jpg,0,0,True,0.999953031539917,4.6947017835918814e-05
/content/Dataset/Test/Fake/fake_1074.jpg,0,0,True,0.999971866607666,2.8088972612749785e-05
/content/Dataset/Test/Fake/fake_1075.jpg,0,0,True,0.9999755620956421,2.4483355446136557e-05
/content/Dataset/Test/Fake/fake_1076.jpg,0,0,True,0.9999556541442871,4.436302333488129e-05
/content/Dataset/Test/Fake/fake_1077.jpg,0,0,True,0.9999661445617676,3.3892240026034415e-05
/content/Dataset/Test/Fake/fake_1078.jpg,0,0,True,0.999975323677063,2.465392208250705e-05
/content/Dataset/Test/Fake/fake_1079.jpg,0,0,True,0.9999723434448242,2.7690797651303e-05
/content/Dataset/Test/Fake/fake_108.jpg,0,0,True,0.9964021444320679,0.003597815288230777
/content/Dataset/Test/Fake/fake_1080.jpg,0,0,True,0.9992138147354126,0.0007861463818699121
/content/Dataset/Test/Fake/fake_1081.jpg,0,0,True,0.9999512434005737,4.874246587860398e-05
/content/Dataset/Test/Fake/fake_1082.jpg,0,0,True,0.9999626874923706,3.735197606147267e-05
/content/Dataset/Test/Fake/fake_1083.jpg,0,0,True,0.9999576807022095,4.2324798414483666e-05
/content/Dataset/Test/Fake/fake_1084.jpg,0,0,True,0.9999690055847168,3.1005372875370085e-05
/content/Dataset/Test/Fake/fake_1085.jpg,0,0,True,0.999976634979248,2.334029159101192e-05
/content/Dataset/Test/Fake/fake_1086.jpg,0,0,True,0.9999431371688843,5.6856704759411514e-05
/content/Dataset/Test/Fake/fake_1087.jpg,0,0,True,0.9999665021896362,3.351333361933939e-05
/content/Dataset/Test/Fake/fake_1088.jpg,0,0,True,0.999972939491272,2.7008240067516454e-05
/content/Dataset/Test/Fake/fake_1089.jpg,0,0,True,0.9999616146087646,3.843231388600543e-05
/content/Dataset/Test/Fake/fake_109.jpg,0,1,False,0.17135876417160034,0.8286412358283997
/content/Dataset/Test/Fake/fake_1090.jpg,0,0,True,0.9999579191207886,4.2050342017319053e-05
/content/Dataset/Test/Fake/fake_1091.jpg,0,0,True,0.9999711513519287,2.8843473046435975e-05
/content/Dataset/Test/Fake/fake_1092.jpg,0,0,True,0.9999734163284302,2.660081554495264e-05
/content/Dataset/Test/Fake/fake_1093.jpg,0,0,True,0.9999688863754272,3.1099392799660563e-05
/content/Dataset/Test/Fake/fake_1094.jpg,0,0,True,0.997624933719635,0.0023750984109938145
/content/Dataset/Test/Fake/fake_1095.jpg,0,0,True,0.9999517202377319,4.8224450438283384e-05
/content/Dataset/Test/Fake/fake_1096.jpg,0,0,True,0.9999418258666992,5.816799239255488e-05
/content/Dataset/Test/Fake/fake_1097.jpg,0,0,True,0.9999716281890869,2.8386886697262526e-05
/content/Dataset/Test/Fake/fake_1098.jpg,0,0,True,0.999972939491272,2.710397166083567e-05
/content/Dataset/Test/Fake/fake_1099.jpg,0,0,True,0.9999740123748779,2.5968620320782065e-05
/content/Dataset/Test/Fake/fake_11.jpg,0,0,True,0.999872088432312,0.0001279226562473923
/content/Dataset/Test/Fake/fake_110.jpg,0,0,True,0.9985117316246033,0.0014882029499858618
/content/Dataset/Test/Fake/fake_1100.jpg,0,0,True,0.9999645948410034,3.542206104611978e-05
/content/Dataset/Test/Fake/fake_1101.jpg,0,0,True,0.9999669790267944,3.296446448075585e-05
/content/Dataset/Test/Fake/fake_1102.jpg,0,0,True,0.9631741046905518,0.03682593256235123
/content/Dataset/Test/Fake/fake_1103.jpg,0,0,True,0.9999674558639526,3.250191730330698e-05
/content/Dataset/Test/Fake/fake_1104.jpg,0,0,True,0.9999780654907227,2.1949137590127066e-05
/content/Dataset/Test/Fake/fake_1105.jpg,0,0,True,0.9999731779098511,2.6868157874559984e-05
/content/Dataset/Test/Fake/fake_1106.jpg,0,0,True,0.9999630451202393,3.69132321793586e-05
/content/Dataset/Test/Fake/fake_1107.jpg,0,0,True,0.9010384678840637,0.09896155446767807
/content/Dataset/Test/Fake/fake_1108.jpg,0,0,True,0.9999610185623169,3.8937901990721e-05
/content/Dataset/Test/Fake/fake_1109.jpg,0,0,True,0.9994927644729614,0.0005071819177828729
/content/Dataset/Test/Fake/fake_111.jpg,0,0,True,0.9977812170982361,0.002218811074271798
/content/Dataset/Test/Fake/fake_1110.jpg,0,0,True,0.9995198249816895,0.00048013380728662014
/content/Dataset/Test/Fake/fake_1111.jpg,0,0,True,0.999620795249939,0.0003792054485529661
/content/Dataset/Test/Fake/fake_1112.jpg,0,0,True,0.9999699592590332,3.0037714168429375e-05
/content/Dataset/Test/Fake/fake_1113.jpg,0,0,True,0.9999222755432129,7.772324897814542e-05
/content/Dataset/Test/Fake/fake_1114.jpg,0,0,True,0.9999749660491943,2.5067818569368683e-05
/content/Dataset/Test/Fake/fake_1115.jpg,0,0,True,0.9989863038063049,0.0010136525379493833
/content/Dataset/Test/Fake/fake_1116.jpg,0,0,True,0.9999737739562988,2.62741741607897e-05
/content/Dataset/Test/Fake/fake_1117.jpg,0,0,True,0.9998014569282532,0.00019859241729136556
/content/Dataset/Test/Fake/fake_1118.jpg,0,0,True,0.9999634027481079,3.655507680377923e-05
/content/Dataset/Test/Fake/fake_1119.jpg,0,0,True,0.9999744892120361,2.5567929696990177e-05
/content/Dataset/Test/Fake/fake_112.jpg,0,0,True,0.9983055591583252,0.0016944112721830606
/content/Dataset/Test/Fake/fake_1120.jpg,0,0,True,0.9999648332595825,3.514426862238906e-05
/content/Dataset/Test/Fake/fake_1121.jpg,0,0,True,0.9999624490737915,3.7539666664088145e-05
/content/Dataset/Test/Fake/fake_1122.jpg,0,0,True,0.9999669790267944,3.299088348285295e-05
/content/Dataset/Test/Fake/fake_1123.jpg,0,0,True,0.7311938405036926,0.268806129693985
/content/Dataset/Test/Fake/fake_1124.jpg,0,0,True,0.9998984336853027,0.00010157169890590012
/content/Dataset/Test/Fake/fake_1125.jpg,0,0,True,0.9999656677246094,3.435821781749837e-05
/content/Dataset/Test/Fake/fake_1126.jpg,0,0,True,0.9999709129333496,2.9043749236734584e-05
/content/Dataset/Test/Fake/fake_1127.jpg,0,0,True,0.9999715089797974,2.8486356313806027e-05
/content/Dataset/Test/Fake/fake_1128.jpg,0,0,True,0.9999721050262451,2.7952291929977946e-05
/content/Dataset/Test/Fake/fake_1129.jpg,0,0,True,0.9999650716781616,3.4926695661852136e-05
/content/Dataset/Test/Fake/fake_113.jpg,0,0,True,0.999968409538269,3.162242501275614e-05
/content/Dataset/Test/Fake/fake_1130.jpg,0,0,True,0.9999716281890869,2.835658233379945e-05
/content/Dataset/Test/Fake/fake_1131.jpg,0,0,True,0.9999555349349976,4.450718915904872e-05
/content/Dataset/Test/Fake/fake_1132.jpg,0,0,True,0.9999713897705078,2.8558872145367786e-05
/content/Dataset/Test/Fake/fake_1133.jpg,0,0,True,0.9999649524688721,3.5040589864365757e-05
/content/Dataset/Test/Fake/fake_1134.jpg,0,0,True,0.9999666213989258,3.332517735543661e-05
/content/Dataset/Test/Fake/fake_1135.jpg,0,0,True,0.9998718500137329,0.00012814498040825129
/content/Dataset/Test/Fake/fake_1136.jpg,0,0,True,0.9999645948410034,3.5404904338065535e-05
/content/Dataset/Test/Fake/fake_1137.jpg,0,0,True,0.9999755620956421,2.444192250550259e-05
/content/Dataset/Test/Fake/fake_1138.jpg,0,0,True,0.9999696016311646,3.0424751457758248e-05
/content/Dataset/Test/Fake/fake_1139.jpg,0,1,False,0.33459460735321045,0.6654053926467896
/content/Dataset/Test/Fake/fake_114.jpg,0,0,True,0.9997846484184265,0.00021540795569308102
/content/Dataset/Test/Fake/fake_1140.jpg,0,0,True,0.9999411106109619,5.8845085732173175e-05
/content/Dataset/Test/Fake/fake_1141.jpg,0,0,True,0.9999290704727173,7.086839468684047e-05
/content/Dataset/Test/Fake/fake_1142.jpg,0,0,True,0.9998860359191895,0.00011399339564377442
/content/Dataset/Test/Fake/fake_1143.jpg,0,0,True,0.9998810291290283,0.00011892442125827074
/content/Dataset/Test/Fake/fake_1144.jpg,0,0,True,0.999944806098938,5.515540033229627e-05
/content/Dataset/Test/Fake/fake_1145.jpg,0,0,True,0.9998811483383179,0.00011884417472174391
/content/Dataset/Test/Fake/fake_1146.jpg,0,0,True,0.9998440742492676,0.00015592465933877975
/content/Dataset/Test/Fake/fake_1147.jpg,0,1,False,0.0007623879937455058,0.9992376565933228
/content/Dataset/Test/Fake/fake_1148.jpg,0,0,True,0.9999301433563232,6.983220373513177e-05
/content/Dataset/Test/Fake/fake_1149.jpg,0,0,True,0.9998447895050049,0.0001552121975691989
/content/Dataset/Test/Fake/fake_115.jpg,0,0,True,0.8256127834320068,0.17438720166683197
/content/Dataset/Test/Fake/fake_1150.jpg,0,0,True,0.9956841468811035,0.004315839149057865
/content/Dataset/Test/Fake/fake_1151.jpg,0,0,True,0.5788336396217346,0.4211663007736206
/content/Dataset/Test/Fake/fake_1152.jpg,0,0,True,0.9998358488082886,0.0001640849804971367
/content/Dataset/Test/Fake/fake_1153.jpg,0,0,True,0.9990890026092529,0.0009110390674322844
/content/Dataset/Test/Fake/fake_1154.jpg,0,0,True,0.9995513558387756,0.00044857055763714015
/content/Dataset/Test/Fake/fake_1155.jpg,0,0,True,0.926252543926239,0.07374749332666397
/content/Dataset/Test/Fake/fake_1156.jpg,0,0,True,0.9997879862785339,0.00021197345631662756
/content/Dataset/Test/Fake/fake_1157.jpg,0,0,True,0.9996368885040283,0.00036305596586316824
/content/Dataset/Test/Fake/fake_1158.jpg,0,1,False,0.07239875197410583,0.9276012778282166
/content/Dataset/Test/Fake/fake_1159.jpg,0,0,True,0.9996745586395264,0.00032543553970754147
/content/Dataset/Test/Fake/fake_116.jpg,0,0,True,0.9998875856399536,0.00011240493040531874
/content/Dataset/Test/Fake/fake_1160.jpg,0,0,True,0.9997082352638245,0.0002917395031545311
/content/Dataset/Test/Fake/fake_1161.jpg,0,0,True,0.9994992017745972,0.0005008082371205091
/content/Dataset/Test/Fake/fake_1162.jpg,0,0,True,0.9999673366546631,3.2634783565299585e-05
/content/Dataset/Test/Fake/fake_1163.jpg,0,0,True,0.9359270930290222,0.06407292187213898
/content/Dataset/Test/Fake/fake_1164.jpg,0,0,True,0.9289164543151855,0.07108356058597565
/content/Dataset/Test/Fake/fake_1165.jpg,0,0,True,0.849342942237854,0.1506570428609848
/content/Dataset/Test/Fake/fake_1166.jpg,0,1,False,0.028911324217915535,0.971088707447052
/content/Dataset/Test/Fake/fake_1167.jpg,0,1,False,0.09388036280870438,0.9061195850372314
/content/Dataset/Test/Fake/fake_1168.jpg,0,0,True,0.9991855025291443,0.000814512197393924
/content/Dataset/Test/Fake/fake_1169.jpg,0,0,True,0.9999067783355713,9.325071005150676e-05
/content/Dataset/Test/Fake/fake_117.jpg,0,0,True,0.9811743497848511,0.018825704231858253
/content/Dataset/Test/Fake/fake_1170.jpg,0,0,True,0.9983357787132263,0.0016641957918182015
/content/Dataset/Test/Fake/fake_1171.jpg,0,1,False,0.3940897285938263,0.6059102416038513
/content/Dataset/Test/Fake/fake_1172.jpg,0,0,True,0.6327748894691467,0.36722517013549805
/content/Dataset/Test/Fake/fake_1173.jpg,0,0,True,0.9965506792068481,0.0034492642153054476
/content/Dataset/Test/Fake/fake_1174.jpg,0,0,True,0.9999010562896729,9.894758113659918e-05
/content/Dataset/Test/Fake/fake_1175.jpg,0,0,True,0.7930312752723694,0.2069687396287918
/content/Dataset/Test/Fake/fake_1176.jpg,0,0,True,0.997947633266449,0.0020523807033896446
/content/Dataset/Test/Fake/fake_1177.jpg,0,0,True,0.9999563694000244,4.359737067716196e-05
/content/Dataset/Test/Fake/fake_1178.jpg,0,0,True,0.9999637603759766,3.628636113717221e-05
/content/Dataset/Test/Fake/fake_1179.jpg,0,0,True,0.9816057085990906,0.018394339829683304
/content/Dataset/Test/Fake/fake_118.jpg,0,0,True,0.9999697208404541,3.0262728614616208e-05
/content/Dataset/Test/Fake/fake_1180.jpg,0,0,True,0.9881688952445984,0.011831085197627544
/content/Dataset/Test/Fake/fake_1181.jpg,0,1,False,0.2650834321975708,0.7349165678024292
/content/Dataset/Test/Fake/fake_1182.jpg,0,0,True,0.9276539087295532,0.07234606891870499
/content/Dataset/Test/Fake/fake_1183.jpg,0,1,False,0.016178611665964127,0.9838213920593262
/content/Dataset/Test/Fake/fake_1184.jpg,0,0,True,0.9998816251754761,0.00011833552707685158
/content/Dataset/Test/Fake/fake_1185.jpg,0,0,True,0.9999237060546875,7.629962055943906e-05
/content/Dataset/Test/Fake/fake_1186.jpg,0,0,True,0.9999563694000244,4.368052395875566e-05
/content/Dataset/Test/Fake/fake_1187.jpg,0,0,True,0.9999414682388306,5.8471367083257064e-05
/content/Dataset/Test/Fake/fake_1188.jpg,0,0,True,0.7206486463546753,0.2793514132499695
/content/Dataset/Test/Fake/fake_1189.jpg,0,0,True,0.9999405145645142,5.95031633565668e-05
/content/Dataset/Test/Fake/fake_119.jpg,0,0,True,0.7749614119529724,0.2250385731458664
/content/Dataset/Test/Fake/fake_1190.jpg,0,0,True,0.9999430179595947,5.6966444390127435e-05
/content/Dataset/Test/Fake/fake_1191.jpg,0,0,True,0.9940885305404663,0.00591147830709815
/content/Dataset/Test/Fake/fake_1192.jpg,0,0,True,0.6052632331848145,0.39473673701286316
/content/Dataset/Test/Fake/fake_1193.jpg,0,0,True,0.999893069267273,0.00010686258610803634
/content/Dataset/Test/Fake/fake_1194.jpg,0,0,True,0.9867515563964844,0.013248450122773647
/content/Dataset/Test/Fake/fake_1195.jpg,0,0,True,0.9999649524688721,3.506318898871541e-05
/content/Dataset/Test/Fake/fake_1196.jpg,0,0,True,0.9999635219573975,3.645871038315818e-05
/content/Dataset/Test/Fake/fake_1197.jpg,0,0,True,0.9935530424118042,0.006446941755712032
/content/Dataset/Test/Fake/fake_1198.jpg,0,0,True,0.9985561966896057,0.0014437860809266567
/content/Dataset/Test/Fake/fake_1199.jpg,0,0,True,0.9999092817306519,9.0667417680379e-05
/content/Dataset/Test/Fake/fake_12.jpg,0,0,True,0.9993447661399841,0.000655165349598974
/content/Dataset/Test/Fake/fake_120.jpg,0,0,True,0.9605752825737,0.039424728602170944
/content/Dataset/Test/Fake/fake_1200.jpg,0,0,True,0.9998914003372192,0.00010857723100343719
/content/Dataset/Test/Fake/fake_1201.jpg,0,0,True,0.9999454021453857,5.4572359658777714e-05
/content/Dataset/Test/Fake/fake_1202.jpg,0,0,True,0.9997500777244568,0.0002499655238352716
/content/Dataset/Test/Fake/fake_1203.jpg,0,0,True,0.9998003840446472,0.00019960232020821422
/content/Dataset/Test/Fake/fake_1204.jpg,0,0,True,0.8457364439964294,0.15426352620124817
/content/Dataset/Test/Fake/fake_1205.jpg,0,0,True,0.999967098236084,3.292648398200981e-05
/content/Dataset/Test/Fake/fake_1206.jpg,0,1,False,0.36896729469299316,0.6310327053070068
/content/Dataset/Test/Fake/fake_1207.jpg,0,0,True,0.9988314509391785,0.001168504124507308
/content/Dataset/Test/Fake/fake_1208.jpg,0,0,True,0.9998706579208374,0.00012927051284350455
/content/Dataset/Test/Fake/fake_1209.jpg,0,0,True,0.999768078327179,0.00023187931219581515
/content/Dataset/Test/Fake/fake_121.jpg,0,0,True,0.9999605417251587,3.9398866647388786e-05
/content/Dataset/Test/Fake/fake_1210.jpg,0,0,True,0.5870310664176941,0.4129689037799835
/content/Dataset/Test/Fake/fake_1211.jpg,0,0,True,0.9998478889465332,0.00015214398445095867
/content/Dataset/Test/Fake/fake_1212.jpg,0,0,True,0.9988148212432861,0.0011851743329316378
/content/Dataset/Test/Fake/fake_1213.jpg,0,0,True,0.9999542236328125,4.581062967190519e-05
/content/Dataset/Test/Fake/fake_1214.jpg,0,0,True,0.9999591112136841,4.084196189069189e-05
/content/Dataset/Test/Fake/fake_1215.jpg,0,0,True,0.9975130558013916,0.002486892743036151
/content/Dataset/Test/Fake/fake_1216.jpg,0,0,True,0.9999457597732544,5.420437082648277e-05
/content/Dataset/Test/Fake/fake_1217.jpg,0,0,True,0.9998661279678345,0.000133860157802701
/content/Dataset/Test/Fake/fake_1218.jpg,0,0,True,0.9998026490211487,0.00019737970433197916
/content/Dataset/Test/Fake/fake_1219.jpg,0,0,True,0.99994957447052,5.04055387864355e-05
/content/Dataset/Test/Fake/fake_122.jpg,0,0,True,0.8644872903823853,0.13551265001296997
/content/Dataset/Test/Fake/fake_1220.jpg,0,0,True,0.9999672174453735,3.273324909969233e-05
/content/Dataset/Test/Fake/fake_1221.jpg,0,0,True,0.9995852112770081,0.0004147509462200105
/content/Dataset/Test/Fake/fake_1222.jpg,0,0,True,0.9836804866790771,0.016319526359438896
/content/Dataset/Test/Fake/fake_1223.jpg,0,0,True,0.9990334510803223,0.0009665097459219396
/content/Dataset/Test/Fake/fake_1224.jpg,0,0,True,0.8070583939552307,0.1929415613412857
/content/Dataset/Test/Fake/fake_1225.jpg,0,0,True,0.9783782362937927,0.02162174880504608
/content/Dataset/Test/Fake/fake_1226.jpg,0,0,True,0.9984623193740845,0.001537754782475531
/content/Dataset/Test/Fake/fake_1227.jpg,0,0,True,0.9980258941650391,0.0019741631112992764
/content/Dataset/Test/Fake/fake_1228.jpg,0,0,True,0.9999510049819946,4.903459921479225e-05
/content/Dataset/Test/Fake/fake_1229.jpg,0,0,True,0.9999274015426636,7.263028237503022e-05
/content/Dataset/Test/Fake/fake_123.jpg,0,0,True,0.9999485015869141,5.1449573220452294e-05
/content/Dataset/Test/Fake/fake_1230.jpg,0,0,True,0.9999439716339111,5.601072916761041e-05
/content/Dataset/Test/Fake/fake_1231.jpg,0,0,True,0.9997591376304626,0.00024091721570584923
/content/Dataset/Test/Fake/fake_1232.jpg,0,0,True,0.9999251365661621,7.484872912755236e-05
/content/Dataset/Test/Fake/fake_1233.jpg,0,0,True,0.9999507665634155,4.927436020807363e-05
/content/Dataset/Test/Fake/fake_1234.jpg,0,0,True,0.9999655485153198,3.441458466113545e-05
/content/Dataset/Test/Fake/fake_1235.jpg,0,1,False,0.1699041724205017,0.8300958275794983
/content/Dataset/Test/Fake/fake_1236.jpg,0,0,True,0.9999451637268066,5.488053284352645e-05
/content/Dataset/Test/Fake/fake_1237.jpg,0,0,True,0.9982958436012268,0.0017041602404788136
/content/Dataset/Test/Fake/fake_1238.jpg,0,0,True,0.9983643889427185,0.0016356130363419652
/content/Dataset/Test/Fake/fake_1239.jpg,0,0,True,0.9999217987060547,7.81853377702646e-05
/content/Dataset/Test/Fake/fake_124.jpg,0,0,True,0.9938841462135315,0.006115812808275223
/content/Dataset/Test/Fake/fake_1240.jpg,0,0,True,0.9996442794799805,0.0003556633018888533
/content/Dataset/Test/Fake/fake_1241.jpg,0,0,True,0.9998437166213989,0.00015630037523806095
/content/Dataset/Test/Fake/fake_1242.jpg,0,0,True,0.9976956248283386,0.0023043949622660875
/content/Dataset/Test/Fake/fake_1243.jpg,0,0,True,0.9999330043792725,6.697641219943762e-05
/content/Dataset/Test/Fake/fake_1244.jpg,0,0,True,0.9999637603759766,3.6243509384803474e-05
/content/Dataset/Test/Fake/fake_1245.jpg,0,0,True,0.7366344928741455,0.2633655071258545
/content/Dataset/Test/Fake/fake_1246.jpg,0,0,True,0.9292911291122437,0.07070884108543396
/content/Dataset/Test/Fake/fake_1247.jpg,0,0,True,0.9994279742240906,0.0005720136687159538
/content/Dataset/Test/Fake/fake_1248.jpg,0,0,True,0.9999595880508423,4.03531885240227e-05
/content/Dataset/Test/Fake/fake_1249.jpg,0,0,True,0.9999399185180664,6.007078991387971e-05
/content/Dataset/Test/Fake/fake_125.jpg,0,0,True,0.9318946599960327,0.06810536980628967
/content/Dataset/Test/Fake/fake_1250.jpg,0,0,True,0.9989867806434631,0.001013157656416297
/content/Dataset/Test/Fake/fake_1251.jpg,0,0,True,0.9999468326568604,5.315125599736348e-05
/content/Dataset/Test/Fake/fake_1252.jpg,0,0,True,0.9999419450759888,5.803092062706128e-05
/content/Dataset/Test/Fake/fake_1253.jpg,0,0,True,0.9990733861923218,0.0009265543194487691
/content/Dataset/Test/Fake/fake_1254.jpg,0,0,True,0.9999645948410034,3.5400174965616316e-05
/content/Dataset/Test/Fake/fake_1255.jpg,0,0,True,0.9966685175895691,0.003331459127366543
/content/Dataset/Test/Fake/fake_1256.jpg,0,0,True,0.9999539852142334,4.596053986460902e-05
/content/Dataset/Test/Fake/fake_1257.jpg,0,0,True,0.9999568462371826,4.3138723412994295e-05
/content/Dataset/Test/Fake/fake_1258.jpg,0,0,True,0.9999617338180542,3.824435407295823e-05
/content/Dataset/Test/Fake/fake_1259.jpg,0,0,True,0.9998347759246826,0.00016518573102075607
/content/Dataset/Test/Fake/fake_126.jpg,0,0,True,0.9996556043624878,0.00034435317502357066
/content/Dataset/Test/Fake/fake_1260.jpg,0,0,True,0.999937891960144,6.21163344476372e-05
/content/Dataset/Test/Fake/fake_1261.jpg,0,0,True,0.9999654293060303,3.4621938539203256e-05
/content/Dataset/Test/Fake/fake_1262.jpg,0,0,True,0.8931492567062378,0.10685069113969803
/content/Dataset/Test/Fake/fake_1263.jpg,0,0,True,0.9958081245422363,0.004191876854747534
/content/Dataset/Test/Fake/fake_1264.jpg,0,0,True,0.999804675579071,0.00019538703782018274
/content/Dataset/Test/Fake/fake_1265.jpg,0,1,False,0.043070238083601,0.9569297432899475
/content/Dataset/Test/Fake/fake_1266.jpg,0,0,True,0.9966037273406982,0.0033962815068662167
/content/Dataset/Test/Fake/fake_1267.jpg,0,0,True,0.9983855485916138,0.0016144041437655687
/content/Dataset/Test/Fake/fake_1268.jpg,0,0,True,0.9998849630355835,0.00011507792805787176
/content/Dataset/Test/Fake/fake_1269.jpg,0,0,True,0.9958179593086243,0.004182009492069483
/content/Dataset/Test/Fake/fake_127.jpg,0,1,False,0.4198091924190521,0.5801908373832703
/content/Dataset/Test/Fake/fake_1270.jpg,0,0,True,0.9921793937683105,0.007820642553269863
/content/Dataset/Test/Fake/fake_1271.jpg,0,0,True,0.999860405921936,0.0001395753788528964
/content/Dataset/Test/Fake/fake_1272.jpg,0,0,True,0.9998317956924438,0.00016819940356072038
/content/Dataset/Test/Fake/fake_1273.jpg,0,0,True,0.9999653100967407,3.4747430618153885e-05
/content/Dataset/Test/Fake/fake_1274.jpg,0,1,False,0.19200734794139862,0.8079926371574402
/content/Dataset/Test/Fake/fake_1275.jpg,0,0,True,0.9997269511222839,0.0002730072883423418
/content/Dataset/Test/Fake/fake_1276.jpg,0,0,True,0.979129433631897,0.020870590582489967
/content/Dataset/Test/Fake/fake_1277.jpg,0,0,True,0.9996132254600525,0.00038682951708324254
/content/Dataset/Test/Fake/fake_1278.jpg,0,0,True,0.9990283250808716,0.0009716529166325927
/content/Dataset/Test/Fake/fake_1279.jpg,0,0,True,0.998506486415863,0.0014935334911569953
/content/Dataset/Test/Fake/fake_128.jpg,0,0,True,0.7990766763687134,0.20092330873012543
/content/Dataset/Test/Fake/fake_1280.jpg,0,0,True,0.9989234805107117,0.0010764467297121882
/content/Dataset/Test/Fake/fake_1281.jpg,0,0,True,0.9983071088790894,0.0016929004341363907
/content/Dataset/Test/Fake/fake_1282.jpg,0,0,True,0.9999557733535767,4.4172043999424204e-05
/content/Dataset/Test/Fake/fake_1283.jpg,0,0,True,0.9998906850814819,0.00010929867858067155
/content/Dataset/Test/Fake/fake_1284.jpg,0,0,True,0.9999517202377319,4.83099756820593e-05
/content/Dataset/Test/Fake/fake_1285.jpg,0,0,True,0.9999290704727173,7.095712498994544e-05
/content/Dataset/Test/Fake/fake_1286.jpg,0,0,True,0.9999419450759888,5.8102188631892204e-05
/content/Dataset/Test/Fake/fake_1287.jpg,0,0,True,0.9377604126930237,0.06223957985639572
/content/Dataset/Test/Fake/fake_1288.jpg,0,0,True,0.9999089241027832,9.106478682952002e-05
/content/Dataset/Test/Fake/fake_1289.jpg,0,0,True,0.9929631352424622,0.007036866154521704
/content/Dataset/Test/Fake/fake_129.jpg,0,0,True,0.7188910841941833,0.28110894560813904
/content/Dataset/Test/Fake/fake_1290.jpg,0,1,False,0.3537806272506714,0.6462193131446838
/content/Dataset/Test/Fake/fake_1291.jpg,0,0,True,0.9961246848106384,0.0038753447588533163
/content/Dataset/Test/Fake/fake_1292.jpg,0,0,True,0.9999510049819946,4.9012342060450464e-05
/content/Dataset/Test/Fake/fake_1293.jpg,0,0,True,0.9998201727867126,0.00017985385784413666
/content/Dataset/Test/Fake/fake_1294.jpg,0,0,True,0.9999175071716309,8.24743474368006e-05
/content/Dataset/Test/Fake/fake_1295.jpg,0,0,True,0.9982882142066956,0.001711760414764285
/content/Dataset/Test/Fake/fake_1296.jpg,0,0,True,0.9999278783798218,7.216400263132527e-05
/content/Dataset/Test/Fake/fake_1297.jpg,0,0,True,0.9996628761291504,0.00033709770650602877
/content/Dataset/Test/Fake/fake_1298.jpg,0,0,True,0.9999643564224243,3.565118458936922e-05
/content/Dataset/Test/Fake/fake_1299.jpg,0,1,False,0.03418784961104393,0.9658121466636658
/content/Dataset/Test/Fake/fake_13.jpg,0,0,True,0.9998668432235718,0.0001331853709416464
/content/Dataset/Test/Fake/fake_130.jpg,0,0,True,0.9999700784683228,2.9929058655397967e-05
/content/Dataset/Test/Fake/fake_1300.jpg,0,0,True,0.9836095571517944,0.01639043539762497
/content/Dataset/Test/Fake/fake_1301.jpg,0,0,True,0.9525707960128784,0.0474291667342186
/content/Dataset/Test/Fake/fake_1302.jpg,0,1,False,0.10613526403903961,0.8938647508621216
/content/Dataset/Test/Fake/fake_1303.jpg,0,0,True,0.9996777772903442,0.00032228868803940713
/content/Dataset/Test/Fake/fake_1304.jpg,0,0,True,0.6448130011558533,0.35518696904182434
/content/Dataset/Test/Fake/fake_1305.jpg,0,0,True,0.9996007084846497,0.00039936270331963897
/content/Dataset/Test/Fake/fake_1306.jpg,0,0,True,0.9989745616912842,0.0010254468070343137
/content/Dataset/Test/Fake/fake_1307.jpg,0,0,True,0.9998730421066284,0.00012690645235124975
/content/Dataset/Test/Fake/fake_1308.jpg,0,0,True,0.9998899698257446,0.00011006627755705267
/content/Dataset/Test/Fake/fake_1309.jpg,0,0,True,0.999947190284729,5.27936099388171e-05
/content/Dataset/Test/Fake/fake_131.jpg,0,0,True,0.9999644756317139,3.552449561539106e-05
/content/Dataset/Test/Fake/fake_1310.jpg,0,0,True,0.9998936653137207,0.00010635410581016913
/content/Dataset/Test/Fake/fake_1311.jpg,0,1,False,0.2098514437675476,0.7901485562324524
/content/Dataset/Test/Fake/fake_1312.jpg,0,0,True,0.9996007084846497,0.0003993196878582239
/content/Dataset/Test/Fake/fake_1313.jpg,0,0,True,0.9999088048934937,9.118713933276013e-05
/content/Dataset/Test/Fake/fake_1314.jpg,0,0,True,0.9987970590591431,0.0012029577046632767
/content/Dataset/Test/Fake/fake_1315.jpg,0,0,True,0.999920129776001,7.991270103957504e-05
/content/Dataset/Test/Fake/fake_1316.jpg,0,0,True,0.9999058246612549,9.42078695516102e-05
/content/Dataset/Test/Fake/fake_1317.jpg,0,1,False,0.036342743784189224,0.9636573195457458
/content/Dataset/Test/Fake/fake_1318.jpg,0,0,True,0.9999063014984131,9.367986058350652e-05
/content/Dataset/Test/Fake/fake_1319.jpg,0,1,False,0.005509607959538698,0.994490385055542
/content/Dataset/Test/Fake/fake_132.jpg,0,0,True,0.9999507665634155,4.924617678625509e-05
/content/Dataset/Test/Fake/fake_1320.jpg,0,0,True,0.9999641180038452,3.5927194403484464e-05
/content/Dataset/Test/Fake/fake_1321.jpg,0,0,True,0.9999641180038452,3.589746484067291e-05
/content/Dataset/Test/Fake/fake_1322.jpg,0,0,True,0.9999054670333862,9.451901860302314e-05
/content/Dataset/Test/Fake/fake_1323.jpg,0,0,True,0.9999477863311768,5.219216109253466e-05
/content/Dataset/Test/Fake/fake_1324.jpg,0,0,True,0.9825572371482849,0.017442738637328148
/content/Dataset/Test/Fake/fake_1325.jpg,0,0,True,0.9998421669006348,0.000157825110363774
/content/Dataset/Test/Fake/fake_1326.jpg,0,0,True,0.9974345564842224,0.0025654886849224567
/content/Dataset/Test/Fake/fake_1327.jpg,0,0,True,0.9997864365577698,0.00021360853861551732
/content/Dataset/Test/Fake/fake_1328.jpg,0,0,True,0.9985313415527344,0.0014686875510960817
/content/Dataset/Test/Fake/fake_1329.jpg,0,0,True,0.9999573230743408,4.273451122571714e-05
/content/Dataset/Test/Fake/fake_133.jpg,0,0,True,0.9999045133590698,9.55060386331752e-05
/content/Dataset/Test/Fake/fake_1330.jpg,0,0,True,0.9999567270278931,4.332581738708541e-05
/content/Dataset/Test/Fake/fake_1331.jpg,0,0,True,0.9957049489021301,0.004295028280466795
/content/Dataset/Test/Fake/fake_1332.jpg,0,0,True,0.9999290704727173,7.091065344866365e-05
/content/Dataset/Test/Fake/fake_1333.jpg,0,0,True,0.835904061794281,0.1640959084033966
/content/Dataset/Test/Fake/fake_1334.jpg,0,0,True,0.6306715607643127,0.36932843923568726
/content/Dataset/Test/Fake/fake_1335.jpg,0,0,True,0.9025996923446655,0.09740035235881805
/content/Dataset/Test/Fake/fake_1336.jpg,0,0,True,0.9985626339912415,0.0014373768353834748
/content/Dataset/Test/Fake/fake_1337.jpg,0,0,True,0.9954721927642822,0.00452784076333046
/content/Dataset/Test/Fake/fake_1338.jpg,0,0,True,0.7845717072486877,0.2154282182455063
/content/Dataset/Test/Fake/fake_1339.jpg,0,0,True,0.9994561076164246,0.0005439314409159124
/content/Dataset/Test/Fake/fake_134.jpg,0,0,True,0.8601648211479187,0.1398351788520813
/content/Dataset/Test/Fake/fake_1340.jpg,0,0,True,0.9285882115364075,0.07141180336475372
/content/Dataset/Test/Fake/fake_1341.jpg,0,0,True,0.9999501705169678,4.983248436474241e-05
/content/Dataset/Test/Fake/fake_1342.jpg,0,0,True,0.9998959302902222,0.0001040736970026046
/content/Dataset/Test/Fake/fake_1343.jpg,0,0,True,0.9951266050338745,0.004873426165431738
/content/Dataset/Test/Fake/fake_1344.jpg,0,0,True,0.9997339844703674,0.0002660272875800729
/content/Dataset/Test/Fake/fake_1345.jpg,0,0,True,0.9712989926338196,0.02870108373463154
/content/Dataset/Test/Fake/fake_1346.jpg,0,0,True,0.9773669838905334,0.02263304963707924
/content/Dataset/Test/Fake/fake_1347.jpg,0,0,True,0.9996976852416992,0.0003023163881152868
/content/Dataset/Test/Fake/fake_1348.jpg,0,0,True,0.9999502897262573,4.965582775184885e-05
/content/Dataset/Test/Fake/fake_1349.jpg,0,0,True,0.9998854398727417,0.00011455216736067086
/content/Dataset/Test/Fake/fake_135.jpg,0,0,True,0.999932050704956,6.800195114919916e-05
/content/Dataset/Test/Fake/fake_1350.jpg,0,1,False,0.00911248754709959,0.9908875226974487
/content/Dataset/Test/Fake/fake_1351.jpg,0,0,True,0.9999678134918213,3.221198858227581e-05
/content/Dataset/Test/Fake/fake_1352.jpg,0,0,True,0.9828649759292603,0.01713501289486885
/content/Dataset/Test/Fake/fake_1353.jpg,0,0,True,0.9560255408287048,0.04397444799542427
/content/Dataset/Test/Fake/fake_1354.jpg,0,0,True,0.9517002701759338,0.04829965904355049
/content/Dataset/Test/Fake/fake_1355.jpg,0,0,True,0.976111888885498,0.02388807199895382
/content/Dataset/Test/Fake/fake_1356.jpg,0,0,True,0.985345721244812,0.01465430948883295
/content/Dataset/Test/Fake/fake_1357.jpg,0,0,True,0.9500041604042053,0.04999585449695587
/content/Dataset/Test/Fake/fake_1358.jpg,0,0,True,0.8970221877098083,0.10297776758670807
/content/Dataset/Test/Fake/fake_1359.jpg,0,0,True,0.9999136924743652,8.624398469692096e-05
/content/Dataset/Test/Fake/fake_136.jpg,0,0,True,0.9983785152435303,0.001621468923985958
/content/Dataset/Test/Fake/fake_1360.jpg,0,0,True,0.9999589920043945,4.106453707208857e-05
/content/Dataset/Test/Fake/fake_1361.jpg,0,0,True,0.978496789932251,0.021503157913684845
/content/Dataset/Test/Fake/fake_1362.jpg,0,0,True,0.9950407147407532,0.004959298297762871
/content/Dataset/Test/Fake/fake_1363.jpg,0,1,False,0.18433678150177002,0.8156632781028748
/content/Dataset/Test/Fake/fake_1364.jpg,0,0,True,0.9992685914039612,0.000731389329303056
/content/Dataset/Test/Fake/fake_1365.jpg,0,0,True,0.9999420642852783,5.794504249934107e-05
/content/Dataset/Test/Fake/fake_1366.jpg,0,0,True,0.9800215363502502,0.019978417083621025
/content/Dataset/Test/Fake/fake_1367.jpg,0,1,False,0.008363194763660431,0.9916368126869202
/content/Dataset/Test/Fake/fake_1368.jpg,0,0,True,0.9998966455459595,0.00010334543912904337
/content/Dataset/Test/Fake/fake_1369.jpg,0,0,True,0.9999336004257202,6.63676401018165e-05
/content/Dataset/Test/Fake/fake_137.jpg,0,0,True,0.9754752516746521,0.02452472783625126
/content/Dataset/Test/Fake/fake_1370.jpg,0,0,True,0.9998410940170288,0.0001588543236721307
/content/Dataset/Test/Fake/fake_1371.jpg,0,0,True,0.9999270439147949,7.299856952158734e-05
/content/Dataset/Test/Fake/fake_1372.jpg,0,0,True,0.9999605417251587,3.947581717511639e-05
/content/Dataset/Test/Fake/fake_1373.jpg,0,0,True,0.9999521970748901,4.7808134695515037e-05
/content/Dataset/Test/Fake/fake_1374.jpg,0,0,True,0.9999628067016602,3.723954796441831e-05
/content/Dataset/Test/Fake/fake_1375.jpg,0,0,True,0.9999558925628662,4.4073545723222196e-05
/content/Dataset/Test/Fake/fake_1376.jpg,0,0,True,0.8058362603187561,0.19416376948356628
/content/Dataset/Test/Fake/fake_1377.jpg,0,0,True,0.688105583190918,0.31189441680908203
/content/Dataset/Test/Fake/fake_1378.jpg,0,0,True,0.9907904863357544,0.009209509938955307
/content/Dataset/Test/Fake/fake_1379.jpg,0,0,True,0.9908919930458069,0.009107976220548153
/content/Dataset/Test/Fake/fake_138.jpg,0,0,True,0.9978131055831909,0.0021869202610105276
/content/Dataset/Test/Fake/fake_1380.jpg,0,0,True,0.999524712562561,0.0004753341490868479
/content/Dataset/Test/Fake/fake_1381.jpg,0,0,True,0.9999266862869263,7.336558337556198e-05
/content/Dataset/Test/Fake/fake_1382.jpg,0,0,True,0.9999189376831055,8.111532224575058e-05
/content/Dataset/Test/Fake/fake_1383.jpg,0,0,True,0.9062800407409668,0.09371992945671082
/content/Dataset/Test/Fake/fake_1384.jpg,0,0,True,0.999845027923584,0.00015498606080655009
/content/Dataset/Test/Fake/fake_1385.jpg,0,0,True,0.9999524354934692,4.75319211545866e-05
/content/Dataset/Test/Fake/fake_1386.jpg,0,0,True,0.9998708963394165,0.00012910865189041942
/content/Dataset/Test/Fake/fake_1387.jpg,0,0,True,0.9999512434005737,4.874887963524088e-05
/content/Dataset/Test/Fake/fake_1388.jpg,0,0,True,0.9999439716339111,5.6022752687567845e-05
/content/Dataset/Test/Fake/fake_1389.jpg,0,0,True,0.7624558210372925,0.2375442087650299
/content/Dataset/Test/Fake/fake_139.jpg,0,0,True,0.9998997449874878,0.00010025618394138291
/content/Dataset/Test/Fake/fake_1390.jpg,0,0,True,0.5282281637191772,0.471771776676178
/content/Dataset/Test/Fake/fake_1391.jpg,0,0,True,0.9997000694274902,0.0002999158459715545
/content/Dataset/Test/Fake/fake_1392.jpg,0,0,True,0.9995476603507996,0.0004523126408457756
/content/Dataset/Test/Fake/fake_1393.jpg,0,0,True,0.9998929500579834,0.0001069802456186153
/content/Dataset/Test/Fake/fake_1394.jpg,0,0,True,0.9994157552719116,0.0005842457758262753
/content/Dataset/Test/Fake/fake_1395.jpg,0,0,True,0.9996970891952515,0.00030295553733594716
/content/Dataset/Test/Fake/fake_1396.jpg,0,0,True,0.9428365230560303,0.05716348811984062
/content/Dataset/Test/Fake/fake_1397.jpg,0,0,True,0.9975530505180359,0.0024469387717545033
/content/Dataset/Test/Fake/fake_1398.jpg,0,0,True,0.994818389415741,0.005181629676371813
/content/Dataset/Test/Fake/fake_1399.jpg,0,0,True,0.9963829517364502,0.003617073642089963
/content/Dataset/Test/Fake/fake_14.jpg,0,0,True,0.9988412261009216,0.0011588147608563304
/content/Dataset/Test/Fake/fake_140.jpg,0,0,True,0.8575451374053955,0.1424548178911209
/content/Dataset/Test/Fake/fake_1400.jpg,0,0,True,0.9998615980148315,0.0001383317430736497
/content/Dataset/Test/Fake/fake_1401.jpg,0,0,True,0.9999362230300903,6.375966768246144e-05
/content/Dataset/Test/Fake/fake_1402.jpg,0,0,True,0.9996685981750488,0.0003313894849270582
/content/Dataset/Test/Fake/fake_1403.jpg,0,0,True,0.999320387840271,0.0006796764209866524
/content/Dataset/Test/Fake/fake_1404.jpg,0,0,True,0.9998593330383301,0.00014062512491364032
/content/Dataset/Test/Fake/fake_1405.jpg,0,0,True,0.9999604225158691,3.957422813982703e-05
/content/Dataset/Test/Fake/fake_1406.jpg,0,0,True,0.9999120235443115,8.792154403636232e-05
/content/Dataset/Test/Fake/fake_1407.jpg,0,0,True,0.9999599456787109,4.010130214737728e-05
/content/Dataset/Test/Fake/fake_1408.jpg,0,1,False,0.40798211097717285,0.5920178890228271
/content/Dataset/Test/Fake/fake_1409.jpg,0,0,True,0.9889718890190125,0.011028044857084751
/content/Dataset/Test/Fake/fake_141.jpg,0,0,True,0.9999535083770752,4.643001011572778e-05
/content/Dataset/Test/Fake/fake_1410.jpg,0,0,True,0.9999308586120605,6.914279947523028e-05
/content/Dataset/Test/Fake/fake_1411.jpg,0,0,True,0.999301552772522,0.0006984476349316537
/content/Dataset/Test/Fake/fake_1412.jpg,0,0,True,0.999870777130127,0.00012918155698571354
/content/Dataset/Test/Fake/fake_1413.jpg,0,0,True,0.9899505376815796,0.010049541480839252
/content/Dataset/Test/Fake/fake_1414.jpg,0,0,True,0.8335328698158264,0.16646713018417358
/content/Dataset/Test/Fake/fake_1415.jpg,0,0,True,0.9996464252471924,0.0003535636351443827
/content/Dataset/Test/Fake/fake_1416.jpg,0,0,True,0.9944889545440674,0.005511030089110136
/content/Dataset/Test/Fake/fake_1417.jpg,0,0,True,0.9999288320541382,7.119584188330919e-05
/content/Dataset/Test/Fake/fake_1418.jpg,0,0,True,0.9939915537834167,0.006008368916809559
/content/Dataset/Test/Fake/fake_1419.jpg,0,0,True,0.9983643889427185,0.0016356458654627204
/content/Dataset/Test/Fake/fake_142.jpg,0,1,False,0.4159984588623047,0.5840016007423401
/content/Dataset/Test/Fake/fake_1420.jpg,0,0,True,0.999957799911499,4.2227155063301325e-05
/content/Dataset/Test/Fake/fake_1421.jpg,0,0,True,0.9999582767486572,4.177085429546423e-05
/content/Dataset/Test/Fake/fake_1422.jpg,0,0,True,0.9999374151229858,6.259208748815581e-05
/content/Dataset/Test/Fake/fake_1423.jpg,0,0,True,0.9999631643295288,3.6854286008747295e-05
/content/Dataset/Test/Fake/fake_1424.jpg,0,0,True,0.9831691980361938,0.01683085411787033
/content/Dataset/Test/Fake/fake_1425.jpg,0,0,True,0.874120831489563,0.1258792132139206
/content/Dataset/Test/Fake/fake_1426.jpg,0,0,True,0.9994625449180603,0.0005375012406148016
/content/Dataset/Test/Fake/fake_1427.jpg,0,0,True,0.9998685121536255,0.00013152576866559684
/content/Dataset/Test/Fake/fake_1428.jpg,0,0,True,0.6551982760429382,0.3448016941547394
/content/Dataset/Test/Fake/fake_1429.jpg,0,0,True,0.9987986087799072,0.0012013509403914213
/content/Dataset/Test/Fake/fake_143.jpg,0,0,True,0.9999368190765381,6.318929081317037e-05
/content/Dataset/Test/Fake/fake_1430.jpg,0,0,True,0.9995682835578918,0.0004316808481235057
/content/Dataset/Test/Fake/fake_1431.jpg,0,0,True,0.9999685287475586,3.145490336464718e-05
/content/Dataset/Test/Fake/fake_1432.jpg,0,0,True,0.9999502897262573,4.976628770236857e-05
/content/Dataset/Test/Fake/fake_1433.jpg,0,0,True,0.6480168700218201,0.3519831895828247
/content/Dataset/Test/Fake/fake_1434.jpg,0,0,True,0.9986371397972107,0.001362803508527577
/content/Dataset/Test/Fake/fake_1435.jpg,0,0,True,0.9733415842056274,0.02665840834379196
/content/Dataset/Test/Fake/fake_1436.jpg,0,0,True,0.9999598264694214,4.014254955109209e-05
/content/Dataset/Test/Fake/fake_1437.jpg,0,1,False,0.0029332360718399286,0.9970667958259583
/content/Dataset/Test/Fake/fake_1438.jpg,0,0,True,0.9732819199562073,0.026718053966760635
/content/Dataset/Test/Fake/fake_1439.jpg,0,0,True,0.8201696276664734,0.1798303872346878
/content/Dataset/Test/Fake/fake_144.jpg,0,0,True,0.9999724626541138,2.7594629500526935e-05
/content/Dataset/Test/Fake/fake_1440.jpg,0,0,True,0.9990357160568237,0.0009642939548939466
/content/Dataset/Test/Fake/fake_1441.jpg,0,0,True,0.9996888637542725,0.000311143696308136
/content/Dataset/Test/Fake/fake_1442.jpg,0,0,True,0.8653028011322021,0.13469722867012024
/content/Dataset/Test/Fake/fake_1443.jpg,0,0,True,0.9997876286506653,0.00021241938520688564
/content/Dataset/Test/Fake/fake_1444.jpg,0,0,True,0.9999475479125977,5.24543174833525e-05
/content/Dataset/Test/Fake/fake_1445.jpg,0,1,False,0.0028153478633612394,0.9971845746040344
/content/Dataset/Test/Fake/fake_1446.jpg,0,0,True,0.9998555183410645,0.00014447640569414943
/content/Dataset/Test/Fake/fake_1447.jpg,0,1,False,0.3379059433937073,0.6620940566062927
/content/Dataset/Test/Fake/fake_1448.jpg,0,0,True,0.9892091155052185,0.010790897533297539
/content/Dataset/Test/Fake/fake_1449.jpg,0,0,True,0.99898761510849,0.0010123563697561622
/content/Dataset/Test/Fake/fake_145.jpg,0,1,False,0.42768874764442444,0.572311282157898
/content/Dataset/Test/Fake/fake_1450.jpg,0,0,True,0.9999233484268188,7.663717406103387e-05
/content/Dataset/Test/Fake/fake_1451.jpg,0,0,True,0.999967098236084,3.293813642812893e-05
/content/Dataset/Test/Fake/fake_1452.jpg,0,0,True,0.9999545812606812,4.539271685644053e-05
/content/Dataset/Test/Fake/fake_1453.jpg,0,0,True,0.9714865684509277,0.02851339988410473
/content/Dataset/Test/Fake/fake_1454.jpg,0,1,False,0.028458312153816223,0.971541702747345
/content/Dataset/Test/Fake/fake_1455.jpg,0,0,True,0.9960834980010986,0.0039164531044662
/content/Dataset/Test/Fake/fake_1456.jpg,0,0,True,0.9999359846115112,6.396293611032888e-05
/content/Dataset/Test/Fake/fake_1457.jpg,0,0,True,0.9361982941627502,0.06380169093608856
/content/Dataset/Test/Fake/fake_1458.jpg,0,0,True,0.9540295004844666,0.04597051814198494
/content/Dataset/Test/Fake/fake_1459.jpg,0,0,True,0.9999524354934692,4.751089363708161e-05
/content/Dataset/Test/Fake/fake_146.jpg,0,0,True,0.8975080847740173,0.10249194502830505
/content/Dataset/Test/Fake/fake_1460.jpg,0,0,True,0.9999388456344604,6.113552080933005e-05
/content/Dataset/Test/Fake/fake_1461.jpg,0,0,True,0.9999175071716309,8.254437852883711e-05
/content/Dataset/Test/Fake/fake_1462.jpg,0,0,True,0.999030351638794,0.0009696364286355674
/content/Dataset/Test/Fake/fake_1463.jpg,0,0,True,0.9988906979560852,0.0011092731729149818
/content/Dataset/Test/Fake/fake_1464.jpg,0,0,True,0.9997716546058655,0.0002283622743561864
/content/Dataset/Test/Fake/fake_1465.jpg,0,0,True,0.999962329864502,3.7671998143196106e-05
/content/Dataset/Test/Fake/fake_1466.jpg,0,0,True,0.9999148845672607,8.508029713993892e-05
/content/Dataset/Test/Fake/fake_1467.jpg,0,0,True,0.9999552965164185,4.47173515567556e-05
/content/Dataset/Test/Fake/fake_1468.jpg,0,0,True,0.9899687170982361,0.010031245648860931
/content/Dataset/Test/Fake/fake_1469.jpg,0,0,True,0.9945711493492126,0.005428824573755264
/content/Dataset/Test/Fake/fake_147.jpg,0,0,True,0.9212397336959839,0.0787603110074997
/content/Dataset/Test/Fake/fake_1470.jpg,0,0,True,0.9979581832885742,0.002041835570707917
/content/Dataset/Test/Fake/fake_1471.jpg,0,0,True,0.9996252059936523,0.00037482313928194344
/content/Dataset/Test/Fake/fake_1472.jpg,0,0,True,0.9999542236328125,4.577822255669162e-05
/content/Dataset/Test/Fake/fake_1473.jpg,0,0,True,0.9906283020973206,0.009371699765324593
/content/Dataset/Test/Fake/fake_1474.jpg,0,0,True,0.9999077320098877,9.221443178830668e-05
/content/Dataset/Test/Fake/fake_1475.jpg,0,0,True,0.9914084076881409,0.008591576479375362
/content/Dataset/Test/Fake/fake_1476.jpg,0,0,True,0.9999525547027588,4.73964937555138e-05
/content/Dataset/Test/Fake/fake_1477.jpg,0,0,True,0.999961256980896,3.87826694350224e-05
/content/Dataset/Test/Fake/fake_1478.jpg,0,0,True,0.9999330043792725,6.696721538901329e-05
/content/Dataset/Test/Fake/fake_1479.jpg,0,1,False,0.1492549479007721,0.8507450222969055
/content/Dataset/Test/Fake/fake_148.jpg,0,0,True,0.9997212290763855,0.00027869921177625656
/content/Dataset/Test/Fake/fake_1480.jpg,0,0,True,0.9999240636825562,7.59365429985337e-05
/content/Dataset/Test/Fake/fake_1481.jpg,0,1,False,0.19499671459197998,0.8050033450126648
/content/Dataset/Test/Fake/fake_1482.jpg,0,0,True,0.9999639987945557,3.598582770791836e-05
/content/Dataset/Test/Fake/fake_1483.jpg,0,0,True,0.9994163513183594,0.0005837128846906126
/content/Dataset/Test/Fake/fake_1484.jpg,0,0,True,0.9999278783798218,7.213882054202259e-05
/content/Dataset/Test/Fake/fake_1485.jpg,0,0,True,0.999618411064148,0.00038151367334648967
/content/Dataset/Test/Fake/fake_1486.jpg,0,0,True,0.8312515020370483,0.16874851286411285
/content/Dataset/Test/Fake/fake_1487.jpg,0,0,True,0.9998964071273804,0.00010358677536714822
/content/Dataset/Test/Fake/fake_1488.jpg,0,0,True,0.9234763383865356,0.07652369141578674
/content/Dataset/Test/Fake/fake_1489.jpg,0,0,True,0.9999539852142334,4.6064757043495774e-05
/content/Dataset/Test/Fake/fake_149.jpg,0,0,True,0.999956488609314,4.3525087676243857e-05
/content/Dataset/Test/Fake/fake_1490.jpg,0,0,True,0.9999585151672363,4.1509563743602484e-05
/content/Dataset/Test/Fake/fake_1491.jpg,0,0,True,0.9994974136352539,0.0005025162827223539
/content/Dataset/Test/Fake/fake_1492.jpg,0,0,True,0.9999616146087646,3.8358532037818804e-05
/content/Dataset/Test/Fake/fake_1493.jpg,0,0,True,0.8496667742729187,0.1503332257270813
/content/Dataset/Test/Fake/fake_1494.jpg,0,0,True,0.9999655485153198,3.449804717092775e-05
/content/Dataset/Test/Fake/fake_1495.jpg,0,0,True,0.9986982345581055,0.0013017638120800257
/content/Dataset/Test/Fake/fake_1496.jpg,0,0,True,0.9981762170791626,0.0018238010816276073
/content/Dataset/Test/Fake/fake_1497.jpg,0,0,True,0.999950647354126,4.934701064485125e-05
/content/Dataset/Test/Fake/fake_1498.jpg,0,1,False,0.004335007164627314,0.9956650137901306
/content/Dataset/Test/Fake/fake_1499.jpg,0,0,True,0.9857867956161499,0.014213141985237598
/content/Dataset/Test/Fake/fake_15.jpg,0,0,True,0.9998490810394287,0.00015092361718416214
/content/Dataset/Test/Fake/fake_150.jpg,0,0,True,0.9999624490737915,3.753454438992776e-05
/content/Dataset/Test/Fake/fake_1500.jpg,0,0,True,0.9713321328163147,0.028667861595749855
/content/Dataset/Test/Fake/fake_1501.jpg,0,0,True,0.9997672438621521,0.00023270944075193256
/content/Dataset/Test/Fake/fake_1502.jpg,0,0,True,0.9988634586334229,0.0011365088867023587
/content/Dataset/Test/Fake/fake_1503.jpg,0,0,True,0.9861493110656738,0.013850727118551731
/content/Dataset/Test/Fake/fake_1504.jpg,0,1,False,0.34062039852142334,0.6593796014785767
/content/Dataset/Test/Fake/fake_1505.jpg,0,0,True,0.9984853863716125,0.0015146436635404825
/content/Dataset/Test/Fake/fake_1506.jpg,0,0,True,0.989029049873352,0.010971011593937874
/content/Dataset/Test/Fake/fake_1507.jpg,0,0,True,0.9925737380981445,0.007426199968904257
/content/Dataset/Test/Fake/fake_1508.jpg,0,0,True,0.9999393224716187,6.068941729608923e-05
/content/Dataset/Test/Fake/fake_1509.jpg,0,0,True,0.9998482465744019,0.00015168737445492297
/content/Dataset/Test/Fake/fake_151.jpg,0,1,False,0.26132529973983765,0.7386747002601624
/content/Dataset/Test/Fake/fake_1510.jpg,0,0,True,0.999832034111023,0.00016799697186797857
/content/Dataset/Test/Fake/fake_1511.jpg,0,0,True,0.9999550580978394,4.4922595407115296e-05
/content/Dataset/Test/Fake/fake_1512.jpg,0,0,True,0.9998741149902344,0.0001258973788935691
/content/Dataset/Test/Fake/fake_1513.jpg,0,0,True,0.9572856426239014,0.042714398354291916
/content/Dataset/Test/Fake/fake_1514.jpg,0,0,True,0.8485877513885498,0.15141230821609497
/content/Dataset/Test/Fake/fake_1515.jpg,0,0,True,0.9993398785591125,0.000660063000395894
/content/Dataset/Test/Fake/fake_1516.jpg,0,1,False,0.3552025258541107,0.6447975039482117
/content/Dataset/Test/Fake/fake_1517.jpg,0,0,True,0.9998824596405029,0.00011753571743611246
/content/Dataset/Test/Fake/fake_1518.jpg,0,0,True,0.9997547268867493,0.0002452742774039507
/content/Dataset/Test/Fake/fake_1519.jpg,0,0,True,0.9995717406272888,0.00042823556577786803
/content/Dataset/Test/Fake/fake_152.jpg,0,0,True,0.9996504783630371,0.0003494885459076613
/content/Dataset/Test/Fake/fake_1520.jpg,0,0,True,0.9927012920379639,0.007298724260181189
/content/Dataset/Test/Fake/fake_1521.jpg,0,0,True,0.9999562501907349,4.375143544166349e-05
/content/Dataset/Test/Fake/fake_1522.jpg,0,0,True,0.9999605417251587,3.942317925975658e-05
/content/Dataset/Test/Fake/fake_1523.jpg,0,0,True,0.9998260140419006,0.00017401207878720015
/content/Dataset/Test/Fake/fake_1524.jpg,0,0,True,0.9964067339897156,0.0035932750906795263
/content/Dataset/Test/Fake/fake_1525.jpg,0,0,True,0.8331708908081055,0.16682903468608856
/content/Dataset/Test/Fake/fake_1526.jpg,0,0,True,0.9868735671043396,0.01312644686549902
/content/Dataset/Test/Fake/fake_1527.jpg,0,0,True,0.9999591112136841,4.0867249481379986e-05
/content/Dataset/Test/Fake/fake_1528.jpg,0,1,False,0.04614957794547081,0.9538504481315613
/content/Dataset/Test/Fake/fake_1529.jpg,0,0,True,0.9777957797050476,0.022204188629984856
/content/Dataset/Test/Fake/fake_153.jpg,0,0,True,0.9571557641029358,0.04284420982003212
/content/Dataset/Test/Fake/fake_1530.jpg,0,0,True,0.9668883085250854,0.03311172500252724
/content/Dataset/Test/Fake/fake_1531.jpg,0,0,True,0.9979625940322876,0.0020374737214297056
/content/Dataset/Test/Fake/fake_1532.jpg,0,0,True,0.9999327659606934,6.720058445353061e-05
/content/Dataset/Test/Fake/fake_1533.jpg,0,0,True,0.9999697208404541,3.022114105988294e-05
/content/Dataset/Test/Fake/fake_1534.jpg,0,0,True,0.9998613595962524,0.00013865028449799865
/content/Dataset/Test/Fake/fake_1535.jpg,0,1,False,0.433586984872818,0.5664130449295044
/content/Dataset/Test/Fake/fake_1536.jpg,0,0,True,0.9999624490737915,3.760157778742723e-05
/content/Dataset/Test/Fake/fake_1537.jpg,0,0,True,0.9999558925628662,4.414745490066707e-05
/content/Dataset/Test/Fake/fake_1538.jpg,0,0,True,0.9998811483383179,0.00011888225708389655
/content/Dataset/Test/Fake/fake_1539.jpg,0,0,True,0.9977959394454956,0.0022040808107703924
/content/Dataset/Test/Fake/fake_154.jpg,0,1,False,0.06292996555566788,0.9370700716972351
/content/Dataset/Test/Fake/fake_1540.jpg,0,0,True,0.9780494570732117,0.02195056900382042
/content/Dataset/Test/Fake/fake_1541.jpg,0,0,True,0.9999514818191528,4.850486948271282e-05
/content/Dataset/Test/Fake/fake_1542.jpg,0,0,True,0.999963641166687,3.637570989667438e-05
/content/Dataset/Test/Fake/fake_1543.jpg,0,0,True,0.9999372959136963,6.273711187532172e-05
/content/Dataset/Test/Fake/fake_1544.jpg,0,0,True,0.9938648343086243,0.006135192699730396
/content/Dataset/Test/Fake/fake_1545.jpg,0,0,True,0.9999510049819946,4.9000471335602924e-05
/content/Dataset/Test/Fake/fake_1546.jpg,0,0,True,0.9987289309501648,0.0012711187591776252
/content/Dataset/Test/Fake/fake_1547.jpg,0,0,True,0.999947190284729,5.277326999930665e-05
/content/Dataset/Test/Fake/fake_1548.jpg,0,0,True,0.9999308586120605,6.914160621818155e-05
/content/Dataset/Test/Fake/fake_1549.jpg,0,0,True,0.874968409538269,0.12503165006637573
/content/Dataset/Test/Fake/fake_155.jpg,0,0,True,0.999933123588562,6.682610546704382e-05
/content/Dataset/Test/Fake/fake_1550.jpg,0,0,True,0.997140645980835,0.002859428757801652
/content/Dataset/Test/Fake/fake_1551.jpg,0,0,True,0.9998030066490173,0.00019706005696207285
/content/Dataset/Test/Fake/fake_1552.jpg,0,0,True,0.7709218263626099,0.22907812893390656
/content/Dataset/Test/Fake/fake_1553.jpg,0,0,True,0.9460424780845642,0.05395754426717758
/content/Dataset/Test/Fake/fake_1554.jpg,0,0,True,0.9994292855262756,0.0005707436939701438
/content/Dataset/Test/Fake/fake_1555.jpg,0,0,True,0.9988799691200256,0.0011200690641999245
/content/Dataset/Test/Fake/fake_1556.jpg,0,0,True,0.9563626646995544,0.04363732784986496
/content/Dataset/Test/Fake/fake_1557.jpg,0,0,True,0.9999512434005737,4.8754318413557485e-05
/content/Dataset/Test/Fake/fake_1558.jpg,0,0,True,0.9997226595878601,0.0002773400046862662
/content/Dataset/Test/Fake/fake_1559.jpg,0,0,True,0.9999563694000244,4.363089465186931e-05
/content/Dataset/Test/Fake/fake_156.jpg,0,0,True,0.9995713829994202,0.0004285877803340554
/content/Dataset/Test/Fake/fake_1560.jpg,0,0,True,0.9990099668502808,0.0009899587603285909
/content/Dataset/Test/Fake/fake_1561.jpg,0,0,True,0.7919222712516785,0.20807765424251556
/content/Dataset/Test/Fake/fake_1562.jpg,0,0,True,0.9998072981834412,0.0001927200792124495
/content/Dataset/Test/Fake/fake_1563.jpg,0,0,True,0.9597854018211365,0.040214601904153824
/content/Dataset/Test/Fake/fake_1564.jpg,0,0,True,0.9985557198524475,0.001444299821741879
/content/Dataset/Test/Fake/fake_1565.jpg,0,0,True,0.999947190284729,5.2822109864791855e-05
/content/Dataset/Test/Fake/fake_1566.jpg,0,0,True,0.9149256348609924,0.08507436513900757
/content/Dataset/Test/Fake/fake_1567.jpg,0,0,True,0.9999417066574097,5.824242180096917e-05
/content/Dataset/Test/Fake/fake_1568.jpg,0,1,False,0.13634778559207916,0.8636521697044373
/content/Dataset/Test/Fake/fake_1569.jpg,0,0,True,0.9755081534385681,0.024491898715496063
/content/Dataset/Test/Fake/fake_157.jpg,0,0,True,0.9921437501907349,0.007856305688619614
/content/Dataset/Test/Fake/fake_1570.jpg,0,0,True,0.9998049139976501,0.00019507652905303985
/content/Dataset/Test/Fake/fake_1571.jpg,0,1,False,0.28927499055862427,0.7107250094413757
/content/Dataset/Test/Fake/fake_1572.jpg,0,0,True,0.9990676045417786,0.0009324139100499451
/content/Dataset/Test/Fake/fake_1573.jpg,0,0,True,0.9998444318771362,0.000155556364916265
/content/Dataset/Test/Fake/fake_1574.jpg,0,0,True,0.9991401433944702,0.0008598463609814644
/content/Dataset/Test/Fake/fake_1575.jpg,0,0,True,0.9991043210029602,0.0008956437814049423
/content/Dataset/Test/Fake/fake_1576.jpg,0,0,True,0.9897432923316956,0.010256702080368996
/content/Dataset/Test/Fake/fake_1577.jpg,0,0,True,0.9996486902236938,0.0003512691182550043
/content/Dataset/Test/Fake/fake_1578.jpg,0,0,True,0.9995377063751221,0.0004622771230060607
/content/Dataset/Test/Fake/fake_1579.jpg,0,0,True,0.9998784065246582,0.00012159509788034484
/content/Dataset/Test/Fake/fake_158.jpg,0,0,True,0.9998965263366699,0.00010351766104577109
/content/Dataset/Test/Fake/fake_1580.jpg,0,0,True,0.9998996257781982,0.00010031728015746921
/content/Dataset/Test/Fake/fake_1581.jpg,0,0,True,0.9987830519676208,0.0012169929686933756
/content/Dataset/Test/Fake/fake_1582.jpg,0,0,True,0.999963641166687,3.6378278309712186e-05
/content/Dataset/Test/Fake/fake_1583.jpg,0,0,True,0.9999697208404541,3.0268385671661235e-05
/content/Dataset/Test/Fake/fake_1584.jpg,0,0,True,0.9981749057769775,0.0018251514993607998
/content/Dataset/Test/Fake/fake_1585.jpg,0,0,True,0.9976736903190613,0.0023263487964868546
/content/Dataset/Test/Fake/fake_1586.jpg,0,0,True,0.7348862886428833,0.2651137411594391
/content/Dataset/Test/Fake/fake_1587.jpg,0,0,True,0.9788894653320312,0.02111048623919487
/content/Dataset/Test/Fake/fake_1588.jpg,0,0,True,0.998551070690155,0.0014489291934296489
/content/Dataset/Test/Fake/fake_1589.jpg,0,0,True,0.7145136594772339,0.2854863405227661
/content/Dataset/Test/Fake/fake_159.jpg,0,0,True,0.6583943963050842,0.3416055738925934
/content/Dataset/Test/Fake/fake_1590.jpg,0,0,True,0.9940357208251953,0.005964211188256741
/content/Dataset/Test/Fake/fake_1591.jpg,0,0,True,0.9999644756317139,3.554601426003501e-05
/content/Dataset/Test/Fake/fake_1592.jpg,0,0,True,0.9992918968200684,0.0007080261711962521
/content/Dataset/Test/Fake/fake_1593.jpg,0,0,True,0.9482234120368958,0.05177655816078186
/content/Dataset/Test/Fake/fake_1594.jpg,0,0,True,0.9996412992477417,0.00035867985570803285
/content/Dataset/Test/Fake/fake_1595.jpg,0,0,True,0.9998364448547363,0.0001635570079088211
/content/Dataset/Test/Fake/fake_1596.jpg,0,0,True,0.9999306201934814,6.933823897270486e-05
/content/Dataset/Test/Fake/fake_1597.jpg,0,0,True,0.999931812286377,6.816197856096551e-05
/content/Dataset/Test/Fake/fake_1598.jpg,0,0,True,0.9633779525756836,0.036622047424316406
/content/Dataset/Test/Fake/fake_1599.jpg,0,0,True,0.9998397827148438,0.00016023415082599968
/content/Dataset/Test/Fake/fake_16.jpg,0,0,True,0.9995194673538208,0.0004805518838111311
/content/Dataset/Test/Fake/fake_160.jpg,0,0,True,0.9999762773513794,2.3700968085904606e-05
/content/Dataset/Test/Fake/fake_1600.jpg,0,0,True,0.9999046325683594,9.532405965728685e-05
/content/Dataset/Test/Fake/fake_1601.jpg,0,0,True,0.984481930732727,0.01551810186356306
/content/Dataset/Test/Fake/fake_1602.jpg,0,0,True,0.9870856404304504,0.012914387509226799
/content/Dataset/Test/Fake/fake_1603.jpg,0,0,True,0.9988130331039429,0.0011869927402585745
/content/Dataset/Test/Fake/fake_1604.jpg,0,0,True,0.9999315738677979,6.846809992566705e-05
/content/Dataset/Test/Fake/fake_1605.jpg,0,0,True,0.9999613761901855,3.8583792047575116e-05
/content/Dataset/Test/Fake/fake_1606.jpg,0,0,True,0.9998196959495544,0.0001802789483917877
/content/Dataset/Test/Fake/fake_1607.jpg,0,1,False,0.19552800059318542,0.804472029209137
/content/Dataset/Test/Fake/fake_1608.jpg,0,0,True,0.9999374151229858,6.254846812225878e-05
/content/Dataset/Test/Fake/fake_1609.jpg,0,0,True,0.9997503161430359,0.0002497139503248036
/content/Dataset/Test/Fake/fake_161.jpg,0,0,True,0.9999129772186279,8.698967576492578e-05
/content/Dataset/Test/Fake/fake_1610.jpg,0,0,True,0.926240086555481,0.07375996559858322
/content/Dataset/Test/Fake/fake_1611.jpg,0,1,False,0.1608080118894577,0.8391920328140259
/content/Dataset/Test/Fake/fake_1612.jpg,0,0,True,0.9190977811813354,0.08090220391750336
/content/Dataset/Test/Fake/fake_1613.jpg,0,0,True,0.9999037981033325,9.623796358937398e-05
/content/Dataset/Test/Fake/fake_1614.jpg,0,0,True,0.999947190284729,5.275112926028669e-05
/content/Dataset/Test/Fake/fake_1615.jpg,0,0,True,0.99953293800354,0.0004670367925427854
/content/Dataset/Test/Fake/fake_1616.jpg,0,0,True,0.9999372959136963,6.270344601944089e-05
/content/Dataset/Test/Fake/fake_1617.jpg,0,0,True,0.8716632127761841,0.12833674252033234
/content/Dataset/Test/Fake/fake_1618.jpg,0,0,True,0.9678134322166443,0.03218662738800049
/content/Dataset/Test/Fake/fake_1619.jpg,0,1,False,0.4090258479118347,0.5909741520881653
/content/Dataset/Test/Fake/fake_162.jpg,0,0,True,0.7917762398719788,0.20822373032569885
/content/Dataset/Test/Fake/fake_1620.jpg,0,0,True,0.9988201260566711,0.0011798195773735642
/content/Dataset/Test/Fake/fake_1621.jpg,0,1,False,0.025688841938972473,0.9743111729621887
/content/Dataset/Test/Fake/fake_1622.jpg,0,1,False,0.04318949207663536,0.956810474395752
/content/Dataset/Test/Fake/fake_1623.jpg,0,0,True,0.9925298094749451,0.007470118813216686
/content/Dataset/Test/Fake/fake_1624.jpg,0,0,True,0.9999488592147827,5.109474659548141e-05
/content/Dataset/Test/Fake/fake_1625.jpg,0,0,True,0.9996873140335083,0.00031274851062335074
/content/Dataset/Test/Fake/fake_1626.jpg,0,0,True,0.9996490478515625,0.0003509701928123832
/content/Dataset/Test/Fake/fake_1627.jpg,0,0,True,0.6308690905570984,0.3691308796405792
/content/Dataset/Test/Fake/fake_1628.jpg,0,0,True,0.9512869119644165,0.04871303588151932
/content/Dataset/Test/Fake/fake_1629.jpg,0,0,True,0.9906920790672302,0.009307924658060074
/content/Dataset/Test/Fake/fake_163.jpg,0,1,False,0.05301786586642265,0.9469820857048035
/content/Dataset/Test/Fake/fake_1630.jpg,0,0,True,0.9148855209350586,0.08511447161436081
/content/Dataset/Test/Fake/fake_1631.jpg,0,0,True,0.9634920358657837,0.0365079902112484
/content/Dataset/Test/Fake/fake_1632.jpg,0,0,True,0.990330696105957,0.00966931227594614
/content/Dataset/Test/Fake/fake_1633.jpg,0,0,True,0.9999147653579712,8.517551032127813e-05
/content/Dataset/Test/Fake/fake_1634.jpg,0,0,True,0.9997761845588684,0.00022380566224455833
/content/Dataset/Test/Fake/fake_1635.jpg,0,1,False,0.1519109010696411,0.8480890989303589
/content/Dataset/Test/Fake/fake_1636.jpg,0,0,True,0.9995866417884827,0.0004133186303079128
/content/Dataset/Test/Fake/fake_1637.jpg,0,0,True,0.8418883085250854,0.15811166167259216
/content/Dataset/Test/Fake/fake_1638.jpg,0,1,False,0.054433226585388184,0.9455667734146118
/content/Dataset/Test/Fake/fake_1639.jpg,0,0,True,0.9973801970481873,0.002619742415845394
/content/Dataset/Test/Fake/fake_164.jpg,0,0,True,0.9868915677070618,0.013108465820550919
/content/Dataset/Test/Fake/fake_1640.jpg,0,0,True,0.9995194673538208,0.0004805841890629381
/content/Dataset/Test/Fake/fake_1641.jpg,0,1,False,0.08994831144809723,0.910051703453064
/content/Dataset/Test/Fake/fake_1642.jpg,0,0,True,0.8816850185394287,0.11831493675708771
/content/Dataset/Test/Fake/fake_1643.jpg,0,0,True,0.9999622106552124,3.773434218601324e-05
/content/Dataset/Test/Fake/fake_1644.jpg,0,0,True,0.9139527082443237,0.08604732900857925
/content/Dataset/Test/Fake/fake_1645.jpg,0,0,True,0.9991917014122009,0.0008083548163995147
/content/Dataset/Test/Fake/fake_1646.jpg,0,0,True,0.9983281493186951,0.0016718361293897033
/content/Dataset/Test/Fake/fake_1647.jpg,0,0,True,0.911455512046814,0.08854452520608902
/content/Dataset/Test/Fake/fake_1648.jpg,0,1,False,0.23799216747283936,0.7620078325271606
/content/Dataset/Test/Fake/fake_1649.jpg,0,0,True,0.6794198751449585,0.3205801248550415
/content/Dataset/Test/Fake/fake_165.jpg,0,0,True,0.9941773414611816,0.00582268089056015
/content/Dataset/Test/Fake/fake_1650.jpg,0,1,False,0.22129210829734802,0.7787078619003296
/content/Dataset/Test/Fake/fake_1651.jpg,0,0,True,0.9959396123886108,0.004060457926243544
/content/Dataset/Test/Fake/fake_1652.jpg,0,0,True,0.9986763596534729,0.0013236564118415117
/content/Dataset/Test/Fake/fake_1653.jpg,0,0,True,0.9998774528503418,0.00012253265595063567
/content/Dataset/Test/Fake/fake_1654.jpg,0,0,True,0.8827571272850037,0.11724286526441574
/content/Dataset/Test/Fake/fake_1655.jpg,0,0,True,0.9996347427368164,0.00036518729757517576
/content/Dataset/Test/Fake/fake_1656.jpg,0,0,True,0.9995631575584412,0.00043677882058545947
/content/Dataset/Test/Fake/fake_1657.jpg,0,0,True,0.9830416440963745,0.016958292573690414
/content/Dataset/Test/Fake/fake_1658.jpg,0,0,True,0.9998809099197388,0.00011905899009434506
/content/Dataset/Test/Fake/fake_1659.jpg,0,0,True,0.9999276399612427,7.23643897799775e-05
/content/Dataset/Test/Fake/fake_166.jpg,0,0,True,0.9551065564155579,0.04489349573850632
/content/Dataset/Test/Fake/fake_1660.jpg,0,0,True,0.9998956918716431,0.00010435633885208517
/content/Dataset/Test/Fake/fake_1661.jpg,0,0,True,0.9999438524246216,5.608983337879181e-05
/content/Dataset/Test/Fake/fake_1662.jpg,0,0,True,0.9970517158508301,0.0029482406098395586
/content/Dataset/Test/Fake/fake_1663.jpg,0,0,True,0.9957505464553833,0.004249451216310263
/content/Dataset/Test/Fake/fake_1664.jpg,0,0,True,0.9647022485733032,0.035297732800245285
/content/Dataset/Test/Fake/fake_1665.jpg,0,0,True,0.9995424747467041,0.0004575165221467614
/content/Dataset/Test/Fake/fake_1666.jpg,0,0,True,0.9996294975280762,0.0003704392001964152
/content/Dataset/Test/Fake/fake_1667.jpg,0,0,True,0.9483715295791626,0.0516284704208374
/content/Dataset/Test/Fake/fake_1668.jpg,0,1,False,0.3648800253868103,0.6351199746131897
/content/Dataset/Test/Fake/fake_1669.jpg,0,0,True,0.8319818377494812,0.16801820695400238
/content/Dataset/Test/Fake/fake_167.jpg,0,1,False,0.02628704160451889,0.9737129211425781
/content/Dataset/Test/Fake/fake_1670.jpg,0,0,True,0.7708266377449036,0.22917337715625763
/content/Dataset/Test/Fake/fake_1671.jpg,0,0,True,0.999945878982544,5.413639155449346e-05
/content/Dataset/Test/Fake/fake_1672.jpg,0,0,True,0.9999185800552368,8.137548138620332e-05
/content/Dataset/Test/Fake/fake_1673.jpg,0,0,True,0.9999668598175049,3.311198088340461e-05
/content/Dataset/Test/Fake/fake_1674.jpg,0,0,True,0.9999654293060303,3.4623455576365814e-05
/content/Dataset/Test/Fake/fake_1675.jpg,0,0,True,0.9230618476867676,0.07693810015916824
/content/Dataset/Test/Fake/fake_1676.jpg,0,0,True,0.9999526739120483,4.729959982796572e-05
/content/Dataset/Test/Fake/fake_1677.jpg,0,0,True,0.9969112277030945,0.0030888153705745935
/content/Dataset/Test/Fake/fake_1678.jpg,0,0,True,0.9974881410598755,0.002511866157874465
/content/Dataset/Test/Fake/fake_1679.jpg,0,0,True,0.9999654293060303,3.453026874922216e-05
/content/Dataset/Test/Fake/fake_168.jpg,0,1,False,0.11453040689229965,0.8854696154594421
/content/Dataset/Test/Fake/fake_1680.jpg,0,0,True,0.999961256980896,3.8706519262632355e-05
/content/Dataset/Test/Fake/fake_1681.jpg,0,0,True,0.8917766809463501,0.1082233339548111
/content/Dataset/Test/Fake/fake_1682.jpg,0,1,False,0.24141088128089905,0.7585890889167786
/content/Dataset/Test/Fake/fake_1683.jpg,0,0,True,0.6619898080825806,0.33801016211509705
/content/Dataset/Test/Fake/fake_1684.jpg,0,0,True,0.9998544454574585,0.00014559176634065807
/content/Dataset/Test/Fake/fake_1685.jpg,0,0,True,0.5734105706214905,0.42658939957618713
/content/Dataset/Test/Fake/fake_1686.jpg,0,1,False,0.19241967797279358,0.807580292224884
/content/Dataset/Test/Fake/fake_1687.jpg,0,0,True,0.998891294002533,0.0011087761959061027
/content/Dataset/Test/Fake/fake_1688.jpg,0,0,True,0.9997767806053162,0.00022325282043311745
/content/Dataset/Test/Fake/fake_1689.jpg,0,0,True,0.999913215637207,8.672554395161569e-05
/content/Dataset/Test/Fake/fake_169.jpg,0,0,True,0.9998989105224609,0.00010104876855621114
/content/Dataset/Test/Fake/fake_1690.jpg,0,0,True,0.7577543258666992,0.24224568903446198
/content/Dataset/Test/Fake/fake_1691.jpg,0,0,True,0.9975205063819885,0.0024794372729957104
/content/Dataset/Test/Fake/fake_1692.jpg,0,0,True,0.9988929629325867,0.0011071027256548405
/content/Dataset/Test/Fake/fake_1693.jpg,0,0,True,0.9995477795600891,0.0004522020753938705
/content/Dataset/Test/Fake/fake_1694.jpg,0,0,True,0.9716686606407166,0.02833135798573494
/content/Dataset/Test/Fake/fake_1695.jpg,0,0,True,0.999147891998291,0.000852153345476836
/content/Dataset/Test/Fake/fake_1696.jpg,0,0,True,0.9989590644836426,0.0010409530950710177
/content/Dataset/Test/Fake/fake_1697.jpg,0,1,False,0.30132365226745605,0.698676347732544
/content/Dataset/Test/Fake/fake_1698.jpg,0,0,True,0.9999116659164429,8.837225323077291e-05
/content/Dataset/Test/Fake/fake_1699.jpg,0,0,True,0.9999556541442871,4.439476833795197e-05
/content/Dataset/Test/Fake/fake_17.jpg,0,0,True,0.9999599456787109,4.006969174952246e-05
/content/Dataset/Test/Fake/fake_170.jpg,0,0,True,0.9995177984237671,0.00048224511556327343
/content/Dataset/Test/Fake/fake_1700.jpg,0,0,True,0.9999573230743408,4.271193756721914e-05
/content/Dataset/Test/Fake/fake_1701.jpg,0,0,True,0.9383911490440369,0.06160881370306015
/content/Dataset/Test/Fake/fake_1702.jpg,0,0,True,0.5793043971061707,0.42069560289382935
/content/Dataset/Test/Fake/fake_1703.jpg,0,0,True,0.99334716796875,0.006652868818491697
/content/Dataset/Test/Fake/fake_1704.jpg,0,0,True,0.9999618530273438,3.817861943389289e-05
/content/Dataset/Test/Fake/fake_1705.jpg,0,0,True,0.9954073429107666,0.00459266034886241
/content/Dataset/Test/Fake/fake_1706.jpg,0,0,True,0.9997681975364685,0.00023186388716567308
/content/Dataset/Test/Fake/fake_1707.jpg,0,0,True,0.9970455765724182,0.002954453695565462
/content/Dataset/Test/Fake/fake_1708.jpg,0,0,True,0.9999724626541138,2.748980296018999e-05
/content/Dataset/Test/Fake/fake_1709.jpg,0,0,True,0.9990617632865906,0.0009382770513184369
/content/Dataset/Test/Fake/fake_171.jpg,0,0,True,0.9966620206832886,0.0033380554523319006
/content/Dataset/Test/Fake/fake_1710.jpg,0,0,True,0.9998084902763367,0.00019158580107614398
/content/Dataset/Test/Fake/fake_1711.jpg,0,0,True,0.9995347261428833,0.0004652498464565724
/content/Dataset/Test/Fake/fake_1712.jpg,0,0,True,0.9998506307601929,0.0001493626768933609
/content/Dataset/Test/Fake/fake_1713.jpg,0,0,True,0.9990482926368713,0.0009516575373709202
/content/Dataset/Test/Fake/fake_1714.jpg,0,1,False,0.011152350343763828,0.9888476133346558
/content/Dataset/Test/Fake/fake_1715.jpg,0,0,True,0.9999650716781616,3.4888144000433385e-05
/content/Dataset/Test/Fake/fake_1716.jpg,0,0,True,0.999923825263977,7.618663221364841e-05
/content/Dataset/Test/Fake/fake_1717.jpg,0,0,True,0.9999406337738037,5.939340917393565e-05
/content/Dataset/Test/Fake/fake_1718.jpg,0,0,True,0.9999598264694214,4.018222898594104e-05
/content/Dataset/Test/Fake/fake_1719.jpg,0,0,True,0.9998076558113098,0.00019241750123910606
/content/Dataset/Test/Fake/fake_172.jpg,0,0,True,0.99981290102005,0.00018706628179643303
/content/Dataset/Test/Fake/fake_1720.jpg,0,0,True,0.9998297691345215,0.000170239363797009
/content/Dataset/Test/Fake/fake_1721.jpg,0,0,True,0.9999551773071289,4.4799471652368084e-05
/content/Dataset/Test/Fake/fake_1722.jpg,0,0,True,0.998350977897644,0.001648999284952879
/content/Dataset/Test/Fake/fake_1723.jpg,0,0,True,0.9999504089355469,4.964517938788049e-05
/content/Dataset/Test/Fake/fake_1724.jpg,0,0,True,0.9998728036880493,0.0001271753862965852
/content/Dataset/Test/Fake/fake_1725.jpg,0,1,False,0.04417826607823372,0.9558217525482178
/content/Dataset/Test/Fake/fake_1726.jpg,0,0,True,0.9915415644645691,0.00845847837626934
/content/Dataset/Test/Fake/fake_1727.jpg,0,0,True,0.6545407772064209,0.3454591929912567
/content/Dataset/Test/Fake/fake_1728.jpg,0,0,True,0.9994694590568542,0.0005305882077664137
/content/Dataset/Test/Fake/fake_1729.jpg,0,0,True,0.999072790145874,0.0009272409952245653
/content/Dataset/Test/Fake/fake_173.jpg,0,1,False,0.4719865024089813,0.5280135273933411
/content/Dataset/Test/Fake/fake_1730.jpg,0,0,True,0.9999465942382812,5.33973470737692e-05
/content/Dataset/Test/Fake/fake_1731.jpg,0,0,True,0.9999547004699707,4.5292788854567334e-05
/content/Dataset/Test/Fake/fake_1732.jpg,0,0,True,0.9959179759025574,0.004082092549651861
/content/Dataset/Test/Fake/fake_1733.jpg,0,0,True,0.9998761415481567,0.0001238910626852885
/content/Dataset/Test/Fake/fake_1734.jpg,0,0,True,0.9999650716781616,3.4958084142999724e-05
/content/Dataset/Test/Fake/fake_1735.jpg,0,0,True,0.980050265789032,0.01994970254600048
/content/Dataset/Test/Fake/fake_1736.jpg,0,0,True,0.999924898147583,7.5118376116734e-05
/content/Dataset/Test/Fake/fake_1737.jpg,0,0,True,0.9998481273651123,0.00015183888899628073
/content/Dataset/Test/Fake/fake_1738.jpg,0,0,True,0.9997679591178894,0.00023207066988106817
/content/Dataset/Test/Fake/fake_1739.jpg,0,0,True,0.9986028075218201,0.0013971758307889104
/content/Dataset/Test/Fake/fake_174.jpg,0,0,True,0.9981983304023743,0.0018017406109720469
/content/Dataset/Test/Fake/fake_1740.jpg,0,0,True,0.9999324083328247,6.757574010407552e-05
/content/Dataset/Test/Fake/fake_1741.jpg,0,0,True,0.9999614953994751,3.8501384551636875e-05
/content/Dataset/Test/Fake/fake_1742.jpg,0,0,True,0.9999667406082153,3.331574043841101e-05
/content/Dataset/Test/Fake/fake_1743.jpg,0,0,True,0.947715163230896,0.05228487029671669
/content/Dataset/Test/Fake/fake_1744.jpg,0,0,True,0.9999580383300781,4.192740743746981e-05
/content/Dataset/Test/Fake/fake_1745.jpg,0,0,True,0.918448805809021,0.08155117928981781
/content/Dataset/Test/Fake/fake_1746.jpg,0,0,True,0.9934305548667908,0.00656939996406436
/content/Dataset/Test/Fake/fake_1747.jpg,0,0,True,0.9999369382858276,6.309217133093625e-05
/content/Dataset/Test/Fake/fake_1748.jpg,0,0,True,0.9990617632865906,0.0009382407297380269
/content/Dataset/Test/Fake/fake_1749.jpg,0,0,True,0.9985061287879944,0.001493874122388661
/content/Dataset/Test/Fake/fake_175.jpg,0,0,True,0.9894822835922241,0.010517756454646587
/content/Dataset/Test/Fake/fake_1750.jpg,0,0,True,0.9999368190765381,6.316850340226665e-05
/content/Dataset/Test/Fake/fake_1751.jpg,0,0,True,0.9996194839477539,0.0003804847365245223
/content/Dataset/Test/Fake/fake_1752.jpg,0,0,True,0.9984801411628723,0.0015198939945548773
/content/Dataset/Test/Fake/fake_1753.jpg,0,0,True,0.9998571872711182,0.00014284206554293633
/content/Dataset/Test/Fake/fake_1754.jpg,0,0,True,0.9999244213104248,7.559393998235464e-05
/content/Dataset/Test/Fake/fake_1755.jpg,0,0,True,0.9840033650398254,0.015996690839529037
/content/Dataset/Test/Fake/fake_1756.jpg,0,0,True,0.9980119466781616,0.0019880447071045637
/content/Dataset/Test/Fake/fake_1757.jpg,0,0,True,0.9999656677246094,3.430364085943438e-05
/content/Dataset/Test/Fake/fake_1758.jpg,0,0,True,0.9984297156333923,0.00157030182890594
/content/Dataset/Test/Fake/fake_1759.jpg,0,0,True,0.9999401569366455,5.985869574942626e-05
/content/Dataset/Test/Fake/fake_176.jpg,0,0,True,0.999030590057373,0.000969449058175087
/content/Dataset/Test/Fake/fake_1760.jpg,0,0,True,0.9999265670776367,7.344545156229287e-05
/content/Dataset/Test/Fake/fake_1761.jpg,0,0,True,0.9999390840530396,6.088145528337918e-05
/content/Dataset/Test/Fake/fake_1762.jpg,0,0,True,0.9999148845672607,8.510983025189489e-05
/content/Dataset/Test/Fake/fake_1763.jpg,0,0,True,0.8314376473426819,0.16856233775615692
/content/Dataset/Test/Fake/fake_1764.jpg,0,0,True,0.9998356103897095,0.00016433236305601895
/content/Dataset/Test/Fake/fake_1765.jpg,0,0,True,0.9447219967842102,0.05527794361114502
/content/Dataset/Test/Fake/fake_1766.jpg,0,0,True,0.9947581887245178,0.005241837352514267
/content/Dataset/Test/Fake/fake_1767.jpg,0,0,True,0.9058755040168762,0.09412450343370438
/content/Dataset/Test/Fake/fake_1768.jpg,0,0,True,0.9934664368629456,0.006533548701554537
/content/Dataset/Test/Fake/fake_1769.jpg,0,1,False,0.27387675642967224,0.7261232137680054
/content/Dataset/Test/Fake/fake_177.jpg,0,0,True,0.9999388456344604,6.119805766502395e-05
/content/Dataset/Test/Fake/fake_1770.jpg,0,0,True,0.9991704225540161,0.0008295670268125832
/content/Dataset/Test/Fake/fake_1771.jpg,0,0,True,0.9299668669700623,0.07003314793109894
/content/Dataset/Test/Fake/fake_1772.jpg,0,1,False,0.17396898567676544,0.8260310292243958
/content/Dataset/Test/Fake/fake_1773.jpg,0,0,True,0.9998553991317749,0.00014456143253482878
/content/Dataset/Test/Fake/fake_1774.jpg,0,0,True,0.9997931122779846,0.0002068450557999313
/content/Dataset/Test/Fake/fake_1775.jpg,0,0,True,0.9998887777328491,0.00011126600293209776
/content/Dataset/Test/Fake/fake_1776.jpg,0,0,True,0.9999507665634155,4.92228391522076e-05
/content/Dataset/Test/Fake/fake_1777.jpg,0,0,True,0.9999227523803711,7.724342867732048e-05
/content/Dataset/Test/Fake/fake_1778.jpg,0,0,True,0.9999483823776245,5.1606522902147844e-05
/content/Dataset/Test/Fake/fake_1779.jpg,0,1,False,0.003746134229004383,0.9962538480758667
/content/Dataset/Test/Fake/fake_178.jpg,0,0,True,0.9999350309371948,6.502407632069662e-05
/content/Dataset/Test/Fake/fake_1780.jpg,0,0,True,0.9993903636932373,0.000609586073551327
/content/Dataset/Test/Fake/fake_1781.jpg,0,0,True,0.9990968704223633,0.0009031809167936444
/content/Dataset/Test/Fake/fake_1782.jpg,0,1,False,0.18123000860214233,0.8187699913978577
/content/Dataset/Test/Fake/fake_1783.jpg,0,0,True,0.8345113396644592,0.16548871994018555
/content/Dataset/Test/Fake/fake_1784.jpg,0,1,False,0.1331021934747696,0.8668978214263916
/content/Dataset/Test/Fake/fake_1785.jpg,0,0,True,0.9999551773071289,4.483315206016414e-05
/content/Dataset/Test/Fake/fake_1786.jpg,0,0,True,0.9997125267982483,0.0002874555648304522
/content/Dataset/Test/Fake/fake_1787.jpg,0,0,True,0.9997373223304749,0.0002626243804115802
/content/Dataset/Test/Fake/fake_1788.jpg,0,0,True,0.9999619722366333,3.803151776082814e-05
/content/Dataset/Test/Fake/fake_1789.jpg,0,0,True,0.9999394416809082,6.057441351003945e-05
/content/Dataset/Test/Fake/fake_179.jpg,0,1,False,0.04776754975318909,0.9522324800491333
/content/Dataset/Test/Fake/fake_1790.jpg,0,0,True,0.8337945938110352,0.16620545089244843
/content/Dataset/Test/Fake/fake_1791.jpg,0,0,True,0.9982252717018127,0.001774780685082078
/content/Dataset/Test/Fake/fake_1792.jpg,0,0,True,0.9999567270278931,4.324292967794463e-05
/content/Dataset/Test/Fake/fake_1793.jpg,0,0,True,0.9999616146087646,3.839674172922969e-05
/content/Dataset/Test/Fake/fake_1794.jpg,0,0,True,0.9999709129333496,2.9115521101630293e-05
/content/Dataset/Test/Fake/fake_1795.jpg,0,0,True,0.9996771812438965,0.0003227751003578305
/content/Dataset/Test/Fake/fake_1796.jpg,0,0,True,0.9999313354492188,6.862255395390093e-05
/content/Dataset/Test/Fake/fake_1797.jpg,0,0,True,0.9985756874084473,0.0014243217883631587
/content/Dataset/Test/Fake/fake_1798.jpg,0,0,True,0.999808132648468,0.0001918894558912143
/content/Dataset/Test/Fake/fake_1799.jpg,0,0,True,0.99991774559021,8.221012831199914e-05
/content/Dataset/Test/Fake/fake_18.jpg,0,0,True,0.9990273714065552,0.0009726138669066131
/content/Dataset/Test/Fake/fake_180.jpg,0,1,False,0.0010478491894900799,0.9989521503448486
/content/Dataset/Test/Fake/fake_1800.jpg,0,1,False,0.1617436558008194,0.8382563591003418
/content/Dataset/Test/Fake/fake_1801.jpg,0,0,True,0.9992802739143372,0.0007197514642030001
/content/Dataset/Test/Fake/fake_1802.jpg,0,0,True,0.9999251365661621,7.48037637094967e-05
/content/Dataset/Test/Fake/fake_1803.jpg,0,0,True,0.9841398000717163,0.015860211104154587
/content/Dataset/Test/Fake/fake_1804.jpg,0,0,True,0.9993290901184082,0.0006709176814183593
/content/Dataset/Test/Fake/fake_1805.jpg,0,0,True,0.9948005676269531,0.005199416074901819
/content/Dataset/Test/Fake/fake_1806.jpg,0,0,True,0.9814116358757019,0.018588364124298096
/content/Dataset/Test/Fake/fake_1807.jpg,0,0,True,0.99969482421875,0.0003052325046155602
/content/Dataset/Test/Fake/fake_1808.jpg,0,1,False,0.06997361034154892,0.9300263524055481
/content/Dataset/Test/Fake/fake_1809.jpg,0,0,True,0.9555044770240784,0.04449547082185745
/content/Dataset/Test/Fake/fake_181.jpg,0,0,True,0.9993197917938232,0.000680233002640307
/content/Dataset/Test/Fake/fake_1810.jpg,0,0,True,0.9999363422393799,6.36913682683371e-05
/content/Dataset/Test/Fake/fake_1811.jpg,0,0,True,0.9999027252197266,9.72269699559547e-05
/content/Dataset/Test/Fake/fake_1812.jpg,0,1,False,0.13299256563186646,0.8670074343681335
/content/Dataset/Test/Fake/fake_1813.jpg,0,0,True,0.9995030164718628,0.0004969199071638286
/content/Dataset/Test/Fake/fake_1814.jpg,0,0,True,0.9655119180679321,0.03448810055851936
/content/Dataset/Test/Fake/fake_1815.jpg,0,0,True,0.9999234676361084,7.650507905054837e-05
/content/Dataset/Test/Fake/fake_1816.jpg,0,0,True,0.9999477863311768,5.215161218075082e-05
/content/Dataset/Test/Fake/fake_1817.jpg,0,0,True,0.9991856217384338,0.0008143302402459085
/content/Dataset/Test/Fake/fake_1818.jpg,0,0,True,0.5764016509056091,0.42359837889671326
/content/Dataset/Test/Fake/fake_1819.jpg,0,0,True,0.9999500513076782,4.99135312566068e-05
/content/Dataset/Test/Fake/fake_182.jpg,0,0,True,0.9999476671218872,5.231848263065331e-05
/content/Dataset/Test/Fake/fake_1820.jpg,0,0,True,0.9999479055404663,5.205521665629931e-05
/content/Dataset/Test/Fake/fake_1821.jpg,0,0,True,0.9999606609344482,3.935061613447033e-05
/content/Dataset/Test/Fake/fake_1822.jpg,0,0,True,0.9968411922454834,0.0031588058918714523
/content/Dataset/Test/Fake/fake_1823.jpg,0,0,True,0.9999246597290039,7.530857692472637e-05
/content/Dataset/Test/Fake/fake_1824.jpg,0,0,True,0.9999408721923828,5.909353058086708e-05
/content/Dataset/Test/Fake/fake_1825.jpg,0,0,True,0.9999467134475708,5.328432598616928e-05
/content/Dataset/Test/Fake/fake_1826.jpg,0,1,False,0.05582815781235695,0.9441718459129333
/content/Dataset/Test/Fake/fake_1827.jpg,0,1,False,0.021969132125377655,0.9780308604240417
/content/Dataset/Test/Fake/fake_1828.jpg,0,0,True,0.9998518228530884,0.0001481995132053271
/content/Dataset/Test/Fake/fake_1829.jpg,0,0,True,0.9999212026596069,7.880180783104151e-05
/content/Dataset/Test/Fake/fake_183.jpg,0,0,True,0.9996777772903442,0.00032222847221419215
/content/Dataset/Test/Fake/fake_1830.jpg,0,0,True,0.9998636245727539,0.00013635346840601414
/content/Dataset/Test/Fake/fake_1831.jpg,0,0,True,0.9834883809089661,0.016511667519807816
/content/Dataset/Test/Fake/fake_1832.jpg,0,0,True,0.9999452829360962,5.467263326863758e-05
/content/Dataset/Test/Fake/fake_1833.jpg,0,1,False,0.1442781239748001,0.8557218313217163
/content/Dataset/Test/Fake/fake_1834.jpg,0,0,True,0.9998983144760132,0.00010164465493289754
/content/Dataset/Test/Fake/fake_1835.jpg,0,0,True,0.9998296499252319,0.0001703526941128075
/content/Dataset/Test/Fake/fake_1836.jpg,0,0,True,0.9977658987045288,0.0022341073490679264
/content/Dataset/Test/Fake/fake_1837.jpg,0,0,True,0.5539122819900513,0.4460877478122711
/content/Dataset/Test/Fake/fake_1838.jpg,0,0,True,0.7728736400604248,0.22712640464305878
/content/Dataset/Test/Fake/fake_1839.jpg,0,0,True,0.9173719882965088,0.0826280489563942
/content/Dataset/Test/Fake/fake_184.jpg,0,0,True,0.9999109506607056,8.908568997867405e-05
/content/Dataset/Test/Fake/fake_1840.jpg,0,0,True,0.999904990196228,9.499621228314936e-05
/content/Dataset/Test/Fake/fake_1841.jpg,0,1,False,0.008278402499854565,0.9917215704917908
/content/Dataset/Test/Fake/fake_1842.jpg,0,0,True,0.9997647404670715,0.00023531302576884627
/content/Dataset/Test/Fake/fake_1843.jpg,0,0,True,0.9987737536430359,0.001226233085617423
/content/Dataset/Test/Fake/fake_1844.jpg,0,0,True,0.9893400073051453,0.010660042054951191
/content/Dataset/Test/Fake/fake_1845.jpg,0,0,True,0.9999423027038574,5.769840208813548e-05
/content/Dataset/Test/Fake/fake_1846.jpg,0,0,True,0.9997857213020325,0.00021432421635836363
/content/Dataset/Test/Fake/fake_1847.jpg,0,0,True,0.92828768491745,0.07171231508255005
/content/Dataset/Test/Fake/fake_1848.jpg,0,0,True,0.9970293045043945,0.0029706426430493593
/content/Dataset/Test/Fake/fake_1849.jpg,0,0,True,0.9899539947509766,0.010046007111668587
/content/Dataset/Test/Fake/fake_185.jpg,0,0,True,0.9999220371246338,7.793209078954533e-05
/content/Dataset/Test/Fake/fake_1850.jpg,0,0,True,0.9998987913131714,0.00010123317770194262
/content/Dataset/Test/Fake/fake_1851.jpg,0,0,True,0.9999557733535767,4.4171956687932834e-05
/content/Dataset/Test/Fake/fake_1852.jpg,0,0,True,0.9999347925186157,6.517417932627723e-05
/content/Dataset/Test/Fake/fake_1853.jpg,0,0,True,0.9999641180038452,3.590657433960587e-05
/content/Dataset/Test/Fake/fake_1854.jpg,0,0,True,0.9999372959136963,6.264755211304873e-05
/content/Dataset/Test/Fake/fake_1855.jpg,0,0,True,0.9996798038482666,0.0003202020889148116
/content/Dataset/Test/Fake/fake_1856.jpg,0,0,True,0.999948263168335,5.1786864787572995e-05
/content/Dataset/Test/Fake/fake_1857.jpg,0,0,True,0.9998185038566589,0.00018153800920117646
/content/Dataset/Test/Fake/fake_1858.jpg,0,0,True,0.9998093247413635,0.00019065839296672493
/content/Dataset/Test/Fake/fake_1859.jpg,0,0,True,0.9998550415039062,0.00014492496848106384
/content/Dataset/Test/Fake/fake_186.jpg,0,0,True,0.5691382884979248,0.4308617413043976
/content/Dataset/Test/Fake/fake_1860.jpg,0,0,True,0.999882698059082,0.00011734679719666019
/content/Dataset/Test/Fake/fake_1861.jpg,0,0,True,0.9993160963058472,0.0006839637062512338
/content/Dataset/Test/Fake/fake_1862.jpg,0,0,True,0.9967857599258423,0.0032142160926014185
/content/Dataset/Test/Fake/fake_1863.jpg,0,0,True,0.9999523162841797,4.7645557060604915e-05
/content/Dataset/Test/Fake/fake_1864.jpg,0,0,True,0.9966527819633484,0.0033472084905952215
/content/Dataset/Test/Fake/fake_1865.jpg,0,0,True,0.9470712542533875,0.05292873457074165
/content/Dataset/Test/Fake/fake_1866.jpg,0,0,True,0.9997549653053284,0.0002450566680636257
/content/Dataset/Test/Fake/fake_1867.jpg,0,0,True,0.8695580959320068,0.13044191896915436
/content/Dataset/Test/Fake/fake_1868.jpg,0,0,True,0.9999575614929199,4.238958717905916e-05
/content/Dataset/Test/Fake/fake_1869.jpg,0,0,True,0.9987492561340332,0.0012506779748946428
/content/Dataset/Test/Fake/fake_187.jpg,0,0,True,0.9997954964637756,0.00020456717174965888
/content/Dataset/Test/Fake/fake_1870.jpg,0,0,True,0.9987367987632751,0.0012632255675271153
/content/Dataset/Test/Fake/fake_1871.jpg,0,0,True,0.9999691247940063,3.087274671997875e-05
/content/Dataset/Test/Fake/fake_1872.jpg,0,0,True,0.5872619152069092,0.4127381145954132
/content/Dataset/Test/Fake/fake_1873.jpg,0,0,True,0.9442329406738281,0.05576704442501068
/content/Dataset/Test/Fake/fake_1874.jpg,0,0,True,0.6374500393867493,0.3625499904155731
/content/Dataset/Test/Fake/fake_1875.jpg,0,0,True,0.9999536275863647,4.636178709915839e-05
/content/Dataset/Test/Fake/fake_1876.jpg,0,0,True,0.9998725652694702,0.0001274159731110558
/content/Dataset/Test/Fake/fake_1877.jpg,0,0,True,0.93064284324646,0.06935720145702362
/content/Dataset/Test/Fake/fake_1878.jpg,0,0,True,0.999954104423523,4.5861721446271986e-05
/content/Dataset/Test/Fake/fake_1879.jpg,0,0,True,0.9992594122886658,0.000740614312235266
/content/Dataset/Test/Fake/fake_188.jpg,0,0,True,0.999454915523529,0.0005450877360999584
/content/Dataset/Test/Fake/fake_1880.jpg,0,0,True,0.9999511241912842,4.89169942738954e-05
/content/Dataset/Test/Fake/fake_1881.jpg,0,0,True,0.9987291693687439,0.0012707954738289118
/content/Dataset/Test/Fake/fake_1882.jpg,0,0,True,0.7797464728355408,0.22025345265865326
/content/Dataset/Test/Fake/fake_1883.jpg,0,0,True,0.9990862607955933,0.000913778378162533
/content/Dataset/Test/Fake/fake_1884.jpg,0,0,True,0.9455612301826477,0.05443879961967468
/content/Dataset/Test/Fake/fake_1885.jpg,0,0,True,0.9990154504776001,0.000984474434517324
/content/Dataset/Test/Fake/fake_1886.jpg,0,0,True,0.9996218681335449,0.0003781509294640273
/content/Dataset/Test/Fake/fake_1887.jpg,0,1,False,0.2025148570537567,0.7974851131439209
/content/Dataset/Test/Fake/fake_1888.jpg,0,0,True,0.9998898506164551,0.00011013629409717396
/content/Dataset/Test/Fake/fake_1889.jpg,0,0,True,0.9366801977157593,0.0633198618888855
/content/Dataset/Test/Fake/fake_189.jpg,0,0,True,0.9957329630851746,0.004267020616680384
/content/Dataset/Test/Fake/fake_1890.jpg,0,0,True,0.9997151494026184,0.0002848634612746537
/content/Dataset/Test/Fake/fake_1891.jpg,0,0,True,0.999161958694458,0.000838010513689369
/content/Dataset/Test/Fake/fake_1892.jpg,0,0,True,0.9999517202377319,4.83158728457056e-05
/content/Dataset/Test/Fake/fake_1893.jpg,0,0,True,0.9999687671661377,3.124788781860843e-05
/content/Dataset/Test/Fake/fake_1894.jpg,0,0,True,0.9996708631515503,0.00032914578332565725
/content/Dataset/Test/Fake/fake_1895.jpg,0,0,True,0.9973378777503967,0.002662098500877619
/content/Dataset/Test/Fake/fake_1896.jpg,0,0,True,0.9602283835411072,0.03977157920598984
/content/Dataset/Test/Fake/fake_1897.jpg,0,0,True,0.9999198913574219,8.011244790395722e-05
/content/Dataset/Test/Fake/fake_1898.jpg,0,0,True,0.9976111650466919,0.002388822380453348
/content/Dataset/Test/Fake/fake_1899.jpg,0,0,True,0.8671420216560364,0.13285794854164124
/content/Dataset/Test/Fake/fake_19.jpg,0,0,True,0.9999134540557861,8.647934737382457e-05
/content/Dataset/Test/Fake/fake_190.jpg,0,0,True,0.9999029636383057,9.696790220914409e-05
/content/Dataset/Test/Fake/fake_1900.jpg,0,0,True,0.9999202489852905,7.972787716425955e-05
/content/Dataset/Test/Fake/fake_1901.jpg,0,0,True,0.9998268485069275,0.00017313983698841184
/content/Dataset/Test/Fake/fake_1902.jpg,0,0,True,0.7488381266593933,0.2511619031429291
/content/Dataset/Test/Fake/fake_1903.jpg,0,1,False,0.16486091911792755,0.8351390957832336
/content/Dataset/Test/Fake/fake_1904.jpg,0,0,True,0.9999394416809082,6.0566151660168543e-05
/content/Dataset/Test/Fake/fake_1905.jpg,0,0,True,0.9999616146087646,3.842817386612296e-05
/content/Dataset/Test/Fake/fake_1906.jpg,0,0,True,0.9962161183357239,0.00378387700766325
/content/Dataset/Test/Fake/fake_1907.jpg,0,0,True,0.9986796975135803,0.0013202449772506952
/content/Dataset/Test/Fake/fake_1908.jpg,0,0,True,0.9966517090797424,0.00334827764891088
/content/Dataset/Test/Fake/fake_1909.jpg,0,0,True,0.9999562501907349,4.376767174107954e-05
/content/Dataset/Test/Fake/fake_191.jpg,0,0,True,0.9264246821403503,0.07357534021139145
/content/Dataset/Test/Fake/fake_1910.jpg,0,0,True,0.9997608065605164,0.0002392060705460608
/content/Dataset/Test/Fake/fake_1911.jpg,0,0,True,0.8057120442390442,0.1942879855632782
/content/Dataset/Test/Fake/fake_1912.jpg,0,0,True,0.9999409914016724,5.896597576793283e-05
/content/Dataset/Test/Fake/fake_1913.jpg,0,0,True,0.9962259531021118,0.0037740953266620636
/content/Dataset/Test/Fake/fake_1914.jpg,0,0,True,0.9998363256454468,0.00016365059127565473
/content/Dataset/Test/Fake/fake_1915.jpg,0,0,True,0.9996669292449951,0.000333061208948493
/content/Dataset/Test/Fake/fake_1916.jpg,0,0,True,0.9548251628875732,0.04517487436532974
/content/Dataset/Test/Fake/fake_1917.jpg,0,0,True,0.9998452663421631,0.0001547002320876345
/content/Dataset/Test/Fake/fake_1918.jpg,0,0,True,0.9999672174453735,3.282994293840602e-05
/content/Dataset/Test/Fake/fake_1919.jpg,0,0,True,0.982269287109375,0.01773075945675373
/content/Dataset/Test/Fake/fake_192.jpg,0,0,True,0.9762707948684692,0.023729151114821434
/content/Dataset/Test/Fake/fake_1920.jpg,0,0,True,0.9342840909957886,0.06571593135595322
/content/Dataset/Test/Fake/fake_1921.jpg,0,0,True,0.9061664938926697,0.0938335433602333
/content/Dataset/Test/Fake/fake_1922.jpg,0,0,True,0.6499412059783936,0.35005879402160645
/content/Dataset/Test/Fake/fake_1923.jpg,0,0,True,0.9999167919158936,8.32395744509995e-05
/content/Dataset/Test/Fake/fake_1924.jpg,0,0,True,0.9999419450759888,5.8078534493688494e-05
/content/Dataset/Test/Fake/fake_1925.jpg,0,0,True,0.9791246056556702,0.02087538316845894
/content/Dataset/Test/Fake/fake_1926.jpg,0,0,True,0.9999037981033325,9.62361300480552e-05
/content/Dataset/Test/Fake/fake_1927.jpg,0,0,True,0.8951327800750732,0.10486726462841034
/content/Dataset/Test/Fake/fake_1928.jpg,0,0,True,0.9999057054519653,9.430512000108138e-05
/content/Dataset/Test/Fake/fake_1929.jpg,0,0,True,0.9067342281341553,0.09326574951410294
/content/Dataset/Test/Fake/fake_193.jpg,0,1,False,0.10065485537052155,0.8993451595306396
/content/Dataset/Test/Fake/fake_1930.jpg,0,0,True,0.9984503984451294,0.0015495658153668046
/content/Dataset/Test/Fake/fake_1931.jpg,0,0,True,0.9970346689224243,0.0029653299134224653
/content/Dataset/Test/Fake/fake_1932.jpg,0,0,True,0.9991850256919861,0.0008149748900905252
/content/Dataset/Test/Fake/fake_1933.jpg,0,0,True,0.9997950196266174,0.00020502058032434434
/content/Dataset/Test/Fake/fake_1934.jpg,0,0,True,0.9998642206192017,0.00013575902266893536
/content/Dataset/Test/Fake/fake_1935.jpg,0,0,True,0.9999401569366455,5.979325214866549e-05
/content/Dataset/Test/Fake/fake_1936.jpg,0,0,True,0.9908285140991211,0.009171429090201855
/content/Dataset/Test/Fake/fake_1937.jpg,0,0,True,0.8339499831199646,0.16604994237422943
/content/Dataset/Test/Fake/fake_1938.jpg,0,1,False,0.1444566547870636,0.8555433750152588
/content/Dataset/Test/Fake/fake_1939.jpg,0,0,True,0.9591043591499329,0.040895603597164154
/content/Dataset/Test/Fake/fake_194.jpg,0,0,True,0.9999580383300781,4.197345697320998e-05
/content/Dataset/Test/Fake/fake_1940.jpg,0,0,True,0.9999551773071289,4.484653254621662e-05
/content/Dataset/Test/Fake/fake_1941.jpg,0,0,True,0.9305174350738525,0.06948260962963104
/content/Dataset/Test/Fake/fake_1942.jpg,0,0,True,0.6569297909736633,0.34307020902633667
/content/Dataset/Test/Fake/fake_1943.jpg,0,0,True,0.9999542236328125,4.5816788770025596e-05
/content/Dataset/Test/Fake/fake_1944.jpg,0,0,True,0.9999198913574219,8.004937262739986e-05
/content/Dataset/Test/Fake/fake_1945.jpg,0,0,True,0.9999300241470337,6.999327888479456e-05
/content/Dataset/Test/Fake/fake_1946.jpg,0,0,True,0.9999370574951172,6.299496453721076e-05
/content/Dataset/Test/Fake/fake_1947.jpg,0,0,True,0.8700833916664124,0.12991654872894287
/content/Dataset/Test/Fake/fake_1948.jpg,0,0,True,0.9999513626098633,4.865840310230851e-05
/content/Dataset/Test/Fake/fake_1949.jpg,0,0,True,0.9969698786735535,0.0030301506631076336
/content/Dataset/Test/Fake/fake_195.jpg,0,1,False,0.10526704043149948,0.8947329521179199
/content/Dataset/Test/Fake/fake_1950.jpg,0,0,True,0.964154839515686,0.03584510087966919
/content/Dataset/Test/Fake/fake_1951.jpg,0,0,True,0.9998235106468201,0.00017649690562393516
/content/Dataset/Test/Fake/fake_1952.jpg,0,0,True,0.9904720783233643,0.009527924470603466
/content/Dataset/Test/Fake/fake_1953.jpg,0,0,True,0.9998542070388794,0.0001458095939597115
/content/Dataset/Test/Fake/fake_1954.jpg,0,0,True,0.9993085861206055,0.0006913747638463974
/content/Dataset/Test/Fake/fake_1955.jpg,0,0,True,0.9703695774078369,0.029630491510033607
/content/Dataset/Test/Fake/fake_1956.jpg,0,0,True,0.9997151494026184,0.00028487108647823334
/content/Dataset/Test/Fake/fake_1957.jpg,0,0,True,0.9999250173568726,7.494049350498244e-05
/content/Dataset/Test/Fake/fake_1958.jpg,0,0,True,0.9982695579528809,0.00173042225651443
/content/Dataset/Test/Fake/fake_1959.jpg,0,0,True,0.9919412136077881,0.008058754727244377
/content/Dataset/Test/Fake/fake_196.jpg,0,0,True,0.999953031539917,4.69530132249929e-05
/content/Dataset/Test/Fake/fake_1960.jpg,0,0,True,0.9999246597290039,7.534924225183204e-05
/content/Dataset/Test/Fake/fake_1961.jpg,0,0,True,0.960287868976593,0.03971215710043907
/content/Dataset/Test/Fake/fake_1962.jpg,0,1,False,0.1472829431295395,0.8527171015739441
/content/Dataset/Test/Fake/fake_1963.jpg,0,0,True,0.9995980858802795,0.00040191240259446204
/content/Dataset/Test/Fake/fake_1964.jpg,0,0,True,0.9998714923858643,0.00012843476724810898
/content/Dataset/Test/Fake/fake_1965.jpg,0,0,True,0.9979483485221863,0.002051655203104019
/content/Dataset/Test/Fake/fake_1966.jpg,0,0,True,0.9999010562896729,9.893597598420456e-05
/content/Dataset/Test/Fake/fake_1967.jpg,0,0,True,0.9976842403411865,0.0023157938849180937
/content/Dataset/Test/Fake/fake_1968.jpg,0,0,True,0.9947853684425354,0.005214680917561054
/content/Dataset/Test/Fake/fake_1969.jpg,0,0,True,0.9494720101356506,0.05052797123789787
/content/Dataset/Test/Fake/fake_197.jpg,0,0,True,0.9894816875457764,0.010518376715481281
/content/Dataset/Test/Fake/fake_1970.jpg,0,0,True,0.9987333416938782,0.0012666506227105856
/content/Dataset/Test/Fake/fake_1971.jpg,0,0,True,0.9766964912414551,0.02330351248383522
/content/Dataset/Test/Fake/fake_1972.jpg,0,0,True,0.9991983771324158,0.0008016759529709816
/content/Dataset/Test/Fake/fake_1973.jpg,0,0,True,0.6747586131095886,0.3252413868904114
/content/Dataset/Test/Fake/fake_1974.jpg,0,0,True,0.9770574569702148,0.02294250950217247
/content/Dataset/Test/Fake/fake_1975.jpg,0,0,True,0.999854564666748,0.00014541416021529585
/content/Dataset/Test/Fake/fake_1976.jpg,0,0,True,0.9984574317932129,0.0015425208257511258
/content/Dataset/Test/Fake/fake_1977.jpg,0,1,False,0.12752008438110352,0.8724799156188965
/content/Dataset/Test/Fake/fake_1978.jpg,0,0,True,0.9999630451202393,3.693689723149873e-05
/content/Dataset/Test/Fake/fake_1979.jpg,0,0,True,0.999811589717865,0.00018845951126422733
/content/Dataset/Test/Fake/fake_198.jpg,0,0,True,0.9998928308486938,0.00010718099656514823
/content/Dataset/Test/Fake/fake_1980.jpg,0,1,False,0.25732943415641785,0.7426705360412598
/content/Dataset/Test/Fake/fake_1981.jpg,0,0,True,0.9999264478683472,7.353557157330215e-05
/content/Dataset/Test/Fake/fake_1982.jpg,0,0,True,0.9988518953323364,0.0011480734683573246
/content/Dataset/Test/Fake/fake_1983.jpg,0,0,True,0.9834253191947937,0.016574677079916
/content/Dataset/Test/Fake/fake_1984.jpg,0,0,True,0.7752841114997864,0.22471590340137482
/content/Dataset/Test/Fake/fake_1985.jpg,0,0,True,0.9844006896018982,0.015599286183714867
/content/Dataset/Test/Fake/fake_1986.jpg,0,1,False,0.16217151284217834,0.837828516960144
/content/Dataset/Test/Fake/fake_1987.jpg,0,0,True,0.9999459981918335,5.401602902566083e-05
/content/Dataset/Test/Fake/fake_1988.jpg,0,0,True,0.9999593496322632,4.0660324884811416e-05
/content/Dataset/Test/Fake/fake_1989.jpg,0,0,True,0.9999592304229736,4.078506390214898e-05
/content/Dataset/Test/Fake/fake_199.jpg,0,0,True,0.9859554767608643,0.01404449250549078
/content/Dataset/Test/Fake/fake_1990.jpg,0,0,True,0.9994997978210449,0.00050022715004161
/content/Dataset/Test/Fake/fake_1991.jpg,0,0,True,0.9998555183410645,0.00014444389671552926
/content/Dataset/Test/Fake/fake_1992.jpg,0,0,True,0.9999661445617676,3.3822525438154116e-05
/content/Dataset/Test/Fake/fake_1993.jpg,0,0,True,0.9998718500137329,0.00012813678767997772
/content/Dataset/Test/Fake/fake_1994.jpg,0,0,True,0.9998624324798584,0.00013755570398643613
/content/Dataset/Test/Fake/fake_1995.jpg,0,0,True,0.9999496936798096,5.029721432947554e-05
/content/Dataset/Test/Fake/fake_1996.jpg,0,0,True,0.9985958933830261,0.0014040586538612843
/content/Dataset/Test/Fake/fake_1997.jpg,0,0,True,0.9610563516616821,0.03894373029470444
/content/Dataset/Test/Fake/fake_1998.jpg,0,0,True,0.9994737505912781,0.0005263097700662911
/content/Dataset/Test/Fake/fake_1999.jpg,0,0,True,0.9998764991760254,0.00012348449672572315
/content/Dataset/Test/Fake/fake_2.jpg,0,0,True,0.5294892191886902,0.47051072120666504
/content/Dataset/Test/Fake/fake_20.jpg,0,0,True,0.999672532081604,0.00032748468220233917
/content/Dataset/Test/Fake/fake_200.jpg,0,0,True,0.776542067527771,0.22345799207687378
/content/Dataset/Test/Fake/fake_2000.jpg,0,0,True,0.9990837574005127,0.0009162002243101597
/content/Dataset/Test/Fake/fake_2001.jpg,0,0,True,0.9998350143432617,0.0001649131445446983
/content/Dataset/Test/Fake/fake_2002.jpg,0,0,True,0.9750871062278748,0.02491285465657711
/content/Dataset/Test/Fake/fake_2003.jpg,0,0,True,0.9999319314956665,6.810500781284645e-05
/content/Dataset/Test/Fake/fake_2004.jpg,0,0,True,0.9940834641456604,0.005916534923017025
/content/Dataset/Test/Fake/fake_2005.jpg,0,0,True,0.6831564903259277,0.31684350967407227
/content/Dataset/Test/Fake/fake_2006.jpg,0,0,True,0.9223214983940125,0.07767847925424576
/content/Dataset/Test/Fake/fake_2007.jpg,0,0,True,0.9999476671218872,5.2379640692379326e-05
/content/Dataset/Test/Fake/fake_2008.jpg,0,0,True,0.9925045967102051,0.007495404686778784
/content/Dataset/Test/Fake/fake_2009.jpg,0,0,True,0.9989514350891113,0.001048578298650682
/content/Dataset/Test/Fake/fake_201.jpg,0,0,True,0.9999239444732666,7.609050953760743e-05
/content/Dataset/Test/Fake/fake_2010.jpg,0,0,True,0.9998544454574585,0.00014550737978424877
/content/Dataset/Test/Fake/fake_2011.jpg,0,0,True,0.9999585151672363,4.153438931098208e-05
/content/Dataset/Test/Fake/fake_2012.jpg,0,0,True,0.9987584352493286,0.0012415809324011207
/content/Dataset/Test/Fake/fake_2013.jpg,0,0,True,0.9999556541442871,4.434961738297716e-05
/content/Dataset/Test/Fake/fake_2014.jpg,0,0,True,0.9999582767486572,4.172573972027749e-05
/content/Dataset/Test/Fake/fake_2015.jpg,0,0,True,0.9850420355796814,0.014957993291318417
/content/Dataset/Test/Fake/fake_2016.jpg,0,0,True,0.9998365640640259,0.00016335702093783766
/content/Dataset/Test/Fake/fake_2017.jpg,0,0,True,0.9999645948410034,3.545646904967725e-05
/content/Dataset/Test/Fake/fake_2018.jpg,0,1,False,0.21560142934322357,0.78439861536026
/content/Dataset/Test/Fake/fake_2019.jpg,0,0,True,0.9758731126785278,0.024126878008246422
/content/Dataset/Test/Fake/fake_202.jpg,0,0,True,0.9998108744621277,0.00018917264242190868
/content/Dataset/Test/Fake/fake_2020.jpg,0,0,True,0.9999687671661377,3.1256055081030354e-05
/content/Dataset/Test/Fake/fake_2021.jpg,0,0,True,0.8341007828712463,0.16589924693107605
/content/Dataset/Test/Fake/fake_2022.jpg,0,0,True,0.8989009857177734,0.10109899193048477
/content/Dataset/Test/Fake/fake_2023.jpg,0,0,True,0.9511637687683105,0.048836302012205124
/content/Dataset/Test/Fake/fake_2024.jpg,0,0,True,0.9903655052185059,0.009634498506784439
/content/Dataset/Test/Fake/fake_2025.jpg,0,0,True,0.9912720322608948,0.008727969601750374
/content/Dataset/Test/Fake/fake_2026.jpg,0,0,True,0.9999366998672485,6.333184865070507e-05
/content/Dataset/Test/Fake/fake_2027.jpg,0,0,True,0.9999076128005981,9.235610923497006e-05
/content/Dataset/Test/Fake/fake_2028.jpg,0,0,True,0.9999678134918213,3.223264138796367e-05
/content/Dataset/Test/Fake/fake_2029.jpg,0,0,True,0.9999716281890869,2.8333684895187616e-05
/content/Dataset/Test/Fake/fake_203.jpg,0,0,True,0.9998719692230225,0.00012801465345546603
/content/Dataset/Test/Fake/fake_2030.jpg,0,0,True,0.9999539852142334,4.598952000378631e-05
/content/Dataset/Test/Fake/fake_2031.jpg,0,0,True,0.9967687129974365,0.003231278620660305
/content/Dataset/Test/Fake/fake_2032.jpg,0,0,True,0.9980852603912354,0.001914774184115231
/content/Dataset/Test/Fake/fake_2033.jpg,0,0,True,0.9998350143432617,0.00016499936464242637
/content/Dataset/Test/Fake/fake_2034.jpg,0,0,True,0.9999617338180542,3.826303145615384e-05
/content/Dataset/Test/Fake/fake_2035.jpg,0,0,True,0.8894773125648499,0.11052270978689194
/content/Dataset/Test/Fake/fake_2036.jpg,0,0,True,0.9990147352218628,0.0009852730436250567
/content/Dataset/Test/Fake/fake_2037.jpg,0,0,True,0.9999622106552124,3.776249650400132e-05
/content/Dataset/Test/Fake/fake_2038.jpg,0,1,False,0.06843002140522003,0.9315699934959412
/content/Dataset/Test/Fake/fake_2039.jpg,0,0,True,0.9516688585281372,0.048331160098314285
/content/Dataset/Test/Fake/fake_204.jpg,0,0,True,0.9998425245285034,0.00015741105016786605
/content/Dataset/Test/Fake/fake_2040.jpg,0,0,True,0.9999532699584961,4.6713535994058475e-05
/content/Dataset/Test/Fake/fake_2041.jpg,0,0,True,0.9999535083770752,4.6439312427537516e-05
/content/Dataset/Test/Fake/fake_2042.jpg,0,0,True,0.999825656414032,0.00017435121117159724
/content/Dataset/Test/Fake/fake_2043.jpg,0,0,True,0.9994896650314331,0.0005103085422888398
/content/Dataset/Test/Fake/fake_2044.jpg,0,0,True,0.9884148836135864,0.01158516388386488
/content/Dataset/Test/Fake/fake_2045.jpg,0,0,True,0.9998086094856262,0.00019144681573379785
/content/Dataset/Test/Fake/fake_2046.jpg,0,0,True,0.9994710087776184,0.0005290635745041072
/content/Dataset/Test/Fake/fake_2047.jpg,0,0,True,0.9999321699142456,6.785962614230812e-05
/content/Dataset/Test/Fake/fake_2048.jpg,0,0,True,0.9998082518577576,0.00019177641661372036
/content/Dataset/Test/Fake/fake_2049.jpg,0,0,True,0.9999641180038452,3.590010237530805e-05
/content/Dataset/Test/Fake/fake_205.jpg,0,0,True,0.9999551773071289,4.487413025344722e-05
/content/Dataset/Test/Fake/fake_2050.jpg,0,0,True,0.9864915013313293,0.013508516363799572
/content/Dataset/Test/Fake/fake_2051.jpg,0,0,True,0.999947190284729,5.2808311011176556e-05
/content/Dataset/Test/Fake/fake_2052.jpg,0,0,True,0.6395710110664368,0.360429048538208
/content/Dataset/Test/Fake/fake_2053.jpg,0,0,True,0.9998961687088013,0.00010382886102888733
/content/Dataset/Test/Fake/fake_2054.jpg,0,1,False,0.13737212121486664,0.8626279234886169
/content/Dataset/Test/Fake/fake_2055.jpg,0,1,False,0.3109557330608368,0.6890442371368408
/content/Dataset/Test/Fake/fake_2056.jpg,0,0,True,0.9983198046684265,0.001680142479017377
/content/Dataset/Test/Fake/fake_2057.jpg,0,0,True,0.9999366998672485,6.330147152766585e-05
/content/Dataset/Test/Fake/fake_2058.jpg,0,0,True,0.9983261227607727,0.0016738158883526921
/content/Dataset/Test/Fake/fake_2059.jpg,0,0,True,0.9999587535858154,4.124318002141081e-05
/content/Dataset/Test/Fake/fake_206.jpg,0,0,True,0.9995982050895691,0.0004017768078483641
/content/Dataset/Test/Fake/fake_2060.jpg,0,0,True,0.9995162487030029,0.00048376721679233015
/content/Dataset/Test/Fake/fake_2061.jpg,0,0,True,0.990613579750061,0.009386430494487286
/content/Dataset/Test/Fake/fake_2062.jpg,0,0,True,0.8572214841842651,0.14277854561805725
/content/Dataset/Test/Fake/fake_2063.jpg,0,0,True,0.9940097332000732,0.005990270525217056
/content/Dataset/Test/Fake/fake_2064.jpg,0,0,True,0.9999189376831055,8.101883577182889e-05
/content/Dataset/Test/Fake/fake_2065.jpg,0,0,True,0.9997054934501648,0.0002944465959444642
/content/Dataset/Test/Fake/fake_2066.jpg,0,0,True,0.999890923500061,0.00010907900286838412
/content/Dataset/Test/Fake/fake_2067.jpg,0,0,True,0.9993820190429688,0.0006179496995173395
/content/Dataset/Test/Fake/fake_2068.jpg,0,0,True,0.99996018409729,3.977179585490376e-05
/content/Dataset/Test/Fake/fake_2069.jpg,0,0,True,0.8835068941116333,0.1164931133389473
/content/Dataset/Test/Fake/fake_207.jpg,0,0,True,0.9384876489639282,0.06151233986020088
/content/Dataset/Test/Fake/fake_2070.jpg,0,0,True,0.9471175670623779,0.05288238823413849
/content/Dataset/Test/Fake/fake_2071.jpg,0,0,True,0.9999032020568848,9.6815092547331e-05
/content/Dataset/Test/Fake/fake_2072.jpg,0,0,True,0.9165579676628113,0.08344202488660812
/content/Dataset/Test/Fake/fake_2073.jpg,0,0,True,0.9985094666481018,0.00149051274638623
/content/Dataset/Test/Fake/fake_2074.jpg,0,0,True,0.9890740513801575,0.010926001705229282
/content/Dataset/Test/Fake/fake_2075.jpg,0,0,True,0.9982916712760925,0.0017083040438592434
/content/Dataset/Test/Fake/fake_2076.jpg,0,0,True,0.9996711015701294,0.00032895791810005903
/content/Dataset/Test/Fake/fake_2077.jpg,0,0,True,0.9966020584106445,0.0033979283180087805
/content/Dataset/Test/Fake/fake_2078.jpg,0,0,True,0.5581285953521729,0.44187140464782715
/content/Dataset/Test/Fake/fake_2079.jpg,0,0,True,0.9999654293060303,3.458824357949197e-05
/content/Dataset/Test/Fake/fake_208.jpg,0,0,True,0.9896495342254639,0.010350508615374565
/content/Dataset/Test/Fake/fake_2080.jpg,0,0,True,0.999922513961792,7.748488860670477e-05
/content/Dataset/Test/Fake/fake_2081.jpg,0,0,True,0.999967098236084,3.290717722848058e-05
/content/Dataset/Test/Fake/fake_2082.jpg,0,0,True,0.9999685287475586,3.1431092793354765e-05
/content/Dataset/Test/Fake/fake_2083.jpg,0,0,True,0.9987573623657227,0.001242652884684503
/content/Dataset/Test/Fake/fake_2084.jpg,0,0,True,0.9993492960929871,0.0006506986683234572
/content/Dataset/Test/Fake/fake_2085.jpg,0,0,True,0.9999232292175293,7.674576772842556e-05
/content/Dataset/Test/Fake/fake_2086.jpg,0,0,True,0.9998655319213867,0.00013446783123072237
/content/Dataset/Test/Fake/fake_2087.jpg,0,0,True,0.9997594952583313,0.00024055295216385275
/content/Dataset/Test/Fake/fake_2088.jpg,0,0,True,0.999006450176239,0.0009935445850715041
/content/Dataset/Test/Fake/fake_2089.jpg,0,0,True,0.9962363839149475,0.003763677319511771
/content/Dataset/Test/Fake/fake_209.jpg,0,0,True,0.9999403953552246,5.959209011052735e-05
/content/Dataset/Test/Fake/fake_2090.jpg,0,0,True,0.9997758269309998,0.0002241828478872776
/content/Dataset/Test/Fake/fake_2091.jpg,0,0,True,0.9987528324127197,0.0012471801601350307
/content/Dataset/Test/Fake/fake_2092.jpg,0,0,True,0.9993929862976074,0.0006070582312531769
/content/Dataset/Test/Fake/fake_2093.jpg,0,0,True,0.9999241828918457,7.583638944197446e-05
/content/Dataset/Test/Fake/fake_2094.jpg,0,0,True,0.9999020099639893,9.803030843613669e-05
/content/Dataset/Test/Fake/fake_2095.jpg,0,0,True,0.9998842477798462,0.00011576867109397426
/content/Dataset/Test/Fake/fake_2096.jpg,0,0,True,0.9999557733535767,4.4260006689000875e-05
/content/Dataset/Test/Fake/fake_2097.jpg,0,0,True,0.9999634027481079,3.6590095987776294e-05
/content/Dataset/Test/Fake/fake_2098.jpg,0,0,True,0.9999390840530396,6.095099524827674e-05
/content/Dataset/Test/Fake/fake_2099.jpg,0,0,True,0.9997932314872742,0.00020674725237768143
/content/Dataset/Test/Fake/fake_21.jpg,0,0,True,0.9999507665634155,4.922528023598716e-05
/content/Dataset/Test/Fake/fake_210.jpg,0,0,True,0.87485671043396,0.12514328956604004
/content/Dataset/Test/Fake/fake_2100.jpg,0,0,True,0.617056667804718,0.38294336199760437
/content/Dataset/Test/Fake/fake_2101.jpg,0,0,True,0.9914078116416931,0.008592127822339535
/content/Dataset/Test/Fake/fake_2102.jpg,0,0,True,0.9999134540557861,8.655105193611234e-05
/content/Dataset/Test/Fake/fake_2103.jpg,0,0,True,0.9956322312355042,0.004367757588624954
/content/Dataset/Test/Fake/fake_2104.jpg,0,0,True,0.9998998641967773,0.00010007850505644456
/content/Dataset/Test/Fake/fake_2105.jpg,0,0,True,0.9583228230476379,0.041677214205265045
/content/Dataset/Test/Fake/fake_2106.jpg,0,0,True,0.9999561309814453,4.3836000259034336e-05
/content/Dataset/Test/Fake/fake_2107.jpg,0,0,True,0.9999523162841797,4.771494786837138e-05
/content/Dataset/Test/Fake/fake_2108.jpg,0,0,True,0.9973885416984558,0.0026114163920283318
/content/Dataset/Test/Fake/fake_2109.jpg,0,0,True,0.9999579191207886,4.2034142097691074e-05
/content/Dataset/Test/Fake/fake_211.jpg,0,0,True,0.9999138116836548,8.619498839834705e-05
/content/Dataset/Test/Fake/fake_2110.jpg,0,0,True,0.9999032020568848,9.676357876742259e-05
/content/Dataset/Test/Fake/fake_2111.jpg,0,0,True,0.999961256980896,3.875992842949927e-05
/content/Dataset/Test/Fake/fake_2112.jpg,0,0,True,0.9998736381530762,0.00012639971100725234
/content/Dataset/Test/Fake/fake_2113.jpg,0,0,True,0.998803973197937,0.0011960235424339771
/content/Dataset/Test/Fake/fake_2114.jpg,0,0,True,0.9995328187942505,0.00046717372606508434
/content/Dataset/Test/Fake/fake_2115.jpg,0,0,True,0.9928867220878601,0.007113311905413866
/content/Dataset/Test/Fake/fake_2116.jpg,0,0,True,0.9916027188301086,0.00839733611792326
/content/Dataset/Test/Fake/fake_2117.jpg,0,0,True,0.9998968839645386,0.00010306476178811863
/content/Dataset/Test/Fake/fake_2118.jpg,0,0,True,0.6864938139915466,0.313506156206131
/content/Dataset/Test/Fake/fake_2119.jpg,0,1,False,0.007384235970675945,0.992615818977356
/content/Dataset/Test/Fake/fake_212.jpg,0,0,True,0.9998989105224609,0.0001011289787129499
/content/Dataset/Test/Fake/fake_2120.jpg,0,0,True,0.5873386859893799,0.4126613140106201
/content/Dataset/Test/Fake/fake_2121.jpg,0,0,True,0.9997623562812805,0.00023764162324368954
/content/Dataset/Test/Fake/fake_2122.jpg,0,0,True,0.9999685287475586,3.1522497010882944e-05
/content/Dataset/Test/Fake/fake_2123.jpg,0,0,True,0.99996018409729,3.978127642767504e-05
/content/Dataset/Test/Fake/fake_2124.jpg,0,0,True,0.999347984790802,0.0006519522285088897
/content/Dataset/Test/Fake/fake_2125.jpg,0,0,True,0.9999516010284424,4.845078365178779e-05
/content/Dataset/Test/Fake/fake_2126.jpg,0,0,True,0.843306303024292,0.156693696975708
/content/Dataset/Test/Fake/fake_2127.jpg,0,0,True,0.9998904466629028,0.00010954785830108449
/content/Dataset/Test/Fake/fake_2128.jpg,0,0,True,0.9999558925628662,4.414425711729564e-05
/content/Dataset/Test/Fake/fake_2129.jpg,0,0,True,0.9778125882148743,0.022187402471899986
/content/Dataset/Test/Fake/fake_213.jpg,0,0,True,0.9998995065689087,0.00010043874499388039
/content/Dataset/Test/Fake/fake_2130.jpg,0,0,True,0.9999634027481079,3.658130663097836e-05
/content/Dataset/Test/Fake/fake_2131.jpg,0,0,True,0.9999659061431885,3.4058448363794014e-05
/content/Dataset/Test/Fake/fake_2132.jpg,0,0,True,0.9998651742935181,0.00013478465552907437
/content/Dataset/Test/Fake/fake_2133.jpg,0,0,True,0.9998934268951416,0.00010654157085809857
/content/Dataset/Test/Fake/fake_2134.jpg,0,0,True,0.9974718689918518,0.002528086304664612
/content/Dataset/Test/Fake/fake_2135.jpg,0,0,True,0.9999617338180542,3.8282374589471146e-05
/content/Dataset/Test/Fake/fake_2136.jpg,0,0,True,0.8480392098426819,0.15196076035499573
/content/Dataset/Test/Fake/fake_2137.jpg,0,0,True,0.9999529123306274,4.70746927021537e-05
/content/Dataset/Test/Fake/fake_2138.jpg,0,0,True,0.9999332427978516,6.669788126600906e-05
/content/Dataset/Test/Fake/fake_2139.jpg,0,0,True,0.9543585181236267,0.0456414595246315
/content/Dataset/Test/Fake/fake_214.jpg,0,0,True,0.994408130645752,0.005591873545199633
/content/Dataset/Test/Fake/fake_2140.jpg,0,0,True,0.9813076257705688,0.018692368641495705
/content/Dataset/Test/Fake/fake_2141.jpg,0,0,True,0.9763677716255188,0.02363230288028717
/content/Dataset/Test/Fake/fake_2142.jpg,0,0,True,0.9991146922111511,0.0008852488244883716
/content/Dataset/Test/Fake/fake_2143.jpg,0,0,True,0.9994935989379883,0.0005063551943749189
/content/Dataset/Test/Fake/fake_2144.jpg,0,0,True,0.9994916915893555,0.000508283672388643
/content/Dataset/Test/Fake/fake_2145.jpg,0,0,True,0.9943102598190308,0.0056897797621786594
/content/Dataset/Test/Fake/fake_2146.jpg,0,1,False,0.3940514922142029,0.6059485077857971
/content/Dataset/Test/Fake/fake_2147.jpg,0,1,False,0.037286609411239624,0.9627134203910828
/content/Dataset/Test/Fake/fake_2148.jpg,0,1,False,0.05923706293106079,0.9407629370689392
/content/Dataset/Test/Fake/fake_2149.jpg,0,0,True,0.9970991611480713,0.0029008425772190094
/content/Dataset/Test/Fake/fake_215.jpg,0,0,True,0.6014378666877747,0.39856213331222534
/content/Dataset/Test/Fake/fake_2150.jpg,0,0,True,0.9999184608459473,8.15360399428755e-05
/content/Dataset/Test/Fake/fake_2151.jpg,0,0,True,0.9999616146087646,3.842978912871331e-05
/content/Dataset/Test/Fake/fake_2152.jpg,0,0,True,0.9999167919158936,8.321981295011938e-05
/content/Dataset/Test/Fake/fake_2153.jpg,0,0,True,0.9998639822006226,0.00013600417878478765
/content/Dataset/Test/Fake/fake_2154.jpg,0,1,False,0.12444569170475006,0.8755543231964111
/content/Dataset/Test/Fake/fake_2155.jpg,0,0,True,0.9999557733535767,4.4166863517602906e-05
/content/Dataset/Test/Fake/fake_2156.jpg,0,1,False,0.14148913323879242,0.8585108518600464
/content/Dataset/Test/Fake/fake_2157.jpg,0,0,True,0.9999474287033081,5.257014345261268e-05
/content/Dataset/Test/Fake/fake_2158.jpg,0,0,True,0.9999587535858154,4.1225095628760755e-05
/content/Dataset/Test/Fake/fake_2159.jpg,0,0,True,0.9999303817749023,6.955478602321818e-05
/content/Dataset/Test/Fake/fake_216.jpg,0,1,False,0.3272278904914856,0.6727721095085144
/content/Dataset/Test/Fake/fake_2160.jpg,0,0,True,0.9999558925628662,4.4152842747280374e-05
/content/Dataset/Test/Fake/fake_2161.jpg,0,0,True,0.9980657696723938,0.0019342168234288692
/content/Dataset/Test/Fake/fake_2162.jpg,0,0,True,0.9994994401931763,0.0005005068960599601
/content/Dataset/Test/Fake/fake_2163.jpg,0,0,True,0.9586243033409119,0.04137567803263664
/content/Dataset/Test/Fake/fake_2164.jpg,0,1,False,0.11097270250320435,0.8890272974967957
/content/Dataset/Test/Fake/fake_2165.jpg,0,0,True,0.997678816318512,0.002321249106898904
/content/Dataset/Test/Fake/fake_2166.jpg,0,0,True,0.996890127658844,0.003109879093244672
/content/Dataset/Test/Fake/fake_2167.jpg,0,0,True,0.5988610982894897,0.40113887190818787
/content/Dataset/Test/Fake/fake_2168.jpg,0,0,True,0.7050943970680237,0.29490557312965393
/content/Dataset/Test/Fake/fake_2169.jpg,0,0,True,0.9999412298202515,5.879130185348913e-05
/content/Dataset/Test/Fake/fake_217.jpg,0,0,True,0.9996104836463928,0.0003895234549418092
/content/Dataset/Test/Fake/fake_2170.jpg,0,0,True,0.9994603991508484,0.0005395528278313577
/content/Dataset/Test/Fake/fake_2171.jpg,0,0,True,0.9893887639045715,0.010611262172460556
/content/Dataset/Test/Fake/fake_2172.jpg,0,0,True,0.9999409914016724,5.8954614360118285e-05
/content/Dataset/Test/Fake/fake_2173.jpg,0,0,True,0.9911648631095886,0.00883508287370205
/content/Dataset/Test/Fake/fake_2174.jpg,0,0,True,0.8145748972892761,0.1854250431060791
/content/Dataset/Test/Fake/fake_2175.jpg,0,0,True,0.9999442100524902,5.58283063583076e-05
/content/Dataset/Test/Fake/fake_2176.jpg,0,0,True,0.9989835619926453,0.0010164009872823954
/content/Dataset/Test/Fake/fake_2177.jpg,0,0,True,0.9999234676361084,7.650281622773036e-05
/content/Dataset/Test/Fake/fake_2178.jpg,0,0,True,0.999477207660675,0.0005227808142080903
/content/Dataset/Test/Fake/fake_2179.jpg,0,0,True,0.9984642267227173,0.001535763032734394
/content/Dataset/Test/Fake/fake_218.jpg,0,0,True,0.9997302889823914,0.00026969684404321015
/content/Dataset/Test/Fake/fake_2180.jpg,0,0,True,0.9999566078186035,4.3364423618186265e-05
/content/Dataset/Test/Fake/fake_2181.jpg,0,0,True,0.9999730587005615,2.6892561436397955e-05
/content/Dataset/Test/Fake/fake_2182.jpg,0,0,True,0.9998593330383301,0.00014061923138797283
/content/Dataset/Test/Fake/fake_2183.jpg,0,0,True,0.9999418258666992,5.821305239805952e-05
/content/Dataset/Test/Fake/fake_2184.jpg,0,0,True,0.9999430179595947,5.696351217920892e-05
/content/Dataset/Test/Fake/fake_2185.jpg,0,0,True,0.999904990196228,9.497955034021288e-05
/content/Dataset/Test/Fake/fake_2186.jpg,0,0,True,0.9999027252197266,9.725850395625457e-05
/content/Dataset/Test/Fake/fake_2187.jpg,0,0,True,0.9709016680717468,0.02909836173057556
/content/Dataset/Test/Fake/fake_2188.jpg,0,0,True,0.9999499320983887,5.00200258102268e-05
/content/Dataset/Test/Fake/fake_2189.jpg,0,0,True,0.9999319314956665,6.809597107348964e-05
/content/Dataset/Test/Fake/fake_219.jpg,0,0,True,0.9685369729995728,0.03146301582455635
/content/Dataset/Test/Fake/fake_2190.jpg,0,0,True,0.9993667006492615,0.0006332590710371733
/content/Dataset/Test/Fake/fake_2191.jpg,0,0,True,0.9998981952667236,0.00010178035154240206
/content/Dataset/Test/Fake/fake_2192.jpg,0,0,True,0.9993153810501099,0.0006846628966741264
/content/Dataset/Test/Fake/fake_2193.jpg,0,0,True,0.9999693632125854,3.061641109525226e-05
/content/Dataset/Test/Fake/fake_2194.jpg,0,0,True,0.992778480052948,0.00722145289182663
/content/Dataset/Test/Fake/fake_2195.jpg,0,1,False,0.3079458177089691,0.6920541524887085
/content/Dataset/Test/Fake/fake_2196.jpg,0,0,True,0.9999402761459351,5.975352905807085e-05
/content/Dataset/Test/Fake/fake_2197.jpg,0,0,True,0.9999557733535767,4.41687589045614e-05
/content/Dataset/Test/Fake/fake_2198.jpg,0,0,True,0.9830639958381653,0.016935987398028374
/content/Dataset/Test/Fake/fake_2199.jpg,0,0,True,0.9996185302734375,0.00038149807369336486
/content/Dataset/Test/Fake/fake_22.jpg,0,0,True,0.9999436140060425,5.6330300139961764e-05
/content/Dataset/Test/Fake/fake_220.jpg,0,0,True,0.9988946318626404,0.001105394447222352
/content/Dataset/Test/Fake/fake_2200.jpg,0,0,True,0.8228763341903687,0.17712365090847015
/content/Dataset/Test/Fake/fake_2201.jpg,0,0,True,0.995925784111023,0.004074295982718468
/content/Dataset/Test/Fake/fake_2202.jpg,0,0,True,0.9999430179595947,5.7002307585207745e-05
/content/Dataset/Test/Fake/fake_2203.jpg,0,0,True,0.9999648332595825,3.516468495945446e-05
/content/Dataset/Test/Fake/fake_2204.jpg,0,0,True,0.9998675584793091,0.00013237883104011416
/content/Dataset/Test/Fake/fake_2205.jpg,0,0,True,0.9998961687088013,0.00010386094800196588
/content/Dataset/Test/Fake/fake_2206.jpg,0,0,True,0.9592486023902893,0.04075144603848457
/content/Dataset/Test/Fake/fake_2207.jpg,0,0,True,0.9999475479125977,5.243976556812413e-05
/content/Dataset/Test/Fake/fake_2208.jpg,0,0,True,0.9999562501907349,4.375122443889268e-05
/content/Dataset/Test/Fake/fake_2209.jpg,0,0,True,0.9999158382415771,8.411434828303754e-05
/content/Dataset/Test/Fake/fake_221.jpg,0,0,True,0.870129406452179,0.12987053394317627
/content/Dataset/Test/Fake/fake_2210.jpg,0,0,True,0.9960862398147583,0.003913704305887222
/content/Dataset/Test/Fake/fake_2211.jpg,0,0,True,0.9999244213104248,7.552087481599301e-05
/content/Dataset/Test/Fake/fake_2212.jpg,0,0,True,0.9999223947525024,7.762488530715927e-05
/content/Dataset/Test/Fake/fake_2213.jpg,0,0,True,0.999872088432312,0.0001279459538636729
/content/Dataset/Test/Fake/fake_2214.jpg,0,0,True,0.9999103546142578,8.967651956481859e-05
/content/Dataset/Test/Fake/fake_2215.jpg,0,0,True,0.9999490976333618,5.0903665396617725e-05
/content/Dataset/Test/Fake/fake_2216.jpg,0,0,True,0.9999139308929443,8.607080235378817e-05
/content/Dataset/Test/Fake/fake_2217.jpg,0,0,True,0.9992577433586121,0.0007421873742714524
/content/Dataset/Test/Fake/fake_2218.jpg,0,1,False,0.018263941630721092,0.9817360639572144
/content/Dataset/Test/Fake/fake_2219.jpg,0,0,True,0.9999282360076904,7.17975344741717e-05
/content/Dataset/Test/Fake/fake_222.jpg,0,0,True,0.5152012705802917,0.48479872941970825
/content/Dataset/Test/Fake/fake_2220.jpg,0,0,True,0.9998175501823425,0.0001824473001761362
/content/Dataset/Test/Fake/fake_2221.jpg,0,0,True,0.8180819153785706,0.18191805481910706
/content/Dataset/Test/Fake/fake_2222.jpg,0,0,True,0.9980714917182922,0.0019285226007923484
/content/Dataset/Test/Fake/fake_2223.jpg,0,0,True,0.9889847040176392,0.011015227995812893
/content/Dataset/Test/Fake/fake_2224.jpg,0,0,True,0.99994957447052,5.0460421334719285e-05
/content/Dataset/Test/Fake/fake_2225.jpg,0,0,True,0.9999305009841919,6.944345659576356e-05
/content/Dataset/Test/Fake/fake_2226.jpg,0,0,True,0.9999326467514038,6.738989759469405e-05
/content/Dataset/Test/Fake/fake_2227.jpg,0,0,True,0.9997982382774353,0.00020172337826807052
/content/Dataset/Test/Fake/fake_2228.jpg,0,0,True,0.9996908903121948,0.000309130409732461
/content/Dataset/Test/Fake/fake_2229.jpg,0,0,True,0.9826058149337769,0.01739419437944889
/content/Dataset/Test/Fake/fake_223.jpg,0,0,True,0.958035945892334,0.041963979601860046
/content/Dataset/Test/Fake/fake_2230.jpg,0,0,True,0.9679016470909119,0.03209839388728142
/content/Dataset/Test/Fake/fake_2231.jpg,0,0,True,0.9740006923675537,0.02599930204451084
/content/Dataset/Test/Fake/fake_2232.jpg,0,0,True,0.5758789777755737,0.42412105202674866
/content/Dataset/Test/Fake/fake_2233.jpg,0,1,False,0.1918657124042511,0.8081342577934265
/content/Dataset/Test/Fake/fake_2234.jpg,0,1,False,0.275699645280838,0.7243003845214844
/content/Dataset/Test/Fake/fake_2235.jpg,0,0,True,0.9999428987503052,5.710601544706151e-05
/content/Dataset/Test/Fake/fake_2236.jpg,0,0,True,0.9998681545257568,0.00013177268556319177
/content/Dataset/Test/Fake/fake_2237.jpg,0,0,True,0.9998575448989868,0.00014242941688280553
/content/Dataset/Test/Fake/fake_2238.jpg,0,1,False,0.013500213623046875,0.9864997863769531
/content/Dataset/Test/Fake/fake_2239.jpg,0,0,True,0.9999438524246216,5.613692701444961e-05
/content/Dataset/Test/Fake/fake_224.jpg,0,0,True,0.9980839490890503,0.001916050328873098
/content/Dataset/Test/Fake/fake_2240.jpg,0,0,True,0.9998025298118591,0.00019751036597881466
/content/Dataset/Test/Fake/fake_2241.jpg,0,0,True,0.9991219639778137,0.0008780081407167017
/content/Dataset/Test/Fake/fake_2242.jpg,0,0,True,0.9999622106552124,3.782997009693645e-05
/content/Dataset/Test/Fake/fake_2243.jpg,0,0,True,0.9999610185623169,3.8932481402298436e-05
/content/Dataset/Test/Fake/fake_2244.jpg,0,0,True,0.9999467134475708,5.333358785719611e-05
/content/Dataset/Test/Fake/fake_2245.jpg,0,0,True,0.9978746175765991,0.002125354250892997
/content/Dataset/Test/Fake/fake_2246.jpg,0,0,True,0.9999586343765259,4.1382609197171405e-05
/content/Dataset/Test/Fake/fake_2247.jpg,0,0,True,0.9997290968894958,0.0002709153341129422
/content/Dataset/Test/Fake/fake_2248.jpg,0,0,True,0.9998989105224609,0.00010110795119544491
/content/Dataset/Test/Fake/fake_2249.jpg,0,0,True,0.9988646507263184,0.0011353500885888934
/content/Dataset/Test/Fake/fake_225.jpg,0,1,False,0.0108112758025527,0.9891886711120605
/content/Dataset/Test/Fake/fake_2250.jpg,0,1,False,0.23665188252925873,0.7633481025695801
/content/Dataset/Test/Fake/fake_2251.jpg,0,0,True,0.999846339225769,0.0001536621421109885
/content/Dataset/Test/Fake/fake_2252.jpg,0,0,True,0.9915667176246643,0.008433260954916477
/content/Dataset/Test/Fake/fake_2253.jpg,0,0,True,0.999963641166687,3.6326280678622425e-05
/content/Dataset/Test/Fake/fake_2254.jpg,0,0,True,0.9999350309371948,6.501322786789387e-05
/content/Dataset/Test/Fake/fake_2255.jpg,0,0,True,0.9974846839904785,0.0025152626913040876
/content/Dataset/Test/Fake/fake_2256.jpg,0,0,True,0.9999614953994751,3.8457241316791624e-05
/content/Dataset/Test/Fake/fake_2257.jpg,0,0,True,0.9999090433120728,9.09424270503223e-05
/content/Dataset/Test/Fake/fake_2258.jpg,0,0,True,0.9997051358222961,0.00029488318250514567
/content/Dataset/Test/Fake/fake_2259.jpg,0,1,False,0.22376644611358643,0.7762335538864136
/content/Dataset/Test/Fake/fake_226.jpg,0,1,False,0.35676196217536926,0.6432380080223083
/content/Dataset/Test/Fake/fake_2260.jpg,0,0,True,0.9999430179595947,5.7027649745577946e-05
/content/Dataset/Test/Fake/fake_2261.jpg,0,0,True,0.9913343787193298,0.008665574714541435
/content/Dataset/Test/Fake/fake_2262.jpg,0,0,True,0.9973650574684143,0.0026349425315856934
/content/Dataset/Test/Fake/fake_2263.jpg,0,0,True,0.999915361404419,8.461668039672077e-05
/content/Dataset/Test/Fake/fake_2264.jpg,0,0,True,0.9980908036231995,0.0019091853173449636
/content/Dataset/Test/Fake/fake_2265.jpg,0,0,True,0.9996800422668457,0.0003200150385964662
/content/Dataset/Test/Fake/fake_2266.jpg,0,0,True,0.9609168171882629,0.039083145558834076
/content/Dataset/Test/Fake/fake_2267.jpg,0,0,True,0.999941349029541,5.86282076255884e-05
/content/Dataset/Test/Fake/fake_2268.jpg,0,0,True,0.9999544620513916,4.554230690700933e-05
/content/Dataset/Test/Fake/fake_2269.jpg,0,0,True,0.9999327659606934,6.728375592501834e-05
/content/Dataset/Test/Fake/fake_227.jpg,0,0,True,0.9877622127532959,0.012237799353897572
/content/Dataset/Test/Fake/fake_2270.jpg,0,0,True,0.9999077320098877,9.224371024174616e-05
/content/Dataset/Test/Fake/fake_2271.jpg,0,0,True,0.9998518228530884,0.00014811247820034623
/content/Dataset/Test/Fake/fake_2272.jpg,0,0,True,0.9995076656341553,0.0004922733642160892
/content/Dataset/Test/Fake/fake_2273.jpg,0,0,True,0.9999561309814453,4.3844531319336966e-05
/content/Dataset/Test/Fake/fake_2274.jpg,0,0,True,0.999961256980896,3.869824649882503e-05
/content/Dataset/Test/Fake/fake_2275.jpg,0,0,True,0.9767465591430664,0.02325347810983658
/content/Dataset/Test/Fake/fake_2276.jpg,0,0,True,0.999923586845398,7.64658470870927e-05
/content/Dataset/Test/Fake/fake_2277.jpg,0,0,True,0.999089241027832,0.0009107496007345617
/content/Dataset/Test/Fake/fake_2278.jpg,0,0,True,0.9979682564735413,0.0020317614544183016
/content/Dataset/Test/Fake/fake_2279.jpg,0,0,True,0.9985223412513733,0.0014777319738641381
/content/Dataset/Test/Fake/fake_228.jpg,0,0,True,0.9979172348976135,0.002082756720483303
/content/Dataset/Test/Fake/fake_2280.jpg,0,0,True,0.9999402761459351,5.9704543673433363e-05
/content/Dataset/Test/Fake/fake_2281.jpg,0,0,True,0.7017887234687805,0.29821130633354187
/content/Dataset/Test/Fake/fake_2282.jpg,0,0,True,0.9998810291290283,0.00011891195026692003
/content/Dataset/Test/Fake/fake_2283.jpg,0,0,True,0.9998327493667603,0.00016722758300602436
/content/Dataset/Test/Fake/fake_2284.jpg,0,1,False,0.09948696941137314,0.9005129933357239
/content/Dataset/Test/Fake/fake_2285.jpg,0,0,True,0.9999426603317261,5.730359771405347e-05
/content/Dataset/Test/Fake/fake_2286.jpg,0,0,True,0.9998904466629028,0.00010959091014228761
/content/Dataset/Test/Fake/fake_2287.jpg,0,0,True,0.8834035992622375,0.11659637093544006
/content/Dataset/Test/Fake/fake_2288.jpg,0,0,True,0.9999674558639526,3.2582360290689394e-05
/content/Dataset/Test/Fake/fake_2289.jpg,0,0,True,0.9999264478683472,7.35595531295985e-05
/content/Dataset/Test/Fake/fake_229.jpg,0,1,False,0.008695771917700768,0.9913042783737183
/content/Dataset/Test/Fake/fake_2290.jpg,0,0,True,0.7056925296783447,0.29430750012397766
/content/Dataset/Test/Fake/fake_2291.jpg,0,0,True,0.9988228678703308,0.001177089987322688
/content/Dataset/Test/Fake/fake_2292.jpg,0,0,True,0.9450979232788086,0.05490201711654663
/content/Dataset/Test/Fake/fake_2293.jpg,0,0,True,0.9999527931213379,4.718804848380387e-05
/content/Dataset/Test/Fake/fake_2294.jpg,0,0,True,0.9953615069389343,0.00463845394551754
/content/Dataset/Test/Fake/fake_2295.jpg,0,0,True,0.964540421962738,0.03545959293842316
/content/Dataset/Test/Fake/fake_2296.jpg,0,0,True,0.999687671661377,0.00031239178497344255
/content/Dataset/Test/Fake/fake_2297.jpg,0,0,True,0.932040810585022,0.06795912235975266
/content/Dataset/Test/Fake/fake_2298.jpg,0,0,True,0.9997076392173767,0.0002923322608694434
/content/Dataset/Test/Fake/fake_2299.jpg,0,0,True,0.9984965324401855,0.001503476989455521
/content/Dataset/Test/Fake/fake_23.jpg,0,0,True,0.9996490478515625,0.0003508928930386901
/content/Dataset/Test/Fake/fake_230.jpg,0,1,False,0.0024502258747816086,0.997549831867218
/content/Dataset/Test/Fake/fake_2300.jpg,0,1,False,0.3795589506626129,0.6204410195350647
/content/Dataset/Test/Fake/fake_2301.jpg,0,0,True,0.9632686972618103,0.0367312915623188
/content/Dataset/Test/Fake/fake_2302.jpg,0,0,True,0.9764056205749512,0.023594461381435394
/content/Dataset/Test/Fake/fake_2303.jpg,0,0,True,0.9975863695144653,0.0024136274587363005
/content/Dataset/Test/Fake/fake_2304.jpg,0,0,True,0.9998917579650879,0.00010821392061188817
/content/Dataset/Test/Fake/fake_2305.jpg,0,1,False,0.015567773953080177,0.9844322204589844
/content/Dataset/Test/Fake/fake_2306.jpg,0,0,True,0.9999561309814453,4.389796231407672e-05
/content/Dataset/Test/Fake/fake_2307.jpg,0,0,True,0.9998681545257568,0.00013178662629798055
/content/Dataset/Test/Fake/fake_2308.jpg,0,0,True,0.9996127486228943,0.00038728630170226097
/content/Dataset/Test/Fake/fake_2309.jpg,0,0,True,0.999942421913147,5.758599581895396e-05
/content/Dataset/Test/Fake/fake_231.jpg,0,1,False,0.05418391525745392,0.9458160400390625
/content/Dataset/Test/Fake/fake_2310.jpg,0,0,True,0.6445593237876892,0.3554406464099884
/content/Dataset/Test/Fake/fake_2311.jpg,0,0,True,0.9999123811721802,8.760001219343394e-05
/content/Dataset/Test/Fake/fake_2312.jpg,0,0,True,0.999954342842102,4.566303323372267e-05
/content/Dataset/Test/Fake/fake_2313.jpg,0,0,True,0.8393430709838867,0.1606568694114685
/content/Dataset/Test/Fake/fake_2314.jpg,0,0,True,0.9999200105667114,7.994889165274799e-05
/content/Dataset/Test/Fake/fake_2315.jpg,0,0,True,0.6062624454498291,0.3937375545501709
/content/Dataset/Test/Fake/fake_2316.jpg,0,0,True,0.9999358654022217,6.413457595044747e-05
/content/Dataset/Test/Fake/fake_2317.jpg,0,0,True,0.9999524354934692,4.757981514558196e-05
/content/Dataset/Test/Fake/fake_2318.jpg,0,0,True,0.9841187000274658,0.015881331637501717
/content/Dataset/Test/Fake/fake_2319.jpg,0,0,True,0.9806920289993286,0.019307976588606834
/content/Dataset/Test/Fake/fake_232.jpg,0,0,True,0.9994526505470276,0.0005472938064485788
/content/Dataset/Test/Fake/fake_2320.jpg,0,0,True,0.9995766282081604,0.0004233236250001937
/content/Dataset/Test/Fake/fake_2321.jpg,0,0,True,0.8609541654586792,0.1390458196401596
/content/Dataset/Test/Fake/fake_2322.jpg,0,0,True,0.9998117089271545,0.00018834274669643492
/content/Dataset/Test/Fake/fake_2323.jpg,0,0,True,0.9997928738594055,0.00020711305842269212
/content/Dataset/Test/Fake/fake_2324.jpg,0,0,True,0.9999532699584961,4.669175541494042e-05
/content/Dataset/Test/Fake/fake_2325.jpg,0,0,True,0.9998582601547241,0.00014172602095641196
/content/Dataset/Test/Fake/fake_2326.jpg,0,0,True,0.6114098429679871,0.38859009742736816
/content/Dataset/Test/Fake/fake_2327.jpg,0,0,True,0.9169327616691589,0.08306726813316345
/content/Dataset/Test/Fake/fake_2328.jpg,0,0,True,0.9998218417167664,0.00017824496899265796
/content/Dataset/Test/Fake/fake_2329.jpg,0,0,True,0.9963406920433044,0.003659283509477973
/content/Dataset/Test/Fake/fake_233.jpg,0,0,True,0.7436287999153137,0.2563712000846863
/content/Dataset/Test/Fake/fake_2330.jpg,0,1,False,0.005525464192032814,0.9944745898246765
/content/Dataset/Test/Fake/fake_2331.jpg,0,0,True,0.9924282431602478,0.007571800611913204
/content/Dataset/Test/Fake/fake_2332.jpg,0,0,True,0.9998852014541626,0.00011475530482130125
/content/Dataset/Test/Fake/fake_2333.jpg,0,0,True,0.9964925646781921,0.0035073962062597275
/content/Dataset/Test/Fake/fake_2334.jpg,0,0,True,0.999931812286377,6.815547385485843e-05
/content/Dataset/Test/Fake/fake_2335.jpg,0,0,True,0.9999597072601318,4.0314338548341766e-05
/content/Dataset/Test/Fake/fake_2336.jpg,0,0,True,0.9999473094940186,5.2645696996478364e-05
/content/Dataset/Test/Fake/fake_2337.jpg,0,0,True,0.9999589920043945,4.105850530322641e-05
/content/Dataset/Test/Fake/fake_2338.jpg,0,0,True,0.9999380111694336,6.194815068738535e-05
/content/Dataset/Test/Fake/fake_2339.jpg,0,0,True,0.9999638795852661,3.617155380197801e-05
/content/Dataset/Test/Fake/fake_234.jpg,0,1,False,0.0043801963329315186,0.9956198334693909
/content/Dataset/Test/Fake/fake_2340.jpg,0,0,True,0.9926961660385132,0.007303908932954073
/content/Dataset/Test/Fake/fake_2341.jpg,0,0,True,0.999711811542511,0.000288186885882169
/content/Dataset/Test/Fake/fake_2342.jpg,0,0,True,0.9992607235908508,0.0007393097621388733
/content/Dataset/Test/Fake/fake_2343.jpg,0,0,True,0.9999533891677856,4.661795173888095e-05
/content/Dataset/Test/Fake/fake_2344.jpg,0,0,True,0.9856841564178467,0.014315806329250336
/content/Dataset/Test/Fake/fake_2345.jpg,0,0,True,0.7243363261222839,0.27566367387771606
/content/Dataset/Test/Fake/fake_2346.jpg,0,0,True,0.9967511892318726,0.0032488901633769274
/content/Dataset/Test/Fake/fake_2347.jpg,0,0,True,0.9997605681419373,0.00023947443696670234
/content/Dataset/Test/Fake/fake_2348.jpg,0,0,True,0.5148781538009644,0.48512181639671326
/content/Dataset/Test/Fake/fake_2349.jpg,0,0,True,0.9999254941940308,7.454421574948356e-05
/content/Dataset/Test/Fake/fake_235.jpg,0,0,True,0.9990847110748291,0.0009153145947493613
/content/Dataset/Test/Fake/fake_2350.jpg,0,0,True,0.999233603477478,0.0007664469303563237
/content/Dataset/Test/Fake/fake_2351.jpg,0,0,True,0.9181711077690125,0.08182881772518158
/content/Dataset/Test/Fake/fake_2352.jpg,0,0,True,0.9999594688415527,4.054532473674044e-05
/content/Dataset/Test/Fake/fake_2353.jpg,0,0,True,0.9999654293060303,3.4562559449113905e-05
/content/Dataset/Test/Fake/fake_2354.jpg,0,0,True,0.9999336004257202,6.6383283410687e-05
/content/Dataset/Test/Fake/fake_2355.jpg,0,0,True,0.9996201992034912,0.0003798121470026672
/content/Dataset/Test/Fake/fake_2356.jpg,0,0,True,0.9998540878295898,0.00014584574091713876
/content/Dataset/Test/Fake/fake_2357.jpg,0,0,True,0.9938225746154785,0.006177431903779507
/content/Dataset/Test/Fake/fake_2358.jpg,0,0,True,0.9999200105667114,7.99238114268519e-05
/content/Dataset/Test/Fake/fake_2359.jpg,0,0,True,0.9988490343093872,0.0011509291362017393
/content/Dataset/Test/Fake/fake_236.jpg,0,0,True,0.7614945769309998,0.23850546777248383
/content/Dataset/Test/Fake/fake_2360.jpg,0,0,True,0.9998935461044312,0.0001064222669810988
/content/Dataset/Test/Fake/fake_2361.jpg,0,0,True,0.9327244758605957,0.0672755241394043
/content/Dataset/Test/Fake/fake_2362.jpg,0,0,True,0.999957799911499,4.225241355015896e-05
/content/Dataset/Test/Fake/fake_2363.jpg,0,0,True,0.9998613595962524,0.00013865517394151539
/content/Dataset/Test/Fake/fake_2364.jpg,0,0,True,0.9999511241912842,4.881684435531497e-05
/content/Dataset/Test/Fake/fake_2365.jpg,0,0,True,0.9999532699584961,4.670204725698568e-05
/content/Dataset/Test/Fake/fake_2366.jpg,0,0,True,0.845510721206665,0.15448921918869019
/content/Dataset/Test/Fake/fake_2367.jpg,0,0,True,0.9999344348907471,6.561132613569498e-05
/content/Dataset/Test/Fake/fake_2368.jpg,0,0,True,0.9982885718345642,0.0017114360816776752
/content/Dataset/Test/Fake/fake_2369.jpg,0,0,True,0.8457277417182922,0.15427227318286896
/content/Dataset/Test/Fake/fake_237.jpg,0,1,False,0.00043724107672460377,0.9995627999305725
/content/Dataset/Test/Fake/fake_2370.jpg,0,0,True,0.9998779296875,0.00012201636127429083
/content/Dataset/Test/Fake/fake_2371.jpg,0,1,False,0.480376660823822,0.519623339176178
/content/Dataset/Test/Fake/fake_2372.jpg,0,0,True,0.9998918771743774,0.00010814583947649226
/content/Dataset/Test/Fake/fake_2373.jpg,0,0,True,0.997250497341156,0.002749459585174918
/content/Dataset/Test/Fake/fake_2374.jpg,0,0,True,0.9997206330299377,0.00027931129443459213
/content/Dataset/Test/Fake/fake_2375.jpg,0,0,True,0.9998036026954651,0.00019646756118163466
/content/Dataset/Test/Fake/fake_2376.jpg,0,0,True,0.9999563694000244,4.368443842395209e-05
/content/Dataset/Test/Fake/fake_2377.jpg,0,0,True,0.9495729207992554,0.05042704939842224
/content/Dataset/Test/Fake/fake_2378.jpg,0,0,True,0.9999381303787231,6.182208744576201e-05
/content/Dataset/Test/Fake/fake_2379.jpg,0,0,True,0.9998725652694702,0.00012739957310259342
/content/Dataset/Test/Fake/fake_238.jpg,0,0,True,0.9975757002830505,0.002424298319965601
/content/Dataset/Test/Fake/fake_2380.jpg,0,0,True,0.9998618364334106,0.0001381975453114137
/content/Dataset/Test/Fake/fake_2381.jpg,0,0,True,0.9999644756317139,3.5506065614754334e-05
/content/Dataset/Test/Fake/fake_2382.jpg,0,0,True,0.999957799911499,4.217483729007654e-05
/content/Dataset/Test/Fake/fake_2383.jpg,0,0,True,0.999778687953949,0.0002213211846537888
/content/Dataset/Test/Fake/fake_2384.jpg,0,0,True,0.9998522996902466,0.00014766094682272524
/content/Dataset/Test/Fake/fake_2385.jpg,0,0,True,0.9995001554489136,0.0004998796503059566
/content/Dataset/Test/Fake/fake_2386.jpg,0,1,False,0.021082116290926933,0.9789178967475891
/content/Dataset/Test/Fake/fake_2387.jpg,0,0,True,0.9999604225158691,3.9611910324310884e-05
/content/Dataset/Test/Fake/fake_2388.jpg,0,0,True,0.9999551773071289,4.487768092076294e-05
/content/Dataset/Test/Fake/fake_2389.jpg,0,0,True,0.999916672706604,8.33165249787271e-05
/content/Dataset/Test/Fake/fake_239.jpg,0,1,False,0.03312195464968681,0.9668780565261841
/content/Dataset/Test/Fake/fake_2390.jpg,0,0,True,0.9999521970748901,4.7786434151930735e-05
/content/Dataset/Test/Fake/fake_2391.jpg,0,0,True,0.9998353719711304,0.00016457794117741287
/content/Dataset/Test/Fake/fake_2392.jpg,0,0,True,0.9999088048934937,9.1145935584791e-05
/content/Dataset/Test/Fake/fake_2393.jpg,0,0,True,0.941395103931427,0.05860494449734688
/content/Dataset/Test/Fake/fake_2394.jpg,0,0,True,0.9997536540031433,0.00024628848768770695
/content/Dataset/Test/Fake/fake_2395.jpg,0,0,True,0.9982043504714966,0.0017955838702619076
/content/Dataset/Test/Fake/fake_2396.jpg,0,0,True,0.999932050704956,6.788913742639124e-05
/content/Dataset/Test/Fake/fake_2397.jpg,0,0,True,0.999954104423523,4.588525916915387e-05
/content/Dataset/Test/Fake/fake_2398.jpg,0,0,True,0.9998810291290283,0.00011897116200998425
/content/Dataset/Test/Fake/fake_2399.jpg,0,0,True,0.9999544620513916,4.557936699711718e-05
/content/Dataset/Test/Fake/fake_24.jpg,0,0,True,0.9999395608901978,6.04777924309019e-05
/content/Dataset/Test/Fake/fake_240.jpg,0,0,True,0.9994747042655945,0.0005253033596090972
/content/Dataset/Test/Fake/fake_2400.jpg,0,0,True,0.9997712969779968,0.00022871243709232658
/content/Dataset/Test/Fake/fake_2401.jpg,0,0,True,0.9953005313873291,0.004699507728219032
/content/Dataset/Test/Fake/fake_2402.jpg,0,0,True,0.9974561333656311,0.002543865703046322
/content/Dataset/Test/Fake/fake_2403.jpg,0,0,True,0.9998044371604919,0.0001956125779543072
/content/Dataset/Test/Fake/fake_2404.jpg,0,0,True,0.9970675110816956,0.002932503819465637
/content/Dataset/Test/Fake/fake_2405.jpg,0,0,True,0.9984575510025024,0.0015424120938405395
/content/Dataset/Test/Fake/fake_2406.jpg,0,0,True,0.9999397993087769,6.0221576859476045e-05
/content/Dataset/Test/Fake/fake_2407.jpg,0,1,False,0.43553265929222107,0.5644673705101013
/content/Dataset/Test/Fake/fake_2408.jpg,0,0,True,0.9952320456504822,0.004767931066453457
/content/Dataset/Test/Fake/fake_2409.jpg,0,0,True,0.9971087574958801,0.0028913100250065327
/content/Dataset/Test/Fake/fake_241.jpg,0,0,True,0.9997485280036926,0.00025151990121230483
/content/Dataset/Test/Fake/fake_2410.jpg,0,0,True,0.7734241485595703,0.22657588124275208
/content/Dataset/Test/Fake/fake_2411.jpg,0,1,False,0.08307810872793198,0.9169219136238098
/content/Dataset/Test/Fake/fake_2412.jpg,0,1,False,0.4491988718509674,0.5508010983467102
/content/Dataset/Test/Fake/fake_2413.jpg,0,0,True,0.9991123080253601,0.00088763318490237
/content/Dataset/Test/Fake/fake_2414.jpg,0,0,True,0.931660532951355,0.06833944469690323
/content/Dataset/Test/Fake/fake_2415.jpg,0,0,True,0.9999344348907471,6.560607289429754e-05
/content/Dataset/Test/Fake/fake_2416.jpg,0,0,True,0.9999537467956543,4.629569230019115e-05
/content/Dataset/Test/Fake/fake_2417.jpg,0,0,True,0.9999607801437378,3.920745075447485e-05
/content/Dataset/Test/Fake/fake_2418.jpg,0,0,True,0.992957353591919,0.007042663171887398
/content/Dataset/Test/Fake/fake_2419.jpg,0,0,True,0.9999581575393677,4.178291783318855e-05
/content/Dataset/Test/Fake/fake_242.jpg,0,0,True,0.8327836394309998,0.16721637547016144
/content/Dataset/Test/Fake/fake_2420.jpg,0,0,True,0.9999583959579468,4.163837729720399e-05
/content/Dataset/Test/Fake/fake_2421.jpg,0,0,True,0.9999606609344482,3.930380989913829e-05
/content/Dataset/Test/Fake/fake_2422.jpg,0,0,True,0.9996426105499268,0.0003573536523617804
/content/Dataset/Test/Fake/fake_2423.jpg,0,0,True,0.9999592304229736,4.071453076903708e-05
/content/Dataset/Test/Fake/fake_2424.jpg,0,0,True,0.9999319314956665,6.808129546698183e-05
/content/Dataset/Test/Fake/fake_2425.jpg,0,0,True,0.9860542416572571,0.013945753686130047
/content/Dataset/Test/Fake/fake_2426.jpg,0,0,True,0.9999583959579468,4.161693505011499e-05
/content/Dataset/Test/Fake/fake_2427.jpg,0,0,True,0.9413662552833557,0.05863378569483757
/content/Dataset/Test/Fake/fake_2428.jpg,0,0,True,0.9859603643417358,0.014039606787264347
/content/Dataset/Test/Fake/fake_2429.jpg,0,0,True,0.5671981573104858,0.4328018128871918
/content/Dataset/Test/Fake/fake_243.jpg,0,0,True,0.9998780488967896,0.00012198345211800188
/content/Dataset/Test/Fake/fake_2430.jpg,0,0,True,0.9999047517776489,9.526318171992898e-05
/content/Dataset/Test/Fake/fake_2431.jpg,0,0,True,0.999954104423523,4.5908633182989433e-05
/content/Dataset/Test/Fake/fake_2432.jpg,0,0,True,0.9998619556427002,0.0001380180474370718
/content/Dataset/Test/Fake/fake_2433.jpg,0,0,True,0.9999668598175049,3.3190608519362286e-05
/content/Dataset/Test/Fake/fake_2434.jpg,0,0,True,0.9999394416809082,6.052631215425208e-05
/content/Dataset/Test/Fake/fake_2435.jpg,0,0,True,0.9995883107185364,0.0004117079370189458
/content/Dataset/Test/Fake/fake_2436.jpg,0,0,True,0.990444004535675,0.009555949829518795
/content/Dataset/Test/Fake/fake_2437.jpg,0,0,True,0.9984347224235535,0.0015653083100914955
/content/Dataset/Test/Fake/fake_2438.jpg,0,0,True,0.9999595880508423,4.044522938784212e-05
/content/Dataset/Test/Fake/fake_2439.jpg,0,0,True,0.9999691247940063,3.0891391361365095e-05
/content/Dataset/Test/Fake/fake_244.jpg,0,0,True,0.9019995927810669,0.09800038486719131
/content/Dataset/Test/Fake/fake_2440.jpg,0,0,True,0.999932050704956,6.793654756620526e-05
/content/Dataset/Test/Fake/fake_2441.jpg,0,0,True,0.6203391551971436,0.37966081500053406
/content/Dataset/Test/Fake/fake_2442.jpg,0,0,True,0.9981175661087036,0.0018824456492438912
/content/Dataset/Test/Fake/fake_2443.jpg,0,0,True,0.999656081199646,0.0003439660358708352
/content/Dataset/Test/Fake/fake_2444.jpg,0,0,True,0.9973903298377991,0.0026097106747329235
/content/Dataset/Test/Fake/fake_2445.jpg,0,0,True,0.9997966885566711,0.00020327611127868295
/content/Dataset/Test/Fake/fake_2446.jpg,0,0,True,0.9997455477714539,0.00025450607063248754
/content/Dataset/Test/Fake/fake_2447.jpg,0,0,True,0.999927282333374,7.271843787748367e-05
/content/Dataset/Test/Fake/fake_2448.jpg,0,0,True,0.9998089671134949,0.00019102360238321126
/content/Dataset/Test/Fake/fake_2449.jpg,0,1,False,0.17072995007038116,0.82927006483078
/content/Dataset/Test/Fake/fake_245.jpg,0,1,False,0.2191135138273239,0.7808864712715149
/content/Dataset/Test/Fake/fake_2450.jpg,0,0,True,0.9990856647491455,0.0009143733186647296
/content/Dataset/Test/Fake/fake_2451.jpg,0,0,True,0.999951958656311,4.801840623258613e-05
/content/Dataset/Test/Fake/fake_2452.jpg,0,1,False,0.2733249366283417,0.7266750931739807
/content/Dataset/Test/Fake/fake_2453.jpg,0,0,True,0.9999191761016846,8.0814519606065e-05
/content/Dataset/Test/Fake/fake_2454.jpg,0,1,False,0.16462981700897217,0.8353701829910278
/content/Dataset/Test/Fake/fake_2455.jpg,0,0,True,0.9999444484710693,5.551755748456344e-05
/content/Dataset/Test/Fake/fake_2456.jpg,0,0,True,0.9998975992202759,0.00010243945143884048
/content/Dataset/Test/Fake/fake_2457.jpg,0,0,True,0.9987714886665344,0.0012284904951229692
/content/Dataset/Test/Fake/fake_2458.jpg,0,0,True,0.9989882111549377,0.0010118300560861826
/content/Dataset/Test/Fake/fake_2459.jpg,0,0,True,0.9965161085128784,0.0034838845022022724
/content/Dataset/Test/Fake/fake_246.jpg,0,1,False,0.1830839216709137,0.8169160485267639
/content/Dataset/Test/Fake/fake_2460.jpg,0,0,True,0.9995180368423462,0.0004819234018214047
/content/Dataset/Test/Fake/fake_2461.jpg,0,0,True,0.7240443229675293,0.2759556472301483
/content/Dataset/Test/Fake/fake_2462.jpg,0,0,True,0.9979700446128845,0.0020299465395510197
/content/Dataset/Test/Fake/fake_2463.jpg,0,0,True,0.9999572038650513,4.283610905986279e-05
/content/Dataset/Test/Fake/fake_2464.jpg,0,0,True,0.9654363393783569,0.03456359729170799
/content/Dataset/Test/Fake/fake_2465.jpg,0,0,True,0.9999706745147705,2.9349077522056177e-05
/content/Dataset/Test/Fake/fake_2466.jpg,0,0,True,0.9999594688415527,4.050594361615367e-05
/content/Dataset/Test/Fake/fake_2467.jpg,0,0,True,0.9999433755874634,5.658679219777696e-05
/content/Dataset/Test/Fake/fake_2468.jpg,0,0,True,0.9994799494743347,0.0005200558225624263
/content/Dataset/Test/Fake/fake_2469.jpg,0,0,True,0.9998993873596191,0.00010065947572002187
/content/Dataset/Test/Fake/fake_247.jpg,0,1,False,0.003436782630160451,0.9965632557868958
/content/Dataset/Test/Fake/fake_2470.jpg,0,0,True,0.999893069267273,0.00010687715985113755
/content/Dataset/Test/Fake/fake_2471.jpg,0,0,True,0.9998630285263062,0.00013697495160158724
/content/Dataset/Test/Fake/fake_2472.jpg,0,0,True,0.9855052828788757,0.014494693838059902
/content/Dataset/Test/Fake/fake_2473.jpg,0,0,True,0.9999555349349976,4.4439959310693666e-05
/content/Dataset/Test/Fake/fake_2474.jpg,0,0,True,0.9999666213989258,3.334720531711355e-05
/content/Dataset/Test/Fake/fake_2475.jpg,0,0,True,0.9999544620513916,4.557706415653229e-05
/content/Dataset/Test/Fake/fake_2476.jpg,0,0,True,0.9996682405471802,0.00033173750853165984
/content/Dataset/Test/Fake/fake_2477.jpg,0,0,True,0.9996601343154907,0.00033991647069342434
/content/Dataset/Test/Fake/fake_2478.jpg,0,0,True,0.9998915195465088,0.0001084999312297441
/content/Dataset/Test/Fake/fake_2479.jpg,0,0,True,0.9999464750289917,5.35644285264425e-05
/content/Dataset/Test/Fake/fake_248.jpg,0,1,False,0.3548338711261749,0.6451661586761475
/content/Dataset/Test/Fake/fake_2480.jpg,0,0,True,0.9973219037055969,0.0026781377382576466
/content/Dataset/Test/Fake/fake_2481.jpg,0,0,True,0.9999395608901978,6.044948167982511e-05
/content/Dataset/Test/Fake/fake_2482.jpg,0,0,True,0.9999643564224243,3.5698303690878674e-05
/content/Dataset/Test/Fake/fake_2483.jpg,0,0,True,0.9732803702354431,0.026719698682427406
/content/Dataset/Test/Fake/fake_2484.jpg,0,0,True,0.9437922835350037,0.05620775744318962
/content/Dataset/Test/Fake/fake_2485.jpg,0,0,True,0.9999406337738037,5.935043009230867e-05
/content/Dataset/Test/Fake/fake_2486.jpg,0,0,True,0.9953655004501343,0.004634521901607513
/content/Dataset/Test/Fake/fake_2487.jpg,0,0,True,0.9999343156814575,6.572059646714479e-05
/content/Dataset/Test/Fake/fake_2488.jpg,0,0,True,0.7878742218017578,0.2121257781982422
/content/Dataset/Test/Fake/fake_2489.jpg,0,0,True,0.9996378421783447,0.00036218485911376774
/content/Dataset/Test/Fake/fake_249.jpg,0,1,False,0.47245165705680847,0.5275483727455139
/content/Dataset/Test/Fake/fake_2490.jpg,0,0,True,0.9642392992973328,0.035760704427957535
/content/Dataset/Test/Fake/fake_2491.jpg,0,0,True,0.9161050319671631,0.0838950052857399
/content/Dataset/Test/Fake/fake_2492.jpg,0,0,True,0.9980173110961914,0.001982733840122819
/content/Dataset/Test/Fake/fake_2493.jpg,0,0,True,0.9999487400054932,5.121220965520479e-05
/content/Dataset/Test/Fake/fake_2494.jpg,0,1,False,0.009740114212036133,0.9902598261833191
/content/Dataset/Test/Fake/fake_2495.jpg,0,1,False,0.05630466341972351,0.9436953663825989
/content/Dataset/Test/Fake/fake_2496.jpg,0,0,True,0.9733532071113586,0.02664680778980255
/content/Dataset/Test/Fake/fake_2497.jpg,0,0,True,0.9998987913131714,0.00010125422704732046
/content/Dataset/Test/Fake/fake_2498.jpg,0,0,True,0.9995317459106445,0.00046832297812215984
/content/Dataset/Test/Fake/fake_2499.jpg,0,0,True,0.9998892545700073,0.00011072197958128527
/content/Dataset/Test/Fake/fake_25.jpg,0,0,True,0.9999209642410278,7.905952224973589e-05
/content/Dataset/Test/Fake/fake_250.jpg,0,0,True,0.9293533563613892,0.07064663618803024
/content/Dataset/Test/Fake/fake_2500.jpg,0,0,True,0.9999419450759888,5.810895163449459e-05
/content/Dataset/Test/Fake/fake_2501.jpg,0,0,True,0.9999593496322632,4.066246037837118e-05
/content/Dataset/Test/Fake/fake_2502.jpg,0,0,True,0.9965601563453674,0.003439775202423334
/content/Dataset/Test/Fake/fake_2503.jpg,0,0,True,0.99992835521698,7.162061956478283e-05
/content/Dataset/Test/Fake/fake_2504.jpg,0,1,False,0.3605971336364746,0.6394029259681702
/content/Dataset/Test/Fake/fake_2505.jpg,0,0,True,0.9987812638282776,0.0012187330285087228
/content/Dataset/Test/Fake/fake_2506.jpg,0,0,True,0.9966455101966858,0.003354407614096999
/content/Dataset/Test/Fake/fake_2507.jpg,0,0,True,0.9999570846557617,4.288829950382933e-05
/content/Dataset/Test/Fake/fake_2508.jpg,0,0,True,0.9999480247497559,5.198626240598969e-05
/content/Dataset/Test/Fake/fake_2509.jpg,0,0,True,0.9998656511306763,0.00013428562670014799
/content/Dataset/Test/Fake/fake_251.jpg,0,0,True,0.9997814297676086,0.00021858839318156242
/content/Dataset/Test/Fake/fake_2510.jpg,0,0,True,0.9999580383300781,4.2007533920696005e-05
/content/Dataset/Test/Fake/fake_2511.jpg,0,0,True,0.9630931615829468,0.03690679371356964
/content/Dataset/Test/Fake/fake_2512.jpg,0,0,True,0.9981923699378967,0.0018076125998049974
/content/Dataset/Test/Fake/fake_2513.jpg,0,0,True,0.9999665021896362,3.3466643799329177e-05
/content/Dataset/Test/Fake/fake_2514.jpg,0,0,True,0.9999423027038574,5.772768417955376e-05
/content/Dataset/Test/Fake/fake_2515.jpg,0,1,False,0.029487576335668564,0.9705124497413635
/content/Dataset/Test/Fake/fake_2516.jpg,0,0,True,0.9998505115509033,0.00014942834968678653
/content/Dataset/Test/Fake/fake_2517.jpg,0,0,True,0.9999687671661377,3.12409465550445e-05
/content/Dataset/Test/Fake/fake_2518.jpg,0,0,True,0.9994818568229675,0.0005181706510484219
/content/Dataset/Test/Fake/fake_2519.jpg,0,0,True,0.9998925924301147,0.0001073524181265384
/content/Dataset/Test/Fake/fake_252.jpg,0,0,True,0.9988996982574463,0.0011002335231751204
/content/Dataset/Test/Fake/fake_2520.jpg,0,0,True,0.9063959121704102,0.09360408037900925
/content/Dataset/Test/Fake/fake_2521.jpg,0,1,False,0.0075950613245368,0.9924048781394958
/content/Dataset/Test/Fake/fake_2522.jpg,0,0,True,0.999950647354126,4.940681537846103e-05
/content/Dataset/Test/Fake/fake_2523.jpg,0,0,True,0.9999047517776489,9.526900248602033e-05
/content/Dataset/Test/Fake/fake_2524.jpg,0,0,True,0.9999539852142334,4.605162394000217e-05
/content/Dataset/Test/Fake/fake_2525.jpg,0,0,True,0.9999511241912842,4.8817539209267125e-05
/content/Dataset/Test/Fake/fake_2526.jpg,0,0,True,0.9998681545257568,0.00013177545042708516
/content/Dataset/Test/Fake/fake_2527.jpg,0,0,True,0.9998177886009216,0.0001822423073463142
/content/Dataset/Test/Fake/fake_2528.jpg,0,0,True,0.5068314075469971,0.49316856265068054
/content/Dataset/Test/Fake/fake_2529.jpg,0,0,True,0.9865482449531555,0.013451730832457542
/content/Dataset/Test/Fake/fake_253.jpg,0,1,False,0.01238298136740923,0.9876170754432678
/content/Dataset/Test/Fake/fake_2530.jpg,0,0,True,0.9975154399871826,0.0024845327716320753
/content/Dataset/Test/Fake/fake_2531.jpg,0,0,True,0.9993376135826111,0.0006623791996389627
/content/Dataset/Test/Fake/fake_2532.jpg,0,0,True,0.9992857575416565,0.0007142151589505374
/content/Dataset/Test/Fake/fake_2533.jpg,0,1,False,0.18800628185272217,0.8119937181472778
/content/Dataset/Test/Fake/fake_2534.jpg,0,0,True,0.9999531507492065,4.680861093220301e-05
/content/Dataset/Test/Fake/fake_2535.jpg,0,0,True,0.9987059831619263,0.0012940019369125366
/content/Dataset/Test/Fake/fake_2536.jpg,0,0,True,0.9999358654022217,6.407801993191242e-05
/content/Dataset/Test/Fake/fake_2537.jpg,0,0,True,0.9999040365219116,9.592826972948387e-05
/content/Dataset/Test/Fake/fake_2538.jpg,0,0,True,0.9999299049377441,7.014389120740816e-05
/content/Dataset/Test/Fake/fake_2539.jpg,0,0,True,0.9999481439590454,5.183137545827776e-05
/content/Dataset/Test/Fake/fake_254.jpg,0,0,True,0.9999407529830933,5.929245162406005e-05
/content/Dataset/Test/Fake/fake_2540.jpg,0,0,True,0.9998514652252197,0.00014848040882498026
/content/Dataset/Test/Fake/fake_2541.jpg,0,0,True,0.9993878602981567,0.0006121081532910466
/content/Dataset/Test/Fake/fake_2542.jpg,0,0,True,0.9927573204040527,0.0072425962425768375
/content/Dataset/Test/Fake/fake_2543.jpg,0,0,True,0.9999415874481201,5.838027209392749e-05
/content/Dataset/Test/Fake/fake_2544.jpg,0,0,True,0.9998010993003845,0.00019886317022610456
/content/Dataset/Test/Fake/fake_2545.jpg,0,0,True,0.999967098236084,3.2863274100236595e-05
/content/Dataset/Test/Fake/fake_2546.jpg,0,0,True,0.9997815489768982,0.00021844732691533864
/content/Dataset/Test/Fake/fake_2547.jpg,0,0,True,0.9999549388885498,4.511354927672073e-05
/content/Dataset/Test/Fake/fake_2548.jpg,0,0,True,0.9991173148155212,0.00088266481179744
/content/Dataset/Test/Fake/fake_2549.jpg,0,0,True,0.9999443292617798,5.563866943703033e-05
/content/Dataset/Test/Fake/fake_255.jpg,0,0,True,0.999958872795105,4.107867425773293e-05
/content/Dataset/Test/Fake/fake_2550.jpg,0,0,True,0.9999128580093384,8.718018216313794e-05
/content/Dataset/Test/Fake/fake_2551.jpg,0,0,True,0.9987218976020813,0.0012780323158949614
/content/Dataset/Test/Fake/fake_2552.jpg,0,0,True,0.9998904466629028,0.00010949207353405654
/content/Dataset/Test/Fake/fake_2553.jpg,0,0,True,0.9999650716781616,3.495248529361561e-05
/content/Dataset/Test/Fake/fake_2554.jpg,0,0,True,0.9027875661849976,0.09721246361732483
/content/Dataset/Test/Fake/fake_2555.jpg,0,0,True,0.9999501705169678,4.977976277587004e-05
/content/Dataset/Test/Fake/fake_2556.jpg,0,0,True,0.8944575786590576,0.10554242879152298
/content/Dataset/Test/Fake/fake_2557.jpg,0,0,True,0.9998385906219482,0.0001613752101548016
/content/Dataset/Test/Fake/fake_2558.jpg,0,0,True,0.9980655312538147,0.0019344673492014408
/content/Dataset/Test/Fake/fake_2559.jpg,0,0,True,0.9999635219573975,3.6487756005954e-05
/content/Dataset/Test/Fake/fake_256.jpg,0,0,True,0.6900536417961121,0.3099464178085327
/content/Dataset/Test/Fake/fake_2560.jpg,0,0,True,0.999962329864502,3.7676665670005605e-05
/content/Dataset/Test/Fake/fake_2561.jpg,0,0,True,0.99991774559021,8.22727961349301e-05
/content/Dataset/Test/Fake/fake_2562.jpg,0,0,True,0.7834833860397339,0.2165166437625885
/content/Dataset/Test/Fake/fake_2563.jpg,0,0,True,0.7002173662185669,0.2997826039791107
/content/Dataset/Test/Fake/fake_2564.jpg,0,0,True,0.9701396226882935,0.029860401526093483
/content/Dataset/Test/Fake/fake_2565.jpg,0,0,True,0.9999459981918335,5.405406409408897e-05
/content/Dataset/Test/Fake/fake_2566.jpg,0,0,True,0.9995749592781067,0.0004250039055477828
/content/Dataset/Test/Fake/fake_2567.jpg,0,0,True,0.9996306896209717,0.0003692509781103581
/content/Dataset/Test/Fake/fake_2568.jpg,0,0,True,0.9999388456344604,6.11519644735381e-05
/content/Dataset/Test/Fake/fake_2569.jpg,0,0,True,0.8812028765678406,0.1187971755862236
/content/Dataset/Test/Fake/fake_257.jpg,0,0,True,0.999221682548523,0.000778326706495136
/content/Dataset/Test/Fake/fake_2570.jpg,0,0,True,0.9974103569984436,0.0025896041188389063
/content/Dataset/Test/Fake/fake_2571.jpg,0,0,True,0.9998817443847656,0.00011827257549157366
/content/Dataset/Test/Fake/fake_2572.jpg,0,0,True,0.7968609929084778,0.20313900709152222
/content/Dataset/Test/Fake/fake_2573.jpg,0,0,True,0.9999488592147827,5.116998727316968e-05
/content/Dataset/Test/Fake/fake_2574.jpg,0,0,True,0.9999511241912842,4.886943497695029e-05
/content/Dataset/Test/Fake/fake_2575.jpg,0,0,True,0.9850611090660095,0.01493888720870018
/content/Dataset/Test/Fake/fake_2576.jpg,0,0,True,0.9830020070075989,0.0169979315251112
/content/Dataset/Test/Fake/fake_2577.jpg,0,0,True,0.9987947940826416,0.0012052401434630156
/content/Dataset/Test/Fake/fake_2578.jpg,0,0,True,0.9987474679946899,0.0012525563361123204
/content/Dataset/Test/Fake/fake_2579.jpg,0,0,True,0.6269859671592712,0.37301409244537354
/content/Dataset/Test/Fake/fake_258.jpg,0,0,True,0.83708256483078,0.16291740536689758
/content/Dataset/Test/Fake/fake_2580.jpg,0,0,True,0.9997279047966003,0.0002720635384321213
/content/Dataset/Test/Fake/fake_2581.jpg,0,0,True,0.9998887777328491,0.00011122930300189182
/content/Dataset/Test/Fake/fake_2582.jpg,0,0,True,0.9986131191253662,0.0013868706300854683
/content/Dataset/Test/Fake/fake_2583.jpg,0,0,True,0.9995176792144775,0.0004822830087505281
/content/Dataset/Test/Fake/fake_2584.jpg,0,0,True,0.9952243566513062,0.004775648470968008
/content/Dataset/Test/Fake/fake_2585.jpg,0,0,True,0.9963393211364746,0.0036606949288398027
/content/Dataset/Test/Fake/fake_2586.jpg,0,0,True,0.9998005032539368,0.00019951138528995216
/content/Dataset/Test/Fake/fake_2587.jpg,0,1,False,0.23767893016338348,0.7623209953308105
/content/Dataset/Test/Fake/fake_2588.jpg,0,0,True,0.9996341466903687,0.000365820451406762
/content/Dataset/Test/Fake/fake_2589.jpg,0,0,True,0.9932057857513428,0.006794281303882599
/content/Dataset/Test/Fake/fake_259.jpg,0,0,True,0.9923785924911499,0.007621459662914276
/content/Dataset/Test/Fake/fake_2590.jpg,0,0,True,0.9982995390892029,0.0017004600958898664
/content/Dataset/Test/Fake/fake_2591.jpg,0,1,False,0.45065122842788696,0.5493487119674683
/content/Dataset/Test/Fake/fake_2592.jpg,0,0,True,0.9830871820449829,0.01691281981766224
/content/Dataset/Test/Fake/fake_2593.jpg,0,0,True,0.9999146461486816,8.539974078303203e-05
/content/Dataset/Test/Fake/fake_2594.jpg,0,0,True,0.999919056892395,8.091460767900571e-05
/content/Dataset/Test/Fake/fake_2595.jpg,0,0,True,0.7114547491073608,0.28854525089263916
/content/Dataset/Test/Fake/fake_2596.jpg,0,1,False,0.26915597915649414,0.7308439612388611
/content/Dataset/Test/Fake/fake_2597.jpg,0,0,True,0.6900424957275391,0.3099575340747833
/content/Dataset/Test/Fake/fake_2598.jpg,0,0,True,0.9999610185623169,3.903256219928153e-05
/content/Dataset/Test/Fake/fake_2599.jpg,0,0,True,0.999956488609314,4.3541615013964474e-05
/content/Dataset/Test/Fake/fake_26.jpg,0,0,True,0.8741942644119263,0.12580572068691254
/content/Dataset/Test/Fake/fake_260.jpg,0,0,True,0.9989898800849915,0.0010100827785208821
/content/Dataset/Test/Fake/fake_2600.jpg,0,1,False,0.1632729023694992,0.8367271423339844
/content/Dataset/Test/Fake/fake_2601.jpg,0,0,True,0.9999613761901855,3.8646325265290216e-05
/content/Dataset/Test/Fake/fake_2602.jpg,0,0,True,0.9999567270278931,4.3284766434226185e-05
/content/Dataset/Test/Fake/fake_2603.jpg,0,0,True,0.9999146461486816,8.535513188689947e-05
/content/Dataset/Test/Fake/fake_2604.jpg,0,0,True,0.9837713837623596,0.016228575259447098
/content/Dataset/Test/Fake/fake_2605.jpg,0,0,True,0.987082839012146,0.012917165644466877
/content/Dataset/Test/Fake/fake_2606.jpg,0,0,True,0.9923956394195557,0.0076043433509767056
/content/Dataset/Test/Fake/fake_2607.jpg,0,0,True,0.9588114619255066,0.041188519448041916
/content/Dataset/Test/Fake/fake_2608.jpg,0,0,True,0.999321460723877,0.0006784991128370166
/content/Dataset/Test/Fake/fake_2609.jpg,0,0,True,0.9388692378997803,0.06113080307841301
/content/Dataset/Test/Fake/fake_261.jpg,0,0,True,0.9999514818191528,4.857041494688019e-05
/content/Dataset/Test/Fake/fake_2610.jpg,0,0,True,0.5682881474494934,0.4317118525505066
/content/Dataset/Test/Fake/fake_2611.jpg,0,1,False,0.3511999845504761,0.6488000154495239
/content/Dataset/Test/Fake/fake_2612.jpg,0,0,True,0.999489426612854,0.0005105809541419148
/content/Dataset/Test/Fake/fake_2613.jpg,0,0,True,0.9984517097473145,0.0015483010793104768
/content/Dataset/Test/Fake/fake_2614.jpg,0,0,True,0.999934196472168,6.574741564691067e-05
/content/Dataset/Test/Fake/fake_2615.jpg,0,0,True,0.9999685287475586,3.146042217849754e-05
/content/Dataset/Test/Fake/fake_2616.jpg,0,0,True,0.9999277591705322,7.227239257190377e-05
/content/Dataset/Test/Fake/fake_2617.jpg,0,0,True,0.5528148412704468,0.44718512892723083
/content/Dataset/Test/Fake/fake_2618.jpg,0,0,True,0.9993834495544434,0.00061655486933887
/content/Dataset/Test/Fake/fake_2619.jpg,0,0,True,0.9935624599456787,0.00643752608448267
/content/Dataset/Test/Fake/fake_262.jpg,0,1,False,0.04887816682457924,0.9511218070983887
/content/Dataset/Test/Fake/fake_2620.jpg,0,0,True,0.8014202117919922,0.19857975840568542
/content/Dataset/Test/Fake/fake_2621.jpg,0,0,True,0.9957463145256042,0.00425370829179883
/content/Dataset/Test/Fake/fake_2622.jpg,0,0,True,0.999964714050293,3.525077045196667e-05
/content/Dataset/Test/Fake/fake_2623.jpg,0,0,True,0.9999151229858398,8.484403952024877e-05
/content/Dataset/Test/Fake/fake_2624.jpg,0,0,True,0.9999262094497681,7.379196904366836e-05
/content/Dataset/Test/Fake/fake_2625.jpg,0,0,True,0.9998346567153931,0.00016533606685698032
/content/Dataset/Test/Fake/fake_2626.jpg,0,0,True,0.9999140501022339,8.596482803113759e-05
/content/Dataset/Test/Fake/fake_2627.jpg,0,0,True,0.9723535776138306,0.027646426111459732
/content/Dataset/Test/Fake/fake_2628.jpg,0,1,False,0.04904007166624069,0.9509599804878235
/content/Dataset/Test/Fake/fake_2629.jpg,0,0,True,0.9892156720161438,0.010784384794533253
/content/Dataset/Test/Fake/fake_263.jpg,0,0,True,0.9908479452133179,0.009152027778327465
/content/Dataset/Test/Fake/fake_2630.jpg,0,1,False,0.0530644953250885,0.9469354748725891
/content/Dataset/Test/Fake/fake_2631.jpg,0,0,True,0.9977299571037292,0.0022700680419802666
/content/Dataset/Test/Fake/fake_2632.jpg,0,0,True,0.9999122619628906,8.76941267051734e-05
/content/Dataset/Test/Fake/fake_2633.jpg,0,0,True,0.9997883439064026,0.00021161379117984325
/content/Dataset/Test/Fake/fake_2634.jpg,0,0,True,0.9873982667922974,0.012601710855960846
/content/Dataset/Test/Fake/fake_2635.jpg,0,1,False,0.015993056818842888,0.984006941318512
/content/Dataset/Test/Fake/fake_2636.jpg,0,0,True,0.9999123811721802,8.760544005781412e-05
/content/Dataset/Test/Fake/fake_2637.jpg,0,0,True,0.9999698400497437,3.0191158657544293e-05
/content/Dataset/Test/Fake/fake_2638.jpg,0,1,False,0.3986645042896271,0.6013355255126953
/content/Dataset/Test/Fake/fake_2639.jpg,0,0,True,0.9991434812545776,0.0008565288735553622
/content/Dataset/Test/Fake/fake_264.jpg,0,1,False,0.01137272734194994,0.9886272549629211
/content/Dataset/Test/Fake/fake_2640.jpg,0,0,True,0.9999092817306519,9.074569970835e-05
/content/Dataset/Test/Fake/fake_2641.jpg,0,0,True,0.9999078512191772,9.216520265908912e-05
/content/Dataset/Test/Fake/fake_2642.jpg,0,0,True,0.999887228012085,0.00011271813127677888
/content/Dataset/Test/Fake/fake_2643.jpg,0,0,True,0.9999610185623169,3.9027127058943734e-05
/content/Dataset/Test/Fake/fake_2644.jpg,0,0,True,0.9999127388000488,8.722332859179005e-05
/content/Dataset/Test/Fake/fake_2645.jpg,0,0,True,0.9837372899055481,0.016262691468000412
/content/Dataset/Test/Fake/fake_2646.jpg,0,0,True,0.7433204054832458,0.25667959451675415
/content/Dataset/Test/Fake/fake_2647.jpg,0,0,True,0.9998977184295654,0.00010225782170891762
/content/Dataset/Test/Fake/fake_2648.jpg,0,0,True,0.999956488609314,4.346743298810907e-05
/content/Dataset/Test/Fake/fake_2649.jpg,0,0,True,0.9999436140060425,5.642772157443687e-05
/content/Dataset/Test/Fake/fake_265.jpg,0,0,True,0.874405562877655,0.12559440732002258
/content/Dataset/Test/Fake/fake_2650.jpg,0,0,True,0.9999518394470215,4.814936619368382e-05
/content/Dataset/Test/Fake/fake_2651.jpg,0,0,True,0.8641136288642883,0.13588634133338928
/content/Dataset/Test/Fake/fake_2652.jpg,0,0,True,0.9912428855895996,0.008757118135690689
/content/Dataset/Test/Fake/fake_2653.jpg,0,0,True,0.9686121940612793,0.03138783574104309
/content/Dataset/Test/Fake/fake_2654.jpg,0,0,True,0.9996891021728516,0.00031089255935512483
/content/Dataset/Test/Fake/fake_2655.jpg,0,0,True,0.9999432563781738,5.679233436239883e-05
/content/Dataset/Test/Fake/fake_2656.jpg,0,0,True,0.9091377854347229,0.0908622220158577
/content/Dataset/Test/Fake/fake_2657.jpg,0,0,True,0.9692026376724243,0.03079734742641449
/content/Dataset/Test/Fake/fake_2658.jpg,0,0,True,0.9754085540771484,0.024591520428657532
/content/Dataset/Test/Fake/fake_2659.jpg,0,0,True,0.9939113855361938,0.0060885692946612835
/content/Dataset/Test/Fake/fake_266.jpg,0,0,True,0.99687659740448,0.0031233932822942734
/content/Dataset/Test/Fake/fake_2660.jpg,0,0,True,0.9999525547027588,4.7473895392613485e-05
/content/Dataset/Test/Fake/fake_2661.jpg,0,0,True,0.9999526739120483,4.735231050290167e-05
/content/Dataset/Test/Fake/fake_2662.jpg,0,0,True,0.9975739121437073,0.0024260319769382477
/content/Dataset/Test/Fake/fake_2663.jpg,0,0,True,0.9999451637268066,5.4792104492662475e-05
/content/Dataset/Test/Fake/fake_2664.jpg,0,0,True,0.9996844530105591,0.0003155313606839627
/content/Dataset/Test/Fake/fake_2665.jpg,0,0,True,0.9998948574066162,0.00010509831918170676
/content/Dataset/Test/Fake/fake_2666.jpg,0,0,True,0.9999645948410034,3.5388806281844154e-05
/content/Dataset/Test/Fake/fake_2667.jpg,0,0,True,0.6315047144889832,0.36849525570869446
/content/Dataset/Test/Fake/fake_2668.jpg,0,0,True,0.9995007514953613,0.000499189191032201
/content/Dataset/Test/Fake/fake_2669.jpg,0,0,True,0.9994773268699646,0.0005227001965977252
/content/Dataset/Test/Fake/fake_267.jpg,0,0,True,0.8060686588287354,0.19393135607242584
/content/Dataset/Test/Fake/fake_2670.jpg,0,0,True,0.9999654293060303,3.4557018807390705e-05
/content/Dataset/Test/Fake/fake_2671.jpg,0,1,False,0.038177236914634705,0.9618226885795593
/content/Dataset/Test/Fake/fake_2672.jpg,0,1,False,0.035365425050258636,0.9646345973014832
/content/Dataset/Test/Fake/fake_2673.jpg,0,0,True,0.6836799383163452,0.31632000207901
/content/Dataset/Test/Fake/fake_2674.jpg,0,0,True,0.9998947381973267,0.00010525176912778988
/content/Dataset/Test/Fake/fake_2675.jpg,0,0,True,0.9980231523513794,0.0019769235514104366
/content/Dataset/Test/Fake/fake_2676.jpg,0,0,True,0.9999550580978394,4.499239366850816e-05
/content/Dataset/Test/Fake/fake_2677.jpg,0,0,True,0.9999480247497559,5.1917595556005836e-05
/content/Dataset/Test/Fake/fake_2678.jpg,0,0,True,0.9990781545639038,0.0009218577761203051
/content/Dataset/Test/Fake/fake_2679.jpg,0,0,True,0.9999357461929321,6.420090358005837e-05
/content/Dataset/Test/Fake/fake_268.jpg,0,0,True,0.9999504089355469,4.954042378813028e-05
/content/Dataset/Test/Fake/fake_2680.jpg,0,0,True,0.9999581575393677,4.187434751656838e-05
/content/Dataset/Test/Fake/fake_2681.jpg,0,0,True,0.9987257122993469,0.001274322741664946
/content/Dataset/Test/Fake/fake_2682.jpg,0,0,True,0.9998739957809448,0.00012593880819622427
/content/Dataset/Test/Fake/fake_2683.jpg,0,0,True,0.9999443292617798,5.5656975746387616e-05
/content/Dataset/Test/Fake/fake_2684.jpg,0,0,True,0.9999281167984009,7.190037285909057e-05
/content/Dataset/Test/Fake/fake_2685.jpg,0,0,True,0.9987297654151917,0.0012701808009296656
/content/Dataset/Test/Fake/fake_2686.jpg,0,0,True,0.5071581602096558,0.49284183979034424
/content/Dataset/Test/Fake/fake_2687.jpg,0,0,True,0.9997840523719788,0.00021592140546999872
/content/Dataset/Test/Fake/fake_2688.jpg,0,0,True,0.9992918968200684,0.0007080585928633809
/content/Dataset/Test/Fake/fake_2689.jpg,0,0,True,0.9998540878295898,0.0001458335027564317
/content/Dataset/Test/Fake/fake_269.jpg,0,1,False,0.38568297028541565,0.614316999912262
/content/Dataset/Test/Fake/fake_2690.jpg,0,0,True,0.9997808337211609,0.00021921892766840756
/content/Dataset/Test/Fake/fake_2691.jpg,0,0,True,0.9999572038650513,4.281086512492038e-05
/content/Dataset/Test/Fake/fake_2692.jpg,0,1,False,0.019107628613710403,0.9808923602104187
/content/Dataset/Test/Fake/fake_2693.jpg,0,1,False,0.020897110924124718,0.9791029095649719
/content/Dataset/Test/Fake/fake_2694.jpg,0,0,True,0.9739775657653809,0.02602243982255459
/content/Dataset/Test/Fake/fake_2695.jpg,0,0,True,0.6795355081558228,0.320464551448822
/content/Dataset/Test/Fake/fake_2696.jpg,0,0,True,0.9095172882080078,0.09048273414373398
/content/Dataset/Test/Fake/fake_2697.jpg,0,1,False,0.22393707931041718,0.7760629057884216
/content/Dataset/Test/Fake/fake_2698.jpg,0,0,True,0.9999321699142456,6.7790417233482e-05
/content/Dataset/Test/Fake/fake_2699.jpg,0,0,True,0.9999499320983887,5.002512989449315e-05
/content/Dataset/Test/Fake/fake_27.jpg,0,0,True,0.9992140531539917,0.0007859531906433403
/content/Dataset/Test/Fake/fake_270.jpg,0,0,True,0.9971875548362732,0.0028124337550252676
/content/Dataset/Test/Fake/fake_2700.jpg,0,0,True,0.999902606010437,9.738397056935355e-05
/content/Dataset/Test/Fake/fake_2701.jpg,0,0,True,0.9505645036697388,0.049435559660196304
/content/Dataset/Test/Fake/fake_2702.jpg,0,0,True,0.9996615648269653,0.00033844404970295727
/content/Dataset/Test/Fake/fake_2703.jpg,0,0,True,0.9975268244743347,0.0024731780868023634
/content/Dataset/Test/Fake/fake_2704.jpg,0,0,True,0.999698281288147,0.0003017270064447075
/content/Dataset/Test/Fake/fake_2705.jpg,0,1,False,0.0028609135188162327,0.9971390962600708
/content/Dataset/Test/Fake/fake_2706.jpg,0,0,True,0.9999680519104004,3.198284684913233e-05
/content/Dataset/Test/Fake/fake_2707.jpg,0,0,True,0.9999641180038452,3.591938366298564e-05
/content/Dataset/Test/Fake/fake_2708.jpg,0,0,True,0.9995859265327454,0.0004140696837566793
/content/Dataset/Test/Fake/fake_2709.jpg,0,0,True,0.9999668598175049,3.316564470878802e-05
/content/Dataset/Test/Fake/fake_271.jpg,0,0,True,0.9926882982254028,0.007311705034226179
/content/Dataset/Test/Fake/fake_2710.jpg,0,0,True,0.9787604212760925,0.021239589899778366
/content/Dataset/Test/Fake/fake_2711.jpg,0,0,True,0.9835506677627563,0.016449332237243652
/content/Dataset/Test/Fake/fake_2712.jpg,0,0,True,0.9999727010726929,2.732829307205975e-05
/content/Dataset/Test/Fake/fake_2713.jpg,0,1,False,0.495650976896286,0.5043489933013916
/content/Dataset/Test/Fake/fake_2714.jpg,0,0,True,0.9999028444290161,9.720175876282156e-05
/content/Dataset/Test/Fake/fake_2715.jpg,0,0,True,0.9999501705169678,4.983762119081803e-05
/content/Dataset/Test/Fake/fake_2716.jpg,0,0,True,0.9924325942993164,0.0075673507526516914
/content/Dataset/Test/Fake/fake_2717.jpg,0,0,True,0.9669278860092163,0.033072084188461304
/content/Dataset/Test/Fake/fake_2718.jpg,0,1,False,0.0002838067593984306,0.9997162222862244
/content/Dataset/Test/Fake/fake_2719.jpg,0,1,False,0.2173020839691162,0.7826979160308838
/content/Dataset/Test/Fake/fake_272.jpg,0,0,True,0.9985283613204956,0.001471565687097609
/content/Dataset/Test/Fake/fake_2720.jpg,0,0,True,0.9945762157440186,0.005423753056675196
/content/Dataset/Test/Fake/fake_2721.jpg,0,1,False,0.07323488593101501,0.9267651438713074
/content/Dataset/Test/Fake/fake_2722.jpg,0,0,True,0.9989684820175171,0.001031570485793054
/content/Dataset/Test/Fake/fake_2723.jpg,0,0,True,0.82748943567276,0.17251060903072357
/content/Dataset/Test/Fake/fake_2724.jpg,0,0,True,0.9998244643211365,0.00017560187552589923
/content/Dataset/Test/Fake/fake_2725.jpg,0,0,True,0.9996616840362549,0.0003383298753760755
/content/Dataset/Test/Fake/fake_2726.jpg,0,0,True,0.9796501398086548,0.020349914208054543
/content/Dataset/Test/Fake/fake_2727.jpg,0,0,True,0.999954104423523,4.592343611875549e-05
/content/Dataset/Test/Fake/fake_2728.jpg,0,1,False,0.03083086758852005,0.9691691994667053
/content/Dataset/Test/Fake/fake_2729.jpg,0,0,True,0.8871555924415588,0.11284436285495758
/content/Dataset/Test/Fake/fake_273.jpg,0,0,True,0.9998733997344971,0.00012653839075937867
/content/Dataset/Test/Fake/fake_2730.jpg,0,0,True,0.9987269043922424,0.0012731035239994526
/content/Dataset/Test/Fake/fake_2731.jpg,0,0,True,0.9157226085662842,0.08427733182907104
/content/Dataset/Test/Fake/fake_2732.jpg,0,0,True,0.9998581409454346,0.00014186231419444084
/content/Dataset/Test/Fake/fake_2733.jpg,0,1,False,0.31930863857269287,0.6806913614273071
/content/Dataset/Test/Fake/fake_2734.jpg,0,0,True,0.9999653100967407,3.4722688724286854e-05
/content/Dataset/Test/Fake/fake_2735.jpg,0,0,True,0.9927363395690918,0.007263688370585442
/content/Dataset/Test/Fake/fake_2736.jpg,0,1,False,0.011994686909019947,0.9880053400993347
/content/Dataset/Test/Fake/fake_2737.jpg,0,0,True,0.9999339580535889,6.607860996155068e-05
/content/Dataset/Test/Fake/fake_2738.jpg,0,0,True,0.5981648564338684,0.4018350839614868
/content/Dataset/Test/Fake/fake_2739.jpg,0,0,True,0.9997811913490295,0.00021881899738218635
/content/Dataset/Test/Fake/fake_274.jpg,0,0,True,0.9999333620071411,6.65824773022905e-05
/content/Dataset/Test/Fake/fake_2740.jpg,0,0,True,0.9944684505462646,0.005531572736799717
/content/Dataset/Test/Fake/fake_2741.jpg,0,0,True,0.9999769926071167,2.297388346050866e-05
/content/Dataset/Test/Fake/fake_2742.jpg,0,0,True,0.9999696016311646,3.0408245947910473e-05
/content/Dataset/Test/Fake/fake_2743.jpg,0,0,True,0.9990334510803223,0.0009665571851655841
/content/Dataset/Test/Fake/fake_2744.jpg,0,0,True,0.9997842907905579,0.0002156814734917134
/content/Dataset/Test/Fake/fake_2745.jpg,0,0,True,0.9999765157699585,2.3503527700086124e-05
/content/Dataset/Test/Fake/fake_2746.jpg,0,1,False,0.03860677033662796,0.9613932371139526
/content/Dataset/Test/Fake/fake_2747.jpg,0,0,True,0.9995967745780945,0.00040327871101908386
/content/Dataset/Test/Fake/fake_2748.jpg,0,0,True,0.9999675750732422,3.2437390473205596e-05
/content/Dataset/Test/Fake/fake_2749.jpg,0,0,True,0.999919056892395,8.0883051850833e-05
/content/Dataset/Test/Fake/fake_275.jpg,0,0,True,0.8275006413459778,0.17249935865402222
/content/Dataset/Test/Fake/fake_2750.jpg,0,0,True,0.915517270565033,0.08448271453380585
/content/Dataset/Test/Fake/fake_2751.jpg,0,0,True,0.9998121857643127,0.00018781442486215383
/content/Dataset/Test/Fake/fake_2752.jpg,0,0,True,0.9962829947471619,0.00371704064309597
/content/Dataset/Test/Fake/fake_2753.jpg,0,0,True,0.9999542236328125,4.577276558848098e-05
/content/Dataset/Test/Fake/fake_2754.jpg,0,0,True,0.9987466335296631,0.0012533427216112614
/content/Dataset/Test/Fake/fake_2755.jpg,0,0,True,0.9999538660049438,4.619126775651239e-05
/content/Dataset/Test/Fake/fake_2756.jpg,0,0,True,0.9999748468399048,2.5198036382789724e-05
/content/Dataset/Test/Fake/fake_2757.jpg,0,0,True,0.999975323677063,2.4728567950660363e-05
/content/Dataset/Test/Fake/fake_2758.jpg,0,0,True,0.9998437166213989,0.00015626999083906412
/content/Dataset/Test/Fake/fake_2759.jpg,0,0,True,0.9999691247940063,3.085914795519784e-05
/content/Dataset/Test/Fake/fake_276.jpg,0,0,True,0.9368659853935242,0.06313402205705643
/content/Dataset/Test/Fake/fake_2760.jpg,0,0,True,0.9600872993469238,0.03991267457604408
/content/Dataset/Test/Fake/fake_2761.jpg,0,0,True,0.9999663829803467,3.359487163834274e-05
/content/Dataset/Test/Fake/fake_2762.jpg,0,0,True,0.563933789730072,0.4360661506652832
/content/Dataset/Test/Fake/fake_2763.jpg,0,0,True,0.9997281432151794,0.0002718299219850451
/content/Dataset/Test/Fake/fake_2764.jpg,0,0,True,0.870741069316864,0.1292588859796524
/content/Dataset/Test/Fake/fake_2765.jpg,0,0,True,0.9999396800994873,6.0359852795954794e-05
/content/Dataset/Test/Fake/fake_2766.jpg,0,0,True,0.9999663829803467,3.3584907214390114e-05
/content/Dataset/Test/Fake/fake_2767.jpg,0,0,True,0.8151251077651978,0.18487490713596344
/content/Dataset/Test/Fake/fake_2768.jpg,0,0,True,0.9998810291290283,0.00011891558096976951
/content/Dataset/Test/Fake/fake_2769.jpg,0,0,True,0.999854326248169,0.00014569425547961146
/content/Dataset/Test/Fake/fake_277.jpg,0,0,True,0.9972507357597351,0.0027492884546518326
/content/Dataset/Test/Fake/fake_2770.jpg,0,0,True,0.9997467398643494,0.0002532966318540275
/content/Dataset/Test/Fake/fake_2771.jpg,0,0,True,0.9997233748435974,0.00027662140200845897
/content/Dataset/Test/Fake/fake_2772.jpg,0,0,True,0.9999483823776245,5.166778282728046e-05
/content/Dataset/Test/Fake/fake_2773.jpg,0,0,True,0.9962660670280457,0.003733942285180092
/content/Dataset/Test/Fake/fake_2774.jpg,0,0,True,0.9989688396453857,0.0010311242658644915
/content/Dataset/Test/Fake/fake_2775.jpg,0,0,True,0.9999679327011108,3.202765219612047e-05
/content/Dataset/Test/Fake/fake_2776.jpg,0,0,True,0.9999629259109497,3.706314601004124e-05
/content/Dataset/Test/Fake/fake_2777.jpg,0,0,True,0.6431695818901062,0.3568304181098938
/content/Dataset/Test/Fake/fake_2778.jpg,0,0,True,0.9807702302932739,0.01922982558608055
/content/Dataset/Test/Fake/fake_2779.jpg,0,0,True,0.9999173879623413,8.258247544290498e-05
/content/Dataset/Test/Fake/fake_278.jpg,0,0,True,0.9337419867515564,0.06625806540250778
/content/Dataset/Test/Fake/fake_2780.jpg,0,0,True,0.9999239444732666,7.610298780491576e-05
/content/Dataset/Test/Fake/fake_2781.jpg,0,0,True,0.9981492757797241,0.0018506988417357206
/content/Dataset/Test/Fake/fake_2782.jpg,0,0,True,0.9999700784683228,2.9891205485910177e-05
/content/Dataset/Test/Fake/fake_2783.jpg,0,0,True,0.9998904466629028,0.00010954451136058196
/content/Dataset/Test/Fake/fake_2784.jpg,0,0,True,0.9999593496322632,4.063823143951595e-05
/content/Dataset/Test/Fake/fake_2785.jpg,0,0,True,0.9942525029182434,0.005747529212385416
/content/Dataset/Test/Fake/fake_2786.jpg,0,0,True,0.9999748468399048,2.5137909688055515e-05
/content/Dataset/Test/Fake/fake_2787.jpg,0,0,True,0.8736661076545715,0.12633389234542847
/content/Dataset/Test/Fake/fake_2788.jpg,0,0,True,0.5148429870605469,0.48515695333480835
/content/Dataset/Test/Fake/fake_2789.jpg,0,0,True,0.9982681274414062,0.0017318206373602152
/content/Dataset/Test/Fake/fake_279.jpg,0,0,True,0.9998962879180908,0.00010374098201282322
/content/Dataset/Test/Fake/fake_2790.jpg,0,1,False,0.23241019248962402,0.767589807510376
/content/Dataset/Test/Fake/fake_2791.jpg,0,0,True,0.6570002436637878,0.34299978613853455
/content/Dataset/Test/Fake/fake_2792.jpg,0,1,False,0.029922498390078545,0.9700774550437927
/content/Dataset/Test/Fake/fake_2793.jpg,0,0,True,0.618251383304596,0.38174864649772644
/content/Dataset/Test/Fake/fake_2794.jpg,0,0,True,0.9934723377227783,0.006527658086270094
/content/Dataset/Test/Fake/fake_2795.jpg,0,0,True,0.9895519614219666,0.010448003187775612
/content/Dataset/Test/Fake/fake_2796.jpg,0,0,True,0.9998569488525391,0.0001430051779607311
/content/Dataset/Test/Fake/fake_2797.jpg,0,0,True,0.9999669790267944,3.301310425740667e-05
/content/Dataset/Test/Fake/fake_2798.jpg,0,0,True,0.98233562707901,0.017664309591054916
/content/Dataset/Test/Fake/fake_2799.jpg,0,0,True,0.9653801321983337,0.03461990877985954
/content/Dataset/Test/Fake/fake_28.jpg,0,0,True,0.9964842796325684,0.003515747142955661
/content/Dataset/Test/Fake/fake_280.jpg,0,0,True,0.9998838901519775,0.00011603855091379955
/content/Dataset/Test/Fake/fake_2800.jpg,0,1,False,0.040999747812747955,0.9590002298355103
/content/Dataset/Test/Fake/fake_2801.jpg,0,0,True,0.9999446868896484,5.535051604965702e-05
/content/Dataset/Test/Fake/fake_2802.jpg,0,0,True,0.9997535347938538,0.0002464658464305103
/content/Dataset/Test/Fake/fake_2803.jpg,0,0,True,0.9148883819580078,0.08511164784431458
/content/Dataset/Test/Fake/fake_2804.jpg,0,1,False,0.3274986743927002,0.6725013256072998
/content/Dataset/Test/Fake/fake_2805.jpg,0,0,True,0.9956920742988586,0.004307962022721767
/content/Dataset/Test/Fake/fake_2806.jpg,0,0,True,0.9999228715896606,7.717908010818064e-05
/content/Dataset/Test/Fake/fake_2807.jpg,0,1,False,0.09647257626056671,0.9035274386405945
/content/Dataset/Test/Fake/fake_2808.jpg,0,0,True,0.9986233711242676,0.001376684638671577
/content/Dataset/Test/Fake/fake_2809.jpg,0,0,True,0.9913536906242371,0.008646282367408276
/content/Dataset/Test/Fake/fake_281.jpg,0,1,False,0.44257745146751404,0.5574225783348083
/content/Dataset/Test/Fake/fake_2810.jpg,0,0,True,0.9913128018379211,0.008687181398272514
/content/Dataset/Test/Fake/fake_2811.jpg,0,1,False,0.010035593993961811,0.9899644255638123
/content/Dataset/Test/Fake/fake_2812.jpg,0,0,True,0.9647321105003357,0.035267941653728485
/content/Dataset/Test/Fake/fake_2813.jpg,0,0,True,0.6201884746551514,0.37981152534484863
/content/Dataset/Test/Fake/fake_2814.jpg,0,0,True,0.9999170303344727,8.29344498924911e-05
/content/Dataset/Test/Fake/fake_2815.jpg,0,0,True,0.9992488026618958,0.0007511159055866301
/content/Dataset/Test/Fake/fake_2816.jpg,0,0,True,0.9999544620513916,4.552645987132564e-05
/content/Dataset/Test/Fake/fake_2817.jpg,0,0,True,0.9993353486061096,0.0006646582623943686
/content/Dataset/Test/Fake/fake_2818.jpg,0,0,True,0.7051185369491577,0.2948814034461975
/content/Dataset/Test/Fake/fake_2819.jpg,0,1,False,0.014025455340743065,0.9859744906425476
/content/Dataset/Test/Fake/fake_282.jpg,0,0,True,0.9998757839202881,0.0001241416175616905
/content/Dataset/Test/Fake/fake_2820.jpg,0,0,True,0.9999444484710693,5.5602286010980606e-05
/content/Dataset/Test/Fake/fake_2821.jpg,0,0,True,0.5745258927345276,0.42547404766082764
/content/Dataset/Test/Fake/fake_2822.jpg,0,0,True,0.9964325428009033,0.003567499341443181
/content/Dataset/Test/Fake/fake_2823.jpg,0,0,True,0.9989221096038818,0.0010778710711747408
/content/Dataset/Test/Fake/fake_2824.jpg,0,0,True,0.9997987151145935,0.00020133428915869445
/content/Dataset/Test/Fake/fake_2825.jpg,0,0,True,0.7867196202278137,0.2132803499698639
/content/Dataset/Test/Fake/fake_2826.jpg,0,1,False,0.0003202967345714569,0.999679684638977
/content/Dataset/Test/Fake/fake_2827.jpg,0,0,True,0.9998495578765869,0.00015036623517517
/content/Dataset/Test/Fake/fake_2828.jpg,0,0,True,0.9752458333969116,0.024754205718636513
/content/Dataset/Test/Fake/fake_2829.jpg,0,0,True,0.9998737573623657,0.0001262220466742292
/content/Dataset/Test/Fake/fake_283.jpg,0,0,True,0.5279675722122192,0.47203242778778076
/content/Dataset/Test/Fake/fake_2830.jpg,0,0,True,0.9999383687973022,6.162827048683539e-05
/content/Dataset/Test/Fake/fake_2831.jpg,0,0,True,0.9999375343322754,6.251632294151932e-05
/content/Dataset/Test/Fake/fake_2832.jpg,0,0,True,0.9817966222763062,0.018203329294919968
/content/Dataset/Test/Fake/fake_2833.jpg,0,0,True,0.9998449087142944,0.00015505759802181274
/content/Dataset/Test/Fake/fake_2834.jpg,0,0,True,0.9998292922973633,0.00017070438480004668
/content/Dataset/Test/Fake/fake_2835.jpg,0,0,True,0.9998362064361572,0.0001637544046388939
/content/Dataset/Test/Fake/fake_2836.jpg,0,0,True,0.9998397827148438,0.00016022635099943727
/content/Dataset/Test/Fake/fake_2837.jpg,0,0,True,0.9999425411224365,5.741622226196341e-05
/content/Dataset/Test/Fake/fake_2838.jpg,0,0,True,0.999972939491272,2.7051188226323575e-05
/content/Dataset/Test/Fake/fake_2839.jpg,0,0,True,0.999968409538269,3.1635277991881594e-05
/content/Dataset/Test/Fake/fake_284.jpg,0,0,True,0.9993898868560791,0.0006100620958022773
/content/Dataset/Test/Fake/fake_2840.jpg,0,0,True,0.9953858256340027,0.0046142349019646645
/content/Dataset/Test/Fake/fake_2841.jpg,0,0,True,0.9999632835388184,3.677150743897073e-05
/content/Dataset/Test/Fake/fake_2842.jpg,0,0,True,0.9999681711196899,3.18873135256581e-05
/content/Dataset/Test/Fake/fake_2843.jpg,0,0,True,0.9999712705612183,2.8691652914858423e-05
/content/Dataset/Test/Fake/fake_2844.jpg,0,0,True,0.9999734163284302,2.6608378902892582e-05
/content/Dataset/Test/Fake/fake_2845.jpg,0,0,True,0.9999736547470093,2.6364632503828034e-05
/content/Dataset/Test/Fake/fake_2846.jpg,0,1,False,0.12297940999269485,0.8770205974578857
/content/Dataset/Test/Fake/fake_2847.jpg,0,0,True,0.9999562501907349,4.37444650742691e-05
/content/Dataset/Test/Fake/fake_2848.jpg,0,0,True,0.9999654293060303,3.456700869719498e-05
/content/Dataset/Test/Fake/fake_2849.jpg,0,0,True,0.9999758005142212,2.41490615735529e-05
/content/Dataset/Test/Fake/fake_285.jpg,0,0,True,0.9470836520195007,0.05291631817817688
/content/Dataset/Test/Fake/fake_2850.jpg,0,0,True,0.9999732971191406,2.6710122256190516e-05
/content/Dataset/Test/Fake/fake_2851.jpg,0,0,True,0.9999672174453735,3.280937744420953e-05
/content/Dataset/Test/Fake/fake_2852.jpg,0,0,True,0.5519737601280212,0.44802626967430115
/content/Dataset/Test/Fake/fake_2853.jpg,0,0,True,0.9999741315841675,2.5861707399599254e-05
/content/Dataset/Test/Fake/fake_2854.jpg,0,0,True,0.9999653100967407,3.4663094993447885e-05
/content/Dataset/Test/Fake/fake_2855.jpg,0,0,True,0.9999443292617798,5.5690161389065906e-05
/content/Dataset/Test/Fake/fake_2856.jpg,0,0,True,0.9924570322036743,0.007542962674051523
/content/Dataset/Test/Fake/fake_2857.jpg,0,0,True,0.9999688863754272,3.1072620913619176e-05
/content/Dataset/Test/Fake/fake_2858.jpg,0,0,True,0.9999473094940186,5.271904592518695e-05
/content/Dataset/Test/Fake/fake_2859.jpg,0,0,True,0.9999697208404541,3.0253553632064722e-05
/content/Dataset/Test/Fake/fake_286.jpg,0,0,True,0.9977748990058899,0.0022250660695135593
/content/Dataset/Test/Fake/fake_2860.jpg,0,0,True,0.9159948229789734,0.08400523662567139
/content/Dataset/Test/Fake/fake_2861.jpg,0,0,True,0.9999610185623169,3.8984646380413324e-05
/content/Dataset/Test/Fake/fake_2862.jpg,0,0,True,0.9998615980148315,0.00013841013424098492
/content/Dataset/Test/Fake/fake_2863.jpg,0,0,True,0.999954342842102,4.56304223916959e-05
/content/Dataset/Test/Fake/fake_2864.jpg,0,0,True,0.9999703168869019,2.968358421640005e-05
/content/Dataset/Test/Fake/fake_2865.jpg,0,0,True,0.9999691247940063,3.0846847948851064e-05
/content/Dataset/Test/Fake/fake_2866.jpg,0,0,True,0.9999707937240601,2.9162205464672297e-05
/content/Dataset/Test/Fake/fake_2867.jpg,0,0,True,0.9999620914459229,3.785472654271871e-05
/content/Dataset/Test/Fake/fake_2868.jpg,0,0,True,0.9999557733535767,4.426274972502142e-05
/content/Dataset/Test/Fake/fake_2869.jpg,0,0,True,0.9999686479568481,3.1368570489576086e-05
/content/Dataset/Test/Fake/fake_287.jpg,0,0,True,0.9979708790779114,0.0020291584078222513
/content/Dataset/Test/Fake/fake_2870.jpg,0,0,True,0.999974250793457,2.579203101049643e-05
/content/Dataset/Test/Fake/fake_2871.jpg,0,0,True,0.9999160766601562,8.395111944992095e-05
/content/Dataset/Test/Fake/fake_2872.jpg,0,0,True,0.9999221563339233,7.787527283653617e-05
/content/Dataset/Test/Fake/fake_2873.jpg,0,0,True,0.9999727010726929,2.730016058194451e-05
/content/Dataset/Test/Fake/fake_2874.jpg,0,0,True,0.9999744892120361,2.5534789529046975e-05
/content/Dataset/Test/Fake/fake_2875.jpg,0,0,True,0.9999735355377197,2.647544170031324e-05
/content/Dataset/Test/Fake/fake_2876.jpg,0,0,True,0.9999707937240601,2.922769090218935e-05
/content/Dataset/Test/Fake/fake_2877.jpg,0,0,True,0.9999675750732422,3.243547325837426e-05
/content/Dataset/Test/Fake/fake_2878.jpg,0,0,True,0.9999384880065918,6.155156734166667e-05
/content/Dataset/Test/Fake/fake_2879.jpg,0,0,True,0.9999707937240601,2.926288652815856e-05
/content/Dataset/Test/Fake/fake_288.jpg,0,0,True,0.9999624490737915,3.751042822841555e-05
/content/Dataset/Test/Fake/fake_2880.jpg,0,0,True,0.9998989105224609,0.00010103527893079445
/content/Dataset/Test/Fake/fake_2881.jpg,0,0,True,0.9996612071990967,0.00033875310327857733
/content/Dataset/Test/Fake/fake_2882.jpg,0,0,True,0.9998770952224731,0.00012294019688852131
/content/Dataset/Test/Fake/fake_2883.jpg,0,0,True,0.9999755620956421,2.445861537125893e-05
/content/Dataset/Test/Fake/fake_2884.jpg,0,0,True,0.9999432563781738,5.672683255397715e-05
/content/Dataset/Test/Fake/fake_2885.jpg,0,0,True,0.9998339414596558,0.00016605715791229159
/content/Dataset/Test/Fake/fake_2886.jpg,0,0,True,0.9980455636978149,0.001954448176547885
/content/Dataset/Test/Fake/fake_2887.jpg,0,0,True,0.9999572038650513,4.283692396711558e-05
/content/Dataset/Test/Fake/fake_2888.jpg,0,0,True,0.9999618530273438,3.8115242205094546e-05
/content/Dataset/Test/Fake/fake_2889.jpg,0,0,True,0.9999547004699707,4.528937643044628e-05
/content/Dataset/Test/Fake/fake_289.jpg,0,0,True,0.9976946711540222,0.0023053414188325405
/content/Dataset/Test/Fake/fake_2890.jpg,0,0,True,0.9999390840530396,6.088535155868158e-05
/content/Dataset/Test/Fake/fake_2891.jpg,0,0,True,0.9999595880508423,4.0371782233705744e-05
/content/Dataset/Test/Fake/fake_2892.jpg,0,0,True,0.9999033212661743,9.664628305472434e-05
/content/Dataset/Test/Fake/fake_2893.jpg,0,0,True,0.9999691247940063,3.089763777097687e-05
/content/Dataset/Test/Fake/fake_2894.jpg,0,0,True,0.9999099969863892,8.994551171781495e-05
/content/Dataset/Test/Fake/fake_2895.jpg,0,0,True,0.9998595714569092,0.00014039066445548087
/content/Dataset/Test/Fake/fake_2896.jpg,0,0,True,0.9999673366546631,3.268216096330434e-05
/content/Dataset/Test/Fake/fake_2897.jpg,0,0,True,0.9999731779098511,2.6805508241523057e-05
/content/Dataset/Test/Fake/fake_2898.jpg,0,0,True,0.9999721050262451,2.7912283258046955e-05
/content/Dataset/Test/Fake/fake_2899.jpg,0,0,True,0.9998655319213867,0.0001344224438071251
/content/Dataset/Test/Fake/fake_29.jpg,0,0,True,0.998814582824707,0.0011854831827804446
/content/Dataset/Test/Fake/fake_290.jpg,0,0,True,0.963175356388092,0.036824628710746765
/content/Dataset/Test/Fake/fake_2900.jpg,0,0,True,0.9998964071273804,0.00010356504208175465
/content/Dataset/Test/Fake/fake_2901.jpg,0,0,True,0.999955415725708,4.456902388483286e-05
/content/Dataset/Test/Fake/fake_2902.jpg,0,0,True,0.9988491535186768,0.0011508677853271365
/content/Dataset/Test/Fake/fake_2903.jpg,0,0,True,0.9997093081474304,0.0002906777954194695
/content/Dataset/Test/Fake/fake_2904.jpg,0,0,True,0.9999700784683228,2.997241790581029e-05
/content/Dataset/Test/Fake/fake_2905.jpg,0,0,True,0.9980401396751404,0.0019598810467869043
/content/Dataset/Test/Fake/fake_2906.jpg,0,0,True,0.9998898506164551,0.00011019092926289886
/content/Dataset/Test/Fake/fake_2907.jpg,0,0,True,0.9993969202041626,0.0006030814256519079
/content/Dataset/Test/Fake/fake_2908.jpg,0,0,True,0.8471078872680664,0.1528921276330948
/content/Dataset/Test/Fake/fake_2909.jpg,0,0,True,0.9999701976776123,2.9807719329255633e-05
/content/Dataset/Test/Fake/fake_291.jpg,0,0,True,0.9925177097320557,0.007482262793928385
/content/Dataset/Test/Fake/fake_2910.jpg,0,0,True,0.9998348951339722,0.00016501870413776487
/content/Dataset/Test/Fake/fake_2911.jpg,0,0,True,0.9996947050094604,0.0003053215623367578
/content/Dataset/Test/Fake/fake_2912.jpg,0,0,True,0.999733030796051,0.00026697758585214615
/content/Dataset/Test/Fake/fake_2913.jpg,0,0,True,0.9575681090354919,0.042431917041540146
/content/Dataset/Test/Fake/fake_2914.jpg,0,0,True,0.9999717473983765,2.8281883714953437e-05
/content/Dataset/Test/Fake/fake_2915.jpg,0,0,True,0.9938183426856995,0.006181678269058466
/content/Dataset/Test/Fake/fake_2916.jpg,0,0,True,0.9853819608688354,0.014617985114455223
/content/Dataset/Test/Fake/fake_2917.jpg,0,0,True,0.9999330043792725,6.693203613394871e-05
/content/Dataset/Test/Fake/fake_2918.jpg,0,0,True,0.9999604225158691,3.9614860725123435e-05
/content/Dataset/Test/Fake/fake_2919.jpg,0,0,True,0.9996871948242188,0.0003128528769593686
/content/Dataset/Test/Fake/fake_292.jpg,0,0,True,0.7440557479858398,0.25594425201416016
/content/Dataset/Test/Fake/fake_2920.jpg,0,0,True,0.9998631477355957,0.00013684609439224005
/content/Dataset/Test/Fake/fake_2921.jpg,0,0,True,0.9876182079315186,0.012381714768707752
/content/Dataset/Test/Fake/fake_2922.jpg,0,0,True,0.9982233643531799,0.0017766248201951385
/content/Dataset/Test/Fake/fake_2923.jpg,0,0,True,0.999946117401123,5.3851752454647794e-05
/content/Dataset/Test/Fake/fake_2924.jpg,0,0,True,0.9999037981033325,9.622630750527605e-05
/content/Dataset/Test/Fake/fake_2925.jpg,0,0,True,0.9104970693588257,0.08950295299291611
/content/Dataset/Test/Fake/fake_2926.jpg,0,0,True,0.9998680353164673,0.00013191009929869324
/content/Dataset/Test/Fake/fake_2927.jpg,0,0,True,0.9998806715011597,0.00011928183812415227
/content/Dataset/Test/Fake/fake_2928.jpg,0,0,True,0.9981752634048462,0.001824700622819364
/content/Dataset/Test/Fake/fake_2929.jpg,0,0,True,0.9999678134918213,3.220461803721264e-05
/content/Dataset/Test/Fake/fake_293.jpg,0,1,False,0.1816750019788742,0.8183250427246094
/content/Dataset/Test/Fake/fake_2930.jpg,0,0,True,0.9999678134918213,3.224376996513456e-05
/content/Dataset/Test/Fake/fake_2931.jpg,0,0,True,0.999958872795105,4.1155257349601015e-05
/content/Dataset/Test/Fake/fake_2932.jpg,0,0,True,0.9642392992973328,0.035760678350925446
/content/Dataset/Test/Fake/fake_2933.jpg,0,0,True,0.9999672174453735,3.2779014873085544e-05
/content/Dataset/Test/Fake/fake_2934.jpg,0,0,True,0.9997602105140686,0.0002397471689619124
/content/Dataset/Test/Fake/fake_2935.jpg,0,0,True,0.9999396800994873,6.034092075424269e-05
/content/Dataset/Test/Fake/fake_2936.jpg,0,0,True,0.9999516010284424,4.8435726057505235e-05
/content/Dataset/Test/Fake/fake_2937.jpg,0,0,True,0.9999560117721558,4.393556810100563e-05
/content/Dataset/Test/Fake/fake_2938.jpg,0,0,True,0.6181848049163818,0.38181519508361816
/content/Dataset/Test/Fake/fake_2939.jpg,0,0,True,0.881424069404602,0.11857593804597855
/content/Dataset/Test/Fake/fake_294.jpg,0,1,False,0.017636381089687347,0.9823635816574097
/content/Dataset/Test/Fake/fake_2940.jpg,0,1,False,0.31658780574798584,0.6834121942520142
/content/Dataset/Test/Fake/fake_2941.jpg,0,0,True,0.9999569654464722,4.2987678170902655e-05
/content/Dataset/Test/Fake/fake_2942.jpg,0,0,True,0.9998751878738403,0.0001248056214535609
/content/Dataset/Test/Fake/fake_2943.jpg,0,0,True,0.9998471736907959,0.00015276834892574698
/content/Dataset/Test/Fake/fake_2944.jpg,0,0,True,0.9782619476318359,0.021737992763519287
/content/Dataset/Test/Fake/fake_2945.jpg,0,0,True,0.9987972974777222,0.0012027348857373
/content/Dataset/Test/Fake/fake_2946.jpg,0,0,True,0.9999724626541138,2.7504775061970577e-05
/content/Dataset/Test/Fake/fake_2947.jpg,0,0,True,0.9999682903289795,3.165105590596795e-05
/content/Dataset/Test/Fake/fake_2948.jpg,0,0,True,0.9999696016311646,3.037954775209073e-05
/content/Dataset/Test/Fake/fake_2949.jpg,0,0,True,0.9999721050262451,2.7898870030185208e-05
/content/Dataset/Test/Fake/fake_295.jpg,0,0,True,0.5494173765182495,0.4505826532840729
/content/Dataset/Test/Fake/fake_2950.jpg,0,0,True,0.9999388456344604,6.11884897807613e-05
/content/Dataset/Test/Fake/fake_2951.jpg,0,0,True,0.9996775388717651,0.00032242940505966544
/content/Dataset/Test/Fake/fake_2952.jpg,0,0,True,0.9998981952667236,0.00010179288074141368
/content/Dataset/Test/Fake/fake_2953.jpg,0,0,True,0.9999737739562988,2.6199959393125027e-05
/content/Dataset/Test/Fake/fake_2954.jpg,0,0,True,0.9999442100524902,5.581526056630537e-05
/content/Dataset/Test/Fake/fake_2955.jpg,0,0,True,0.9984423518180847,0.0015576346777379513
/content/Dataset/Test/Fake/fake_2956.jpg,0,0,True,0.9998375177383423,0.00016246369341388345
/content/Dataset/Test/Fake/fake_2957.jpg,0,0,True,0.9999715089797974,2.8483478672569618e-05
/content/Dataset/Test/Fake/fake_2958.jpg,0,0,True,0.9980179071426392,0.0019820686429739
/content/Dataset/Test/Fake/fake_2959.jpg,0,0,True,0.9998776912689209,0.00012229348067194223
/content/Dataset/Test/Fake/fake_296.jpg,0,0,True,0.9833840131759644,0.01661595329642296
/content/Dataset/Test/Fake/fake_2960.jpg,0,0,True,0.9999641180038452,3.585394370020367e-05
/content/Dataset/Test/Fake/fake_2961.jpg,0,0,True,0.9999525547027588,4.745859405375086e-05
/content/Dataset/Test/Fake/fake_2962.jpg,0,0,True,0.9999756813049316,2.427166145935189e-05
/content/Dataset/Test/Fake/fake_2963.jpg,0,0,True,0.9999624490737915,3.751811891561374e-05
/content/Dataset/Test/Fake/fake_2964.jpg,0,0,True,0.9998626708984375,0.00013730266073253006
/content/Dataset/Test/Fake/fake_2965.jpg,0,0,True,0.9999141693115234,8.581861766288057e-05
/content/Dataset/Test/Fake/fake_2966.jpg,0,0,True,0.9995794892311096,0.0004204970318824053
/content/Dataset/Test/Fake/fake_2967.jpg,0,0,True,0.9993810653686523,0.0006189001142047346
/content/Dataset/Test/Fake/fake_2968.jpg,0,0,True,0.9999682903289795,3.1668176234234124e-05
/content/Dataset/Test/Fake/fake_2969.jpg,0,0,True,0.999883770942688,0.00011617472773650661
/content/Dataset/Test/Fake/fake_297.jpg,0,0,True,0.9992308616638184,0.000769147532992065
/content/Dataset/Test/Fake/fake_2970.jpg,0,0,True,0.9831876158714294,0.01681233011186123
/content/Dataset/Test/Fake/fake_2971.jpg,0,0,True,0.998916506767273,0.00108349381480366
/content/Dataset/Test/Fake/fake_2972.jpg,0,0,True,0.9999146461486816,8.529458864359185e-05
/content/Dataset/Test/Fake/fake_2973.jpg,0,0,True,0.9992361068725586,0.0007638522074557841
/content/Dataset/Test/Fake/fake_2974.jpg,0,0,True,0.9999701976776123,2.974320341309067e-05
/content/Dataset/Test/Fake/fake_2975.jpg,0,0,True,0.9999579191207886,4.202732816338539e-05
/content/Dataset/Test/Fake/fake_2976.jpg,0,0,True,0.9999624490737915,3.7576053728116676e-05
/content/Dataset/Test/Fake/fake_2977.jpg,0,0,True,0.999970555305481,2.9483844627975486e-05
/content/Dataset/Test/Fake/fake_2978.jpg,0,0,True,0.9999572038650513,4.279025597497821e-05
/content/Dataset/Test/Fake/fake_2979.jpg,0,0,True,0.9998410940170288,0.00015885281027294695
/content/Dataset/Test/Fake/fake_298.jpg,0,0,True,0.9880486130714417,0.011951382271945477
/content/Dataset/Test/Fake/fake_2980.jpg,0,0,True,0.9999687671661377,3.1215124181471765e-05
/content/Dataset/Test/Fake/fake_2981.jpg,0,0,True,0.9999700784683228,2.992380723298993e-05
/content/Dataset/Test/Fake/fake_2982.jpg,0,0,True,0.9999496936798096,5.02549264638219e-05
/content/Dataset/Test/Fake/fake_2983.jpg,0,0,True,0.9999744892120361,2.546710857131984e-05
/content/Dataset/Test/Fake/fake_2984.jpg,0,0,True,0.9999719858169556,2.802491871989332e-05
/content/Dataset/Test/Fake/fake_2985.jpg,0,0,True,0.9999775886535645,2.2392836399376392e-05
/content/Dataset/Test/Fake/fake_2986.jpg,0,0,True,0.9999722242355347,2.774826316453982e-05
/content/Dataset/Test/Fake/fake_2987.jpg,0,0,True,0.9941977262496948,0.0058022295124828815
/content/Dataset/Test/Fake/fake_2988.jpg,0,0,True,0.9995607733726501,0.00043916713912039995
/content/Dataset/Test/Fake/fake_2989.jpg,0,0,True,0.9999734163284302,2.654736817930825e-05
/content/Dataset/Test/Fake/fake_299.jpg,0,0,True,0.979957103729248,0.020042913034558296
/content/Dataset/Test/Fake/fake_2990.jpg,0,0,True,0.9998862743377686,0.00011373628512956202
/content/Dataset/Test/Fake/fake_2991.jpg,0,0,True,0.9999735355377197,2.64702903223224e-05
/content/Dataset/Test/Fake/fake_2992.jpg,0,0,True,0.9999687671661377,3.1210896850097924e-05
/content/Dataset/Test/Fake/fake_2993.jpg,0,0,True,0.9999728202819824,2.7203537683817558e-05
/content/Dataset/Test/Fake/fake_2994.jpg,0,0,True,0.9999456405639648,5.4352411098079756e-05
/content/Dataset/Test/Fake/fake_2995.jpg,0,0,True,0.999974250793457,2.5772582375793718e-05
/content/Dataset/Test/Fake/fake_2996.jpg,0,0,True,0.9999637603759766,3.628300692071207e-05
/content/Dataset/Test/Fake/fake_2997.jpg,0,0,True,0.9998025298118591,0.0001975412742467597
/content/Dataset/Test/Fake/fake_2998.jpg,0,0,True,0.9559603929519653,0.04403957352042198
/content/Dataset/Test/Fake/fake_2999.jpg,0,0,True,0.999967098236084,3.287198342150077e-05
/content/Dataset/Test/Fake/fake_3.jpg,0,0,True,0.9999603033065796,3.9749731513438746e-05
/content/Dataset/Test/Fake/fake_30.jpg,0,0,True,0.9702145457267761,0.029785480350255966
/content/Dataset/Test/Fake/fake_300.jpg,0,0,True,0.9981392621994019,0.0018606791272759438
/content/Dataset/Test/Fake/fake_3000.jpg,0,0,True,0.999492883682251,0.000507076270878315
/content/Dataset/Test/Fake/fake_3001.jpg,0,0,True,0.9676300883293152,0.03236992284655571
/content/Dataset/Test/Fake/fake_3002.jpg,0,0,True,0.9997541308403015,0.0002459039387758821
/content/Dataset/Test/Fake/fake_3003.jpg,0,0,True,0.9998698234558105,0.00013013105490244925
/content/Dataset/Test/Fake/fake_3004.jpg,0,0,True,0.9999734163284302,2.6633942979970016e-05
/content/Dataset/Test/Fake/fake_3005.jpg,0,0,True,0.9999568462371826,4.30978907388635e-05
/content/Dataset/Test/Fake/fake_3006.jpg,0,0,True,0.9999641180038452,3.583070429158397e-05
/content/Dataset/Test/Fake/fake_3007.jpg,0,0,True,0.9998903274536133,0.00010966145782731473
/content/Dataset/Test/Fake/fake_3008.jpg,0,0,True,0.9999505281448364,4.9477726861368865e-05
/content/Dataset/Test/Fake/fake_3009.jpg,0,0,True,0.9998008608818054,0.0001992129546124488
/content/Dataset/Test/Fake/fake_301.jpg,0,0,True,0.9011794328689575,0.09882061928510666
/content/Dataset/Test/Fake/fake_3010.jpg,0,0,True,0.9999773502349854,2.2661717594019137e-05
/content/Dataset/Test/Fake/fake_3011.jpg,0,0,True,0.999968409538269,3.153046054649167e-05
/content/Dataset/Test/Fake/fake_3012.jpg,0,0,True,0.9999711513519287,2.8889611712656915e-05
/content/Dataset/Test/Fake/fake_3013.jpg,0,0,True,0.9996960163116455,0.0003040101146325469
/content/Dataset/Test/Fake/fake_3014.jpg,0,0,True,0.9999699592590332,3.0057488402235322e-05
/content/Dataset/Test/Fake/fake_3015.jpg,0,0,True,0.9979021549224854,0.002097863471135497
/content/Dataset/Test/Fake/fake_3016.jpg,0,0,True,0.9942179918289185,0.005782009102404118
/content/Dataset/Test/Fake/fake_3017.jpg,0,0,True,0.9981964230537415,0.001803540624678135
/content/Dataset/Test/Fake/fake_3018.jpg,0,0,True,0.9999701976776123,2.983479316753801e-05
/content/Dataset/Test/Fake/fake_3019.jpg,0,0,True,0.9999693632125854,3.057853245991282e-05
/content/Dataset/Test/Fake/fake_302.jpg,0,0,True,0.99751877784729,0.0024812426418066025
/content/Dataset/Test/Fake/fake_3020.jpg,0,0,True,0.9999276399612427,7.230506889754906e-05
/content/Dataset/Test/Fake/fake_3021.jpg,0,0,True,0.9999691247940063,3.082835246459581e-05
/content/Dataset/Test/Fake/fake_3022.jpg,0,0,True,0.9999668598175049,3.30840157403145e-05
/content/Dataset/Test/Fake/fake_3023.jpg,0,0,True,0.999969482421875,3.0534185498254374e-05
/content/Dataset/Test/Fake/fake_3024.jpg,0,0,True,0.9999293088912964,7.070491119520739e-05
/content/Dataset/Test/Fake/fake_3025.jpg,0,0,True,0.999971866607666,2.8147484044893645e-05
/content/Dataset/Test/Fake/fake_3026.jpg,0,0,True,0.998649537563324,0.0013505156384781003
/content/Dataset/Test/Fake/fake_3027.jpg,0,0,True,0.9997684359550476,0.00023155103554017842
/content/Dataset/Test/Fake/fake_3028.jpg,0,0,True,0.8614999651908875,0.13850004971027374
/content/Dataset/Test/Fake/fake_3029.jpg,0,0,True,0.9999562501907349,4.3749139877036214e-05
/content/Dataset/Test/Fake/fake_303.jpg,0,0,True,0.9999598264694214,4.0141403587767854e-05
/content/Dataset/Test/Fake/fake_3030.jpg,0,0,True,0.9997696280479431,0.00023039686493575573
/content/Dataset/Test/Fake/fake_3031.jpg,0,0,True,0.9998427629470825,0.000157162532559596
/content/Dataset/Test/Fake/fake_3032.jpg,0,0,True,0.9999603033065796,3.9657265006098896e-05
/content/Dataset/Test/Fake/fake_3033.jpg,0,0,True,0.9999648332595825,3.5214256058679894e-05
/content/Dataset/Test/Fake/fake_3034.jpg,0,0,True,0.9999707937240601,2.9202668883954175e-05
/content/Dataset/Test/Fake/fake_3035.jpg,0,0,True,0.9999759197235107,2.4098313588183373e-05
/content/Dataset/Test/Fake/fake_3036.jpg,0,0,True,0.9999653100967407,3.4696833608904853e-05
/content/Dataset/Test/Fake/fake_3037.jpg,0,0,True,0.9999741315841675,2.588218922028318e-05
/content/Dataset/Test/Fake/fake_3038.jpg,0,0,True,0.9223537445068359,0.07764621824026108
/content/Dataset/Test/Fake/fake_3039.jpg,0,0,True,0.9998094439506531,0.0001906024117488414
/content/Dataset/Test/Fake/fake_304.jpg,0,1,False,0.41766083240509033,0.5823391675949097
/content/Dataset/Test/Fake/fake_3040.jpg,0,0,True,0.9999706745147705,2.931506242020987e-05
/content/Dataset/Test/Fake/fake_3041.jpg,0,0,True,0.9998170733451843,0.00018298128270544112
/content/Dataset/Test/Fake/fake_3042.jpg,0,0,True,0.9994465708732605,0.0005534661468118429
/content/Dataset/Test/Fake/fake_3043.jpg,0,0,True,0.9999183416366577,8.168390195351094e-05
/content/Dataset/Test/Fake/fake_3044.jpg,0,0,True,0.9999744892120361,2.5496778107481077e-05
/content/Dataset/Test/Fake/fake_3045.jpg,0,0,True,0.8826212286949158,0.11737873405218124
/content/Dataset/Test/Fake/fake_3046.jpg,0,0,True,0.9999376535415649,6.231698353076354e-05
/content/Dataset/Test/Fake/fake_3047.jpg,0,0,True,0.8773637413978577,0.12263628095388412
/content/Dataset/Test/Fake/fake_3048.jpg,0,0,True,0.9999725818634033,2.7367148504708894e-05
/content/Dataset/Test/Fake/fake_3049.jpg,0,1,False,0.27271369099617004,0.7272863388061523
/content/Dataset/Test/Fake/fake_305.jpg,0,0,True,0.9733182787895203,0.026681741699576378
/content/Dataset/Test/Fake/fake_3050.jpg,0,0,True,0.9999610185623169,3.903308606822975e-05
/content/Dataset/Test/Fake/fake_3051.jpg,0,0,True,0.9999651908874512,3.482180181890726e-05
/content/Dataset/Test/Fake/fake_3052.jpg,0,0,True,0.9999661445617676,3.3825104765128344e-05
/content/Dataset/Test/Fake/fake_3053.jpg,0,0,True,0.9999765157699585,2.3510967366746627e-05
/content/Dataset/Test/Fake/fake_3054.jpg,0,0,True,0.9999675750732422,3.242001184844412e-05
/content/Dataset/Test/Fake/fake_3055.jpg,0,0,True,0.9992534518241882,0.000746555277146399
/content/Dataset/Test/Fake/fake_3056.jpg,0,0,True,0.9953073859214783,0.004692604765295982
/content/Dataset/Test/Fake/fake_3057.jpg,0,0,True,0.9999675750732422,3.247044514864683e-05
/content/Dataset/Test/Fake/fake_3058.jpg,0,0,True,0.9993999004364014,0.0006001475849188864
/content/Dataset/Test/Fake/fake_3059.jpg,0,0,True,0.9999637603759766,3.629130878834985e-05
/content/Dataset/Test/Fake/fake_306.jpg,0,0,True,0.9392637610435486,0.06073620170354843
/content/Dataset/Test/Fake/fake_3060.jpg,0,0,True,0.9999693632125854,3.058532820432447e-05
/content/Dataset/Test/Fake/fake_3061.jpg,0,0,True,0.999914288520813,8.576144318794832e-05
/content/Dataset/Test/Fake/fake_3062.jpg,0,0,True,0.9997037053108215,0.0002962230355478823
/content/Dataset/Test/Fake/fake_3063.jpg,0,0,True,0.9999711513519287,2.890223368012812e-05
/content/Dataset/Test/Fake/fake_3064.jpg,0,0,True,0.9987015724182129,0.0012983951019123197
/content/Dataset/Test/Fake/fake_3065.jpg,0,0,True,0.9994271993637085,0.0005728609976358712
/content/Dataset/Test/Fake/fake_3066.jpg,0,0,True,0.9997394680976868,0.00026049994630739093
/content/Dataset/Test/Fake/fake_3067.jpg,0,0,True,0.9999489784240723,5.099666304886341e-05
/content/Dataset/Test/Fake/fake_3068.jpg,0,0,True,0.9996590614318848,0.0003409714554436505
/content/Dataset/Test/Fake/fake_3069.jpg,0,0,True,0.6861051917076111,0.3138948082923889
/content/Dataset/Test/Fake/fake_307.jpg,0,0,True,0.9943180680274963,0.005681929178535938
/content/Dataset/Test/Fake/fake_3070.jpg,0,0,True,0.9998688697814941,0.00013116907211951911
/content/Dataset/Test/Fake/fake_3071.jpg,0,0,True,0.9992890357971191,0.0007109864382073283
/content/Dataset/Test/Fake/fake_3072.jpg,0,0,True,0.9999715089797974,2.849268821591977e-05
/content/Dataset/Test/Fake/fake_3073.jpg,0,0,True,0.999972939491272,2.706700615817681e-05
/content/Dataset/Test/Fake/fake_3074.jpg,0,0,True,0.9999392032623291,6.078173464629799e-05
/content/Dataset/Test/Fake/fake_3075.jpg,0,0,True,0.9994781613349915,0.0005218953592702746
/content/Dataset/Test/Fake/fake_3076.jpg,0,0,True,0.9991573095321655,0.0008427330758422613
/content/Dataset/Test/Fake/fake_3077.jpg,0,0,True,0.7534317374229431,0.2465682476758957
/content/Dataset/Test/Fake/fake_3078.jpg,0,0,True,0.9999223947525024,7.75679072830826e-05
/content/Dataset/Test/Fake/fake_3079.jpg,0,0,True,0.9716416597366333,0.028358399868011475
/content/Dataset/Test/Fake/fake_308.jpg,0,0,True,0.9997578263282776,0.00024220743216574192
/content/Dataset/Test/Fake/fake_3080.jpg,0,0,True,0.9999712705612183,2.871623291866854e-05
/content/Dataset/Test/Fake/fake_3081.jpg,0,0,True,0.998429000377655,0.0015709528233855963
/content/Dataset/Test/Fake/fake_3082.jpg,0,0,True,0.9999217987060547,7.822918269084767e-05
/content/Dataset/Test/Fake/fake_3083.jpg,0,0,True,0.9910939335823059,0.008906083181500435
/content/Dataset/Test/Fake/fake_3084.jpg,0,0,True,0.9999526739120483,4.732215165859088e-05
/content/Dataset/Test/Fake/fake_3085.jpg,0,0,True,0.9999481439590454,5.182598761166446e-05
/content/Dataset/Test/Fake/fake_3086.jpg,0,0,True,0.9999637603759766,3.6195910070091486e-05
/content/Dataset/Test/Fake/fake_3087.jpg,0,0,True,0.9997393488883972,0.0002606124326121062
/content/Dataset/Test/Fake/fake_3088.jpg,0,0,True,0.999927282333374,7.271552021848038e-05
/content/Dataset/Test/Fake/fake_3089.jpg,0,0,True,0.9997685551643372,0.00023146164312493056
/content/Dataset/Test/Fake/fake_309.jpg,0,0,True,0.9998483657836914,0.00015156218432821333
/content/Dataset/Test/Fake/fake_3090.jpg,0,0,True,0.9997578263282776,0.00024218203907366842
/content/Dataset/Test/Fake/fake_3091.jpg,0,0,True,0.9968795776367188,0.00312039558775723
/content/Dataset/Test/Fake/fake_3092.jpg,0,0,True,0.999881386756897,0.0001185857254313305
/content/Dataset/Test/Fake/fake_3093.jpg,0,0,True,0.9999767541885376,2.328351365576964e-05
/content/Dataset/Test/Fake/fake_3094.jpg,0,0,True,0.9999717473983765,2.8245656721992418e-05
/content/Dataset/Test/Fake/fake_3095.jpg,0,0,True,0.9999752044677734,2.4755510821705684e-05
/content/Dataset/Test/Fake/fake_3096.jpg,0,0,True,0.9999719858169556,2.799355934257619e-05
/content/Dataset/Test/Fake/fake_3097.jpg,0,0,True,0.9999483823776245,5.1653492846526206e-05
/content/Dataset/Test/Fake/fake_3098.jpg,0,0,True,0.9999642372131348,3.5738019505515695e-05
/content/Dataset/Test/Fake/fake_3099.jpg,0,0,True,0.9996920824050903,0.00030793092446401715
/content/Dataset/Test/Fake/fake_31.jpg,0,0,True,0.9999103546142578,8.961949788499624e-05
/content/Dataset/Test/Fake/fake_310.jpg,0,0,True,0.7171135544776917,0.28288641571998596
/content/Dataset/Test/Fake/fake_3100.jpg,0,0,True,0.9997714161872864,0.0002285519876750186
/content/Dataset/Test/Fake/fake_3101.jpg,0,0,True,0.6731827259063721,0.3268173038959503
/content/Dataset/Test/Fake/fake_3102.jpg,0,0,True,0.9999752044677734,2.4846616724971682e-05
/content/Dataset/Test/Fake/fake_3103.jpg,0,0,True,0.9999656677246094,3.43828032782767e-05
/content/Dataset/Test/Fake/fake_3104.jpg,0,0,True,0.9999784231185913,2.1632213247357868e-05
/content/Dataset/Test/Fake/fake_3105.jpg,0,0,True,0.9999735355377197,2.645585482241586e-05
/content/Dataset/Test/Fake/fake_3106.jpg,0,0,True,0.9999721050262451,2.7918140403926373e-05
/content/Dataset/Test/Fake/fake_3107.jpg,0,0,True,0.9999701976776123,2.980476347147487e-05
/content/Dataset/Test/Fake/fake_3108.jpg,0,0,True,0.9863001704216003,0.013699900358915329
/content/Dataset/Test/Fake/fake_3109.jpg,0,0,True,0.9951120018959045,0.004887956194579601
/content/Dataset/Test/Fake/fake_311.jpg,0,0,True,0.975362241268158,0.02463768981397152
/content/Dataset/Test/Fake/fake_3110.jpg,0,0,True,0.9967970252037048,0.0032029966823756695
/content/Dataset/Test/Fake/fake_3111.jpg,0,0,True,0.9999560117721558,4.40273797721602e-05
/content/Dataset/Test/Fake/fake_3112.jpg,0,0,True,0.999525785446167,0.0004742230230476707
/content/Dataset/Test/Fake/fake_3113.jpg,0,0,True,0.9999629259109497,3.709454904310405e-05
/content/Dataset/Test/Fake/fake_3114.jpg,0,0,True,0.9997028708457947,0.000297055346891284
/content/Dataset/Test/Fake/fake_3115.jpg,0,0,True,0.999966025352478,3.399488559807651e-05
/content/Dataset/Test/Fake/fake_3116.jpg,0,0,True,0.999966025352478,3.401667345315218e-05
/content/Dataset/Test/Fake/fake_3117.jpg,0,0,True,0.9995788931846619,0.00042104971362277865
/content/Dataset/Test/Fake/fake_3118.jpg,0,0,True,0.9999707937240601,2.9254348191898316e-05
/content/Dataset/Test/Fake/fake_3119.jpg,0,0,True,0.999972939491272,2.7095726181869395e-05
/content/Dataset/Test/Fake/fake_312.jpg,0,0,True,0.9344120025634766,0.06558797508478165
/content/Dataset/Test/Fake/fake_3120.jpg,0,0,True,0.9999748468399048,2.5153545720968395e-05
/content/Dataset/Test/Fake/fake_3121.jpg,0,0,True,0.9999667406082153,3.32816707668826e-05
/content/Dataset/Test/Fake/fake_3122.jpg,0,0,True,0.9999340772628784,6.58920980640687e-05
/content/Dataset/Test/Fake/fake_3123.jpg,0,0,True,0.9993659853935242,0.0006340726395137608
/content/Dataset/Test/Fake/fake_3124.jpg,0,0,True,0.9999293088912964,7.072845619404688e-05
/content/Dataset/Test/Fake/fake_3125.jpg,0,0,True,0.9990574717521667,0.0009425697498954833
/content/Dataset/Test/Fake/fake_3126.jpg,0,0,True,0.9999685287475586,3.141260094707832e-05
/content/Dataset/Test/Fake/fake_3127.jpg,0,0,True,0.9999786615371704,2.1346071662264876e-05
/content/Dataset/Test/Fake/fake_3128.jpg,0,0,True,0.999975323677063,2.462356314936187e-05
/content/Dataset/Test/Fake/fake_3129.jpg,0,0,True,0.9999721050262451,2.7938860512222163e-05
/content/Dataset/Test/Fake/fake_313.jpg,0,0,True,0.7059515118598938,0.2940484881401062
/content/Dataset/Test/Fake/fake_3130.jpg,0,0,True,0.9999332427978516,6.671531446045265e-05
/content/Dataset/Test/Fake/fake_3131.jpg,0,0,True,0.9998602867126465,0.0001397454325342551
/content/Dataset/Test/Fake/fake_3132.jpg,0,0,True,0.9999741315841675,2.5843661205726676e-05
/content/Dataset/Test/Fake/fake_3133.jpg,0,0,True,0.9999723434448242,2.7632811907096766e-05
/content/Dataset/Test/Fake/fake_3134.jpg,0,0,True,0.9999619722366333,3.8025715184630826e-05
/content/Dataset/Test/Fake/fake_3135.jpg,0,0,True,0.999970555305481,2.9432658266159706e-05
/content/Dataset/Test/Fake/fake_3136.jpg,0,0,True,0.9999725818634033,2.738338844210375e-05
/content/Dataset/Test/Fake/fake_3137.jpg,0,0,True,0.9999732971191406,2.6660905859898776e-05
/content/Dataset/Test/Fake/fake_3138.jpg,0,0,True,0.5567506551742554,0.443249374628067
/content/Dataset/Test/Fake/fake_3139.jpg,0,0,True,0.9999613761901855,3.8650305214105174e-05
/content/Dataset/Test/Fake/fake_314.jpg,0,0,True,0.5320442318916321,0.4679557979106903
/content/Dataset/Test/Fake/fake_3140.jpg,0,0,True,0.9978431463241577,0.0021567833609879017
/content/Dataset/Test/Fake/fake_3141.jpg,0,0,True,0.9999479055404663,5.211880124988966e-05
/content/Dataset/Test/Fake/fake_3142.jpg,0,0,True,0.9999656677246094,3.4354485251242295e-05
/content/Dataset/Test/Fake/fake_3143.jpg,0,0,True,0.9999748468399048,2.5173609174089506e-05
/content/Dataset/Test/Fake/fake_3144.jpg,0,0,True,0.9999474287033081,5.262045669951476e-05
/content/Dataset/Test/Fake/fake_3145.jpg,0,0,True,0.9993742108345032,0.0006258651847019792
/content/Dataset/Test/Fake/fake_3146.jpg,0,0,True,0.9999724626541138,2.750348903646227e-05
/content/Dataset/Test/Fake/fake_3147.jpg,0,0,True,0.9999730587005615,2.6984120268025436e-05
/content/Dataset/Test/Fake/fake_3148.jpg,0,0,True,0.9999691247940063,3.0931420042179525e-05
/content/Dataset/Test/Fake/fake_3149.jpg,0,0,True,0.9998433589935303,0.00015659125347156078
/content/Dataset/Test/Fake/fake_315.jpg,0,0,True,0.9998810291290283,0.00011896866635652259
/content/Dataset/Test/Fake/fake_3150.jpg,0,0,True,0.9999542236328125,4.57443566119764e-05
/content/Dataset/Test/Fake/fake_3151.jpg,0,0,True,0.999962329864502,3.762496271519922e-05
/content/Dataset/Test/Fake/fake_3152.jpg,0,0,True,0.9999681711196899,3.1770086934557185e-05
/content/Dataset/Test/Fake/fake_3153.jpg,0,0,True,0.9959191679954529,0.0040808869525790215
/content/Dataset/Test/Fake/fake_3154.jpg,0,0,True,0.9953153133392334,0.004684734158217907
/content/Dataset/Test/Fake/fake_3155.jpg,0,0,True,0.9999662637710571,3.3684951631585136e-05
/content/Dataset/Test/Fake/fake_3156.jpg,0,0,True,0.9974170923233032,0.002582940272986889
/content/Dataset/Test/Fake/fake_3157.jpg,0,0,True,0.9999710321426392,2.9004337193327956e-05
/content/Dataset/Test/Fake/fake_3158.jpg,0,0,True,0.649604082107544,0.35039594769477844
/content/Dataset/Test/Fake/fake_3159.jpg,0,0,True,0.9999680519104004,3.1910036341287196e-05
/content/Dataset/Test/Fake/fake_316.jpg,0,0,True,0.9123621582984924,0.08763781189918518
/content/Dataset/Test/Fake/fake_3160.jpg,0,0,True,0.9999755620956421,2.440919342916459e-05
/content/Dataset/Test/Fake/fake_3161.jpg,0,0,True,0.9999747276306152,2.522823342587799e-05
/content/Dataset/Test/Fake/fake_3162.jpg,0,0,True,0.9940505623817444,0.0059494138695299625
/content/Dataset/Test/Fake/fake_3163.jpg,0,0,True,0.9998800754547119,0.00011996568355243653
/content/Dataset/Test/Fake/fake_3164.jpg,0,0,True,0.9999680519104004,3.194705641362816e-05
/content/Dataset/Test/Fake/fake_3165.jpg,0,0,True,0.9999022483825684,9.773068450158462e-05
/content/Dataset/Test/Fake/fake_3166.jpg,0,0,True,0.9999685287475586,3.1462401238968596e-05
/content/Dataset/Test/Fake/fake_3167.jpg,0,0,True,0.9998611211776733,0.00013882172061130404
/content/Dataset/Test/Fake/fake_3168.jpg,0,0,True,0.9999459981918335,5.4023861594032496e-05
/content/Dataset/Test/Fake/fake_3169.jpg,0,0,True,0.9999666213989258,3.341459887451492e-05
/content/Dataset/Test/Fake/fake_317.jpg,0,0,True,0.9999173879623413,8.255697321146727e-05
/content/Dataset/Test/Fake/fake_3170.jpg,0,0,True,0.9999750852584839,2.496813795005437e-05
/content/Dataset/Test/Fake/fake_3171.jpg,0,0,True,0.9999336004257202,6.6373024310451e-05
/content/Dataset/Test/Fake/fake_3172.jpg,0,0,True,0.999969482421875,3.0492919904645532e-05
/content/Dataset/Test/Fake/fake_3173.jpg,0,0,True,0.999954104423523,4.5938853872939944e-05
/content/Dataset/Test/Fake/fake_3174.jpg,0,0,True,0.9999356269836426,6.43897510599345e-05
/content/Dataset/Test/Fake/fake_3175.jpg,0,0,True,0.9999704360961914,2.959037374239415e-05
/content/Dataset/Test/Fake/fake_3176.jpg,0,0,True,0.9999687671661377,3.118650056421757e-05
/content/Dataset/Test/Fake/fake_3177.jpg,0,0,True,0.9999698400497437,3.0117109417915344e-05
/content/Dataset/Test/Fake/fake_3178.jpg,0,0,True,0.9999501705169678,4.979353252565488e-05
/content/Dataset/Test/Fake/fake_3179.jpg,0,0,True,0.9999477863311768,5.2197385230101645e-05
/content/Dataset/Test/Fake/fake_318.jpg,0,0,True,0.9999353885650635,6.46550688543357e-05
/content/Dataset/Test/Fake/fake_3180.jpg,0,0,True,0.9956294298171997,0.004370576702058315
/content/Dataset/Test/Fake/fake_3181.jpg,0,0,True,0.9999688863754272,3.115936488029547e-05
/content/Dataset/Test/Fake/fake_3182.jpg,0,0,True,0.9908199906349182,0.009179978631436825
/content/Dataset/Test/Fake/fake_3183.jpg,0,0,True,0.9999749660491943,2.4976470740512013e-05
/content/Dataset/Test/Fake/fake_3184.jpg,0,0,True,0.9882587194442749,0.011741235852241516
/content/Dataset/Test/Fake/fake_3185.jpg,0,0,True,0.9999197721481323,8.019377128221095e-05
/content/Dataset/Test/Fake/fake_3186.jpg,0,0,True,0.9999374151229858,6.257185305003077e-05
/content/Dataset/Test/Fake/fake_3187.jpg,0,0,True,0.999957799911499,4.2179744923487306e-05
/content/Dataset/Test/Fake/fake_3188.jpg,0,0,True,0.9999366998672485,6.32680967100896e-05
/content/Dataset/Test/Fake/fake_3189.jpg,0,0,True,0.9999706745147705,2.936150849564001e-05
/content/Dataset/Test/Fake/fake_319.jpg,0,0,True,0.976824939250946,0.023175088688731194
/content/Dataset/Test/Fake/fake_3190.jpg,0,0,True,0.9999743700027466,2.5661902327556163e-05
/content/Dataset/Test/Fake/fake_3191.jpg,0,0,True,0.9999083280563354,9.167198004433885e-05
/content/Dataset/Test/Fake/fake_3192.jpg,0,0,True,0.993648111820221,0.006351840682327747
/content/Dataset/Test/Fake/fake_3193.jpg,0,0,True,0.9999680519104004,3.19328682962805e-05
/content/Dataset/Test/Fake/fake_3194.jpg,0,0,True,0.999962329864502,3.7683170376112685e-05
/content/Dataset/Test/Fake/fake_3195.jpg,0,0,True,0.9999042749404907,9.57524316618219e-05
/content/Dataset/Test/Fake/fake_3196.jpg,0,0,True,0.9998962879180908,0.0001037097317748703
/content/Dataset/Test/Fake/fake_3197.jpg,0,0,True,0.9974104762077332,0.002589577343314886
/content/Dataset/Test/Fake/fake_3198.jpg,0,0,True,0.9998929500579834,0.00010705382737796754
/content/Dataset/Test/Fake/fake_3199.jpg,0,0,True,0.9998608827590942,0.0001390941470162943
/content/Dataset/Test/Fake/fake_32.jpg,0,0,True,0.8810300827026367,0.1189698874950409
/content/Dataset/Test/Fake/fake_320.jpg,0,0,True,0.9994294047355652,0.0005705524818040431
/content/Dataset/Test/Fake/fake_3200.jpg,0,0,True,0.9997703433036804,0.00022967263066675514
/content/Dataset/Test/Fake/fake_3201.jpg,0,0,True,0.9999648332595825,3.517693039611913e-05
/content/Dataset/Test/Fake/fake_3202.jpg,0,0,True,0.9999735355377197,2.6429805075167678e-05
/content/Dataset/Test/Fake/fake_3203.jpg,0,0,True,0.9999575614929199,4.243456351105124e-05
/content/Dataset/Test/Fake/fake_3204.jpg,0,0,True,0.9999502897262573,4.97553737659473e-05
/content/Dataset/Test/Fake/fake_3205.jpg,0,0,True,0.9999758005142212,2.4240411221398972e-05
/content/Dataset/Test/Fake/fake_3206.jpg,0,0,True,0.9997366070747375,0.00026332514244131744
/content/Dataset/Test/Fake/fake_3207.jpg,0,0,True,0.9999408721923828,5.906631122343242e-05
/content/Dataset/Test/Fake/fake_3208.jpg,0,0,True,0.9999618530273438,3.812156865024008e-05
/content/Dataset/Test/Fake/fake_3209.jpg,0,0,True,0.9915593266487122,0.0084406528621912
/content/Dataset/Test/Fake/fake_321.jpg,0,1,False,0.004168448969721794,0.9958315491676331
/content/Dataset/Test/Fake/fake_3210.jpg,0,0,True,0.9995239973068237,0.00047595796058885753
/content/Dataset/Test/Fake/fake_3211.jpg,0,0,True,0.9998154044151306,0.0001846420782385394
/content/Dataset/Test/Fake/fake_3212.jpg,0,0,True,0.9998941421508789,0.00010579675290500745
/content/Dataset/Test/Fake/fake_3213.jpg,0,0,True,0.999923586845398,7.645497680641711e-05
/content/Dataset/Test/Fake/fake_3214.jpg,0,0,True,0.9999492168426514,5.0756108976202086e-05
/content/Dataset/Test/Fake/fake_3215.jpg,0,0,True,0.9999737739562988,2.6194213205599226e-05
/content/Dataset/Test/Fake/fake_3216.jpg,0,0,True,0.995943009853363,0.004057030659168959
/content/Dataset/Test/Fake/fake_3217.jpg,0,0,True,0.6072905659675598,0.3927094340324402
/content/Dataset/Test/Fake/fake_3218.jpg,0,0,True,0.9999710321426392,2.897116428357549e-05
/content/Dataset/Test/Fake/fake_3219.jpg,0,0,True,0.9999648332595825,3.5208413464715704e-05
/content/Dataset/Test/Fake/fake_322.jpg,0,0,True,0.9994217157363892,0.0005783453234471381
/content/Dataset/Test/Fake/fake_3220.jpg,0,0,True,0.8026990294456482,0.19730094075202942
/content/Dataset/Test/Fake/fake_3221.jpg,0,0,True,0.9999707937240601,2.9197071853559464e-05
/content/Dataset/Test/Fake/fake_3222.jpg,0,0,True,0.9998581409454346,0.00014182334416545928
/content/Dataset/Test/Fake/fake_3223.jpg,0,0,True,0.999976634979248,2.334750388399698e-05
/content/Dataset/Test/Fake/fake_3224.jpg,0,0,True,0.999293327331543,0.0007066705729812384
/content/Dataset/Test/Fake/fake_3225.jpg,0,0,True,0.999969482421875,3.0491524739773013e-05
/content/Dataset/Test/Fake/fake_3226.jpg,0,0,True,0.9999468326568604,5.320176205714233e-05
/content/Dataset/Test/Fake/fake_3227.jpg,0,0,True,0.9999730587005615,2.692063026188407e-05
/content/Dataset/Test/Fake/fake_3228.jpg,0,0,True,0.9999715089797974,2.8524576919153333e-05
/content/Dataset/Test/Fake/fake_3229.jpg,0,0,True,0.999954342842102,4.570071178022772e-05
/content/Dataset/Test/Fake/fake_323.jpg,0,0,True,0.9999572038650513,4.274298407835886e-05
/content/Dataset/Test/Fake/fake_3230.jpg,0,0,True,0.9999711513519287,2.889699680963531e-05
/content/Dataset/Test/Fake/fake_3231.jpg,0,0,True,0.9999576807022095,4.236065433360636e-05
/content/Dataset/Test/Fake/fake_3232.jpg,0,0,True,0.9999744892120361,2.5515679226373322e-05
/content/Dataset/Test/Fake/fake_3233.jpg,0,0,True,0.9999547004699707,4.5251472329255193e-05
/content/Dataset/Test/Fake/fake_3234.jpg,0,0,True,0.9999476671218872,5.2282171964179724e-05
/content/Dataset/Test/Fake/fake_3235.jpg,0,0,True,0.9999713897705078,2.8610831577680074e-05
/content/Dataset/Test/Fake/fake_3236.jpg,0,0,True,0.9999544620513916,4.550883386400528e-05
/content/Dataset/Test/Fake/fake_3237.jpg,0,0,True,0.9999691247940063,3.0823117413092405e-05
/content/Dataset/Test/Fake/fake_3238.jpg,0,0,True,0.9998685121536255,0.00013147761637810618
/content/Dataset/Test/Fake/fake_3239.jpg,0,0,True,0.9999485015869141,5.144604074303061e-05
/content/Dataset/Test/Fake/fake_324.jpg,0,0,True,0.9999347925186157,6.523076444864273e-05
/content/Dataset/Test/Fake/fake_3240.jpg,0,0,True,0.999942421913147,5.752402648795396e-05
/content/Dataset/Test/Fake/fake_3241.jpg,0,0,True,0.9999635219573975,3.6451758205657825e-05
/content/Dataset/Test/Fake/fake_3242.jpg,0,0,True,0.999971866607666,2.8164962714072317e-05
/content/Dataset/Test/Fake/fake_3243.jpg,0,0,True,0.9998453855514526,0.00015454246022272855
/content/Dataset/Test/Fake/fake_3244.jpg,0,0,True,0.9999414682388306,5.85105262871366e-05
/content/Dataset/Test/Fake/fake_3245.jpg,0,0,True,0.9999651908874512,3.475166886346415e-05
/content/Dataset/Test/Fake/fake_3246.jpg,0,0,True,0.9999723434448242,2.7610525648924522e-05
/content/Dataset/Test/Fake/fake_3247.jpg,0,0,True,0.9999622106552124,3.7822395825060084e-05
/content/Dataset/Test/Fake/fake_3248.jpg,0,0,True,0.9999744892120361,2.548900192778092e-05
/content/Dataset/Test/Fake/fake_3249.jpg,0,0,True,0.9999381303787231,6.181932258186862e-05
/content/Dataset/Test/Fake/fake_325.jpg,0,0,True,0.9998233914375305,0.00017667689826339483
/content/Dataset/Test/Fake/fake_3250.jpg,0,0,True,0.9999724626541138,2.751479587459471e-05
/content/Dataset/Test/Fake/fake_3251.jpg,0,0,True,0.9999746084213257,2.537447835493367e-05
/content/Dataset/Test/Fake/fake_3252.jpg,0,0,True,0.9998315572738647,0.00016839549061842263
/content/Dataset/Test/Fake/fake_3253.jpg,0,0,True,0.9974297881126404,0.0025702056009322405
/content/Dataset/Test/Fake/fake_3254.jpg,0,0,True,0.9999713897705078,2.8589773137355223e-05
/content/Dataset/Test/Fake/fake_3255.jpg,0,0,True,0.8886964917182922,0.11130352318286896
/content/Dataset/Test/Fake/fake_3256.jpg,0,0,True,0.9999599456787109,4.0105551306623966e-05
/content/Dataset/Test/Fake/fake_3257.jpg,0,0,True,0.9997624754905701,0.00023749460524413735
/content/Dataset/Test/Fake/fake_3258.jpg,0,0,True,0.9952983260154724,0.0047016441822052
/content/Dataset/Test/Fake/fake_3259.jpg,0,0,True,0.9650654196739197,0.034934621304273605
/content/Dataset/Test/Fake/fake_326.jpg,0,0,True,0.9938908815383911,0.006109141279011965
/content/Dataset/Test/Fake/fake_3260.jpg,0,0,True,0.9999675750732422,3.242925595259294e-05
/content/Dataset/Test/Fake/fake_3261.jpg,0,0,True,0.9999618530273438,3.8202982977963984e-05
/content/Dataset/Test/Fake/fake_3262.jpg,0,0,True,0.9999769926071167,2.300277992617339e-05
/content/Dataset/Test/Fake/fake_3263.jpg,0,0,True,0.9228217005729675,0.07717829942703247
/content/Dataset/Test/Fake/fake_3264.jpg,0,0,True,0.9999668598175049,3.3186970540555194e-05
/content/Dataset/Test/Fake/fake_3265.jpg,0,0,True,0.9999724626541138,2.750629573711194e-05
/content/Dataset/Test/Fake/fake_3266.jpg,0,0,True,0.9999724626541138,2.7582236725720577e-05
/content/Dataset/Test/Fake/fake_3267.jpg,0,0,True,0.9999649524688721,3.505593485897407e-05
/content/Dataset/Test/Fake/fake_3268.jpg,0,0,True,0.9999754428863525,2.4591556211817078e-05
/content/Dataset/Test/Fake/fake_3269.jpg,0,0,True,0.9999727010726929,2.730047344812192e-05
/content/Dataset/Test/Fake/fake_327.jpg,0,0,True,0.9998776912689209,0.00012229301501065493
/content/Dataset/Test/Fake/fake_3270.jpg,0,0,True,0.9997223019599915,0.00027768738800659776
/content/Dataset/Test/Fake/fake_3271.jpg,0,0,True,0.9999713897705078,2.866244722099509e-05
/content/Dataset/Test/Fake/fake_3272.jpg,0,0,True,0.9999723434448242,2.768741615000181e-05
/content/Dataset/Test/Fake/fake_3273.jpg,0,0,True,0.9999244213104248,7.553318573627621e-05
/content/Dataset/Test/Fake/fake_3274.jpg,0,0,True,0.9999619722366333,3.799689875449985e-05
/content/Dataset/Test/Fake/fake_3275.jpg,0,0,True,0.9999529123306274,4.709857967100106e-05
/content/Dataset/Test/Fake/fake_3276.jpg,0,0,True,0.8490508794784546,0.1509491503238678
/content/Dataset/Test/Fake/fake_3277.jpg,0,0,True,0.9999078512191772,9.212214354192838e-05
/content/Dataset/Test/Fake/fake_3278.jpg,0,0,True,0.9943194389343262,0.005680530797690153
/content/Dataset/Test/Fake/fake_3279.jpg,0,0,True,0.9999730587005615,2.695289731491357e-05
/content/Dataset/Test/Fake/fake_328.jpg,0,0,True,0.926127552986145,0.0738724023103714
/content/Dataset/Test/Fake/fake_3280.jpg,0,0,True,0.9999704360961914,2.9531227482948452e-05
/content/Dataset/Test/Fake/fake_3281.jpg,0,0,True,0.9999673366546631,3.267950887675397e-05
/content/Dataset/Test/Fake/fake_3282.jpg,0,0,True,0.9961976408958435,0.0038023695815354586
/content/Dataset/Test/Fake/fake_3283.jpg,0,0,True,0.999956488609314,4.352027099230327e-05
/content/Dataset/Test/Fake/fake_3284.jpg,0,0,True,0.9999570846557617,4.285522300051525e-05
/content/Dataset/Test/Fake/fake_3285.jpg,0,0,True,0.999967098236084,3.291166285634972e-05
/content/Dataset/Test/Fake/fake_3286.jpg,0,0,True,0.9998451471328735,0.00015482402523048222
/content/Dataset/Test/Fake/fake_3287.jpg,0,0,True,0.9999755620956421,2.445152676955331e-05
/content/Dataset/Test/Fake/fake_3288.jpg,0,0,True,0.9872024655342102,0.012797505594789982
/content/Dataset/Test/Fake/fake_3289.jpg,0,0,True,0.9999215602874756,7.842420745873824e-05
/content/Dataset/Test/Fake/fake_329.jpg,0,0,True,0.9975934624671936,0.002406482584774494
/content/Dataset/Test/Fake/fake_3290.jpg,0,0,True,0.9999717473983765,2.823305294441525e-05
/content/Dataset/Test/Fake/fake_3291.jpg,0,0,True,0.9999665021896362,3.3522286685183644e-05
/content/Dataset/Test/Fake/fake_3292.jpg,0,0,True,0.9999701976776123,2.983740887430031e-05
/content/Dataset/Test/Fake/fake_3293.jpg,0,0,True,0.9999474287033081,5.255620999378152e-05
/content/Dataset/Test/Fake/fake_3294.jpg,0,0,True,0.9999690055847168,3.0958864954300225e-05
/content/Dataset/Test/Fake/fake_3295.jpg,0,0,True,0.9999721050262451,2.786199183901772e-05
/content/Dataset/Test/Fake/fake_3296.jpg,0,0,True,0.9930863380432129,0.0069136726669967175
/content/Dataset/Test/Fake/fake_3297.jpg,0,0,True,0.9703777432441711,0.029622266069054604
/content/Dataset/Test/Fake/fake_3298.jpg,0,0,True,0.9999754428863525,2.45134906435851e-05
/content/Dataset/Test/Fake/fake_3299.jpg,0,0,True,0.9998735189437866,0.00012650678399950266
/content/Dataset/Test/Fake/fake_33.jpg,0,0,True,0.9993719458580017,0.0006280523957684636
/content/Dataset/Test/Fake/fake_330.jpg,0,1,False,0.038889992982149124,0.9611100554466248
/content/Dataset/Test/Fake/fake_3300.jpg,0,0,True,0.9999760389328003,2.3966758817550726e-05
/content/Dataset/Test/Fake/fake_3301.jpg,0,0,True,0.9999693632125854,3.066477074753493e-05
/content/Dataset/Test/Fake/fake_3302.jpg,0,0,True,0.9998931884765625,0.00010677265527192503
/content/Dataset/Test/Fake/fake_3303.jpg,0,0,True,0.9997358918190002,0.00026407287805341184
/content/Dataset/Test/Fake/fake_3304.jpg,0,0,True,0.9999768733978271,2.3183587472885847e-05
/content/Dataset/Test/Fake/fake_3305.jpg,0,0,True,0.9999560117721558,4.3958487367490306e-05
/content/Dataset/Test/Fake/fake_3306.jpg,0,0,True,0.9999737739562988,2.618367398099508e-05
/content/Dataset/Test/Fake/fake_3307.jpg,0,0,True,0.999870777130127,0.00012924266047775745
/content/Dataset/Test/Fake/fake_3308.jpg,0,0,True,0.9999451637268066,5.487854650709778e-05
/content/Dataset/Test/Fake/fake_3309.jpg,0,0,True,0.9999759197235107,2.4024104277486913e-05
/content/Dataset/Test/Fake/fake_331.jpg,0,1,False,0.06797220557928085,0.9320278167724609
/content/Dataset/Test/Fake/fake_3310.jpg,0,0,True,0.9999617338180542,3.8288730138447136e-05
/content/Dataset/Test/Fake/fake_3311.jpg,0,0,True,0.9999706745147705,2.9310587706277147e-05
/content/Dataset/Test/Fake/fake_3312.jpg,0,0,True,0.9998124241828918,0.0001876293681561947
/content/Dataset/Test/Fake/fake_3313.jpg,0,0,True,0.9999772310256958,2.2816897399025038e-05
/content/Dataset/Test/Fake/fake_3314.jpg,0,0,True,0.7599492073059082,0.2400507628917694
/content/Dataset/Test/Fake/fake_3315.jpg,0,0,True,0.9999102354049683,8.971209899755195e-05
/content/Dataset/Test/Fake/fake_3316.jpg,0,0,True,0.9999549388885498,4.5069475163472816e-05
/content/Dataset/Test/Fake/fake_3317.jpg,0,0,True,0.9999661445617676,3.389447010704316e-05
/content/Dataset/Test/Fake/fake_3318.jpg,0,0,True,0.9999598264694214,4.0142702346201986e-05
/content/Dataset/Test/Fake/fake_3319.jpg,0,0,True,0.9999651908874512,3.485243723844178e-05
/content/Dataset/Test/Fake/fake_332.jpg,0,0,True,0.9998533725738525,0.0001466243847971782
/content/Dataset/Test/Fake/fake_3320.jpg,0,0,True,0.9999278783798218,7.210009061964229e-05
/content/Dataset/Test/Fake/fake_3321.jpg,0,0,True,0.9981629252433777,0.0018371117766946554
/content/Dataset/Test/Fake/fake_3322.jpg,0,0,True,0.9999046325683594,9.532333933748305e-05
/content/Dataset/Test/Fake/fake_3323.jpg,0,0,True,0.9999731779098511,2.6808727852767333e-05
/content/Dataset/Test/Fake/fake_3324.jpg,0,0,True,0.9999351501464844,6.486256461357698e-05
/content/Dataset/Test/Fake/fake_3325.jpg,0,0,True,0.9999592304229736,4.071351941092871e-05
/content/Dataset/Test/Fake/fake_3326.jpg,0,0,True,0.9998588562011719,0.00014114232908468693
/content/Dataset/Test/Fake/fake_3327.jpg,0,0,True,0.9999111890792847,8.885457646101713e-05
/content/Dataset/Test/Fake/fake_3328.jpg,0,0,True,0.9999420642852783,5.796570985694416e-05
/content/Dataset/Test/Fake/fake_3329.jpg,0,0,True,0.9998822212219238,0.00011772123980335891
/content/Dataset/Test/Fake/fake_333.jpg,0,0,True,0.9814627170562744,0.01853729784488678
/content/Dataset/Test/Fake/fake_3330.jpg,0,0,True,0.9999685287475586,3.148941686959006e-05
/content/Dataset/Test/Fake/fake_3331.jpg,0,0,True,0.9999051094055176,9.493734978605062e-05
/content/Dataset/Test/Fake/fake_3332.jpg,0,0,True,0.9999680519104004,3.1937132007442415e-05
/content/Dataset/Test/Fake/fake_3333.jpg,0,0,True,0.9999685287475586,3.143477806588635e-05
/content/Dataset/Test/Fake/fake_3334.jpg,0,0,True,0.9999734163284302,2.6595413146424107e-05
/content/Dataset/Test/Fake/fake_3335.jpg,0,0,True,0.9999666213989258,3.3436022931709886e-05
/content/Dataset/Test/Fake/fake_3336.jpg,0,0,True,0.9999704360961914,2.9585180527647026e-05
/content/Dataset/Test/Fake/fake_3337.jpg,0,0,True,0.9999672174453735,3.279896191088483e-05
/content/Dataset/Test/Fake/fake_3338.jpg,0,0,True,0.9999710321426392,2.894691533583682e-05
/content/Dataset/Test/Fake/fake_3339.jpg,0,0,True,0.9999737739562988,2.620225859573111e-05
/content/Dataset/Test/Fake/fake_334.jpg,0,0,True,0.9998481273651123,0.00015180457558017224
/content/Dataset/Test/Fake/fake_3340.jpg,0,0,True,0.9999016523361206,9.835362288868055e-05
/content/Dataset/Test/Fake/fake_3341.jpg,0,0,True,0.9999686479568481,3.135211954941042e-05
/content/Dataset/Test/Fake/fake_3342.jpg,0,0,True,0.9985405206680298,0.001459436840377748
/content/Dataset/Test/Fake/fake_3343.jpg,0,0,True,0.9691706299781799,0.030829401686787605
/content/Dataset/Test/Fake/fake_3344.jpg,0,1,False,0.11636456102132797,0.883635401725769
/content/Dataset/Test/Fake/fake_3345.jpg,0,0,True,0.9999747276306152,2.5224795535905287e-05
/content/Dataset/Test/Fake/fake_3346.jpg,0,0,True,0.9999700784683228,2.989095082739368e-05
/content/Dataset/Test/Fake/fake_3347.jpg,0,0,True,0.9999719858169556,2.805628719215747e-05
/content/Dataset/Test/Fake/fake_3348.jpg,0,0,True,0.9979975819587708,0.0020024010445922613
/content/Dataset/Test/Fake/fake_3349.jpg,0,1,False,0.06845315545797348,0.9315468072891235
/content/Dataset/Test/Fake/fake_335.jpg,0,0,True,0.9999736547470093,2.6392302970634773e-05
/content/Dataset/Test/Fake/fake_3350.jpg,0,0,True,0.99992835521698,7.165900751715526e-05
/content/Dataset/Test/Fake/fake_3351.jpg,0,0,True,0.9999717473983765,2.8217011276865378e-05
/content/Dataset/Test/Fake/fake_3352.jpg,0,0,True,0.9998432397842407,0.00015675410395488143
/content/Dataset/Test/Fake/fake_3353.jpg,0,0,True,0.9999734163284302,2.6565807274891995e-05
/content/Dataset/Test/Fake/fake_3354.jpg,0,0,True,0.9999676942825317,3.225268665119074e-05
/content/Dataset/Test/Fake/fake_3355.jpg,0,0,True,0.9999191761016846,8.083579450612888e-05
/content/Dataset/Test/Fake/fake_3356.jpg,0,0,True,0.9999765157699585,2.3504693672293797e-05
/content/Dataset/Test/Fake/fake_3357.jpg,0,0,True,0.9999650716781616,3.4890807000920177e-05
/content/Dataset/Test/Fake/fake_3358.jpg,0,0,True,0.9999239444732666,7.609863678226247e-05
/content/Dataset/Test/Fake/fake_3359.jpg,0,0,True,0.9997866749763489,0.0002133451635017991
/content/Dataset/Test/Fake/fake_336.jpg,0,0,True,0.9998379945755005,0.00016193256305996329
/content/Dataset/Test/Fake/fake_3360.jpg,0,0,True,0.9999629259109497,3.70860580005683e-05
/content/Dataset/Test/Fake/fake_3361.jpg,0,0,True,0.9999657869338989,3.4172804589616135e-05
/content/Dataset/Test/Fake/fake_3362.jpg,0,0,True,0.9999721050262451,2.7924957976210862e-05
/content/Dataset/Test/Fake/fake_3363.jpg,0,0,True,0.9999338388442993,6.61271478747949e-05
/content/Dataset/Test/Fake/fake_3364.jpg,0,0,True,0.999961256980896,3.872073284583166e-05
/content/Dataset/Test/Fake/fake_3365.jpg,0,0,True,0.9999699592590332,3.006236147484742e-05
/content/Dataset/Test/Fake/fake_3366.jpg,0,0,True,0.9999732971191406,2.6734180210041814e-05
/content/Dataset/Test/Fake/fake_3367.jpg,0,0,True,0.999970555305481,2.9465572879416868e-05
/content/Dataset/Test/Fake/fake_3368.jpg,0,0,True,0.9999693632125854,3.063761323573999e-05
/content/Dataset/Test/Fake/fake_3369.jpg,0,0,True,0.9999215602874756,7.839968020562083e-05
/content/Dataset/Test/Fake/fake_337.jpg,0,1,False,0.21262186765670776,0.7873780727386475
/content/Dataset/Test/Fake/fake_3370.jpg,0,0,True,0.9998176693916321,0.00018235565221402794
/content/Dataset/Test/Fake/fake_3371.jpg,0,0,True,0.9999567270278931,4.328154682298191e-05
/content/Dataset/Test/Fake/fake_3372.jpg,0,0,True,0.9999758005142212,2.4254701202153228e-05
/content/Dataset/Test/Fake/fake_3373.jpg,0,0,True,0.99970942735672,0.00029057194478809834
/content/Dataset/Test/Fake/fake_3374.jpg,0,0,True,0.9808037877082825,0.019196229055523872
/content/Dataset/Test/Fake/fake_3375.jpg,0,0,True,0.9999595880508423,4.0464172343490645e-05
/content/Dataset/Test/Fake/fake_3376.jpg,0,0,True,0.9999698400497437,3.019890391442459e-05
/content/Dataset/Test/Fake/fake_3377.jpg,0,0,True,0.9999741315841675,2.5894014470395632e-05
/content/Dataset/Test/Fake/fake_3378.jpg,0,0,True,0.9994044303894043,0.00059561338275671
/content/Dataset/Test/Fake/fake_3379.jpg,0,0,True,0.9999352693557739,6.472125096479431e-05
/content/Dataset/Test/Fake/fake_338.jpg,0,0,True,0.9992309808731079,0.000769070175010711
/content/Dataset/Test/Fake/fake_3380.jpg,0,0,True,0.9999634027481079,3.659240246633999e-05
/content/Dataset/Test/Fake/fake_3381.jpg,0,0,True,0.9999721050262451,2.792346458591055e-05
/content/Dataset/Test/Fake/fake_3382.jpg,0,0,True,0.9999665021896362,3.345502773299813e-05
/content/Dataset/Test/Fake/fake_3383.jpg,0,0,True,0.9999605417251587,3.9512837247457355e-05
/content/Dataset/Test/Fake/fake_3384.jpg,0,0,True,0.9999681711196899,3.179193663527258e-05
/content/Dataset/Test/Fake/fake_3385.jpg,0,0,True,0.9999678134918213,3.2233070669462904e-05
/content/Dataset/Test/Fake/fake_3386.jpg,0,0,True,0.9999639987945557,3.6032804928254336e-05
/content/Dataset/Test/Fake/fake_3387.jpg,0,0,True,0.9999241828918457,7.580313103972003e-05
/content/Dataset/Test/Fake/fake_3388.jpg,0,0,True,0.9987691044807434,0.0012308505829423666
/content/Dataset/Test/Fake/fake_3389.jpg,0,0,True,0.9981558918952942,0.0018441457068547606
/content/Dataset/Test/Fake/fake_339.jpg,0,0,True,0.99996018409729,3.981858753832057e-05
/content/Dataset/Test/Fake/fake_3390.jpg,0,0,True,0.9700109362602234,0.02998904325067997
/content/Dataset/Test/Fake/fake_3391.jpg,0,0,True,0.9999738931655884,2.607239548524376e-05
/content/Dataset/Test/Fake/fake_3392.jpg,0,0,True,0.999969482421875,3.054397166124545e-05
/content/Dataset/Test/Fake/fake_3393.jpg,0,0,True,0.6357312202453613,0.3642687499523163
/content/Dataset/Test/Fake/fake_3394.jpg,0,0,True,0.9999651908874512,3.478618600638583e-05
/content/Dataset/Test/Fake/fake_3395.jpg,0,0,True,0.9999772310256958,2.2796759367338382e-05
/content/Dataset/Test/Fake/fake_3396.jpg,0,0,True,0.9999637603759766,3.6216315493220463e-05
/content/Dataset/Test/Fake/fake_3397.jpg,0,0,True,0.9999415874481201,5.8448349591344595e-05
/content/Dataset/Test/Fake/fake_3398.jpg,0,0,True,0.9094876050949097,0.09051238000392914
/content/Dataset/Test/Fake/fake_3399.jpg,0,0,True,0.9999531507492065,4.680878555518575e-05
/content/Dataset/Test/Fake/fake_34.jpg,0,0,True,0.9999419450759888,5.806568151456304e-05
/content/Dataset/Test/Fake/fake_340.jpg,0,0,True,0.9999697208404541,3.0304088795674033e-05
/content/Dataset/Test/Fake/fake_3400.jpg,0,0,True,0.9999687671661377,3.1269799364963546e-05
/content/Dataset/Test/Fake/fake_3401.jpg,0,0,True,0.9820627570152283,0.017937274649739265
/content/Dataset/Test/Fake/fake_3402.jpg,0,0,True,0.9997203946113586,0.0002795966574922204
/content/Dataset/Test/Fake/fake_3403.jpg,0,1,False,0.3494792580604553,0.6505207419395447
/content/Dataset/Test/Fake/fake_3404.jpg,0,0,True,0.9999624490737915,3.7605452234856784e-05
/content/Dataset/Test/Fake/fake_3405.jpg,0,0,True,0.9999719858169556,2.800939546432346e-05
/content/Dataset/Test/Fake/fake_3406.jpg,0,0,True,0.999961256980896,3.8769390812376514e-05
/content/Dataset/Test/Fake/fake_3407.jpg,0,0,True,0.9999620914459229,3.793328505707905e-05
/content/Dataset/Test/Fake/fake_3408.jpg,0,0,True,0.9999700784683228,2.996001421706751e-05
/content/Dataset/Test/Fake/fake_3409.jpg,0,0,True,0.9999719858169556,2.798135938064661e-05
/content/Dataset/Test/Fake/fake_341.jpg,0,0,True,0.9835854768753052,0.016414569690823555
/content/Dataset/Test/Fake/fake_3410.jpg,0,0,True,0.999976634979248,2.3371254428639077e-05
/content/Dataset/Test/Fake/fake_3411.jpg,0,0,True,0.9999639987945557,3.599187039071694e-05
/content/Dataset/Test/Fake/fake_3412.jpg,0,0,True,0.9999737739562988,2.6266681743436493e-05
/content/Dataset/Test/Fake/fake_3413.jpg,0,0,True,0.9984620809555054,0.0015379047254100442
/content/Dataset/Test/Fake/fake_3414.jpg,0,0,True,0.9984577894210815,0.0015421800781041384
/content/Dataset/Test/Fake/fake_3415.jpg,0,0,True,0.999972939491272,2.7118734578834847e-05
/content/Dataset/Test/Fake/fake_3416.jpg,0,0,True,0.9999231100082397,7.688817277085036e-05
/content/Dataset/Test/Fake/fake_3417.jpg,0,0,True,0.9999454021453857,5.461583350552246e-05
/content/Dataset/Test/Fake/fake_3418.jpg,0,0,True,0.999958872795105,4.1180064727086574e-05
/content/Dataset/Test/Fake/fake_3419.jpg,0,0,True,0.9999769926071167,2.2989621356828138e-05
/content/Dataset/Test/Fake/fake_342.jpg,0,0,True,0.9999439716339111,5.5972603149712086e-05
/content/Dataset/Test/Fake/fake_3420.jpg,0,0,True,0.9999698400497437,3.016539994860068e-05
/content/Dataset/Test/Fake/fake_3421.jpg,0,0,True,0.9999744892120361,2.551648321968969e-05
/content/Dataset/Test/Fake/fake_3422.jpg,0,0,True,0.9999743700027466,2.5580706278560683e-05
/content/Dataset/Test/Fake/fake_3423.jpg,0,0,True,0.9999217987060547,7.82037532189861e-05
/content/Dataset/Test/Fake/fake_3424.jpg,0,0,True,0.913811206817627,0.08618876338005066
/content/Dataset/Test/Fake/fake_3425.jpg,0,0,True,0.9999703168869019,2.963125916721765e-05
/content/Dataset/Test/Fake/fake_3426.jpg,0,0,True,0.9996590614318848,0.0003409121127333492
/content/Dataset/Test/Fake/fake_3427.jpg,0,0,True,0.9996663331985474,0.00033369145239703357
/content/Dataset/Test/Fake/fake_3428.jpg,0,0,True,0.9982548356056213,0.0017451872117817402
/content/Dataset/Test/Fake/fake_3429.jpg,0,0,True,0.9999719858169556,2.8001142709399574e-05
/content/Dataset/Test/Fake/fake_343.jpg,0,0,True,0.9997249245643616,0.00027510806103236973
/content/Dataset/Test/Fake/fake_3430.jpg,0,0,True,0.9997991919517517,0.00020088480960112065
/content/Dataset/Test/Fake/fake_3431.jpg,0,0,True,0.9999767541885376,2.3261231035576202e-05
/content/Dataset/Test/Fake/fake_3432.jpg,0,0,True,0.99993896484375,6.107224908191711e-05
/content/Dataset/Test/Fake/fake_3433.jpg,0,0,True,0.99996018409729,3.9852820918895304e-05
/content/Dataset/Test/Fake/fake_3434.jpg,0,0,True,0.9999696016311646,3.0430932383751497e-05
/content/Dataset/Test/Fake/fake_3435.jpg,0,0,True,0.9999741315841675,2.5909106625476852e-05
/content/Dataset/Test/Fake/fake_3436.jpg,0,0,True,0.9999731779098511,2.678133205336053e-05
/content/Dataset/Test/Fake/fake_3437.jpg,0,0,True,0.9999687671661377,3.119828033959493e-05
/content/Dataset/Test/Fake/fake_3438.jpg,0,0,True,0.9999560117721558,4.400865873321891e-05
/content/Dataset/Test/Fake/fake_3439.jpg,0,0,True,0.9998329877853394,0.0001670006604399532
/content/Dataset/Test/Fake/fake_344.jpg,0,0,True,0.9999713897705078,2.8663158445851877e-05
/content/Dataset/Test/Fake/fake_3440.jpg,0,0,True,0.9999710321426392,2.9004475436522625e-05
/content/Dataset/Test/Fake/fake_3441.jpg,0,0,True,0.9995456337928772,0.00045436230720952153
/content/Dataset/Test/Fake/fake_3442.jpg,0,0,True,0.9999613761901855,3.860182914650068e-05
/content/Dataset/Test/Fake/fake_3443.jpg,0,0,True,0.999972939491272,2.7012078135157935e-05
/content/Dataset/Test/Fake/fake_3444.jpg,0,0,True,0.9999743700027466,2.5643088520155288e-05
/content/Dataset/Test/Fake/fake_3445.jpg,0,0,True,0.9995515942573547,0.00044833673746325076
/content/Dataset/Test/Fake/fake_3446.jpg,0,0,True,0.9999730587005615,2.697233867365867e-05
/content/Dataset/Test/Fake/fake_3447.jpg,0,0,True,0.9999465942382812,5.3447074606083333e-05
/content/Dataset/Test/Fake/fake_3448.jpg,0,0,True,0.9999775886535645,2.2447102310252376e-05
/content/Dataset/Test/Fake/fake_3449.jpg,0,0,True,0.9999667406082153,3.3254855225095525e-05
/content/Dataset/Test/Fake/fake_345.jpg,0,0,True,0.9999681711196899,3.184467277606018e-05
/content/Dataset/Test/Fake/fake_3450.jpg,0,0,True,0.9998434782028198,0.00015649873239453882
/content/Dataset/Test/Fake/fake_3451.jpg,0,0,True,0.6203935146331787,0.3796064853668213
/content/Dataset/Test/Fake/fake_3452.jpg,0,0,True,0.9079020023345947,0.09209799021482468
/content/Dataset/Test/Fake/fake_3453.jpg,0,0,True,0.9915550351142883,0.00844503566622734
/content/Dataset/Test/Fake/fake_3454.jpg,0,0,True,0.9999688863754272,3.116795051028021e-05
/content/Dataset/Test/Fake/fake_3455.jpg,0,0,True,0.9999634027481079,3.663835013867356e-05
/content/Dataset/Test/Fake/fake_3456.jpg,0,0,True,0.9887278079986572,0.011272232048213482
/content/Dataset/Test/Fake/fake_3457.jpg,0,0,True,0.999955415725708,4.461614298634231e-05
/content/Dataset/Test/Fake/fake_3458.jpg,0,0,True,0.9999767541885376,2.3219296053866856e-05
/content/Dataset/Test/Fake/fake_3459.jpg,0,0,True,0.999649167060852,0.0003508347144816071
/content/Dataset/Test/Fake/fake_346.jpg,0,0,True,0.9999334812164307,6.651425792369992e-05
/content/Dataset/Test/Fake/fake_3460.jpg,0,0,True,0.9999560117721558,4.399942554300651e-05
/content/Dataset/Test/Fake/fake_3461.jpg,0,0,True,0.9999493360519409,5.068568862043321e-05
/content/Dataset/Test/Fake/fake_3462.jpg,0,0,True,0.9999693632125854,3.0586583307012916e-05
/content/Dataset/Test/Fake/fake_3463.jpg,0,0,True,0.9999548196792603,4.5166583731770515e-05
/content/Dataset/Test/Fake/fake_3464.jpg,0,0,True,0.9999613761901855,3.865627877530642e-05
/content/Dataset/Test/Fake/fake_3465.jpg,0,1,False,0.04653407260775566,0.95346599817276
/content/Dataset/Test/Fake/fake_3466.jpg,0,0,True,0.9918570518493652,0.008142954669892788
/content/Dataset/Test/Fake/fake_3467.jpg,0,0,True,0.9999663829803467,3.3618231100263074e-05
/content/Dataset/Test/Fake/fake_3468.jpg,0,0,True,0.9911606907844543,0.008839355781674385
/content/Dataset/Test/Fake/fake_3469.jpg,0,0,True,0.9999754428863525,2.4546334316255525e-05
/content/Dataset/Test/Fake/fake_347.jpg,0,0,True,0.9999599456787109,4.008410178357735e-05
/content/Dataset/Test/Fake/fake_3470.jpg,0,0,True,0.999946117401123,5.389090074459091e-05
/content/Dataset/Test/Fake/fake_3471.jpg,0,0,True,0.9999730587005615,2.6970406906912103e-05
/content/Dataset/Test/Fake/fake_3472.jpg,0,0,True,0.9997569918632507,0.00024303073587361723
/content/Dataset/Test/Fake/fake_3473.jpg,0,0,True,0.9998517036437988,0.0001482885709265247
/content/Dataset/Test/Fake/fake_3474.jpg,0,0,True,0.9999639987945557,3.5945282434113324e-05
/content/Dataset/Test/Fake/fake_3475.jpg,0,0,True,0.9999727010726929,2.7315265469951555e-05
/content/Dataset/Test/Fake/fake_3476.jpg,0,0,True,0.9999568462371826,4.317618004279211e-05
/content/Dataset/Test/Fake/fake_3477.jpg,0,0,True,0.9998736381530762,0.00012636548490263522
/content/Dataset/Test/Fake/fake_3478.jpg,0,1,False,0.36908575892448425,0.6309142708778381
/content/Dataset/Test/Fake/fake_3479.jpg,0,0,True,0.9999347925186157,6.518226291518658e-05
/content/Dataset/Test/Fake/fake_348.jpg,0,0,True,0.9999589920043945,4.097292185178958e-05
/content/Dataset/Test/Fake/fake_3480.jpg,0,0,True,0.9547340273857117,0.04526601359248161
/content/Dataset/Test/Fake/fake_3481.jpg,0,0,True,0.999903678894043,9.63466809480451e-05
/content/Dataset/Test/Fake/fake_3482.jpg,0,0,True,0.9999748468399048,2.5207482394762337e-05
/content/Dataset/Test/Fake/fake_3483.jpg,0,0,True,0.999969482421875,3.051427484024316e-05
/content/Dataset/Test/Fake/fake_3484.jpg,0,0,True,0.9999405145645142,5.948931720922701e-05
/content/Dataset/Test/Fake/fake_3485.jpg,0,0,True,0.999967098236084,3.293832196504809e-05
/content/Dataset/Test/Fake/fake_3486.jpg,0,0,True,0.942875862121582,0.05712417885661125
/content/Dataset/Test/Fake/fake_3487.jpg,0,0,True,0.9998852014541626,0.00011478398664621636
/content/Dataset/Test/Fake/fake_3488.jpg,0,0,True,0.9999711513519287,2.885018511733506e-05
/content/Dataset/Test/Fake/fake_3489.jpg,0,0,True,0.9997947812080383,0.00020526665321085602
/content/Dataset/Test/Fake/fake_349.jpg,0,0,True,0.9911447167396545,0.008855215273797512
/content/Dataset/Test/Fake/fake_3490.jpg,0,0,True,0.9999676942825317,3.22683117701672e-05
/content/Dataset/Test/Fake/fake_3491.jpg,0,0,True,0.9989246726036072,0.0010752979433164
/content/Dataset/Test/Fake/fake_3492.jpg,0,0,True,0.999922513961792,7.749693031655625e-05
/content/Dataset/Test/Fake/fake_3493.jpg,0,0,True,0.9995239973068237,0.0004760453593917191
/content/Dataset/Test/Fake/fake_3494.jpg,0,0,True,0.9999716281890869,2.8422047762433067e-05
/content/Dataset/Test/Fake/fake_3495.jpg,0,0,True,0.9999734163284302,2.6561068807495758e-05
/content/Dataset/Test/Fake/fake_3496.jpg,0,0,True,0.9999724626541138,2.759510425676126e-05
/content/Dataset/Test/Fake/fake_3497.jpg,0,0,True,0.9999750852584839,2.4910747015383095e-05
/content/Dataset/Test/Fake/fake_3498.jpg,0,0,True,0.9999768733978271,2.3076934667187743e-05
/content/Dataset/Test/Fake/fake_3499.jpg,0,0,True,0.9647853374481201,0.03521469980478287
/content/Dataset/Test/Fake/fake_35.jpg,0,0,True,0.9999511241912842,4.8919748223852366e-05
/content/Dataset/Test/Fake/fake_350.jpg,0,0,True,0.9999648332595825,3.52242641383782e-05
/content/Dataset/Test/Fake/fake_3500.jpg,0,0,True,0.9997596144676208,0.00024039176059886813
/content/Dataset/Test/Fake/fake_3501.jpg,0,0,True,0.9999072551727295,9.278424113290384e-05
/content/Dataset/Test/Fake/fake_3502.jpg,0,0,True,0.999931812286377,6.812818901380524e-05
/content/Dataset/Test/Fake/fake_3503.jpg,0,0,True,0.8939341306686401,0.10606586933135986
/content/Dataset/Test/Fake/fake_3504.jpg,0,0,True,0.999840259552002,0.0001597727823536843
/content/Dataset/Test/Fake/fake_3505.jpg,0,0,True,0.9999557733535767,4.422203346621245e-05
/content/Dataset/Test/Fake/fake_3506.jpg,0,0,True,0.999962329864502,3.762065534829162e-05
/content/Dataset/Test/Fake/fake_3507.jpg,0,0,True,0.999961256980896,3.879972064169124e-05
/content/Dataset/Test/Fake/fake_3508.jpg,0,0,True,0.9941629767417908,0.00583700742572546
/content/Dataset/Test/Fake/fake_3509.jpg,0,0,True,0.7753030061721802,0.22469700872898102
/content/Dataset/Test/Fake/fake_351.jpg,0,0,True,0.981986403465271,0.018013637512922287
/content/Dataset/Test/Fake/fake_3510.jpg,0,0,True,0.9999691247940063,3.082405964960344e-05
/content/Dataset/Test/Fake/fake_3511.jpg,0,0,True,0.9999626874923706,3.7352368963183835e-05
/content/Dataset/Test/Fake/fake_3512.jpg,0,0,True,0.9999752044677734,2.4833589122863486e-05
/content/Dataset/Test/Fake/fake_3513.jpg,0,0,True,0.9999713897705078,2.8591790396603756e-05
/content/Dataset/Test/Fake/fake_3514.jpg,0,0,True,0.9999713897705078,2.8563394153025e-05
/content/Dataset/Test/Fake/fake_3515.jpg,0,0,True,0.9654953479766846,0.03450458496809006
/content/Dataset/Test/Fake/fake_3516.jpg,0,0,True,0.9962594509124756,0.0037405858747661114
/content/Dataset/Test/Fake/fake_3517.jpg,0,0,True,0.9999741315841675,2.5822571842581965e-05
/content/Dataset/Test/Fake/fake_3518.jpg,0,0,True,0.9999673366546631,3.2688923965906724e-05
/content/Dataset/Test/Fake/fake_3519.jpg,0,0,True,0.9999685287475586,3.149878830299713e-05
/content/Dataset/Test/Fake/fake_352.jpg,0,0,True,0.9994465708732605,0.0005534281372092664
/content/Dataset/Test/Fake/fake_3520.jpg,0,0,True,0.9999706745147705,2.9313663617358543e-05
/content/Dataset/Test/Fake/fake_3521.jpg,0,0,True,0.9999037981033325,9.620741184335202e-05
/content/Dataset/Test/Fake/fake_3522.jpg,0,0,True,0.9999691247940063,3.0846083973301575e-05
/content/Dataset/Test/Fake/fake_3523.jpg,0,0,True,0.9999696016311646,3.0396387955988757e-05
/content/Dataset/Test/Fake/fake_3524.jpg,0,0,True,0.999974250793457,2.5755236492841505e-05
/content/Dataset/Test/Fake/fake_3525.jpg,0,0,True,0.9999678134918213,3.216723052901216e-05
/content/Dataset/Test/Fake/fake_3526.jpg,0,0,True,0.992078959941864,0.007920997217297554
/content/Dataset/Test/Fake/fake_3527.jpg,0,0,True,0.9999758005142212,2.42384248849703e-05
/content/Dataset/Test/Fake/fake_3528.jpg,0,0,True,0.9998584985733032,0.0001414279395248741
/content/Dataset/Test/Fake/fake_3529.jpg,0,0,True,0.9999456405639648,5.4299773182719946e-05
/content/Dataset/Test/Fake/fake_353.jpg,0,0,True,0.9966446161270142,0.003355401335284114
/content/Dataset/Test/Fake/fake_3530.jpg,0,0,True,0.9999603033065796,3.96705036109779e-05
/content/Dataset/Test/Fake/fake_3531.jpg,0,0,True,0.9999697208404541,3.0297498597064987e-05
/content/Dataset/Test/Fake/fake_3532.jpg,0,0,True,0.9999500513076782,4.9982314521912485e-05
/content/Dataset/Test/Fake/fake_3533.jpg,0,0,True,0.9999641180038452,3.582304998417385e-05
/content/Dataset/Test/Fake/fake_3534.jpg,0,0,True,0.9891652464866638,0.010834738612174988
/content/Dataset/Test/Fake/fake_3535.jpg,0,0,True,0.9976791739463806,0.0023208316415548325
/content/Dataset/Test/Fake/fake_3536.jpg,0,0,True,0.6302174925804138,0.36978256702423096
/content/Dataset/Test/Fake/fake_3537.jpg,0,0,True,0.9999703168869019,2.962371763715055e-05
/content/Dataset/Test/Fake/fake_3538.jpg,0,0,True,0.9999706745147705,2.9349974283832125e-05
/content/Dataset/Test/Fake/fake_3539.jpg,0,0,True,0.9999674558639526,3.257751450291835e-05
/content/Dataset/Test/Fake/fake_354.jpg,0,0,True,0.5502556562423706,0.4497443735599518
/content/Dataset/Test/Fake/fake_3540.jpg,0,0,True,0.9999707937240601,2.9168935725465417e-05
/content/Dataset/Test/Fake/fake_3541.jpg,0,0,True,0.9977333545684814,0.0022665895521640778
/content/Dataset/Test/Fake/fake_3542.jpg,0,0,True,0.9999271631240845,7.286378968274221e-05
/content/Dataset/Test/Fake/fake_3543.jpg,0,0,True,0.9999716281890869,2.8415706765372306e-05
/content/Dataset/Test/Fake/fake_3544.jpg,0,0,True,0.9999430179595947,5.694048013538122e-05
/content/Dataset/Test/Fake/fake_3545.jpg,0,0,True,0.9997501969337463,0.000249832053668797
/content/Dataset/Test/Fake/fake_3546.jpg,0,0,True,0.9682336449623108,0.031766388565301895
/content/Dataset/Test/Fake/fake_3547.jpg,0,0,True,0.9999552965164185,4.475472087506205e-05
/content/Dataset/Test/Fake/fake_3548.jpg,0,0,True,0.9453336596488953,0.054666388779878616
/content/Dataset/Test/Fake/fake_3549.jpg,0,0,True,0.98139888048172,0.018601153045892715
/content/Dataset/Test/Fake/fake_355.jpg,0,0,True,0.9999521970748901,4.7846078814473e-05
/content/Dataset/Test/Fake/fake_3550.jpg,0,1,False,0.4126697778701782,0.587330162525177
/content/Dataset/Test/Fake/fake_3551.jpg,0,0,True,0.9999006986618042,9.924088953994215e-05
/content/Dataset/Test/Fake/fake_3552.jpg,0,1,False,0.3389064073562622,0.6610936522483826
/content/Dataset/Test/Fake/fake_3553.jpg,0,0,True,0.99785977602005,0.0021402696147561073
/content/Dataset/Test/Fake/fake_3554.jpg,0,0,True,0.9827196598052979,0.017280342057347298
/content/Dataset/Test/Fake/fake_3555.jpg,0,0,True,0.9830597639083862,0.016940217465162277
/content/Dataset/Test/Fake/fake_3556.jpg,0,1,False,0.463699072599411,0.5363009572029114
/content/Dataset/Test/Fake/fake_3557.jpg,0,0,True,0.9088895320892334,0.0911104679107666
/content/Dataset/Test/Fake/fake_3558.jpg,0,0,True,0.999894380569458,0.00010563678370090201
/content/Dataset/Test/Fake/fake_3559.jpg,0,0,True,0.8685193657875061,0.1314806342124939
/content/Dataset/Test/Fake/fake_356.jpg,0,0,True,0.9973815083503723,0.0026184404268860817
/content/Dataset/Test/Fake/fake_3560.jpg,0,0,True,0.9393264651298523,0.060673560947179794
/content/Dataset/Test/Fake/fake_3561.jpg,0,1,False,0.03280627727508545,0.9671937823295593
/content/Dataset/Test/Fake/fake_3562.jpg,0,1,False,0.04381473362445831,0.9561853408813477
/content/Dataset/Test/Fake/fake_3563.jpg,0,1,False,0.28052544593811035,0.7194745540618896
/content/Dataset/Test/Fake/fake_3564.jpg,0,0,True,0.7220132946968079,0.27798670530319214
/content/Dataset/Test/Fake/fake_3565.jpg,0,0,True,0.9968095421791077,0.0031904366333037615
/content/Dataset/Test/Fake/fake_3566.jpg,0,0,True,0.9593029022216797,0.040697142481803894
/content/Dataset/Test/Fake/fake_3567.jpg,0,0,True,0.9997784495353699,0.00022159716172609478
/content/Dataset/Test/Fake/fake_3568.jpg,0,0,True,0.9998960494995117,0.00010390354145783931
/content/Dataset/Test/Fake/fake_3569.jpg,0,0,True,0.9999561309814453,4.3845408072229475e-05
/content/Dataset/Test/Fake/fake_357.jpg,0,0,True,0.9999663829803467,3.3650729164946824e-05
/content/Dataset/Test/Fake/fake_3570.jpg,0,0,True,0.9999499320983887,5.007080835639499e-05
/content/Dataset/Test/Fake/fake_3571.jpg,0,1,False,0.4031241834163666,0.5968758463859558
/content/Dataset/Test/Fake/fake_3572.jpg,0,0,True,0.9994217157363892,0.0005782876396551728
/content/Dataset/Test/Fake/fake_3573.jpg,0,0,True,0.9768301248550415,0.023169875144958496
/content/Dataset/Test/Fake/fake_3574.jpg,0,0,True,0.9697167873382568,0.03028324618935585
/content/Dataset/Test/Fake/fake_3575.jpg,0,0,True,0.8797991871833801,0.12020079791545868
/content/Dataset/Test/Fake/fake_3576.jpg,0,0,True,0.9995536208152771,0.00044634874211624265
/content/Dataset/Test/Fake/fake_3577.jpg,0,0,True,0.9765175580978394,0.023482464253902435
/content/Dataset/Test/Fake/fake_3578.jpg,0,0,True,0.8817055225372314,0.11829447001218796
/content/Dataset/Test/Fake/fake_3579.jpg,0,0,True,0.9706466794013977,0.029353320598602295
/content/Dataset/Test/Fake/fake_358.jpg,0,0,True,0.784849226474762,0.215150848031044
/content/Dataset/Test/Fake/fake_3580.jpg,0,0,True,0.9811185598373413,0.01888142339885235
/content/Dataset/Test/Fake/fake_3581.jpg,0,0,True,0.9999070167541504,9.291669266531244e-05
/content/Dataset/Test/Fake/fake_3582.jpg,0,0,True,0.7386218309402466,0.2613781988620758
/content/Dataset/Test/Fake/fake_3583.jpg,0,0,True,0.9999542236328125,4.5718843466602266e-05
/content/Dataset/Test/Fake/fake_3584.jpg,0,0,True,0.9999287128448486,7.13170666131191e-05
/content/Dataset/Test/Fake/fake_3585.jpg,0,0,True,0.999904990196228,9.501868044026196e-05
/content/Dataset/Test/Fake/fake_3586.jpg,0,0,True,0.9999587535858154,4.124349288758822e-05
/content/Dataset/Test/Fake/fake_3587.jpg,0,1,False,0.48626211285591125,0.5137378573417664
/content/Dataset/Test/Fake/fake_3588.jpg,0,1,False,0.27360787987709045,0.7263920903205872
/content/Dataset/Test/Fake/fake_3589.jpg,0,1,False,0.08784332871437073,0.9121567010879517
/content/Dataset/Test/Fake/fake_359.jpg,0,0,True,0.9569460153579712,0.04305395111441612
/content/Dataset/Test/Fake/fake_3590.jpg,0,0,True,0.9999160766601562,8.39377535157837e-05
/content/Dataset/Test/Fake/fake_3591.jpg,0,0,True,0.7238697409629822,0.2761302888393402
/content/Dataset/Test/Fake/fake_3592.jpg,0,0,True,0.9999628067016602,3.721381290233694e-05
/content/Dataset/Test/Fake/fake_3593.jpg,0,0,True,0.9991565942764282,0.0008433829061686993
/content/Dataset/Test/Fake/fake_3594.jpg,0,0,True,0.9722965359687805,0.027703506872057915
/content/Dataset/Test/Fake/fake_3595.jpg,0,0,True,0.9989820122718811,0.0010179785313084722
/content/Dataset/Test/Fake/fake_3596.jpg,0,0,True,0.9999361038208008,6.386475433828309e-05
/content/Dataset/Test/Fake/fake_3597.jpg,0,0,True,0.9953289031982422,0.004671062342822552
/content/Dataset/Test/Fake/fake_3598.jpg,0,0,True,0.9998743534088135,0.0001256138930330053
/content/Dataset/Test/Fake/fake_3599.jpg,0,0,True,0.976298451423645,0.023701583966612816
/content/Dataset/Test/Fake/fake_36.jpg,0,0,True,0.9992340803146362,0.0007658696849830449
/content/Dataset/Test/Fake/fake_360.jpg,0,0,True,0.9873959422111511,0.01260405033826828
/content/Dataset/Test/Fake/fake_3600.jpg,0,0,True,0.5497869253158569,0.4502130448818207
/content/Dataset/Test/Fake/fake_3601.jpg,0,0,True,0.7693721652030945,0.23062781989574432
/content/Dataset/Test/Fake/fake_3602.jpg,0,0,True,0.9994792342185974,0.00052079395391047
/content/Dataset/Test/Fake/fake_3603.jpg,0,0,True,0.9850799441337585,0.01492000836879015
/content/Dataset/Test/Fake/fake_3604.jpg,0,0,True,0.9996935129165649,0.00030650157714262605
/content/Dataset/Test/Fake/fake_3605.jpg,0,0,True,0.9802866578102112,0.019713321700692177
/content/Dataset/Test/Fake/fake_3606.jpg,0,0,True,0.9999616146087646,3.840344652417116e-05
/content/Dataset/Test/Fake/fake_3607.jpg,0,0,True,0.9818898439407349,0.01811014860868454
/content/Dataset/Test/Fake/fake_3608.jpg,0,0,True,0.9993106126785278,0.000689424283336848
/content/Dataset/Test/Fake/fake_3609.jpg,0,1,False,0.0049412548542022705,0.9950587749481201
/content/Dataset/Test/Fake/fake_361.jpg,0,1,False,0.004862154368311167,0.9951378703117371
/content/Dataset/Test/Fake/fake_3610.jpg,0,0,True,0.9999556541442871,4.439239637576975e-05
/content/Dataset/Test/Fake/fake_3611.jpg,0,0,True,0.9999516010284424,4.841679037781432e-05
/content/Dataset/Test/Fake/fake_3612.jpg,0,0,True,0.9999580383300781,4.198470924166031e-05
/content/Dataset/Test/Fake/fake_3613.jpg,0,0,True,0.9999268054962158,7.323151658056304e-05
/content/Dataset/Test/Fake/fake_3614.jpg,0,0,True,0.9999446868896484,5.531073111342266e-05
/content/Dataset/Test/Fake/fake_3615.jpg,0,0,True,0.9966863989830017,0.0033135528210550547
/content/Dataset/Test/Fake/fake_3616.jpg,0,0,True,0.999896764755249,0.00010317213309463114
/content/Dataset/Test/Fake/fake_3617.jpg,0,0,True,0.9999659061431885,3.411120269447565e-05
/content/Dataset/Test/Fake/fake_3618.jpg,0,0,True,0.9999569654464722,4.302684828871861e-05
/content/Dataset/Test/Fake/fake_3619.jpg,0,1,False,0.25260812044143677,0.7473918199539185
/content/Dataset/Test/Fake/fake_362.jpg,0,0,True,0.998136043548584,0.0018639367772266269
/content/Dataset/Test/Fake/fake_3620.jpg,0,0,True,0.6207941174507141,0.3792059123516083
/content/Dataset/Test/Fake/fake_3621.jpg,0,0,True,0.9486809372901917,0.05131908878684044
/content/Dataset/Test/Fake/fake_3622.jpg,0,0,True,0.9997101426124573,0.00028988326084800065
/content/Dataset/Test/Fake/fake_3623.jpg,0,0,True,0.999261200428009,0.0007387941586785018
/content/Dataset/Test/Fake/fake_3624.jpg,0,1,False,0.47970670461654663,0.5202932357788086
/content/Dataset/Test/Fake/fake_3625.jpg,0,0,True,0.9687848091125488,0.03121517226099968
/content/Dataset/Test/Fake/fake_3626.jpg,0,0,True,0.9999475479125977,5.2485491323750466e-05
/content/Dataset/Test/Fake/fake_3627.jpg,0,0,True,0.9971855282783508,0.0028144780080765486
/content/Dataset/Test/Fake/fake_3628.jpg,0,1,False,0.05514860153198242,0.9448513984680176
/content/Dataset/Test/Fake/fake_3629.jpg,0,0,True,0.9990015625953674,0.0009985009673982859
/content/Dataset/Test/Fake/fake_363.jpg,0,0,True,0.8102092146873474,0.18979081511497498
/content/Dataset/Test/Fake/fake_3630.jpg,0,0,True,0.8879808783531189,0.11201907694339752
/content/Dataset/Test/Fake/fake_3631.jpg,0,0,True,0.9478214979171753,0.05217843875288963
/content/Dataset/Test/Fake/fake_3632.jpg,0,0,True,0.9990112781524658,0.0009886447805911303
/content/Dataset/Test/Fake/fake_3633.jpg,0,0,True,0.9998435974121094,0.00015635730233043432
/content/Dataset/Test/Fake/fake_3634.jpg,0,0,True,0.9992737174034119,0.0007263193838298321
/content/Dataset/Test/Fake/fake_3635.jpg,0,0,True,0.6526241898536682,0.3473758101463318
/content/Dataset/Test/Fake/fake_3636.jpg,0,0,True,0.999942421913147,5.753817458753474e-05
/content/Dataset/Test/Fake/fake_3637.jpg,0,0,True,0.9999381303787231,6.186485552461818e-05
/content/Dataset/Test/Fake/fake_3638.jpg,0,0,True,0.9999518394470215,4.819622336071916e-05
/content/Dataset/Test/Fake/fake_3639.jpg,0,0,True,0.9894071221351624,0.010592934675514698
/content/Dataset/Test/Fake/fake_364.jpg,0,0,True,0.9999053478240967,9.466768096899614e-05
/content/Dataset/Test/Fake/fake_3640.jpg,0,0,True,0.99970942735672,0.0002905002038460225
/content/Dataset/Test/Fake/fake_3641.jpg,0,0,True,0.995681643486023,0.004318393301218748
/content/Dataset/Test/Fake/fake_3642.jpg,0,0,True,0.9998438358306885,0.00015611271373927593
/content/Dataset/Test/Fake/fake_3643.jpg,0,0,True,0.9995237588882446,0.00047619937686249614
/content/Dataset/Test/Fake/fake_3644.jpg,0,0,True,0.9556314945220947,0.04436853528022766
/content/Dataset/Test/Fake/fake_3645.jpg,0,0,True,0.9999226331710815,7.736240513622761e-05
/content/Dataset/Test/Fake/fake_3646.jpg,0,0,True,0.9998154044151306,0.00018466709298081696
/content/Dataset/Test/Fake/fake_3647.jpg,0,0,True,0.99496990442276,0.005030141212046146
/content/Dataset/Test/Fake/fake_3648.jpg,0,0,True,0.9999387264251709,6.130377732915804e-05
/content/Dataset/Test/Fake/fake_3649.jpg,0,1,False,0.17895062267780304,0.8210493922233582
/content/Dataset/Test/Fake/fake_365.jpg,0,0,True,0.9999535083770752,4.650507980841212e-05
/content/Dataset/Test/Fake/fake_3650.jpg,0,0,True,0.9999340772628784,6.590517295990139e-05
/content/Dataset/Test/Fake/fake_3651.jpg,0,0,True,0.9998794794082642,0.00012049775250488892
/content/Dataset/Test/Fake/fake_3652.jpg,0,0,True,0.7767572402954102,0.22324275970458984
/content/Dataset/Test/Fake/fake_3653.jpg,0,0,True,0.974685788154602,0.025314204394817352
/content/Dataset/Test/Fake/fake_3654.jpg,0,0,True,0.961601972579956,0.03839796036481857
/content/Dataset/Test/Fake/fake_3655.jpg,0,0,True,0.9998843669891357,0.0001155965801444836
/content/Dataset/Test/Fake/fake_3656.jpg,0,1,False,0.16658879816532135,0.8334112167358398
/content/Dataset/Test/Fake/fake_3657.jpg,0,0,True,0.9999641180038452,3.5924727853853256e-05
/content/Dataset/Test/Fake/fake_3658.jpg,0,0,True,0.9999401569366455,5.979393608868122e-05
/content/Dataset/Test/Fake/fake_3659.jpg,0,1,False,0.25113996863365173,0.7488600015640259
/content/Dataset/Test/Fake/fake_366.jpg,0,0,True,0.9999099969863892,9.001056605484337e-05
/content/Dataset/Test/Fake/fake_3660.jpg,0,0,True,0.9785779714584351,0.021422050893306732
/content/Dataset/Test/Fake/fake_3661.jpg,0,0,True,0.999313473701477,0.0006865741452202201
/content/Dataset/Test/Fake/fake_3662.jpg,0,0,True,0.9993762373924255,0.0006238005007617176
/content/Dataset/Test/Fake/fake_3663.jpg,0,0,True,0.8618494868278503,0.13815051317214966
/content/Dataset/Test/Fake/fake_3664.jpg,0,1,False,0.053788166493177414,0.9462118744850159
/content/Dataset/Test/Fake/fake_3665.jpg,0,0,True,0.8673614263534546,0.1326386034488678
/content/Dataset/Test/Fake/fake_3666.jpg,0,0,True,0.9966478943824768,0.0033520939759910107
/content/Dataset/Test/Fake/fake_3667.jpg,0,0,True,0.8307308554649353,0.1692691445350647
/content/Dataset/Test/Fake/fake_3668.jpg,0,0,True,0.9999381303787231,6.18842095718719e-05
/content/Dataset/Test/Fake/fake_3669.jpg,0,0,True,0.7409411072731018,0.2590589225292206
/content/Dataset/Test/Fake/fake_367.jpg,0,0,True,0.9999728202819824,2.7210358894080855e-05
/content/Dataset/Test/Fake/fake_3670.jpg,0,0,True,0.99921715259552,0.000782802642788738
/content/Dataset/Test/Fake/fake_3671.jpg,0,1,False,0.153685063123703,0.8463149666786194
/content/Dataset/Test/Fake/fake_3672.jpg,0,0,True,0.9998842477798462,0.00011572407674975693
/content/Dataset/Test/Fake/fake_3673.jpg,0,0,True,0.9372783899307251,0.06272157281637192
/content/Dataset/Test/Fake/fake_3674.jpg,0,0,True,0.9493839144706726,0.05061608552932739
/content/Dataset/Test/Fake/fake_3675.jpg,0,1,False,0.02309723012149334,0.9769027233123779
/content/Dataset/Test/Fake/fake_3676.jpg,0,0,True,0.9999488592147827,5.1162278396077454e-05
/content/Dataset/Test/Fake/fake_3677.jpg,0,0,True,0.9997283816337585,0.00027164106722921133
/content/Dataset/Test/Fake/fake_3678.jpg,0,0,True,0.9998656511306763,0.00013433660205919296
/content/Dataset/Test/Fake/fake_3679.jpg,0,0,True,0.9943400025367737,0.005660015624016523
/content/Dataset/Test/Fake/fake_368.jpg,0,0,True,0.998469889163971,0.0015300681116059422
/content/Dataset/Test/Fake/fake_3680.jpg,0,0,True,0.9377802014350891,0.06221984326839447
/content/Dataset/Test/Fake/fake_3681.jpg,0,0,True,0.999946117401123,5.384723044699058e-05
/content/Dataset/Test/Fake/fake_3682.jpg,0,0,True,0.9999184608459473,8.153067756211385e-05
/content/Dataset/Test/Fake/fake_3683.jpg,0,0,True,0.9999535083770752,4.651244307751767e-05
/content/Dataset/Test/Fake/fake_3684.jpg,0,0,True,0.9920646548271179,0.007935388945043087
/content/Dataset/Test/Fake/fake_3685.jpg,0,0,True,0.9998350143432617,0.00016498110198881477
/content/Dataset/Test/Fake/fake_3686.jpg,0,0,True,0.9999634027481079,3.658046989585273e-05
/content/Dataset/Test/Fake/fake_3687.jpg,0,0,True,0.9999610185623169,3.896145790349692e-05
/content/Dataset/Test/Fake/fake_3688.jpg,0,0,True,0.989007830619812,0.010992235504090786
/content/Dataset/Test/Fake/fake_3689.jpg,0,0,True,0.9998695850372314,0.00013038964243605733
/content/Dataset/Test/Fake/fake_369.jpg,0,0,True,0.9993784427642822,0.0006214970489963889
/content/Dataset/Test/Fake/fake_3690.jpg,0,0,True,0.9995666146278381,0.0004333818797022104
/content/Dataset/Test/Fake/fake_3691.jpg,0,0,True,0.9924357533454895,0.00756419263780117
/content/Dataset/Test/Fake/fake_3692.jpg,0,0,True,0.9996066689491272,0.0003933131811209023
/content/Dataset/Test/Fake/fake_3693.jpg,0,0,True,0.9994731545448303,0.000526855350472033
/content/Dataset/Test/Fake/fake_3694.jpg,0,0,True,0.9999542236328125,4.582784458762035e-05
/content/Dataset/Test/Fake/fake_3695.jpg,0,0,True,0.9965084195137024,0.003491590730845928
/content/Dataset/Test/Fake/fake_3696.jpg,0,0,True,0.9956803321838379,0.004319678992033005
/content/Dataset/Test/Fake/fake_3697.jpg,0,0,True,0.999964714050293,3.530449976096861e-05
/content/Dataset/Test/Fake/fake_3698.jpg,0,0,True,0.9998434782028198,0.00015653260925319046
/content/Dataset/Test/Fake/fake_3699.jpg,0,0,True,0.9878543019294739,0.0121456952765584
/content/Dataset/Test/Fake/fake_37.jpg,0,0,True,0.767150342464447,0.23284965753555298
/content/Dataset/Test/Fake/fake_370.jpg,0,0,True,0.9997361302375793,0.0002638584701344371
/content/Dataset/Test/Fake/fake_3700.jpg,0,0,True,0.6767483949661255,0.32325154542922974
/content/Dataset/Test/Fake/fake_3701.jpg,0,0,True,0.9610453248023987,0.038954637944698334
/content/Dataset/Test/Fake/fake_3702.jpg,0,0,True,0.999950647354126,4.9351248890161514e-05
/content/Dataset/Test/Fake/fake_3703.jpg,0,0,True,0.9556643962860107,0.04433556646108627
/content/Dataset/Test/Fake/fake_3704.jpg,0,0,True,0.758206844329834,0.24179311096668243
/content/Dataset/Test/Fake/fake_3705.jpg,0,1,False,0.12142493575811386,0.8785750269889832
/content/Dataset/Test/Fake/fake_3706.jpg,0,0,True,0.9829833507537842,0.017016595229506493
/content/Dataset/Test/Fake/fake_3707.jpg,0,0,True,0.999749481678009,0.00025049797841347754
/content/Dataset/Test/Fake/fake_3708.jpg,0,0,True,0.9999468326568604,5.316444003256038e-05
/content/Dataset/Test/Fake/fake_3709.jpg,0,0,True,0.9957518577575684,0.004248135723173618
/content/Dataset/Test/Fake/fake_371.jpg,0,0,True,0.9997686743736267,0.0002312988362973556
/content/Dataset/Test/Fake/fake_3710.jpg,0,0,True,0.9998276233673096,0.0001723791501717642
/content/Dataset/Test/Fake/fake_3711.jpg,0,1,False,0.21422892808914185,0.7857711315155029
/content/Dataset/Test/Fake/fake_3712.jpg,0,0,True,0.9998113512992859,0.00018861320859286934
/content/Dataset/Test/Fake/fake_3713.jpg,0,0,True,0.9966953992843628,0.0033046614844352007
/content/Dataset/Test/Fake/fake_3714.jpg,0,0,True,0.998227059841156,0.0017730016261339188
/content/Dataset/Test/Fake/fake_3715.jpg,0,0,True,0.9703729152679443,0.029627062380313873
/content/Dataset/Test/Fake/fake_3716.jpg,0,0,True,0.990385890007019,0.009614127688109875
/content/Dataset/Test/Fake/fake_3717.jpg,0,0,True,0.9997342228889465,0.0002657732693478465
/content/Dataset/Test/Fake/fake_3718.jpg,0,0,True,0.9060807824134827,0.0939192920923233
/content/Dataset/Test/Fake/fake_3719.jpg,0,1,False,0.0012950622476637363,0.9987049102783203
/content/Dataset/Test/Fake/fake_372.jpg,0,0,True,0.9988308548927307,0.0011691940017044544
/content/Dataset/Test/Fake/fake_3720.jpg,0,0,True,0.9830228686332703,0.016977127641439438
/content/Dataset/Test/Fake/fake_3721.jpg,0,0,True,0.9998190999031067,0.00018089987861458212
/content/Dataset/Test/Fake/fake_3722.jpg,0,0,True,0.9969590902328491,0.0030409388709813356
/content/Dataset/Test/Fake/fake_3723.jpg,0,0,True,0.9993991851806641,0.0006008192431181669
/content/Dataset/Test/Fake/fake_3724.jpg,0,0,True,0.9434598088264465,0.05654020234942436
/content/Dataset/Test/Fake/fake_3725.jpg,0,0,True,0.9886899590492249,0.01131000928580761
/content/Dataset/Test/Fake/fake_3726.jpg,0,0,True,0.9804845452308655,0.019515469670295715
/content/Dataset/Test/Fake/fake_3727.jpg,0,0,True,0.9986562728881836,0.0013437074376270175
/content/Dataset/Test/Fake/fake_3728.jpg,0,0,True,0.9972604513168335,0.0027394862845540047
/content/Dataset/Test/Fake/fake_3729.jpg,0,0,True,0.9923886656761169,0.007611280307173729
/content/Dataset/Test/Fake/fake_373.jpg,0,0,True,0.9999747276306152,2.5289011318818666e-05
/content/Dataset/Test/Fake/fake_3730.jpg,0,0,True,0.9997641444206238,0.00023586444149259478
/content/Dataset/Test/Fake/fake_3731.jpg,0,0,True,0.9906042218208313,0.009395736269652843
/content/Dataset/Test/Fake/fake_3732.jpg,0,0,True,0.999854564666748,0.00014546324382536113
/content/Dataset/Test/Fake/fake_3733.jpg,0,0,True,0.9998536109924316,0.00014637489221058786
/content/Dataset/Test/Fake/fake_3734.jpg,0,0,True,0.9997686743736267,0.00023138089454732835
/content/Dataset/Test/Fake/fake_3735.jpg,0,0,True,0.9997137188911438,0.00028630736051127315
/content/Dataset/Test/Fake/fake_3736.jpg,0,0,True,0.9998487234115601,0.00015128121594898403
/content/Dataset/Test/Fake/fake_3737.jpg,0,0,True,0.9997161030769348,0.0002838235523086041
/content/Dataset/Test/Fake/fake_3738.jpg,0,0,True,0.9777872562408447,0.022212732583284378
/content/Dataset/Test/Fake/fake_3739.jpg,0,1,False,0.15681743621826172,0.8431826233863831
/content/Dataset/Test/Fake/fake_374.jpg,0,0,True,0.9998893737792969,0.0001105740520870313
/content/Dataset/Test/Fake/fake_3740.jpg,0,0,True,0.9999656677246094,3.434072277741507e-05
/content/Dataset/Test/Fake/fake_3741.jpg,0,0,True,0.9762880802154541,0.02371196076273918
/content/Dataset/Test/Fake/fake_3742.jpg,0,0,True,0.940758466720581,0.05924147367477417
/content/Dataset/Test/Fake/fake_3743.jpg,0,0,True,0.999529242515564,0.00047077215276658535
/content/Dataset/Test/Fake/fake_3744.jpg,0,0,True,0.9998524188995361,0.00014758169709239155
/content/Dataset/Test/Fake/fake_3745.jpg,0,0,True,0.9986258745193481,0.0013741854345425963
/content/Dataset/Test/Fake/fake_3746.jpg,0,0,True,0.9933114051818848,0.006688633468002081
/content/Dataset/Test/Fake/fake_3747.jpg,0,0,True,0.9999507665634155,4.924133827444166e-05
/content/Dataset/Test/Fake/fake_3748.jpg,0,0,True,0.9999426603317261,5.735805461881682e-05
/content/Dataset/Test/Fake/fake_3749.jpg,0,0,True,0.9999501705169678,4.9789352488005534e-05
/content/Dataset/Test/Fake/fake_375.jpg,0,0,True,0.9999696016311646,3.0364575650310144e-05
/content/Dataset/Test/Fake/fake_3750.jpg,0,0,True,0.9999080896377563,9.191646677209064e-05
/content/Dataset/Test/Fake/fake_3751.jpg,0,0,True,0.9945695996284485,0.005430367309600115
/content/Dataset/Test/Fake/fake_3752.jpg,0,0,True,0.9999140501022339,8.595883991802111e-05
/content/Dataset/Test/Fake/fake_3753.jpg,0,0,True,0.8763316869735718,0.12366830557584763
/content/Dataset/Test/Fake/fake_3754.jpg,0,1,False,0.16990306973457336,0.830096960067749
/content/Dataset/Test/Fake/fake_3755.jpg,0,0,True,0.6400169134140015,0.3599831461906433
/content/Dataset/Test/Fake/fake_3756.jpg,0,0,True,0.9975056052207947,0.0024944262113422155
/content/Dataset/Test/Fake/fake_3757.jpg,0,0,True,0.9984038472175598,0.0015961987664923072
/content/Dataset/Test/Fake/fake_3758.jpg,0,1,False,0.0023104215506464243,0.9976896047592163
/content/Dataset/Test/Fake/fake_3759.jpg,0,1,False,0.4353443682193756,0.5646556615829468
/content/Dataset/Test/Fake/fake_376.jpg,0,0,True,0.9998842477798462,0.00011572121002245694
/content/Dataset/Test/Fake/fake_3760.jpg,0,0,True,0.997489333152771,0.0025106610264629126
/content/Dataset/Test/Fake/fake_3761.jpg,0,0,True,0.9651851058006287,0.03481495752930641
/content/Dataset/Test/Fake/fake_3762.jpg,0,0,True,0.9999500513076782,4.99990965181496e-05
/content/Dataset/Test/Fake/fake_3763.jpg,0,0,True,0.9999465942382812,5.3374744311440736e-05
/content/Dataset/Test/Fake/fake_3764.jpg,0,0,True,0.9999592304229736,4.0715229260968044e-05
/content/Dataset/Test/Fake/fake_3765.jpg,0,1,False,0.43487241864204407,0.5651275515556335
/content/Dataset/Test/Fake/fake_3766.jpg,0,0,True,0.9999386072158813,6.133037823019549e-05
/content/Dataset/Test/Fake/fake_3767.jpg,0,0,True,0.9990329742431641,0.0009670661529526114
/content/Dataset/Test/Fake/fake_3768.jpg,0,0,True,0.9993027448654175,0.0006972415721975267
/content/Dataset/Test/Fake/fake_3769.jpg,0,0,True,0.9999308586120605,6.913304241606966e-05
/content/Dataset/Test/Fake/fake_377.jpg,0,0,True,0.999967098236084,3.2897383789531887e-05
/content/Dataset/Test/Fake/fake_3770.jpg,0,0,True,0.7067233324050903,0.29327666759490967
/content/Dataset/Test/Fake/fake_3771.jpg,0,0,True,0.9902550578117371,0.009744995273649693
/content/Dataset/Test/Fake/fake_3772.jpg,0,0,True,0.9845924973487854,0.015407543629407883
/content/Dataset/Test/Fake/fake_3773.jpg,0,0,True,0.6908168196678162,0.30918315052986145
/content/Dataset/Test/Fake/fake_3774.jpg,0,0,True,0.9999171495437622,8.278889436041936e-05
/content/Dataset/Test/Fake/fake_3775.jpg,0,0,True,0.9629197120666504,0.0370803028345108
/content/Dataset/Test/Fake/fake_3776.jpg,0,0,True,0.9999388456344604,6.112433038651943e-05
/content/Dataset/Test/Fake/fake_3777.jpg,0,0,True,0.9999207258224487,7.928208651719615e-05
/content/Dataset/Test/Fake/fake_3778.jpg,0,0,True,0.8211295008659363,0.1788705438375473
/content/Dataset/Test/Fake/fake_3779.jpg,0,1,False,0.19931386411190033,0.8006861805915833
/content/Dataset/Test/Fake/fake_378.jpg,0,0,True,0.9772909283638,0.022709066048264503
/content/Dataset/Test/Fake/fake_3780.jpg,0,1,False,0.06765800714492798,0.932341992855072
/content/Dataset/Test/Fake/fake_3781.jpg,0,0,True,0.9829494953155518,0.01705053448677063
/content/Dataset/Test/Fake/fake_3782.jpg,0,0,True,0.9999409914016724,5.8988862292608246e-05
/content/Dataset/Test/Fake/fake_3783.jpg,0,0,True,0.9999288320541382,7.115375774446875e-05
/content/Dataset/Test/Fake/fake_3784.jpg,0,0,True,0.9934870004653931,0.0065130265429615974
/content/Dataset/Test/Fake/fake_3785.jpg,0,0,True,0.9999496936798096,5.025401696912013e-05
/content/Dataset/Test/Fake/fake_3786.jpg,0,0,True,0.9999644756317139,3.555635339580476e-05
/content/Dataset/Test/Fake/fake_3787.jpg,0,0,True,0.9999291896820068,7.077668124111369e-05
/content/Dataset/Test/Fake/fake_3788.jpg,0,0,True,0.9997512698173523,0.0002487558522261679
/content/Dataset/Test/Fake/fake_3789.jpg,0,0,True,0.9994229078292847,0.0005771398427896202
/content/Dataset/Test/Fake/fake_379.jpg,0,0,True,0.9999737739562988,2.623506406962406e-05
/content/Dataset/Test/Fake/fake_3790.jpg,0,0,True,0.9999301433563232,6.982987542869523e-05
/content/Dataset/Test/Fake/fake_3791.jpg,0,0,True,0.9897550940513611,0.010244897566735744
/content/Dataset/Test/Fake/fake_3792.jpg,0,0,True,0.9998056292533875,0.00019433724810369313
/content/Dataset/Test/Fake/fake_3793.jpg,0,0,True,0.9984309077262878,0.0015690955333411694
/content/Dataset/Test/Fake/fake_3794.jpg,0,0,True,0.9990173578262329,0.0009826031746342778
/content/Dataset/Test/Fake/fake_3795.jpg,0,0,True,0.9999587535858154,4.12961162510328e-05
/content/Dataset/Test/Fake/fake_3796.jpg,0,0,True,0.9976760745048523,0.0023239022120833397
/content/Dataset/Test/Fake/fake_3797.jpg,0,0,True,0.9998158812522888,0.00018412081408314407
/content/Dataset/Test/Fake/fake_3798.jpg,0,0,True,0.741117000579834,0.258882999420166
/content/Dataset/Test/Fake/fake_3799.jpg,0,0,True,0.9995866417884827,0.00041337107541039586
/content/Dataset/Test/Fake/fake_38.jpg,0,0,True,0.9993476271629333,0.0006524106720462441
/content/Dataset/Test/Fake/fake_380.jpg,0,0,True,0.9999727010726929,2.7286128897685558e-05
/content/Dataset/Test/Fake/fake_3800.jpg,0,0,True,0.9999608993530273,3.909156657755375e-05
/content/Dataset/Test/Fake/fake_3801.jpg,0,1,False,0.30622339248657227,0.693776547908783
/content/Dataset/Test/Fake/fake_3802.jpg,0,0,True,0.9276139736175537,0.0723860114812851
/content/Dataset/Test/Fake/fake_3803.jpg,0,0,True,0.9999138116836548,8.61428925418295e-05
/content/Dataset/Test/Fake/fake_3804.jpg,0,1,False,0.38100674748420715,0.6189932823181152
/content/Dataset/Test/Fake/fake_3805.jpg,0,0,True,0.6967219710350037,0.30327799916267395
/content/Dataset/Test/Fake/fake_3806.jpg,0,0,True,0.9996730089187622,0.00032705601188354194
/content/Dataset/Test/Fake/fake_3807.jpg,0,0,True,0.999841570854187,0.00015838064427953213
/content/Dataset/Test/Fake/fake_3808.jpg,0,0,True,0.9998970031738281,0.00010304491297574714
/content/Dataset/Test/Fake/fake_3809.jpg,0,0,True,0.9988245368003845,0.001175413839519024
/content/Dataset/Test/Fake/fake_381.jpg,0,0,True,0.9973819851875305,0.0026179850101470947
/content/Dataset/Test/Fake/fake_3810.jpg,0,1,False,0.08045915514230728,0.9195408821105957
/content/Dataset/Test/Fake/fake_3811.jpg,0,0,True,0.9977364540100098,0.0022635897621512413
/content/Dataset/Test/Fake/fake_3812.jpg,0,0,True,0.9999679327011108,3.210563227185048e-05
/content/Dataset/Test/Fake/fake_3813.jpg,0,0,True,0.9999523162841797,4.767264545080252e-05
/content/Dataset/Test/Fake/fake_3814.jpg,0,0,True,0.7751163244247437,0.22488372027873993
/content/Dataset/Test/Fake/fake_3815.jpg,0,0,True,0.9999669790267944,3.29843423969578e-05
/content/Dataset/Test/Fake/fake_3816.jpg,0,0,True,0.9999428987503052,5.712289930670522e-05
/content/Dataset/Test/Fake/fake_3817.jpg,0,0,True,0.9985451698303223,0.0014548342442139983
/content/Dataset/Test/Fake/fake_3818.jpg,0,0,True,0.9902241826057434,0.009775803424417973
/content/Dataset/Test/Fake/fake_3819.jpg,0,0,True,0.9992867112159729,0.0007133455364964902
/content/Dataset/Test/Fake/fake_382.jpg,0,0,True,0.9999587535858154,4.1217390389647335e-05
/content/Dataset/Test/Fake/fake_3820.jpg,0,0,True,0.9981099367141724,0.0018900999566540122
/content/Dataset/Test/Fake/fake_3821.jpg,0,0,True,0.9999090433120728,9.090879029827192e-05
/content/Dataset/Test/Fake/fake_3822.jpg,0,0,True,0.9929646253585815,0.0070352996699512005
/content/Dataset/Test/Fake/fake_3823.jpg,0,0,True,0.9998738765716553,0.00012605304073076695
/content/Dataset/Test/Fake/fake_3824.jpg,0,0,True,0.9910014271736145,0.008998531848192215
/content/Dataset/Test/Fake/fake_3825.jpg,0,0,True,0.9861077070236206,0.013892361894249916
/content/Dataset/Test/Fake/fake_3826.jpg,0,1,False,0.2995802164077759,0.7004197835922241
/content/Dataset/Test/Fake/fake_3827.jpg,0,0,True,0.9988699555397034,0.0011300487676635385
/content/Dataset/Test/Fake/fake_3828.jpg,0,1,False,0.04964357241988182,0.9503564238548279
/content/Dataset/Test/Fake/fake_3829.jpg,0,0,True,0.9989013671875,0.00109860859811306
/content/Dataset/Test/Fake/fake_383.jpg,0,0,True,0.9999490976333618,5.094096195534803e-05
/content/Dataset/Test/Fake/fake_3830.jpg,0,0,True,0.9999264478683472,7.353578257607296e-05
/content/Dataset/Test/Fake/fake_3831.jpg,0,0,True,0.9991312623023987,0.0008687686640769243
/content/Dataset/Test/Fake/fake_3832.jpg,0,0,True,0.9997727274894714,0.00022733103833161294
/content/Dataset/Test/Fake/fake_3833.jpg,0,1,False,0.4166216552257538,0.5833783149719238
/content/Dataset/Test/Fake/fake_3834.jpg,0,0,True,0.9999573230743408,4.268156044417992e-05
/content/Dataset/Test/Fake/fake_3835.jpg,0,0,True,0.9960914254188538,0.003908528946340084
/content/Dataset/Test/Fake/fake_3836.jpg,0,0,True,0.95502769947052,0.04497235268354416
/content/Dataset/Test/Fake/fake_3837.jpg,0,0,True,0.9893630146980286,0.010636973194777966
/content/Dataset/Test/Fake/fake_3838.jpg,0,0,True,0.9969525337219238,0.0030474087689071894
/content/Dataset/Test/Fake/fake_3839.jpg,0,0,True,0.9941768646240234,0.0058231414295732975
/content/Dataset/Test/Fake/fake_384.jpg,0,0,True,0.9998892545700073,0.00011072092456743121
/content/Dataset/Test/Fake/fake_3840.jpg,0,0,True,0.9999567270278931,4.3266354623483494e-05
/content/Dataset/Test/Fake/fake_3841.jpg,0,0,True,0.8232779502868652,0.17672207951545715
/content/Dataset/Test/Fake/fake_3842.jpg,0,0,True,0.8806044459342957,0.11939553171396255
/content/Dataset/Test/Fake/fake_3843.jpg,0,0,True,0.9998962879180908,0.00010375375131843612
/content/Dataset/Test/Fake/fake_3844.jpg,0,0,True,0.9994168281555176,0.0005832384922541678
/content/Dataset/Test/Fake/fake_3845.jpg,0,0,True,0.9371351599693298,0.06286484748125076
/content/Dataset/Test/Fake/fake_3846.jpg,0,0,True,0.999956488609314,4.351455208961852e-05
/content/Dataset/Test/Fake/fake_3847.jpg,0,0,True,0.9999545812606812,4.544439434539527e-05
/content/Dataset/Test/Fake/fake_3848.jpg,0,0,True,0.9977275729179382,0.002272474579513073
/content/Dataset/Test/Fake/fake_3849.jpg,0,0,True,0.9998358488082886,0.0001641701237531379
/content/Dataset/Test/Fake/fake_385.jpg,0,0,True,0.9999347925186157,6.514515553135425e-05
/content/Dataset/Test/Fake/fake_3850.jpg,0,0,True,0.9998525381088257,0.000147445680340752
/content/Dataset/Test/Fake/fake_3851.jpg,0,1,False,0.41600048542022705,0.5839995741844177
/content/Dataset/Test/Fake/fake_3852.jpg,0,1,False,0.001765146036632359,0.9982348680496216
/content/Dataset/Test/Fake/fake_3853.jpg,0,0,True,0.9994021654129028,0.0005978431436233222
/content/Dataset/Test/Fake/fake_3854.jpg,0,1,False,0.39106285572052,0.6089370846748352
/content/Dataset/Test/Fake/fake_3855.jpg,0,0,True,0.996228814125061,0.0037711758632212877
/content/Dataset/Test/Fake/fake_3856.jpg,0,0,True,0.9998070597648621,0.00019292101205792278
/content/Dataset/Test/Fake/fake_3857.jpg,0,0,True,0.9995542168617249,0.0004457479517441243
/content/Dataset/Test/Fake/fake_3858.jpg,0,0,True,0.9999350309371948,6.501800089608878e-05
/content/Dataset/Test/Fake/fake_3859.jpg,0,0,True,0.9999575614929199,4.239758709445596e-05
/content/Dataset/Test/Fake/fake_386.jpg,0,0,True,0.9998472929000854,0.00015264542889781296
/content/Dataset/Test/Fake/fake_3860.jpg,0,0,True,0.998975396156311,0.0010246280580759048
/content/Dataset/Test/Fake/fake_3861.jpg,0,0,True,0.9999434947967529,5.6558314099675044e-05
/content/Dataset/Test/Fake/fake_3862.jpg,0,0,True,0.8647545576095581,0.1352454423904419
/content/Dataset/Test/Fake/fake_3863.jpg,0,0,True,0.9931981563568115,0.006801859475672245
/content/Dataset/Test/Fake/fake_3864.jpg,0,0,True,0.9999756813049316,2.42935202550143e-05
/content/Dataset/Test/Fake/fake_3865.jpg,0,0,True,0.9993308782577515,0.0006692060269415379
/content/Dataset/Test/Fake/fake_3866.jpg,0,0,True,0.9780260920524597,0.021973952651023865
/content/Dataset/Test/Fake/fake_3867.jpg,0,1,False,0.2654733955860138,0.7345265746116638
/content/Dataset/Test/Fake/fake_3868.jpg,0,0,True,0.9960097074508667,0.003990245517343283
/content/Dataset/Test/Fake/fake_3869.jpg,0,0,True,0.7835617065429688,0.21643823385238647
/content/Dataset/Test/Fake/fake_387.jpg,0,0,True,0.9999717473983765,2.829418735927902e-05
/content/Dataset/Test/Fake/fake_3870.jpg,0,0,True,0.9998645782470703,0.0001354443229502067
/content/Dataset/Test/Fake/fake_3871.jpg,0,1,False,0.03798503428697586,0.9620149731636047
/content/Dataset/Test/Fake/fake_3872.jpg,0,1,False,0.20288829505443573,0.7971116900444031
/content/Dataset/Test/Fake/fake_3873.jpg,0,0,True,0.9833775758743286,0.01662243716418743
/content/Dataset/Test/Fake/fake_3874.jpg,0,0,True,0.9999319314956665,6.805532757425681e-05
/content/Dataset/Test/Fake/fake_3875.jpg,0,0,True,0.9999611377716064,3.884585021296516e-05
/content/Dataset/Test/Fake/fake_3876.jpg,0,0,True,0.9984443783760071,0.0015556218568235636
/content/Dataset/Test/Fake/fake_3877.jpg,0,0,True,0.999810516834259,0.00018949162040371448
/content/Dataset/Test/Fake/fake_3878.jpg,0,1,False,0.07898982614278793,0.9210101962089539
/content/Dataset/Test/Fake/fake_3879.jpg,0,0,True,0.9989761114120483,0.0010238863760605454
/content/Dataset/Test/Fake/fake_388.jpg,0,0,True,0.9937599301338196,0.006240047048777342
/content/Dataset/Test/Fake/fake_3880.jpg,0,0,True,0.9201918840408325,0.07980816811323166
/content/Dataset/Test/Fake/fake_3881.jpg,0,0,True,0.6632506251335144,0.336749404668808
/content/Dataset/Test/Fake/fake_3882.jpg,0,1,False,0.04272414743900299,0.9572758078575134
/content/Dataset/Test/Fake/fake_3883.jpg,0,1,False,0.47743383049964905,0.5225661993026733
/content/Dataset/Test/Fake/fake_3884.jpg,0,1,False,0.005056511145085096,0.9949434399604797
/content/Dataset/Test/Fake/fake_3885.jpg,0,0,True,0.9975520968437195,0.0024478782434016466
/content/Dataset/Test/Fake/fake_3886.jpg,0,0,True,0.8407911658287048,0.15920884907245636
/content/Dataset/Test/Fake/fake_3887.jpg,0,0,True,0.7612152695655823,0.23878473043441772
/content/Dataset/Test/Fake/fake_3888.jpg,0,0,True,0.9995875954627991,0.00041246533510275185
/content/Dataset/Test/Fake/fake_3889.jpg,0,0,True,0.9982397556304932,0.00176019046921283
/content/Dataset/Test/Fake/fake_389.jpg,0,0,True,0.9966819882392883,0.0033180348109453917
/content/Dataset/Test/Fake/fake_3890.jpg,0,1,False,0.37924638390541077,0.6207536458969116
/content/Dataset/Test/Fake/fake_3891.jpg,0,0,True,0.9972496628761292,0.0027502886950969696
/content/Dataset/Test/Fake/fake_3892.jpg,0,0,True,0.9999481439590454,5.185772533877753e-05
/content/Dataset/Test/Fake/fake_3893.jpg,0,1,False,0.35922494530677795,0.6407750844955444
/content/Dataset/Test/Fake/fake_3894.jpg,0,0,True,0.9998871088027954,0.0001128728108596988
/content/Dataset/Test/Fake/fake_3895.jpg,0,1,False,0.122654028236866,0.8773459196090698
/content/Dataset/Test/Fake/fake_3896.jpg,0,0,True,0.9989759922027588,0.0010240365518257022
/content/Dataset/Test/Fake/fake_3897.jpg,0,0,True,0.9999417066574097,5.830338704981841e-05
/content/Dataset/Test/Fake/fake_3898.jpg,0,0,True,0.9847395420074463,0.015260439366102219
/content/Dataset/Test/Fake/fake_3899.jpg,0,0,True,0.9186719655990601,0.08132801949977875
/content/Dataset/Test/Fake/fake_39.jpg,0,0,True,0.9888107776641846,0.011189168319106102
/content/Dataset/Test/Fake/fake_390.jpg,0,0,True,0.9999723434448242,2.7671101634041406e-05
/content/Dataset/Test/Fake/fake_3900.jpg,0,0,True,0.9992555975914001,0.0007444112561643124
/content/Dataset/Test/Fake/fake_3901.jpg,0,0,True,0.9998284578323364,0.0001715223042992875
/content/Dataset/Test/Fake/fake_3902.jpg,0,0,True,0.9847655296325684,0.01523442193865776
/content/Dataset/Test/Fake/fake_3903.jpg,0,0,True,0.9984651803970337,0.0015348318265751004
/content/Dataset/Test/Fake/fake_3904.jpg,0,0,True,0.759355902671814,0.24064402282238007
/content/Dataset/Test/Fake/fake_3905.jpg,0,0,True,0.9999580383300781,4.1960611270042136e-05
/content/Dataset/Test/Fake/fake_3906.jpg,0,0,True,0.9999269247055054,7.308313070097938e-05
/content/Dataset/Test/Fake/fake_3907.jpg,0,0,True,0.9979155659675598,0.002084397478029132
/content/Dataset/Test/Fake/fake_3908.jpg,0,0,True,0.8229981064796448,0.1770019382238388
/content/Dataset/Test/Fake/fake_3909.jpg,0,0,True,0.9752447605133057,0.02475518360733986
/content/Dataset/Test/Fake/fake_391.jpg,0,0,True,0.9999656677246094,3.436450788285583e-05
/content/Dataset/Test/Fake/fake_3910.jpg,0,0,True,0.9999212026596069,7.878385076764971e-05
/content/Dataset/Test/Fake/fake_3911.jpg,0,0,True,0.9999077320098877,9.229695569956675e-05
/content/Dataset/Test/Fake/fake_3912.jpg,0,0,True,0.9432740807533264,0.05672590062022209
/content/Dataset/Test/Fake/fake_3913.jpg,0,0,True,0.9990750551223755,0.0009249688591808081
/content/Dataset/Test/Fake/fake_3914.jpg,0,0,True,0.7579066753387451,0.24209335446357727
/content/Dataset/Test/Fake/fake_3915.jpg,0,0,True,0.9999614953994751,3.8513506297022104e-05
/content/Dataset/Test/Fake/fake_3916.jpg,0,0,True,0.7507771849632263,0.2492227405309677
/content/Dataset/Test/Fake/fake_3917.jpg,0,0,True,0.9998559951782227,0.00014396577898878604
/content/Dataset/Test/Fake/fake_3918.jpg,0,0,True,0.8093474507331848,0.190652534365654
/content/Dataset/Test/Fake/fake_3919.jpg,0,0,True,0.9998151659965515,0.00018481291772332042
/content/Dataset/Test/Fake/fake_392.jpg,0,0,True,0.9842402935028076,0.015759719535708427
/content/Dataset/Test/Fake/fake_3920.jpg,0,0,True,0.999700665473938,0.00029931054450571537
/content/Dataset/Test/Fake/fake_3921.jpg,0,0,True,0.9775355458259583,0.02246442809700966
/content/Dataset/Test/Fake/fake_3922.jpg,0,0,True,0.9999372959136963,6.27067347522825e-05
/content/Dataset/Test/Fake/fake_3923.jpg,0,0,True,0.9999202489852905,7.976819324539974e-05
/content/Dataset/Test/Fake/fake_3924.jpg,0,0,True,0.9995501637458801,0.0004497617483139038
/content/Dataset/Test/Fake/fake_3925.jpg,0,0,True,0.9998869895935059,0.0001129438605858013
/content/Dataset/Test/Fake/fake_3926.jpg,0,0,True,0.9873171448707581,0.012682815082371235
/content/Dataset/Test/Fake/fake_3927.jpg,0,0,True,0.7107188105583191,0.2892811596393585
/content/Dataset/Test/Fake/fake_3928.jpg,0,0,True,0.9999444484710693,5.5539167078677565e-05
/content/Dataset/Test/Fake/fake_3929.jpg,0,0,True,0.9998323917388916,0.00016755508841015399
/content/Dataset/Test/Fake/fake_393.jpg,0,0,True,0.9999675750732422,3.2431573345093057e-05
/content/Dataset/Test/Fake/fake_3930.jpg,0,0,True,0.9990575909614563,0.000942385639064014
/content/Dataset/Test/Fake/fake_3931.jpg,0,0,True,0.8664594292640686,0.1335405856370926
/content/Dataset/Test/Fake/fake_3932.jpg,0,1,False,0.06973964720964432,0.9302603602409363
/content/Dataset/Test/Fake/fake_3933.jpg,0,0,True,0.9984753727912903,0.0015246107941493392
/content/Dataset/Test/Fake/fake_3934.jpg,0,0,True,0.9999550580978394,4.4881489884573966e-05
/content/Dataset/Test/Fake/fake_3935.jpg,0,0,True,0.9999473094940186,5.266522930469364e-05
/content/Dataset/Test/Fake/fake_3936.jpg,0,0,True,0.9997696280479431,0.00023034567129798234
/content/Dataset/Test/Fake/fake_3937.jpg,0,0,True,0.5972393751144409,0.4027606248855591
/content/Dataset/Test/Fake/fake_3938.jpg,0,0,True,0.9671955704689026,0.032804444432258606
/content/Dataset/Test/Fake/fake_3939.jpg,0,0,True,0.998931348323822,0.0010686427121981978
/content/Dataset/Test/Fake/fake_394.jpg,0,0,True,0.998946487903595,0.001053535146638751
/content/Dataset/Test/Fake/fake_3940.jpg,0,0,True,0.9999637603759766,3.620440111262724e-05
/content/Dataset/Test/Fake/fake_3941.jpg,0,0,True,0.9649109840393066,0.035089053213596344
/content/Dataset/Test/Fake/fake_3942.jpg,0,0,True,0.9806652665138245,0.019334683194756508
/content/Dataset/Test/Fake/fake_3943.jpg,0,0,True,0.6080547571182251,0.3919452130794525
/content/Dataset/Test/Fake/fake_3944.jpg,0,0,True,0.9546343684196472,0.04536563158035278
/content/Dataset/Test/Fake/fake_3945.jpg,0,0,True,0.999950647354126,4.9343816499458626e-05
/content/Dataset/Test/Fake/fake_3946.jpg,0,0,True,0.999380350112915,0.0006195893511176109
/content/Dataset/Test/Fake/fake_3947.jpg,0,0,True,0.9971964359283447,0.0028035948053002357
/content/Dataset/Test/Fake/fake_3948.jpg,0,0,True,0.9996758699417114,0.00032419097260572016
/content/Dataset/Test/Fake/fake_3949.jpg,0,0,True,0.9924811124801636,0.007518863305449486
/content/Dataset/Test/Fake/fake_395.jpg,0,0,True,0.998792290687561,0.001207729335874319
/content/Dataset/Test/Fake/fake_3950.jpg,0,0,True,0.9999145269393921,8.549117046641186e-05
/content/Dataset/Test/Fake/fake_3951.jpg,0,0,True,0.9999545812606812,4.543849718174897e-05
/content/Dataset/Test/Fake/fake_3952.jpg,0,0,True,0.9996707439422607,0.00032921545789577067
/content/Dataset/Test/Fake/fake_3953.jpg,0,0,True,0.968529462814331,0.03147054463624954
/content/Dataset/Test/Fake/fake_3954.jpg,0,0,True,0.9988699555397034,0.0011300736805424094
/content/Dataset/Test/Fake/fake_3955.jpg,0,0,True,0.9999678134918213,3.221014776499942e-05
/content/Dataset/Test/Fake/fake_3956.jpg,0,0,True,0.9732303619384766,0.02676965482532978
/content/Dataset/Test/Fake/fake_3957.jpg,0,0,True,0.9716354608535767,0.028364548459649086
/content/Dataset/Test/Fake/fake_3958.jpg,0,0,True,0.99787437915802,0.0021256471518427134
/content/Dataset/Test/Fake/fake_3959.jpg,0,0,True,0.9999234676361084,7.650405314052477e-05
/content/Dataset/Test/Fake/fake_396.jpg,0,0,True,0.9156409502029419,0.0843590721487999
/content/Dataset/Test/Fake/fake_3960.jpg,0,0,True,0.9998712539672852,0.00012867087207268924
/content/Dataset/Test/Fake/fake_3961.jpg,0,0,True,0.9604550004005432,0.03954504802823067
/content/Dataset/Test/Fake/fake_3962.jpg,0,0,True,0.9962834715843201,0.003716592211276293
/content/Dataset/Test/Fake/fake_3963.jpg,0,0,True,0.9575389623641968,0.042461082339286804
/content/Dataset/Test/Fake/fake_3964.jpg,0,0,True,0.9349133372306824,0.06508668512105942
/content/Dataset/Test/Fake/fake_3965.jpg,0,0,True,0.9999405145645142,5.948903344688006e-05
/content/Dataset/Test/Fake/fake_3966.jpg,0,0,True,0.9999536275863647,4.6420362195931375e-05
/content/Dataset/Test/Fake/fake_3967.jpg,0,0,True,0.9999632835388184,3.670794831123203e-05
/content/Dataset/Test/Fake/fake_3968.jpg,0,0,True,0.9999656677246094,3.438247586018406e-05
/content/Dataset/Test/Fake/fake_3969.jpg,0,0,True,0.9997876286506653,0.0002124323509633541
/content/Dataset/Test/Fake/fake_397.jpg,0,0,True,0.9563503265380859,0.043649617582559586
/content/Dataset/Test/Fake/fake_3970.jpg,0,0,True,0.9998829364776611,0.00011702128540491685
/content/Dataset/Test/Fake/fake_3971.jpg,0,0,True,0.9995716214179993,0.00042841752292588353
/content/Dataset/Test/Fake/fake_3972.jpg,0,0,True,0.9197787046432495,0.08022132515907288
/content/Dataset/Test/Fake/fake_3973.jpg,0,0,True,0.9994633793830872,0.0005365900578908622
/content/Dataset/Test/Fake/fake_3974.jpg,0,0,True,0.9787945747375488,0.02120550163090229
/content/Dataset/Test/Fake/fake_3975.jpg,0,0,True,0.9998928308486938,0.00010715688404161483
/content/Dataset/Test/Fake/fake_3976.jpg,0,0,True,0.999784529209137,0.00021545292111113667
/content/Dataset/Test/Fake/fake_3977.jpg,0,0,True,0.9963986873626709,0.003601290751248598
/content/Dataset/Test/Fake/fake_3978.jpg,0,0,True,0.9783266186714172,0.021673353388905525
/content/Dataset/Test/Fake/fake_3979.jpg,0,0,True,0.9999614953994751,3.8558049709536135e-05
/content/Dataset/Test/Fake/fake_398.jpg,0,0,True,0.999913215637207,8.673703268868849e-05
/content/Dataset/Test/Fake/fake_3980.jpg,0,0,True,0.9983521699905396,0.001647881930693984
/content/Dataset/Test/Fake/fake_3981.jpg,0,0,True,0.9997816681861877,0.00021829907200299203
/content/Dataset/Test/Fake/fake_3982.jpg,0,0,True,0.9998133778572083,0.0001866431557573378
/content/Dataset/Test/Fake/fake_3983.jpg,0,0,True,0.9999425411224365,5.747073009843007e-05
/content/Dataset/Test/Fake/fake_3984.jpg,0,1,False,0.2979939579963684,0.7020059823989868
/content/Dataset/Test/Fake/fake_3985.jpg,0,0,True,0.99994957447052,5.0375074351904914e-05
/content/Dataset/Test/Fake/fake_3986.jpg,0,0,True,0.9987984895706177,0.0012014952953904867
/content/Dataset/Test/Fake/fake_3987.jpg,0,0,True,0.9999605417251587,3.9474423829233274e-05
/content/Dataset/Test/Fake/fake_3988.jpg,0,0,True,0.9978781938552856,0.002121859462931752
/content/Dataset/Test/Fake/fake_3989.jpg,0,0,True,0.999595582485199,0.00040447802166454494
/content/Dataset/Test/Fake/fake_399.jpg,0,0,True,0.9978978633880615,0.002102087251842022
/content/Dataset/Test/Fake/fake_3990.jpg,0,0,True,0.9998868703842163,0.0001131458775489591
/content/Dataset/Test/Fake/fake_3991.jpg,0,0,True,0.996968686580658,0.003031392814591527
/content/Dataset/Test/Fake/fake_3992.jpg,0,0,True,0.988709032535553,0.011291001923382282
/content/Dataset/Test/Fake/fake_3993.jpg,0,0,True,0.9996131062507629,0.0003869656356982887
/content/Dataset/Test/Fake/fake_3994.jpg,0,0,True,0.9999548196792603,4.51269734185189e-05
/content/Dataset/Test/Fake/fake_3995.jpg,0,0,True,0.9998254179954529,0.00017455480701755732
/content/Dataset/Test/Fake/fake_3996.jpg,0,0,True,0.9999433755874634,5.657081783283502e-05
/content/Dataset/Test/Fake/fake_3997.jpg,0,0,True,0.94031822681427,0.05968179926276207
/content/Dataset/Test/Fake/fake_3998.jpg,0,0,True,0.9978201389312744,0.0021798291709274054
/content/Dataset/Test/Fake/fake_3999.jpg,0,0,True,0.9988331198692322,0.0011668629013001919
/content/Dataset/Test/Fake/fake_4.jpg,0,0,True,0.9955524802207947,0.004447446204721928
/content/Dataset/Test/Fake/fake_40.jpg,0,0,True,0.9998821020126343,0.00011793574230978265
/content/Dataset/Test/Fake/fake_400.jpg,0,1,False,0.15865246951580048,0.8413475155830383
/content/Dataset/Test/Fake/fake_4000.jpg,0,0,True,0.9997591376304626,0.00024089722137432545
/content/Dataset/Test/Fake/fake_4001.jpg,0,0,True,0.9612268805503845,0.03877308592200279
/content/Dataset/Test/Fake/fake_4002.jpg,0,0,True,0.9842329025268555,0.015767088159918785
/content/Dataset/Test/Fake/fake_4003.jpg,0,0,True,0.7122780084609985,0.2877219617366791
/content/Dataset/Test/Fake/fake_4004.jpg,0,0,True,0.9997202754020691,0.0002796750341076404
/content/Dataset/Test/Fake/fake_4005.jpg,0,1,False,0.4517369866371155,0.5482630133628845
/content/Dataset/Test/Fake/fake_4006.jpg,0,0,True,0.999948263168335,5.173996396479197e-05
/content/Dataset/Test/Fake/fake_4007.jpg,0,0,True,0.9999210834503174,7.896700117271394e-05
/content/Dataset/Test/Fake/fake_4008.jpg,0,0,True,0.9983499050140381,0.0016501585487276316
/content/Dataset/Test/Fake/fake_4009.jpg,0,0,True,0.9122637510299683,0.08773626387119293
/content/Dataset/Test/Fake/fake_401.jpg,0,0,True,0.9999672174453735,3.2742835173849016e-05
/content/Dataset/Test/Fake/fake_4010.jpg,0,0,True,0.9998947381973267,0.00010522929369471967
/content/Dataset/Test/Fake/fake_4011.jpg,0,0,True,0.5075108408927917,0.49248912930488586
/content/Dataset/Test/Fake/fake_4012.jpg,0,0,True,0.9999586343765259,4.1389001125935465e-05
/content/Dataset/Test/Fake/fake_4013.jpg,0,0,True,0.9999349117279053,6.513833068311214e-05
/content/Dataset/Test/Fake/fake_4014.jpg,0,0,True,0.9999567270278931,4.331020318204537e-05
/content/Dataset/Test/Fake/fake_4015.jpg,0,0,True,0.9999657869338989,3.4264769055880606e-05
/content/Dataset/Test/Fake/fake_4016.jpg,0,0,True,0.9999210834503174,7.886276580393314e-05
/content/Dataset/Test/Fake/fake_4017.jpg,0,0,True,0.9994563460350037,0.0005436870269477367
/content/Dataset/Test/Fake/fake_4018.jpg,0,0,True,0.9999369382858276,6.302121619228274e-05
/content/Dataset/Test/Fake/fake_4019.jpg,0,0,True,0.7427990436553955,0.2572009563446045
/content/Dataset/Test/Fake/fake_402.jpg,0,0,True,0.9998212456703186,0.00017877396021503955
/content/Dataset/Test/Fake/fake_4020.jpg,0,0,True,0.9980960488319397,0.0019039423204958439
/content/Dataset/Test/Fake/fake_4021.jpg,0,0,True,0.9998331069946289,0.00016685741138644516
/content/Dataset/Test/Fake/fake_4022.jpg,0,0,True,0.9793157577514648,0.02068423293530941
/content/Dataset/Test/Fake/fake_4023.jpg,0,0,True,0.9999656677246094,3.4301934647373855e-05
/content/Dataset/Test/Fake/fake_4024.jpg,0,0,True,0.9074720144271851,0.09252798557281494
/content/Dataset/Test/Fake/fake_4025.jpg,0,0,True,0.6208993196487427,0.3791007101535797
/content/Dataset/Test/Fake/fake_4026.jpg,0,0,True,0.9999676942825317,3.228650530218147e-05
/content/Dataset/Test/Fake/fake_4027.jpg,0,0,True,0.999950647354126,4.940314101986587e-05
/content/Dataset/Test/Fake/fake_4028.jpg,0,0,True,0.6372554302215576,0.3627445697784424
/content/Dataset/Test/Fake/fake_4029.jpg,0,0,True,0.989188015460968,0.01081202644854784
/content/Dataset/Test/Fake/fake_403.jpg,0,0,True,0.9999552965164185,4.473714216146618e-05
/content/Dataset/Test/Fake/fake_4030.jpg,0,0,True,0.9998915195465088,0.0001084941322915256
/content/Dataset/Test/Fake/fake_4031.jpg,0,0,True,0.9999392032623291,6.0810263676103204e-05
/content/Dataset/Test/Fake/fake_4032.jpg,0,0,True,0.9529185891151428,0.04708138480782509
/content/Dataset/Test/Fake/fake_4033.jpg,0,0,True,0.9963262677192688,0.0036736747715622187
/content/Dataset/Test/Fake/fake_4034.jpg,0,0,True,0.9666076898574829,0.033392325043678284
/content/Dataset/Test/Fake/fake_4035.jpg,0,0,True,0.9523042440414429,0.047695789486169815
/content/Dataset/Test/Fake/fake_4036.jpg,0,0,True,0.9974935054779053,0.0025064607616513968
/content/Dataset/Test/Fake/fake_4037.jpg,0,0,True,0.917550265789032,0.08244970440864563
/content/Dataset/Test/Fake/fake_4038.jpg,0,0,True,0.9999467134475708,5.327528197085485e-05
/content/Dataset/Test/Fake/fake_4039.jpg,0,0,True,0.999523401260376,0.00047661265125498176
/content/Dataset/Test/Fake/fake_404.jpg,0,0,True,0.9982497096061707,0.0017502218252047896
/content/Dataset/Test/Fake/fake_4040.jpg,0,0,True,0.9432241320610046,0.05677589401602745
/content/Dataset/Test/Fake/fake_4041.jpg,0,0,True,0.9998435974121094,0.00015638147306162864
/content/Dataset/Test/Fake/fake_4042.jpg,0,0,True,0.9912983775138855,0.008701547980308533
/content/Dataset/Test/Fake/fake_4043.jpg,0,0,True,0.999941349029541,5.862642137799412e-05
/content/Dataset/Test/Fake/fake_4044.jpg,0,0,True,0.9998341798782349,0.00016580938245169818
/content/Dataset/Test/Fake/fake_4045.jpg,0,0,True,0.9860256314277649,0.013974337838590145
/content/Dataset/Test/Fake/fake_4046.jpg,0,0,True,0.8911061882972717,0.10889383405447006
/content/Dataset/Test/Fake/fake_4047.jpg,0,0,True,0.9895660877227783,0.01043392438441515
/content/Dataset/Test/Fake/fake_4048.jpg,0,0,True,0.9996992349624634,0.00030077859992161393
/content/Dataset/Test/Fake/fake_4049.jpg,0,0,True,0.9999375343322754,6.243523966986686e-05
/content/Dataset/Test/Fake/fake_405.jpg,0,0,True,0.9933440685272217,0.0066559710539877415
/content/Dataset/Test/Fake/fake_4050.jpg,0,0,True,0.9999582767486572,4.167841689195484e-05
/content/Dataset/Test/Fake/fake_4051.jpg,0,0,True,0.9986876845359802,0.0013123746030032635
/content/Dataset/Test/Fake/fake_4052.jpg,0,1,False,0.13266487419605255,0.8673351407051086
/content/Dataset/Test/Fake/fake_4053.jpg,0,0,True,0.9999344348907471,6.555040454259142e-05
/content/Dataset/Test/Fake/fake_4054.jpg,0,0,True,0.9999566078186035,4.335607081884518e-05
/content/Dataset/Test/Fake/fake_4055.jpg,0,0,True,0.9945659637451172,0.005434046033769846
/content/Dataset/Test/Fake/fake_4056.jpg,0,0,True,0.999866247177124,0.0001336824643658474
/content/Dataset/Test/Fake/fake_4057.jpg,0,0,True,0.9999536275863647,4.634551805793308e-05
/content/Dataset/Test/Fake/fake_4058.jpg,0,0,True,0.9999710321426392,2.896320802392438e-05
/content/Dataset/Test/Fake/fake_4059.jpg,0,1,False,0.4258311986923218,0.5741688013076782
/content/Dataset/Test/Fake/fake_406.jpg,0,0,True,0.9999599456787109,4.0041843021754175e-05
/content/Dataset/Test/Fake/fake_4060.jpg,0,0,True,0.9998295307159424,0.00017038272926583886
/content/Dataset/Test/Fake/fake_4061.jpg,0,0,True,0.9999228715896606,7.706529140705243e-05
/content/Dataset/Test/Fake/fake_4062.jpg,0,0,True,0.9997482895851135,0.00025168253341689706
/content/Dataset/Test/Fake/fake_4063.jpg,0,1,False,0.0005422441172413528,0.9994577765464783
/content/Dataset/Test/Fake/fake_4064.jpg,0,0,True,0.5880095958709717,0.4119904637336731
/content/Dataset/Test/Fake/fake_4065.jpg,0,0,True,0.9997554421424866,0.00024453082005493343
/content/Dataset/Test/Fake/fake_4066.jpg,0,0,True,0.853151798248291,0.14684823155403137
/content/Dataset/Test/Fake/fake_4067.jpg,0,0,True,0.9999455213546753,5.445227725431323e-05
/content/Dataset/Test/Fake/fake_4068.jpg,0,0,True,0.6716360449790955,0.32836398482322693
/content/Dataset/Test/Fake/fake_4069.jpg,0,0,True,0.9439179301261902,0.05608212202787399
/content/Dataset/Test/Fake/fake_407.jpg,0,0,True,0.9999712705612183,2.875004975066986e-05
/content/Dataset/Test/Fake/fake_4070.jpg,0,0,True,0.9997422099113464,0.000257796433288604
/content/Dataset/Test/Fake/fake_4071.jpg,0,0,True,0.9983683228492737,0.0016317416448146105
/content/Dataset/Test/Fake/fake_4072.jpg,0,0,True,0.9768649339675903,0.02313506416976452
/content/Dataset/Test/Fake/fake_4073.jpg,0,0,True,0.9980413913726807,0.001958558103069663
/content/Dataset/Test/Fake/fake_4074.jpg,0,0,True,0.999861478805542,0.00013846199726685882
/content/Dataset/Test/Fake/fake_4075.jpg,0,0,True,0.9999517202377319,4.829062527278438e-05
/content/Dataset/Test/Fake/fake_4076.jpg,0,0,True,0.9999117851257324,8.821026858640835e-05
/content/Dataset/Test/Fake/fake_4077.jpg,0,0,True,0.9998846054077148,0.00011535806697793305
/content/Dataset/Test/Fake/fake_4078.jpg,0,0,True,0.9726501703262329,0.027349840849637985
/content/Dataset/Test/Fake/fake_4079.jpg,0,0,True,0.9999648332595825,3.516921424306929e-05
/content/Dataset/Test/Fake/fake_408.jpg,0,0,True,0.6879005432128906,0.312099426984787
/content/Dataset/Test/Fake/fake_4080.jpg,0,0,True,0.999955415725708,4.463980803848244e-05
/content/Dataset/Test/Fake/fake_4081.jpg,0,0,True,0.9999662637710571,3.37242272507865e-05
/content/Dataset/Test/Fake/fake_4082.jpg,0,0,True,0.9999505281448364,4.945083856000565e-05
/content/Dataset/Test/Fake/fake_4083.jpg,0,0,True,0.9852142930030823,0.014785741455852985
/content/Dataset/Test/Fake/fake_4084.jpg,0,0,True,0.5433984398841858,0.4566015303134918
/content/Dataset/Test/Fake/fake_4085.jpg,0,0,True,0.9999070167541504,9.295550989918411e-05
/content/Dataset/Test/Fake/fake_4086.jpg,0,0,True,0.910005509853363,0.08999455720186234
/content/Dataset/Test/Fake/fake_4087.jpg,0,0,True,0.999847412109375,0.00015250562864821404
/content/Dataset/Test/Fake/fake_4088.jpg,0,0,True,0.5249421000480652,0.4750578999519348
/content/Dataset/Test/Fake/fake_4089.jpg,0,0,True,0.9998034834861755,0.0001965432456927374
/content/Dataset/Test/Fake/fake_409.jpg,0,0,True,0.9804518818855286,0.019548147916793823
/content/Dataset/Test/Fake/fake_4090.jpg,0,0,True,0.9999489784240723,5.096301538287662e-05
/content/Dataset/Test/Fake/fake_4091.jpg,0,0,True,0.6408172845840454,0.3591826856136322
/content/Dataset/Test/Fake/fake_4092.jpg,0,0,True,0.9031731486320496,0.09682688862085342
/content/Dataset/Test/Fake/fake_4093.jpg,0,0,True,0.9998725652694702,0.00012737321958411485
/content/Dataset/Test/Fake/fake_4094.jpg,0,0,True,0.9747498035430908,0.025250254198908806
/content/Dataset/Test/Fake/fake_4095.jpg,0,0,True,0.9832651019096375,0.016734914854168892
/content/Dataset/Test/Fake/fake_4096.jpg,0,0,True,0.9871914386749268,0.012808607891201973
/content/Dataset/Test/Fake/fake_4097.jpg,0,0,True,0.9998906850814819,0.00010926950199063867
/content/Dataset/Test/Fake/fake_4098.jpg,0,0,True,0.9974262118339539,0.0025737429969012737
/content/Dataset/Test/Fake/fake_4099.jpg,0,0,True,0.998170018196106,0.0018299468792974949
/content/Dataset/Test/Fake/fake_41.jpg,0,0,True,0.9918980598449707,0.008101891726255417
/content/Dataset/Test/Fake/fake_410.jpg,0,0,True,0.9997629523277283,0.00023703245096839964
/content/Dataset/Test/Fake/fake_4100.jpg,0,0,True,0.997174859046936,0.0028250967152416706
/content/Dataset/Test/Fake/fake_4101.jpg,0,0,True,0.9347909092903137,0.06520908325910568
/content/Dataset/Test/Fake/fake_4102.jpg,0,1,False,0.008144419640302658,0.9918556213378906
/content/Dataset/Test/Fake/fake_4103.jpg,0,0,True,0.999958872795105,4.116624768357724e-05
/content/Dataset/Test/Fake/fake_4104.jpg,0,0,True,0.9994369149208069,0.0005630425293929875
/content/Dataset/Test/Fake/fake_4105.jpg,0,0,True,0.9999617338180542,3.8255882827797905e-05
/content/Dataset/Test/Fake/fake_4106.jpg,0,0,True,0.9991698265075684,0.0008302005007863045
/content/Dataset/Test/Fake/fake_4107.jpg,0,0,True,0.9999480247497559,5.200738814892247e-05
/content/Dataset/Test/Fake/fake_4108.jpg,0,0,True,0.989700198173523,0.010299731977283955
/content/Dataset/Test/Fake/fake_4109.jpg,0,0,True,0.9994774460792542,0.0005225896020419896
/content/Dataset/Test/Fake/fake_411.jpg,0,0,True,0.9999626874923706,3.727482908288948e-05
/content/Dataset/Test/Fake/fake_4110.jpg,0,0,True,0.7521792054176331,0.24782077968120575
/content/Dataset/Test/Fake/fake_4111.jpg,0,0,True,0.9999305009841919,6.95508933858946e-05
/content/Dataset/Test/Fake/fake_4112.jpg,0,0,True,0.9869712591171265,0.013028815388679504
/content/Dataset/Test/Fake/fake_4113.jpg,0,1,False,0.12947344779968262,0.8705265522003174
/content/Dataset/Test/Fake/fake_4114.jpg,0,0,True,0.9997183680534363,0.0002816197229549289
/content/Dataset/Test/Fake/fake_4115.jpg,0,0,True,0.9999682903289795,3.1706978916190565e-05
/content/Dataset/Test/Fake/fake_4116.jpg,0,0,True,0.9883347749710083,0.01166525948792696
/content/Dataset/Test/Fake/fake_4117.jpg,0,1,False,0.25600069761276245,0.7439993023872375
/content/Dataset/Test/Fake/fake_4118.jpg,0,0,True,0.9064333438873291,0.09356668591499329
/content/Dataset/Test/Fake/fake_4119.jpg,0,0,True,0.8962465524673462,0.103753462433815
/content/Dataset/Test/Fake/fake_412.jpg,0,0,True,0.9888334274291992,0.011166553013026714
/content/Dataset/Test/Fake/fake_4120.jpg,0,0,True,0.9998459815979004,0.00015400524716824293
/content/Dataset/Test/Fake/fake_4121.jpg,0,0,True,0.9725208282470703,0.02747916430234909
/content/Dataset/Test/Fake/fake_4122.jpg,0,0,True,0.9998793601989746,0.00012060339213348925
/content/Dataset/Test/Fake/fake_4123.jpg,0,0,True,0.9984613656997681,0.0015386855229735374
/content/Dataset/Test/Fake/fake_4124.jpg,0,0,True,0.9998708963394165,0.00012908229837194085
/content/Dataset/Test/Fake/fake_4125.jpg,0,1,False,0.18807336688041687,0.8119266033172607
/content/Dataset/Test/Fake/fake_4126.jpg,0,0,True,0.9999405145645142,5.947797035332769e-05
/content/Dataset/Test/Fake/fake_4127.jpg,0,0,True,0.9999595880508423,4.036812242702581e-05
/content/Dataset/Test/Fake/fake_4128.jpg,0,0,True,0.9999672174453735,3.2779636967461556e-05
/content/Dataset/Test/Fake/fake_4129.jpg,0,0,True,0.7915323376655579,0.20846769213676453
/content/Dataset/Test/Fake/fake_413.jpg,0,0,True,0.9994714856147766,0.0005285630468279123
/content/Dataset/Test/Fake/fake_4130.jpg,0,0,True,0.999880313873291,0.0001196617740788497
/content/Dataset/Test/Fake/fake_4131.jpg,0,0,True,0.9982250332832336,0.0017749987309798598
/content/Dataset/Test/Fake/fake_4132.jpg,0,0,True,0.9999438524246216,5.613371467916295e-05
/content/Dataset/Test/Fake/fake_4133.jpg,0,0,True,0.9999479055404663,5.207626963965595e-05
/content/Dataset/Test/Fake/fake_4134.jpg,0,0,True,0.9998176693916321,0.00018238868506159633
/content/Dataset/Test/Fake/fake_4135.jpg,0,0,True,0.9776915311813354,0.022308431565761566
/content/Dataset/Test/Fake/fake_4136.jpg,0,0,True,0.9999316930770874,6.826019671279937e-05
/content/Dataset/Test/Fake/fake_4137.jpg,0,1,False,0.2113267332315445,0.7886732816696167
/content/Dataset/Test/Fake/fake_4138.jpg,0,0,True,0.9999663829803467,3.356377419549972e-05
/content/Dataset/Test/Fake/fake_4139.jpg,0,0,True,0.9823408126831055,0.017659198492765427
/content/Dataset/Test/Fake/fake_414.jpg,0,0,True,0.9999390840530396,6.0887843574164435e-05
/content/Dataset/Test/Fake/fake_4140.jpg,0,0,True,0.5680881142616272,0.4319118857383728
/content/Dataset/Test/Fake/fake_4141.jpg,0,1,False,0.09859921038150787,0.9014008045196533
/content/Dataset/Test/Fake/fake_4142.jpg,0,0,True,0.9999326467514038,6.736702198395506e-05
/content/Dataset/Test/Fake/fake_4143.jpg,0,0,True,0.977310061454773,0.02268996462225914
/content/Dataset/Test/Fake/fake_4144.jpg,0,0,True,0.999699592590332,0.0003004375903401524
/content/Dataset/Test/Fake/fake_4145.jpg,0,0,True,0.9993197917938232,0.0006801648996770382
/content/Dataset/Test/Fake/fake_4146.jpg,0,0,True,0.9981961846351624,0.0018038274720311165
/content/Dataset/Test/Fake/fake_4147.jpg,0,0,True,0.9970493316650391,0.002950601978227496
/content/Dataset/Test/Fake/fake_4148.jpg,0,0,True,0.91677325963974,0.08322673290967941
/content/Dataset/Test/Fake/fake_4149.jpg,0,0,True,0.9998553991317749,0.0001446209935238585
/content/Dataset/Test/Fake/fake_415.jpg,0,0,True,0.9999414682388306,5.850533852935769e-05
/content/Dataset/Test/Fake/fake_4150.jpg,0,0,True,0.999803364276886,0.0001966403506230563
/content/Dataset/Test/Fake/fake_4151.jpg,0,0,True,0.9450718760490417,0.05492812767624855
/content/Dataset/Test/Fake/fake_4152.jpg,0,0,True,0.9999665021896362,3.347136953379959e-05
/content/Dataset/Test/Fake/fake_4153.jpg,0,0,True,0.959128737449646,0.04087129980325699
/content/Dataset/Test/Fake/fake_4154.jpg,0,0,True,0.9998873472213745,0.00011265409557381645
/content/Dataset/Test/Fake/fake_4155.jpg,0,0,True,0.9999452829360962,5.476969454321079e-05
/content/Dataset/Test/Fake/fake_4156.jpg,0,0,True,0.9999126195907593,8.73331882758066e-05
/content/Dataset/Test/Fake/fake_4157.jpg,0,0,True,0.9992873072624207,0.0007127420976758003
/content/Dataset/Test/Fake/fake_4158.jpg,0,0,True,0.999941349029541,5.863984188181348e-05
/content/Dataset/Test/Fake/fake_4159.jpg,0,1,False,0.029819298535585403,0.9701806902885437
/content/Dataset/Test/Fake/fake_416.jpg,0,0,True,0.9998258948326111,0.00017408127314411104
/content/Dataset/Test/Fake/fake_4160.jpg,0,0,True,0.9999455213546753,5.442860128823668e-05
/content/Dataset/Test/Fake/fake_4161.jpg,0,0,True,0.999966025352478,3.397190448595211e-05
/content/Dataset/Test/Fake/fake_4162.jpg,0,0,True,0.9999459981918335,5.401716407504864e-05
/content/Dataset/Test/Fake/fake_4163.jpg,0,0,True,0.99989914894104,0.00010086662950925529
/content/Dataset/Test/Fake/fake_4164.jpg,0,0,True,0.7540407776832581,0.24595923721790314
/content/Dataset/Test/Fake/fake_4165.jpg,0,0,True,0.9888161420822144,0.01118381880223751
/content/Dataset/Test/Fake/fake_4166.jpg,0,0,True,0.9945716261863708,0.005428369157016277
/content/Dataset/Test/Fake/fake_4167.jpg,0,0,True,0.9736549258232117,0.02634500339627266
/content/Dataset/Test/Fake/fake_4168.jpg,0,0,True,0.9979977011680603,0.002002218971028924
/content/Dataset/Test/Fake/fake_4169.jpg,0,0,True,0.8669636249542236,0.13303638994693756
/content/Dataset/Test/Fake/fake_417.jpg,0,0,True,0.9998958110809326,0.00010412153642391786
/content/Dataset/Test/Fake/fake_4170.jpg,0,0,True,0.9998847246170044,0.00011522207933012396
/content/Dataset/Test/Fake/fake_4171.jpg,0,0,True,0.9999552965164185,4.465683377929963e-05
/content/Dataset/Test/Fake/fake_4172.jpg,0,0,True,0.9999264478683472,7.352996180998161e-05
/content/Dataset/Test/Fake/fake_4173.jpg,0,0,True,0.9999560117721558,4.392689515952952e-05
/content/Dataset/Test/Fake/fake_4174.jpg,0,0,True,0.9999706745147705,2.9280581657076254e-05
/content/Dataset/Test/Fake/fake_4175.jpg,0,0,True,0.9996453523635864,0.00035463576205074787
/content/Dataset/Test/Fake/fake_4176.jpg,0,0,True,0.9999066591262817,9.33013143367134e-05
/content/Dataset/Test/Fake/fake_4177.jpg,0,0,True,0.9999430179595947,5.695666914107278e-05
/content/Dataset/Test/Fake/fake_4178.jpg,0,0,True,0.9799667000770569,0.02003331668674946
/content/Dataset/Test/Fake/fake_4179.jpg,0,0,True,0.7370390295982361,0.2629610300064087
/content/Dataset/Test/Fake/fake_418.jpg,0,0,True,0.5644980669021606,0.43550199270248413
/content/Dataset/Test/Fake/fake_4180.jpg,0,0,True,0.8480843305587769,0.15191566944122314
/content/Dataset/Test/Fake/fake_4181.jpg,0,0,True,0.9993298053741455,0.0006702722748741508
/content/Dataset/Test/Fake/fake_4182.jpg,0,0,True,0.9992578625679016,0.0007421142072416842
/content/Dataset/Test/Fake/fake_4183.jpg,0,0,True,0.9999632835388184,3.6670404369942844e-05
/content/Dataset/Test/Fake/fake_4184.jpg,0,0,True,0.9999393224716187,6.063827459001914e-05
/content/Dataset/Test/Fake/fake_4185.jpg,0,0,True,0.999887228012085,0.00011271382390987128
/content/Dataset/Test/Fake/fake_4186.jpg,0,0,True,0.999736487865448,0.0002634864067658782
/content/Dataset/Test/Fake/fake_4187.jpg,0,0,True,0.9999641180038452,3.585845843190327e-05
/content/Dataset/Test/Fake/fake_4188.jpg,0,0,True,0.9792159199714661,0.02078409492969513
/content/Dataset/Test/Fake/fake_4189.jpg,0,0,True,0.9998321533203125,0.00016783140017651021
/content/Dataset/Test/Fake/fake_419.jpg,0,0,True,0.9995656609535217,0.0004343053442426026
/content/Dataset/Test/Fake/fake_4190.jpg,0,0,True,0.9999567270278931,4.3305204599164426e-05
/content/Dataset/Test/Fake/fake_4191.jpg,0,0,True,0.8988065123558044,0.10119343549013138
/content/Dataset/Test/Fake/fake_4192.jpg,0,0,True,0.9997733235359192,0.0002266903466079384
/content/Dataset/Test/Fake/fake_4193.jpg,0,0,True,0.9768053293228149,0.023194700479507446
/content/Dataset/Test/Fake/fake_4194.jpg,0,0,True,0.9999696016311646,3.0370336389751174e-05
/content/Dataset/Test/Fake/fake_4195.jpg,0,0,True,0.9999439716339111,5.602718738373369e-05
/content/Dataset/Test/Fake/fake_4196.jpg,0,0,True,0.9948563575744629,0.005143603775650263
/content/Dataset/Test/Fake/fake_4197.jpg,0,0,True,0.9999454021453857,5.460052489070222e-05
/content/Dataset/Test/Fake/fake_4198.jpg,0,0,True,0.9957190155982971,0.004281047731637955
/content/Dataset/Test/Fake/fake_4199.jpg,0,0,True,0.9996106028556824,0.0003894072724506259
/content/Dataset/Test/Fake/fake_42.jpg,0,0,True,0.9996768236160278,0.0003231769660487771
/content/Dataset/Test/Fake/fake_420.jpg,0,0,True,0.8220490217208862,0.17795100808143616
/content/Dataset/Test/Fake/fake_4200.jpg,0,0,True,0.9998809099197388,0.00011913281923625618
/content/Dataset/Test/Fake/fake_4201.jpg,0,0,True,0.9994699358940125,0.0005301259225234389
/content/Dataset/Test/Fake/fake_4202.jpg,0,0,True,0.988149106502533,0.011850937269628048
/content/Dataset/Test/Fake/fake_4203.jpg,0,0,True,0.9624444246292114,0.03755553066730499
/content/Dataset/Test/Fake/fake_4204.jpg,0,0,True,0.9050894379615784,0.09491053968667984
/content/Dataset/Test/Fake/fake_4205.jpg,0,0,True,0.9884951710700989,0.01150490716099739
/content/Dataset/Test/Fake/fake_4206.jpg,0,0,True,0.9995872378349304,0.0004127724969293922
/content/Dataset/Test/Fake/fake_4207.jpg,0,0,True,0.9306936264038086,0.0693064033985138
/content/Dataset/Test/Fake/fake_4208.jpg,0,1,False,0.4158577620983124,0.58414226770401
/content/Dataset/Test/Fake/fake_4209.jpg,0,0,True,0.9916626214981079,0.008337322622537613
/content/Dataset/Test/Fake/fake_421.jpg,0,1,False,0.16225866973400116,0.8377413153648376
/content/Dataset/Test/Fake/fake_4210.jpg,0,1,False,0.25139063596725464,0.7486093640327454
/content/Dataset/Test/Fake/fake_4211.jpg,0,1,False,0.14183391630649567,0.8581660985946655
/content/Dataset/Test/Fake/fake_4212.jpg,0,0,True,0.9995449185371399,0.0004551037563942373
/content/Dataset/Test/Fake/fake_4213.jpg,0,0,True,0.9838442206382751,0.01615579053759575
/content/Dataset/Test/Fake/fake_4214.jpg,0,0,True,0.8731996417045593,0.12680040299892426
/content/Dataset/Test/Fake/fake_4215.jpg,0,0,True,0.9999344348907471,6.554502760991454e-05
/content/Dataset/Test/Fake/fake_4216.jpg,0,0,True,0.9678339958190918,0.03216598927974701
/content/Dataset/Test/Fake/fake_4217.jpg,0,0,True,0.9996050000190735,0.00039499413105659187
/content/Dataset/Test/Fake/fake_4218.jpg,0,0,True,0.9917194843292236,0.008280524984002113
/content/Dataset/Test/Fake/fake_4219.jpg,0,0,True,0.5941027402877808,0.4058972895145416
/content/Dataset/Test/Fake/fake_422.jpg,0,0,True,0.9990777969360352,0.0009221556247211993
/content/Dataset/Test/Fake/fake_4220.jpg,0,0,True,0.9805606603622437,0.01943936198949814
/content/Dataset/Test/Fake/fake_4221.jpg,0,0,True,0.9998875856399536,0.00011234266276005656
/content/Dataset/Test/Fake/fake_4222.jpg,0,0,True,0.9994762539863586,0.000523718015756458
/content/Dataset/Test/Fake/fake_4223.jpg,0,0,True,0.9725738763809204,0.02742619253695011
/content/Dataset/Test/Fake/fake_4224.jpg,0,0,True,0.8951795697212219,0.10482043027877808
/content/Dataset/Test/Fake/fake_4225.jpg,0,0,True,0.9994974136352539,0.0005025404971092939
/content/Dataset/Test/Fake/fake_4226.jpg,0,0,True,0.8135708570480347,0.18642912805080414
/content/Dataset/Test/Fake/fake_4227.jpg,0,0,True,0.9998944997787476,0.00010553600441198796
/content/Dataset/Test/Fake/fake_4228.jpg,0,0,True,0.9999332427978516,6.680954538751394e-05
/content/Dataset/Test/Fake/fake_4229.jpg,0,0,True,0.9957828521728516,0.00421714736148715
/content/Dataset/Test/Fake/fake_423.jpg,0,0,True,0.611490786075592,0.38850918412208557
/content/Dataset/Test/Fake/fake_4230.jpg,0,0,True,0.9999642372131348,3.577088500605896e-05
/content/Dataset/Test/Fake/fake_4231.jpg,0,0,True,0.9999475479125977,5.2487492212094367e-05
/content/Dataset/Test/Fake/fake_4232.jpg,0,0,True,0.999955415725708,4.463180448510684e-05
/content/Dataset/Test/Fake/fake_4233.jpg,0,0,True,0.9997183680534363,0.000281660322798416
/content/Dataset/Test/Fake/fake_4234.jpg,0,0,True,0.9960252046585083,0.003974762745201588
/content/Dataset/Test/Fake/fake_4235.jpg,0,0,True,0.9999293088912964,7.073026790749282e-05
/content/Dataset/Test/Fake/fake_4236.jpg,0,0,True,0.9999366998672485,6.333172495942563e-05
/content/Dataset/Test/Fake/fake_4237.jpg,0,1,False,0.14442165195941925,0.8555783629417419
/content/Dataset/Test/Fake/fake_4238.jpg,0,0,True,0.9509252309799194,0.049074746668338776
/content/Dataset/Test/Fake/fake_4239.jpg,0,0,True,0.9984527826309204,0.0015471625374630094
/content/Dataset/Test/Fake/fake_424.jpg,0,1,False,0.0574474036693573,0.9425526261329651
/content/Dataset/Test/Fake/fake_4240.jpg,0,0,True,0.7025954723358154,0.2974044978618622
/content/Dataset/Test/Fake/fake_4241.jpg,0,0,True,0.9999634027481079,3.661229493445717e-05
/content/Dataset/Test/Fake/fake_4242.jpg,0,0,True,0.9999600648880005,3.9929738704813644e-05
/content/Dataset/Test/Fake/fake_4243.jpg,0,0,True,0.9972260594367981,0.002773958258330822
/content/Dataset/Test/Fake/fake_4244.jpg,0,0,True,0.9999600648880005,3.993369682575576e-05
/content/Dataset/Test/Fake/fake_4245.jpg,0,0,True,0.9743123054504395,0.025687722489237785
/content/Dataset/Test/Fake/fake_4246.jpg,0,0,True,0.9999641180038452,3.58352845069021e-05
/content/Dataset/Test/Fake/fake_4247.jpg,0,0,True,0.8153716325759888,0.18462832272052765
/content/Dataset/Test/Fake/fake_4248.jpg,0,0,True,0.871629536151886,0.12837040424346924
/content/Dataset/Test/Fake/fake_4249.jpg,0,0,True,0.9838749170303345,0.016125138849020004
/content/Dataset/Test/Fake/fake_425.jpg,0,0,True,0.959656298160553,0.04034372419118881
/content/Dataset/Test/Fake/fake_4250.jpg,0,0,True,0.9999614953994751,3.8528054574271664e-05
/content/Dataset/Test/Fake/fake_4251.jpg,0,0,True,0.9957907795906067,0.004209273494780064
/content/Dataset/Test/Fake/fake_4252.jpg,0,0,True,0.996426522731781,0.0035734365228563547
/content/Dataset/Test/Fake/fake_4253.jpg,0,0,True,0.9999421834945679,5.783237429568544e-05
/content/Dataset/Test/Fake/fake_4254.jpg,0,0,True,0.9980719089508057,0.001928047277033329
/content/Dataset/Test/Fake/fake_4255.jpg,0,1,False,0.2634837031364441,0.7365163564682007
/content/Dataset/Test/Fake/fake_4256.jpg,0,0,True,0.9998724460601807,0.0001275891117984429
/content/Dataset/Test/Fake/fake_4257.jpg,0,0,True,0.9990556836128235,0.0009443099843338132
/content/Dataset/Test/Fake/fake_4258.jpg,0,0,True,0.9999356269836426,6.438422133214772e-05
/content/Dataset/Test/Fake/fake_4259.jpg,0,0,True,0.9998830556869507,0.00011693652049871162
/content/Dataset/Test/Fake/fake_426.jpg,0,0,True,0.9889960289001465,0.011003999039530754
/content/Dataset/Test/Fake/fake_4260.jpg,0,0,True,0.9884700775146484,0.011529943905770779
/content/Dataset/Test/Fake/fake_4261.jpg,0,0,True,0.9446726441383362,0.0553274005651474
/content/Dataset/Test/Fake/fake_4262.jpg,0,0,True,0.9997668862342834,0.00023310762480832636
/content/Dataset/Test/Fake/fake_4263.jpg,0,0,True,0.9988049268722534,0.0011950748739764094
/content/Dataset/Test/Fake/fake_4264.jpg,0,0,True,0.846056342124939,0.15394361317157745
/content/Dataset/Test/Fake/fake_4265.jpg,0,0,True,0.9816377758979797,0.01836220920085907
/content/Dataset/Test/Fake/fake_4266.jpg,0,0,True,0.9997789263725281,0.0002211220853496343
/content/Dataset/Test/Fake/fake_4267.jpg,0,0,True,0.9976586103439331,0.0023414052557200193
/content/Dataset/Test/Fake/fake_4268.jpg,0,0,True,0.9985829591751099,0.0014170671347528696
/content/Dataset/Test/Fake/fake_4269.jpg,0,0,True,0.9999165534973145,8.340046042576432e-05
/content/Dataset/Test/Fake/fake_427.jpg,0,0,True,0.9981568455696106,0.001843112870119512
/content/Dataset/Test/Fake/fake_4270.jpg,0,0,True,0.9888074994087219,0.011192481964826584
/content/Dataset/Test/Fake/fake_4271.jpg,0,0,True,0.9996705055236816,0.00032952698529697955
/content/Dataset/Test/Fake/fake_4272.jpg,0,0,True,0.9997196793556213,0.00028031415422447026
/content/Dataset/Test/Fake/fake_4273.jpg,0,0,True,0.9988405108451843,0.0011594765819609165
/content/Dataset/Test/Fake/fake_4274.jpg,0,0,True,0.9998716115951538,0.00012836375390179455
/content/Dataset/Test/Fake/fake_4275.jpg,0,0,True,0.9716970324516296,0.028303004801273346
/content/Dataset/Test/Fake/fake_4276.jpg,0,0,True,0.9986861348152161,0.0013138246722519398
/content/Dataset/Test/Fake/fake_4277.jpg,0,0,True,0.9986913800239563,0.001308575738221407
/content/Dataset/Test/Fake/fake_4278.jpg,0,0,True,0.5750772953033447,0.42492273449897766
/content/Dataset/Test/Fake/fake_4279.jpg,0,0,True,0.99842369556427,0.001576320850290358
/content/Dataset/Test/Fake/fake_428.jpg,0,0,True,0.9999620914459229,3.7890193198109046e-05
/content/Dataset/Test/Fake/fake_4280.jpg,0,0,True,0.8741737604141235,0.12582623958587646
/content/Dataset/Test/Fake/fake_4281.jpg,0,0,True,0.9998582601547241,0.00014174115494824946
/content/Dataset/Test/Fake/fake_4282.jpg,0,0,True,0.95125412940979,0.04874585196375847
/content/Dataset/Test/Fake/fake_4283.jpg,0,1,False,0.2813875079154968,0.7186124920845032
/content/Dataset/Test/Fake/fake_4284.jpg,0,0,True,0.8433740139007568,0.15662601590156555
/content/Dataset/Test/Fake/fake_4285.jpg,0,0,True,0.9848517775535583,0.015148168429732323
/content/Dataset/Test/Fake/fake_4286.jpg,0,0,True,0.9997151494026184,0.00028485586517490447
/content/Dataset/Test/Fake/fake_4287.jpg,0,0,True,0.999970555305481,2.940894955827389e-05
/content/Dataset/Test/Fake/fake_4288.jpg,0,0,True,0.9878696799278259,0.012130324728786945
/content/Dataset/Test/Fake/fake_4289.jpg,0,1,False,0.4059965908527374,0.594003438949585
/content/Dataset/Test/Fake/fake_429.jpg,0,0,True,0.9997097849845886,0.0002902452542912215
/content/Dataset/Test/Fake/fake_4290.jpg,0,0,True,0.9999535083770752,4.652131246984936e-05
/content/Dataset/Test/Fake/fake_4291.jpg,0,0,True,0.8697088360786438,0.1302911788225174
/content/Dataset/Test/Fake/fake_4292.jpg,0,0,True,0.9967347979545593,0.003265228122472763
/content/Dataset/Test/Fake/fake_4293.jpg,0,0,True,0.9999631643295288,3.687197022372857e-05
/content/Dataset/Test/Fake/fake_4294.jpg,0,0,True,0.9957992434501648,0.004200795665383339
/content/Dataset/Test/Fake/fake_4295.jpg,0,0,True,0.9984026551246643,0.0015973717672750354
/content/Dataset/Test/Fake/fake_4296.jpg,0,0,True,0.9999629259109497,3.708040094352327e-05
/content/Dataset/Test/Fake/fake_4297.jpg,0,0,True,0.9994668364524841,0.0005332108121365309
/content/Dataset/Test/Fake/fake_4298.jpg,0,0,True,0.9992995262145996,0.0007004030048847198
/content/Dataset/Test/Fake/fake_4299.jpg,0,0,True,0.9998449087142944,0.0001550620363559574
/content/Dataset/Test/Fake/fake_43.jpg,0,1,False,0.4376188814640045,0.5623810887336731
/content/Dataset/Test/Fake/fake_430.jpg,0,0,True,0.9989311099052429,0.0010688778711482882
/content/Dataset/Test/Fake/fake_4300.jpg,0,0,True,0.9999693632125854,3.0630602850578725e-05
/content/Dataset/Test/Fake/fake_4301.jpg,0,0,True,0.9999614953994751,3.850171560770832e-05
/content/Dataset/Test/Fake/fake_4302.jpg,0,0,True,0.999812662601471,0.00018736638594418764
/content/Dataset/Test/Fake/fake_4303.jpg,0,0,True,0.9826428890228271,0.017357144504785538
/content/Dataset/Test/Fake/fake_4304.jpg,0,0,True,0.9999654293060303,3.461540109128691e-05
/content/Dataset/Test/Fake/fake_4305.jpg,0,0,True,0.9988697171211243,0.0011302512139081955
/content/Dataset/Test/Fake/fake_4306.jpg,0,1,False,0.03622303903102875,0.9637770056724548
/content/Dataset/Test/Fake/fake_4307.jpg,0,1,False,0.053438037633895874,0.9465619325637817
/content/Dataset/Test/Fake/fake_4308.jpg,0,0,True,0.7191895842552185,0.2808104157447815
/content/Dataset/Test/Fake/fake_4309.jpg,0,0,True,0.9997875094413757,0.0002124562452081591
/content/Dataset/Test/Fake/fake_431.jpg,0,0,True,0.9999544620513916,4.558623913908377e-05
/content/Dataset/Test/Fake/fake_4310.jpg,0,0,True,0.9992714524269104,0.0007285105530172586
/content/Dataset/Test/Fake/fake_4311.jpg,0,0,True,0.9993247985839844,0.0006751986802555621
/content/Dataset/Test/Fake/fake_4312.jpg,0,0,True,0.9999440908432007,5.588998465100303e-05
/content/Dataset/Test/Fake/fake_4313.jpg,0,0,True,0.9999090433120728,9.091987885767594e-05
/content/Dataset/Test/Fake/fake_4314.jpg,0,0,True,0.9998319149017334,0.00016806134954094887
/content/Dataset/Test/Fake/fake_4315.jpg,0,0,True,0.9896335601806641,0.010366503149271011
/content/Dataset/Test/Fake/fake_4316.jpg,0,0,True,0.9974518418312073,0.002548188902437687
/content/Dataset/Test/Fake/fake_4317.jpg,0,0,True,0.8257676959037781,0.17423231899738312
/content/Dataset/Test/Fake/fake_4318.jpg,0,0,True,0.9999167919158936,8.314730803249404e-05
/content/Dataset/Test/Fake/fake_4319.jpg,0,0,True,0.7693408727645874,0.23065918684005737
/content/Dataset/Test/Fake/fake_432.jpg,0,0,True,0.9996466636657715,0.000353377778083086
/content/Dataset/Test/Fake/fake_4320.jpg,0,1,False,0.09168975800275803,0.9083101749420166
/content/Dataset/Test/Fake/fake_4321.jpg,0,0,True,0.9964779019355774,0.003522148123010993
/content/Dataset/Test/Fake/fake_4322.jpg,0,0,True,0.9999363422393799,6.361875421134755e-05
/content/Dataset/Test/Fake/fake_4323.jpg,0,1,False,0.41705071926116943,0.5829493403434753
/content/Dataset/Test/Fake/fake_4324.jpg,0,0,True,0.9993896484375,0.000610356975812465
/content/Dataset/Test/Fake/fake_4325.jpg,0,1,False,0.17498211562633514,0.8250179290771484
/content/Dataset/Test/Fake/fake_4326.jpg,0,0,True,0.9985702037811279,0.001429737894795835
/content/Dataset/Test/Fake/fake_4327.jpg,0,0,True,0.9774351119995117,0.022564852610230446
/content/Dataset/Test/Fake/fake_4328.jpg,0,0,True,0.9097568988800049,0.0902431309223175
/content/Dataset/Test/Fake/fake_4329.jpg,0,0,True,0.9871909618377686,0.01280896831303835
/content/Dataset/Test/Fake/fake_433.jpg,0,1,False,0.009116733446717262,0.9908832907676697
/content/Dataset/Test/Fake/fake_4330.jpg,0,0,True,0.9987499713897705,0.001250053639523685
/content/Dataset/Test/Fake/fake_4331.jpg,0,0,True,0.9998668432235718,0.00013310943904798478
/content/Dataset/Test/Fake/fake_4332.jpg,0,0,True,0.9616310596466064,0.03836895897984505
/content/Dataset/Test/Fake/fake_4333.jpg,0,0,True,0.9983876943588257,0.001612366526387632
/content/Dataset/Test/Fake/fake_4334.jpg,0,0,True,0.9997833371162415,0.00021671631839126348
/content/Dataset/Test/Fake/fake_4335.jpg,0,0,True,0.9996954202651978,0.00030458832043223083
/content/Dataset/Test/Fake/fake_4336.jpg,0,0,True,0.9999467134475708,5.32416561327409e-05
/content/Dataset/Test/Fake/fake_4337.jpg,0,0,True,0.9936841130256653,0.0063158608973026276
/content/Dataset/Test/Fake/fake_4338.jpg,0,0,True,0.9999316930770874,6.835035310359672e-05
/content/Dataset/Test/Fake/fake_4339.jpg,0,1,False,0.014011331833899021,0.9859886169433594
/content/Dataset/Test/Fake/fake_434.jpg,0,0,True,0.9908270239830017,0.009173045866191387
/content/Dataset/Test/Fake/fake_4340.jpg,0,1,False,0.04953962564468384,0.9504603147506714
/content/Dataset/Test/Fake/fake_4341.jpg,0,0,True,0.9634495973587036,0.036550380289554596
/content/Dataset/Test/Fake/fake_4342.jpg,0,0,True,0.999945878982544,5.408148354035802e-05
/content/Dataset/Test/Fake/fake_4343.jpg,0,1,False,0.35279789566993713,0.6472021341323853
/content/Dataset/Test/Fake/fake_4344.jpg,0,0,True,0.9994663596153259,0.0005336638423614204
/content/Dataset/Test/Fake/fake_4345.jpg,0,0,True,0.9348121881484985,0.06518778204917908
/content/Dataset/Test/Fake/fake_4346.jpg,0,0,True,0.9873201847076416,0.012679842300713062
/content/Dataset/Test/Fake/fake_4347.jpg,0,0,True,0.9999618530273438,3.809434929280542e-05
/content/Dataset/Test/Fake/fake_4348.jpg,0,1,False,0.033895980566740036,0.9661040306091309
/content/Dataset/Test/Fake/fake_4349.jpg,0,0,True,0.9997654557228088,0.00023450510343536735
/content/Dataset/Test/Fake/fake_435.jpg,0,0,True,0.9987657070159912,0.0012343092821538448
/content/Dataset/Test/Fake/fake_4350.jpg,0,0,True,0.9417895674705505,0.05821048095822334
/content/Dataset/Test/Fake/fake_4351.jpg,0,0,True,0.99988853931427,0.00011148435442009941
/content/Dataset/Test/Fake/fake_4352.jpg,0,0,True,0.9984467625617981,0.0015532270772382617
/content/Dataset/Test/Fake/fake_4353.jpg,0,0,True,0.6791245937347412,0.3208754360675812
/content/Dataset/Test/Fake/fake_4354.jpg,0,0,True,0.6449124813079834,0.3550875186920166
/content/Dataset/Test/Fake/fake_4355.jpg,0,0,True,0.9986898303031921,0.0013101646909490228
/content/Dataset/Test/Fake/fake_4356.jpg,0,0,True,0.9993498921394348,0.0006501017487607896
/content/Dataset/Test/Fake/fake_4357.jpg,0,0,True,0.9999573230743408,4.268367774784565e-05
/content/Dataset/Test/Fake/fake_4358.jpg,0,0,True,0.9999618530273438,3.818218829110265e-05
/content/Dataset/Test/Fake/fake_4359.jpg,0,0,True,0.9999626874923706,3.7289548345142975e-05
/content/Dataset/Test/Fake/fake_436.jpg,0,0,True,0.9999289512634277,7.109095895430073e-05
/content/Dataset/Test/Fake/fake_4360.jpg,0,0,True,0.9782362580299377,0.021763673052191734
/content/Dataset/Test/Fake/fake_4361.jpg,0,1,False,0.4529963433742523,0.5470036864280701
/content/Dataset/Test/Fake/fake_4362.jpg,0,0,True,0.9931216835975647,0.00687826331704855
/content/Dataset/Test/Fake/fake_4363.jpg,0,0,True,0.9995623230934143,0.00043768848991021514
/content/Dataset/Test/Fake/fake_4364.jpg,0,0,True,0.999674916267395,0.00032507366267964244
/content/Dataset/Test/Fake/fake_4365.jpg,0,0,True,0.8204631209373474,0.1795368641614914
/content/Dataset/Test/Fake/fake_4366.jpg,0,0,True,0.9967606663703918,0.0032393394503742456
/content/Dataset/Test/Fake/fake_4367.jpg,0,0,True,0.9996887445449829,0.00031130510615184903
/content/Dataset/Test/Fake/fake_4368.jpg,0,0,True,0.9739863872528076,0.026013636961579323
/content/Dataset/Test/Fake/fake_4369.jpg,0,0,True,0.982543408870697,0.01745656318962574
/content/Dataset/Test/Fake/fake_437.jpg,0,0,True,0.8829354643821716,0.11706452816724777
/content/Dataset/Test/Fake/fake_4370.jpg,0,0,True,0.9415751695632935,0.058424826711416245
/content/Dataset/Test/Fake/fake_4371.jpg,0,0,True,0.9918890595436096,0.008110933005809784
/content/Dataset/Test/Fake/fake_4372.jpg,0,0,True,0.9999610185623169,3.8953949115239084e-05
/content/Dataset/Test/Fake/fake_4373.jpg,0,0,True,0.9989871382713318,0.0010128988651558757
/content/Dataset/Test/Fake/fake_4374.jpg,0,0,True,0.8413212299346924,0.15867872536182404
/content/Dataset/Test/Fake/fake_4375.jpg,0,0,True,0.9993181228637695,0.0006818358087912202
/content/Dataset/Test/Fake/fake_4376.jpg,0,0,True,0.980655312538147,0.01934467814862728
/content/Dataset/Test/Fake/fake_4377.jpg,0,0,True,0.999738872051239,0.00026109744794666767
/content/Dataset/Test/Fake/fake_4378.jpg,0,0,True,0.9999518394470215,4.812228144146502e-05
/content/Dataset/Test/Fake/fake_4379.jpg,0,0,True,0.9869916439056396,0.013008375652134418
/content/Dataset/Test/Fake/fake_438.jpg,0,0,True,0.9999610185623169,3.899096918758005e-05
/content/Dataset/Test/Fake/fake_4380.jpg,0,0,True,0.9995049238204956,0.0004950439324602485
/content/Dataset/Test/Fake/fake_4381.jpg,0,0,True,0.9992604851722717,0.0007395388092845678
/content/Dataset/Test/Fake/fake_4382.jpg,0,0,True,0.9995558857917786,0.00044413816067390144
/content/Dataset/Test/Fake/fake_4383.jpg,0,0,True,0.9949613809585571,0.005038608331233263
/content/Dataset/Test/Fake/fake_4384.jpg,0,0,True,0.9997426867485046,0.00025725181330926716
/content/Dataset/Test/Fake/fake_4385.jpg,0,0,True,0.9967650175094604,0.0032350285910069942
/content/Dataset/Test/Fake/fake_4386.jpg,0,1,False,0.3818745017051697,0.6181254982948303
/content/Dataset/Test/Fake/fake_4387.jpg,0,0,True,0.995408833026886,0.004591130185872316
/content/Dataset/Test/Fake/fake_4388.jpg,0,0,True,0.990689754486084,0.00931029487401247
/content/Dataset/Test/Fake/fake_4389.jpg,0,0,True,0.9994577765464783,0.0005422151880338788
/content/Dataset/Test/Fake/fake_439.jpg,0,0,True,0.9998948574066162,0.00010513000597711653
/content/Dataset/Test/Fake/fake_4390.jpg,0,0,True,0.9999567270278931,4.3261075916234404e-05
/content/Dataset/Test/Fake/fake_4391.jpg,0,0,True,0.9999040365219116,9.59981043706648e-05
/content/Dataset/Test/Fake/fake_4392.jpg,0,1,False,0.14220011234283447,0.8577998876571655
/content/Dataset/Test/Fake/fake_4393.jpg,0,0,True,0.9844610095024109,0.015538979321718216
/content/Dataset/Test/Fake/fake_4394.jpg,0,0,True,0.9157825708389282,0.08421741425991058
/content/Dataset/Test/Fake/fake_4395.jpg,0,0,True,0.9405367970466614,0.05946323648095131
/content/Dataset/Test/Fake/fake_4396.jpg,0,0,True,0.9709216952323914,0.029078343883156776
/content/Dataset/Test/Fake/fake_4397.jpg,0,1,False,0.01802445389330387,0.9819756150245667
/content/Dataset/Test/Fake/fake_4398.jpg,0,0,True,0.9978587031364441,0.0021412635687738657
/content/Dataset/Test/Fake/fake_4399.jpg,0,0,True,0.9769919514656067,0.02300802618265152
/content/Dataset/Test/Fake/fake_44.jpg,0,0,True,0.9992175102233887,0.0007825148059055209
/content/Dataset/Test/Fake/fake_440.jpg,0,0,True,0.9999617338180542,3.8270292861852795e-05
/content/Dataset/Test/Fake/fake_4400.jpg,0,0,True,0.9761031270027161,0.02389685995876789
/content/Dataset/Test/Fake/fake_4401.jpg,0,0,True,0.997443675994873,0.0025563219096511602
/content/Dataset/Test/Fake/fake_4402.jpg,0,0,True,0.9289641976356506,0.07103582471609116
/content/Dataset/Test/Fake/fake_4403.jpg,0,0,True,0.9999474287033081,5.261282785795629e-05
/content/Dataset/Test/Fake/fake_4404.jpg,0,0,True,0.999114453792572,0.0008854917832650244
/content/Dataset/Test/Fake/fake_4405.jpg,0,0,True,0.8325814604759216,0.1674184948205948
/content/Dataset/Test/Fake/fake_4406.jpg,0,0,True,0.8458982706069946,0.15410171449184418
/content/Dataset/Test/Fake/fake_4407.jpg,0,0,True,0.9939711689949036,0.006028779782354832
/content/Dataset/Test/Fake/fake_4408.jpg,0,0,True,0.999825656414032,0.00017435486370231956
/content/Dataset/Test/Fake/fake_4409.jpg,0,0,True,0.998651921749115,0.001348101650364697
/content/Dataset/Test/Fake/fake_441.jpg,0,0,True,0.9938435554504395,0.006156483665108681
/content/Dataset/Test/Fake/fake_4410.jpg,0,0,True,0.9999336004257202,6.640201900154352e-05
/content/Dataset/Test/Fake/fake_4411.jpg,0,0,True,0.9992712140083313,0.0007287730113603175
/content/Dataset/Test/Fake/fake_4412.jpg,0,0,True,0.9998106360435486,0.00018943128816317767
/content/Dataset/Test/Fake/fake_4413.jpg,0,1,False,0.38578617572784424,0.6142138242721558
/content/Dataset/Test/Fake/fake_4414.jpg,0,1,False,0.30930373072624207,0.6906962990760803
/content/Dataset/Test/Fake/fake_4415.jpg,0,0,True,0.9961775541305542,0.003822456579655409
/content/Dataset/Test/Fake/fake_4416.jpg,0,0,True,0.9999513626098633,4.8608962970320135e-05
/content/Dataset/Test/Fake/fake_4417.jpg,0,0,True,0.8805097937583923,0.11949020624160767
/content/Dataset/Test/Fake/fake_4418.jpg,0,0,True,0.9999475479125977,5.2506020438158885e-05
/content/Dataset/Test/Fake/fake_4419.jpg,0,0,True,0.9998902082443237,0.0001098298525903374
/content/Dataset/Test/Fake/fake_442.jpg,0,0,True,0.9999520778656006,4.7929650463629514e-05
/content/Dataset/Test/Fake/fake_4420.jpg,0,1,False,0.42140939831733704,0.5785906314849854
/content/Dataset/Test/Fake/fake_4421.jpg,0,0,True,0.9466732740402222,0.05332673713564873
/content/Dataset/Test/Fake/fake_4422.jpg,0,0,True,0.999923586845398,7.64630749472417e-05
/content/Dataset/Test/Fake/fake_4423.jpg,0,0,True,0.9823876619338989,0.017612425610423088
/content/Dataset/Test/Fake/fake_4424.jpg,0,0,True,0.9999011754989624,9.881265577860177e-05
/content/Dataset/Test/Fake/fake_4425.jpg,0,0,True,0.9995782971382141,0.0004216464003548026
/content/Dataset/Test/Fake/fake_4426.jpg,0,0,True,0.6970765590667725,0.30292341113090515
/content/Dataset/Test/Fake/fake_4427.jpg,0,0,True,0.9958932399749756,0.004106724169105291
/content/Dataset/Test/Fake/fake_4428.jpg,0,0,True,0.9999184608459473,8.152103691827506e-05
/content/Dataset/Test/Fake/fake_4429.jpg,0,0,True,0.9999539852142334,4.601987893693149e-05
/content/Dataset/Test/Fake/fake_443.jpg,0,0,True,0.9999340772628784,6.593126454390585e-05
/content/Dataset/Test/Fake/fake_4430.jpg,0,0,True,0.8898937106132507,0.11010623723268509
/content/Dataset/Test/Fake/fake_4431.jpg,0,0,True,0.9304528832435608,0.0695471465587616
/content/Dataset/Test/Fake/fake_4432.jpg,0,0,True,0.9540520906448364,0.04594793543219566
/content/Dataset/Test/Fake/fake_4433.jpg,0,0,True,0.9963237047195435,0.0036763567477464676
/content/Dataset/Test/Fake/fake_4434.jpg,0,0,True,0.9993937015533447,0.0006062880274839699
/content/Dataset/Test/Fake/fake_4435.jpg,0,0,True,0.9991378784179688,0.0008620465523563325
/content/Dataset/Test/Fake/fake_4436.jpg,0,1,False,0.10128789395093918,0.8987120389938354
/content/Dataset/Test/Fake/fake_4437.jpg,0,1,False,0.1126042827963829,0.8873956799507141
/content/Dataset/Test/Fake/fake_4438.jpg,0,0,True,0.9994427561759949,0.0005572056979872286
/content/Dataset/Test/Fake/fake_4439.jpg,0,0,True,0.9918660521507263,0.00813396368175745
/content/Dataset/Test/Fake/fake_444.jpg,0,0,True,0.9999737739562988,2.6190566131845117e-05
/content/Dataset/Test/Fake/fake_4440.jpg,0,0,True,0.9532611966133118,0.046738795936107635
/content/Dataset/Test/Fake/fake_4441.jpg,0,0,True,0.9993670582771301,0.0006329102907329798
/content/Dataset/Test/Fake/fake_4442.jpg,0,0,True,0.9997847676277161,0.00021526176715269685
/content/Dataset/Test/Fake/fake_4443.jpg,0,0,True,0.9999232292175293,7.67564561101608e-05
/content/Dataset/Test/Fake/fake_4444.jpg,0,0,True,0.9994051456451416,0.0005948968464508653
/content/Dataset/Test/Fake/fake_4445.jpg,0,0,True,0.9999650716781616,3.4868917282437906e-05
/content/Dataset/Test/Fake/fake_4446.jpg,0,0,True,0.9992836117744446,0.0007164563867263496
/content/Dataset/Test/Fake/fake_4447.jpg,0,0,True,0.9912785887718201,0.008721387945115566
/content/Dataset/Test/Fake/fake_4448.jpg,0,0,True,0.9999524354934692,4.755323243443854e-05
/content/Dataset/Test/Fake/fake_4449.jpg,0,0,True,0.9573255181312561,0.042674463242292404
/content/Dataset/Test/Fake/fake_445.jpg,0,0,True,0.9999747276306152,2.5230567189282738e-05
/content/Dataset/Test/Fake/fake_4450.jpg,0,0,True,0.9928263425827026,0.007173736579716206
/content/Dataset/Test/Fake/fake_4451.jpg,0,0,True,0.9975553154945374,0.002444728510454297
/content/Dataset/Test/Fake/fake_4452.jpg,0,0,True,0.9992874264717102,0.0007126524578779936
/content/Dataset/Test/Fake/fake_4453.jpg,0,0,True,0.9976339340209961,0.0023660599254071712
/content/Dataset/Test/Fake/fake_4454.jpg,0,0,True,0.5461238026618958,0.45387622714042664
/content/Dataset/Test/Fake/fake_4455.jpg,0,0,True,0.8314200639724731,0.16857993602752686
/content/Dataset/Test/Fake/fake_4456.jpg,0,0,True,0.8769158124923706,0.12308423966169357
/content/Dataset/Test/Fake/fake_4457.jpg,0,0,True,0.9845534563064575,0.015446596778929234
/content/Dataset/Test/Fake/fake_4458.jpg,0,0,True,0.8070716857910156,0.192928284406662
/content/Dataset/Test/Fake/fake_4459.jpg,0,0,True,0.6507344841957092,0.34926551580429077
/content/Dataset/Test/Fake/fake_446.jpg,0,0,True,0.999539852142334,0.000460160052170977
/content/Dataset/Test/Fake/fake_4460.jpg,0,0,True,0.9999613761901855,3.865100734401494e-05
/content/Dataset/Test/Fake/fake_4461.jpg,0,0,True,0.9999442100524902,5.5754986533429474e-05
/content/Dataset/Test/Fake/fake_4462.jpg,0,0,True,0.9955311417579651,0.004468880593776703
/content/Dataset/Test/Fake/fake_4463.jpg,0,0,True,0.9999608993530273,3.908094367943704e-05
/content/Dataset/Test/Fake/fake_4464.jpg,0,0,True,0.914263904094696,0.08573615550994873
/content/Dataset/Test/Fake/fake_4465.jpg,0,1,False,0.18645678460597992,0.8135432600975037
/content/Dataset/Test/Fake/fake_4466.jpg,0,0,True,0.9947543144226074,0.005245677661150694
/content/Dataset/Test/Fake/fake_4467.jpg,0,0,True,0.9999570846557617,4.293540769140236e-05
/content/Dataset/Test/Fake/fake_4468.jpg,0,0,True,0.8998607397079468,0.10013921558856964
/content/Dataset/Test/Fake/fake_4469.jpg,0,0,True,0.6068012118339539,0.39319881796836853
/content/Dataset/Test/Fake/fake_447.jpg,0,0,True,0.9999712705612183,2.8723326977342367e-05
/content/Dataset/Test/Fake/fake_4470.jpg,0,1,False,0.0007380089955404401,0.9992620348930359
/content/Dataset/Test/Fake/fake_4471.jpg,0,0,True,0.7898498177528381,0.21015016734600067
/content/Dataset/Test/Fake/fake_4472.jpg,0,0,True,0.9999179840087891,8.202633762266487e-05
/content/Dataset/Test/Fake/fake_4473.jpg,0,0,True,0.9999470710754395,5.296687959344126e-05
/content/Dataset/Test/Fake/fake_4474.jpg,0,0,True,0.8392954468727112,0.16070456802845
/content/Dataset/Test/Fake/fake_4475.jpg,0,0,True,0.9667426943778992,0.033257316797971725
/content/Dataset/Test/Fake/fake_4476.jpg,0,1,False,0.23543092608451843,0.764569103717804
/content/Dataset/Test/Fake/fake_4477.jpg,0,0,True,0.9999516010284424,4.837616870645434e-05
/content/Dataset/Test/Fake/fake_4478.jpg,0,0,True,0.9964842796325684,0.003515747142955661
/content/Dataset/Test/Fake/fake_4479.jpg,0,0,True,0.9212795495986938,0.07872047275304794
/content/Dataset/Test/Fake/fake_448.jpg,0,0,True,0.9999228715896606,7.716788968537003e-05
/content/Dataset/Test/Fake/fake_4480.jpg,0,0,True,0.9999504089355469,4.958731369697489e-05
/content/Dataset/Test/Fake/fake_4481.jpg,0,0,True,0.9999376535415649,6.234563625184819e-05
/content/Dataset/Test/Fake/fake_4482.jpg,0,0,True,0.9999258518218994,7.418836321448907e-05
/content/Dataset/Test/Fake/fake_4483.jpg,0,0,True,0.9991637468338013,0.0008363110828213394
/content/Dataset/Test/Fake/fake_4484.jpg,0,0,True,0.999640941619873,0.00035904711694456637
/content/Dataset/Test/Fake/fake_4485.jpg,0,0,True,0.9999643564224243,3.567679596017115e-05
/content/Dataset/Test/Fake/fake_4486.jpg,0,0,True,0.9999508857727051,4.910506686428562e-05
/content/Dataset/Test/Fake/fake_4487.jpg,0,0,True,0.9991968274116516,0.0008031899924390018
/content/Dataset/Test/Fake/fake_4488.jpg,0,0,True,0.7960126996040344,0.2039872407913208
/content/Dataset/Test/Fake/fake_4489.jpg,0,0,True,0.6006662845611572,0.3993337154388428
/content/Dataset/Test/Fake/fake_449.jpg,0,0,True,0.9999701976776123,2.9767974410788156e-05
/content/Dataset/Test/Fake/fake_4490.jpg,0,0,True,0.9997321963310242,0.00026779540348798037
/content/Dataset/Test/Fake/fake_4491.jpg,0,0,True,0.9999147653579712,8.527849422534928e-05
/content/Dataset/Test/Fake/fake_4492.jpg,0,1,False,0.04847542196512222,0.951524555683136
/content/Dataset/Test/Fake/fake_4493.jpg,0,1,False,0.004036507103592157,0.995963454246521
/content/Dataset/Test/Fake/fake_4494.jpg,0,0,True,0.9999125003814697,8.744385559111834e-05
/content/Dataset/Test/Fake/fake_4495.jpg,0,0,True,0.9854125380516052,0.014587458223104477
/content/Dataset/Test/Fake/fake_4496.jpg,0,0,True,0.9999525547027588,4.749921208713204e-05
/content/Dataset/Test/Fake/fake_4497.jpg,0,0,True,0.9979962706565857,0.002003674628213048
/content/Dataset/Test/Fake/fake_4498.jpg,0,0,True,0.9997826218605042,0.00021740009833592921
/content/Dataset/Test/Fake/fake_4499.jpg,0,0,True,0.9997615218162537,0.00023846098338253796
/content/Dataset/Test/Fake/fake_45.jpg,0,0,True,0.99905925989151,0.0009407008765265346
/content/Dataset/Test/Fake/fake_450.jpg,0,0,True,0.9999736547470093,2.63718993664952e-05
/content/Dataset/Test/Fake/fake_4500.jpg,0,0,True,0.9997801184654236,0.00021989591186866164
/content/Dataset/Test/Fake/fake_4501.jpg,0,0,True,0.707522988319397,0.292477011680603
/content/Dataset/Test/Fake/fake_4502.jpg,0,1,False,0.008965257555246353,0.9910348057746887
/content/Dataset/Test/Fake/fake_4503.jpg,0,1,False,0.14470984041690826,0.8552901744842529
/content/Dataset/Test/Fake/fake_4504.jpg,0,0,True,0.9998769760131836,0.00012306416465435177
/content/Dataset/Test/Fake/fake_4505.jpg,0,0,True,0.6336815357208252,0.36631840467453003
/content/Dataset/Test/Fake/fake_4506.jpg,0,1,False,0.29781097173690796,0.702189028263092
/content/Dataset/Test/Fake/fake_4507.jpg,0,0,True,0.9972527623176575,0.0027471936773508787
/content/Dataset/Test/Fake/fake_4508.jpg,0,1,False,0.04105043783783913,0.9589495658874512
/content/Dataset/Test/Fake/fake_4509.jpg,0,1,False,0.00997605174779892,0.9900240302085876
/content/Dataset/Test/Fake/fake_451.jpg,0,0,True,0.9999746084213257,2.5388735593878664e-05
/content/Dataset/Test/Fake/fake_4510.jpg,0,0,True,0.999789297580719,0.0002107075706589967
/content/Dataset/Test/Fake/fake_4511.jpg,0,0,True,0.9998981952667236,0.00010175522038480267
/content/Dataset/Test/Fake/fake_4512.jpg,0,0,True,0.9998233914375305,0.00017668887448962778
/content/Dataset/Test/Fake/fake_4513.jpg,0,0,True,0.9418821930885315,0.05811786651611328
/content/Dataset/Test/Fake/fake_4514.jpg,0,0,True,0.9999622106552124,3.7783243897138163e-05
/content/Dataset/Test/Fake/fake_4515.jpg,0,0,True,0.9631549715995789,0.03684496507048607
/content/Dataset/Test/Fake/fake_4516.jpg,0,1,False,0.022459425032138824,0.9775405526161194
/content/Dataset/Test/Fake/fake_4517.jpg,0,0,True,0.9819821715354919,0.01801786944270134
/content/Dataset/Test/Fake/fake_4518.jpg,0,0,True,0.7859014272689819,0.21409858763217926
/content/Dataset/Test/Fake/fake_4519.jpg,0,0,True,0.985115110874176,0.014884884469211102
/content/Dataset/Test/Fake/fake_452.jpg,0,0,True,0.999972939491272,2.7078001949121244e-05
/content/Dataset/Test/Fake/fake_4520.jpg,0,0,True,0.9977005124092102,0.002299487590789795
/content/Dataset/Test/Fake/fake_4521.jpg,0,0,True,0.9999040365219116,9.600927296560258e-05
/content/Dataset/Test/Fake/fake_4522.jpg,0,0,True,0.9999654293060303,3.4608732676133513e-05
/content/Dataset/Test/Fake/fake_4523.jpg,0,0,True,0.906359076499939,0.09364088624715805
/content/Dataset/Test/Fake/fake_4524.jpg,0,0,True,0.9998016953468323,0.0001983755500987172
/content/Dataset/Test/Fake/fake_4525.jpg,0,0,True,0.9997194409370422,0.0002805842086672783
/content/Dataset/Test/Fake/fake_4526.jpg,0,0,True,0.7925763726234436,0.2074236422777176
/content/Dataset/Test/Fake/fake_4527.jpg,0,0,True,0.999945878982544,5.412276368588209e-05
/content/Dataset/Test/Fake/fake_4528.jpg,0,0,True,0.9998425245285034,0.00015740294475108385
/content/Dataset/Test/Fake/fake_4529.jpg,0,0,True,0.99905925989151,0.0009407938341610134
/content/Dataset/Test/Fake/fake_453.jpg,0,0,True,0.9962247610092163,0.003775243181735277
/content/Dataset/Test/Fake/fake_4530.jpg,0,1,False,0.026209769770503044,0.9737902283668518
/content/Dataset/Test/Fake/fake_4531.jpg,0,0,True,0.7042743563652039,0.29572564363479614
/content/Dataset/Test/Fake/fake_4532.jpg,0,0,True,0.9999722242355347,2.780357317533344e-05
/content/Dataset/Test/Fake/fake_4533.jpg,0,0,True,0.9503605365753174,0.0496395118534565
/content/Dataset/Test/Fake/fake_4534.jpg,0,0,True,0.9999667406082153,3.326078876852989e-05
/content/Dataset/Test/Fake/fake_4535.jpg,0,0,True,0.9295640587806702,0.07043591886758804
/content/Dataset/Test/Fake/fake_4536.jpg,0,0,True,0.9998637437820435,0.00013623623817693442
/content/Dataset/Test/Fake/fake_4537.jpg,0,1,False,0.327303946018219,0.672696053981781
/content/Dataset/Test/Fake/fake_4538.jpg,0,0,True,0.9999644756317139,3.5575689253164455e-05
/content/Dataset/Test/Fake/fake_4539.jpg,0,0,True,0.9918296933174133,0.008170305751264095
/content/Dataset/Test/Fake/fake_454.jpg,0,0,True,0.9997637867927551,0.00023623961897101253
/content/Dataset/Test/Fake/fake_4540.jpg,0,0,True,0.9999322891235352,6.773549830541015e-05
/content/Dataset/Test/Fake/fake_4541.jpg,0,1,False,0.06900931149721146,0.9309906959533691
/content/Dataset/Test/Fake/fake_4542.jpg,0,0,True,0.9999485015869141,5.1477643864927813e-05
/content/Dataset/Test/Fake/fake_4543.jpg,0,0,True,0.9998158812522888,0.00018415047088637948
/content/Dataset/Test/Fake/fake_4544.jpg,0,0,True,0.9997090697288513,0.0002909475879278034
/content/Dataset/Test/Fake/fake_4545.jpg,0,0,True,0.9980624318122864,0.0019375963602215052
/content/Dataset/Test/Fake/fake_4546.jpg,0,0,True,0.9990842342376709,0.0009157044114544988
/content/Dataset/Test/Fake/fake_4547.jpg,0,1,False,0.1829482465982437,0.8170517086982727
/content/Dataset/Test/Fake/fake_4548.jpg,0,1,False,0.42796024680137634,0.5720397233963013
/content/Dataset/Test/Fake/fake_4549.jpg,0,0,True,0.9999159574508667,8.408211579080671e-05
/content/Dataset/Test/Fake/fake_455.jpg,0,0,True,0.9999728202819824,2.71223525487585e-05
/content/Dataset/Test/Fake/fake_4550.jpg,0,0,True,0.8447211384773254,0.15527883172035217
/content/Dataset/Test/Fake/fake_4551.jpg,0,1,False,0.1328456997871399,0.8671543002128601
/content/Dataset/Test/Fake/fake_4552.jpg,0,0,True,0.9999308586120605,6.910719821462408e-05
/content/Dataset/Test/Fake/fake_4553.jpg,0,0,True,0.9996054768562317,0.00039456848753616214
/content/Dataset/Test/Fake/fake_4554.jpg,0,0,True,0.9999535083770752,4.650627670343965e-05
/content/Dataset/Test/Fake/fake_4555.jpg,0,0,True,0.9706103801727295,0.029389595612883568
/content/Dataset/Test/Fake/fake_4556.jpg,0,0,True,0.9999591112136841,4.088361674803309e-05
/content/Dataset/Test/Fake/fake_4557.jpg,0,1,False,0.2978793978691101,0.7021206021308899
/content/Dataset/Test/Fake/fake_4558.jpg,0,1,False,0.14491325616836548,0.8550867438316345
/content/Dataset/Test/Fake/fake_4559.jpg,0,0,True,0.9082568883895874,0.0917430892586708
/content/Dataset/Test/Fake/fake_456.jpg,0,0,True,0.999968409538269,3.160753840347752e-05
/content/Dataset/Test/Fake/fake_4560.jpg,0,1,False,0.29854583740234375,0.7014541625976562
/content/Dataset/Test/Fake/fake_4561.jpg,0,0,True,0.999937891960144,6.215093162609264e-05
/content/Dataset/Test/Fake/fake_4562.jpg,0,0,True,0.999961256980896,3.878858478856273e-05
/content/Dataset/Test/Fake/fake_4563.jpg,0,0,True,0.9933609962463379,0.006638945080339909
/content/Dataset/Test/Fake/fake_4564.jpg,0,0,True,0.9980263113975525,0.0019736597314476967
/content/Dataset/Test/Fake/fake_4565.jpg,0,0,True,0.9998248219490051,0.00017519477114547044
/content/Dataset/Test/Fake/fake_4566.jpg,0,0,True,0.9996213912963867,0.0003786281740758568
/content/Dataset/Test/Fake/fake_4567.jpg,0,0,True,0.9998456239700317,0.0001543236430734396
/content/Dataset/Test/Fake/fake_4568.jpg,0,0,True,0.9997963309288025,0.00020367151591926813
/content/Dataset/Test/Fake/fake_4569.jpg,0,0,True,0.9981429576873779,0.0018570518586784601
/content/Dataset/Test/Fake/fake_457.jpg,0,0,True,0.9999723434448242,2.761558243946638e-05
/content/Dataset/Test/Fake/fake_4570.jpg,0,0,True,0.9999203681945801,7.96070889919065e-05
/content/Dataset/Test/Fake/fake_4571.jpg,0,0,True,0.9998838901519775,0.00011606291081989184
/content/Dataset/Test/Fake/fake_4572.jpg,0,0,True,0.9999592304229736,4.077600169694051e-05
/content/Dataset/Test/Fake/fake_4573.jpg,0,1,False,0.023931866511702538,0.9760681390762329
/content/Dataset/Test/Fake/fake_4574.jpg,0,0,True,0.9931574463844299,0.006842529401183128
/content/Dataset/Test/Fake/fake_4575.jpg,0,0,True,0.9897268414497375,0.010273178108036518
/content/Dataset/Test/Fake/fake_4576.jpg,0,0,True,0.9962802529335022,0.003719792701303959
/content/Dataset/Test/Fake/fake_4577.jpg,0,0,True,0.9999500513076782,4.989801163901575e-05
/content/Dataset/Test/Fake/fake_4578.jpg,0,0,True,0.9999529123306274,4.713174348580651e-05
/content/Dataset/Test/Fake/fake_4579.jpg,0,0,True,0.9999548196792603,4.517903289524838e-05
/content/Dataset/Test/Fake/fake_458.jpg,0,0,True,0.9999675750732422,3.2431824365630746e-05
/content/Dataset/Test/Fake/fake_4580.jpg,0,0,True,0.9992215633392334,0.0007784308982081711
/content/Dataset/Test/Fake/fake_4581.jpg,0,0,True,0.9994968175888062,0.0005031460314057767
/content/Dataset/Test/Fake/fake_4582.jpg,0,0,True,0.999885082244873,0.00011488056043162942
/content/Dataset/Test/Fake/fake_4583.jpg,0,1,False,0.0008138379780575633,0.999186098575592
/content/Dataset/Test/Fake/fake_4584.jpg,0,1,False,0.1567278802394867,0.8432721495628357
/content/Dataset/Test/Fake/fake_4585.jpg,0,0,True,0.998242974281311,0.0017570465570315719
/content/Dataset/Test/Fake/fake_4586.jpg,0,0,True,0.9973269701004028,0.002673013601452112
/content/Dataset/Test/Fake/fake_4587.jpg,0,0,True,0.9997544884681702,0.0002455206704325974
/content/Dataset/Test/Fake/fake_4588.jpg,0,0,True,0.999942421913147,5.757374674431048e-05
/content/Dataset/Test/Fake/fake_4589.jpg,0,1,False,0.48152291774749756,0.5184770822525024
/content/Dataset/Test/Fake/fake_459.jpg,0,0,True,0.9999746084213257,2.5343473680550233e-05
/content/Dataset/Test/Fake/fake_4590.jpg,0,0,True,0.9998960494995117,0.00010388590453658253
/content/Dataset/Test/Fake/fake_4591.jpg,0,0,True,0.9983612895011902,0.0016386548522859812
/content/Dataset/Test/Fake/fake_4592.jpg,0,0,True,0.9999500513076782,4.992152753402479e-05
/content/Dataset/Test/Fake/fake_4593.jpg,0,0,True,0.9999672174453735,3.2789459510240704e-05
/content/Dataset/Test/Fake/fake_4594.jpg,0,0,True,0.9999650716781616,3.4942022466566414e-05
/content/Dataset/Test/Fake/fake_4595.jpg,0,0,True,0.7797029614448547,0.22029703855514526
/content/Dataset/Test/Fake/fake_4596.jpg,0,0,True,0.9793781638145447,0.02062182128429413
/content/Dataset/Test/Fake/fake_4597.jpg,0,0,True,0.9376183748245239,0.06238168850541115
/content/Dataset/Test/Fake/fake_4598.jpg,0,0,True,0.9926500916481018,0.00734987435862422
/content/Dataset/Test/Fake/fake_4599.jpg,0,0,True,0.6581395268440247,0.34186050295829773
/content/Dataset/Test/Fake/fake_46.jpg,0,0,True,0.999913215637207,8.680091559654102e-05
/content/Dataset/Test/Fake/fake_460.jpg,0,0,True,0.9999768733978271,2.3136673917178996e-05
/content/Dataset/Test/Fake/fake_4600.jpg,0,0,True,0.9999388456344604,6.113050767453387e-05
/content/Dataset/Test/Fake/fake_4601.jpg,0,0,True,0.9367021322250366,0.0632978081703186
/content/Dataset/Test/Fake/fake_4602.jpg,0,0,True,0.9995409250259399,0.00045913830399513245
/content/Dataset/Test/Fake/fake_4603.jpg,0,0,True,0.9964120984077454,0.003587926272302866
/content/Dataset/Test/Fake/fake_4604.jpg,0,0,True,0.9980149269104004,0.0019850602839142084
/content/Dataset/Test/Fake/fake_4605.jpg,0,0,True,0.9998780488967896,0.00012196042371215299
/content/Dataset/Test/Fake/fake_4606.jpg,0,0,True,0.9999421834945679,5.778732884209603e-05
/content/Dataset/Test/Fake/fake_4607.jpg,0,0,True,0.9720526337623596,0.027947351336479187
/content/Dataset/Test/Fake/fake_4608.jpg,0,0,True,0.9899216294288635,0.010078372433781624
/content/Dataset/Test/Fake/fake_4609.jpg,0,0,True,0.9954428672790527,0.004557156004011631
/content/Dataset/Test/Fake/fake_461.jpg,0,0,True,0.99993896484375,6.1004313465673476e-05
/content/Dataset/Test/Fake/fake_4610.jpg,0,0,True,0.9982352256774902,0.0017647907370701432
/content/Dataset/Test/Fake/fake_4611.jpg,0,0,True,0.9999692440032959,3.081236718571745e-05
/content/Dataset/Test/Fake/fake_4612.jpg,0,0,True,0.9999617338180542,3.832007132587023e-05
/content/Dataset/Test/Fake/fake_4613.jpg,0,0,True,0.9707114696502686,0.029288580641150475
/content/Dataset/Test/Fake/fake_4614.jpg,0,0,True,0.9988538026809692,0.0011462310794740915
/content/Dataset/Test/Fake/fake_4615.jpg,0,0,True,0.8210379481315613,0.17896202206611633
/content/Dataset/Test/Fake/fake_4616.jpg,0,0,True,0.9999496936798096,5.035442518419586e-05
/content/Dataset/Test/Fake/fake_4617.jpg,0,0,True,0.9867373108863831,0.013262737542390823
/content/Dataset/Test/Fake/fake_4618.jpg,0,0,True,0.7554559111595154,0.2445441037416458
/content/Dataset/Test/Fake/fake_4619.jpg,0,0,True,0.9994472861289978,0.0005526526365429163
/content/Dataset/Test/Fake/fake_462.jpg,0,0,True,0.9999591112136841,4.092536255484447e-05
/content/Dataset/Test/Fake/fake_4620.jpg,0,0,True,0.9997404217720032,0.00025958011974580586
/content/Dataset/Test/Fake/fake_4621.jpg,0,0,True,0.7904719114303589,0.2095281183719635
/content/Dataset/Test/Fake/fake_4622.jpg,0,0,True,0.5592393279075623,0.44076061248779297
/content/Dataset/Test/Fake/fake_4623.jpg,0,0,True,0.8754006624221802,0.12459937483072281
/content/Dataset/Test/Fake/fake_4624.jpg,0,0,True,0.691371500492096,0.30862849950790405
/content/Dataset/Test/Fake/fake_4625.jpg,0,0,True,0.9805598258972168,0.0194401852786541
/content/Dataset/Test/Fake/fake_4626.jpg,0,0,True,0.9998480081558228,0.000151986358105205
/content/Dataset/Test/Fake/fake_4627.jpg,0,0,True,0.9696972966194153,0.03030269406735897
/content/Dataset/Test/Fake/fake_4628.jpg,0,0,True,0.9919448494911194,0.008055126294493675
/content/Dataset/Test/Fake/fake_4629.jpg,0,0,True,0.9974052309989929,0.0025947107933461666
/content/Dataset/Test/Fake/fake_463.jpg,0,0,True,0.9999651908874512,3.484581975499168e-05
/content/Dataset/Test/Fake/fake_4630.jpg,0,0,True,0.998606264591217,0.0013937457697466016
/content/Dataset/Test/Fake/fake_4631.jpg,0,0,True,0.9992352724075317,0.0007647907477803528
/content/Dataset/Test/Fake/fake_4632.jpg,0,0,True,0.9996767044067383,0.0003232693998143077
/content/Dataset/Test/Fake/fake_4633.jpg,0,0,True,0.9998759031295776,0.00012405903544276953
/content/Dataset/Test/Fake/fake_4634.jpg,0,0,True,0.9996858835220337,0.00031418478465639055
/content/Dataset/Test/Fake/fake_4635.jpg,0,0,True,0.9999547004699707,4.5253760617924854e-05
/content/Dataset/Test/Fake/fake_4636.jpg,0,1,False,0.003438767045736313,0.9965612292289734
/content/Dataset/Test/Fake/fake_4637.jpg,0,0,True,0.9998863935470581,0.00011364262172719464
/content/Dataset/Test/Fake/fake_4638.jpg,0,0,True,0.9988491535186768,0.0011507866438478231
/content/Dataset/Test/Fake/fake_4639.jpg,0,0,True,0.9834423661231995,0.016557585448026657
/content/Dataset/Test/Fake/fake_464.jpg,0,0,True,0.9999675750732422,3.236743214074522e-05
/content/Dataset/Test/Fake/fake_4640.jpg,0,1,False,0.3137494921684265,0.6862505078315735
/content/Dataset/Test/Fake/fake_4641.jpg,0,0,True,0.9916957020759583,0.008304355666041374
/content/Dataset/Test/Fake/fake_4642.jpg,0,1,False,0.4810856282711029,0.5189144015312195
/content/Dataset/Test/Fake/fake_4643.jpg,0,0,True,0.9997374415397644,0.0002626015921123326
/content/Dataset/Test/Fake/fake_4644.jpg,0,0,True,0.5483683347702026,0.451631635427475
/content/Dataset/Test/Fake/fake_4645.jpg,0,1,False,0.19580425322055817,0.804195761680603
/content/Dataset/Test/Fake/fake_4646.jpg,0,0,True,0.9999104738235474,8.9499335444998e-05
/content/Dataset/Test/Fake/fake_4647.jpg,0,0,True,0.999098539352417,0.0009014797979034483
/content/Dataset/Test/Fake/fake_4648.jpg,0,0,True,0.9953503608703613,0.004649603273719549
/content/Dataset/Test/Fake/fake_4649.jpg,0,0,True,0.9999451637268066,5.4844953410793096e-05
/content/Dataset/Test/Fake/fake_465.jpg,0,0,True,0.9999608993530273,3.91355060855858e-05
/content/Dataset/Test/Fake/fake_4650.jpg,0,0,True,0.9997833371162415,0.00021669152192771435
/content/Dataset/Test/Fake/fake_4651.jpg,0,0,True,0.9999585151672363,4.150034146732651e-05
/content/Dataset/Test/Fake/fake_4652.jpg,0,1,False,0.41383033990859985,0.5861696600914001
/content/Dataset/Test/Fake/fake_4653.jpg,0,0,True,0.9951323866844177,0.00486762123182416
/content/Dataset/Test/Fake/fake_4654.jpg,0,1,False,0.3709236681461334,0.6290763020515442
/content/Dataset/Test/Fake/fake_4655.jpg,0,0,True,0.9980074763298035,0.001992509700357914
/content/Dataset/Test/Fake/fake_4656.jpg,0,0,True,0.9999580383300781,4.19528478232678e-05
/content/Dataset/Test/Fake/fake_4657.jpg,0,0,True,0.9860237836837769,0.013976197689771652
/content/Dataset/Test/Fake/fake_4658.jpg,0,0,True,0.9996324777603149,0.0003675053012557328
/content/Dataset/Test/Fake/fake_4659.jpg,0,0,True,0.9998947381973267,0.00010523060336709023
/content/Dataset/Test/Fake/fake_466.jpg,0,0,True,0.9999744892120361,2.548506199673284e-05
/content/Dataset/Test/Fake/fake_4660.jpg,0,0,True,0.999864935874939,0.00013509695418179035
/content/Dataset/Test/Fake/fake_4661.jpg,0,0,True,0.9990447163581848,0.0009553063428029418
/content/Dataset/Test/Fake/fake_4662.jpg,0,0,True,0.9999419450759888,5.807587513118051e-05
/content/Dataset/Test/Fake/fake_4663.jpg,0,0,True,0.9999613761901855,3.865908001898788e-05
/content/Dataset/Test/Fake/fake_4664.jpg,0,0,True,0.9999289512634277,7.104839460225776e-05
/content/Dataset/Test/Fake/fake_4665.jpg,0,0,True,0.9962634444236755,0.0037365935277193785
/content/Dataset/Test/Fake/fake_4666.jpg,0,0,True,0.9999549388885498,4.5058430259814486e-05
/content/Dataset/Test/Fake/fake_4667.jpg,0,0,True,0.9999508857727051,4.914577948511578e-05
/content/Dataset/Test/Fake/fake_4668.jpg,0,0,True,0.9998800754547119,0.00011990312486886978
/content/Dataset/Test/Fake/fake_4669.jpg,0,0,True,0.9999665021896362,3.348663085489534e-05
/content/Dataset/Test/Fake/fake_467.jpg,0,0,True,0.9990567564964294,0.0009432561346329749
/content/Dataset/Test/Fake/fake_4670.jpg,0,0,True,0.9067952632904053,0.09320469200611115
/content/Dataset/Test/Fake/fake_4671.jpg,0,0,True,0.8896772265434265,0.1103227511048317
/content/Dataset/Test/Fake/fake_4672.jpg,0,0,True,0.9996310472488403,0.0003688989672809839
/content/Dataset/Test/Fake/fake_4673.jpg,0,0,True,0.9999408721923828,5.916706140851602e-05
/content/Dataset/Test/Fake/fake_4674.jpg,0,0,True,0.9999104738235474,8.947629248723388e-05
/content/Dataset/Test/Fake/fake_4675.jpg,0,0,True,0.9999450445175171,5.49202632100787e-05
/content/Dataset/Test/Fake/fake_4676.jpg,0,0,True,0.9949894547462463,0.005010541528463364
/content/Dataset/Test/Fake/fake_4677.jpg,0,0,True,0.9985816478729248,0.001418319996446371
/content/Dataset/Test/Fake/fake_4678.jpg,0,0,True,0.9999537467956543,4.628783426596783e-05
/content/Dataset/Test/Fake/fake_4679.jpg,0,0,True,0.9998997449874878,0.00010020341142080724
/content/Dataset/Test/Fake/fake_468.jpg,0,0,True,0.9776238203048706,0.02237618714570999
/content/Dataset/Test/Fake/fake_4680.jpg,0,0,True,0.9999432563781738,5.6699416745686904e-05
/content/Dataset/Test/Fake/fake_4681.jpg,0,0,True,0.9965080618858337,0.0034919092431664467
/content/Dataset/Test/Fake/fake_4682.jpg,0,0,True,0.9655482769012451,0.03445177152752876
/content/Dataset/Test/Fake/fake_4683.jpg,0,0,True,0.9995260238647461,0.000473965221317485
/content/Dataset/Test/Fake/fake_4684.jpg,0,0,True,0.9962665438652039,0.0037334561347961426
/content/Dataset/Test/Fake/fake_4685.jpg,0,0,True,0.9894267320632935,0.01057326141744852
/content/Dataset/Test/Fake/fake_4686.jpg,0,0,True,0.9971991777420044,0.002800860907882452
/content/Dataset/Test/Fake/fake_4687.jpg,0,1,False,0.08700290322303772,0.9129970669746399
/content/Dataset/Test/Fake/fake_4688.jpg,0,0,True,0.9013043642044067,0.09869565814733505
/content/Dataset/Test/Fake/fake_4689.jpg,0,0,True,0.9999653100967407,3.464079418336041e-05
/content/Dataset/Test/Fake/fake_469.jpg,0,0,True,0.9999176263809204,8.23863156256266e-05
/content/Dataset/Test/Fake/fake_4690.jpg,0,0,True,0.986106276512146,0.013893733732402325
/content/Dataset/Test/Fake/fake_4691.jpg,0,0,True,0.9998784065246582,0.00012157852324889973
/content/Dataset/Test/Fake/fake_4692.jpg,0,0,True,0.9994155168533325,0.0005845267442055047
/content/Dataset/Test/Fake/fake_4693.jpg,0,0,True,0.999957799911499,4.2233357817167416e-05
/content/Dataset/Test/Fake/fake_4694.jpg,0,0,True,0.9300312995910645,0.06996870785951614
/content/Dataset/Test/Fake/fake_4695.jpg,0,0,True,0.9911310076713562,0.008868943899869919
/content/Dataset/Test/Fake/fake_4696.jpg,0,0,True,0.9999232292175293,7.677321991650388e-05
/content/Dataset/Test/Fake/fake_4697.jpg,0,0,True,0.8455002307891846,0.15449972450733185
/content/Dataset/Test/Fake/fake_4698.jpg,0,0,True,0.9987282156944275,0.0012717368081212044
/content/Dataset/Test/Fake/fake_4699.jpg,0,0,True,0.999962329864502,3.772599666262977e-05
/content/Dataset/Test/Fake/fake_47.jpg,0,0,True,0.9997459053993225,0.0002540403511375189
/content/Dataset/Test/Fake/fake_470.jpg,0,0,True,0.999545156955719,0.00045485826558433473
/content/Dataset/Test/Fake/fake_4700.jpg,0,0,True,0.9998472929000854,0.00015263364184647799
/content/Dataset/Test/Fake/fake_4701.jpg,0,0,True,0.998502254486084,0.0014977868413552642
/content/Dataset/Test/Fake/fake_4702.jpg,0,0,True,0.9999085664749146,9.14695774554275e-05
/content/Dataset/Test/Fake/fake_4703.jpg,0,0,True,0.9988670349121094,0.001133032375946641
/content/Dataset/Test/Fake/fake_4704.jpg,0,0,True,0.977141797542572,0.022858140990138054
/content/Dataset/Test/Fake/fake_4705.jpg,0,0,True,0.9999606609344482,3.9300884964177385e-05
/content/Dataset/Test/Fake/fake_4706.jpg,0,0,True,0.9999402761459351,5.971325299469754e-05
/content/Dataset/Test/Fake/fake_4707.jpg,0,0,True,0.9998928308486938,0.0001072009326890111
/content/Dataset/Test/Fake/fake_4708.jpg,0,0,True,0.999954104423523,4.59173897979781e-05
/content/Dataset/Test/Fake/fake_4709.jpg,0,0,True,0.9998873472213745,0.00011267064837738872
/content/Dataset/Test/Fake/fake_471.jpg,0,0,True,0.9999706745147705,2.9321323381736875e-05
/content/Dataset/Test/Fake/fake_4710.jpg,0,0,True,0.9999644756317139,3.5517721698852256e-05
/content/Dataset/Test/Fake/fake_4711.jpg,0,0,True,0.9999529123306274,4.7029549023136497e-05
/content/Dataset/Test/Fake/fake_4712.jpg,0,0,True,0.9988131523132324,0.0011868728324770927
/content/Dataset/Test/Fake/fake_4713.jpg,0,0,True,0.9998409748077393,0.00015899208665359765
/content/Dataset/Test/Fake/fake_4714.jpg,0,0,True,0.9911866784095764,0.008813333697617054
/content/Dataset/Test/Fake/fake_4715.jpg,0,0,True,0.9981977343559265,0.0018023478332906961
/content/Dataset/Test/Fake/fake_4716.jpg,0,0,True,0.9995313882827759,0.0004686476313509047
/content/Dataset/Test/Fake/fake_4717.jpg,0,0,True,0.9915053248405457,0.008494683541357517
/content/Dataset/Test/Fake/fake_4718.jpg,0,0,True,0.9610083103179932,0.03899170458316803
/content/Dataset/Test/Fake/fake_4719.jpg,0,1,False,0.1744537204504013,0.8255462050437927
/content/Dataset/Test/Fake/fake_472.jpg,0,0,True,0.9999752044677734,2.484484139131382e-05
/content/Dataset/Test/Fake/fake_4720.jpg,0,0,True,0.9999351501464844,6.489362567663193e-05
/content/Dataset/Test/Fake/fake_4721.jpg,0,1,False,0.25064122676849365,0.7493587136268616
/content/Dataset/Test/Fake/fake_4722.jpg,0,0,True,0.9769070744514465,0.02309289760887623
/content/Dataset/Test/Fake/fake_4723.jpg,0,0,True,0.9999417066574097,5.826347478432581e-05
/content/Dataset/Test/Fake/fake_4724.jpg,0,0,True,0.9999383687973022,6.166942330310121e-05
/content/Dataset/Test/Fake/fake_4725.jpg,0,0,True,0.9999611377716064,3.881644443026744e-05
/content/Dataset/Test/Fake/fake_4726.jpg,0,1,False,0.3260005712509155,0.6739994287490845
/content/Dataset/Test/Fake/fake_4727.jpg,0,0,True,0.624688446521759,0.37531155347824097
/content/Dataset/Test/Fake/fake_4728.jpg,0,0,True,0.9949283599853516,0.005071613471955061
/content/Dataset/Test/Fake/fake_4729.jpg,0,0,True,0.99996018409729,3.98273223254364e-05
/content/Dataset/Test/Fake/fake_473.jpg,0,0,True,0.9999743700027466,2.5655515855760314e-05
/content/Dataset/Test/Fake/fake_4730.jpg,0,0,True,0.9999309778213501,6.90571396262385e-05
/content/Dataset/Test/Fake/fake_4731.jpg,0,0,True,0.9999585151672363,4.1494877223158255e-05
/content/Dataset/Test/Fake/fake_4732.jpg,0,0,True,0.999855637550354,0.00014439254300668836
/content/Dataset/Test/Fake/fake_4733.jpg,0,1,False,0.006772659718990326,0.9932273030281067
/content/Dataset/Test/Fake/fake_4734.jpg,0,0,True,0.9871934056282043,0.01280662976205349
/content/Dataset/Test/Fake/fake_4735.jpg,0,0,True,0.9998533725738525,0.0001466478715883568
/content/Dataset/Test/Fake/fake_4736.jpg,0,0,True,0.9999388456344604,6.119519821368158e-05
/content/Dataset/Test/Fake/fake_4737.jpg,0,0,True,0.9909763932228088,0.009023613296449184
/content/Dataset/Test/Fake/fake_4738.jpg,0,0,True,0.999725878238678,0.00027410034090280533
/content/Dataset/Test/Fake/fake_4739.jpg,0,1,False,0.003594005713239312,0.9964060187339783
/content/Dataset/Test/Fake/fake_474.jpg,0,0,True,0.9999727010726929,2.7318026695866138e-05
/content/Dataset/Test/Fake/fake_4740.jpg,0,0,True,0.9999576807022095,4.232851279084571e-05
/content/Dataset/Test/Fake/fake_4741.jpg,0,1,False,0.029464609920978546,0.970535397529602
/content/Dataset/Test/Fake/fake_4742.jpg,0,0,True,0.9768494963645935,0.0231504887342453
/content/Dataset/Test/Fake/fake_4743.jpg,0,1,False,0.03075105883181095,0.96924889087677
/content/Dataset/Test/Fake/fake_4744.jpg,0,0,True,0.6511910557746887,0.3488089442253113
/content/Dataset/Test/Fake/fake_4745.jpg,0,0,True,0.9895776510238647,0.01042233593761921
/content/Dataset/Test/Fake/fake_4746.jpg,0,0,True,0.9318969249725342,0.06810314208269119
/content/Dataset/Test/Fake/fake_4747.jpg,0,1,False,0.03174484893679619,0.9682551026344299
/content/Dataset/Test/Fake/fake_4748.jpg,0,1,False,0.004239763133227825,0.9957602620124817
/content/Dataset/Test/Fake/fake_4749.jpg,0,0,True,0.9999256134033203,7.433586870320141e-05
/content/Dataset/Test/Fake/fake_475.jpg,0,0,True,0.9948880076408386,0.005112068261951208
/content/Dataset/Test/Fake/fake_4750.jpg,0,0,True,0.9847684502601624,0.015231634490191936
/content/Dataset/Test/Fake/fake_4751.jpg,0,0,True,0.99996018409729,3.9788337744539604e-05
/content/Dataset/Test/Fake/fake_4752.jpg,0,0,True,0.9998557567596436,0.00014417734928429127
/content/Dataset/Test/Fake/fake_4753.jpg,0,0,True,0.9999446868896484,5.5295327911153436e-05
/content/Dataset/Test/Fake/fake_4754.jpg,0,0,True,0.9995880722999573,0.00041196198435500264
/content/Dataset/Test/Fake/fake_4755.jpg,0,1,False,0.0770830363035202,0.9229169487953186
/content/Dataset/Test/Fake/fake_4756.jpg,0,0,True,0.9998527765274048,0.0001472326839575544
/content/Dataset/Test/Fake/fake_4757.jpg,0,0,True,0.9998668432235718,0.00013309127825777978
/content/Dataset/Test/Fake/fake_4758.jpg,0,0,True,0.9997157454490662,0.00028427474899217486
/content/Dataset/Test/Fake/fake_4759.jpg,0,0,True,0.9045977592468262,0.09540223330259323
/content/Dataset/Test/Fake/fake_476.jpg,0,0,True,0.9999637603759766,3.6255092709325254e-05
/content/Dataset/Test/Fake/fake_4760.jpg,0,0,True,0.9999686479568481,3.1390951335197315e-05
/content/Dataset/Test/Fake/fake_4761.jpg,0,1,False,0.03348082676529884,0.9665191173553467
/content/Dataset/Test/Fake/fake_4762.jpg,0,0,True,0.9938742518424988,0.006125721614807844
/content/Dataset/Test/Fake/fake_4763.jpg,0,0,True,0.9998942613601685,0.00010574008047115058
/content/Dataset/Test/Fake/fake_4764.jpg,0,0,True,0.8543245792388916,0.14567546546459198
/content/Dataset/Test/Fake/fake_4765.jpg,0,0,True,0.9999575614929199,4.24574755015783e-05
/content/Dataset/Test/Fake/fake_4766.jpg,0,0,True,0.9990839958190918,0.0009159566834568977
/content/Dataset/Test/Fake/fake_4767.jpg,0,0,True,0.9993917942047119,0.0006082176114432514
/content/Dataset/Test/Fake/fake_4768.jpg,0,0,True,0.999666690826416,0.00033331848680973053
/content/Dataset/Test/Fake/fake_4769.jpg,0,0,True,0.9994019269943237,0.0005981253343634307
/content/Dataset/Test/Fake/fake_477.jpg,0,0,True,0.9254191517829895,0.07458081096410751
/content/Dataset/Test/Fake/fake_4770.jpg,0,0,True,0.9279068112373352,0.07209313660860062
/content/Dataset/Test/Fake/fake_4771.jpg,0,0,True,0.9997385144233704,0.0002614952973090112
/content/Dataset/Test/Fake/fake_4772.jpg,0,0,True,0.9998399019241333,0.00016002463235054165
/content/Dataset/Test/Fake/fake_4773.jpg,0,0,True,0.9999321699142456,6.786350422771648e-05
/content/Dataset/Test/Fake/fake_4774.jpg,0,0,True,0.9986807703971863,0.0013191936304792762
/content/Dataset/Test/Fake/fake_4775.jpg,0,0,True,0.9983056783676147,0.0016942644724622369
/content/Dataset/Test/Fake/fake_4776.jpg,0,0,True,0.9818261861801147,0.01817379891872406
/content/Dataset/Test/Fake/fake_4777.jpg,0,0,True,0.9990847110748291,0.0009152780403383076
/content/Dataset/Test/Fake/fake_4778.jpg,0,0,True,0.9998520612716675,0.00014786439714953303
/content/Dataset/Test/Fake/fake_4779.jpg,0,0,True,0.9999349117279053,6.508139631478116e-05
/content/Dataset/Test/Fake/fake_478.jpg,0,0,True,0.9999490976333618,5.087119643576443e-05
/content/Dataset/Test/Fake/fake_4780.jpg,0,0,True,0.9999600648880005,3.993716381955892e-05
/content/Dataset/Test/Fake/fake_4781.jpg,0,0,True,0.9449875354766846,0.055012475699186325
/content/Dataset/Test/Fake/fake_4782.jpg,0,0,True,0.9245250821113586,0.07547495514154434
/content/Dataset/Test/Fake/fake_4783.jpg,0,0,True,0.9803579449653625,0.019642123952507973
/content/Dataset/Test/Fake/fake_4784.jpg,0,0,True,0.999473512172699,0.0005265280487947166
/content/Dataset/Test/Fake/fake_4785.jpg,0,0,True,0.9955744743347168,0.004425543360412121
/content/Dataset/Test/Fake/fake_4786.jpg,0,0,True,0.5975605845451355,0.4024394154548645
/content/Dataset/Test/Fake/fake_4787.jpg,0,0,True,0.9998225569725037,0.0001775092096067965
/content/Dataset/Test/Fake/fake_4788.jpg,0,0,True,0.999920129776001,7.988556899363175e-05
/content/Dataset/Test/Fake/fake_4789.jpg,0,0,True,0.9994792342185974,0.0005208252696320415
/content/Dataset/Test/Fake/fake_479.jpg,0,0,True,0.9996328353881836,0.00036715317401103675
/content/Dataset/Test/Fake/fake_4790.jpg,0,0,True,0.9999485015869141,5.1482158596627414e-05
/content/Dataset/Test/Fake/fake_4791.jpg,0,0,True,0.9999481439590454,5.1871476898668334e-05
/content/Dataset/Test/Fake/fake_4792.jpg,0,0,True,0.905753493309021,0.0942465290427208
/content/Dataset/Test/Fake/fake_4793.jpg,0,0,True,0.985729455947876,0.014270513318479061
/content/Dataset/Test/Fake/fake_4794.jpg,0,1,False,0.3336741030216217,0.6663258671760559
/content/Dataset/Test/Fake/fake_4795.jpg,0,0,True,0.99991774559021,8.223592158174142e-05
/content/Dataset/Test/Fake/fake_4796.jpg,0,0,True,0.9407781958580017,0.05922175943851471
/content/Dataset/Test/Fake/fake_4797.jpg,0,1,False,0.003934889100492001,0.996065080165863
/content/Dataset/Test/Fake/fake_4798.jpg,0,0,True,0.9994231462478638,0.0005769031122326851
/content/Dataset/Test/Fake/fake_4799.jpg,0,0,True,0.9984411597251892,0.0015588141977787018
/content/Dataset/Test/Fake/fake_48.jpg,0,0,True,0.986717939376831,0.01328212209045887
/content/Dataset/Test/Fake/fake_480.jpg,0,0,True,0.9999692440032959,3.0735329346498474e-05
/content/Dataset/Test/Fake/fake_4800.jpg,0,0,True,0.9892762899398804,0.010723704472184181
/content/Dataset/Test/Fake/fake_4801.jpg,0,0,True,0.9972364902496338,0.0027634822763502598
/content/Dataset/Test/Fake/fake_4802.jpg,0,0,True,0.9999508857727051,4.9163263611262664e-05
/content/Dataset/Test/Fake/fake_4803.jpg,0,0,True,0.9999586343765259,4.132617323193699e-05
/content/Dataset/Test/Fake/fake_4804.jpg,0,1,False,0.0740252211689949,0.9259747266769409
/content/Dataset/Test/Fake/fake_4805.jpg,0,0,True,0.9999150037765503,8.498429087921977e-05
/content/Dataset/Test/Fake/fake_4806.jpg,0,0,True,0.9912922978401184,0.008707637898623943
/content/Dataset/Test/Fake/fake_4807.jpg,0,0,True,0.9999202489852905,7.976484630489722e-05
/content/Dataset/Test/Fake/fake_4808.jpg,0,0,True,0.9998425245285034,0.00015747020370326936
/content/Dataset/Test/Fake/fake_4809.jpg,0,0,True,0.9989854693412781,0.0010144785046577454
/content/Dataset/Test/Fake/fake_481.jpg,0,0,True,0.9999738931655884,2.6149937184527516e-05
/content/Dataset/Test/Fake/fake_4810.jpg,0,0,True,0.9956231713294983,0.004376793745905161
/content/Dataset/Test/Fake/fake_4811.jpg,0,0,True,0.9998905658721924,0.00010936675971606746
/content/Dataset/Test/Fake/fake_4812.jpg,0,0,True,0.8013574481010437,0.1986425369977951
/content/Dataset/Test/Fake/fake_4813.jpg,0,0,True,0.9997696280479431,0.00023035117192193866
/content/Dataset/Test/Fake/fake_4814.jpg,0,0,True,0.9489344358444214,0.05106556788086891
/content/Dataset/Test/Fake/fake_4815.jpg,0,0,True,0.999886155128479,0.00011377771443221718
/content/Dataset/Test/Fake/fake_4816.jpg,0,0,True,0.994877278804779,0.005122742149978876
/content/Dataset/Test/Fake/fake_4817.jpg,0,0,True,0.9999406337738037,5.934477303526364e-05
/content/Dataset/Test/Fake/fake_4818.jpg,0,0,True,0.9999663829803467,3.366022792761214e-05
/content/Dataset/Test/Fake/fake_4819.jpg,0,1,False,0.07963021099567413,0.9203697443008423
/content/Dataset/Test/Fake/fake_482.jpg,0,0,True,0.9997732043266296,0.00022683544375468045
/content/Dataset/Test/Fake/fake_4820.jpg,0,1,False,0.007063939236104488,0.9929360747337341
/content/Dataset/Test/Fake/fake_4821.jpg,0,0,True,0.9996117949485779,0.0003882270830217749
/content/Dataset/Test/Fake/fake_4822.jpg,0,0,True,0.9863678812980652,0.013632076792418957
/content/Dataset/Test/Fake/fake_4823.jpg,0,0,True,0.9937899708747864,0.006210050079971552
/content/Dataset/Test/Fake/fake_4824.jpg,0,0,True,0.9999648332595825,3.5220364225097e-05
/content/Dataset/Test/Fake/fake_4825.jpg,0,0,True,0.9997957348823547,0.00020433677127584815
/content/Dataset/Test/Fake/fake_4826.jpg,0,0,True,0.9998723268508911,0.00012762073311023414
/content/Dataset/Test/Fake/fake_4827.jpg,0,0,True,0.9999648332595825,3.513619230943732e-05
/content/Dataset/Test/Fake/fake_4828.jpg,0,1,False,0.22260451316833496,0.777395486831665
/content/Dataset/Test/Fake/fake_4829.jpg,0,1,False,0.003732177894562483,0.9962678551673889
/content/Dataset/Test/Fake/fake_483.jpg,0,0,True,0.8214572668075562,0.17854280769824982
/content/Dataset/Test/Fake/fake_4830.jpg,0,1,False,0.4904569387435913,0.5095431208610535
/content/Dataset/Test/Fake/fake_4831.jpg,0,0,True,0.9999347925186157,6.525191565742716e-05
/content/Dataset/Test/Fake/fake_4832.jpg,0,0,True,0.995934009552002,0.0040659415535628796
/content/Dataset/Test/Fake/fake_4833.jpg,0,0,True,0.9998513460159302,0.0001486328401369974
/content/Dataset/Test/Fake/fake_4834.jpg,0,0,True,0.9996976852416992,0.0003023703466169536
/content/Dataset/Test/Fake/fake_4835.jpg,0,0,True,0.9999610185623169,3.897557326126844e-05
/content/Dataset/Test/Fake/fake_4836.jpg,0,0,True,0.9999250173568726,7.497209298890084e-05
/content/Dataset/Test/Fake/fake_4837.jpg,0,0,True,0.9998965263366699,0.00010349170042900369
/content/Dataset/Test/Fake/fake_4838.jpg,0,0,True,0.9994877576828003,0.0005122283473610878
/content/Dataset/Test/Fake/fake_4839.jpg,0,0,True,0.9998884201049805,0.00011152114166179672
/content/Dataset/Test/Fake/fake_484.jpg,0,0,True,0.9999759197235107,2.4086137273116037e-05
/content/Dataset/Test/Fake/fake_4840.jpg,0,0,True,0.9704371094703674,0.029562879353761673
/content/Dataset/Test/Fake/fake_4841.jpg,0,0,True,0.9999582767486572,4.1724029870238155e-05
/content/Dataset/Test/Fake/fake_4842.jpg,0,0,True,0.9870354533195496,0.012964551337063313
/content/Dataset/Test/Fake/fake_4843.jpg,0,0,True,0.9999556541442871,4.437669485923834e-05
/content/Dataset/Test/Fake/fake_4844.jpg,0,0,True,0.998618483543396,0.0013814771082252264
/content/Dataset/Test/Fake/fake_4845.jpg,0,0,True,0.9997016787528992,0.0002982480509672314
/content/Dataset/Test/Fake/fake_4846.jpg,0,0,True,0.9945453405380249,0.005454623606055975
/content/Dataset/Test/Fake/fake_4847.jpg,0,0,True,0.9830493927001953,0.016950607299804688
/content/Dataset/Test/Fake/fake_4848.jpg,0,0,True,0.8946279883384705,0.10537205636501312
/content/Dataset/Test/Fake/fake_4849.jpg,0,0,True,0.9990401864051819,0.0009598328615538776
/content/Dataset/Test/Fake/fake_485.jpg,0,0,True,0.9999740123748779,2.5948196707759053e-05
/content/Dataset/Test/Fake/fake_4850.jpg,0,0,True,0.9999562501907349,4.3800151615869254e-05
/content/Dataset/Test/Fake/fake_4851.jpg,0,0,True,0.9980401396751404,0.0019598857033997774
/content/Dataset/Test/Fake/fake_4852.jpg,0,0,True,0.9997974038124084,0.00020259541634004563
/content/Dataset/Test/Fake/fake_4853.jpg,0,0,True,0.9999136924743652,8.627771603642032e-05
/content/Dataset/Test/Fake/fake_4854.jpg,0,0,True,0.9999406337738037,5.941572817391716e-05
/content/Dataset/Test/Fake/fake_4855.jpg,0,0,True,0.9999381303787231,6.187181861605495e-05
/content/Dataset/Test/Fake/fake_4856.jpg,0,0,True,0.9097561836242676,0.09024379402399063
/content/Dataset/Test/Fake/fake_4857.jpg,0,1,False,0.28832703828811646,0.7116730213165283
/content/Dataset/Test/Fake/fake_4858.jpg,0,0,True,0.9990453124046326,0.0009546406799927354
/content/Dataset/Test/Fake/fake_4859.jpg,0,0,True,0.9999562501907349,4.375982462079264e-05
/content/Dataset/Test/Fake/fake_486.jpg,0,0,True,0.9999637603759766,3.618342088884674e-05
/content/Dataset/Test/Fake/fake_4860.jpg,0,0,True,0.9723882675170898,0.027611708268523216
/content/Dataset/Test/Fake/fake_4861.jpg,0,0,True,0.9992802739143372,0.0007197830127552152
/content/Dataset/Test/Fake/fake_4862.jpg,0,0,True,0.8787673711776733,0.12123265117406845
/content/Dataset/Test/Fake/fake_4863.jpg,0,0,True,0.9551697373390198,0.04483034089207649
/content/Dataset/Test/Fake/fake_4864.jpg,0,0,True,0.6797419190406799,0.3202580511569977
/content/Dataset/Test/Fake/fake_4865.jpg,0,0,True,0.9980364441871643,0.0019635679200291634
/content/Dataset/Test/Fake/fake_4866.jpg,0,0,True,0.9992558360099792,0.0007441381458193064
/content/Dataset/Test/Fake/fake_4867.jpg,0,0,True,0.9990444779396057,0.0009555307333357632
/content/Dataset/Test/Fake/fake_4868.jpg,0,0,True,0.9999229907989502,7.696974353166297e-05
/content/Dataset/Test/Fake/fake_4869.jpg,0,0,True,0.9999407529830933,5.925260120420717e-05
/content/Dataset/Test/Fake/fake_487.jpg,0,0,True,0.9743196964263916,0.025680309161543846
/content/Dataset/Test/Fake/fake_4870.jpg,0,0,True,0.800414502620697,0.19958552718162537
/content/Dataset/Test/Fake/fake_4871.jpg,0,0,True,0.9995458722114563,0.00045407889410853386
/content/Dataset/Test/Fake/fake_4872.jpg,0,0,True,0.7697280645370483,0.23027193546295166
/content/Dataset/Test/Fake/fake_4873.jpg,0,0,True,0.9997571110725403,0.00024290423607453704
/content/Dataset/Test/Fake/fake_4874.jpg,0,1,False,0.4593026638031006,0.5406973361968994
/content/Dataset/Test/Fake/fake_4875.jpg,0,0,True,0.9996838569641113,0.0003161670174449682
/content/Dataset/Test/Fake/fake_4876.jpg,0,0,True,0.9997228980064392,0.00027714253519661725
/content/Dataset/Test/Fake/fake_4877.jpg,0,0,True,0.9579899907112122,0.04200998693704605
/content/Dataset/Test/Fake/fake_4878.jpg,0,0,True,0.8728187084197998,0.12718133628368378
/content/Dataset/Test/Fake/fake_4879.jpg,0,0,True,0.9976215958595276,0.002378443954512477
/content/Dataset/Test/Fake/fake_488.jpg,0,0,True,0.9999756813049316,2.430135282338597e-05
/content/Dataset/Test/Fake/fake_4880.jpg,0,0,True,0.9993914365768433,0.000608603295404464
/content/Dataset/Test/Fake/fake_4881.jpg,0,0,True,0.8616165518760681,0.13838352262973785
/content/Dataset/Test/Fake/fake_4882.jpg,0,0,True,0.9752911329269409,0.024708833545446396
/content/Dataset/Test/Fake/fake_4883.jpg,0,0,True,0.9999456405639648,5.439544838736765e-05
/content/Dataset/Test/Fake/fake_4884.jpg,0,0,True,0.52651047706604,0.47348955273628235
/content/Dataset/Test/Fake/fake_4885.jpg,0,0,True,0.9999312162399292,6.875291001051664e-05
/content/Dataset/Test/Fake/fake_4886.jpg,0,0,True,0.9989950060844421,0.0010050496784970164
/content/Dataset/Test/Fake/fake_4887.jpg,0,0,True,0.7730610966682434,0.22693893313407898
/content/Dataset/Test/Fake/fake_4888.jpg,0,0,True,0.999923586845398,7.64099313528277e-05
/content/Dataset/Test/Fake/fake_4889.jpg,0,0,True,0.9984787106513977,0.0015212970320135355
/content/Dataset/Test/Fake/fake_489.jpg,0,0,True,0.999966025352478,3.4005646739387885e-05
/content/Dataset/Test/Fake/fake_4890.jpg,0,0,True,0.9999258518218994,7.41572366678156e-05
/content/Dataset/Test/Fake/fake_4891.jpg,0,0,True,0.6220943927764893,0.37790560722351074
/content/Dataset/Test/Fake/fake_4892.jpg,0,0,True,0.8561378121376038,0.14386215806007385
/content/Dataset/Test/Fake/fake_4893.jpg,0,0,True,0.9998577833175659,0.00014218733122106642
/content/Dataset/Test/Fake/fake_4894.jpg,0,0,True,0.9998444318771362,0.00015555904246866703
/content/Dataset/Test/Fake/fake_4895.jpg,0,0,True,0.9987056255340576,0.0012943692272529006
/content/Dataset/Test/Fake/fake_4896.jpg,0,0,True,0.8914592862129211,0.10854067653417587
/content/Dataset/Test/Fake/fake_4897.jpg,0,0,True,0.5046144127845764,0.49538561701774597
/content/Dataset/Test/Fake/fake_4898.jpg,0,1,False,0.12052144855260849,0.8794785737991333
/content/Dataset/Test/Fake/fake_4899.jpg,0,0,True,0.9997844099998474,0.0002155947295250371
/content/Dataset/Test/Fake/fake_49.jpg,0,0,True,0.9999382495880127,6.169811240397394e-05
/content/Dataset/Test/Fake/fake_490.jpg,0,0,True,0.9999654293060303,3.456331614870578e-05
/content/Dataset/Test/Fake/fake_4900.jpg,0,0,True,0.9338539242744446,0.06614604592323303
/content/Dataset/Test/Fake/fake_4901.jpg,0,1,False,0.3177569508552551,0.6822430491447449
/content/Dataset/Test/Fake/fake_4902.jpg,0,1,False,0.012569091282784939,0.9874309301376343
/content/Dataset/Test/Fake/fake_4903.jpg,0,0,True,0.9985809326171875,0.001419078093022108
/content/Dataset/Test/Fake/fake_4904.jpg,0,0,True,0.9958207607269287,0.0041791885159909725
/content/Dataset/Test/Fake/fake_4905.jpg,0,0,True,0.9998825788497925,0.00011739816545741633
/content/Dataset/Test/Fake/fake_4906.jpg,0,0,True,0.9782959818840027,0.021704064682126045
/content/Dataset/Test/Fake/fake_4907.jpg,0,0,True,0.9740728139877319,0.025927172973752022
/content/Dataset/Test/Fake/fake_4908.jpg,0,0,True,0.7039255499839783,0.2960744798183441
/content/Dataset/Test/Fake/fake_4909.jpg,0,0,True,0.9998960494995117,0.0001039575508912094
/content/Dataset/Test/Fake/fake_491.jpg,0,0,True,0.9999635219573975,3.6459336115513e-05
/content/Dataset/Test/Fake/fake_4910.jpg,0,1,False,0.42358630895614624,0.5764136910438538
/content/Dataset/Test/Fake/fake_4911.jpg,0,0,True,0.7100484371185303,0.2899515628814697
/content/Dataset/Test/Fake/fake_4912.jpg,0,0,True,0.9958727955818176,0.004127212800085545
/content/Dataset/Test/Fake/fake_4913.jpg,0,0,True,0.9998586177825928,0.0001413551508449018
/content/Dataset/Test/Fake/fake_4914.jpg,0,1,False,0.24722784757614136,0.7527721524238586
/content/Dataset/Test/Fake/fake_4915.jpg,0,0,True,0.7550309300422668,0.24496902525424957
/content/Dataset/Test/Fake/fake_4916.jpg,0,0,True,0.9853671789169312,0.014632814563810825
/content/Dataset/Test/Fake/fake_4917.jpg,0,1,False,0.029600465670228004,0.9703994989395142
/content/Dataset/Test/Fake/fake_4918.jpg,0,0,True,0.9989247918128967,0.001075129839591682
/content/Dataset/Test/Fake/fake_4919.jpg,0,0,True,0.9973829388618469,0.0026170513592660427
/content/Dataset/Test/Fake/fake_492.jpg,0,0,True,0.9997478127479553,0.0002521811693441123
/content/Dataset/Test/Fake/fake_4920.jpg,0,1,False,0.03855518996715546,0.9614447951316833
/content/Dataset/Test/Fake/fake_4921.jpg,0,0,True,0.9995086193084717,0.0004913357552140951
/content/Dataset/Test/Fake/fake_4922.jpg,0,0,True,0.9998894929885864,0.00011047814041376114
/content/Dataset/Test/Fake/fake_4923.jpg,0,0,True,0.9999687671661377,3.1202802347252145e-05
/content/Dataset/Test/Fake/fake_4924.jpg,0,0,True,0.9994087219238281,0.0005912722554057837
/content/Dataset/Test/Fake/fake_4925.jpg,0,1,False,0.26083919405937195,0.7391608357429504
/content/Dataset/Test/Fake/fake_4926.jpg,0,0,True,0.9999560117721558,4.394625284476206e-05
/content/Dataset/Test/Fake/fake_4927.jpg,0,0,True,0.999933123588562,6.681322702206671e-05
/content/Dataset/Test/Fake/fake_4928.jpg,0,1,False,0.18745683133602142,0.8125431537628174
/content/Dataset/Test/Fake/fake_4929.jpg,0,0,True,0.7495285868644714,0.25047141313552856
/content/Dataset/Test/Fake/fake_493.jpg,0,0,True,0.9999557733535767,4.420601180754602e-05
/content/Dataset/Test/Fake/fake_4930.jpg,0,0,True,0.9999662637710571,3.3790580346249044e-05
/content/Dataset/Test/Fake/fake_4931.jpg,0,0,True,0.9999454021453857,5.464318746817298e-05
/content/Dataset/Test/Fake/fake_4932.jpg,0,0,True,0.999890923500061,0.00010908128751907498
/content/Dataset/Test/Fake/fake_4933.jpg,0,0,True,0.9999285936355591,7.139449735404924e-05
/content/Dataset/Test/Fake/fake_4934.jpg,0,0,True,0.9998487234115601,0.00015126362268347293
/content/Dataset/Test/Fake/fake_4935.jpg,0,0,True,0.99996018409729,3.9760190702509135e-05
/content/Dataset/Test/Fake/fake_4936.jpg,0,0,True,0.9999589920043945,4.104441177332774e-05
/content/Dataset/Test/Fake/fake_4937.jpg,0,0,True,0.9998449087142944,0.0001550771266920492
/content/Dataset/Test/Fake/fake_4938.jpg,0,0,True,0.999953031539917,4.6932331315474585e-05
/content/Dataset/Test/Fake/fake_4939.jpg,0,0,True,0.9998996257781982,0.00010032751742983237
/content/Dataset/Test/Fake/fake_494.jpg,0,0,True,0.9998526573181152,0.00014731273404322565
/content/Dataset/Test/Fake/fake_4940.jpg,0,0,True,0.9968615770339966,0.0031384530011564493
/content/Dataset/Test/Fake/fake_4941.jpg,0,0,True,0.6583437919616699,0.3416562080383301
/content/Dataset/Test/Fake/fake_4942.jpg,0,0,True,0.9999452829360962,5.474437421071343e-05
/content/Dataset/Test/Fake/fake_4943.jpg,0,0,True,0.992134690284729,0.007865337654948235
/content/Dataset/Test/Fake/fake_4944.jpg,0,0,True,0.9999085664749146,9.144384966930375e-05
/content/Dataset/Test/Fake/fake_4945.jpg,0,0,True,0.9998127818107605,0.00018720136722549796
/content/Dataset/Test/Fake/fake_4946.jpg,0,0,True,0.992595374584198,0.007404689211398363
/content/Dataset/Test/Fake/fake_4947.jpg,0,0,True,0.7982155084609985,0.20178449153900146
/content/Dataset/Test/Fake/fake_4948.jpg,0,0,True,0.9955767393112183,0.004423240665346384
/content/Dataset/Test/Fake/fake_4949.jpg,0,0,True,0.9999346733093262,6.529704842250794e-05
/content/Dataset/Test/Fake/fake_495.jpg,0,0,True,0.9999371767044067,6.28785855951719e-05
/content/Dataset/Test/Fake/fake_4950.jpg,0,0,True,0.9999510049819946,4.90470374643337e-05
/content/Dataset/Test/Fake/fake_4951.jpg,0,0,True,0.9999394416809082,6.0544094594661146e-05
/content/Dataset/Test/Fake/fake_4952.jpg,0,0,True,0.9998947381973267,0.00010530900181038305
/content/Dataset/Test/Fake/fake_4953.jpg,0,0,True,0.9984337687492371,0.0015662534860894084
/content/Dataset/Test/Fake/fake_4954.jpg,0,0,True,0.9999717473983765,2.8280805054237135e-05
/content/Dataset/Test/Fake/fake_4955.jpg,0,0,True,0.737421452999115,0.262578547000885
/content/Dataset/Test/Fake/fake_4956.jpg,0,0,True,0.9999580383300781,4.193372660665773e-05
/content/Dataset/Test/Fake/fake_4957.jpg,0,0,True,0.8290489912033081,0.1709509789943695
/content/Dataset/Test/Fake/fake_4958.jpg,0,1,False,0.055347420275211334,0.9446526169776917
/content/Dataset/Test/Fake/fake_4959.jpg,0,0,True,0.9997959733009338,0.0002040960971498862
/content/Dataset/Test/Fake/fake_496.jpg,0,0,True,0.9973570108413696,0.002643017563968897
/content/Dataset/Test/Fake/fake_4960.jpg,0,0,True,0.9971451163291931,0.0028549102135002613
/content/Dataset/Test/Fake/fake_4961.jpg,0,1,False,0.011459669098258018,0.9885403513908386
/content/Dataset/Test/Fake/fake_4962.jpg,0,0,True,0.7892901301383972,0.2107098400592804
/content/Dataset/Test/Fake/fake_4963.jpg,0,0,True,0.9999638795852661,3.608218321460299e-05
/content/Dataset/Test/Fake/fake_4964.jpg,0,0,True,0.9989626407623291,0.0010373356053605676
/content/Dataset/Test/Fake/fake_4965.jpg,0,0,True,0.9999488592147827,5.1092552894260734e-05
/content/Dataset/Test/Fake/fake_4966.jpg,0,0,True,0.9586060047149658,0.04139392822980881
/content/Dataset/Test/Fake/fake_4967.jpg,0,0,True,0.9999251365661621,7.488491974072531e-05
/content/Dataset/Test/Fake/fake_4968.jpg,0,0,True,0.9991739392280579,0.0008260710746981204
/content/Dataset/Test/Fake/fake_4969.jpg,0,0,True,0.9999164342880249,8.349946438102052e-05
/content/Dataset/Test/Fake/fake_497.jpg,0,0,True,0.9999760389328003,2.394309194642119e-05
/content/Dataset/Test/Fake/fake_4970.jpg,0,0,True,0.7027673721313477,0.29723265767097473
/content/Dataset/Test/Fake/fake_4971.jpg,0,0,True,0.9999619722366333,3.802361243288033e-05
/content/Dataset/Test/Fake/fake_4972.jpg,0,1,False,0.05435275658965111,0.9456472396850586
/content/Dataset/Test/Fake/fake_4973.jpg,0,0,True,0.5510382056236267,0.4489617347717285
/content/Dataset/Test/Fake/fake_4974.jpg,0,0,True,0.9998893737792969,0.00011059050302719697
/content/Dataset/Test/Fake/fake_4975.jpg,0,0,True,0.9995642304420471,0.00043574580922722816
/content/Dataset/Test/Fake/fake_4976.jpg,0,0,True,0.9995928406715393,0.0004071872972417623
/content/Dataset/Test/Fake/fake_4977.jpg,0,0,True,0.9999651908874512,3.478807775536552e-05
/content/Dataset/Test/Fake/fake_4978.jpg,0,0,True,0.9976001381874084,0.002399813150987029
/content/Dataset/Test/Fake/fake_4979.jpg,0,0,True,0.9999521970748901,4.7839508624747396e-05
/content/Dataset/Test/Fake/fake_498.jpg,0,0,True,0.9999732971191406,2.6655312467482872e-05
/content/Dataset/Test/Fake/fake_4980.jpg,0,0,True,0.9999589920043945,4.1013307054527104e-05
/content/Dataset/Test/Fake/fake_4981.jpg,0,0,True,0.9947885274887085,0.005211438983678818
/content/Dataset/Test/Fake/fake_4982.jpg,0,0,True,0.9999597072601318,4.034980884171091e-05
/content/Dataset/Test/Fake/fake_4983.jpg,0,0,True,0.6222305297851562,0.3777695298194885
/content/Dataset/Test/Fake/fake_4984.jpg,0,0,True,0.9958735108375549,0.004126452375203371
/content/Dataset/Test/Fake/fake_4985.jpg,0,1,False,0.31030505895614624,0.6896949410438538
/content/Dataset/Test/Fake/fake_4986.jpg,0,1,False,0.4620570242404938,0.5379429459571838
/content/Dataset/Test/Fake/fake_4987.jpg,0,0,True,0.9873746037483215,0.012625467032194138
/content/Dataset/Test/Fake/fake_4988.jpg,0,0,True,0.999962568283081,3.744763307622634e-05
/content/Dataset/Test/Fake/fake_4989.jpg,0,0,True,0.998124897480011,0.0018751206807792187
/content/Dataset/Test/Fake/fake_499.jpg,0,0,True,0.9999716281890869,2.8347658371785656e-05
/content/Dataset/Test/Fake/fake_4990.jpg,0,0,True,0.9999645948410034,3.546255538822152e-05
/content/Dataset/Test/Fake/fake_4991.jpg,0,0,True,0.9998562335968018,0.0001438039034837857
/content/Dataset/Test/Fake/fake_4992.jpg,0,0,True,0.9999376535415649,6.230724102351815e-05
/content/Dataset/Test/Fake/fake_4993.jpg,0,0,True,0.9998924732208252,0.000107487641798798
/content/Dataset/Test/Fake/fake_4994.jpg,0,0,True,0.9570564031600952,0.04294358938932419
/content/Dataset/Test/Fake/fake_4995.jpg,0,0,True,0.7316372990608215,0.26836273074150085
/content/Dataset/Test/Fake/fake_4996.jpg,0,0,True,0.9828906655311584,0.017109382897615433
/content/Dataset/Test/Fake/fake_4997.jpg,0,0,True,0.9999691247940063,3.0930183129385114e-05
/content/Dataset/Test/Fake/fake_4998.jpg,0,0,True,0.5603745579719543,0.43962541222572327
/content/Dataset/Test/Fake/fake_4999.jpg,0,0,True,0.9827645421028137,0.017235392704606056
/content/Dataset/Test/Fake/fake_5.jpg,0,0,True,0.9997950196266174,0.000205051081138663
/content/Dataset/Test/Fake/fake_50.jpg,0,0,True,0.977135419845581,0.02286458946764469
/content/Dataset/Test/Fake/fake_500.jpg,0,0,True,0.9999643564224243,3.564924918464385e-05
/content/Dataset/Test/Fake/fake_5000.jpg,0,0,True,0.9857563376426697,0.014243680983781815
/content/Dataset/Test/Fake/fake_5001.jpg,0,0,True,0.9972062706947327,0.002793754916638136
/content/Dataset/Test/Fake/fake_5002.jpg,0,0,True,0.6769605875015259,0.32303938269615173
/content/Dataset/Test/Fake/fake_5003.jpg,0,0,True,0.9992743134498596,0.0007256481912918389
/content/Dataset/Test/Fake/fake_5004.jpg,0,0,True,0.9998973608016968,0.00010262951400363818
/content/Dataset/Test/Fake/fake_5005.jpg,0,0,True,0.9999568462371826,4.318762512411922e-05
/content/Dataset/Test/Fake/fake_5006.jpg,0,0,True,0.9999510049819946,4.8959740524878725e-05
/content/Dataset/Test/Fake/fake_5007.jpg,0,0,True,0.9999567270278931,4.330557567300275e-05
/content/Dataset/Test/Fake/fake_5008.jpg,0,0,True,0.9999387264251709,6.126356311142445e-05
/content/Dataset/Test/Fake/fake_5009.jpg,0,0,True,0.9999675750732422,3.24757129419595e-05
/content/Dataset/Test/Fake/fake_501.jpg,0,0,True,0.9999691247940063,3.090379686909728e-05
/content/Dataset/Test/Fake/fake_5010.jpg,0,0,True,0.9999486207962036,5.1391369197517633e-05
/content/Dataset/Test/Fake/fake_5011.jpg,0,1,False,0.06928566098213196,0.9307143092155457
/content/Dataset/Test/Fake/fake_5012.jpg,0,0,True,0.9999433755874634,5.6585606216685846e-05
/content/Dataset/Test/Fake/fake_5013.jpg,0,0,True,0.9999270439147949,7.295430987142026e-05
/content/Dataset/Test/Fake/fake_5014.jpg,0,0,True,0.9997127652168274,0.000287156697595492
/content/Dataset/Test/Fake/fake_5015.jpg,0,0,True,0.9514629244804382,0.04853705316781998
/content/Dataset/Test/Fake/fake_5016.jpg,0,0,True,0.9990348815917969,0.0009650890133343637
/content/Dataset/Test/Fake/fake_5017.jpg,0,0,True,0.9220971465110779,0.0779029056429863
/content/Dataset/Test/Fake/fake_5018.jpg,0,0,True,0.9998181462287903,0.0001818892196752131
/content/Dataset/Test/Fake/fake_5019.jpg,0,0,True,0.9925810098648071,0.007419012486934662
/content/Dataset/Test/Fake/fake_502.jpg,0,0,True,0.999976396560669,2.3583230358781293e-05
/content/Dataset/Test/Fake/fake_5020.jpg,0,1,False,0.034895915538072586,0.9651040434837341
/content/Dataset/Test/Fake/fake_5021.jpg,0,0,True,0.9999415874481201,5.838528522872366e-05
/content/Dataset/Test/Fake/fake_5022.jpg,0,0,True,0.9629471302032471,0.03705291450023651
/content/Dataset/Test/Fake/fake_5023.jpg,0,0,True,0.6490680575370789,0.35093194246292114
/content/Dataset/Test/Fake/fake_5024.jpg,0,0,True,0.9998855590820312,0.00011438319779699668
/content/Dataset/Test/Fake/fake_5025.jpg,0,0,True,0.9999575614929199,4.238602923578583e-05
/content/Dataset/Test/Fake/fake_5026.jpg,0,0,True,0.985257089138031,0.014742882922291756
/content/Dataset/Test/Fake/fake_5027.jpg,0,0,True,0.7755791544914246,0.22442087531089783
/content/Dataset/Test/Fake/fake_5028.jpg,0,1,False,0.44026193022727966,0.5597380995750427
/content/Dataset/Test/Fake/fake_5029.jpg,0,1,False,0.057792700827121735,0.9422072768211365
/content/Dataset/Test/Fake/fake_503.jpg,0,0,True,0.9999039173126221,9.612533904146403e-05
/content/Dataset/Test/Fake/fake_5030.jpg,0,0,True,0.8668281435966492,0.13317185640335083
/content/Dataset/Test/Fake/fake_5031.jpg,0,0,True,0.7490548491477966,0.250945121049881
/content/Dataset/Test/Fake/fake_5032.jpg,0,0,True,0.6759522557258606,0.3240477442741394
/content/Dataset/Test/Fake/fake_5033.jpg,0,0,True,0.9825772643089294,0.017422785982489586
/content/Dataset/Test/Fake/fake_5034.jpg,0,1,False,0.49760153889656067,0.5023984909057617
/content/Dataset/Test/Fake/fake_5035.jpg,0,0,True,0.9891152381896973,0.010884812101721764
/content/Dataset/Test/Fake/fake_5036.jpg,0,0,True,0.9999140501022339,8.599270222475752e-05
/content/Dataset/Test/Fake/fake_5037.jpg,0,1,False,0.04916987195611,0.9508301019668579
/content/Dataset/Test/Fake/fake_5038.jpg,0,0,True,0.5457828640937805,0.45421716570854187
/content/Dataset/Test/Fake/fake_5039.jpg,0,0,True,0.999967098236084,3.29375070577953e-05
/content/Dataset/Test/Fake/fake_504.jpg,0,0,True,0.9999737739562988,2.6215255275019445e-05
/content/Dataset/Test/Fake/fake_5040.jpg,0,0,True,0.9843296408653259,0.01567036285996437
/content/Dataset/Test/Fake/fake_5041.jpg,0,0,True,0.9999344348907471,6.558304448844865e-05
/content/Dataset/Test/Fake/fake_5042.jpg,0,0,True,0.9777160286903381,0.022283930331468582
/content/Dataset/Test/Fake/fake_5043.jpg,0,0,True,0.9892260432243347,0.010773980990052223
/content/Dataset/Test/Fake/fake_5044.jpg,0,0,True,0.9845490455627441,0.015450889244675636
/content/Dataset/Test/Fake/fake_5045.jpg,0,0,True,0.8830405473709106,0.11695944517850876
/content/Dataset/Test/Fake/fake_5046.jpg,0,1,False,0.07746563851833344,0.9225344061851501
/content/Dataset/Test/Fake/fake_5047.jpg,0,1,False,0.19109033048152924,0.8089097142219543
/content/Dataset/Test/Fake/fake_5048.jpg,0,0,True,0.7831903696060181,0.21680963039398193
/content/Dataset/Test/Fake/fake_5049.jpg,0,1,False,0.4047921299934387,0.5952078700065613
/content/Dataset/Test/Fake/fake_505.jpg,0,0,True,0.9909119606018066,0.009088030084967613
/content/Dataset/Test/Fake/fake_5050.jpg,0,0,True,0.9999369382858276,6.303083500824869e-05
/content/Dataset/Test/Fake/fake_5051.jpg,0,0,True,0.999568521976471,0.00043149717384949327
/content/Dataset/Test/Fake/fake_5052.jpg,0,0,True,0.9864916205406189,0.01350837666541338
/content/Dataset/Test/Fake/fake_5053.jpg,0,0,True,0.6857907772064209,0.3142092227935791
/content/Dataset/Test/Fake/fake_5054.jpg,0,0,True,0.9974732995033264,0.002526714000850916
/content/Dataset/Test/Fake/fake_5055.jpg,0,0,True,0.9998893737792969,0.00011065622675232589
/content/Dataset/Test/Fake/fake_5056.jpg,0,0,True,0.9879453182220459,0.01205469947308302
/content/Dataset/Test/Fake/fake_5057.jpg,0,1,False,0.35873177647590637,0.641268253326416
/content/Dataset/Test/Fake/fake_5058.jpg,0,0,True,0.5302790999412537,0.4697209298610687
/content/Dataset/Test/Fake/fake_5059.jpg,0,0,True,0.9999639987945557,3.5986035072710365e-05
/content/Dataset/Test/Fake/fake_506.jpg,0,0,True,0.9999699592590332,3.004831523867324e-05
/content/Dataset/Test/Fake/fake_5060.jpg,0,1,False,0.16024258732795715,0.8397573828697205
/content/Dataset/Test/Fake/fake_5061.jpg,0,1,False,0.006907794624567032,0.9930921792984009
/content/Dataset/Test/Fake/fake_5062.jpg,0,0,True,0.9999397993087769,6.0163598391227424e-05
/content/Dataset/Test/Fake/fake_5063.jpg,0,0,True,0.9992665648460388,0.0007334439433179796
/content/Dataset/Test/Fake/fake_5064.jpg,0,0,True,0.9994662404060364,0.0005337253678590059
/content/Dataset/Test/Fake/fake_5065.jpg,0,0,True,0.9996007084846497,0.0003993577847722918
/content/Dataset/Test/Fake/fake_5066.jpg,0,0,True,0.999605119228363,0.000394933158531785
/content/Dataset/Test/Fake/fake_5067.jpg,0,0,True,0.9999678134918213,3.2188374461838976e-05
/content/Dataset/Test/Fake/fake_5068.jpg,0,0,True,0.9999690055847168,3.096471118624322e-05
/content/Dataset/Test/Fake/fake_5069.jpg,0,0,True,0.9999707937240601,2.9189721317379735e-05
/content/Dataset/Test/Fake/fake_507.jpg,0,0,True,0.9999101161956787,8.984556916402653e-05
/content/Dataset/Test/Fake/fake_5070.jpg,0,0,True,0.9999736547470093,2.631436836963985e-05
/content/Dataset/Test/Fake/fake_5071.jpg,0,0,True,0.9913811087608337,0.008618826046586037
/content/Dataset/Test/Fake/fake_5072.jpg,0,0,True,0.9998319149017334,0.00016805542691145092
/content/Dataset/Test/Fake/fake_5073.jpg,0,0,True,0.9994852542877197,0.0005146668408997357
/content/Dataset/Test/Fake/fake_5074.jpg,0,0,True,0.9128869771957397,0.08711301535367966
/content/Dataset/Test/Fake/fake_5075.jpg,0,0,True,0.999953031539917,4.697778058471158e-05
/content/Dataset/Test/Fake/fake_5076.jpg,0,0,True,0.893200695514679,0.10679925978183746
/content/Dataset/Test/Fake/fake_5077.jpg,0,0,True,0.9999758005142212,2.420075179543346e-05
/content/Dataset/Test/Fake/fake_5078.jpg,0,0,True,0.6230394244194031,0.37696051597595215
/content/Dataset/Test/Fake/fake_5079.jpg,0,0,True,0.9998568296432495,0.00014320921036414802
/content/Dataset/Test/Fake/fake_508.jpg,0,0,True,0.9997263550758362,0.00027357295039109886
/content/Dataset/Test/Fake/fake_5080.jpg,0,0,True,0.9999072551727295,9.279043297283351e-05
/content/Dataset/Test/Fake/fake_5081.jpg,0,1,False,0.0788668692111969,0.9211331009864807
/content/Dataset/Test/Fake/fake_5082.jpg,0,1,False,0.23034346103668213,0.7696565389633179
/content/Dataset/Test/Fake/fake_5083.jpg,0,0,True,0.6342712640762329,0.3657287657260895
/content/Dataset/Test/Fake/fake_5084.jpg,0,0,True,0.9979920387268066,0.002007937291637063
/content/Dataset/Test/Fake/fake_5085.jpg,0,0,True,0.7356547713279724,0.26434525847435
/content/Dataset/Test/Fake/fake_5086.jpg,0,0,True,0.9891316890716553,0.01086833979934454
/content/Dataset/Test/Fake/fake_5087.jpg,0,0,True,0.9587305188179016,0.041269514709711075
/content/Dataset/Test/Fake/fake_5088.jpg,0,0,True,0.9984861016273499,0.001513954484835267
/content/Dataset/Test/Fake/fake_5089.jpg,0,0,True,0.9997044205665588,0.000295522331725806
/content/Dataset/Test/Fake/fake_509.jpg,0,0,True,0.9997044205665588,0.000295593636110425
/content/Dataset/Test/Fake/fake_5090.jpg,0,0,True,0.9912710189819336,0.008728952147066593
/content/Dataset/Test/Fake/fake_5091.jpg,0,0,True,0.9987083673477173,0.0012916685082018375
/content/Dataset/Test/Fake/fake_5092.jpg,0,0,True,0.9999563694000244,4.368514782981947e-05
/content/Dataset/Test/Fake/fake_5093.jpg,0,0,True,0.9992343187332153,0.000765692035201937
/content/Dataset/Test/Fake/fake_5094.jpg,0,0,True,0.9674988985061646,0.03250116482377052
/content/Dataset/Test/Fake/fake_5095.jpg,0,0,True,0.9999055862426758,9.445505565963686e-05
/content/Dataset/Test/Fake/fake_5096.jpg,0,0,True,0.9999721050262451,2.793667772493791e-05
/content/Dataset/Test/Fake/fake_5097.jpg,0,0,True,0.9996805191040039,0.0003195452445652336
/content/Dataset/Test/Fake/fake_5098.jpg,0,0,True,0.9999707937240601,2.9187745894887485e-05
/content/Dataset/Test/Fake/fake_5099.jpg,0,0,True,0.9989416003227234,0.0010584419360384345
/content/Dataset/Test/Fake/fake_51.jpg,0,0,True,0.9999589920043945,4.095487020094879e-05
/content/Dataset/Test/Fake/fake_510.jpg,0,0,True,0.9999305009841919,6.952111289137974e-05
/content/Dataset/Test/Fake/fake_5100.jpg,0,0,True,0.9999580383300781,4.200165130896494e-05
/content/Dataset/Test/Fake/fake_5101.jpg,0,0,True,0.9999570846557617,4.292631638236344e-05
/content/Dataset/Test/Fake/fake_5102.jpg,0,0,True,0.5720638632774353,0.4279361069202423
/content/Dataset/Test/Fake/fake_5103.jpg,0,0,True,0.9998701810836792,0.00012986072397325188
/content/Dataset/Test/Fake/fake_5104.jpg,0,0,True,0.999955415725708,4.4579825043911114e-05
/content/Dataset/Test/Fake/fake_5105.jpg,0,0,True,0.5956806540489197,0.4043193459510803
/content/Dataset/Test/Fake/fake_5106.jpg,0,0,True,0.993221640586853,0.006778404116630554
/content/Dataset/Test/Fake/fake_5107.jpg,0,0,True,0.8483965992927551,0.15160338580608368
/content/Dataset/Test/Fake/fake_5108.jpg,0,0,True,0.7569336295127869,0.24306637048721313
/content/Dataset/Test/Fake/fake_5109.jpg,0,0,True,0.9999535083770752,4.6486809878842905e-05
/content/Dataset/Test/Fake/fake_511.jpg,0,0,True,0.9999749660491943,2.5073986762436107e-05
/content/Dataset/Test/Fake/fake_5110.jpg,0,0,True,0.9998822212219238,0.00011774447921197861
/content/Dataset/Test/Fake/fake_5111.jpg,0,0,True,0.9998428821563721,0.00015709541912656277
/content/Dataset/Test/Fake/fake_5112.jpg,0,0,True,0.9999414682388306,5.853893526364118e-05
/content/Dataset/Test/Fake/fake_5113.jpg,0,0,True,0.9931809306144714,0.006819083355367184
/content/Dataset/Test/Fake/fake_5114.jpg,0,0,True,0.746077299118042,0.2539227306842804
/content/Dataset/Test/Fake/fake_5115.jpg,0,0,True,0.5318463444709778,0.4681536853313446
/content/Dataset/Test/Fake/fake_5116.jpg,0,1,False,0.48994746804237366,0.510052502155304
/content/Dataset/Test/Fake/fake_5117.jpg,0,0,True,0.9833863377571106,0.016613606363534927
/content/Dataset/Test/Fake/fake_5118.jpg,0,1,False,0.0074919783510267735,0.9925079941749573
/content/Dataset/Test/Fake/fake_5119.jpg,0,0,True,0.9198384284973145,0.08016157895326614
/content/Dataset/Test/Fake/fake_512.jpg,0,0,True,0.9998900890350342,0.00010991513408953324
/content/Dataset/Test/Fake/fake_5120.jpg,0,0,True,0.9921647310256958,0.007835304364562035
/content/Dataset/Test/Fake/fake_5121.jpg,0,1,False,0.23004668951034546,0.7699533104896545
/content/Dataset/Test/Fake/fake_5122.jpg,0,0,True,0.9981817007064819,0.001818290213122964
/content/Dataset/Test/Fake/fake_5123.jpg,0,0,True,0.9995162487030029,0.00048370956210419536
/content/Dataset/Test/Fake/fake_5124.jpg,0,0,True,0.8532578349113464,0.14674217998981476
/content/Dataset/Test/Fake/fake_5125.jpg,0,0,True,0.8973157405853271,0.10268433392047882
/content/Dataset/Test/Fake/fake_5126.jpg,0,0,True,0.9999611377716064,3.8889662391738966e-05
/content/Dataset/Test/Fake/fake_5127.jpg,0,0,True,0.9939818978309631,0.00601810310035944
/content/Dataset/Test/Fake/fake_5128.jpg,0,1,False,0.011344047263264656,0.9886559247970581
/content/Dataset/Test/Fake/fake_5129.jpg,0,0,True,0.9997794032096863,0.00022056345187593251
/content/Dataset/Test/Fake/fake_513.jpg,0,0,True,0.9999440908432007,5.585977487498894e-05
/content/Dataset/Test/Fake/fake_5130.jpg,0,0,True,0.886780858039856,0.11321920156478882
/content/Dataset/Test/Fake/fake_5131.jpg,0,0,True,0.8543055057525635,0.14569450914859772
/content/Dataset/Test/Fake/fake_5132.jpg,0,0,True,0.89520263671875,0.10479738563299179
/content/Dataset/Test/Fake/fake_5133.jpg,0,1,False,0.0013428246602416039,0.9986571073532104
/content/Dataset/Test/Fake/fake_5134.jpg,0,0,True,0.9531128406524658,0.04688715189695358
/content/Dataset/Test/Fake/fake_5135.jpg,0,0,True,0.9944076538085938,0.005592423025518656
/content/Dataset/Test/Fake/fake_5136.jpg,0,0,True,0.9326180219650269,0.06738201528787613
/content/Dataset/Test/Fake/fake_5137.jpg,0,1,False,0.14297284185886383,0.8570272326469421
/content/Dataset/Test/Fake/fake_5138.jpg,0,1,False,0.05768890678882599,0.9423111081123352
/content/Dataset/Test/Fake/fake_5139.jpg,0,1,False,0.2694752514362335,0.7305247187614441
/content/Dataset/Test/Fake/fake_514.jpg,0,0,True,0.9999436140060425,5.634915942209773e-05
/content/Dataset/Test/Fake/fake_5140.jpg,0,1,False,0.008680769242346287,0.9913192391395569
/content/Dataset/Test/Fake/fake_5141.jpg,0,0,True,0.9999686479568481,3.1382096494780853e-05
/content/Dataset/Test/Fake/fake_5142.jpg,0,0,True,0.9666019678115845,0.03339797630906105
/content/Dataset/Test/Fake/fake_5143.jpg,0,0,True,0.7599363923072815,0.2400636374950409
/content/Dataset/Test/Fake/fake_5144.jpg,0,0,True,0.8991990089416504,0.10080097615718842
/content/Dataset/Test/Fake/fake_5145.jpg,0,0,True,0.9999730587005615,2.6966756195179187e-05
/content/Dataset/Test/Fake/fake_5146.jpg,0,0,True,0.9995995163917542,0.000400515622459352
/content/Dataset/Test/Fake/fake_5147.jpg,0,0,True,0.9975563287734985,0.002443644916638732
/content/Dataset/Test/Fake/fake_5148.jpg,0,0,True,0.994743824005127,0.00525617552921176
/content/Dataset/Test/Fake/fake_5149.jpg,0,0,True,0.9999592304229736,4.081070437678136e-05
/content/Dataset/Test/Fake/fake_515.jpg,0,0,True,0.9999604225158691,3.957102308049798e-05
/content/Dataset/Test/Fake/fake_5150.jpg,0,0,True,0.9962796568870544,0.003720347536727786
/content/Dataset/Test/Fake/fake_5151.jpg,0,0,True,0.9999737739562988,2.6188419724348933e-05
/content/Dataset/Test/Fake/fake_5152.jpg,0,0,True,0.7602712512016296,0.23972871899604797
/content/Dataset/Test/Fake/fake_5153.jpg,0,0,True,0.9961284399032593,0.003871490014716983
/content/Dataset/Test/Fake/fake_5154.jpg,0,0,True,0.6272046566009521,0.3727952837944031
/content/Dataset/Test/Fake/fake_5155.jpg,0,0,True,0.9995711445808411,0.00042890050099231303
/content/Dataset/Test/Fake/fake_5156.jpg,0,0,True,0.9993341565132141,0.0006658483180217445
/content/Dataset/Test/Fake/fake_5157.jpg,0,0,True,0.9999256134033203,7.439884211635217e-05
/content/Dataset/Test/Fake/fake_5158.jpg,0,0,True,0.9745743870735168,0.025425618514418602
/content/Dataset/Test/Fake/fake_5159.jpg,0,0,True,0.9997110962867737,0.0002888423332478851
/content/Dataset/Test/Fake/fake_516.jpg,0,0,True,0.9998175501823425,0.00018245722458232194
/content/Dataset/Test/Fake/fake_5160.jpg,0,0,True,0.9990719556808472,0.0009279819787479937
/content/Dataset/Test/Fake/fake_5161.jpg,0,0,True,0.999574601650238,0.00042541022412478924
/content/Dataset/Test/Fake/fake_5162.jpg,0,0,True,0.9999574422836304,4.261259164195508e-05
/content/Dataset/Test/Fake/fake_5163.jpg,0,0,True,0.9994063377380371,0.0005936934612691402
/content/Dataset/Test/Fake/fake_5164.jpg,0,0,True,0.9999395608901978,6.045634290785529e-05
/content/Dataset/Test/Fake/fake_5165.jpg,0,0,True,0.9998282194137573,0.0001717848499538377
/content/Dataset/Test/Fake/fake_5166.jpg,0,0,True,0.9999643564224243,3.5620836570160463e-05
/content/Dataset/Test/Fake/fake_5167.jpg,0,0,True,0.9999767541885376,2.3273458282346837e-05
/content/Dataset/Test/Fake/fake_5168.jpg,0,0,True,0.9999651908874512,3.479431688901968e-05
/content/Dataset/Test/Fake/fake_5169.jpg,0,0,True,0.9997888207435608,0.00021118386939633638
/content/Dataset/Test/Fake/fake_517.jpg,0,0,True,0.9999336004257202,6.634164310526103e-05
/content/Dataset/Test/Fake/fake_5170.jpg,0,0,True,0.6623817682266235,0.33761823177337646
/content/Dataset/Test/Fake/fake_5171.jpg,0,0,True,0.9999688863754272,3.106717122136615e-05
/content/Dataset/Test/Fake/fake_5172.jpg,0,0,True,0.7336502075195312,0.26634976267814636
/content/Dataset/Test/Fake/fake_5173.jpg,0,0,True,0.9864752888679504,0.013524767942726612
/content/Dataset/Test/Fake/fake_5174.jpg,0,0,True,0.9999681711196899,3.183774970239028e-05
/content/Dataset/Test/Fake/fake_5175.jpg,0,0,True,0.999954342842102,4.571283352561295e-05
/content/Dataset/Test/Fake/fake_5176.jpg,0,0,True,0.99972003698349,0.0002799337962642312
/content/Dataset/Test/Fake/fake_5177.jpg,0,0,True,0.9999562501907349,4.369618181954138e-05
/content/Dataset/Test/Fake/fake_5178.jpg,0,0,True,0.9999722242355347,2.778295129246544e-05
/content/Dataset/Test/Fake/fake_5179.jpg,0,0,True,0.9999594688415527,4.056996476720087e-05
/content/Dataset/Test/Fake/fake_518.jpg,0,0,True,0.999971866607666,2.8112795916968025e-05
/content/Dataset/Test/Fake/fake_5180.jpg,0,1,False,0.01770470105111599,0.9822952747344971
/content/Dataset/Test/Fake/fake_5181.jpg,0,0,True,0.9999756813049316,2.4275848772958852e-05
/content/Dataset/Test/Fake/fake_5182.jpg,0,0,True,0.9999730587005615,2.696868614293635e-05
/content/Dataset/Test/Fake/fake_5183.jpg,0,0,True,0.9999535083770752,4.652734787669033e-05
/content/Dataset/Test/Fake/fake_5184.jpg,0,0,True,0.9988231062889099,0.0011768534313887358
/content/Dataset/Test/Fake/fake_5185.jpg,0,0,True,0.9999693632125854,3.067858051508665e-05
/content/Dataset/Test/Fake/fake_5186.jpg,0,0,True,0.99955815076828,0.0004418013268150389
/content/Dataset/Test/Fake/fake_5187.jpg,0,0,True,0.9999358654022217,6.413812661776319e-05
/content/Dataset/Test/Fake/fake_5188.jpg,0,0,True,0.9995404481887817,0.0004595945356413722
/content/Dataset/Test/Fake/fake_5189.jpg,0,0,True,0.9998519420623779,0.0001479941711295396
/content/Dataset/Test/Fake/fake_519.jpg,0,0,True,0.9999758005142212,2.424020567559637e-05
/content/Dataset/Test/Fake/fake_5190.jpg,0,0,True,0.9981808662414551,0.0018190968548879027
/content/Dataset/Test/Fake/fake_5191.jpg,0,0,True,0.9999064207077026,9.353605128126219e-05
/content/Dataset/Test/Fake/fake_5192.jpg,0,0,True,0.9998972415924072,0.00010275388922309503
/content/Dataset/Test/Fake/fake_5193.jpg,0,0,True,0.9999774694442749,2.252502781630028e-05
/content/Dataset/Test/Fake/fake_5194.jpg,0,0,True,0.9999713897705078,2.8552063668030314e-05
/content/Dataset/Test/Fake/fake_5195.jpg,0,0,True,0.9999637603759766,3.619777271524072e-05
/content/Dataset/Test/Fake/fake_5196.jpg,0,0,True,0.9998557567596436,0.0001442125503672287
/content/Dataset/Test/Fake/fake_5197.jpg,0,0,True,0.999974250793457,2.578551539045293e-05
/content/Dataset/Test/Fake/fake_5198.jpg,0,0,True,0.996924102306366,0.0030758464708924294
/content/Dataset/Test/Fake/fake_5199.jpg,0,0,True,0.9691950678825378,0.03080490417778492
/content/Dataset/Test/Fake/fake_52.jpg,0,0,True,0.9998043179512024,0.0001956454070750624
/content/Dataset/Test/Fake/fake_520.jpg,0,0,True,0.9999560117721558,4.398708915687166e-05
/content/Dataset/Test/Fake/fake_5200.jpg,0,1,False,0.2878396213054657,0.7121603488922119
/content/Dataset/Test/Fake/fake_5201.jpg,0,0,True,0.9999445676803589,5.546168176806532e-05
/content/Dataset/Test/Fake/fake_5202.jpg,0,0,True,0.999790370464325,0.0002096218813676387
/content/Dataset/Test/Fake/fake_5203.jpg,0,0,True,0.9999732971191406,2.6683948817662895e-05
/content/Dataset/Test/Fake/fake_5204.jpg,0,0,True,0.9999433755874634,5.666325523634441e-05
/content/Dataset/Test/Fake/fake_5205.jpg,0,0,True,0.9839349389076233,0.01606510579586029
/content/Dataset/Test/Fake/fake_5206.jpg,0,0,True,0.9999701976776123,2.9797798561048694e-05
/content/Dataset/Test/Fake/fake_5207.jpg,0,0,True,0.9999613761901855,3.8606060115853325e-05
/content/Dataset/Test/Fake/fake_5208.jpg,0,0,True,0.9992757439613342,0.0007243058062158525
/content/Dataset/Test/Fake/fake_5209.jpg,0,0,True,0.999453604221344,0.0005463592824526131
/content/Dataset/Test/Fake/fake_521.jpg,0,0,True,0.9999474287033081,5.254177449387498e-05
/content/Dataset/Test/Fake/fake_5210.jpg,0,0,True,0.9998846054077148,0.00011532749340403825
/content/Dataset/Test/Fake/fake_5211.jpg,0,0,True,0.8343521952629089,0.16564781963825226
/content/Dataset/Test/Fake/fake_5212.jpg,0,0,True,0.9999610185623169,3.8927952118683606e-05
/content/Dataset/Test/Fake/fake_5213.jpg,0,0,True,0.9968922734260559,0.0031077275052666664
/content/Dataset/Test/Fake/fake_5214.jpg,0,0,True,0.9646421074867249,0.035357892513275146
/content/Dataset/Test/Fake/fake_5215.jpg,0,0,True,0.884084939956665,0.11591506004333496
/content/Dataset/Test/Fake/fake_5216.jpg,0,0,True,0.9870564937591553,0.012943480163812637
/content/Dataset/Test/Fake/fake_5217.jpg,0,0,True,0.9999463558197021,5.365542529034428e-05
/content/Dataset/Test/Fake/fake_5218.jpg,0,1,False,0.32227474451065063,0.6777252554893494
/content/Dataset/Test/Fake/fake_5219.jpg,0,0,True,0.9999662637710571,3.3699474442983046e-05
/content/Dataset/Test/Fake/fake_522.jpg,0,0,True,0.9999223947525024,7.75896551203914e-05
/content/Dataset/Test/Fake/fake_5220.jpg,0,0,True,0.9999678134918213,3.220467988285236e-05
/content/Dataset/Test/Fake/fake_5221.jpg,0,0,True,0.8919700384140015,0.10803001374006271
/content/Dataset/Test/Fake/fake_5222.jpg,0,0,True,0.9999402761459351,5.9670328482752666e-05
/content/Dataset/Test/Fake/fake_5223.jpg,0,0,True,0.9564996361732483,0.043500352650880814
/content/Dataset/Test/Fake/fake_5224.jpg,0,1,False,0.06408999115228653,0.9359099864959717
/content/Dataset/Test/Fake/fake_5225.jpg,0,0,True,0.9997895359992981,0.00021046161418780684
/content/Dataset/Test/Fake/fake_5226.jpg,0,0,True,0.9999749660491943,2.5077693862840533e-05
/content/Dataset/Test/Fake/fake_5227.jpg,0,0,True,0.999729573726654,0.0002703860809560865
/content/Dataset/Test/Fake/fake_5228.jpg,0,0,True,0.9999749660491943,2.5007620934047736e-05
/content/Dataset/Test/Fake/fake_5229.jpg,0,0,True,0.9999715089797974,2.853831938409712e-05
/content/Dataset/Test/Fake/fake_523.jpg,0,0,True,0.6750255227088928,0.3249744772911072
/content/Dataset/Test/Fake/fake_5230.jpg,0,0,True,0.9999681711196899,3.1786359613761306e-05
/content/Dataset/Test/Fake/fake_5231.jpg,0,0,True,0.9999632835388184,3.67155771527905e-05
/content/Dataset/Test/Fake/fake_5232.jpg,0,0,True,0.9999748468399048,2.5198853109031916e-05
/content/Dataset/Test/Fake/fake_5233.jpg,0,0,True,0.9999758005142212,2.4234796001110226e-05
/content/Dataset/Test/Fake/fake_5234.jpg,0,0,True,0.999969482421875,3.0534596589859575e-05
/content/Dataset/Test/Fake/fake_5235.jpg,0,0,True,0.945239782333374,0.05476026609539986
/content/Dataset/Test/Fake/fake_5236.jpg,0,0,True,0.9999732971191406,2.6743409762275405e-05
/content/Dataset/Test/Fake/fake_5237.jpg,0,0,True,0.9999732971191406,2.6667872589314356e-05
/content/Dataset/Test/Fake/fake_5238.jpg,0,0,True,0.9992338418960571,0.0007661672425456345
/content/Dataset/Test/Fake/fake_5239.jpg,0,0,True,0.9817303419113159,0.01826966181397438
/content/Dataset/Test/Fake/fake_524.jpg,0,0,True,0.999976396560669,2.357131234020926e-05
/content/Dataset/Test/Fake/fake_5240.jpg,0,1,False,0.0017717555165290833,0.9982282519340515
/content/Dataset/Test/Fake/fake_5241.jpg,0,0,True,0.9703599810600281,0.029639992862939835
/content/Dataset/Test/Fake/fake_5242.jpg,0,0,True,0.9999392032623291,6.0781967476941645e-05
/content/Dataset/Test/Fake/fake_5243.jpg,0,0,True,0.9887855052947998,0.011214525438845158
/content/Dataset/Test/Fake/fake_5244.jpg,0,1,False,0.12810033559799194,0.8718997240066528
/content/Dataset/Test/Fake/fake_5245.jpg,0,0,True,0.9999728202819824,2.7176152798347175e-05
/content/Dataset/Test/Fake/fake_5246.jpg,0,1,False,0.0063997963443398476,0.9936002492904663
/content/Dataset/Test/Fake/fake_5247.jpg,0,0,True,0.9997819066047668,0.00021811308397445828
/content/Dataset/Test/Fake/fake_5248.jpg,0,0,True,0.999972939491272,2.7049407435697503e-05
/content/Dataset/Test/Fake/fake_5249.jpg,0,0,True,0.9973084926605225,0.002691491274163127
/content/Dataset/Test/Fake/fake_525.jpg,0,0,True,0.9999234676361084,7.657383685000241e-05
/content/Dataset/Test/Fake/fake_5250.jpg,0,0,True,0.9999182224273682,8.17773470771499e-05
/content/Dataset/Test/Fake/fake_5251.jpg,0,0,True,0.9999711513519287,2.879089879570529e-05
/content/Dataset/Test/Fake/fake_5252.jpg,0,0,True,0.9998210072517395,0.00017905990534927696
/content/Dataset/Test/Fake/fake_5253.jpg,0,0,True,0.998765230178833,0.0012348208110779524
/content/Dataset/Test/Fake/fake_5254.jpg,0,0,True,0.9997636675834656,0.00023635542311239988
/content/Dataset/Test/Fake/fake_5255.jpg,0,0,True,0.999779999256134,0.0002200695889769122
/content/Dataset/Test/Fake/fake_5256.jpg,0,0,True,0.9998656511306763,0.0001343594049103558
/content/Dataset/Test/Fake/fake_5257.jpg,0,0,True,0.9999754428863525,2.458733433741145e-05
/content/Dataset/Test/Fake/fake_5258.jpg,0,0,True,0.9999716281890869,2.839414264599327e-05
/content/Dataset/Test/Fake/fake_5259.jpg,0,0,True,0.9999649524688721,3.5079243389191106e-05
/content/Dataset/Test/Fake/fake_526.jpg,0,0,True,0.9999644756317139,3.554245631676167e-05
/content/Dataset/Test/Fake/fake_5260.jpg,0,0,True,0.9998472929000854,0.00015264004468917847
/content/Dataset/Test/Fake/fake_5261.jpg,0,0,True,0.9999738931655884,2.612100070109591e-05
/content/Dataset/Test/Fake/fake_5262.jpg,0,0,True,0.9831594228744507,0.016840586438775063
/content/Dataset/Test/Fake/fake_5263.jpg,0,0,True,0.9999721050262451,2.7841884730150923e-05
/content/Dataset/Test/Fake/fake_5264.jpg,0,0,True,0.9998995065689087,0.00010045656381407753
/content/Dataset/Test/Fake/fake_5265.jpg,0,0,True,0.9996883869171143,0.00031167574343271554
/content/Dataset/Test/Fake/fake_5266.jpg,0,0,True,0.9973466396331787,0.0026533070486038923
/content/Dataset/Test/Fake/fake_5267.jpg,0,0,True,0.9999619722366333,3.797555837081745e-05
/content/Dataset/Test/Fake/fake_5268.jpg,0,0,True,0.9983530044555664,0.0016469822730869055
/content/Dataset/Test/Fake/fake_5269.jpg,0,0,True,0.9268646240234375,0.07313530147075653
/content/Dataset/Test/Fake/fake_527.jpg,0,0,True,0.9999111890792847,8.880392124410719e-05
/content/Dataset/Test/Fake/fake_5270.jpg,0,0,True,0.9999707937240601,2.9176362659200095e-05
/content/Dataset/Test/Fake/fake_5271.jpg,0,0,True,0.9999746084213257,2.5392828320036642e-05
/content/Dataset/Test/Fake/fake_5272.jpg,0,0,True,0.9997827410697937,0.00021730645676143467
/content/Dataset/Test/Fake/fake_5273.jpg,0,0,True,0.9999722242355347,2.7833073545480147e-05
/content/Dataset/Test/Fake/fake_5274.jpg,0,0,True,0.9710943102836609,0.028905702754855156
/content/Dataset/Test/Fake/fake_5275.jpg,0,0,True,0.9999767541885376,2.323892476852052e-05
/content/Dataset/Test/Fake/fake_5276.jpg,0,0,True,0.9999779462814331,2.204906013503205e-05
/content/Dataset/Test/Fake/fake_5277.jpg,0,0,True,0.9996132254600525,0.00038680422585457563
/content/Dataset/Test/Fake/fake_5278.jpg,0,0,True,0.9999752044677734,2.4843964638421312e-05
/content/Dataset/Test/Fake/fake_5279.jpg,0,0,True,0.9999731779098511,2.6821564460988156e-05
/content/Dataset/Test/Fake/fake_528.jpg,0,0,True,0.9999502897262573,4.9717335059540346e-05
/content/Dataset/Test/Fake/fake_5280.jpg,0,0,True,0.9992094039916992,0.0007905350648798048
/content/Dataset/Test/Fake/fake_5281.jpg,0,0,True,0.9992637038230896,0.0007363405311480165
/content/Dataset/Test/Fake/fake_5282.jpg,0,0,True,0.9999576807022095,4.231926868669689e-05
/content/Dataset/Test/Fake/fake_5283.jpg,0,0,True,0.9999593496322632,4.059612183482386e-05
/content/Dataset/Test/Fake/fake_5284.jpg,0,0,True,0.9330788850784302,0.06692110747098923
/content/Dataset/Test/Fake/fake_5285.jpg,0,0,True,0.9994057416915894,0.0005942383431829512
/content/Dataset/Test/Fake/fake_5286.jpg,0,0,True,0.999970555305481,2.9489214284694754e-05
/content/Dataset/Test/Fake/fake_5287.jpg,0,0,True,0.9999550580978394,4.488337435759604e-05
/content/Dataset/Test/Fake/fake_5288.jpg,0,0,True,0.9998832941055298,0.0001166531874332577
/content/Dataset/Test/Fake/fake_5289.jpg,0,0,True,0.9999030828475952,9.694868640508503e-05
/content/Dataset/Test/Fake/fake_529.jpg,0,0,True,0.9999607801437378,3.917366120731458e-05
/content/Dataset/Test/Fake/fake_5290.jpg,0,0,True,0.9999746084213257,2.5388519134139642e-05
/content/Dataset/Test/Fake/fake_5291.jpg,0,0,True,0.595112681388855,0.40488728880882263
/content/Dataset/Test/Fake/fake_5292.jpg,0,0,True,0.867068886756897,0.13293106853961945
/content/Dataset/Test/Fake/fake_5293.jpg,0,0,True,0.999975323677063,2.4643673896207474e-05
/content/Dataset/Test/Fake/fake_5294.jpg,0,0,True,0.9999758005142212,2.4161872715922073e-05
/content/Dataset/Test/Fake/fake_5295.jpg,0,0,True,0.9999626874923706,3.731480683200061e-05
/content/Dataset/Test/Fake/fake_5296.jpg,0,0,True,0.9999735355377197,2.6515743229538202e-05
/content/Dataset/Test/Fake/fake_5297.jpg,0,0,True,0.9999651908874512,3.484804619802162e-05
/content/Dataset/Test/Fake/fake_5298.jpg,0,0,True,0.9999741315841675,2.5812307285377756e-05
/content/Dataset/Test/Fake/fake_5299.jpg,0,0,True,0.9999227523803711,7.720969733782113e-05
/content/Dataset/Test/Fake/fake_53.jpg,0,0,True,0.9999239444732666,7.604683196404949e-05
/content/Dataset/Test/Fake/fake_530.jpg,0,0,True,0.9999340772628784,6.586934614460915e-05
/content/Dataset/Test/Fake/fake_5300.jpg,0,0,True,0.9999717473983765,2.8194899641675875e-05
/content/Dataset/Test/Fake/fake_5301.jpg,0,0,True,0.9999721050262451,2.7916248654946685e-05
/content/Dataset/Test/Fake/fake_5302.jpg,0,0,True,0.9999673366546631,3.26567969750613e-05
/content/Dataset/Test/Fake/fake_5303.jpg,0,0,True,0.9999760389328003,2.3953460186021402e-05
/content/Dataset/Test/Fake/fake_5304.jpg,0,0,True,0.9999724626541138,2.7581738322624005e-05
/content/Dataset/Test/Fake/fake_5305.jpg,0,0,True,0.9999444484710693,5.556894393521361e-05
/content/Dataset/Test/Fake/fake_5306.jpg,0,0,True,0.9999712705612183,2.875553400372155e-05
/content/Dataset/Test/Fake/fake_5307.jpg,0,0,True,0.9999716281890869,2.8426222343114205e-05
/content/Dataset/Test/Fake/fake_5308.jpg,0,0,True,0.9999252557754517,7.474580343114212e-05
/content/Dataset/Test/Fake/fake_5309.jpg,0,0,True,0.9999028444290161,9.70913315541111e-05
/content/Dataset/Test/Fake/fake_531.jpg,0,0,True,0.9997931122779846,0.0002069310867227614
/content/Dataset/Test/Fake/fake_5310.jpg,0,1,False,0.46078357100486755,0.5392164587974548
/content/Dataset/Test/Fake/fake_5311.jpg,0,0,True,0.9980090260505676,0.0019910491537302732
/content/Dataset/Test/Fake/fake_5312.jpg,0,0,True,0.9975103139877319,0.0024896387476474047
/content/Dataset/Test/Fake/fake_5313.jpg,0,0,True,0.994766354560852,0.005233643110841513
/content/Dataset/Test/Fake/fake_5314.jpg,0,0,True,0.9888346791267395,0.01116531528532505
/content/Dataset/Test/Fake/fake_5315.jpg,0,0,True,0.9999634027481079,3.658015339169651e-05
/content/Dataset/Test/Fake/fake_5316.jpg,0,0,True,0.9999648332595825,3.5207336622988805e-05
/content/Dataset/Test/Fake/fake_5317.jpg,0,0,True,0.9983729124069214,0.0016270168125629425
/content/Dataset/Test/Fake/fake_5318.jpg,0,0,True,0.999968409538269,3.160138658131473e-05
/content/Dataset/Test/Fake/fake_5319.jpg,0,0,True,0.999975323677063,2.462635893607512e-05
/content/Dataset/Test/Fake/fake_532.jpg,0,0,True,0.9999637603759766,3.6289991840021685e-05
/content/Dataset/Test/Fake/fake_5320.jpg,0,0,True,0.9979422688484192,0.002057771198451519
/content/Dataset/Test/Fake/fake_5321.jpg,0,0,True,0.9999440908432007,5.596481787506491e-05
/content/Dataset/Test/Fake/fake_5322.jpg,0,0,True,0.9999698400497437,3.01140080409823e-05
/content/Dataset/Test/Fake/fake_5323.jpg,0,0,True,0.9923402070999146,0.007659811992198229
/content/Dataset/Test/Fake/fake_5324.jpg,0,0,True,0.9999750852584839,2.4880142518668436e-05
/content/Dataset/Test/Fake/fake_5325.jpg,0,0,True,0.9999773502349854,2.2605036065215245e-05
/content/Dataset/Test/Fake/fake_5326.jpg,0,0,True,0.9992043375968933,0.0007956294575706124
/content/Dataset/Test/Fake/fake_5327.jpg,0,0,True,0.999956488609314,4.355972123448737e-05
/content/Dataset/Test/Fake/fake_5328.jpg,0,0,True,0.999966025352478,3.396947431610897e-05
/content/Dataset/Test/Fake/fake_5329.jpg,0,0,True,0.9993755221366882,0.0006245137192308903
/content/Dataset/Test/Fake/fake_533.jpg,0,0,True,0.9999761581420898,2.3899157895357348e-05
/content/Dataset/Test/Fake/fake_5330.jpg,0,0,True,0.9999589920043945,4.10299762734212e-05
/content/Dataset/Test/Fake/fake_5331.jpg,0,0,True,0.9998626708984375,0.00013725526514463127
/content/Dataset/Test/Fake/fake_5332.jpg,0,1,False,0.11203974485397339,0.8879603147506714
/content/Dataset/Test/Fake/fake_5333.jpg,0,0,True,0.999951958656311,4.809297024621628e-05
/content/Dataset/Test/Fake/fake_5334.jpg,0,0,True,0.9967262744903564,0.0032737404108047485
/content/Dataset/Test/Fake/fake_5335.jpg,0,0,True,0.9996662139892578,0.00033377701765857637
/content/Dataset/Test/Fake/fake_5336.jpg,0,0,True,0.9999728202819824,2.721552300499752e-05
/content/Dataset/Test/Fake/fake_5337.jpg,0,0,True,0.9999322891235352,6.76672498229891e-05
/content/Dataset/Test/Fake/fake_5338.jpg,0,0,True,0.999833345413208,0.00016657603555358946
/content/Dataset/Test/Fake/fake_5339.jpg,0,0,True,0.999885082244873,0.00011485558934509754
/content/Dataset/Test/Fake/fake_534.jpg,0,0,True,0.9999326467514038,6.740404205629602e-05
/content/Dataset/Test/Fake/fake_5340.jpg,0,1,False,0.0023250619415193796,0.9976750016212463
/content/Dataset/Test/Fake/fake_5341.jpg,0,0,True,0.9133520722389221,0.08664791285991669
/content/Dataset/Test/Fake/fake_5342.jpg,0,0,True,0.9999513626098633,4.8662950575817376e-05
/content/Dataset/Test/Fake/fake_5343.jpg,0,0,True,0.9998617172241211,0.00013826158829033375
/content/Dataset/Test/Fake/fake_5344.jpg,0,0,True,0.9999735355377197,2.6438954591867514e-05
/content/Dataset/Test/Fake/fake_5345.jpg,0,0,True,0.9999736547470093,2.6311632609576918e-05
/content/Dataset/Test/Fake/fake_5346.jpg,0,0,True,0.9999723434448242,2.7684141969075426e-05
/content/Dataset/Test/Fake/fake_5347.jpg,0,0,True,0.9999469518661499,5.3104449762031436e-05
/content/Dataset/Test/Fake/fake_5348.jpg,0,0,True,0.999969482421875,3.052248212043196e-05
/content/Dataset/Test/Fake/fake_5349.jpg,0,0,True,0.9999690055847168,3.101075708400458e-05
/content/Dataset/Test/Fake/fake_535.jpg,0,0,True,0.9999760389328003,2.4011875211726874e-05
/content/Dataset/Test/Fake/fake_5350.jpg,0,0,True,0.9999185800552368,8.140077989082783e-05
/content/Dataset/Test/Fake/fake_5351.jpg,0,0,True,0.9999762773513794,2.374189170950558e-05
/content/Dataset/Test/Fake/fake_5352.jpg,0,0,True,0.9999704360961914,2.9599657864309847e-05
/content/Dataset/Test/Fake/fake_5353.jpg,0,0,True,0.9999741315841675,2.5917854145518504e-05
/content/Dataset/Test/Fake/fake_5354.jpg,0,0,True,0.9999703168869019,2.9670962248928845e-05
/content/Dataset/Test/Fake/fake_5355.jpg,0,0,True,0.9982226490974426,0.0017773997969925404
/content/Dataset/Test/Fake/fake_5356.jpg,0,0,True,0.6753183007240295,0.32468169927597046
/content/Dataset/Test/Fake/fake_5357.jpg,0,0,True,0.9989004135131836,0.0010995729826390743
/content/Dataset/Test/Fake/fake_5358.jpg,0,0,True,0.9999724626541138,2.7592997867031954e-05
/content/Dataset/Test/Fake/fake_5359.jpg,0,0,True,0.9990252256393433,0.0009747465956024826
/content/Dataset/Test/Fake/fake_536.jpg,0,0,True,0.9999141693115234,8.580691792303696e-05
/content/Dataset/Test/Fake/fake_5360.jpg,0,0,True,0.9999628067016602,3.721409666468389e-05
/content/Dataset/Test/Fake/fake_5361.jpg,0,0,True,0.9999648332595825,3.512262264848687e-05
/content/Dataset/Test/Fake/fake_5362.jpg,0,0,True,0.9999758005142212,2.414590744592715e-05
/content/Dataset/Test/Fake/fake_5363.jpg,0,0,True,0.9999648332595825,3.520428072079085e-05
/content/Dataset/Test/Fake/fake_5364.jpg,0,0,True,0.9999635219573975,3.641756848082878e-05
/content/Dataset/Test/Fake/fake_5365.jpg,0,0,True,0.9999717473983765,2.831110941770021e-05
/content/Dataset/Test/Fake/fake_5366.jpg,0,0,True,0.9999502897262573,4.968017674400471e-05
/content/Dataset/Test/Fake/fake_5367.jpg,0,0,True,0.998927891254425,0.0010720504214987159
/content/Dataset/Test/Fake/fake_5368.jpg,0,0,True,0.7022908329963684,0.2977091073989868
/content/Dataset/Test/Fake/fake_5369.jpg,0,0,True,0.9077522158622742,0.09224783629179001
/content/Dataset/Test/Fake/fake_537.jpg,0,0,True,0.9969944953918457,0.0030055318493396044
/content/Dataset/Test/Fake/fake_5370.jpg,0,0,True,0.9997860789299011,0.00021396220836322755
/content/Dataset/Test/Fake/fake_5371.jpg,0,0,True,0.999968409538269,3.158397157676518e-05
/content/Dataset/Test/Fake/fake_5372.jpg,0,0,True,0.9996588230133057,0.00034120361669920385
/content/Dataset/Test/Fake/fake_5373.jpg,0,0,True,0.9999674558639526,3.2580312108621e-05
/content/Dataset/Test/Fake/fake_5374.jpg,0,0,True,0.9999639987945557,3.605088568292558e-05
/content/Dataset/Test/Fake/fake_5375.jpg,0,0,True,0.9990876913070679,0.0009122577030211687
/content/Dataset/Test/Fake/fake_5376.jpg,0,0,True,0.9999701976776123,2.9841963623766787e-05
/content/Dataset/Test/Fake/fake_5377.jpg,0,0,True,0.9998745918273926,0.00012533440894912928
/content/Dataset/Test/Fake/fake_5378.jpg,0,0,True,0.9999657869338989,3.420267239562236e-05
/content/Dataset/Test/Fake/fake_5379.jpg,0,0,True,0.9996730089187622,0.00032705662306398153
/content/Dataset/Test/Fake/fake_538.jpg,0,0,True,0.9982157945632935,0.0017842213856056333
/content/Dataset/Test/Fake/fake_5380.jpg,0,0,True,0.9996517896652222,0.0003482550091575831
/content/Dataset/Test/Fake/fake_5381.jpg,0,0,True,0.9999686479568481,3.1382693123305216e-05
/content/Dataset/Test/Fake/fake_5382.jpg,0,0,True,0.9999750852584839,2.4946717530838214e-05
/content/Dataset/Test/Fake/fake_5383.jpg,0,0,True,0.9999690055847168,3.097185617662035e-05
/content/Dataset/Test/Fake/fake_5384.jpg,0,0,True,0.9999544620513916,4.558336877380498e-05
/content/Dataset/Test/Fake/fake_5385.jpg,0,0,True,0.9996871948242188,0.0003128197859041393
/content/Dataset/Test/Fake/fake_5386.jpg,0,0,True,0.999860405921936,0.00013953731104265898
/content/Dataset/Test/Fake/fake_5387.jpg,0,0,True,0.9999703168869019,2.9704255211981945e-05
/content/Dataset/Test/Fake/fake_5388.jpg,0,0,True,0.9999687671661377,3.12734700855799e-05
/content/Dataset/Test/Fake/fake_5389.jpg,0,0,True,0.9999701976776123,2.9799644835293293e-05
/content/Dataset/Test/Fake/fake_539.jpg,0,0,True,0.9999433755874634,5.657081783283502e-05
/content/Dataset/Test/Fake/fake_5390.jpg,0,1,False,0.40539926290512085,0.5946007370948792
/content/Dataset/Test/Fake/fake_5391.jpg,0,1,False,0.03567894548177719,0.9643210768699646
/content/Dataset/Test/Fake/fake_5392.jpg,0,0,True,0.9999517202377319,4.8233003326458856e-05
/content/Dataset/Test/Fake/fake_5393.jpg,0,0,True,0.9999498128890991,5.018596857553348e-05
/content/Dataset/Test/Fake/fake_5394.jpg,0,0,True,0.9997507929801941,0.0002491538762114942
/content/Dataset/Test/Fake/fake_5395.jpg,0,0,True,0.9998917579650879,0.00010828163794940338
/content/Dataset/Test/Fake/fake_5396.jpg,0,0,True,0.999958872795105,4.1160710679832846e-05
/content/Dataset/Test/Fake/fake_5397.jpg,0,0,True,0.9999597072601318,4.024515874334611e-05
/content/Dataset/Test/Fake/fake_5398.jpg,0,0,True,0.999738872051239,0.0002610658120829612
/content/Dataset/Test/Fake/fake_5399.jpg,0,0,True,0.9999432563781738,5.674934800481424e-05
/content/Dataset/Test/Fake/fake_54.jpg,0,0,True,0.9995705485343933,0.000429454812547192
/content/Dataset/Test/Fake/fake_540.jpg,0,0,True,0.9999719858169556,2.8048152671544813e-05
/content/Dataset/Test/Fake/fake_5400.jpg,0,0,True,0.9994342923164368,0.0005656338180415332
/content/Dataset/Test/Fake/fake_5401.jpg,0,0,True,0.9981332421302795,0.001866792910732329
/content/Dataset/Test/Fake/fake_5402.jpg,0,0,True,0.9999667406082153,3.321153053548187e-05
/content/Dataset/Test/Fake/fake_5403.jpg,0,0,True,0.9998925924301147,0.00010738734272308648
/content/Dataset/Test/Fake/fake_5404.jpg,0,0,True,0.9999260902404785,7.384807395283133e-05
/content/Dataset/Test/Fake/fake_5405.jpg,0,0,True,0.9999737739562988,2.6177931431448087e-05
/content/Dataset/Test/Fake/fake_5406.jpg,0,0,True,0.9999716281890869,2.8338956326479092e-05
/content/Dataset/Test/Fake/fake_5407.jpg,0,0,True,0.9851914644241333,0.014808528125286102
/content/Dataset/Test/Fake/fake_5408.jpg,0,0,True,0.9999649524688721,3.507141809677705e-05
/content/Dataset/Test/Fake/fake_5409.jpg,0,0,True,0.9995984435081482,0.0004016044840682298
/content/Dataset/Test/Fake/fake_541.jpg,0,0,True,0.9991918206214905,0.0008081233245320618
/content/Dataset/Test/Fake/fake_5410.jpg,0,0,True,0.9999716281890869,2.8332524379948154e-05
/content/Dataset/Test/Fake/fake_5411.jpg,0,0,True,0.9999692440032959,3.081142858718522e-05
/content/Dataset/Test/Fake/fake_5412.jpg,0,0,True,0.9999629259109497,3.7014189729234204e-05
/content/Dataset/Test/Fake/fake_5413.jpg,0,0,True,0.99996018409729,3.980932160629891e-05
/content/Dataset/Test/Fake/fake_5414.jpg,0,0,True,0.9999710321426392,2.891173971875105e-05
/content/Dataset/Test/Fake/fake_5415.jpg,0,0,True,0.9999663829803467,3.3612239349167794e-05
/content/Dataset/Test/Fake/fake_5416.jpg,0,0,True,0.9999667406082153,3.327056037960574e-05
/content/Dataset/Test/Fake/fake_5417.jpg,0,0,True,0.9999594688415527,4.056090983795002e-05
/content/Dataset/Test/Fake/fake_5418.jpg,0,0,True,0.9999526739120483,4.729797365143895e-05
/content/Dataset/Test/Fake/fake_5419.jpg,0,0,True,0.9999302625656128,6.97088471497409e-05
/content/Dataset/Test/Fake/fake_542.jpg,0,0,True,0.9999529123306274,4.707909465651028e-05
/content/Dataset/Test/Fake/fake_5420.jpg,0,0,True,0.9999663829803467,3.3562300814082846e-05
/content/Dataset/Test/Fake/fake_5421.jpg,0,0,True,0.9999631643295288,3.686243871925399e-05
/content/Dataset/Test/Fake/fake_5422.jpg,0,0,True,0.9999743700027466,2.565091745054815e-05
/content/Dataset/Test/Fake/fake_5423.jpg,0,0,True,0.999961256980896,3.875098263961263e-05
/content/Dataset/Test/Fake/fake_5424.jpg,0,0,True,0.9999568462371826,4.3109401303809136e-05
/content/Dataset/Test/Fake/fake_5425.jpg,0,0,True,0.9999774694442749,2.2499050828628242e-05
/content/Dataset/Test/Fake/fake_5426.jpg,0,0,True,0.9999735355377197,2.641884384502191e-05
/content/Dataset/Test/Fake/fake_5427.jpg,0,0,True,0.9960124492645264,0.00398752186447382
/content/Dataset/Test/Fake/fake_5428.jpg,0,0,True,0.9999417066574097,5.830855661770329e-05
/content/Dataset/Test/Fake/fake_5429.jpg,0,0,True,0.9999769926071167,2.2991111109149642e-05
/content/Dataset/Test/Fake/fake_543.jpg,0,0,True,0.9999525547027588,4.743664976558648e-05
/content/Dataset/Test/Fake/fake_5430.jpg,0,0,True,0.9999024868011475,9.745660645421594e-05
/content/Dataset/Test/Fake/fake_5431.jpg,0,0,True,0.996721088886261,0.003278888063505292
/content/Dataset/Test/Fake/fake_5432.jpg,0,0,True,0.9999732971191406,2.672286245797295e-05
/content/Dataset/Test/Fake/fake_5433.jpg,0,0,True,0.6022863984107971,0.39771363139152527
/content/Dataset/Test/Fake/fake_5434.jpg,0,0,True,0.9999650716781616,3.4955817682202905e-05
/content/Dataset/Test/Fake/fake_5435.jpg,0,0,True,0.9999151229858398,8.483424608130008e-05
/content/Dataset/Test/Fake/fake_5436.jpg,0,0,True,0.9863923192024231,0.013607663102447987
/content/Dataset/Test/Fake/fake_5437.jpg,0,0,True,0.9975570440292358,0.0024429045151919127
/content/Dataset/Test/Fake/fake_5438.jpg,0,0,True,0.999962568283081,3.7443060136865824e-05
/content/Dataset/Test/Fake/fake_5439.jpg,0,0,True,0.9998908042907715,0.00010914589074673131
/content/Dataset/Test/Fake/fake_544.jpg,0,0,True,0.999974250793457,2.579279498604592e-05
/content/Dataset/Test/Fake/fake_5440.jpg,0,0,True,0.9999618530273438,3.8150883483467624e-05
/content/Dataset/Test/Fake/fake_5441.jpg,0,0,True,0.9999682903289795,3.1677180231781676e-05
/content/Dataset/Test/Fake/fake_5442.jpg,0,0,True,0.9991718530654907,0.0008281556656584144
/content/Dataset/Test/Fake/fake_5443.jpg,0,0,True,0.9999305009841919,6.943563494132832e-05
/content/Dataset/Test/Fake/fake_5444.jpg,0,0,True,0.9999722242355347,2.775437678792514e-05
/content/Dataset/Test/Fake/fake_5445.jpg,0,0,True,0.9992436170578003,0.0007564192055724561
/content/Dataset/Test/Fake/fake_5446.jpg,0,1,False,0.012216024100780487,0.9877839684486389
/content/Dataset/Test/Fake/fake_5447.jpg,0,0,True,0.9999496936798096,5.0350969104329124e-05
/content/Dataset/Test/Fake/fake_5448.jpg,0,0,True,0.9998704195022583,0.0001295615074923262
/content/Dataset/Test/Fake/fake_5449.jpg,0,0,True,0.9961180686950684,0.003881901502609253
/content/Dataset/Test/Fake/fake_545.jpg,0,0,True,0.9999760389328003,2.3966736989677884e-05
/content/Dataset/Test/Fake/fake_5450.jpg,0,0,True,0.9999724626541138,2.753185799519997e-05
/content/Dataset/Test/Fake/fake_5451.jpg,0,0,True,0.9999661445617676,3.3844982681330293e-05
/content/Dataset/Test/Fake/fake_5452.jpg,0,0,True,0.9848859906196594,0.01511404663324356
/content/Dataset/Test/Fake/fake_5453.jpg,0,0,True,0.5044729113578796,0.49552708864212036
/content/Dataset/Test/Fake/fake_5454.jpg,0,0,True,0.999971866607666,2.8154116080258973e-05
/content/Dataset/Test/Fake/fake_5455.jpg,0,0,True,0.9999754428863525,2.4588789528934285e-05
/content/Dataset/Test/Fake/fake_5456.jpg,0,0,True,0.9999465942382812,5.335571040632203e-05
/content/Dataset/Test/Fake/fake_5457.jpg,0,0,True,0.999966025352478,3.392997678020038e-05
/content/Dataset/Test/Fake/fake_5458.jpg,0,0,True,0.9965225458145142,0.003477443940937519
/content/Dataset/Test/Fake/fake_5459.jpg,0,0,True,0.9999666213989258,3.3352262107655406e-05
/content/Dataset/Test/Fake/fake_546.jpg,0,0,True,0.9999730587005615,2.6890918888966553e-05
/content/Dataset/Test/Fake/fake_5460.jpg,0,0,True,0.9999662637710571,3.369124897290021e-05
/content/Dataset/Test/Fake/fake_5461.jpg,0,0,True,0.9989218711853027,0.001078136032447219
/content/Dataset/Test/Fake/fake_5462.jpg,0,0,True,0.9999502897262573,4.96740649396088e-05
/content/Dataset/Test/Fake/fake_5463.jpg,0,0,True,0.9924531579017639,0.007546816021203995
/content/Dataset/Test/Fake/fake_5464.jpg,0,0,True,0.9997760653495789,0.00022399224690161645
/content/Dataset/Test/Fake/fake_5465.jpg,0,0,True,0.9685560464859009,0.031443916261196136
/content/Dataset/Test/Fake/fake_5466.jpg,0,0,True,0.9999587535858154,4.119923323742114e-05
/content/Dataset/Test/Fake/fake_5467.jpg,0,0,True,0.9998608827590942,0.00013910065172240138
/content/Dataset/Test/Fake/fake_5468.jpg,0,0,True,0.9999722242355347,2.7749480068450794e-05
/content/Dataset/Test/Fake/fake_5469.jpg,0,0,True,0.9996944665908813,0.00030556792626157403
/content/Dataset/Test/Fake/fake_547.jpg,0,0,True,0.9998376369476318,0.00016235775547102094
/content/Dataset/Test/Fake/fake_5470.jpg,0,0,True,0.9999724626541138,2.753385342657566e-05
/content/Dataset/Test/Fake/fake_5471.jpg,0,0,True,0.999974250793457,2.5738589101820253e-05
/content/Dataset/Test/Fake/fake_5472.jpg,0,0,True,0.9999635219573975,3.645057950052433e-05
/content/Dataset/Test/Fake/fake_5473.jpg,0,0,True,0.9998860359191895,0.00011394883040338755
/content/Dataset/Test/Fake/fake_5474.jpg,0,0,True,0.9999715089797974,2.8434244086383842e-05
/content/Dataset/Test/Fake/fake_5475.jpg,0,0,True,0.9999560117721558,4.4043586967745796e-05
/content/Dataset/Test/Fake/fake_5476.jpg,0,0,True,0.9999738931655884,2.607234455354046e-05
/content/Dataset/Test/Fake/fake_5477.jpg,0,0,True,0.9999387264251709,6.126812513684854e-05
/content/Dataset/Test/Fake/fake_5478.jpg,0,0,True,0.9999442100524902,5.579429125646129e-05
/content/Dataset/Test/Fake/fake_5479.jpg,0,0,True,0.9999215602874756,7.848443055991083e-05
/content/Dataset/Test/Fake/fake_548.jpg,0,0,True,0.9999725818634033,2.7375919671612792e-05
/content/Dataset/Test/Fake/fake_5480.jpg,0,0,True,0.9998788833618164,0.00012111729301977903
/content/Dataset/Test/Fake/fake_5481.jpg,0,0,True,0.999975323677063,2.465262878104113e-05
/content/Dataset/Test/Fake/fake_5482.jpg,0,0,True,0.9999747276306152,2.526350726839155e-05
/content/Dataset/Test/Fake/fake_5483.jpg,0,0,True,0.9976992011070251,0.002300828229635954
/content/Dataset/Test/Fake/fake_5484.jpg,0,0,True,0.9902505874633789,0.009749390184879303
/content/Dataset/Test/Fake/fake_5485.jpg,0,0,True,0.999975323677063,2.4703016606508754e-05
/content/Dataset/Test/Fake/fake_5486.jpg,0,0,True,0.989993155002594,0.010006880387663841
/content/Dataset/Test/Fake/fake_5487.jpg,0,1,False,0.2723495662212372,0.7276504039764404
/content/Dataset/Test/Fake/fake_5488.jpg,0,0,True,0.999944806098938,5.524694643099792e-05
/content/Dataset/Test/Fake/fake_5489.jpg,0,0,True,0.9999698400497437,3.012293927895371e-05
/content/Dataset/Test/Fake/fake_549.jpg,0,0,True,0.9999650716781616,3.488022412057035e-05
/content/Dataset/Test/Fake/fake_5490.jpg,0,0,True,0.9999728202819824,2.7204418074688874e-05
/content/Dataset/Test/Fake/fake_5491.jpg,0,0,True,0.9671146273612976,0.032885342836380005
/content/Dataset/Test/Fake/fake_55.jpg,0,0,True,0.9226599931716919,0.07733999192714691
/content/Dataset/Test/Fake/fake_550.jpg,0,0,True,0.9999557733535767,4.417457239469513e-05
/content/Dataset/Test/Fake/fake_551.jpg,0,0,True,0.9998295307159424,0.00017045228742063046
/content/Dataset/Test/Fake/fake_552.jpg,0,0,True,0.9998693466186523,0.00013059894263278693
/content/Dataset/Test/Fake/fake_553.jpg,0,0,True,0.9973012804985046,0.0026987262535840273
/content/Dataset/Test/Fake/fake_554.jpg,0,1,False,0.017112677916884422,0.982887327671051
/content/Dataset/Test/Fake/fake_555.jpg,0,0,True,0.9999732971191406,2.6757541490951553e-05
/content/Dataset/Test/Fake/fake_556.jpg,0,0,True,0.9999114274978638,8.857658394845203e-05
/content/Dataset/Test/Fake/fake_557.jpg,0,0,True,0.9999735355377197,2.6498148145037703e-05
/content/Dataset/Test/Fake/fake_558.jpg,0,0,True,0.9999268054962158,7.314336107810959e-05
/content/Dataset/Test/Fake/fake_559.jpg,0,0,True,0.9998422861099243,0.00015767753939144313
/content/Dataset/Test/Fake/fake_56.jpg,0,0,True,0.9991907477378845,0.0008092530188150704
/content/Dataset/Test/Fake/fake_560.jpg,0,0,True,0.9999631643295288,3.681283487821929e-05
/content/Dataset/Test/Fake/fake_561.jpg,0,0,True,0.9999644756317139,3.5572837077779695e-05
/content/Dataset/Test/Fake/fake_562.jpg,0,0,True,0.9999691247940063,3.082153125433251e-05
/content/Dataset/Test/Fake/fake_563.jpg,0,0,True,0.9999692440032959,3.0699091439601034e-05
/content/Dataset/Test/Fake/fake_564.jpg,0,0,True,0.9999696016311646,3.0367818908416666e-05
/content/Dataset/Test/Fake/fake_565.jpg,0,0,True,0.9999711513519287,2.8899916287628002e-05
/content/Dataset/Test/Fake/fake_566.jpg,0,0,True,0.9986177682876587,0.0013822246110066772
/content/Dataset/Test/Fake/fake_567.jpg,0,0,True,0.9999620914459229,3.787964305956848e-05
/content/Dataset/Test/Fake/fake_568.jpg,0,0,True,0.9999581575393677,4.179491224931553e-05
/content/Dataset/Test/Fake/fake_569.jpg,0,0,True,0.9999672174453735,3.282963007222861e-05
/content/Dataset/Test/Fake/fake_57.jpg,0,0,True,0.729559063911438,0.270440936088562
/content/Dataset/Test/Fake/fake_570.jpg,0,0,True,0.9999704360961914,2.956366188300308e-05
/content/Dataset/Test/Fake/fake_571.jpg,0,0,True,0.9999520778656006,4.794162668986246e-05
/content/Dataset/Test/Fake/fake_572.jpg,0,0,True,0.9999744892120361,2.5526827812427655e-05
/content/Dataset/Test/Fake/fake_573.jpg,0,0,True,0.999953031539917,4.696591349784285e-05
/content/Dataset/Test/Fake/fake_574.jpg,0,0,True,0.9999675750732422,3.247986387577839e-05
/content/Dataset/Test/Fake/fake_575.jpg,0,0,True,0.9999756813049316,2.42675632762257e-05
/content/Dataset/Test/Fake/fake_576.jpg,0,0,True,0.9999740123748779,2.5975012249546126e-05
/content/Dataset/Test/Fake/fake_577.jpg,0,0,True,0.9999661445617676,3.388167169759981e-05
/content/Dataset/Test/Fake/fake_578.jpg,0,0,True,0.9999724626541138,2.755408058874309e-05
/content/Dataset/Test/Fake/fake_579.jpg,0,0,True,0.9999550580978394,4.498900307225995e-05
/content/Dataset/Test/Fake/fake_58.jpg,0,0,True,0.9888806343078613,0.011119364760816097
/content/Dataset/Test/Fake/fake_580.jpg,0,0,True,0.9999651908874512,3.4864300687331706e-05
/content/Dataset/Test/Fake/fake_581.jpg,0,0,True,0.9999678134918213,3.2204985473072156e-05
/content/Dataset/Test/Fake/fake_582.jpg,0,0,True,0.9999761581420898,2.384174513281323e-05
/content/Dataset/Test/Fake/fake_583.jpg,0,0,True,0.9999758005142212,2.4247368855867535e-05
/content/Dataset/Test/Fake/fake_584.jpg,0,0,True,0.9999711513519287,2.8843529435107484e-05
/content/Dataset/Test/Fake/fake_585.jpg,0,0,True,0.999967098236084,3.2927895517786965e-05
/content/Dataset/Test/Fake/fake_586.jpg,0,0,True,0.9999719858169556,2.797420893330127e-05
/content/Dataset/Test/Fake/fake_587.jpg,0,0,True,0.9999622106552124,3.783722058869898e-05
/content/Dataset/Test/Fake/fake_588.jpg,0,0,True,0.999968409538269,3.160123378620483e-05
/content/Dataset/Test/Fake/fake_589.jpg,0,0,True,0.9999703168869019,2.9698136131628416e-05
/content/Dataset/Test/Fake/fake_59.jpg,0,0,True,0.9993671774864197,0.0006328373565338552
/content/Dataset/Test/Fake/fake_590.jpg,0,0,True,0.9999771118164062,2.291061173309572e-05
/content/Dataset/Test/Fake/fake_591.jpg,0,0,True,0.9999674558639526,3.24942302540876e-05
/content/Dataset/Test/Fake/fake_592.jpg,0,0,True,0.9999687671661377,3.1194798793876544e-05
/content/Dataset/Test/Fake/fake_593.jpg,0,0,True,0.9999585151672363,4.150960376136936e-05
/content/Dataset/Test/Fake/fake_594.jpg,0,0,True,0.9999678134918213,3.21510415233206e-05
/content/Dataset/Test/Fake/fake_595.jpg,0,0,True,0.9999556541442871,4.429377804626711e-05
/content/Dataset/Test/Fake/fake_596.jpg,0,0,True,0.9999639987945557,3.594514782889746e-05
/content/Dataset/Test/Fake/fake_597.jpg,0,0,True,0.9303476810455322,0.06965228915214539
/content/Dataset/Test/Fake/fake_598.jpg,0,0,True,0.9997661709785461,0.00023385314852930605
/content/Dataset/Test/Fake/fake_599.jpg,0,0,True,0.9999682903289795,3.1738349207444116e-05
/content/Dataset/Test/Fake/fake_6.jpg,0,0,True,0.999893307685852,0.0001067106713890098
/content/Dataset/Test/Fake/fake_60.jpg,0,0,True,0.9971318244934082,0.0028681731782853603
/content/Dataset/Test/Fake/fake_600.jpg,0,0,True,0.9999691247940063,3.088738230871968e-05
/content/Dataset/Test/Fake/fake_601.jpg,0,0,True,0.9999755620956421,2.4446584575343877e-05
/content/Dataset/Test/Fake/fake_602.jpg,0,0,True,0.9999732971191406,2.6647736376617104e-05
/content/Dataset/Test/Fake/fake_603.jpg,0,0,True,0.9999737739562988,2.6237841666443273e-05
/content/Dataset/Test/Fake/fake_604.jpg,0,0,True,0.9999653100967407,3.473222750471905e-05
/content/Dataset/Test/Fake/fake_605.jpg,0,0,True,0.9999735355377197,2.6460271328687668e-05
/content/Dataset/Test/Fake/fake_606.jpg,0,0,True,0.999963641166687,3.6413093766896054e-05
/content/Dataset/Test/Fake/fake_607.jpg,0,0,True,0.9999548196792603,4.518769492278807e-05
/content/Dataset/Test/Fake/fake_608.jpg,0,0,True,0.9999369382858276,6.305872375378385e-05
/content/Dataset/Test/Fake/fake_609.jpg,0,0,True,0.9999752044677734,2.4824093998176977e-05
/content/Dataset/Test/Fake/fake_61.jpg,0,0,True,0.9998446702957153,0.00015526681090705097
/content/Dataset/Test/Fake/fake_610.jpg,0,0,True,0.999972939491272,2.708448482735548e-05
/content/Dataset/Test/Fake/fake_611.jpg,0,0,True,0.9999598264694214,4.011878263554536e-05
/content/Dataset/Test/Fake/fake_612.jpg,0,0,True,0.9851433634757996,0.014856627210974693
/content/Dataset/Test/Fake/fake_613.jpg,0,0,True,0.9999657869338989,3.42198291036766e-05
/content/Dataset/Test/Fake/fake_614.jpg,0,0,True,0.9999710321426392,2.9025948606431484e-05
/content/Dataset/Test/Fake/fake_615.jpg,0,0,True,0.9999619722366333,3.8084144762251526e-05
/content/Dataset/Test/Fake/fake_616.jpg,0,0,True,0.9998719692230225,0.00012801465345546603
/content/Dataset/Test/Fake/fake_617.jpg,0,0,True,0.9999619722366333,3.798947000177577e-05
/content/Dataset/Test/Fake/fake_618.jpg,0,0,True,0.9999715089797974,2.8452745027607307e-05
/content/Dataset/Test/Fake/fake_619.jpg,0,0,True,0.9999560117721558,4.400672696647234e-05
/content/Dataset/Test/Fake/fake_62.jpg,0,0,True,0.999326229095459,0.0006737661897204816
/content/Dataset/Test/Fake/fake_620.jpg,0,0,True,0.9999698400497437,3.0164335839799605e-05
/content/Dataset/Test/Fake/fake_621.jpg,0,0,True,0.9999690055847168,3.0948533094488084e-05
/content/Dataset/Test/Fake/fake_622.jpg,0,0,True,0.9995827078819275,0.00041724092443473637
/content/Dataset/Test/Fake/fake_623.jpg,0,0,True,0.9999713897705078,2.858273910533171e-05
/content/Dataset/Test/Fake/fake_624.jpg,0,0,True,0.9999716281890869,2.8385100449668244e-05
/content/Dataset/Test/Fake/fake_625.jpg,0,0,True,0.9998216032981873,0.0001784343912731856
/content/Dataset/Test/Fake/fake_626.jpg,0,0,True,0.9999715089797974,2.850282544386573e-05
/content/Dataset/Test/Fake/fake_627.jpg,0,0,True,0.9999772310256958,2.2773529053665698e-05
/content/Dataset/Test/Fake/fake_628.jpg,0,0,True,0.9999756813049316,2.4363960619666614e-05
/content/Dataset/Test/Fake/fake_629.jpg,0,0,True,0.9999736547470093,2.6388404876342975e-05
/content/Dataset/Test/Fake/fake_63.jpg,0,0,True,0.9685289263725281,0.03147109970450401
/content/Dataset/Test/Fake/fake_630.jpg,0,0,True,0.9999581575393677,4.181919211987406e-05
/content/Dataset/Test/Fake/fake_631.jpg,0,0,True,0.9999622106552124,3.783422653214075e-05
/content/Dataset/Test/Fake/fake_632.jpg,0,0,True,0.9998881816864014,0.00011181717127328739
/content/Dataset/Test/Fake/fake_633.jpg,0,0,True,0.9791901111602783,0.020809950307011604
/content/Dataset/Test/Fake/fake_634.jpg,0,0,True,0.9999744892120361,2.5462129997322336e-05
/content/Dataset/Test/Fake/fake_635.jpg,0,0,True,0.9999613761901855,3.860900687868707e-05
/content/Dataset/Test/Fake/fake_636.jpg,0,0,True,0.9999732971191406,2.6660700314096175e-05
/content/Dataset/Test/Fake/fake_637.jpg,0,0,True,0.9999672174453735,3.275351627962664e-05
/content/Dataset/Test/Fake/fake_638.jpg,0,0,True,0.9999535083770752,4.6462253521895036e-05
/content/Dataset/Test/Fake/fake_639.jpg,0,0,True,0.9999704360961914,2.95406916848151e-05
/content/Dataset/Test/Fake/fake_64.jpg,0,0,True,0.9999544620513916,4.555716077447869e-05
/content/Dataset/Test/Fake/fake_640.jpg,0,0,True,0.9999686479568481,3.13957134494558e-05
/content/Dataset/Test/Fake/fake_641.jpg,0,0,True,0.9966277480125427,0.0033722538501024246
/content/Dataset/Test/Fake/fake_642.jpg,0,0,True,0.9999716281890869,2.8311456844676286e-05
/content/Dataset/Test/Fake/fake_643.jpg,0,0,True,0.9999476671218872,5.2361614507390186e-05
/content/Dataset/Test/Fake/fake_644.jpg,0,0,True,0.9999748468399048,2.5207096769008785e-05
/content/Dataset/Test/Fake/fake_645.jpg,0,0,True,0.99988853931427,0.00011140677088405937
/content/Dataset/Test/Fake/fake_646.jpg,0,0,True,0.9723807573318481,0.027619261294603348
/content/Dataset/Test/Fake/fake_647.jpg,0,0,True,0.999968409538269,3.153656507492997e-05
/content/Dataset/Test/Fake/fake_648.jpg,0,0,True,0.999943733215332,5.6322354794247076e-05
/content/Dataset/Test/Fake/fake_649.jpg,0,0,True,0.9998217225074768,0.00017829799617175013
/content/Dataset/Test/Fake/fake_65.jpg,0,0,True,0.9997627139091492,0.0002373060560785234
/content/Dataset/Test/Fake/fake_650.jpg,0,0,True,0.9999566078186035,4.3356481910450384e-05
/content/Dataset/Test/Fake/fake_651.jpg,0,0,True,0.9999493360519409,5.071900523034856e-05
/content/Dataset/Test/Fake/fake_652.jpg,0,0,True,0.9999736547470093,2.636827775859274e-05
/content/Dataset/Test/Fake/fake_653.jpg,0,0,True,0.9999561309814453,4.392153277876787e-05
/content/Dataset/Test/Fake/fake_654.jpg,0,0,True,0.9999626874923706,3.726999420905486e-05
/content/Dataset/Test/Fake/fake_655.jpg,0,0,True,0.9999607801437378,3.917202047887258e-05
/content/Dataset/Test/Fake/fake_656.jpg,0,0,True,0.9990482926368713,0.0009517383296042681
/content/Dataset/Test/Fake/fake_657.jpg,0,0,True,0.9998812675476074,0.00011872070899698883
/content/Dataset/Test/Fake/fake_658.jpg,0,0,True,0.9999711513519287,2.881130603782367e-05
/content/Dataset/Test/Fake/fake_659.jpg,0,0,True,0.9996922016143799,0.0003078337467741221
/content/Dataset/Test/Fake/fake_66.jpg,0,0,True,0.9999445676803589,5.548798435484059e-05
/content/Dataset/Test/Fake/fake_660.jpg,0,1,False,0.21003954112529755,0.7899604439735413
/content/Dataset/Test/Fake/fake_661.jpg,0,0,True,0.9997598528862,0.0002401569508947432
/content/Dataset/Test/Fake/fake_662.jpg,0,0,True,0.9999679327011108,3.202563675586134e-05
/content/Dataset/Test/Fake/fake_663.jpg,0,0,True,0.9999710321426392,2.8995596949243918e-05
/content/Dataset/Test/Fake/fake_664.jpg,0,0,True,0.9999501705169678,4.978294236934744e-05
/content/Dataset/Test/Fake/fake_665.jpg,0,0,True,0.7678677439689636,0.23213224112987518
/content/Dataset/Test/Fake/fake_666.jpg,0,0,True,0.9989073276519775,0.0010926342802122235
/content/Dataset/Test/Fake/fake_667.jpg,0,0,True,0.9999469518661499,5.299688200466335e-05
/content/Dataset/Test/Fake/fake_668.jpg,0,0,True,0.999803364276886,0.00019670787150971591
/content/Dataset/Test/Fake/fake_669.jpg,0,0,True,0.9949106574058533,0.005089318845421076
/content/Dataset/Test/Fake/fake_67.jpg,0,0,True,0.9999210834503174,7.89261976024136e-05
/content/Dataset/Test/Fake/fake_670.jpg,0,0,True,0.9999732971191406,2.6735760911833495e-05
/content/Dataset/Test/Fake/fake_671.jpg,0,0,True,0.9911734461784363,0.008826610632240772
/content/Dataset/Test/Fake/fake_672.jpg,0,0,True,0.9593353867530823,0.040664639323949814
/content/Dataset/Test/Fake/fake_673.jpg,0,0,True,0.9999402761459351,5.9682624851120636e-05
/content/Dataset/Test/Fake/fake_674.jpg,0,0,True,0.9999680519104004,3.199993079761043e-05
/content/Dataset/Test/Fake/fake_675.jpg,0,0,True,0.9999688863754272,3.114584615104832e-05
/content/Dataset/Test/Fake/fake_676.jpg,0,0,True,0.9986220598220825,0.0013779819710180163
/content/Dataset/Test/Fake/fake_677.jpg,0,0,True,0.9999192953109741,8.066253212746233e-05
/content/Dataset/Test/Fake/fake_678.jpg,0,0,True,0.9877832531929016,0.012216749601066113
/content/Dataset/Test/Fake/fake_679.jpg,0,0,True,0.999510645866394,0.0004894009325653315
/content/Dataset/Test/Fake/fake_68.jpg,0,0,True,0.9792719483375549,0.020728101953864098
/content/Dataset/Test/Fake/fake_680.jpg,0,0,True,0.9999387264251709,6.132131966296583e-05
/content/Dataset/Test/Fake/fake_681.jpg,0,0,True,0.9999715089797974,2.8464060960686766e-05
/content/Dataset/Test/Fake/fake_682.jpg,0,0,True,0.9310832023620605,0.06891676038503647
/content/Dataset/Test/Fake/fake_683.jpg,0,0,True,0.9999487400054932,5.121040157973766e-05
/content/Dataset/Test/Fake/fake_684.jpg,0,0,True,0.9999699592590332,3.0016521122888662e-05
/content/Dataset/Test/Fake/fake_685.jpg,0,0,True,0.9926707744598389,0.007329238578677177
/content/Dataset/Test/Fake/fake_686.jpg,0,0,True,0.9999710321426392,2.896663499996066e-05
/content/Dataset/Test/Fake/fake_687.jpg,0,0,True,0.9996895790100098,0.0003103855124209076
/content/Dataset/Test/Fake/fake_688.jpg,0,0,True,0.9999760389328003,2.393487375229597e-05
/content/Dataset/Test/Fake/fake_689.jpg,0,0,True,0.9999479055404663,5.211173993302509e-05
/content/Dataset/Test/Fake/fake_69.jpg,0,0,True,0.6585081815719604,0.34149178862571716
/content/Dataset/Test/Fake/fake_690.jpg,0,0,True,0.9999724626541138,2.759512972261291e-05
/content/Dataset/Test/Fake/fake_691.jpg,0,0,True,0.9999752044677734,2.4802822736091912e-05
/content/Dataset/Test/Fake/fake_692.jpg,0,0,True,0.9999490976333618,5.0864160584751517e-05
/content/Dataset/Test/Fake/fake_693.jpg,0,0,True,0.9997014403343201,0.00029857951449230313
/content/Dataset/Test/Fake/fake_694.jpg,0,1,False,0.4458523392677307,0.5541476607322693
/content/Dataset/Test/Fake/fake_695.jpg,0,0,True,0.999972939491272,2.7003321520169266e-05
/content/Dataset/Test/Fake/fake_696.jpg,0,0,True,0.9999574422836304,4.2572453821776435e-05
/content/Dataset/Test/Fake/fake_697.jpg,0,0,True,0.9999638795852661,3.609436680562794e-05
/content/Dataset/Test/Fake/fake_698.jpg,0,0,True,0.999976634979248,2.3382668587146327e-05
/content/Dataset/Test/Fake/fake_699.jpg,0,0,True,0.999975323677063,2.4723900423850864e-05
/content/Dataset/Test/Fake/fake_7.jpg,0,0,True,0.854401171207428,0.14559882879257202
/content/Dataset/Test/Fake/fake_70.jpg,0,0,True,0.8500423431396484,0.14995762705802917
/content/Dataset/Test/Fake/fake_700.jpg,0,0,True,0.9999080896377563,9.187316754832864e-05
/content/Dataset/Test/Fake/fake_701.jpg,0,0,True,0.9994136095046997,0.0005864536506123841
/content/Dataset/Test/Fake/fake_702.jpg,0,0,True,0.9999692440032959,3.076738357776776e-05
/content/Dataset/Test/Fake/fake_703.jpg,0,0,True,0.9999692440032959,3.074808046221733e-05
/content/Dataset/Test/Fake/fake_704.jpg,0,0,True,0.9986053109169006,0.0013947024708613753
/content/Dataset/Test/Fake/fake_705.jpg,0,0,True,0.9983770847320557,0.001622956246137619
/content/Dataset/Test/Fake/fake_706.jpg,0,0,True,0.7390682697296143,0.26093173027038574
/content/Dataset/Test/Fake/fake_707.jpg,0,0,True,0.9999643564224243,3.568809188436717e-05
/content/Dataset/Test/Fake/fake_708.jpg,0,0,True,0.9999697208404541,3.022529199370183e-05
/content/Dataset/Test/Fake/fake_709.jpg,0,0,True,0.9999701976776123,2.9751769034191966e-05
/content/Dataset/Test/Fake/fake_71.jpg,0,0,True,0.9999550580978394,4.4898777559865266e-05
/content/Dataset/Test/Fake/fake_710.jpg,0,0,True,0.9999701976776123,2.97856950055575e-05
/content/Dataset/Test/Fake/fake_711.jpg,0,0,True,0.9999638795852661,3.615751484176144e-05
/content/Dataset/Test/Fake/fake_712.jpg,0,0,True,0.9999517202377319,4.826162330573425e-05
/content/Dataset/Test/Fake/fake_713.jpg,0,0,True,0.9999703168869019,2.970873174490407e-05
/content/Dataset/Test/Fake/fake_714.jpg,0,0,True,0.9999765157699585,2.3522899937233888e-05
/content/Dataset/Test/Fake/fake_715.jpg,0,0,True,0.9999456405639648,5.437635991256684e-05
/content/Dataset/Test/Fake/fake_716.jpg,0,0,True,0.9999629259109497,3.703092806972563e-05
/content/Dataset/Test/Fake/fake_717.jpg,0,0,True,0.9999712705612183,2.872625736927148e-05
/content/Dataset/Test/Fake/fake_718.jpg,0,0,True,0.9999692440032959,3.0787752621108666e-05
/content/Dataset/Test/Fake/fake_719.jpg,0,0,True,0.9999655485153198,3.44148138538003e-05
/content/Dataset/Test/Fake/fake_72.jpg,0,0,True,0.9997270703315735,0.00027291150763630867
/content/Dataset/Test/Fake/fake_720.jpg,0,0,True,0.9998112320899963,0.00018879403069149703
/content/Dataset/Test/Fake/fake_721.jpg,0,0,True,0.9999499320983887,5.011532994103618e-05
/content/Dataset/Test/Fake/fake_722.jpg,0,0,True,0.9999725818634033,2.7423531719250605e-05
/content/Dataset/Test/Fake/fake_723.jpg,0,0,True,0.9999725818634033,2.737686190812383e-05
/content/Dataset/Test/Fake/fake_724.jpg,0,0,True,0.9999736547470093,2.6353845896665007e-05
/content/Dataset/Test/Fake/fake_725.jpg,0,0,True,0.999976396560669,2.3656168195884675e-05
/content/Dataset/Test/Fake/fake_726.jpg,0,0,True,0.9999756813049316,2.4291157387779094e-05
/content/Dataset/Test/Fake/fake_727.jpg,0,0,True,0.9999651908874512,3.4799955756170675e-05
/content/Dataset/Test/Fake/fake_728.jpg,0,0,True,0.9998952150344849,0.00010474075679667294
/content/Dataset/Test/Fake/fake_729.jpg,0,0,True,0.9999744892120361,2.5563587769283913e-05
/content/Dataset/Test/Fake/fake_73.jpg,0,0,True,0.9999254941940308,7.451721467077732e-05
/content/Dataset/Test/Fake/fake_730.jpg,0,0,True,0.9999724626541138,2.7507294362294488e-05
/content/Dataset/Test/Fake/fake_731.jpg,0,0,True,0.9999649524688721,3.5022152587771416e-05
/content/Dataset/Test/Fake/fake_732.jpg,0,0,True,0.9999474287033081,5.252925257082097e-05
/content/Dataset/Test/Fake/fake_733.jpg,0,0,True,0.999967098236084,3.291715620434843e-05
/content/Dataset/Test/Fake/fake_734.jpg,0,0,True,0.9999771118164062,2.2919288312550634e-05
/content/Dataset/Test/Fake/fake_735.jpg,0,0,True,0.7213253974914551,0.2786746323108673
/content/Dataset/Test/Fake/fake_736.jpg,0,0,True,0.9999759197235107,2.404409315204248e-05
/content/Dataset/Test/Fake/fake_737.jpg,0,0,True,0.9999731779098511,2.6825657187146135e-05
/content/Dataset/Test/Fake/fake_738.jpg,0,0,True,0.9988980293273926,0.001101951696909964
/content/Dataset/Test/Fake/fake_739.jpg,0,0,True,0.9999724626541138,2.7575793865253218e-05
/content/Dataset/Test/Fake/fake_74.jpg,0,0,True,0.9999408721923828,5.913389031775296e-05
/content/Dataset/Test/Fake/fake_740.jpg,0,0,True,0.9999637603759766,3.626619218266569e-05
/content/Dataset/Test/Fake/fake_741.jpg,0,0,True,0.9999651908874512,3.482326428638771e-05
/content/Dataset/Test/Fake/fake_742.jpg,0,0,True,0.9999746084213257,2.540239438530989e-05
/content/Dataset/Test/Fake/fake_743.jpg,0,0,True,0.9999624490737915,3.753866258193739e-05
/content/Dataset/Test/Fake/fake_744.jpg,0,0,True,0.9999741315841675,2.589537325548008e-05
/content/Dataset/Test/Fake/fake_745.jpg,0,0,True,0.9999687671661377,3.119994653388858e-05
/content/Dataset/Test/Fake/fake_746.jpg,0,0,True,0.9999620914459229,3.79387493012473e-05
/content/Dataset/Test/Fake/fake_747.jpg,0,0,True,0.9973987340927124,0.0026013352908194065
/content/Dataset/Test/Fake/fake_748.jpg,0,0,True,0.9999622106552124,3.777437814278528e-05
/content/Dataset/Test/Fake/fake_749.jpg,0,0,True,0.9999723434448242,2.7702048100763932e-05
/content/Dataset/Test/Fake/fake_75.jpg,0,0,True,0.997536301612854,0.0024637372698634863
/content/Dataset/Test/Fake/fake_750.jpg,0,0,True,0.9999717473983765,2.830503581208177e-05
/content/Dataset/Test/Fake/fake_751.jpg,0,0,True,0.6109778881072998,0.3890220522880554
/content/Dataset/Test/Fake/fake_752.jpg,0,0,True,0.9999637603759766,3.6251112760510296e-05
/content/Dataset/Test/Fake/fake_753.jpg,0,0,True,0.999526858329773,0.0004731173103209585
/content/Dataset/Test/Fake/fake_754.jpg,0,0,True,0.9999603033065796,3.9639417082071304e-05
/content/Dataset/Test/Fake/fake_755.jpg,0,0,True,0.9994174242019653,0.0005825639818795025
/content/Dataset/Test/Fake/fake_756.jpg,0,0,True,0.9999738931655884,2.611255695228465e-05
/content/Dataset/Test/Fake/fake_757.jpg,0,0,True,0.9999738931655884,2.607851092761848e-05
/content/Dataset/Test/Fake/fake_758.jpg,0,0,True,0.9999704360961914,2.952238719444722e-05
/content/Dataset/Test/Fake/fake_759.jpg,0,0,True,0.9999771118164062,2.2915071895113215e-05
/content/Dataset/Test/Fake/fake_76.jpg,0,0,True,0.9683611989021301,0.03163878992199898
/content/Dataset/Test/Fake/fake_760.jpg,0,1,False,0.4978685975074768,0.5021314024925232
/content/Dataset/Test/Fake/fake_761.jpg,0,0,True,0.9999717473983765,2.8251961339265108e-05
/content/Dataset/Test/Fake/fake_762.jpg,0,0,True,0.9999606609344482,3.933673360734247e-05
/content/Dataset/Test/Fake/fake_763.jpg,0,0,True,0.999966025352478,3.3984055335167795e-05
/content/Dataset/Test/Fake/fake_764.jpg,0,0,True,0.9999430179595947,5.693711500498466e-05
/content/Dataset/Test/Fake/fake_765.jpg,0,0,True,0.9999420642852783,5.7981364079751074e-05
/content/Dataset/Test/Fake/fake_766.jpg,0,0,True,0.9999645948410034,3.536623262334615e-05
/content/Dataset/Test/Fake/fake_767.jpg,0,0,True,0.999967098236084,3.28833339153789e-05
/content/Dataset/Test/Fake/fake_768.jpg,0,0,True,0.9999731779098511,2.6879793949774466e-05
/content/Dataset/Test/Fake/fake_769.jpg,0,0,True,0.9955899715423584,0.004409985151141882
/content/Dataset/Test/Fake/fake_77.jpg,0,0,True,0.9960143566131592,0.003985624760389328
/content/Dataset/Test/Fake/fake_770.jpg,0,0,True,0.9999605417251587,3.9432656194549054e-05
/content/Dataset/Test/Fake/fake_771.jpg,0,0,True,0.9999756813049316,2.4348257284145802e-05
/content/Dataset/Test/Fake/fake_772.jpg,0,0,True,0.9986988306045532,0.0013011599658057094
/content/Dataset/Test/Fake/fake_773.jpg,0,0,True,0.9999728202819824,2.7211837732465938e-05
/content/Dataset/Test/Fake/fake_774.jpg,0,0,True,0.9999648332595825,3.515512798912823e-05
/content/Dataset/Test/Fake/fake_775.jpg,0,0,True,0.9999586343765259,4.1382096242159605e-05
/content/Dataset/Test/Fake/fake_776.jpg,0,0,True,0.9999492168426514,5.0820632168324664e-05
/content/Dataset/Test/Fake/fake_777.jpg,0,0,True,0.9999419450759888,5.8072328101843596e-05
/content/Dataset/Test/Fake/fake_778.jpg,0,0,True,0.9999727010726929,2.7290216166875325e-05
/content/Dataset/Test/Fake/fake_779.jpg,0,0,True,0.9589383006095886,0.041061729192733765
/content/Dataset/Test/Fake/fake_78.jpg,0,0,True,0.9999599456787109,4.00421122321859e-05
/content/Dataset/Test/Fake/fake_780.jpg,0,0,True,0.9999749660491943,2.5087334506679326e-05
/content/Dataset/Test/Fake/fake_781.jpg,0,0,True,0.9999675750732422,3.242167804273777e-05
/content/Dataset/Test/Fake/fake_782.jpg,0,0,True,0.9998892545700073,0.00011074331268901005
/content/Dataset/Test/Fake/fake_783.jpg,0,0,True,0.9999628067016602,3.7148922274354845e-05
/content/Dataset/Test/Fake/fake_784.jpg,0,0,True,0.9999774694442749,2.2573800379177555e-05
/content/Dataset/Test/Fake/fake_785.jpg,0,0,True,0.9999737739562988,2.619241422507912e-05
/content/Dataset/Test/Fake/fake_786.jpg,0,0,True,0.9994819760322571,0.0005180486477911472
/content/Dataset/Test/Fake/fake_787.jpg,0,0,True,0.9999772310256958,2.2760958017897792e-05
/content/Dataset/Test/Fake/fake_788.jpg,0,0,True,0.9992367029190063,0.0007633279310539365
/content/Dataset/Test/Fake/fake_789.jpg,0,0,True,0.9998618364334106,0.00013813481200486422
/content/Dataset/Test/Fake/fake_79.jpg,0,0,True,0.9999517202377319,4.831661135540344e-05
/content/Dataset/Test/Fake/fake_790.jpg,0,0,True,0.9999589920043945,4.101592639926821e-05
/content/Dataset/Test/Fake/fake_791.jpg,0,0,True,0.9998793601989746,0.000120651486213319
/content/Dataset/Test/Fake/fake_792.jpg,0,0,True,0.9669490456581116,0.033050891011953354
/content/Dataset/Test/Fake/fake_793.jpg,0,0,True,0.9999141693115234,8.576911932323128e-05
/content/Dataset/Test/Fake/fake_794.jpg,0,0,True,0.999972939491272,2.7075164325651713e-05
/content/Dataset/Test/Fake/fake_795.jpg,0,0,True,0.9999469518661499,5.2993545978097245e-05
/content/Dataset/Test/Fake/fake_796.jpg,0,0,True,0.9999697208404541,3.0282073566922918e-05
/content/Dataset/Test/Fake/fake_797.jpg,0,0,True,0.9999650716781616,3.48713765561115e-05
/content/Dataset/Test/Fake/fake_798.jpg,0,0,True,0.9999721050262451,2.791755468933843e-05
/content/Dataset/Test/Fake/fake_799.jpg,0,0,True,0.999859094619751,0.0001409084943588823
/content/Dataset/Test/Fake/fake_8.jpg,0,0,True,0.9995658993721008,0.0004341038002166897
/content/Dataset/Test/Fake/fake_80.jpg,0,0,True,0.9810997843742371,0.018900269642472267
/content/Dataset/Test/Fake/fake_800.jpg,0,0,True,0.9897387623786926,0.010261273011565208
/content/Dataset/Test/Fake/fake_801.jpg,0,0,True,0.9999756813049316,2.4362567273783498e-05
/content/Dataset/Test/Fake/fake_802.jpg,0,0,True,0.9999724626541138,2.748573933786247e-05
/content/Dataset/Test/Fake/fake_803.jpg,0,0,True,0.9999027252197266,9.726379357744008e-05
/content/Dataset/Test/Fake/fake_804.jpg,0,0,True,0.9999444484710693,5.550030618906021e-05
/content/Dataset/Test/Fake/fake_805.jpg,0,0,True,0.9999762773513794,2.3765949663356878e-05
/content/Dataset/Test/Fake/fake_806.jpg,0,0,True,0.9999738931655884,2.6151235942961648e-05
/content/Dataset/Test/Fake/fake_807.jpg,0,0,True,0.967571496963501,0.03242848813533783
/content/Dataset/Test/Fake/fake_808.jpg,0,0,True,0.9999760389328003,2.4002169084269553e-05
/content/Dataset/Test/Fake/fake_809.jpg,0,0,True,0.9993953704833984,0.0006045880145393312
/content/Dataset/Test/Fake/fake_81.jpg,0,0,True,0.9992879033088684,0.0007121371454559267
/content/Dataset/Test/Fake/fake_810.jpg,0,0,True,0.9999589920043945,4.100505611859262e-05
/content/Dataset/Test/Fake/fake_811.jpg,0,0,True,0.9999488592147827,5.1150280341971666e-05
/content/Dataset/Test/Fake/fake_812.jpg,0,0,True,0.9999721050262451,2.785930882964749e-05
/content/Dataset/Test/Fake/fake_813.jpg,0,0,True,0.9998966455459595,0.00010336555715184659
/content/Dataset/Test/Fake/fake_814.jpg,0,0,True,0.9999721050262451,2.7922080334974453e-05
/content/Dataset/Test/Fake/fake_815.jpg,0,0,True,0.9999070167541504,9.294558549299836e-05
/content/Dataset/Test/Fake/fake_816.jpg,0,0,True,0.9999719858169556,2.7993371986667626e-05
/content/Dataset/Test/Fake/fake_817.jpg,0,0,True,0.9997950196266174,0.00020496819342952222
/content/Dataset/Test/Fake/fake_818.jpg,0,0,True,0.9999663829803467,3.3660871849860996e-05
/content/Dataset/Test/Fake/fake_819.jpg,0,0,True,0.9998840093612671,0.00011596632975852117
/content/Dataset/Test/Fake/fake_82.jpg,0,1,False,0.3524337708950043,0.6475662589073181
/content/Dataset/Test/Fake/fake_820.jpg,0,0,True,0.9999749660491943,2.506045530026313e-05
/content/Dataset/Test/Fake/fake_821.jpg,0,0,True,0.9999703168869019,2.9656475817319006e-05
/content/Dataset/Test/Fake/fake_822.jpg,0,0,True,0.9999717473983765,2.8228882001712918e-05
/content/Dataset/Test/Fake/fake_823.jpg,0,0,True,0.9999648332595825,3.521825055941008e-05
/content/Dataset/Test/Fake/fake_824.jpg,0,0,True,0.9995173215866089,0.0004826548392884433
/content/Dataset/Test/Fake/fake_825.jpg,0,0,True,0.9999469518661499,5.301559212966822e-05
/content/Dataset/Test/Fake/fake_826.jpg,0,0,True,0.9999710321426392,2.8941725759068504e-05
/content/Dataset/Test/Fake/fake_827.jpg,0,0,True,0.9999103546142578,8.968310430645943e-05
/content/Dataset/Test/Fake/fake_828.jpg,0,0,True,0.9995852112770081,0.0004148439329583198
/content/Dataset/Test/Fake/fake_829.jpg,0,0,True,0.9999778270721436,2.2154425096232444e-05
/content/Dataset/Test/Fake/fake_83.jpg,0,0,True,0.999945878982544,5.411047823145054e-05
/content/Dataset/Test/Fake/fake_830.jpg,0,0,True,0.9973456263542175,0.002654372015967965
/content/Dataset/Test/Fake/fake_831.jpg,0,0,True,0.9999268054962158,7.318537245737389e-05
/content/Dataset/Test/Fake/fake_832.jpg,0,0,True,0.9999774694442749,2.2569753127754666e-05
/content/Dataset/Test/Fake/fake_833.jpg,0,0,True,0.9999706745147705,2.930812661361415e-05
/content/Dataset/Test/Fake/fake_834.jpg,0,0,True,0.9966931343078613,0.0033068859484046698
/content/Dataset/Test/Fake/fake_835.jpg,0,0,True,0.9999654293060303,3.4594180760905147e-05
/content/Dataset/Test/Fake/fake_836.jpg,0,0,True,0.9999445676803589,5.5377437092829496e-05
/content/Dataset/Test/Fake/fake_837.jpg,0,0,True,0.9999643564224243,3.560759068932384e-05
/content/Dataset/Test/Fake/fake_838.jpg,0,0,True,0.9999680519104004,3.1945412047207355e-05
/content/Dataset/Test/Fake/fake_839.jpg,0,0,True,0.9999722242355347,2.7758160285884514e-05
/content/Dataset/Test/Fake/fake_84.jpg,0,0,True,0.999932050704956,6.797685637138784e-05
/content/Dataset/Test/Fake/fake_840.jpg,0,0,True,0.9999713897705078,2.8583966923179105e-05
/content/Dataset/Test/Fake/fake_841.jpg,0,0,True,0.9999736547470093,2.6323328711441718e-05
/content/Dataset/Test/Fake/fake_842.jpg,0,0,True,0.9997989535331726,0.00020107586169615388
/content/Dataset/Test/Fake/fake_843.jpg,0,0,True,0.9999558925628662,4.405996878631413e-05
/content/Dataset/Test/Fake/fake_844.jpg,0,0,True,0.9999685287475586,3.1434658012585714e-05
/content/Dataset/Test/Fake/fake_845.jpg,0,0,True,0.9999477863311768,5.2191116992617026e-05
/content/Dataset/Test/Fake/fake_846.jpg,0,0,True,0.9999717473983765,2.8208052754052915e-05
/content/Dataset/Test/Fake/fake_847.jpg,0,0,True,0.9999650716781616,3.4899127058451995e-05
/content/Dataset/Test/Fake/fake_848.jpg,0,0,True,0.9999644756317139,3.547533924574964e-05
/content/Dataset/Test/Fake/fake_849.jpg,0,0,True,0.9999737739562988,2.6175435777986422e-05
/content/Dataset/Test/Fake/fake_85.jpg,0,0,True,0.9995214939117432,0.00047856979654170573
/content/Dataset/Test/Fake/fake_850.jpg,0,0,True,0.9999353885650635,6.458198186010122e-05
/content/Dataset/Test/Fake/fake_851.jpg,0,0,True,0.9999452829360962,5.468170638778247e-05
/content/Dataset/Test/Fake/fake_852.jpg,0,0,True,0.9999535083770752,4.6501620090566576e-05
/content/Dataset/Test/Fake/fake_853.jpg,0,0,True,0.9999531507492065,4.6858276618877426e-05
/content/Dataset/Test/Fake/fake_854.jpg,0,0,True,0.9999656677246094,3.430174183449708e-05
/content/Dataset/Test/Fake/fake_855.jpg,0,0,True,0.9999710321426392,2.897182639571838e-05
/content/Dataset/Test/Fake/fake_856.jpg,0,0,True,0.9999654293060303,3.454387478996068e-05
/content/Dataset/Test/Fake/fake_857.jpg,0,0,True,0.9999266862869263,7.327615458052605e-05
/content/Dataset/Test/Fake/fake_858.jpg,0,0,True,0.9999730587005615,2.6963696655002423e-05
/content/Dataset/Test/Fake/fake_859.jpg,0,0,True,0.9999743700027466,2.5653582270024344e-05
/content/Dataset/Test/Fake/fake_86.jpg,0,1,False,0.012976938858628273,0.9870229959487915
/content/Dataset/Test/Fake/fake_860.jpg,0,0,True,0.8440049290657043,0.15599505603313446
/content/Dataset/Test/Fake/fake_861.jpg,0,0,True,0.9999687671661377,3.117766755167395e-05
/content/Dataset/Test/Fake/fake_862.jpg,0,0,True,0.9997909665107727,0.00020900937670376152
/content/Dataset/Test/Fake/fake_863.jpg,0,0,True,0.9975550770759583,0.002444977406412363
/content/Dataset/Test/Fake/fake_864.jpg,0,0,True,0.9983540773391724,0.0016460041515529156
/content/Dataset/Test/Fake/fake_865.jpg,0,0,True,0.9999728202819824,2.723801117099356e-05
/content/Dataset/Test/Fake/fake_866.jpg,0,0,True,0.9998038411140442,0.0001961564557859674
/content/Dataset/Test/Fake/fake_867.jpg,0,0,True,0.9998868703842163,0.00011307899694656953
/content/Dataset/Test/Fake/fake_868.jpg,0,0,True,0.999945878982544,5.4097065003588796e-05
/content/Dataset/Test/Fake/fake_869.jpg,0,0,True,0.9999669790267944,3.301033211755566e-05
/content/Dataset/Test/Fake/fake_87.jpg,0,0,True,0.984001636505127,0.015998417511582375
/content/Dataset/Test/Fake/fake_870.jpg,0,0,True,0.9999579191207886,4.207713209325448e-05
/content/Dataset/Test/Fake/fake_871.jpg,0,0,True,0.9999728202819824,2.7162603146280162e-05
/content/Dataset/Test/Fake/fake_872.jpg,0,0,True,0.9999493360519409,5.0606577133294195e-05
/content/Dataset/Test/Fake/fake_873.jpg,0,0,True,0.9999669790267944,3.307644874439575e-05
/content/Dataset/Test/Fake/fake_874.jpg,0,0,True,0.9999315738677979,6.837003456894308e-05
/content/Dataset/Test/Fake/fake_875.jpg,0,0,True,0.9996997117996216,0.0003002772282343358
/content/Dataset/Test/Fake/fake_876.jpg,0,0,True,0.9999736547470093,2.6345831429352984e-05
/content/Dataset/Test/Fake/fake_877.jpg,0,0,True,0.9999746084213257,2.534995110181626e-05
/content/Dataset/Test/Fake/fake_878.jpg,0,0,True,0.9999666213989258,3.335989822517149e-05
/content/Dataset/Test/Fake/fake_879.jpg,0,0,True,0.9999755620956421,2.4424258299404755e-05
/content/Dataset/Test/Fake/fake_88.jpg,0,0,True,0.9533746242523193,0.04662536084651947
/content/Dataset/Test/Fake/fake_880.jpg,0,0,True,0.9999723434448242,2.766957004496362e-05
/content/Dataset/Test/Fake/fake_881.jpg,0,0,True,0.9955019354820251,0.004498008172959089
/content/Dataset/Test/Fake/fake_882.jpg,0,0,True,0.999971866607666,2.818855682562571e-05
/content/Dataset/Test/Fake/fake_883.jpg,0,0,True,0.9999741315841675,2.586235132184811e-05
/content/Dataset/Test/Fake/fake_884.jpg,0,0,True,0.9999744892120361,2.5565977921360172e-05
/content/Dataset/Test/Fake/fake_885.jpg,0,0,True,0.9999704360961914,2.951706301246304e-05
/content/Dataset/Test/Fake/fake_886.jpg,0,0,True,0.9999734163284302,2.6530235118116252e-05
/content/Dataset/Test/Fake/fake_887.jpg,0,0,True,0.9999769926071167,2.3034610421746038e-05
/content/Dataset/Test/Fake/fake_888.jpg,0,0,True,0.9999692440032959,3.0761835660086945e-05
/content/Dataset/Test/Fake/fake_889.jpg,0,0,True,0.9999696016311646,3.035551344510168e-05
/content/Dataset/Test/Fake/fake_89.jpg,0,0,True,0.9925485253334045,0.007451546378433704
/content/Dataset/Test/Fake/fake_890.jpg,0,0,True,0.9881436228752136,0.011856348253786564
/content/Dataset/Test/Fake/fake_891.jpg,0,0,True,0.9999679327011108,3.211197326891124e-05
/content/Dataset/Test/Fake/fake_892.jpg,0,0,True,0.9999101161956787,8.98411963135004e-05
/content/Dataset/Test/Fake/fake_893.jpg,0,0,True,0.9999741315841675,2.5842799004749395e-05
/content/Dataset/Test/Fake/fake_894.jpg,0,0,True,0.9999229907989502,7.694656233070418e-05
/content/Dataset/Test/Fake/fake_895.jpg,0,0,True,0.9866438508033752,0.013356097042560577
/content/Dataset/Test/Fake/fake_896.jpg,0,0,True,0.9999673366546631,3.26953741023317e-05
/content/Dataset/Test/Fake/fake_897.jpg,0,0,True,0.9999516010284424,4.841286499868147e-05
/content/Dataset/Test/Fake/fake_898.jpg,0,0,True,0.9966081380844116,0.0033919396810233593
/content/Dataset/Test/Fake/fake_899.jpg,0,0,True,0.9999710321426392,2.9024426112300716e-05
/content/Dataset/Test/Fake/fake_9.jpg,0,0,True,0.9931100606918335,0.006889937911182642
/content/Dataset/Test/Fake/fake_90.jpg,0,0,True,0.9981729984283447,0.0018270298605784774
/content/Dataset/Test/Fake/fake_900.jpg,0,1,False,0.12703733146190643,0.8729626536369324
/content/Dataset/Test/Fake/fake_901.jpg,0,0,True,0.9999271631240845,7.279836427187547e-05
/content/Dataset/Test/Fake/fake_902.jpg,0,0,True,0.9999663829803467,3.356835441081785e-05
/content/Dataset/Test/Fake/fake_903.jpg,0,0,True,0.999970555305481,2.9431366783683188e-05
/content/Dataset/Test/Fake/fake_904.jpg,0,0,True,0.9999743700027466,2.5610292141209356e-05
/content/Dataset/Test/Fake/fake_905.jpg,0,0,True,0.9999709129333496,2.9136328521417454e-05
/content/Dataset/Test/Fake/fake_906.jpg,0,0,True,0.9999507665634155,4.920669016428292e-05
/content/Dataset/Test/Fake/fake_907.jpg,0,0,True,0.9998908042907715,0.00010923284571617842
/content/Dataset/Test/Fake/fake_908.jpg,0,0,True,0.9999626874923706,3.7365301977843046e-05
/content/Dataset/Test/Fake/fake_909.jpg,0,0,True,0.9999402761459351,5.976304964860901e-05
/content/Dataset/Test/Fake/fake_91.jpg,0,0,True,0.9790497422218323,0.02095024473965168
/content/Dataset/Test/Fake/fake_910.jpg,0,0,True,0.9999731779098511,2.6856938347918913e-05
/content/Dataset/Test/Fake/fake_911.jpg,0,0,True,0.9999703168869019,2.9628830816363916e-05
/content/Dataset/Test/Fake/fake_912.jpg,0,0,True,0.9997386336326599,0.0002613529795780778
/content/Dataset/Test/Fake/fake_913.jpg,0,0,True,0.9998881816864014,0.00011179307330166921
/content/Dataset/Test/Fake/fake_914.jpg,0,0,True,0.9999675750732422,3.2397940231021494e-05
/content/Dataset/Test/Fake/fake_915.jpg,0,0,True,0.9975002408027649,0.0024997484870254993
/content/Dataset/Test/Fake/fake_916.jpg,0,1,False,0.17594052851200104,0.8240594267845154
/content/Dataset/Test/Fake/fake_917.jpg,0,0,True,0.9999675750732422,3.236508564441465e-05
/content/Dataset/Test/Fake/fake_918.jpg,0,0,True,0.999974250793457,2.5786277547013015e-05
/content/Dataset/Test/Fake/fake_919.jpg,0,0,True,0.9994195699691772,0.000580443418584764
/content/Dataset/Test/Fake/fake_92.jpg,0,1,False,0.4566026031970978,0.5433973670005798
/content/Dataset/Test/Fake/fake_920.jpg,0,0,True,0.9999575614929199,4.238473775330931e-05
/content/Dataset/Test/Fake/fake_921.jpg,0,0,True,0.9999747276306152,2.5267987439292483e-05
/content/Dataset/Test/Fake/fake_922.jpg,0,0,True,0.9999707937240601,2.9229810024844483e-05
/content/Dataset/Test/Fake/fake_923.jpg,0,0,True,0.9999408721923828,5.910959225730039e-05
/content/Dataset/Test/Fake/fake_924.jpg,0,0,True,0.9999650716781616,3.4977296309079975e-05
/content/Dataset/Test/Fake/fake_925.jpg,0,0,True,0.9999699592590332,3.0084212994552217e-05
/content/Dataset/Test/Fake/fake_926.jpg,0,0,True,0.9999731779098511,2.6858782803174108e-05
/content/Dataset/Test/Fake/fake_927.jpg,0,0,True,0.9999732971191406,2.6685729608288966e-05
/content/Dataset/Test/Fake/fake_928.jpg,0,0,True,0.9999727010726929,2.7307140044285916e-05
/content/Dataset/Test/Fake/fake_929.jpg,0,0,True,0.9999674558639526,3.259049844928086e-05
/content/Dataset/Test/Fake/fake_93.jpg,0,0,True,0.9061598181724548,0.09384018927812576
/content/Dataset/Test/Fake/fake_930.jpg,0,0,True,0.9999269247055054,7.312552043003961e-05
/content/Dataset/Test/Fake/fake_931.jpg,0,0,True,0.9999535083770752,4.647927198675461e-05
/content/Dataset/Test/Fake/fake_932.jpg,0,0,True,0.9999680519104004,3.1979187042452395e-05
/content/Dataset/Test/Fake/fake_933.jpg,0,0,True,0.9999656677246094,3.433587698964402e-05
/content/Dataset/Test/Fake/fake_934.jpg,0,1,False,0.296296626329422,0.7037033438682556
/content/Dataset/Test/Fake/fake_935.jpg,0,0,True,0.9999675750732422,3.2456606277264655e-05
/content/Dataset/Test/Fake/fake_936.jpg,0,0,True,0.9998681545257568,0.0001318431895924732
/content/Dataset/Test/Fake/fake_937.jpg,0,0,True,0.9997209906578064,0.0002789911231957376
/content/Dataset/Test/Fake/fake_938.jpg,0,0,True,0.999955415725708,4.4602951675187796e-05
/content/Dataset/Test/Fake/fake_939.jpg,0,0,True,0.9999456405639648,5.439690357889049e-05
/content/Dataset/Test/Fake/fake_94.jpg,0,0,True,0.9998112320899963,0.00018875372188631445
/content/Dataset/Test/Fake/fake_940.jpg,0,0,True,0.9999735355377197,2.6425899704918265e-05
/content/Dataset/Test/Fake/fake_941.jpg,0,0,True,0.9961458444595337,0.003854100126773119
/content/Dataset/Test/Fake/fake_942.jpg,0,0,True,0.9998993873596191,0.00010056275641545653
/content/Dataset/Test/Fake/fake_943.jpg,0,0,True,0.9999675750732422,3.2450850994791836e-05
/content/Dataset/Test/Fake/fake_944.jpg,0,0,True,0.9999736547470093,2.6337691451772116e-05
/content/Dataset/Test/Fake/fake_945.jpg,0,0,True,0.999966025352478,3.39868784067221e-05
/content/Dataset/Test/Fake/fake_946.jpg,0,0,True,0.9999426603317261,5.7332021242473274e-05
/content/Dataset/Test/Fake/fake_947.jpg,0,0,True,0.9998301267623901,0.0001698068081168458
/content/Dataset/Test/Fake/fake_948.jpg,0,0,True,0.9999711513519287,2.8834094337071292e-05
/content/Dataset/Test/Fake/fake_949.jpg,0,0,True,0.9999734163284302,2.656679498613812e-05
/content/Dataset/Test/Fake/fake_95.jpg,0,0,True,0.999553382396698,0.00044657132821157575
/content/Dataset/Test/Fake/fake_950.jpg,0,0,True,0.999961256980896,3.8788992242189124e-05
/content/Dataset/Test/Fake/fake_951.jpg,0,0,True,0.9999712705612183,2.8708951504086144e-05
/content/Dataset/Test/Fake/fake_952.jpg,0,0,True,0.9998507499694824,0.00014927142183296382
/content/Dataset/Test/Fake/fake_953.jpg,0,0,True,0.9999756813049316,2.43277881963877e-05
/content/Dataset/Test/Fake/fake_954.jpg,0,0,True,0.999967098236084,3.2844658562680706e-05
/content/Dataset/Test/Fake/fake_955.jpg,0,0,True,0.9999628067016602,3.717904837685637e-05
/content/Dataset/Test/Fake/fake_956.jpg,0,0,True,0.9999501705169678,4.983747567166574e-05
/content/Dataset/Test/Fake/fake_957.jpg,0,0,True,0.9999680519104004,3.192842268617824e-05
/content/Dataset/Test/Fake/fake_958.jpg,0,0,True,0.9999500513076782,5.00017122249119e-05
/content/Dataset/Test/Fake/fake_959.jpg,0,0,True,0.9999575614929199,4.2399289668537676e-05
/content/Dataset/Test/Fake/fake_96.jpg,0,0,True,0.999667763710022,0.00033228733809664845
/content/Dataset/Test/Fake/fake_960.jpg,0,0,True,0.9999657869338989,3.425333125051111e-05
/content/Dataset/Test/Fake/fake_961.jpg,0,0,True,0.999971866607666,2.8164264222141355e-05
/content/Dataset/Test/Fake/fake_962.jpg,0,0,True,0.999914288520813,8.567381155444309e-05
/content/Dataset/Test/Fake/fake_963.jpg,0,0,True,0.9999717473983765,2.823434624588117e-05
/content/Dataset/Test/Fake/fake_964.jpg,0,0,True,0.9981750249862671,0.0018249177373945713
/content/Dataset/Test/Fake/fake_965.jpg,0,0,True,0.9999676942825317,3.236169504816644e-05
/content/Dataset/Test/Fake/fake_966.jpg,0,0,True,0.9992160797119141,0.0007839186582714319
/content/Dataset/Test/Fake/fake_967.jpg,0,1,False,0.4127737879753113,0.587226152420044
/content/Dataset/Test/Fake/fake_968.jpg,0,0,True,0.9998733997344971,0.00012664051610045135
/content/Dataset/Test/Fake/fake_969.jpg,0,0,True,0.9999476671218872,5.235821663518436e-05
/content/Dataset/Test/Fake/fake_97.jpg,0,0,True,0.9999653100967407,3.465378176770173e-05
/content/Dataset/Test/Fake/fake_970.jpg,0,0,True,0.999930739402771,6.930637755431235e-05
/content/Dataset/Test/Fake/fake_971.jpg,0,0,True,0.9993288516998291,0.0006711687310598791
/content/Dataset/Test/Fake/fake_972.jpg,0,0,True,0.9999663829803467,3.357565219630487e-05
/content/Dataset/Test/Fake/fake_973.jpg,0,0,True,0.999966025352478,3.39720027113799e-05
/content/Dataset/Test/Fake/fake_974.jpg,0,0,True,0.9999741315841675,2.5882856789394282e-05
/content/Dataset/Test/Fake/fake_975.jpg,0,0,True,0.9999634027481079,3.663579991552979e-05
/content/Dataset/Test/Fake/fake_976.jpg,0,0,True,0.9998960494995117,0.00010388728696852922
/content/Dataset/Test/Fake/fake_977.jpg,0,0,True,0.9999364614486694,6.357898382702842e-05
/content/Dataset/Test/Fake/fake_978.jpg,0,0,True,0.9999748468399048,2.515848791517783e-05
/content/Dataset/Test/Fake/fake_979.jpg,0,0,True,0.9999744892120361,2.5563685994711705e-05
/content/Dataset/Test/Fake/fake_98.jpg,0,0,True,0.9754652380943298,0.024534771218895912
/content/Dataset/Test/Fake/fake_980.jpg,0,0,True,0.9999716281890869,2.8317099349806085e-05
/content/Dataset/Test/Fake/fake_981.jpg,0,0,True,0.9999698400497437,3.017178642039653e-05
/content/Dataset/Test/Fake/fake_982.jpg,0,0,True,0.999972939491272,2.7071626391261816e-05
/content/Dataset/Test/Fake/fake_983.jpg,0,0,True,0.9634457230567932,0.036554254591464996
/content/Dataset/Test/Fake/fake_984.jpg,0,0,True,0.9997267127037048,0.00027327731368131936
/content/Dataset/Test/Fake/fake_985.jpg,0,0,True,0.9866880774497986,0.013311939314007759
/content/Dataset/Test/Fake/fake_986.jpg,0,0,True,0.9999711513519287,2.8831618692493066e-05
/content/Dataset/Test/Fake/fake_987.jpg,0,0,True,0.9998700618743896,0.00012988262460567057
/content/Dataset/Test/Fake/fake_988.jpg,0,0,True,0.9980466365814209,0.001953309867531061
/content/Dataset/Test/Fake/fake_989.jpg,0,0,True,0.9999723434448242,2.771092658804264e-05
/content/Dataset/Test/Fake/fake_99.jpg,0,0,True,0.9999656677246094,3.436582119320519e-05
/content/Dataset/Test/Fake/fake_990.jpg,0,0,True,0.9999716281890869,2.83635326923104e-05
/content/Dataset/Test/Fake/fake_991.jpg,0,0,True,0.9999717473983765,2.821975613187533e-05
/content/Dataset/Test/Fake/fake_992.jpg,0,0,True,0.9999649524688721,3.504500273265876e-05
/content/Dataset/Test/Fake/fake_993.jpg,0,0,True,0.999962329864502,3.762223059311509e-05
/content/Dataset/Test/Fake/fake_994.jpg,0,0,True,0.9999740123748779,2.5986186301452108e-05
/content/Dataset/Test/Fake/fake_995.jpg,0,0,True,0.9966744184494019,0.00332555896602571
/content/Dataset/Test/Fake/fake_996.jpg,0,0,True,0.9999667406082153,3.329548053443432e-05
/content/Dataset/Test/Fake/fake_997.jpg,0,0,True,0.9999537467956543,4.6288980229292065e-05
/content/Dataset/Test/Fake/fake_998.jpg,0,0,True,0.9999735355377197,2.6492767574382015e-05
/content/Dataset/Test/Fake/fake_999.jpg,0,0,True,0.9999760389328003,2.396502168267034e-05
/content/Dataset/Test/Real/real_0.jpg,1,1,True,0.4295296370983124,0.5704703330993652
/content/Dataset/Test/Real/real_1.jpg,1,1,True,0.00024098658468574286,0.9997590184211731
/content/Dataset/Test/Real/real_10.jpg,1,0,False,0.9908338189125061,0.009166143834590912
/content/Dataset/Test/Real/real_100.jpg,1,1,True,0.016001487150788307,0.9839985370635986
/content/Dataset/Test/Real/real_1000.jpg,1,1,True,0.00011293547140667215,0.9998871088027954
/content/Dataset/Test/Real/real_1001.jpg,1,1,True,9.404557931702584e-05,0.9999059438705444
/content/Dataset/Test/Real/real_1002.jpg,1,1,True,0.00013453401334118098,0.9998654127120972
/content/Dataset/Test/Real/real_1003.jpg,1,1,True,0.0002551581710577011,0.9997448325157166
/content/Dataset/Test/Real/real_1004.jpg,1,1,True,0.00895653385668993,0.9910434484481812
/content/Dataset/Test/Real/real_1005.jpg,1,1,True,0.012115683406591415,0.9878843426704407
/content/Dataset/Test/Real/real_1006.jpg,1,1,True,0.0006950290990062058,0.999305009841919
/content/Dataset/Test/Real/real_1007.jpg,1,0,False,0.7337201237678528,0.2662798762321472
/content/Dataset/Test/Real/real_1008.jpg,1,1,True,0.00040173681918531656,0.9995983242988586
/content/Dataset/Test/Real/real_1009.jpg,1,1,True,0.04777130112051964,0.9522286653518677
/content/Dataset/Test/Real/real_101.jpg,1,1,True,0.000542305875569582,0.9994576573371887
/content/Dataset/Test/Real/real_1010.jpg,1,1,True,6.691129965474829e-05,0.999933123588562
/content/Dataset/Test/Real/real_1011.jpg,1,1,True,9.957324073184282e-05,0.9999004602432251
/content/Dataset/Test/Real/real_1012.jpg,1,1,True,0.000423321413109079,0.9995766282081604
/content/Dataset/Test/Real/real_1013.jpg,1,0,False,0.6716617941856384,0.3283381760120392
/content/Dataset/Test/Real/real_1014.jpg,1,1,True,5.835177216795273e-05,0.9999415874481201
/content/Dataset/Test/Real/real_1015.jpg,1,1,True,6.437452248064801e-05,0.9999356269836426
/content/Dataset/Test/Real/real_1016.jpg,1,1,True,0.0011963675497099757,0.9988036155700684
/content/Dataset/Test/Real/real_1017.jpg,1,1,True,0.04561074078083038,0.954389214515686
/content/Dataset/Test/Real/real_1018.jpg,1,1,True,9.756262443261221e-05,0.9999024868011475
/content/Dataset/Test/Real/real_1019.jpg,1,1,True,4.441280179889873e-05,0.9999555349349976
/content/Dataset/Test/Real/real_102.jpg,1,1,True,0.06653086096048355,0.9334691166877747
/content/Dataset/Test/Real/real_1020.jpg,1,1,True,0.4397214949131012,0.5602785348892212
/content/Dataset/Test/Real/real_1021.jpg,1,1,True,0.006086515262722969,0.993913471698761
/content/Dataset/Test/Real/real_1022.jpg,1,1,True,0.4922066330909729,0.5077933669090271
/content/Dataset/Test/Real/real_1023.jpg,1,1,True,0.3676951825618744,0.6323047876358032
/content/Dataset/Test/Real/real_1024.jpg,1,1,True,7.90620906627737e-05,0.9999209642410278
/content/Dataset/Test/Real/real_1025.jpg,1,1,True,7.649048347957432e-05,0.9999234676361084
/content/Dataset/Test/Real/real_1026.jpg,1,1,True,0.0014254256384447217,0.9985746145248413
/content/Dataset/Test/Real/real_1027.jpg,1,1,True,4.9661797675071284e-05,0.9999502897262573
/content/Dataset/Test/Real/real_1028.jpg,1,1,True,0.003188790287822485,0.9968112111091614
/content/Dataset/Test/Real/real_1029.jpg,1,1,True,0.004664899315685034,0.9953351616859436
/content/Dataset/Test/Real/real_103.jpg,1,1,True,0.0002187432983191684,0.9997813105583191
/content/Dataset/Test/Real/real_1030.jpg,1,1,True,0.0020261788740754128,0.9979738593101501
/content/Dataset/Test/Real/real_1031.jpg,1,1,True,0.025659309700131416,0.9743407368659973
/content/Dataset/Test/Real/real_1032.jpg,1,1,True,0.054362986236810684,0.945637047290802
/content/Dataset/Test/Real/real_1033.jpg,1,1,True,0.00022482821077574044,0.999775230884552
/content/Dataset/Test/Real/real_1034.jpg,1,1,True,0.00029336471925489604,0.9997065663337708
/content/Dataset/Test/Real/real_1035.jpg,1,1,True,0.001445387490093708,0.9985546469688416
/content/Dataset/Test/Real/real_1036.jpg,1,1,True,0.0002887908776756376,0.9997112154960632
/content/Dataset/Test/Real/real_1037.jpg,1,1,True,0.0013934492599219084,0.9986066222190857
/content/Dataset/Test/Real/real_1038.jpg,1,1,True,0.0074514965526759624,0.9925485253334045
/content/Dataset/Test/Real/real_1039.jpg,1,1,True,0.07071273028850555,0.9292872548103333
/content/Dataset/Test/Real/real_104.jpg,1,1,True,0.048092931509017944,0.9519070982933044
/content/Dataset/Test/Real/real_1040.jpg,1,1,True,6.263059185585007e-05,0.9999374151229858
/content/Dataset/Test/Real/real_1041.jpg,1,1,True,0.00010291029320796952,0.9998971223831177
/content/Dataset/Test/Real/real_1042.jpg,1,1,True,0.00558423949405551,0.9944157600402832
/content/Dataset/Test/Real/real_1043.jpg,1,1,True,8.145630999933928e-05,0.9999185800552368
/content/Dataset/Test/Real/real_1044.jpg,1,1,True,0.0006782160489819944,0.9993218183517456
/content/Dataset/Test/Real/real_1045.jpg,1,1,True,0.00018253707094118,0.999817430973053
/content/Dataset/Test/Real/real_1046.jpg,1,1,True,0.00017006152484100312,0.999829888343811
/content/Dataset/Test/Real/real_1047.jpg,1,1,True,0.01657109335064888,0.9834288954734802
/content/Dataset/Test/Real/real_1048.jpg,1,0,False,0.5072032809257507,0.49279671907424927
/content/Dataset/Test/Real/real_1049.jpg,1,1,True,0.007309116423130035,0.9926908612251282
/content/Dataset/Test/Real/real_105.jpg,1,1,True,0.048429179936647415,0.9515708684921265
/content/Dataset/Test/Real/real_1050.jpg,1,1,True,0.0036656165029853582,0.9963343143463135
/content/Dataset/Test/Real/real_1051.jpg,1,1,True,0.0013424092903733253,0.9986575841903687
/content/Dataset/Test/Real/real_1052.jpg,1,1,True,0.0011763827642425895,0.9988235831260681
/content/Dataset/Test/Real/real_1053.jpg,1,1,True,0.0007237469544634223,0.9992762207984924
/content/Dataset/Test/Real/real_1054.jpg,1,1,True,0.3306279182434082,0.669372022151947
/content/Dataset/Test/Real/real_1055.jpg,1,1,True,0.04411152005195618,0.9558885097503662
/content/Dataset/Test/Real/real_1056.jpg,1,1,True,0.3859434127807617,0.6140566468238831
/content/Dataset/Test/Real/real_1057.jpg,1,1,True,0.00021369510795921087,0.9997863173484802
/content/Dataset/Test/Real/real_1058.jpg,1,1,True,0.0018065235344693065,0.9981934428215027
/content/Dataset/Test/Real/real_1059.jpg,1,1,True,0.00019002756744157523,0.9998100399971008
/content/Dataset/Test/Real/real_106.jpg,1,1,True,0.003897372866049409,0.9961026906967163
/content/Dataset/Test/Real/real_1060.jpg,1,1,True,0.0031254279892891645,0.9968745708465576
/content/Dataset/Test/Real/real_1061.jpg,1,1,True,0.018649974837899208,0.9813500642776489
/content/Dataset/Test/Real/real_1062.jpg,1,1,True,0.20735393464565277,0.792646050453186
/content/Dataset/Test/Real/real_1063.jpg,1,1,True,0.01591874100267887,0.9840812683105469
/content/Dataset/Test/Real/real_1064.jpg,1,0,False,0.7428823113441467,0.2571176290512085
/content/Dataset/Test/Real/real_1065.jpg,1,1,True,0.009950388222932816,0.9900496006011963
/content/Dataset/Test/Real/real_1066.jpg,1,1,True,0.0019605259876698256,0.9980395436286926
/content/Dataset/Test/Real/real_1067.jpg,1,1,True,0.031706858426332474,0.9682931303977966
/content/Dataset/Test/Real/real_1068.jpg,1,1,True,0.00046172228758223355,0.9995383024215698
/content/Dataset/Test/Real/real_1069.jpg,1,1,True,0.0036531025543808937,0.9963468909263611
/content/Dataset/Test/Real/real_107.jpg,1,1,True,0.00014363219088409096,0.9998563528060913
/content/Dataset/Test/Real/real_1070.jpg,1,1,True,0.000938882352784276,0.9990611672401428
/content/Dataset/Test/Real/real_1071.jpg,1,1,True,0.0054840086959302425,0.9945159554481506
/content/Dataset/Test/Real/real_1072.jpg,1,1,True,0.0004112337192054838,0.9995887875556946
/content/Dataset/Test/Real/real_1073.jpg,1,1,True,0.00023481299285776913,0.9997652173042297
/content/Dataset/Test/Real/real_1074.jpg,1,1,True,0.0004062060033902526,0.9995937943458557
/content/Dataset/Test/Real/real_1075.jpg,1,1,True,6.553871935466304e-05,0.9999344348907471
/content/Dataset/Test/Real/real_1076.jpg,1,1,True,6.056673009879887e-05,0.9999394416809082
/content/Dataset/Test/Real/real_1077.jpg,1,1,True,0.01035094354301691,0.9896490573883057
/content/Dataset/Test/Real/real_1078.jpg,1,1,True,0.1383826583623886,0.8616173267364502
/content/Dataset/Test/Real/real_1079.jpg,1,1,True,0.00620136596262455,0.9937986731529236
/content/Dataset/Test/Real/real_108.jpg,1,1,True,0.02848927676677704,0.971510648727417
/content/Dataset/Test/Real/real_1080.jpg,1,1,True,0.0006580533226951957,0.9993419051170349
/content/Dataset/Test/Real/real_1081.jpg,1,1,True,0.0013475521700456738,0.9986525177955627
/content/Dataset/Test/Real/real_1082.jpg,1,1,True,0.20171000063419342,0.7982900142669678
/content/Dataset/Test/Real/real_1083.jpg,1,1,True,0.0002004246780415997,0.9997995495796204
/content/Dataset/Test/Real/real_1084.jpg,1,0,False,0.942731499671936,0.05726851150393486
/content/Dataset/Test/Real/real_1085.jpg,1,1,True,0.0015844799345359206,0.998415470123291
/content/Dataset/Test/Real/real_1086.jpg,1,1,True,0.00035258964635431767,0.9996473789215088
/content/Dataset/Test/Real/real_1087.jpg,1,1,True,0.00022907603124622256,0.9997709393501282
/content/Dataset/Test/Real/real_1088.jpg,1,1,True,0.04111799970269203,0.9588819146156311
/content/Dataset/Test/Real/real_1089.jpg,1,1,True,0.005707941483706236,0.9942920207977295
/content/Dataset/Test/Real/real_109.jpg,1,1,True,0.00014217499119695276,0.9998577833175659
/content/Dataset/Test/Real/real_1090.jpg,1,0,False,0.5537971258163452,0.4462028741836548
/content/Dataset/Test/Real/real_1091.jpg,1,1,True,0.006804984994232655,0.9931950569152832
/content/Dataset/Test/Real/real_1092.jpg,1,1,True,0.005201839376240969,0.9947981834411621
/content/Dataset/Test/Real/real_1093.jpg,1,1,True,0.3495544195175171,0.6504455804824829
/content/Dataset/Test/Real/real_1094.jpg,1,1,True,0.21815478801727295,0.781845211982727
/content/Dataset/Test/Real/real_1095.jpg,1,1,True,0.001656885608099401,0.9983431100845337
/content/Dataset/Test/Real/real_1096.jpg,1,1,True,0.0008668156224302948,0.9991331696510315
/content/Dataset/Test/Real/real_1097.jpg,1,1,True,5.2638617489719763e-05,0.9999473094940186
/content/Dataset/Test/Real/real_1098.jpg,1,1,True,0.0004074719035997987,0.9995924830436707
/content/Dataset/Test/Real/real_1099.jpg,1,1,True,0.00025739340344443917,0.9997425675392151
/content/Dataset/Test/Real/real_11.jpg,1,1,True,0.003104100003838539,0.9968959093093872
/content/Dataset/Test/Real/real_110.jpg,1,1,True,0.012750121764838696,0.9872499108314514
/content/Dataset/Test/Real/real_1100.jpg,1,1,True,0.00019876005535479635,0.9998012185096741
/content/Dataset/Test/Real/real_1101.jpg,1,1,True,0.0010716409888118505,0.9989283680915833
/content/Dataset/Test/Real/real_1102.jpg,1,1,True,6.474317342508584e-05,0.9999352693557739
/content/Dataset/Test/Real/real_1103.jpg,1,1,True,0.0006077812286093831,0.9993921518325806
/content/Dataset/Test/Real/real_1104.jpg,1,1,True,0.00016926461830735207,0.9998307228088379
/content/Dataset/Test/Real/real_1105.jpg,1,1,True,0.002469514263793826,0.9975305199623108
/content/Dataset/Test/Real/real_1106.jpg,1,1,True,0.00034111712011508644,0.9996589422225952
/content/Dataset/Test/Real/real_1107.jpg,1,1,True,0.00041567679727450013,0.9995843768119812
/content/Dataset/Test/Real/real_1108.jpg,1,1,True,0.0001335474371444434,0.9998664855957031
/content/Dataset/Test/Real/real_1109.jpg,1,1,True,0.020065955817699432,0.9799340963363647
/content/Dataset/Test/Real/real_111.jpg,1,1,True,0.087997205555439,0.9120028018951416
/content/Dataset/Test/Real/real_1110.jpg,1,1,True,0.006739250849932432,0.9932606816291809
/content/Dataset/Test/Real/real_1111.jpg,1,1,True,8.750692359171808e-05,0.9999125003814697
/content/Dataset/Test/Real/real_1112.jpg,1,1,True,0.045666396617889404,0.9543336629867554
/content/Dataset/Test/Real/real_1113.jpg,1,1,True,0.00016378860163968056,0.9998362064361572
/content/Dataset/Test/Real/real_1114.jpg,1,1,True,5.8907742641167715e-05,0.9999411106109619
/content/Dataset/Test/Real/real_1115.jpg,1,1,True,0.004810741636902094,0.9951893091201782
/content/Dataset/Test/Real/real_1116.jpg,1,0,False,0.8697766661643982,0.1302233636379242
/content/Dataset/Test/Real/real_1117.jpg,1,1,True,0.0040825544856488705,0.9959174990653992
/content/Dataset/Test/Real/real_1118.jpg,1,1,True,0.0015340734971687198,0.998465895652771
/content/Dataset/Test/Real/real_1119.jpg,1,1,True,0.000153228611452505,0.9998466968536377
/content/Dataset/Test/Real/real_112.jpg,1,1,True,0.061604760587215424,0.9383952617645264
/content/Dataset/Test/Real/real_1120.jpg,1,1,True,0.11264368146657944,0.8873563408851624
/content/Dataset/Test/Real/real_1121.jpg,1,1,True,0.00010991094313794747,0.9998900890350342
/content/Dataset/Test/Real/real_1122.jpg,1,1,True,0.00014773306611459702,0.9998522996902466
/content/Dataset/Test/Real/real_1123.jpg,1,1,True,0.001028110971674323,0.9989719390869141
/content/Dataset/Test/Real/real_1124.jpg,1,0,False,0.8314236402511597,0.16857632994651794
/content/Dataset/Test/Real/real_1125.jpg,1,1,True,0.0003614828747231513,0.999638557434082
/content/Dataset/Test/Real/real_1126.jpg,1,1,True,0.06722579151391983,0.9327741861343384
/content/Dataset/Test/Real/real_1127.jpg,1,1,True,0.0017682185862213373,0.998231828212738
/content/Dataset/Test/Real/real_1128.jpg,1,1,True,0.009367702528834343,0.9906322956085205
/content/Dataset/Test/Real/real_1129.jpg,1,1,True,0.01995851844549179,0.9800414443016052
/content/Dataset/Test/Real/real_113.jpg,1,1,True,0.2161824256181717,0.7838175892829895
/content/Dataset/Test/Real/real_1130.jpg,1,0,False,0.9988620281219482,0.0011380452197045088
/content/Dataset/Test/Real/real_1131.jpg,1,1,True,0.17485010623931885,0.8251498341560364
/content/Dataset/Test/Real/real_1132.jpg,1,1,True,0.00012920594599563628,0.999870777130127
/content/Dataset/Test/Real/real_1133.jpg,1,1,True,0.00010116118210135028,0.9998987913131714
/content/Dataset/Test/Real/real_1134.jpg,1,1,True,0.00016865323414094746,0.9998313188552856
/content/Dataset/Test/Real/real_1135.jpg,1,1,True,0.02695750631392002,0.9730424880981445
/content/Dataset/Test/Real/real_1136.jpg,1,1,True,0.026209283620119095,0.97379070520401
/content/Dataset/Test/Real/real_1137.jpg,1,1,True,0.006295534782111645,0.9937044978141785
/content/Dataset/Test/Real/real_1138.jpg,1,1,True,0.0008526231977157295,0.9991474151611328
/content/Dataset/Test/Real/real_1139.jpg,1,1,True,0.0231967531144619,0.9768033027648926
/content/Dataset/Test/Real/real_114.jpg,1,0,False,0.8827908635139465,0.11720910668373108
/content/Dataset/Test/Real/real_1140.jpg,1,1,True,0.12354007363319397,0.8764599561691284
/content/Dataset/Test/Real/real_1141.jpg,1,1,True,8.513540524290875e-05,0.9999148845672607
/content/Dataset/Test/Real/real_1142.jpg,1,1,True,0.09651203453540802,0.903488039970398
/content/Dataset/Test/Real/real_1143.jpg,1,0,False,0.9575813412666321,0.04241863265633583
/content/Dataset/Test/Real/real_1144.jpg,1,1,True,7.60494513087906e-05,0.9999239444732666
/content/Dataset/Test/Real/real_1145.jpg,1,1,True,0.00018029769125860184,0.9998196959495544
/content/Dataset/Test/Real/real_1146.jpg,1,1,True,8.587518823333085e-05,0.9999141693115234
/content/Dataset/Test/Real/real_1147.jpg,1,1,True,0.017648424953222275,0.9823516011238098
/content/Dataset/Test/Real/real_1148.jpg,1,1,True,9.138543828157708e-05,0.9999085664749146
/content/Dataset/Test/Real/real_1149.jpg,1,1,True,0.00017321217455901206,0.9998268485069275
/content/Dataset/Test/Real/real_115.jpg,1,1,True,8.044760033953935e-05,0.9999195337295532
/content/Dataset/Test/Real/real_1150.jpg,1,0,False,0.778548002243042,0.2214520126581192
/content/Dataset/Test/Real/real_1151.jpg,1,1,True,0.12348663061857224,0.8765133619308472
/content/Dataset/Test/Real/real_1152.jpg,1,1,True,0.0030366007704287767,0.9969634413719177
/content/Dataset/Test/Real/real_1153.jpg,1,1,True,0.00034703980782069266,0.9996529817581177
/content/Dataset/Test/Real/real_1154.jpg,1,1,True,0.0002557946718297899,0.9997442364692688
/content/Dataset/Test/Real/real_1155.jpg,1,1,True,0.0002986914187204093,0.9997013211250305
/content/Dataset/Test/Real/real_1156.jpg,1,1,True,0.026822958141565323,0.9731770157814026
/content/Dataset/Test/Real/real_1157.jpg,1,1,True,0.0010631815530359745,0.9989368319511414
/content/Dataset/Test/Real/real_1158.jpg,1,1,True,0.0016451041446998715,0.9983548521995544
/content/Dataset/Test/Real/real_1159.jpg,1,1,True,0.039191845804452896,0.9608080983161926
/content/Dataset/Test/Real/real_116.jpg,1,0,False,0.9892076849937439,0.010792246088385582
/content/Dataset/Test/Real/real_1160.jpg,1,1,True,0.0017140834825113416,0.9982859492301941
/content/Dataset/Test/Real/real_1161.jpg,1,1,True,0.022776689380407333,0.9772233366966248
/content/Dataset/Test/Real/real_1162.jpg,1,1,True,0.0001401541958330199,0.9998598098754883
/content/Dataset/Test/Real/real_1163.jpg,1,1,True,0.00020951898477505893,0.9997904896736145
/content/Dataset/Test/Real/real_1164.jpg,1,1,True,0.00014887936413288116,0.9998511075973511
/content/Dataset/Test/Real/real_1165.jpg,1,1,True,0.020183702930808067,0.9798163175582886
/content/Dataset/Test/Real/real_1166.jpg,1,0,False,0.9718086123466492,0.028191400691866875
/content/Dataset/Test/Real/real_1167.jpg,1,1,True,9.426446922589093e-05,0.9999057054519653
/content/Dataset/Test/Real/real_1168.jpg,1,1,True,0.0038583679124712944,0.9961416125297546
/content/Dataset/Test/Real/real_1169.jpg,1,1,True,0.2205306589603424,0.77946937084198
/content/Dataset/Test/Real/real_117.jpg,1,1,True,0.34029340744018555,0.6597065925598145
/content/Dataset/Test/Real/real_1170.jpg,1,1,True,0.00014661795285064727,0.9998533725738525
/content/Dataset/Test/Real/real_1171.jpg,1,1,True,0.0011130382772535086,0.9988870024681091
/content/Dataset/Test/Real/real_1172.jpg,1,1,True,0.00044543363037519157,0.9995545744895935
/content/Dataset/Test/Real/real_1173.jpg,1,1,True,0.008603801019489765,0.9913962483406067
/content/Dataset/Test/Real/real_1174.jpg,1,1,True,5.927447637077421e-05,0.9999407529830933
/content/Dataset/Test/Real/real_1175.jpg,1,1,True,0.012579902075231075,0.9874201416969299
/content/Dataset/Test/Real/real_1176.jpg,1,1,True,0.23198242485523224,0.7680176496505737
/content/Dataset/Test/Real/real_1177.jpg,1,1,True,0.34982478618621826,0.6501752138137817
/content/Dataset/Test/Real/real_1178.jpg,1,1,True,0.0001683010923443362,0.9998316764831543
/content/Dataset/Test/Real/real_1179.jpg,1,1,True,7.681261922698468e-05,0.9999232292175293
/content/Dataset/Test/Real/real_118.jpg,1,0,False,0.6140323877334595,0.3859676420688629
/content/Dataset/Test/Real/real_1180.jpg,1,1,True,0.08539015054702759,0.9146099090576172
/content/Dataset/Test/Real/real_1181.jpg,1,1,True,0.0012537618167698383,0.9987461566925049
/content/Dataset/Test/Real/real_1182.jpg,1,1,True,0.00013397341535892338,0.9998660087585449
/content/Dataset/Test/Real/real_1183.jpg,1,1,True,0.0003297327784821391,0.9996702671051025
/content/Dataset/Test/Real/real_1184.jpg,1,0,False,0.8513303399085999,0.14866967499256134
/content/Dataset/Test/Real/real_1185.jpg,1,1,True,0.0003431766526773572,0.9996567964553833
/content/Dataset/Test/Real/real_1186.jpg,1,1,True,6.319465319393203e-05,0.9999368190765381
/content/Dataset/Test/Real/real_1187.jpg,1,1,True,0.032794103026390076,0.9672059416770935
/content/Dataset/Test/Real/real_1188.jpg,1,1,True,0.0035252452362328768,0.9964746832847595
/content/Dataset/Test/Real/real_1189.jpg,1,1,True,0.03176533058285713,0.968234658241272
/content/Dataset/Test/Real/real_119.jpg,1,1,True,0.0021994400303810835,0.9978005290031433
/content/Dataset/Test/Real/real_1190.jpg,1,1,True,0.0025657450314611197,0.9974343180656433
/content/Dataset/Test/Real/real_1191.jpg,1,1,True,0.033422164618968964,0.9665778279304504
/content/Dataset/Test/Real/real_1192.jpg,1,1,True,0.024099623784422874,0.9759003520011902
/content/Dataset/Test/Real/real_1193.jpg,1,1,True,0.00020975744700990617,0.9997902512550354
/content/Dataset/Test/Real/real_1194.jpg,1,1,True,0.00013380515156313777,0.9998661279678345
/content/Dataset/Test/Real/real_1195.jpg,1,1,True,0.0012517983559519053,0.9987481832504272
/content/Dataset/Test/Real/real_1196.jpg,1,1,True,0.0004479036433622241,0.9995520710945129
/content/Dataset/Test/Real/real_1197.jpg,1,1,True,0.000152974171214737,0.9998470544815063
/content/Dataset/Test/Real/real_1198.jpg,1,1,True,0.0020442786626517773,0.9979556798934937
/content/Dataset/Test/Real/real_1199.jpg,1,1,True,0.017259495332837105,0.9827405214309692
/content/Dataset/Test/Real/real_12.jpg,1,1,True,0.0002963586011901498,0.999703586101532
/content/Dataset/Test/Real/real_120.jpg,1,1,True,0.007676571607589722,0.9923233985900879
/content/Dataset/Test/Real/real_1200.jpg,1,1,True,0.02182089164853096,0.9781791567802429
/content/Dataset/Test/Real/real_1201.jpg,1,1,True,0.0003907861828338355,0.9996092915534973
/content/Dataset/Test/Real/real_1202.jpg,1,1,True,0.21126064658164978,0.7887393832206726
/content/Dataset/Test/Real/real_1203.jpg,1,1,True,0.0026671597734093666,0.9973328113555908
/content/Dataset/Test/Real/real_1204.jpg,1,1,True,0.010721452534198761,0.9892784953117371
/content/Dataset/Test/Real/real_1205.jpg,1,1,True,0.0004457636969164014,0.9995542168617249
/content/Dataset/Test/Real/real_1206.jpg,1,1,True,0.4297117292881012,0.5702883005142212
/content/Dataset/Test/Real/real_1207.jpg,1,1,True,0.0020556326489895582,0.9979444146156311
/content/Dataset/Test/Real/real_1208.jpg,1,1,True,0.006032136268913746,0.9939678907394409
/content/Dataset/Test/Real/real_1209.jpg,1,1,True,0.0004719039425253868,0.999528169631958
/content/Dataset/Test/Real/real_121.jpg,1,1,True,0.010194888338446617,0.9898051023483276
/content/Dataset/Test/Real/real_1210.jpg,1,1,True,0.00020967888121958822,0.999790370464325
/content/Dataset/Test/Real/real_1211.jpg,1,1,True,0.00046301097609102726,0.9995369911193848
/content/Dataset/Test/Real/real_1212.jpg,1,1,True,0.0006654851022176445,0.9993345141410828
/content/Dataset/Test/Real/real_1213.jpg,1,1,True,0.0005512916832230985,0.9994487166404724
/content/Dataset/Test/Real/real_1214.jpg,1,1,True,0.00017055227363016456,0.9998294115066528
/content/Dataset/Test/Real/real_1215.jpg,1,1,True,0.21850444376468658,0.7814955711364746
/content/Dataset/Test/Real/real_1216.jpg,1,1,True,0.0018104988848790526,0.9981895089149475
/content/Dataset/Test/Real/real_1217.jpg,1,1,True,0.28439316153526306,0.7156068086624146
/content/Dataset/Test/Real/real_1218.jpg,1,1,True,0.0038010943681001663,0.996198832988739
/content/Dataset/Test/Real/real_1219.jpg,1,1,True,0.00015014303789939731,0.999849796295166
/content/Dataset/Test/Real/real_122.jpg,1,1,True,0.0051326085813343525,0.9948673248291016
/content/Dataset/Test/Real/real_1220.jpg,1,1,True,6.153219874249771e-05,0.9999384880065918
/content/Dataset/Test/Real/real_1221.jpg,1,1,True,5.731551209464669e-05,0.9999426603317261
/content/Dataset/Test/Real/real_1222.jpg,1,1,True,8.819276263238862e-05,0.9999117851257324
/content/Dataset/Test/Real/real_1223.jpg,1,1,True,0.009989605285227299,0.9900104403495789
/content/Dataset/Test/Real/real_1224.jpg,1,1,True,0.0007070861756801605,0.9992928504943848
/content/Dataset/Test/Real/real_1225.jpg,1,0,False,0.6086300611495972,0.39136990904808044
/content/Dataset/Test/Real/real_1226.jpg,1,1,True,0.0005755212623625994,0.9994244575500488
/content/Dataset/Test/Real/real_1227.jpg,1,1,True,0.21360045671463013,0.7863995432853699
/content/Dataset/Test/Real/real_1228.jpg,1,1,True,0.00010561875387793407,0.999894380569458
/content/Dataset/Test/Real/real_1229.jpg,1,1,True,8.95069315447472e-05,0.9999104738235474
/content/Dataset/Test/Real/real_123.jpg,1,1,True,0.0008965932065621018,0.9991033673286438
/content/Dataset/Test/Real/real_1230.jpg,1,1,True,5.347235128283501e-05,0.9999464750289917
/content/Dataset/Test/Real/real_1231.jpg,1,1,True,0.005506698973476887,0.9944933652877808
/content/Dataset/Test/Real/real_1232.jpg,1,1,True,0.0007571609457954764,0.999242901802063
/content/Dataset/Test/Real/real_1233.jpg,1,1,True,4.453698784345761e-05,0.999955415725708
/content/Dataset/Test/Real/real_1234.jpg,1,1,True,0.011802565306425095,0.988197386264801
/content/Dataset/Test/Real/real_1235.jpg,1,1,True,0.2671610116958618,0.7328389286994934
/content/Dataset/Test/Real/real_1236.jpg,1,1,True,0.25730428099632263,0.742695689201355
/content/Dataset/Test/Real/real_1237.jpg,1,1,True,4.457157774595544e-05,0.999955415725708
/content/Dataset/Test/Real/real_1238.jpg,1,1,True,0.00011246668873354793,0.9998874664306641
/content/Dataset/Test/Real/real_1239.jpg,1,0,False,0.9927377104759216,0.00726229976862669
/content/Dataset/Test/Real/real_124.jpg,1,1,True,0.011079891584813595,0.9889201521873474
/content/Dataset/Test/Real/real_1240.jpg,1,1,True,7.296704279724509e-05,0.9999270439147949
/content/Dataset/Test/Real/real_1241.jpg,1,0,False,0.5705530643463135,0.42944687604904175
/content/Dataset/Test/Real/real_1242.jpg,1,1,True,0.0043541197665035725,0.9956458210945129
/content/Dataset/Test/Real/real_1243.jpg,1,1,True,0.0003971674886997789,0.9996028542518616
/content/Dataset/Test/Real/real_1244.jpg,1,1,True,0.0001089324287022464,0.9998910427093506
/content/Dataset/Test/Real/real_1245.jpg,1,0,False,0.8578767776489258,0.142123281955719
/content/Dataset/Test/Real/real_1246.jpg,1,0,False,0.916546642780304,0.08345333486795425
/content/Dataset/Test/Real/real_1247.jpg,1,1,True,0.16087032854557037,0.8391296863555908
/content/Dataset/Test/Real/real_1248.jpg,1,1,True,0.0004341559251770377,0.9995657801628113
/content/Dataset/Test/Real/real_1249.jpg,1,1,True,0.09605260193347931,0.9039473533630371
/content/Dataset/Test/Real/real_125.jpg,1,1,True,0.00017407929408363998,0.9998258948326111
/content/Dataset/Test/Real/real_1250.jpg,1,1,True,0.019324330613017082,0.9806756377220154
/content/Dataset/Test/Real/real_1251.jpg,1,1,True,0.0014940035762265325,0.9985060691833496
/content/Dataset/Test/Real/real_1252.jpg,1,1,True,0.43000227212905884,0.5699976682662964
/content/Dataset/Test/Real/real_1253.jpg,1,1,True,0.1086963340640068,0.8913036584854126
/content/Dataset/Test/Real/real_1254.jpg,1,1,True,7.057772745611146e-05,0.9999294281005859
/content/Dataset/Test/Real/real_1255.jpg,1,1,True,0.0037692971527576447,0.9962306618690491
/content/Dataset/Test/Real/real_1256.jpg,1,0,False,0.9646530151367188,0.035346996039152145
/content/Dataset/Test/Real/real_1257.jpg,1,1,True,0.0009984261123463511,0.9990015625953674
/content/Dataset/Test/Real/real_1258.jpg,1,1,True,0.00011119598639197648,0.9998887777328491
/content/Dataset/Test/Real/real_1259.jpg,1,0,False,0.8976655006408691,0.10233446210622787
/content/Dataset/Test/Real/real_126.jpg,1,1,True,0.042297132313251495,0.9577028155326843
/content/Dataset/Test/Real/real_1260.jpg,1,1,True,0.0029150471091270447,0.99708491563797
/content/Dataset/Test/Real/real_1261.jpg,1,1,True,6.252340972423553e-05,0.9999374151229858
/content/Dataset/Test/Real/real_1262.jpg,1,1,True,0.09251752495765686,0.9074824452400208
/content/Dataset/Test/Real/real_1263.jpg,1,1,True,0.3330330550670624,0.6669669151306152
/content/Dataset/Test/Real/real_1264.jpg,1,1,True,0.00034209442674182355,0.9996578693389893
/content/Dataset/Test/Real/real_1265.jpg,1,1,True,0.0005205170600675046,0.9994794726371765
/content/Dataset/Test/Real/real_1266.jpg,1,1,True,9.876168769551441e-05,0.9999011754989624
/content/Dataset/Test/Real/real_1267.jpg,1,1,True,0.2774505913257599,0.7225494384765625
/content/Dataset/Test/Real/real_1268.jpg,1,1,True,0.005637520458549261,0.994362473487854
/content/Dataset/Test/Real/real_1269.jpg,1,0,False,0.9624700546264648,0.03752996399998665
/content/Dataset/Test/Real/real_127.jpg,1,1,True,0.023303978145122528,0.9766960740089417
/content/Dataset/Test/Real/real_1270.jpg,1,1,True,0.3859374225139618,0.6140625476837158
/content/Dataset/Test/Real/real_1271.jpg,1,1,True,0.0010336781851947308,0.9989663362503052
/content/Dataset/Test/Real/real_1272.jpg,1,1,True,0.01185034029185772,0.9881496429443359
/content/Dataset/Test/Real/real_1273.jpg,1,0,False,0.7277328968048096,0.27226704359054565
/content/Dataset/Test/Real/real_1274.jpg,1,1,True,0.006135954055935144,0.9938640594482422
/content/Dataset/Test/Real/real_1275.jpg,1,1,True,0.00010985120752593502,0.9998900890350342
/content/Dataset/Test/Real/real_1276.jpg,1,1,True,0.005253336392343044,0.9947466254234314
/content/Dataset/Test/Real/real_1277.jpg,1,1,True,0.0010517565533518791,0.9989482760429382
/content/Dataset/Test/Real/real_1278.jpg,1,1,True,0.011779407039284706,0.9882205724716187
/content/Dataset/Test/Real/real_1279.jpg,1,1,True,0.009925344958901405,0.9900746941566467
/content/Dataset/Test/Real/real_128.jpg,1,0,False,0.5115641355514526,0.488435834646225
/content/Dataset/Test/Real/real_1280.jpg,1,1,True,9.369986946694553e-05,0.9999063014984131
/content/Dataset/Test/Real/real_1281.jpg,1,1,True,0.02862437628209591,0.9713757038116455
/content/Dataset/Test/Real/real_1282.jpg,1,1,True,8.528564649168402e-05,0.9999147653579712
/content/Dataset/Test/Real/real_1283.jpg,1,1,True,0.0008216829737648368,0.9991783499717712
/content/Dataset/Test/Real/real_1284.jpg,1,1,True,9.610517008695751e-05,0.9999039173126221
/content/Dataset/Test/Real/real_1285.jpg,1,1,True,0.0008441953686997294,0.9991557598114014
/content/Dataset/Test/Real/real_1286.jpg,1,1,True,0.30169230699539185,0.6983076930046082
/content/Dataset/Test/Real/real_1287.jpg,1,1,True,0.0027566077187657356,0.9972434043884277
/content/Dataset/Test/Real/real_1288.jpg,1,1,True,0.0003879501309711486,0.999612033367157
/content/Dataset/Test/Real/real_1289.jpg,1,1,True,0.09199437499046326,0.9080055952072144
/content/Dataset/Test/Real/real_129.jpg,1,1,True,0.007145407143980265,0.992854654788971
/content/Dataset/Test/Real/real_1290.jpg,1,0,False,0.9096381068229675,0.09036194533109665
/content/Dataset/Test/Real/real_1291.jpg,1,1,True,0.12947426736354828,0.8705257177352905
/content/Dataset/Test/Real/real_1292.jpg,1,1,True,0.0010697238612920046,0.9989302754402161
/content/Dataset/Test/Real/real_1293.jpg,1,1,True,0.2542289197444916,0.7457711100578308
/content/Dataset/Test/Real/real_1294.jpg,1,1,True,0.007862544618546963,0.9921374917030334
/content/Dataset/Test/Real/real_1295.jpg,1,1,True,0.0006493453402072191,0.9993506073951721
/content/Dataset/Test/Real/real_1296.jpg,1,1,True,0.00010037746687885374,0.9998996257781982
/content/Dataset/Test/Real/real_1297.jpg,1,1,True,0.17287877202033997,0.8271211981773376
/content/Dataset/Test/Real/real_1298.jpg,1,1,True,0.01836482062935829,0.9816352128982544
/content/Dataset/Test/Real/real_1299.jpg,1,1,True,0.0006274639745242894,0.9993725419044495
/content/Dataset/Test/Real/real_13.jpg,1,1,True,0.00043583824299275875,0.9995641112327576
/content/Dataset/Test/Real/real_130.jpg,1,0,False,0.8514899015426636,0.14851003885269165
/content/Dataset/Test/Real/real_1300.jpg,1,0,False,0.988902747631073,0.011097260750830173
/content/Dataset/Test/Real/real_1301.jpg,1,1,True,0.00022785204055253416,0.9997721314430237
/content/Dataset/Test/Real/real_1302.jpg,1,1,True,0.008797227405011654,0.9912028312683105
/content/Dataset/Test/Real/real_1303.jpg,1,0,False,0.9784391522407532,0.021560896188020706
/content/Dataset/Test/Real/real_1304.jpg,1,1,True,0.289098858833313,0.710901141166687
/content/Dataset/Test/Real/real_1305.jpg,1,1,True,0.0014672602992504835,0.998532772064209
/content/Dataset/Test/Real/real_1306.jpg,1,1,True,0.0006654657190665603,0.9993345141410828
/content/Dataset/Test/Real/real_1307.jpg,1,1,True,0.0010492712026461959,0.998950719833374
/content/Dataset/Test/Real/real_1308.jpg,1,1,True,0.002529262565076351,0.9974707365036011
/content/Dataset/Test/Real/real_1309.jpg,1,1,True,0.0007882670033723116,0.9992116689682007
/content/Dataset/Test/Real/real_131.jpg,1,0,False,0.5578188300132751,0.44218116998672485
/content/Dataset/Test/Real/real_1310.jpg,1,1,True,0.350301057100296,0.6496989130973816
/content/Dataset/Test/Real/real_1311.jpg,1,1,True,0.00018667893891688436,0.9998133778572083
/content/Dataset/Test/Real/real_1312.jpg,1,1,True,7.342549361055717e-05,0.9999265670776367
/content/Dataset/Test/Real/real_1313.jpg,1,1,True,6.048684736015275e-05,0.9999395608901978
/content/Dataset/Test/Real/real_1314.jpg,1,0,False,0.8811946511268616,0.11880537867546082
/content/Dataset/Test/Real/real_1315.jpg,1,1,True,0.0036510759964585304,0.9963488578796387
/content/Dataset/Test/Real/real_1316.jpg,1,1,True,0.0007535276818089187,0.9992464780807495
/content/Dataset/Test/Real/real_1317.jpg,1,1,True,0.09188135713338852,0.9081186652183533
/content/Dataset/Test/Real/real_1318.jpg,1,1,True,0.0009000735590234399,0.9990999698638916
/content/Dataset/Test/Real/real_1319.jpg,1,1,True,0.00013206085714045912,0.9998679161071777
/content/Dataset/Test/Real/real_132.jpg,1,0,False,0.9738696217536926,0.02613038383424282
/content/Dataset/Test/Real/real_1320.jpg,1,1,True,7.36312722438015e-05,0.9999263286590576
/content/Dataset/Test/Real/real_1321.jpg,1,1,True,0.037092868238687515,0.9629071354866028
/content/Dataset/Test/Real/real_1322.jpg,1,1,True,0.021010352298617363,0.9789896607398987
/content/Dataset/Test/Real/real_1323.jpg,1,1,True,0.00013850809773430228,0.999861478805542
/content/Dataset/Test/Real/real_1324.jpg,1,1,True,0.008599328808486462,0.9914006590843201
/content/Dataset/Test/Real/real_1325.jpg,1,1,True,0.06894931942224503,0.9310506582260132
/content/Dataset/Test/Real/real_1326.jpg,1,0,False,0.9961488246917725,0.003851177403703332
/content/Dataset/Test/Real/real_1327.jpg,1,1,True,4.6285716962302104e-05,0.9999537467956543
/content/Dataset/Test/Real/real_1328.jpg,1,1,True,0.06082599237561226,0.9391739964485168
/content/Dataset/Test/Real/real_1329.jpg,1,1,True,0.07222235947847366,0.9277775883674622
/content/Dataset/Test/Real/real_133.jpg,1,1,True,0.0002098990953527391,0.9997901320457458
/content/Dataset/Test/Real/real_1330.jpg,1,1,True,8.138215343933553e-05,0.9999185800552368
/content/Dataset/Test/Real/real_1331.jpg,1,1,True,0.00199544383212924,0.9980046153068542
/content/Dataset/Test/Real/real_1332.jpg,1,1,True,0.009086553007364273,0.9909135103225708
/content/Dataset/Test/Real/real_1333.jpg,1,1,True,0.0005487448652274907,0.999451220035553
/content/Dataset/Test/Real/real_1334.jpg,1,1,True,0.0006300659733824432,0.9993699193000793
/content/Dataset/Test/Real/real_1335.jpg,1,1,True,0.0055323936976492405,0.9944676160812378
/content/Dataset/Test/Real/real_1336.jpg,1,1,True,0.001115458901040256,0.9988844990730286
/content/Dataset/Test/Real/real_1337.jpg,1,1,True,8.970319322543219e-05,0.9999102354049683
/content/Dataset/Test/Real/real_1338.jpg,1,0,False,0.8840222358703613,0.11597780138254166
/content/Dataset/Test/Real/real_1339.jpg,1,1,True,0.0010588978184387088,0.9989411234855652
/content/Dataset/Test/Real/real_134.jpg,1,1,True,8.658085425850004e-05,0.9999134540557861
/content/Dataset/Test/Real/real_1340.jpg,1,1,True,0.011800563894212246,0.9881994724273682
/content/Dataset/Test/Real/real_1341.jpg,1,1,True,0.0021422458812594414,0.9978577494621277
/content/Dataset/Test/Real/real_1342.jpg,1,0,False,0.9249019026756287,0.07509805262088776
/content/Dataset/Test/Real/real_1343.jpg,1,1,True,0.00013296835822984576,0.9998669624328613
/content/Dataset/Test/Real/real_1344.jpg,1,1,True,0.07815387845039368,0.9218461513519287
/content/Dataset/Test/Real/real_1345.jpg,1,1,True,0.000174339089426212,0.999825656414032
/content/Dataset/Test/Real/real_1346.jpg,1,1,True,0.01663881167769432,0.9833611845970154
/content/Dataset/Test/Real/real_1347.jpg,1,1,True,0.00012914939725305885,0.999870777130127
/content/Dataset/Test/Real/real_1348.jpg,1,1,True,0.0038880943320691586,0.9961119294166565
/content/Dataset/Test/Real/real_1349.jpg,1,0,False,0.9835597276687622,0.016440201550722122
/content/Dataset/Test/Real/real_135.jpg,1,1,True,0.00035384015063755214,0.9996461868286133
/content/Dataset/Test/Real/real_1350.jpg,1,1,True,0.026653066277503967,0.973347008228302
/content/Dataset/Test/Real/real_1351.jpg,1,1,True,0.0036374367773532867,0.9963626265525818
/content/Dataset/Test/Real/real_1352.jpg,1,1,True,0.0002093177317874506,0.9997907280921936
/content/Dataset/Test/Real/real_1353.jpg,1,1,True,3.9761365769663826e-05,0.99996018409729
/content/Dataset/Test/Real/real_1354.jpg,1,1,True,0.009817595593631268,0.9901823401451111
/content/Dataset/Test/Real/real_1355.jpg,1,1,True,0.0001603411219548434,0.9998396635055542
/content/Dataset/Test/Real/real_1356.jpg,1,1,True,0.00490463525056839,0.9950953722000122
/content/Dataset/Test/Real/real_1357.jpg,1,1,True,0.14270587265491486,0.8572941422462463
/content/Dataset/Test/Real/real_1358.jpg,1,1,True,0.007189164403825998,0.9928107857704163
/content/Dataset/Test/Real/real_1359.jpg,1,1,True,0.0001134970661951229,0.9998865127563477
/content/Dataset/Test/Real/real_136.jpg,1,1,True,0.23542016744613647,0.7645798921585083
/content/Dataset/Test/Real/real_1360.jpg,1,1,True,0.00037832147791050375,0.9996216297149658
/content/Dataset/Test/Real/real_1361.jpg,1,1,True,0.00016505600069649518,0.9998348951339722
/content/Dataset/Test/Real/real_1362.jpg,1,0,False,0.9979833364486694,0.002016653772443533
/content/Dataset/Test/Real/real_1363.jpg,1,0,False,0.9579577445983887,0.042042288929224014
/content/Dataset/Test/Real/real_1364.jpg,1,0,False,0.5573666095733643,0.4426334500312805
/content/Dataset/Test/Real/real_1365.jpg,1,1,True,5.0222450227010995e-05,0.9999498128890991
/content/Dataset/Test/Real/real_1366.jpg,1,1,True,0.0003754255303647369,0.9996246099472046
/content/Dataset/Test/Real/real_1367.jpg,1,1,True,0.0015086554922163486,0.9984912872314453
/content/Dataset/Test/Real/real_1368.jpg,1,1,True,0.14430981874465942,0.8556901812553406
/content/Dataset/Test/Real/real_1369.jpg,1,1,True,0.0005576775292865932,0.9994422793388367
/content/Dataset/Test/Real/real_137.jpg,1,1,True,0.1770729124546051,0.8229271173477173
/content/Dataset/Test/Real/real_1370.jpg,1,1,True,0.015586690045893192,0.9844132661819458
/content/Dataset/Test/Real/real_1371.jpg,1,1,True,0.02322491444647312,0.9767751097679138
/content/Dataset/Test/Real/real_1372.jpg,1,1,True,0.00045302504440769553,0.9995469450950623
/content/Dataset/Test/Real/real_1373.jpg,1,1,True,0.00020594180386979133,0.999794065952301
/content/Dataset/Test/Real/real_1374.jpg,1,1,True,0.1787954419851303,0.8212046027183533
/content/Dataset/Test/Real/real_1375.jpg,1,1,True,0.006658237427473068,0.9933417439460754
/content/Dataset/Test/Real/real_1376.jpg,1,1,True,0.05260620266199112,0.9473937749862671
/content/Dataset/Test/Real/real_1377.jpg,1,1,True,0.01374901831150055,0.9862509965896606
/content/Dataset/Test/Real/real_1378.jpg,1,1,True,0.000978526077233255,0.9990214109420776
/content/Dataset/Test/Real/real_1379.jpg,1,1,True,0.001963261282071471,0.998036801815033
/content/Dataset/Test/Real/real_138.jpg,1,1,True,0.022440217435359955,0.9775598049163818
/content/Dataset/Test/Real/real_1380.jpg,1,1,True,0.00021142723562661558,0.9997885823249817
/content/Dataset/Test/Real/real_1381.jpg,1,1,True,0.0033826418220996857,0.9966173768043518
/content/Dataset/Test/Real/real_1382.jpg,1,1,True,0.23087440431118011,0.7691255807876587
/content/Dataset/Test/Real/real_1383.jpg,1,1,True,9.419367415830493e-05,0.9999058246612549
/content/Dataset/Test/Real/real_1384.jpg,1,1,True,0.0005054821376688778,0.9994945526123047
/content/Dataset/Test/Real/real_1385.jpg,1,1,True,0.0008552366634830832,0.9991447925567627
/content/Dataset/Test/Real/real_1386.jpg,1,1,True,0.00027737754862755537,0.9997226595878601
/content/Dataset/Test/Real/real_1387.jpg,1,1,True,0.00011936273949686438,0.9998806715011597
/content/Dataset/Test/Real/real_1388.jpg,1,1,True,0.012294282205402851,0.987705647945404
/content/Dataset/Test/Real/real_1389.jpg,1,1,True,6.991416012169793e-05,0.9999300241470337
/content/Dataset/Test/Real/real_139.jpg,1,1,True,0.006362976972013712,0.9936370849609375
/content/Dataset/Test/Real/real_1390.jpg,1,1,True,0.023363890126347542,0.9766361117362976
/content/Dataset/Test/Real/real_1391.jpg,1,1,True,0.1865765005350113,0.8134235143661499
/content/Dataset/Test/Real/real_1392.jpg,1,0,False,0.9970583915710449,0.0029416687320917845
/content/Dataset/Test/Real/real_1393.jpg,1,1,True,0.07920072227716446,0.920799195766449
/content/Dataset/Test/Real/real_1394.jpg,1,1,True,0.0014588722260668874,0.9985411167144775
/content/Dataset/Test/Real/real_1395.jpg,1,1,True,9.829219925450161e-05,0.9999016523361206
/content/Dataset/Test/Real/real_1396.jpg,1,1,True,0.06985699385404587,0.9301429986953735
/content/Dataset/Test/Real/real_1397.jpg,1,1,True,0.0033611212857067585,0.9966388940811157
/content/Dataset/Test/Real/real_1398.jpg,1,1,True,0.00014555260713677853,0.9998544454574585
/content/Dataset/Test/Real/real_1399.jpg,1,1,True,5.601222437690012e-05,0.9999439716339111
/content/Dataset/Test/Real/real_14.jpg,1,1,True,0.0003160410560667515,0.9996839761734009
/content/Dataset/Test/Real/real_140.jpg,1,1,True,0.0016010635299608111,0.9983989596366882
/content/Dataset/Test/Real/real_1400.jpg,1,1,True,0.0022867226507514715,0.9977133274078369
/content/Dataset/Test/Real/real_1401.jpg,1,1,True,0.060430657118558884,0.9395692944526672
/content/Dataset/Test/Real/real_1402.jpg,1,0,False,0.522570788860321,0.47742924094200134
/content/Dataset/Test/Real/real_1403.jpg,1,0,False,0.9989022016525269,0.001097728731110692
/content/Dataset/Test/Real/real_1404.jpg,1,1,True,0.00014093119534663856,0.999859094619751
/content/Dataset/Test/Real/real_1405.jpg,1,0,False,0.9780289530754089,0.021971052512526512
/content/Dataset/Test/Real/real_1406.jpg,1,1,True,0.00017572798242326826,0.9998243451118469
/content/Dataset/Test/Real/real_1407.jpg,1,1,True,0.009493691846728325,0.9905063509941101
/content/Dataset/Test/Real/real_1408.jpg,1,1,True,0.010595913045108318,0.9894040822982788
/content/Dataset/Test/Real/real_1409.jpg,1,1,True,0.004055601544678211,0.9959444403648376
/content/Dataset/Test/Real/real_141.jpg,1,1,True,8.349118434125558e-05,0.9999165534973145
/content/Dataset/Test/Real/real_1410.jpg,1,1,True,0.00025715178344398737,0.9997428059577942
/content/Dataset/Test/Real/real_1411.jpg,1,1,True,0.0009380539413541555,0.9990620017051697
/content/Dataset/Test/Real/real_1412.jpg,1,1,True,0.00011876441567437723,0.9998812675476074
/content/Dataset/Test/Real/real_1413.jpg,1,1,True,0.0005298139294609427,0.9994701743125916
/content/Dataset/Test/Real/real_1414.jpg,1,1,True,0.47681546211242676,0.5231845378875732
/content/Dataset/Test/Real/real_1415.jpg,1,1,True,0.0026374224107712507,0.9973625540733337
/content/Dataset/Test/Real/real_1416.jpg,1,1,True,0.005757478065788746,0.9942424893379211
/content/Dataset/Test/Real/real_1417.jpg,1,1,True,0.0015072011156007648,0.9984928369522095
/content/Dataset/Test/Real/real_1418.jpg,1,1,True,0.00015972038090694696,0.999840259552002
/content/Dataset/Test/Real/real_1419.jpg,1,1,True,0.023086490109562874,0.9769135117530823
/content/Dataset/Test/Real/real_142.jpg,1,1,True,0.00031357191619463265,0.9996864795684814
/content/Dataset/Test/Real/real_1420.jpg,1,1,True,0.0017828565323725343,0.9982171654701233
/content/Dataset/Test/Real/real_1421.jpg,1,1,True,0.0009669767459854484,0.9990330934524536
/content/Dataset/Test/Real/real_1422.jpg,1,1,True,7.301151345018297e-05,0.9999269247055054
/content/Dataset/Test/Real/real_1423.jpg,1,1,True,0.0023737619630992413,0.9976262450218201
/content/Dataset/Test/Real/real_1424.jpg,1,0,False,0.8386187553405762,0.16138119995594025
/content/Dataset/Test/Real/real_1425.jpg,1,1,True,0.13494788110256195,0.8650521636009216
/content/Dataset/Test/Real/real_1426.jpg,1,1,True,0.0007724351598881185,0.9992275238037109
/content/Dataset/Test/Real/real_1427.jpg,1,1,True,7.1660106186755e-05,0.99992835521698
/content/Dataset/Test/Real/real_1428.jpg,1,1,True,0.0018857026007026434,0.9981143474578857
/content/Dataset/Test/Real/real_1429.jpg,1,1,True,0.00014476722571998835,0.9998551607131958
/content/Dataset/Test/Real/real_143.jpg,1,1,True,0.06870956718921661,0.9312904477119446
/content/Dataset/Test/Real/real_1430.jpg,1,1,True,0.00042128204950131476,0.9995787739753723
/content/Dataset/Test/Real/real_1431.jpg,1,1,True,0.00026102305855602026,0.9997389912605286
/content/Dataset/Test/Real/real_1432.jpg,1,1,True,0.054084502160549164,0.9459155201911926
/content/Dataset/Test/Real/real_1433.jpg,1,1,True,8.529783372068778e-05,0.9999146461486816
/content/Dataset/Test/Real/real_1434.jpg,1,1,True,0.00532594695687294,0.9946739673614502
/content/Dataset/Test/Real/real_1435.jpg,1,1,True,0.012861700728535652,0.9871382713317871
/content/Dataset/Test/Real/real_1436.jpg,1,1,True,9.485246118856594e-05,0.9999051094055176
/content/Dataset/Test/Real/real_1437.jpg,1,1,True,6.842769653303549e-05,0.9999315738677979
/content/Dataset/Test/Real/real_1438.jpg,1,1,True,0.005394835490733385,0.9946051239967346
/content/Dataset/Test/Real/real_1439.jpg,1,1,True,0.00010438618483021855,0.9998955726623535
/content/Dataset/Test/Real/real_144.jpg,1,1,True,0.0005750628770329058,0.999424934387207
/content/Dataset/Test/Real/real_1440.jpg,1,1,True,0.000927151704672724,0.999072790145874
/content/Dataset/Test/Real/real_1441.jpg,1,1,True,0.0001345560885965824,0.9998654127120972
/content/Dataset/Test/Real/real_1442.jpg,1,1,True,6.74653856549412e-05,0.9999325275421143
/content/Dataset/Test/Real/real_1443.jpg,1,1,True,0.004809915088117123,0.9951900243759155
/content/Dataset/Test/Real/real_1444.jpg,1,1,True,0.0007379477028734982,0.9992620348930359
/content/Dataset/Test/Real/real_1445.jpg,1,1,True,0.000821433262899518,0.9991785883903503
/content/Dataset/Test/Real/real_1446.jpg,1,1,True,7.988252764334902e-05,0.999920129776001
/content/Dataset/Test/Real/real_1447.jpg,1,0,False,0.9878770112991333,0.012122996151447296
/content/Dataset/Test/Real/real_1448.jpg,1,1,True,0.002062153769657016,0.9979378581047058
/content/Dataset/Test/Real/real_1449.jpg,1,1,True,0.00018978220759890974,0.9998102784156799
/content/Dataset/Test/Real/real_145.jpg,1,1,True,6.129412940936163e-05,0.9999387264251709
/content/Dataset/Test/Real/real_1450.jpg,1,1,True,0.001492390874773264,0.998507559299469
/content/Dataset/Test/Real/real_1451.jpg,1,1,True,6.612891593249515e-05,0.9999338388442993
/content/Dataset/Test/Real/real_1452.jpg,1,1,True,0.0003799276892095804,0.9996200799942017
/content/Dataset/Test/Real/real_1453.jpg,1,1,True,0.0007697476539760828,0.9992302656173706
/content/Dataset/Test/Real/real_1454.jpg,1,1,True,0.00450369156897068,0.9954962730407715
/content/Dataset/Test/Real/real_1455.jpg,1,1,True,6.76088166073896e-05,0.9999324083328247
/content/Dataset/Test/Real/real_1456.jpg,1,1,True,0.23534013330936432,0.7646598815917969
/content/Dataset/Test/Real/real_1457.jpg,1,1,True,0.00027536071138456464,0.9997245669364929
/content/Dataset/Test/Real/real_1458.jpg,1,1,True,0.017110904678702354,0.9828891754150391
/content/Dataset/Test/Real/real_1459.jpg,1,1,True,8.458981028525159e-05,0.999915361404419
/content/Dataset/Test/Real/real_146.jpg,1,1,True,9.87057646852918e-05,0.999901294708252
/content/Dataset/Test/Real/real_1460.jpg,1,1,True,0.00044017258915118873,0.9995598196983337
/content/Dataset/Test/Real/real_1461.jpg,1,0,False,0.94972163438797,0.05027833580970764
/content/Dataset/Test/Real/real_1462.jpg,1,1,True,0.003090611658990383,0.9969094395637512
/content/Dataset/Test/Real/real_1463.jpg,1,1,True,0.00836437288671732,0.9916356801986694
/content/Dataset/Test/Real/real_1464.jpg,1,1,True,4.783896292792633e-05,0.9999521970748901
/content/Dataset/Test/Real/real_1465.jpg,1,1,True,0.2074638158082962,0.792536199092865
/content/Dataset/Test/Real/real_1466.jpg,1,1,True,0.04060132056474686,0.9593986868858337
/content/Dataset/Test/Real/real_1467.jpg,1,1,True,4.424848157214001e-05,0.9999557733535767
/content/Dataset/Test/Real/real_1468.jpg,1,1,True,6.1031023506075144e-05,0.99993896484375
/content/Dataset/Test/Real/real_1469.jpg,1,1,True,0.0002171800733776763,0.9997828602790833
/content/Dataset/Test/Real/real_147.jpg,1,1,True,0.017173200845718384,0.982826828956604
/content/Dataset/Test/Real/real_1470.jpg,1,1,True,0.0002413973124930635,0.9997586607933044
/content/Dataset/Test/Real/real_1471.jpg,1,1,True,0.0007443473441526294,0.9992555975914001
/content/Dataset/Test/Real/real_1472.jpg,1,1,True,0.3525296151638031,0.6474703550338745
/content/Dataset/Test/Real/real_1473.jpg,1,1,True,0.4530348479747772,0.5469651222229004
/content/Dataset/Test/Real/real_1474.jpg,1,1,True,0.0008151698275469244,0.999184787273407
/content/Dataset/Test/Real/real_1475.jpg,1,1,True,0.0006376911769621074,0.9993622899055481
/content/Dataset/Test/Real/real_1476.jpg,1,1,True,6.051350283087231e-05,0.9999394416809082
/content/Dataset/Test/Real/real_1477.jpg,1,1,True,7.074228051351383e-05,0.9999293088912964
/content/Dataset/Test/Real/real_1478.jpg,1,1,True,0.0001813421695260331,0.999818742275238
/content/Dataset/Test/Real/real_1479.jpg,1,1,True,9.380777919432148e-05,0.9999061822891235
/content/Dataset/Test/Real/real_148.jpg,1,1,True,6.14245655015111e-05,0.9999386072158813
/content/Dataset/Test/Real/real_1480.jpg,1,1,True,0.00046624281094409525,0.9995337724685669
/content/Dataset/Test/Real/real_1481.jpg,1,1,True,0.00010937896149698645,0.9998905658721924
/content/Dataset/Test/Real/real_1482.jpg,1,1,True,0.4298610985279083,0.5701389312744141
/content/Dataset/Test/Real/real_1483.jpg,1,1,True,5.237849472905509e-05,0.9999476671218872
/content/Dataset/Test/Real/real_1484.jpg,1,0,False,0.9785085320472717,0.021491484716534615
/content/Dataset/Test/Real/real_1485.jpg,1,1,True,0.00037838390562683344,0.9996216297149658
/content/Dataset/Test/Real/real_1486.jpg,1,1,True,0.0003393286606296897,0.9996607303619385
/content/Dataset/Test/Real/real_1487.jpg,1,1,True,0.004178962670266628,0.9958209991455078
/content/Dataset/Test/Real/real_1488.jpg,1,1,True,0.0033203568309545517,0.9966796636581421
/content/Dataset/Test/Real/real_1489.jpg,1,1,True,0.0017516694497317076,0.9982483386993408
/content/Dataset/Test/Real/real_149.jpg,1,1,True,0.22040611505508423,0.7795938849449158
/content/Dataset/Test/Real/real_1490.jpg,1,1,True,8.795927715254948e-05,0.9999120235443115
/content/Dataset/Test/Real/real_1491.jpg,1,1,True,0.0001549216394778341,0.999845027923584
/content/Dataset/Test/Real/real_1492.jpg,1,1,True,0.00039616672438569367,0.999603807926178
/content/Dataset/Test/Real/real_1493.jpg,1,0,False,0.8081386685371399,0.1918613463640213
/content/Dataset/Test/Real/real_1494.jpg,1,1,True,0.0024306627456098795,0.9975692629814148
/content/Dataset/Test/Real/real_1495.jpg,1,1,True,0.05289681255817413,0.9471032619476318
/content/Dataset/Test/Real/real_1496.jpg,1,1,True,0.0022806189954280853,0.9977193474769592
/content/Dataset/Test/Real/real_1497.jpg,1,1,True,0.05177309736609459,0.9482269287109375
/content/Dataset/Test/Real/real_1498.jpg,1,1,True,0.0043535684235394,0.9956464171409607
/content/Dataset/Test/Real/real_1499.jpg,1,1,True,0.005181251093745232,0.9948187470436096
/content/Dataset/Test/Real/real_15.jpg,1,0,False,0.8091647624969482,0.19083526730537415
/content/Dataset/Test/Real/real_150.jpg,1,1,True,0.0017018442740663886,0.9982982277870178
/content/Dataset/Test/Real/real_1500.jpg,1,1,True,0.0012606045929715037,0.9987394213676453
/content/Dataset/Test/Real/real_1501.jpg,1,1,True,0.003992687910795212,0.9960073828697205
/content/Dataset/Test/Real/real_1502.jpg,1,1,True,0.011432239785790443,0.9885677099227905
/content/Dataset/Test/Real/real_1503.jpg,1,0,False,0.6306769251823425,0.36932307481765747
/content/Dataset/Test/Real/real_1504.jpg,1,0,False,0.8183396458625793,0.18166033923625946
/content/Dataset/Test/Real/real_1505.jpg,1,1,True,0.0001981165842153132,0.9998019337654114
/content/Dataset/Test/Real/real_1506.jpg,1,1,True,0.14714187383651733,0.8528581857681274
/content/Dataset/Test/Real/real_1507.jpg,1,1,True,0.008480302058160305,0.9915197491645813
/content/Dataset/Test/Real/real_1508.jpg,1,1,True,0.02300875075161457,0.9769912362098694
/content/Dataset/Test/Real/real_1509.jpg,1,1,True,0.22572451829910278,0.7742754817008972
/content/Dataset/Test/Real/real_151.jpg,1,0,False,0.6844519972801208,0.3155480623245239
/content/Dataset/Test/Real/real_1510.jpg,1,1,True,0.00012260802031960338,0.9998773336410522
/content/Dataset/Test/Real/real_1511.jpg,1,1,True,0.00014438592188525945,0.999855637550354
/content/Dataset/Test/Real/real_1512.jpg,1,1,True,0.0001909037964651361,0.9998090863227844
/content/Dataset/Test/Real/real_1513.jpg,1,1,True,0.00011841837840620428,0.9998816251754761
/content/Dataset/Test/Real/real_1514.jpg,1,1,True,8.826327393762767e-05,0.9999117851257324
/content/Dataset/Test/Real/real_1515.jpg,1,1,True,0.43950605392456055,0.5604939460754395
/content/Dataset/Test/Real/real_1516.jpg,1,1,True,5.4213887779042125e-05,0.9999457597732544
/content/Dataset/Test/Real/real_1517.jpg,1,1,True,0.004074748605489731,0.9959253072738647
/content/Dataset/Test/Real/real_1518.jpg,1,1,True,0.0003721215180121362,0.9996278285980225
/content/Dataset/Test/Real/real_1519.jpg,1,1,True,0.00011415045446483418,0.9998857975006104
/content/Dataset/Test/Real/real_152.jpg,1,1,True,0.37404048442840576,0.6259595155715942
/content/Dataset/Test/Real/real_1520.jpg,1,1,True,0.007024562451988459,0.9929754734039307
/content/Dataset/Test/Real/real_1521.jpg,1,1,True,0.34802764654159546,0.6519724130630493
/content/Dataset/Test/Real/real_1522.jpg,1,1,True,0.007017172873020172,0.9929828643798828
/content/Dataset/Test/Real/real_1523.jpg,1,1,True,0.0006919466541148722,0.9993081092834473
/content/Dataset/Test/Real/real_1524.jpg,1,1,True,0.0002618715516291559,0.9997381567955017
/content/Dataset/Test/Real/real_1525.jpg,1,1,True,0.2729627192020416,0.727037250995636
/content/Dataset/Test/Real/real_1526.jpg,1,1,True,0.0020392334554344416,0.9979608058929443
/content/Dataset/Test/Real/real_1527.jpg,1,1,True,0.0004942998639307916,0.9995056390762329
/content/Dataset/Test/Real/real_1528.jpg,1,1,True,0.0016997269121930003,0.9983002543449402
/content/Dataset/Test/Real/real_1529.jpg,1,0,False,0.6194124221801758,0.38058754801750183
/content/Dataset/Test/Real/real_153.jpg,1,1,True,0.049763794988393784,0.9502362012863159
/content/Dataset/Test/Real/real_1530.jpg,1,1,True,6.007044066791423e-05,0.9999399185180664
/content/Dataset/Test/Real/real_1531.jpg,1,1,True,0.00237710471265018,0.9976229071617126
/content/Dataset/Test/Real/real_1532.jpg,1,1,True,4.3364838347770274e-05,0.9999566078186035
/content/Dataset/Test/Real/real_1533.jpg,1,1,True,7.565725536551327e-05,0.9999243021011353
/content/Dataset/Test/Real/real_1534.jpg,1,1,True,0.0005555225070565939,0.9994444251060486
/content/Dataset/Test/Real/real_1535.jpg,1,1,True,0.00037884406629018486,0.9996211528778076
/content/Dataset/Test/Real/real_1536.jpg,1,1,True,0.00028275480144657195,0.9997171759605408
/content/Dataset/Test/Real/real_1537.jpg,1,1,True,0.00010655874939402565,0.9998934268951416
/content/Dataset/Test/Real/real_1538.jpg,1,1,True,0.1038975641131401,0.8961023688316345
/content/Dataset/Test/Real/real_1539.jpg,1,1,True,0.0010360676096752286,0.9989639520645142
/content/Dataset/Test/Real/real_154.jpg,1,1,True,6.50397632853128e-05,0.9999349117279053
/content/Dataset/Test/Real/real_1540.jpg,1,1,True,0.026527630165219307,0.9734723567962646
/content/Dataset/Test/Real/real_1541.jpg,1,1,True,0.0014859904767945409,0.9985139966011047
/content/Dataset/Test/Real/real_1542.jpg,1,1,True,0.0017902904655784369,0.9982097148895264
/content/Dataset/Test/Real/real_1543.jpg,1,1,True,0.09298108518123627,0.9070188999176025
/content/Dataset/Test/Real/real_1544.jpg,1,1,True,0.0008419529185630381,0.9991580247879028
/content/Dataset/Test/Real/real_1545.jpg,1,0,False,0.9959724545478821,0.004027486313134432
/content/Dataset/Test/Real/real_1546.jpg,1,1,True,0.008418356999754906,0.9915816187858582
/content/Dataset/Test/Real/real_1547.jpg,1,1,True,4.9928527005249634e-05,0.9999500513076782
/content/Dataset/Test/Real/real_1548.jpg,1,1,True,0.11414630711078644,0.8858537673950195
/content/Dataset/Test/Real/real_1549.jpg,1,1,True,6.543311610585079e-05,0.9999345541000366
/content/Dataset/Test/Real/real_155.jpg,1,1,True,0.00014771503629162908,0.9998522996902466
/content/Dataset/Test/Real/real_1550.jpg,1,1,True,0.005051020998507738,0.9949489831924438
/content/Dataset/Test/Real/real_1551.jpg,1,1,True,0.0001581856340635568,0.9998418092727661
/content/Dataset/Test/Real/real_1552.jpg,1,1,True,0.00013124864199198782,0.9998687505722046
/content/Dataset/Test/Real/real_1553.jpg,1,1,True,0.00021687669504899532,0.9997830986976624
/content/Dataset/Test/Real/real_1554.jpg,1,1,True,0.0017339529003947973,0.9982660412788391
/content/Dataset/Test/Real/real_1555.jpg,1,1,True,0.010044756345450878,0.9899553060531616
/content/Dataset/Test/Real/real_1556.jpg,1,1,True,0.22453166544437408,0.7754683494567871
/content/Dataset/Test/Real/real_1557.jpg,1,0,False,0.5680509805679321,0.4319489598274231
/content/Dataset/Test/Real/real_1558.jpg,1,1,True,0.24407944083213806,0.7559205889701843
/content/Dataset/Test/Real/real_1559.jpg,1,1,True,0.0003187133988831192,0.9996813535690308
/content/Dataset/Test/Real/real_156.jpg,1,1,True,0.00017646442574914545,0.9998235106468201
/content/Dataset/Test/Real/real_1560.jpg,1,1,True,0.006020100321620703,0.9939799308776855
/content/Dataset/Test/Real/real_1561.jpg,1,1,True,0.002430827124044299,0.9975691437721252
/content/Dataset/Test/Real/real_1562.jpg,1,1,True,0.2059485763311386,0.794051468372345
/content/Dataset/Test/Real/real_1563.jpg,1,1,True,0.0015905670588836074,0.9984094500541687
/content/Dataset/Test/Real/real_1564.jpg,1,1,True,0.005325459875166416,0.994674563407898
/content/Dataset/Test/Real/real_1565.jpg,1,1,True,0.0011272254632785916,0.998872697353363
/content/Dataset/Test/Real/real_1566.jpg,1,1,True,0.08844025433063507,0.9115597605705261
/content/Dataset/Test/Real/real_1567.jpg,1,0,False,0.7625709176063538,0.23742905259132385
/content/Dataset/Test/Real/real_1568.jpg,1,1,True,0.0011755370069295168,0.998824417591095
/content/Dataset/Test/Real/real_1569.jpg,1,1,True,0.0070053874514997005,0.9929946064949036
/content/Dataset/Test/Real/real_157.jpg,1,1,True,8.68777497089468e-05,0.9999130964279175
/content/Dataset/Test/Real/real_1570.jpg,1,1,True,0.0005937081878073514,0.9994063377380371
/content/Dataset/Test/Real/real_1571.jpg,1,1,True,0.00015230347344186157,0.9998476505279541
/content/Dataset/Test/Real/real_1572.jpg,1,1,True,0.3024660646915436,0.697533905506134
/content/Dataset/Test/Real/real_1573.jpg,1,1,True,6.179446063470095e-05,0.9999382495880127
/content/Dataset/Test/Real/real_1574.jpg,1,1,True,0.006915388163179159,0.9930846691131592
/content/Dataset/Test/Real/real_1575.jpg,1,1,True,0.0010452065616846085,0.9989547729492188
/content/Dataset/Test/Real/real_1576.jpg,1,1,True,0.0014538365649059415,0.9985462427139282
/content/Dataset/Test/Real/real_1577.jpg,1,1,True,0.000193607818800956,0.9998064637184143
/content/Dataset/Test/Real/real_1578.jpg,1,1,True,0.0001613348867977038,0.9998385906219482
/content/Dataset/Test/Real/real_1579.jpg,1,1,True,0.022018153220415115,0.9779818654060364
/content/Dataset/Test/Real/real_158.jpg,1,0,False,0.5563768148422241,0.4436231851577759
/content/Dataset/Test/Real/real_1580.jpg,1,1,True,0.03618504852056503,0.9638149738311768
/content/Dataset/Test/Real/real_1581.jpg,1,1,True,0.0032374539878219366,0.9967625141143799
/content/Dataset/Test/Real/real_1582.jpg,1,1,True,0.1136324554681778,0.8863674998283386
/content/Dataset/Test/Real/real_1583.jpg,1,1,True,0.0002740940544754267,0.999725878238678
/content/Dataset/Test/Real/real_1584.jpg,1,1,True,0.0011688444064930081,0.9988312125205994
/content/Dataset/Test/Real/real_1585.jpg,1,1,True,0.33131083846092224,0.6686891913414001
/content/Dataset/Test/Real/real_1586.jpg,1,1,True,0.08150918781757355,0.9184908270835876
/content/Dataset/Test/Real/real_1587.jpg,1,1,True,0.47074460983276367,0.5292553901672363
/content/Dataset/Test/Real/real_1588.jpg,1,1,True,0.001681879861280322,0.9983181953430176
/content/Dataset/Test/Real/real_1589.jpg,1,1,True,9.221680375048891e-05,0.9999077320098877
/content/Dataset/Test/Real/real_159.jpg,1,1,True,0.00010360367014072835,0.9998964071273804
/content/Dataset/Test/Real/real_1590.jpg,1,1,True,0.49787622690200806,0.5021237730979919
/content/Dataset/Test/Real/real_1591.jpg,1,1,True,0.39380839467048645,0.6061916351318359
/content/Dataset/Test/Real/real_1592.jpg,1,1,True,5.600634904112667e-05,0.9999439716339111
/content/Dataset/Test/Real/real_1593.jpg,1,1,True,0.0007884920341894031,0.9992114305496216
/content/Dataset/Test/Real/real_1594.jpg,1,1,True,0.0027400972321629524,0.9972598552703857
/content/Dataset/Test/Real/real_1595.jpg,1,1,True,0.0009600368211977184,0.9990399479866028
/content/Dataset/Test/Real/real_1596.jpg,1,1,True,8.753488509682938e-05,0.9999125003814697
/content/Dataset/Test/Real/real_1597.jpg,1,1,True,0.03367629274725914,0.966323733329773
/content/Dataset/Test/Real/real_1598.jpg,1,1,True,0.015165729448199272,0.9848343133926392
/content/Dataset/Test/Real/real_1599.jpg,1,1,True,0.00654898677021265,0.9934509992599487
/content/Dataset/Test/Real/real_16.jpg,1,1,True,0.17905715107917786,0.8209428787231445
/content/Dataset/Test/Real/real_160.jpg,1,1,True,0.001393576036207378,0.9986065030097961
/content/Dataset/Test/Real/real_1600.jpg,1,0,False,0.9895327091217041,0.010467298328876495
/content/Dataset/Test/Real/real_1601.jpg,1,1,True,0.09514856338500977,0.9048514366149902
/content/Dataset/Test/Real/real_1602.jpg,1,1,True,9.840971324592829e-05,0.999901533126831
/content/Dataset/Test/Real/real_1603.jpg,1,1,True,0.29675036668777466,0.7032496333122253
/content/Dataset/Test/Real/real_1604.jpg,1,1,True,6.401695281965658e-05,0.9999359846115112
/content/Dataset/Test/Real/real_1605.jpg,1,1,True,0.003179367398843169,0.9968205690383911
/content/Dataset/Test/Real/real_1606.jpg,1,1,True,0.28285422921180725,0.7171458005905151
/content/Dataset/Test/Real/real_1607.jpg,1,1,True,0.04213583096861839,0.9578641057014465
/content/Dataset/Test/Real/real_1608.jpg,1,1,True,0.021526770666241646,0.9784733057022095
/content/Dataset/Test/Real/real_1609.jpg,1,1,True,0.006595689337700605,0.9934043288230896
/content/Dataset/Test/Real/real_161.jpg,1,1,True,0.0012813342036679387,0.9987187385559082
/content/Dataset/Test/Real/real_1610.jpg,1,1,True,0.045220643281936646,0.954779326915741
/content/Dataset/Test/Real/real_1611.jpg,1,1,True,0.00010233146167593077,0.9998975992202759
/content/Dataset/Test/Real/real_1612.jpg,1,1,True,0.019162030890583992,0.9808380007743835
/content/Dataset/Test/Real/real_1613.jpg,1,1,True,0.0006216205656528473,0.9993783235549927
/content/Dataset/Test/Real/real_1614.jpg,1,1,True,0.00016387514187954366,0.9998360872268677
/content/Dataset/Test/Real/real_1615.jpg,1,1,True,0.006027209106832743,0.9939728379249573
/content/Dataset/Test/Real/real_1616.jpg,1,1,True,0.00029299213201738894,0.9997069239616394
/content/Dataset/Test/Real/real_1617.jpg,1,1,True,7.398587331408635e-05,0.999925971031189
/content/Dataset/Test/Real/real_1618.jpg,1,1,True,0.0023759230971336365,0.9976240992546082
/content/Dataset/Test/Real/real_1619.jpg,1,1,True,0.00017387291882187128,0.9998261332511902
/content/Dataset/Test/Real/real_162.jpg,1,1,True,0.006460058037191629,0.9935399889945984
/content/Dataset/Test/Real/real_1620.jpg,1,1,True,0.06346303224563599,0.9365369081497192
/content/Dataset/Test/Real/real_1621.jpg,1,1,True,0.0007721456349827349,0.9992278814315796
/content/Dataset/Test/Real/real_1622.jpg,1,1,True,0.06656590104103088,0.9334341287612915
/content/Dataset/Test/Real/real_1623.jpg,1,1,True,0.26776573061943054,0.7322342395782471
/content/Dataset/Test/Real/real_1624.jpg,1,1,True,0.00016763595340307802,0.9998323917388916
/content/Dataset/Test/Real/real_1625.jpg,1,1,True,0.01570029743015766,0.9842997789382935
/content/Dataset/Test/Real/real_1626.jpg,1,1,True,0.007665090728551149,0.9923349022865295
/content/Dataset/Test/Real/real_1627.jpg,1,1,True,0.0006704821134917438,0.9993295669555664
/content/Dataset/Test/Real/real_1628.jpg,1,1,True,0.0004611253971233964,0.9995388984680176
/content/Dataset/Test/Real/real_1629.jpg,1,1,True,0.0018142685294151306,0.9981856942176819
/content/Dataset/Test/Real/real_163.jpg,1,1,True,9.347997547592968e-05,0.9999065399169922
/content/Dataset/Test/Real/real_1630.jpg,1,1,True,0.0025041517801582813,0.9974958300590515
/content/Dataset/Test/Real/real_1631.jpg,1,1,True,0.00633282121270895,0.9936671853065491
/content/Dataset/Test/Real/real_1632.jpg,1,1,True,0.0031185997650027275,0.996881365776062
/content/Dataset/Test/Real/real_1633.jpg,1,1,True,0.0001550999004393816,0.9998449087142944
/content/Dataset/Test/Real/real_1634.jpg,1,1,True,0.0038933795876801014,0.9961065649986267
/content/Dataset/Test/Real/real_1635.jpg,1,1,True,0.00019163840624969453,0.9998083710670471
/content/Dataset/Test/Real/real_1636.jpg,1,1,True,0.0033024977892637253,0.9966975450515747
/content/Dataset/Test/Real/real_1637.jpg,1,0,False,0.6633830070495605,0.33661696314811707
/content/Dataset/Test/Real/real_1638.jpg,1,0,False,0.8729217648506165,0.12707822024822235
/content/Dataset/Test/Real/real_1639.jpg,1,1,True,4.5874319766880944e-05,0.999954104423523
/content/Dataset/Test/Real/real_164.jpg,1,1,True,0.0008460278622806072,0.9991539716720581
/content/Dataset/Test/Real/real_1640.jpg,1,1,True,0.01347027812153101,0.9865297079086304
/content/Dataset/Test/Real/real_1641.jpg,1,1,True,5.925435107201338e-05,0.9999407529830933
/content/Dataset/Test/Real/real_1642.jpg,1,1,True,0.005665076430886984,0.9943349361419678
/content/Dataset/Test/Real/real_1643.jpg,1,1,True,0.001129354233853519,0.9988706707954407
/content/Dataset/Test/Real/real_1644.jpg,1,1,True,0.0004554754414130002,0.9995444416999817
/content/Dataset/Test/Real/real_1645.jpg,1,1,True,0.0032856552861630917,0.9967143535614014
/content/Dataset/Test/Real/real_1646.jpg,1,1,True,0.004184295888990164,0.9958156943321228
/content/Dataset/Test/Real/real_1647.jpg,1,1,True,0.011844991706311703,0.9881550073623657
/content/Dataset/Test/Real/real_1648.jpg,1,1,True,0.002285115187987685,0.9977148771286011
/content/Dataset/Test/Real/real_1649.jpg,1,1,True,0.12913939356803894,0.8708605766296387
/content/Dataset/Test/Real/real_165.jpg,1,0,False,0.8988929986953735,0.10110699385404587
/content/Dataset/Test/Real/real_1650.jpg,1,1,True,9.910623339237645e-05,0.9999009370803833
/content/Dataset/Test/Real/real_1651.jpg,1,1,True,9.13706244318746e-05,0.9999085664749146
/content/Dataset/Test/Real/real_1652.jpg,1,1,True,0.0031647183932363987,0.9968352913856506
/content/Dataset/Test/Real/real_1653.jpg,1,1,True,4.560928209684789e-05,0.999954342842102
/content/Dataset/Test/Real/real_1654.jpg,1,1,True,4.2734831367852166e-05,0.9999572038650513
/content/Dataset/Test/Real/real_1655.jpg,1,1,True,0.0005073953652754426,0.9994925260543823
/content/Dataset/Test/Real/real_1656.jpg,1,1,True,0.002343112137168646,0.9976568222045898
/content/Dataset/Test/Real/real_1657.jpg,1,1,True,0.019188040867447853,0.9808119535446167
/content/Dataset/Test/Real/real_1658.jpg,1,1,True,0.03393951803445816,0.9660604596138
/content/Dataset/Test/Real/real_1659.jpg,1,1,True,0.0002449851599521935,0.9997549653053284
/content/Dataset/Test/Real/real_166.jpg,1,1,True,0.006009050644934177,0.993990957736969
/content/Dataset/Test/Real/real_1660.jpg,1,1,True,0.0003177834441885352,0.9996821880340576
/content/Dataset/Test/Real/real_1661.jpg,1,1,True,0.00011315775191178545,0.9998868703842163
/content/Dataset/Test/Real/real_1662.jpg,1,1,True,0.0005919131217524409,0.9994081258773804
/content/Dataset/Test/Real/real_1663.jpg,1,1,True,0.0001508555287728086,0.9998490810394287
/content/Dataset/Test/Real/real_1664.jpg,1,1,True,0.005850426387041807,0.9941495656967163
/content/Dataset/Test/Real/real_1665.jpg,1,1,True,0.0014238260919228196,0.9985761642456055
/content/Dataset/Test/Real/real_1666.jpg,1,0,False,0.7208689451217651,0.2791310250759125
/content/Dataset/Test/Real/real_1667.jpg,1,1,True,0.04982359707355499,0.9501764178276062
/content/Dataset/Test/Real/real_1668.jpg,1,1,True,0.0002328630507690832,0.9997671246528625
/content/Dataset/Test/Real/real_1669.jpg,1,1,True,5.4411430028267205e-05,0.9999456405639648
/content/Dataset/Test/Real/real_167.jpg,1,1,True,0.045146044343709946,0.9548539519309998
/content/Dataset/Test/Real/real_1670.jpg,1,1,True,0.04029763489961624,0.9597023725509644
/content/Dataset/Test/Real/real_1671.jpg,1,0,False,0.5669205784797668,0.43307939171791077
/content/Dataset/Test/Real/real_1672.jpg,1,1,True,0.0011938437819480896,0.9988061189651489
/content/Dataset/Test/Real/real_1673.jpg,1,1,True,0.000478138419566676,0.9995218515396118
/content/Dataset/Test/Real/real_1674.jpg,1,1,True,0.00021197243768256158,0.9997879862785339
/content/Dataset/Test/Real/real_1675.jpg,1,1,True,0.021777229383587837,0.9782227277755737
/content/Dataset/Test/Real/real_1676.jpg,1,1,True,0.037867315113544464,0.9621326923370361
/content/Dataset/Test/Real/real_1677.jpg,1,0,False,0.9604635834693909,0.03953644633293152
/content/Dataset/Test/Real/real_1678.jpg,1,1,True,0.0003103571361862123,0.9996896982192993
/content/Dataset/Test/Real/real_1679.jpg,1,1,True,0.15342094004154205,0.8465790748596191
/content/Dataset/Test/Real/real_168.jpg,1,1,True,0.04371311143040657,0.9562869071960449
/content/Dataset/Test/Real/real_1680.jpg,1,0,False,0.6664395332336426,0.33356043696403503
/content/Dataset/Test/Real/real_1681.jpg,1,1,True,0.0045471047051250935,0.995452880859375
/content/Dataset/Test/Real/real_1682.jpg,1,1,True,0.20377598702907562,0.7962239384651184
/content/Dataset/Test/Real/real_1683.jpg,1,1,True,6.521962495753542e-05,0.9999347925186157
/content/Dataset/Test/Real/real_1684.jpg,1,0,False,0.5835873484611511,0.41641271114349365
/content/Dataset/Test/Real/real_1685.jpg,1,1,True,7.20721873221919e-05,0.9999278783798218
/content/Dataset/Test/Real/real_1686.jpg,1,1,True,0.0003091693506576121,0.9996908903121948
/content/Dataset/Test/Real/real_1687.jpg,1,1,True,0.007009129971265793,0.9929908514022827
/content/Dataset/Test/Real/real_1688.jpg,1,1,True,0.0001001836426439695,0.9998998641967773
/content/Dataset/Test/Real/real_1689.jpg,1,1,True,0.0053248535841703415,0.9946751594543457
/content/Dataset/Test/Real/real_169.jpg,1,0,False,0.540001392364502,0.45999863743782043
/content/Dataset/Test/Real/real_1690.jpg,1,1,True,0.0001587445440236479,0.9998412132263184
/content/Dataset/Test/Real/real_1691.jpg,1,1,True,0.001328230369836092,0.9986717700958252
/content/Dataset/Test/Real/real_1692.jpg,1,1,True,0.2890506088733673,0.7109494209289551
/content/Dataset/Test/Real/real_1693.jpg,1,0,False,0.7774973511695862,0.22250263392925262
/content/Dataset/Test/Real/real_1694.jpg,1,1,True,0.0007055098540149629,0.9992945194244385
/content/Dataset/Test/Real/real_1695.jpg,1,1,True,0.00013681712152902037,0.9998631477355957
/content/Dataset/Test/Real/real_1696.jpg,1,1,True,0.00021901875152252614,0.9997809529304504
/content/Dataset/Test/Real/real_1697.jpg,1,1,True,0.10147547721862793,0.8985245227813721
/content/Dataset/Test/Real/real_1698.jpg,1,0,False,0.6422187685966492,0.3577812612056732
/content/Dataset/Test/Real/real_1699.jpg,1,1,True,0.0002807899727486074,0.9997192025184631
/content/Dataset/Test/Real/real_17.jpg,1,0,False,0.8755087852478027,0.12449121475219727
/content/Dataset/Test/Real/real_170.jpg,1,0,False,0.9740518927574158,0.025948144495487213
/content/Dataset/Test/Real/real_1700.jpg,1,1,True,0.0009695764747448266,0.9990304708480835
/content/Dataset/Test/Real/real_1701.jpg,1,1,True,0.0035858729388564825,0.9964141249656677
/content/Dataset/Test/Real/real_1702.jpg,1,1,True,0.005789955146610737,0.9942100048065186
/content/Dataset/Test/Real/real_1703.jpg,1,1,True,0.08606565743684769,0.9139342904090881
/content/Dataset/Test/Real/real_1704.jpg,1,1,True,9.458493150305003e-05,0.9999053478240967
/content/Dataset/Test/Real/real_1705.jpg,1,1,True,0.0013820100575685501,0.9986180067062378
/content/Dataset/Test/Real/real_1706.jpg,1,1,True,0.0002995800459757447,0.9997004270553589
/content/Dataset/Test/Real/real_1707.jpg,1,1,True,0.0004754592082463205,0.9995245933532715
/content/Dataset/Test/Real/real_1708.jpg,1,1,True,9.597411553841084e-05,0.9999040365219116
/content/Dataset/Test/Real/real_1709.jpg,1,1,True,0.0011330832494422793,0.9988669157028198
/content/Dataset/Test/Real/real_171.jpg,1,1,True,0.0010953351156786084,0.9989047050476074
/content/Dataset/Test/Real/real_1710.jpg,1,1,True,0.006240992806851864,0.993759036064148
/content/Dataset/Test/Real/real_1711.jpg,1,1,True,0.00013277932885102928,0.9998672008514404
/content/Dataset/Test/Real/real_1712.jpg,1,1,True,0.00011577331315493211,0.9998842477798462
/content/Dataset/Test/Real/real_1713.jpg,1,1,True,0.002432816894724965,0.9975671768188477
/content/Dataset/Test/Real/real_1714.jpg,1,1,True,0.0010484392987564206,0.9989515542984009
/content/Dataset/Test/Real/real_1715.jpg,1,1,True,0.0016469424590468407,0.998353123664856
/content/Dataset/Test/Real/real_1716.jpg,1,1,True,0.01845613680779934,0.9815438985824585
/content/Dataset/Test/Real/real_1717.jpg,1,0,False,0.9496170282363892,0.05038294196128845
/content/Dataset/Test/Real/real_1718.jpg,1,1,True,0.0022923212964087725,0.9977076053619385
/content/Dataset/Test/Real/real_1719.jpg,1,1,True,0.005336584523320198,0.9946633577346802
/content/Dataset/Test/Real/real_172.jpg,1,0,False,0.628061056137085,0.37193891406059265
/content/Dataset/Test/Real/real_1720.jpg,1,1,True,0.0002016156940953806,0.9997983574867249
/content/Dataset/Test/Real/real_1721.jpg,1,1,True,0.0006674156757071614,0.99933260679245
/content/Dataset/Test/Real/real_1722.jpg,1,1,True,7.861236372264102e-05,0.9999213218688965
/content/Dataset/Test/Real/real_1723.jpg,1,1,True,0.003235385287553072,0.9967646598815918
/content/Dataset/Test/Real/real_1724.jpg,1,1,True,0.00012366901501081884,0.9998762607574463
/content/Dataset/Test/Real/real_1725.jpg,1,0,False,0.8122784495353699,0.1877216100692749
/content/Dataset/Test/Real/real_1726.jpg,1,1,True,0.11022800207138062,0.8897719383239746
/content/Dataset/Test/Real/real_1727.jpg,1,1,True,0.07059372216463089,0.9294062256813049
/content/Dataset/Test/Real/real_1728.jpg,1,1,True,0.0005030319443903863,0.9994969367980957
/content/Dataset/Test/Real/real_1729.jpg,1,1,True,0.0023435770999640226,0.9976563453674316
/content/Dataset/Test/Real/real_173.jpg,1,0,False,0.5009208917617798,0.4990791082382202
/content/Dataset/Test/Real/real_1730.jpg,1,1,True,0.24106566607952118,0.7589343786239624
/content/Dataset/Test/Real/real_1731.jpg,1,1,True,0.00021757489594165236,0.999782383441925
/content/Dataset/Test/Real/real_1732.jpg,1,1,True,0.004099611658602953,0.9959003329277039
/content/Dataset/Test/Real/real_1733.jpg,1,1,True,0.0019503281218931079,0.9980496168136597
/content/Dataset/Test/Real/real_1734.jpg,1,1,True,0.15453915297985077,0.8454608917236328
/content/Dataset/Test/Real/real_1735.jpg,1,1,True,0.00045113626401871443,0.9995488524436951
/content/Dataset/Test/Real/real_1736.jpg,1,1,True,0.0001258013944607228,0.9998742341995239
/content/Dataset/Test/Real/real_1737.jpg,1,1,True,0.0005764414090663195,0.999423623085022
/content/Dataset/Test/Real/real_1738.jpg,1,1,True,0.0001135087659349665,0.9998865127563477
/content/Dataset/Test/Real/real_1739.jpg,1,1,True,0.2645845413208008,0.7354153990745544
/content/Dataset/Test/Real/real_174.jpg,1,1,True,0.017901016399264336,0.9820989370346069
/content/Dataset/Test/Real/real_1740.jpg,1,1,True,0.0001729761715978384,0.9998270869255066
/content/Dataset/Test/Real/real_1741.jpg,1,1,True,0.3456151783466339,0.6543847918510437
/content/Dataset/Test/Real/real_1742.jpg,1,1,True,0.000715295085683465,0.9992846846580505
/content/Dataset/Test/Real/real_1743.jpg,1,1,True,0.004014192149043083,0.9959858059883118
/content/Dataset/Test/Real/real_1744.jpg,1,1,True,0.00010427516099298373,0.9998956918716431
/content/Dataset/Test/Real/real_1745.jpg,1,1,True,9.185197268379852e-05,0.9999080896377563
/content/Dataset/Test/Real/real_1746.jpg,1,1,True,0.000713676621671766,0.9992863535881042
/content/Dataset/Test/Real/real_1747.jpg,1,1,True,0.0007346695056185126,0.9992653727531433
/content/Dataset/Test/Real/real_1748.jpg,1,1,True,0.34262555837631226,0.6573744416236877
/content/Dataset/Test/Real/real_1749.jpg,1,1,True,0.06695205718278885,0.9330480098724365
/content/Dataset/Test/Real/real_175.jpg,1,1,True,0.004712121561169624,0.9952878952026367
/content/Dataset/Test/Real/real_1750.jpg,1,1,True,9.360377589473501e-05,0.9999064207077026
/content/Dataset/Test/Real/real_1751.jpg,1,1,True,0.001879401970654726,0.9981206059455872
/content/Dataset/Test/Real/real_1752.jpg,1,1,True,9.02370156836696e-05,0.9999097585678101
/content/Dataset/Test/Real/real_1753.jpg,1,1,True,0.0021718773059546947,0.9978280663490295
/content/Dataset/Test/Real/real_1754.jpg,1,1,True,0.07820965349674225,0.9217903017997742
/content/Dataset/Test/Real/real_1755.jpg,1,1,True,0.000631284958217293,0.9993687272071838
/content/Dataset/Test/Real/real_1756.jpg,1,1,True,0.00031135292374528944,0.9996886253356934
/content/Dataset/Test/Real/real_1757.jpg,1,1,True,8.242356852861121e-05,0.9999176263809204
/content/Dataset/Test/Real/real_1758.jpg,1,1,True,8.122214785544202e-05,0.9999188184738159
/content/Dataset/Test/Real/real_1759.jpg,1,0,False,0.9875104427337646,0.012489506043493748
/content/Dataset/Test/Real/real_176.jpg,1,0,False,0.5299238562583923,0.47007617354393005
/content/Dataset/Test/Real/real_1760.jpg,1,1,True,0.0009767787996679544,0.9990231990814209
/content/Dataset/Test/Real/real_1761.jpg,1,1,True,0.0016805952182039618,0.9983193278312683
/content/Dataset/Test/Real/real_1762.jpg,1,1,True,0.06184002757072449,0.9381599426269531
/content/Dataset/Test/Real/real_1763.jpg,1,1,True,0.006606129463762045,0.9933938384056091
/content/Dataset/Test/Real/real_1764.jpg,1,1,True,0.11319150775671005,0.8868085145950317
/content/Dataset/Test/Real/real_1765.jpg,1,1,True,0.006976075936108828,0.9930238723754883
/content/Dataset/Test/Real/real_1766.jpg,1,1,True,0.003983240574598312,0.996016800403595
/content/Dataset/Test/Real/real_1767.jpg,1,1,True,0.0024433843791484833,0.9975565671920776
/content/Dataset/Test/Real/real_1768.jpg,1,1,True,0.30713722109794617,0.6928627490997314
/content/Dataset/Test/Real/real_1769.jpg,1,1,True,0.043988779187202454,0.956011176109314
/content/Dataset/Test/Real/real_177.jpg,1,1,True,0.0530172623693943,0.946982741355896
/content/Dataset/Test/Real/real_1770.jpg,1,0,False,0.9916324019432068,0.00836763996630907
/content/Dataset/Test/Real/real_1771.jpg,1,1,True,0.09774357080459595,0.902256429195404
/content/Dataset/Test/Real/real_1772.jpg,1,1,True,0.055502962321043015,0.9444970488548279
/content/Dataset/Test/Real/real_1773.jpg,1,0,False,0.9960214495658875,0.003978613764047623
/content/Dataset/Test/Real/real_1774.jpg,1,1,True,0.007262764032930136,0.9927372336387634
/content/Dataset/Test/Real/real_1775.jpg,1,1,True,0.00010063144873129204,0.9998993873596191
/content/Dataset/Test/Real/real_1776.jpg,1,1,True,0.0008962152642197907,0.9991037249565125
/content/Dataset/Test/Real/real_1777.jpg,1,0,False,0.6074184775352478,0.3925815224647522
/content/Dataset/Test/Real/real_1778.jpg,1,1,True,6.181548815220594e-05,0.9999381303787231
/content/Dataset/Test/Real/real_1779.jpg,1,1,True,0.0010142544051632285,0.9989857077598572
/content/Dataset/Test/Real/real_178.jpg,1,1,True,0.18263350427150726,0.8173665404319763
/content/Dataset/Test/Real/real_1780.jpg,1,0,False,0.9991065859794617,0.0008933366043493152
/content/Dataset/Test/Real/real_1781.jpg,1,1,True,0.3302849233150482,0.6697150468826294
/content/Dataset/Test/Real/real_1782.jpg,1,1,True,9.229070565197617e-05,0.9999077320098877
/content/Dataset/Test/Real/real_1783.jpg,1,1,True,7.020505290711299e-05,0.9999297857284546
/content/Dataset/Test/Real/real_1784.jpg,1,1,True,0.0001242776052094996,0.9998756647109985
/content/Dataset/Test/Real/real_1785.jpg,1,1,True,0.0006903091561980546,0.9993096590042114
/content/Dataset/Test/Real/real_1786.jpg,1,1,True,0.24409158527851105,0.7559084892272949
/content/Dataset/Test/Real/real_1787.jpg,1,1,True,0.09335031360387802,0.9066497087478638
/content/Dataset/Test/Real/real_1788.jpg,1,1,True,0.000572570541407913,0.9994274377822876
/content/Dataset/Test/Real/real_1789.jpg,1,0,False,0.6000141501426697,0.3999858796596527
/content/Dataset/Test/Real/real_179.jpg,1,1,True,0.010097337886691093,0.9899026155471802
/content/Dataset/Test/Real/real_1790.jpg,1,0,False,0.8235592246055603,0.17644082009792328
/content/Dataset/Test/Real/real_1791.jpg,1,1,True,0.2708583176136017,0.7291417121887207
/content/Dataset/Test/Real/real_1792.jpg,1,1,True,6.54820614727214e-05,0.9999345541000366
/content/Dataset/Test/Real/real_1793.jpg,1,1,True,0.00017331857816316187,0.9998267292976379
/content/Dataset/Test/Real/real_1794.jpg,1,1,True,0.0006513582193292677,0.9993485808372498
/content/Dataset/Test/Real/real_1795.jpg,1,1,True,0.3837118148803711,0.6162881851196289
/content/Dataset/Test/Real/real_1796.jpg,1,1,True,0.0019480594201013446,0.9980520009994507
/content/Dataset/Test/Real/real_1797.jpg,1,1,True,8.281906775664538e-05,0.9999171495437622
/content/Dataset/Test/Real/real_1798.jpg,1,1,True,0.0003419082786422223,0.9996581077575684
/content/Dataset/Test/Real/real_1799.jpg,1,1,True,3.835897223325446e-05,0.9999616146087646
/content/Dataset/Test/Real/real_18.jpg,1,1,True,0.008996546268463135,0.9910033941268921
/content/Dataset/Test/Real/real_180.jpg,1,1,True,0.0758514478802681,0.9241484999656677
/content/Dataset/Test/Real/real_1800.jpg,1,1,True,0.49515974521636963,0.5048402547836304
/content/Dataset/Test/Real/real_1801.jpg,1,0,False,0.9974697828292847,0.0025302134454250336
/content/Dataset/Test/Real/real_1802.jpg,1,1,True,0.48911675810813904,0.5108832716941833
/content/Dataset/Test/Real/real_1803.jpg,1,1,True,0.00010574481711955741,0.9998942613601685
/content/Dataset/Test/Real/real_1804.jpg,1,0,False,0.9639261960983276,0.036073844879865646
/content/Dataset/Test/Real/real_1805.jpg,1,0,False,0.9041644334793091,0.0958356112241745
/content/Dataset/Test/Real/real_1806.jpg,1,1,True,0.0016188942827284336,0.9983811378479004
/content/Dataset/Test/Real/real_1807.jpg,1,1,True,9.458087879465893e-05,0.9999054670333862
/content/Dataset/Test/Real/real_1808.jpg,1,1,True,0.3392961025238037,0.6607038974761963
/content/Dataset/Test/Real/real_1809.jpg,1,1,True,0.06499610841274261,0.9350038766860962
/content/Dataset/Test/Real/real_181.jpg,1,1,True,0.002657734788954258,0.9973422884941101
/content/Dataset/Test/Real/real_1810.jpg,1,1,True,0.0399947427213192,0.9600052237510681
/content/Dataset/Test/Real/real_1811.jpg,1,1,True,0.0003597875765990466,0.9996402263641357
/content/Dataset/Test/Real/real_1812.jpg,1,1,True,0.02021147310733795,0.9797884821891785
/content/Dataset/Test/Real/real_1813.jpg,1,1,True,0.4293608069419861,0.5706391930580139
/content/Dataset/Test/Real/real_1814.jpg,1,1,True,0.018394503742456436,0.9816054701805115
/content/Dataset/Test/Real/real_1815.jpg,1,1,True,0.026908915489912033,0.9730911254882812
/content/Dataset/Test/Real/real_1816.jpg,1,1,True,0.020700938999652863,0.9792990684509277
/content/Dataset/Test/Real/real_1817.jpg,1,0,False,0.8928115367889404,0.10718847811222076
/content/Dataset/Test/Real/real_1818.jpg,1,1,True,0.00033721086219884455,0.9996627569198608
/content/Dataset/Test/Real/real_1819.jpg,1,1,True,0.00019452004926279187,0.9998055100440979
/content/Dataset/Test/Real/real_182.jpg,1,1,True,0.00016990011499729007,0.9998301267623901
/content/Dataset/Test/Real/real_1820.jpg,1,1,True,0.0007739832508377731,0.9992259740829468
/content/Dataset/Test/Real/real_1821.jpg,1,1,True,0.0006401055725291371,0.9993599057197571
/content/Dataset/Test/Real/real_1822.jpg,1,1,True,0.03505733236670494,0.9649427533149719
/content/Dataset/Test/Real/real_1823.jpg,1,0,False,0.5937269330024719,0.4062730669975281
/content/Dataset/Test/Real/real_1824.jpg,1,1,True,0.47568365931510925,0.5243163704872131
/content/Dataset/Test/Real/real_1825.jpg,1,1,True,0.014666017144918442,0.9853339195251465
/content/Dataset/Test/Real/real_1826.jpg,1,0,False,0.9662105441093445,0.03378941863775253
/content/Dataset/Test/Real/real_1827.jpg,1,1,True,0.00018594755965750664,0.9998140931129456
/content/Dataset/Test/Real/real_1828.jpg,1,0,False,0.5157787203788757,0.48422127962112427
/content/Dataset/Test/Real/real_1829.jpg,1,1,True,0.001405977294780314,0.9985939860343933
/content/Dataset/Test/Real/real_183.jpg,1,1,True,0.00037074534338898957,0.9996292591094971
/content/Dataset/Test/Real/real_1830.jpg,1,1,True,0.009373589418828487,0.9906264543533325
/content/Dataset/Test/Real/real_1831.jpg,1,1,True,0.3733694553375244,0.6266305446624756
/content/Dataset/Test/Real/real_1832.jpg,1,1,True,0.4974852502346039,0.5025147795677185
/content/Dataset/Test/Real/real_1833.jpg,1,1,True,0.011485086753964424,0.9885149598121643
/content/Dataset/Test/Real/real_1834.jpg,1,1,True,0.0008255622815340757,0.9991744160652161
/content/Dataset/Test/Real/real_1835.jpg,1,1,True,0.035773467272520065,0.9642265439033508
/content/Dataset/Test/Real/real_1836.jpg,1,1,True,0.00786755234003067,0.9921324849128723
/content/Dataset/Test/Real/real_1837.jpg,1,1,True,8.621389861218631e-05,0.9999138116836548
/content/Dataset/Test/Real/real_1838.jpg,1,1,True,9.050424705492333e-05,0.999909520149231
/content/Dataset/Test/Real/real_1839.jpg,1,1,True,0.4485324025154114,0.5514675378799438
/content/Dataset/Test/Real/real_184.jpg,1,1,True,0.015138617716729641,0.9848613739013672
/content/Dataset/Test/Real/real_1840.jpg,1,1,True,0.057654984295368195,0.9423449635505676
/content/Dataset/Test/Real/real_1841.jpg,1,0,False,0.6611237525939941,0.33887627720832825
/content/Dataset/Test/Real/real_1842.jpg,1,1,True,0.0012542074546217918,0.9987457990646362
/content/Dataset/Test/Real/real_1843.jpg,1,1,True,0.0777869001030922,0.922213077545166
/content/Dataset/Test/Real/real_1844.jpg,1,0,False,0.9817189574241638,0.018281064927577972
/content/Dataset/Test/Real/real_1845.jpg,1,1,True,0.0001408022508258,0.9998592138290405
/content/Dataset/Test/Real/real_1846.jpg,1,0,False,0.8817945122718811,0.1182054802775383
/content/Dataset/Test/Real/real_1847.jpg,1,1,True,0.03207603469491005,0.9679239988327026
/content/Dataset/Test/Real/real_1848.jpg,1,1,True,0.00854984950274229,0.9914501309394836
/content/Dataset/Test/Real/real_1849.jpg,1,1,True,0.017523212358355522,0.9824768304824829
/content/Dataset/Test/Real/real_185.jpg,1,1,True,0.00015044973406475037,0.9998495578765869
/content/Dataset/Test/Real/real_1850.jpg,1,1,True,0.34728115797042847,0.6527188420295715
/content/Dataset/Test/Real/real_1851.jpg,1,0,False,0.9988675117492676,0.0011325383093208075
/content/Dataset/Test/Real/real_1852.jpg,1,0,False,0.9988939166069031,0.001106139156036079
/content/Dataset/Test/Real/real_1853.jpg,1,1,True,0.16214990615844727,0.8378500938415527
/content/Dataset/Test/Real/real_1854.jpg,1,1,True,0.0005911130574531853,0.9994088411331177
/content/Dataset/Test/Real/real_1855.jpg,1,1,True,0.0003499989106785506,0.9996500015258789
/content/Dataset/Test/Real/real_1856.jpg,1,1,True,0.0002333589072804898,0.9997666478157043
/content/Dataset/Test/Real/real_1857.jpg,1,1,True,8.951521158451214e-05,0.9999104738235474
/content/Dataset/Test/Real/real_1858.jpg,1,1,True,0.0003880905278492719,0.9996119141578674
/content/Dataset/Test/Real/real_1859.jpg,1,1,True,0.0016996184131130576,0.9983003735542297
/content/Dataset/Test/Real/real_186.jpg,1,1,True,0.00017291810945607722,0.9998270869255066
/content/Dataset/Test/Real/real_1860.jpg,1,1,True,0.10739047825336456,0.8926095366477966
/content/Dataset/Test/Real/real_1861.jpg,1,1,True,0.0003078507725149393,0.9996922016143799
/content/Dataset/Test/Real/real_1862.jpg,1,1,True,0.06127418577671051,0.9387258291244507
/content/Dataset/Test/Real/real_1863.jpg,1,1,True,0.003672711318358779,0.9963272213935852
/content/Dataset/Test/Real/real_1864.jpg,1,1,True,0.424628347158432,0.5753716826438904
/content/Dataset/Test/Real/real_1865.jpg,1,1,True,0.0002235586871393025,0.9997764229774475
/content/Dataset/Test/Real/real_1866.jpg,1,1,True,0.025343772023916245,0.9746562242507935
/content/Dataset/Test/Real/real_1867.jpg,1,0,False,0.8370323181152344,0.162967711687088
/content/Dataset/Test/Real/real_1868.jpg,1,1,True,0.008945823647081852,0.9910542368888855
/content/Dataset/Test/Real/real_1869.jpg,1,1,True,0.0032685566693544388,0.9967314004898071
/content/Dataset/Test/Real/real_187.jpg,1,1,True,0.0001681040012044832,0.9998319149017334
/content/Dataset/Test/Real/real_1870.jpg,1,1,True,0.00015586192603223026,0.9998440742492676
/content/Dataset/Test/Real/real_1871.jpg,1,1,True,0.009127138182520866,0.990872859954834
/content/Dataset/Test/Real/real_1872.jpg,1,1,True,0.01934378407895565,0.9806562662124634
/content/Dataset/Test/Real/real_1873.jpg,1,1,True,0.00482780858874321,0.9951722025871277
/content/Dataset/Test/Real/real_1874.jpg,1,1,True,0.012861452996730804,0.987138569355011
/content/Dataset/Test/Real/real_1875.jpg,1,1,True,0.018546707928180695,0.9814532995223999
/content/Dataset/Test/Real/real_1876.jpg,1,1,True,0.0011087418533861637,0.998891294002533
/content/Dataset/Test/Real/real_1877.jpg,1,1,True,7.963008829392493e-05,0.9999203681945801
/content/Dataset/Test/Real/real_1878.jpg,1,1,True,0.005521561484783888,0.9944784641265869
/content/Dataset/Test/Real/real_1879.jpg,1,1,True,0.00013613105693366379,0.999863862991333
/content/Dataset/Test/Real/real_188.jpg,1,1,True,0.0011284443316981196,0.9988715052604675
/content/Dataset/Test/Real/real_1880.jpg,1,0,False,0.724036693572998,0.27596333622932434
/content/Dataset/Test/Real/real_1881.jpg,1,1,True,0.0018810629844665527,0.9981189370155334
/content/Dataset/Test/Real/real_1882.jpg,1,1,True,0.0015900067519396544,0.9984099864959717
/content/Dataset/Test/Real/real_1883.jpg,1,1,True,4.426583109307103e-05,0.9999557733535767
/content/Dataset/Test/Real/real_1884.jpg,1,1,True,0.0005243058549240232,0.9994756579399109
/content/Dataset/Test/Real/real_1885.jpg,1,1,True,0.027605334296822548,0.9723947048187256
/content/Dataset/Test/Real/real_1886.jpg,1,1,True,0.003988152369856834,0.9960118532180786
/content/Dataset/Test/Real/real_1887.jpg,1,1,True,0.03406168147921562,0.9659382700920105
/content/Dataset/Test/Real/real_1888.jpg,1,1,True,5.698991662939079e-05,0.9999430179595947
/content/Dataset/Test/Real/real_1889.jpg,1,1,True,0.0824517086148262,0.9175482988357544
/content/Dataset/Test/Real/real_189.jpg,1,0,False,0.7151767015457153,0.28482329845428467
/content/Dataset/Test/Real/real_1890.jpg,1,1,True,0.4073183238506317,0.5926817059516907
/content/Dataset/Test/Real/real_1891.jpg,1,1,True,0.00889859814196825,0.9911013841629028
/content/Dataset/Test/Real/real_1892.jpg,1,1,True,0.033548757433891296,0.9664512276649475
/content/Dataset/Test/Real/real_1893.jpg,1,1,True,0.010379543527960777,0.9896204471588135
/content/Dataset/Test/Real/real_1894.jpg,1,1,True,0.0002927157038357109,0.9997072815895081
/content/Dataset/Test/Real/real_1895.jpg,1,0,False,0.7903916239738464,0.20960833132266998
/content/Dataset/Test/Real/real_1896.jpg,1,1,True,0.001542166224680841,0.9984577894210815
/content/Dataset/Test/Real/real_1897.jpg,1,1,True,0.04526195302605629,0.9547380208969116
/content/Dataset/Test/Real/real_1898.jpg,1,1,True,0.03339278697967529,0.9666072130203247
/content/Dataset/Test/Real/real_1899.jpg,1,1,True,0.0009909183718264103,0.9990090131759644
/content/Dataset/Test/Real/real_19.jpg,1,0,False,0.9668982625007629,0.03310174122452736
/content/Dataset/Test/Real/real_190.jpg,1,1,True,0.025563491508364677,0.9744364619255066
/content/Dataset/Test/Real/real_1900.jpg,1,1,True,0.028591910377144814,0.9714080691337585
/content/Dataset/Test/Real/real_1901.jpg,1,1,True,0.002558675594627857,0.997441291809082
/content/Dataset/Test/Real/real_1902.jpg,1,1,True,0.0002651193062774837,0.9997348189353943
/content/Dataset/Test/Real/real_1903.jpg,1,1,True,0.02742101438343525,0.9725790619850159
/content/Dataset/Test/Real/real_1904.jpg,1,1,True,0.0005710968398489058,0.999428927898407
/content/Dataset/Test/Real/real_1905.jpg,1,1,True,0.12400054931640625,0.875999391078949
/content/Dataset/Test/Real/real_1906.jpg,1,1,True,0.08606287091970444,0.9139371514320374
/content/Dataset/Test/Real/real_1907.jpg,1,1,True,0.0027280140202492476,0.9972719550132751
/content/Dataset/Test/Real/real_1908.jpg,1,1,True,0.0021278366912156343,0.9978721141815186
/content/Dataset/Test/Real/real_1909.jpg,1,1,True,0.14030414819717407,0.8596958518028259
/content/Dataset/Test/Real/real_191.jpg,1,1,True,0.0013148047728464007,0.9986851811408997
/content/Dataset/Test/Real/real_1910.jpg,1,1,True,0.002305674832314253,0.9976943135261536
/content/Dataset/Test/Real/real_1911.jpg,1,1,True,0.004722668323665857,0.9952772855758667
/content/Dataset/Test/Real/real_1912.jpg,1,1,True,0.013064426369965076,0.986935555934906
/content/Dataset/Test/Real/real_1913.jpg,1,1,True,0.01151856780052185,0.9884814023971558
/content/Dataset/Test/Real/real_1914.jpg,1,1,True,0.002534354105591774,0.9974656105041504
/content/Dataset/Test/Real/real_1915.jpg,1,1,True,0.0001393599231960252,0.9998606443405151
/content/Dataset/Test/Real/real_1916.jpg,1,1,True,0.004009649623185396,0.9959903359413147
/content/Dataset/Test/Real/real_1917.jpg,1,1,True,0.0004337367136031389,0.9995662569999695
/content/Dataset/Test/Real/real_1918.jpg,1,1,True,0.000959971861448139,0.9990399479866028
/content/Dataset/Test/Real/real_1919.jpg,1,1,True,0.002482132986187935,0.9975179433822632
/content/Dataset/Test/Real/real_192.jpg,1,0,False,0.5671265125274658,0.4328734576702118
/content/Dataset/Test/Real/real_1920.jpg,1,0,False,0.9405376315116882,0.05946236848831177
/content/Dataset/Test/Real/real_1921.jpg,1,1,True,6.168588879518211e-05,0.9999383687973022
/content/Dataset/Test/Real/real_1922.jpg,1,1,True,0.00012611906277015805,0.9998738765716553
/content/Dataset/Test/Real/real_1923.jpg,1,1,True,0.01924767903983593,0.9807522892951965
/content/Dataset/Test/Real/real_1924.jpg,1,1,True,0.07851339876651764,0.9214866161346436
/content/Dataset/Test/Real/real_1925.jpg,1,1,True,0.17160968482494354,0.8283903002738953
/content/Dataset/Test/Real/real_1926.jpg,1,1,True,0.00023698546283412725,0.9997630715370178
/content/Dataset/Test/Real/real_1927.jpg,1,1,True,6.8110522988718e-05,0.9999319314956665
/content/Dataset/Test/Real/real_1928.jpg,1,1,True,0.00355557375587523,0.9964444041252136
/content/Dataset/Test/Real/real_1929.jpg,1,0,False,0.635886013507843,0.3641139566898346
/content/Dataset/Test/Real/real_193.jpg,1,0,False,0.814622700214386,0.185377299785614
/content/Dataset/Test/Real/real_1930.jpg,1,1,True,0.0008928984170779586,0.9991070628166199
/content/Dataset/Test/Real/real_1931.jpg,1,1,True,0.0003711594035848975,0.9996287822723389
/content/Dataset/Test/Real/real_1932.jpg,1,1,True,0.0026824292726814747,0.9973176121711731
/content/Dataset/Test/Real/real_1933.jpg,1,1,True,0.00021766559802927077,0.999782383441925
/content/Dataset/Test/Real/real_1934.jpg,1,1,True,0.0005079127149656415,0.9994920492172241
/content/Dataset/Test/Real/real_1935.jpg,1,1,True,0.00030555014382116497,0.9996944665908813
/content/Dataset/Test/Real/real_1936.jpg,1,1,True,0.056140583008527756,0.9438593983650208
/content/Dataset/Test/Real/real_1937.jpg,1,1,True,0.0027531778905540705,0.9972468614578247
/content/Dataset/Test/Real/real_1938.jpg,1,1,True,0.00016613444313406944,0.9998338222503662
/content/Dataset/Test/Real/real_1939.jpg,1,1,True,0.00016332448285538703,0.9998366832733154
/content/Dataset/Test/Real/real_194.jpg,1,1,True,0.0018322094110772014,0.9981677532196045
/content/Dataset/Test/Real/real_1940.jpg,1,1,True,0.021389616653323174,0.9786103963851929
/content/Dataset/Test/Real/real_1941.jpg,1,1,True,0.3050116300582886,0.6949884295463562
/content/Dataset/Test/Real/real_1942.jpg,1,1,True,7.782738248351961e-05,0.9999221563339233
/content/Dataset/Test/Real/real_1943.jpg,1,1,True,0.00023729114036541432,0.9997627139091492
/content/Dataset/Test/Real/real_1944.jpg,1,1,True,0.006223887205123901,0.9937760829925537
/content/Dataset/Test/Real/real_1945.jpg,1,1,True,0.19199097156524658,0.8080090880393982
/content/Dataset/Test/Real/real_1946.jpg,1,1,True,0.0013756649568676949,0.998624324798584
/content/Dataset/Test/Real/real_1947.jpg,1,1,True,0.14327535033226013,0.8567246198654175
/content/Dataset/Test/Real/real_1948.jpg,1,1,True,0.08409677445888519,0.9159032106399536
/content/Dataset/Test/Real/real_1949.jpg,1,1,True,0.02556181699037552,0.9744381904602051
/content/Dataset/Test/Real/real_195.jpg,1,1,True,0.0010450383415445685,0.9989548921585083
/content/Dataset/Test/Real/real_1950.jpg,1,1,True,0.0011137223336845636,0.9988862872123718
/content/Dataset/Test/Real/real_1951.jpg,1,1,True,0.0013026009546592832,0.9986974596977234
/content/Dataset/Test/Real/real_1952.jpg,1,1,True,0.08705484867095947,0.9129452109336853
/content/Dataset/Test/Real/real_1953.jpg,1,1,True,0.00476599857211113,0.995233952999115
/content/Dataset/Test/Real/real_1954.jpg,1,0,False,0.5256500840187073,0.4743499457836151
/content/Dataset/Test/Real/real_1955.jpg,1,1,True,0.27542680501937866,0.7245731353759766
/content/Dataset/Test/Real/real_1956.jpg,1,1,True,0.0006756557268090546,0.9993243217468262
/content/Dataset/Test/Real/real_1957.jpg,1,0,False,0.9841476678848267,0.01585230603814125
/content/Dataset/Test/Real/real_1958.jpg,1,1,True,0.0055398703552782536,0.9944601058959961
/content/Dataset/Test/Real/real_1959.jpg,1,1,True,0.0034411458764225245,0.9965588450431824
/content/Dataset/Test/Real/real_196.jpg,1,1,True,0.0002834641491062939,0.9997164607048035
/content/Dataset/Test/Real/real_1960.jpg,1,1,True,0.00024274586758110672,0.9997572302818298
/content/Dataset/Test/Real/real_1961.jpg,1,0,False,0.9751288294792175,0.024871189147233963
/content/Dataset/Test/Real/real_1962.jpg,1,1,True,0.0001234436349477619,0.9998764991760254
/content/Dataset/Test/Real/real_1963.jpg,1,1,True,0.0010122088715434074,0.9989877343177795
/content/Dataset/Test/Real/real_1964.jpg,1,1,True,0.30798712372779846,0.6920129060745239
/content/Dataset/Test/Real/real_1965.jpg,1,1,True,0.04342944175004959,0.9565705060958862
/content/Dataset/Test/Real/real_1966.jpg,1,1,True,0.0597480945289135,0.9402519464492798
/content/Dataset/Test/Real/real_1967.jpg,1,1,True,6.095541175454855e-05,0.9999390840530396
/content/Dataset/Test/Real/real_1968.jpg,1,1,True,0.023681659251451492,0.9763182997703552
/content/Dataset/Test/Real/real_1969.jpg,1,1,True,0.020340295508503914,0.9796597361564636
/content/Dataset/Test/Real/real_197.jpg,1,1,True,0.014035053551197052,0.9859650135040283
/content/Dataset/Test/Real/real_1970.jpg,1,0,False,0.7554047703742981,0.2445952594280243
/content/Dataset/Test/Real/real_1971.jpg,1,1,True,0.00019133277237415314,0.9998087286949158
/content/Dataset/Test/Real/real_1972.jpg,1,1,True,0.0974946916103363,0.9025052785873413
/content/Dataset/Test/Real/real_1973.jpg,1,1,True,0.10078199952840805,0.8992180228233337
/content/Dataset/Test/Real/real_1974.jpg,1,1,True,0.00011768623517127708,0.9998823404312134
/content/Dataset/Test/Real/real_1975.jpg,1,1,True,3.956049476983026e-05,0.9999604225158691
/content/Dataset/Test/Real/real_1976.jpg,1,1,True,0.05410294979810715,0.945897102355957
/content/Dataset/Test/Real/real_1977.jpg,1,1,True,0.17701025307178497,0.8229897618293762
/content/Dataset/Test/Real/real_1978.jpg,1,1,True,4.1965653508668765e-05,0.9999580383300781
/content/Dataset/Test/Real/real_1979.jpg,1,1,True,0.0015085571212694049,0.9984914064407349
/content/Dataset/Test/Real/real_198.jpg,1,0,False,0.9031991958618164,0.09680075943470001
/content/Dataset/Test/Real/real_1980.jpg,1,1,True,0.02675578184425831,0.9732442498207092
/content/Dataset/Test/Real/real_1981.jpg,1,1,True,0.04255474731326103,0.9574452638626099
/content/Dataset/Test/Real/real_1982.jpg,1,1,True,0.00017435253539588302,0.999825656414032
/content/Dataset/Test/Real/real_1983.jpg,1,0,False,0.6884292960166931,0.3115706741809845
/content/Dataset/Test/Real/real_1984.jpg,1,1,True,0.0047378577291965485,0.9952621459960938
/content/Dataset/Test/Real/real_1985.jpg,1,1,True,0.4979846477508545,0.5020153522491455
/content/Dataset/Test/Real/real_1986.jpg,1,1,True,6.129752728156745e-05,0.9999387264251709
/content/Dataset/Test/Real/real_1987.jpg,1,1,True,0.02941764146089554,0.9705823063850403
/content/Dataset/Test/Real/real_1988.jpg,1,1,True,8.345887181349099e-05,0.9999165534973145
/content/Dataset/Test/Real/real_1989.jpg,1,0,False,0.720589280128479,0.2794107496738434
/content/Dataset/Test/Real/real_199.jpg,1,1,True,0.3519934117794037,0.6480066180229187
/content/Dataset/Test/Real/real_1990.jpg,1,1,True,0.0030209107790142298,0.9969791173934937
/content/Dataset/Test/Real/real_1991.jpg,1,0,False,0.8366098403930664,0.1633901298046112
/content/Dataset/Test/Real/real_1992.jpg,1,1,True,0.03743870556354523,0.962561309337616
/content/Dataset/Test/Real/real_1993.jpg,1,1,True,0.000787294062320143,0.9992126226425171
/content/Dataset/Test/Real/real_1994.jpg,1,1,True,0.0006400463171303272,0.9993599057197571
/content/Dataset/Test/Real/real_1995.jpg,1,1,True,0.0050766062922775745,0.9949234127998352
/content/Dataset/Test/Real/real_1996.jpg,1,1,True,5.945766679360531e-05,0.9999405145645142
/content/Dataset/Test/Real/real_1997.jpg,1,1,True,5.5776949011487886e-05,0.9999442100524902
/content/Dataset/Test/Real/real_1998.jpg,1,1,True,0.001704225200228393,0.9982958436012268
/content/Dataset/Test/Real/real_1999.jpg,1,1,True,6.641126674367115e-05,0.9999336004257202
/content/Dataset/Test/Real/real_2.jpg,1,1,True,0.005218882579356432,0.9947810769081116
/content/Dataset/Test/Real/real_20.jpg,1,1,True,0.00017780598136596382,0.999822199344635
/content/Dataset/Test/Real/real_200.jpg,1,1,True,0.0002801719820126891,0.9997197985649109
/content/Dataset/Test/Real/real_2000.jpg,1,1,True,0.0013328861678019166,0.9986671209335327
/content/Dataset/Test/Real/real_2001.jpg,1,1,True,0.3287650942802429,0.6712349057197571
/content/Dataset/Test/Real/real_2002.jpg,1,1,True,0.030853789299726486,0.9691462516784668
/content/Dataset/Test/Real/real_2003.jpg,1,0,False,0.7001872658729553,0.29981276392936707
/content/Dataset/Test/Real/real_2004.jpg,1,1,True,0.00302902702242136,0.9969708919525146
/content/Dataset/Test/Real/real_2005.jpg,1,1,True,0.024126585572957993,0.9758734107017517
/content/Dataset/Test/Real/real_2006.jpg,1,1,True,0.00021989046945236623,0.9997801184654236
/content/Dataset/Test/Real/real_2007.jpg,1,1,True,0.00014210789231583476,0.9998579025268555
/content/Dataset/Test/Real/real_2008.jpg,1,1,True,0.09466496855020523,0.905335009098053
/content/Dataset/Test/Real/real_2009.jpg,1,1,True,0.2580738365650177,0.7419261932373047
/content/Dataset/Test/Real/real_201.jpg,1,1,True,0.0010695434175431728,0.9989303946495056
/content/Dataset/Test/Real/real_2010.jpg,1,0,False,0.5510568022727966,0.448943167924881
/content/Dataset/Test/Real/real_2011.jpg,1,1,True,0.00028478552121669054,0.9997151494026184
/content/Dataset/Test/Real/real_2012.jpg,1,1,True,0.010939101688563824,0.9890608787536621
/content/Dataset/Test/Real/real_2013.jpg,1,1,True,0.004143736325204372,0.9958562254905701
/content/Dataset/Test/Real/real_2014.jpg,1,1,True,0.3007568418979645,0.6992431879043579
/content/Dataset/Test/Real/real_2015.jpg,1,1,True,0.001246452797204256,0.998753547668457
/content/Dataset/Test/Real/real_2016.jpg,1,1,True,0.00013906191452406347,0.9998608827590942
/content/Dataset/Test/Real/real_2017.jpg,1,1,True,0.004150526598095894,0.9958494901657104
/content/Dataset/Test/Real/real_2018.jpg,1,1,True,0.1705104112625122,0.829489529132843
/content/Dataset/Test/Real/real_2019.jpg,1,1,True,0.18598081171512604,0.8140192031860352
/content/Dataset/Test/Real/real_202.jpg,1,1,True,0.09175404161214828,0.9082459807395935
/content/Dataset/Test/Real/real_2020.jpg,1,1,True,0.00037814443930983543,0.9996218681335449
/content/Dataset/Test/Real/real_2021.jpg,1,1,True,0.00018193709547631443,0.9998181462287903
/content/Dataset/Test/Real/real_2022.jpg,1,1,True,0.00024722039233893156,0.9997528195381165
/content/Dataset/Test/Real/real_2023.jpg,1,1,True,0.0001411899720551446,0.9998587369918823
/content/Dataset/Test/Real/real_2024.jpg,1,1,True,7.884420483605936e-05,0.9999212026596069
/content/Dataset/Test/Real/real_2025.jpg,1,1,True,0.0005674587446264923,0.9994325041770935
/content/Dataset/Test/Real/real_2026.jpg,1,1,True,0.0013687153114005923,0.9986312985420227
/content/Dataset/Test/Real/real_2027.jpg,1,1,True,0.0011184605536982417,0.9988815188407898
/content/Dataset/Test/Real/real_2028.jpg,1,1,True,0.00033572185202501714,0.999664306640625
/content/Dataset/Test/Real/real_2029.jpg,1,1,True,0.003030196763575077,0.9969698786735535
/content/Dataset/Test/Real/real_203.jpg,1,1,True,6.114625284681097e-05,0.9999388456344604
/content/Dataset/Test/Real/real_2030.jpg,1,1,True,0.004821370355784893,0.9951785802841187
/content/Dataset/Test/Real/real_2031.jpg,1,1,True,0.0002040262334048748,0.9997959733009338
/content/Dataset/Test/Real/real_2032.jpg,1,1,True,0.3088485300540924,0.6911514401435852
/content/Dataset/Test/Real/real_2033.jpg,1,0,False,0.9834279417991638,0.01657205820083618
/content/Dataset/Test/Real/real_2034.jpg,1,1,True,0.0003614078741520643,0.999638557434082
/content/Dataset/Test/Real/real_2035.jpg,1,1,True,0.4387507736682892,0.5612491965293884
/content/Dataset/Test/Real/real_2036.jpg,1,1,True,7.715346873737872e-05,0.9999228715896606
/content/Dataset/Test/Real/real_2037.jpg,1,1,True,0.00016297135152854025,0.9998370409011841
/content/Dataset/Test/Real/real_2038.jpg,1,1,True,0.013451952487230301,0.9865480065345764
/content/Dataset/Test/Real/real_2039.jpg,1,1,True,0.00017244473565369844,0.99982750415802
/content/Dataset/Test/Real/real_204.jpg,1,1,True,0.00011683910270221531,0.9998831748962402
/content/Dataset/Test/Real/real_2040.jpg,1,1,True,0.005594692658632994,0.9944052696228027
/content/Dataset/Test/Real/real_2041.jpg,1,1,True,0.004522569477558136,0.9954774975776672
/content/Dataset/Test/Real/real_2042.jpg,1,1,True,0.009939406998455524,0.990060567855835
/content/Dataset/Test/Real/real_2043.jpg,1,0,False,0.6582468152046204,0.34175318479537964
/content/Dataset/Test/Real/real_2044.jpg,1,1,True,0.003710322082042694,0.9962897300720215
/content/Dataset/Test/Real/real_2045.jpg,1,1,True,0.025916941463947296,0.9740831255912781
/content/Dataset/Test/Real/real_2046.jpg,1,0,False,0.6820173263549805,0.31798264384269714
/content/Dataset/Test/Real/real_2047.jpg,1,1,True,0.020964089781045914,0.9790359139442444
/content/Dataset/Test/Real/real_2048.jpg,1,1,True,0.14460986852645874,0.8553901314735413
/content/Dataset/Test/Real/real_2049.jpg,1,1,True,0.004131635185331106,0.995868444442749
/content/Dataset/Test/Real/real_205.jpg,1,1,True,8.241854084189981e-05,0.9999176263809204
/content/Dataset/Test/Real/real_2050.jpg,1,0,False,0.7925441861152649,0.2074558287858963
/content/Dataset/Test/Real/real_2051.jpg,1,1,True,0.013488717377185822,0.98651123046875
/content/Dataset/Test/Real/real_2052.jpg,1,0,False,0.6964640617370605,0.30353593826293945
/content/Dataset/Test/Real/real_2053.jpg,1,0,False,0.9932988882064819,0.006701123900711536
/content/Dataset/Test/Real/real_2054.jpg,1,1,True,0.26520970463752747,0.7347902655601501
/content/Dataset/Test/Real/real_2055.jpg,1,1,True,0.4420062005519867,0.5579938292503357
/content/Dataset/Test/Real/real_2056.jpg,1,1,True,0.39334210753440857,0.606657862663269
/content/Dataset/Test/Real/real_2057.jpg,1,0,False,0.8458470702171326,0.15415294468402863
/content/Dataset/Test/Real/real_2058.jpg,1,1,True,0.0013448265381157398,0.9986552000045776
/content/Dataset/Test/Real/real_2059.jpg,1,1,True,0.0006735842325724661,0.9993264675140381
/content/Dataset/Test/Real/real_206.jpg,1,1,True,0.017229821532964706,0.9827702045440674
/content/Dataset/Test/Real/real_2060.jpg,1,1,True,0.00543731264770031,0.9945626854896545
/content/Dataset/Test/Real/real_2061.jpg,1,1,True,0.00014758226461708546,0.9998524188995361
/content/Dataset/Test/Real/real_2062.jpg,1,1,True,0.002927481895312667,0.9970724582672119
/content/Dataset/Test/Real/real_2063.jpg,1,1,True,0.0002045751898549497,0.9997954964637756
/content/Dataset/Test/Real/real_2064.jpg,1,1,True,0.0006367677706293762,0.9993632435798645
/content/Dataset/Test/Real/real_2065.jpg,1,1,True,0.0002205291821155697,0.9997795224189758
/content/Dataset/Test/Real/real_2066.jpg,1,1,True,0.01812388189136982,0.9818761944770813
/content/Dataset/Test/Real/real_2067.jpg,1,0,False,0.9281817674636841,0.07181821763515472
/content/Dataset/Test/Real/real_2068.jpg,1,1,True,5.7331144489580765e-05,0.9999426603317261
/content/Dataset/Test/Real/real_2069.jpg,1,1,True,0.006897564046084881,0.9931024312973022
/content/Dataset/Test/Real/real_207.jpg,1,1,True,0.0027645996306091547,0.9972354769706726
/content/Dataset/Test/Real/real_2070.jpg,1,0,False,0.6160881519317627,0.3839118182659149
/content/Dataset/Test/Real/real_2071.jpg,1,1,True,4.882592475041747e-05,0.9999511241912842
/content/Dataset/Test/Real/real_2072.jpg,1,1,True,0.00030834751669317484,0.9996917247772217
/content/Dataset/Test/Real/real_2073.jpg,1,1,True,0.00026486642309464514,0.9997351765632629
/content/Dataset/Test/Real/real_2074.jpg,1,1,True,0.0007760422886349261,0.9992239475250244
/content/Dataset/Test/Real/real_2075.jpg,1,1,True,0.04011503607034683,0.9598849415779114
/content/Dataset/Test/Real/real_2076.jpg,1,1,True,0.0015103588812053204,0.9984896183013916
/content/Dataset/Test/Real/real_2077.jpg,1,1,True,0.0015210617566481233,0.9984789490699768
/content/Dataset/Test/Real/real_2078.jpg,1,1,True,0.0002443399280309677,0.9997556805610657
/content/Dataset/Test/Real/real_2079.jpg,1,1,True,0.007654283195734024,0.9923457503318787
/content/Dataset/Test/Real/real_208.jpg,1,1,True,0.023350872099399567,0.9766491055488586
/content/Dataset/Test/Real/real_2080.jpg,1,1,True,0.00016020525072235614,0.9998397827148438
/content/Dataset/Test/Real/real_2081.jpg,1,1,True,0.4104692041873932,0.5895307660102844
/content/Dataset/Test/Real/real_2082.jpg,1,1,True,0.00036104372702538967,0.9996389150619507
/content/Dataset/Test/Real/real_2083.jpg,1,1,True,6.9269779487513e-05,0.999930739402771
/content/Dataset/Test/Real/real_2084.jpg,1,0,False,0.8909587860107422,0.10904117673635483
/content/Dataset/Test/Real/real_2085.jpg,1,1,True,0.0016337998677045107,0.9983661770820618
/content/Dataset/Test/Real/real_2086.jpg,1,1,True,0.2522253394126892,0.7477746605873108
/content/Dataset/Test/Real/real_2087.jpg,1,1,True,0.022131722420454025,0.9778683185577393
/content/Dataset/Test/Real/real_2088.jpg,1,1,True,0.10179925709962845,0.8982008099555969
/content/Dataset/Test/Real/real_2089.jpg,1,0,False,0.5740132331848145,0.42598670721054077
/content/Dataset/Test/Real/real_209.jpg,1,0,False,0.9985529780387878,0.001446957467123866
/content/Dataset/Test/Real/real_2090.jpg,1,1,True,0.0002571547229308635,0.9997428059577942
/content/Dataset/Test/Real/real_2091.jpg,1,1,True,6.552278500748798e-05,0.9999344348907471
/content/Dataset/Test/Real/real_2092.jpg,1,0,False,0.7588772773742676,0.241122767329216
/content/Dataset/Test/Real/real_2093.jpg,1,1,True,0.010464424267411232,0.9895356297492981
/content/Dataset/Test/Real/real_2094.jpg,1,1,True,0.20888514816761017,0.7911148071289062
/content/Dataset/Test/Real/real_2095.jpg,1,1,True,0.0016537995543330908,0.998346209526062
/content/Dataset/Test/Real/real_2096.jpg,1,1,True,0.0015499162254855037,0.9984500408172607
/content/Dataset/Test/Real/real_2097.jpg,1,1,True,7.682689465582371e-05,0.9999231100082397
/content/Dataset/Test/Real/real_2098.jpg,1,1,True,0.002818814478814602,0.9971811771392822
/content/Dataset/Test/Real/real_2099.jpg,1,1,True,0.00015831254131626338,0.9998416900634766
/content/Dataset/Test/Real/real_21.jpg,1,0,False,0.6580983996391296,0.34190163016319275
/content/Dataset/Test/Real/real_210.jpg,1,0,False,0.783494234085083,0.2165057361125946
/content/Dataset/Test/Real/real_2100.jpg,1,1,True,0.28764212131500244,0.7123578786849976
/content/Dataset/Test/Real/real_2101.jpg,1,1,True,3.715685670613311e-05,0.9999628067016602
/content/Dataset/Test/Real/real_2102.jpg,1,1,True,0.00016735198732931167,0.9998326301574707
/content/Dataset/Test/Real/real_2103.jpg,1,1,True,0.00016746883920859545,0.9998325109481812
/content/Dataset/Test/Real/real_2104.jpg,1,1,True,5.895011781831272e-05,0.9999409914016724
/content/Dataset/Test/Real/real_2105.jpg,1,1,True,7.818488666089252e-05,0.9999217987060547
/content/Dataset/Test/Real/real_2106.jpg,1,1,True,0.08355900645256042,0.916441023349762
/content/Dataset/Test/Real/real_2107.jpg,1,1,True,0.0001338394795311615,0.9998661279678345
/content/Dataset/Test/Real/real_2108.jpg,1,1,True,0.0035544626880437136,0.9964455962181091
/content/Dataset/Test/Real/real_2109.jpg,1,1,True,0.4452844262123108,0.5547155737876892
/content/Dataset/Test/Real/real_211.jpg,1,1,True,0.14930079877376556,0.8506991863250732
/content/Dataset/Test/Real/real_2110.jpg,1,1,True,7.364497287198901e-05,0.9999263286590576
/content/Dataset/Test/Real/real_2111.jpg,1,1,True,0.00022455591533798724,0.9997754693031311
/content/Dataset/Test/Real/real_2112.jpg,1,1,True,0.33869829773902893,0.6613016724586487
/content/Dataset/Test/Real/real_2113.jpg,1,1,True,0.000608319416642189,0.9993916749954224
/content/Dataset/Test/Real/real_2114.jpg,1,1,True,0.16433852910995483,0.8356614708900452
/content/Dataset/Test/Real/real_2115.jpg,1,1,True,0.002938792807981372,0.9970611929893494
/content/Dataset/Test/Real/real_2116.jpg,1,1,True,0.09453815221786499,0.905461847782135
/content/Dataset/Test/Real/real_2117.jpg,1,1,True,0.00770880002528429,0.992291271686554
/content/Dataset/Test/Real/real_2118.jpg,1,1,True,0.0003208385896869004,0.9996792078018188
/content/Dataset/Test/Real/real_2119.jpg,1,1,True,0.38227829337120056,0.6177217364311218
/content/Dataset/Test/Real/real_212.jpg,1,1,True,0.03145353123545647,0.968546450138092
/content/Dataset/Test/Real/real_2120.jpg,1,0,False,0.9585620760917664,0.04143791273236275
/content/Dataset/Test/Real/real_2121.jpg,1,0,False,0.7541260123252869,0.2458740472793579
/content/Dataset/Test/Real/real_2122.jpg,1,1,True,0.0009226636029779911,0.999077320098877
/content/Dataset/Test/Real/real_2123.jpg,1,1,True,0.0118539584800601,0.9881460666656494
/content/Dataset/Test/Real/real_2124.jpg,1,1,True,0.01486554928123951,0.9851344227790833
/content/Dataset/Test/Real/real_2125.jpg,1,1,True,0.009513494558632374,0.9904865622520447
/content/Dataset/Test/Real/real_2126.jpg,1,1,True,9.18285149964504e-05,0.9999082088470459
/content/Dataset/Test/Real/real_2127.jpg,1,1,True,0.0007545545813627541,0.9992455244064331
/content/Dataset/Test/Real/real_2128.jpg,1,1,True,0.0011572471121326089,0.998842716217041
/content/Dataset/Test/Real/real_2129.jpg,1,1,True,0.0001885375240817666,0.9998114705085754
/content/Dataset/Test/Real/real_213.jpg,1,1,True,0.00495585473254323,0.9950441122055054
/content/Dataset/Test/Real/real_2130.jpg,1,1,True,0.0003758443344850093,0.9996241331100464
/content/Dataset/Test/Real/real_2131.jpg,1,1,True,0.00019850269018206745,0.9998015761375427
/content/Dataset/Test/Real/real_2132.jpg,1,0,False,0.7495599985122681,0.25043997168540955
/content/Dataset/Test/Real/real_2133.jpg,1,1,True,0.00028957330505363643,0.9997103810310364
/content/Dataset/Test/Real/real_2134.jpg,1,0,False,0.870667576789856,0.12933245301246643
/content/Dataset/Test/Real/real_2135.jpg,1,1,True,0.00023858265194576234,0.9997614026069641
/content/Dataset/Test/Real/real_2136.jpg,1,1,True,0.05378107354044914,0.9462189078330994
/content/Dataset/Test/Real/real_2137.jpg,1,1,True,0.0005614145775325596,0.9994385838508606
/content/Dataset/Test/Real/real_2138.jpg,1,1,True,8.036756480578333e-05,0.9999196529388428
/content/Dataset/Test/Real/real_2139.jpg,1,0,False,0.9640335440635681,0.035966433584690094
/content/Dataset/Test/Real/real_214.jpg,1,1,True,0.011016215197741985,0.9889838099479675
/content/Dataset/Test/Real/real_2140.jpg,1,1,True,0.020843051373958588,0.9791569709777832
/content/Dataset/Test/Real/real_2141.jpg,1,0,False,0.9362063407897949,0.06379370391368866
/content/Dataset/Test/Real/real_2142.jpg,1,1,True,0.03597797825932503,0.9640219807624817
/content/Dataset/Test/Real/real_2143.jpg,1,0,False,0.940874457359314,0.059125497937202454
/content/Dataset/Test/Real/real_2144.jpg,1,0,False,0.9868719577789307,0.013128077611327171
/content/Dataset/Test/Real/real_2145.jpg,1,1,True,0.0006272445898503065,0.9993727803230286
/content/Dataset/Test/Real/real_2146.jpg,1,0,False,0.9878788590431213,0.012121094390749931
/content/Dataset/Test/Real/real_2147.jpg,1,1,True,0.002283849287778139,0.9977161884307861
/content/Dataset/Test/Real/real_2148.jpg,1,1,True,0.013730410486459732,0.9862696528434753
/content/Dataset/Test/Real/real_2149.jpg,1,1,True,0.00012004635209450498,0.9998799562454224
/content/Dataset/Test/Real/real_215.jpg,1,0,False,0.860679566860199,0.1393204927444458
/content/Dataset/Test/Real/real_2150.jpg,1,1,True,7.363892655121163e-05,0.9999263286590576
/content/Dataset/Test/Real/real_2151.jpg,1,1,True,0.31410500407218933,0.6858950257301331
/content/Dataset/Test/Real/real_2152.jpg,1,1,True,0.0008501054835505784,0.9991499185562134
/content/Dataset/Test/Real/real_2153.jpg,1,0,False,0.998900294303894,0.0010997132631018758
/content/Dataset/Test/Real/real_2154.jpg,1,0,False,0.9882974028587341,0.01170265767723322
/content/Dataset/Test/Real/real_2155.jpg,1,1,True,0.0007666946039535105,0.9992333650588989
/content/Dataset/Test/Real/real_2156.jpg,1,1,True,0.015351599082350731,0.9846484661102295
/content/Dataset/Test/Real/real_2157.jpg,1,1,True,0.00015351861657109112,0.9998464584350586
/content/Dataset/Test/Real/real_2158.jpg,1,1,True,0.0017071334877982736,0.998292863368988
/content/Dataset/Test/Real/real_2159.jpg,1,1,True,0.004152797162532806,0.9958472847938538
/content/Dataset/Test/Real/real_216.jpg,1,1,True,0.0009458564454689622,0.9990541338920593
/content/Dataset/Test/Real/real_2160.jpg,1,1,True,0.0008357596816495061,0.9991642236709595
/content/Dataset/Test/Real/real_2161.jpg,1,1,True,0.0008375096949748695,0.9991625547409058
/content/Dataset/Test/Real/real_2162.jpg,1,1,True,0.0001327598438365385,0.9998672008514404
/content/Dataset/Test/Real/real_2163.jpg,1,1,True,0.00012679082283284515,0.999873161315918
/content/Dataset/Test/Real/real_2164.jpg,1,1,True,0.0020342536736279726,0.9979658126831055
/content/Dataset/Test/Real/real_2165.jpg,1,1,True,0.0019151149317622185,0.9980849027633667
/content/Dataset/Test/Real/real_2166.jpg,1,1,True,0.02349075861275196,0.9765092730522156
/content/Dataset/Test/Real/real_2167.jpg,1,1,True,0.40561604499816895,0.5943838953971863
/content/Dataset/Test/Real/real_2168.jpg,1,1,True,5.9669877373380587e-05,0.9999402761459351
/content/Dataset/Test/Real/real_2169.jpg,1,1,True,0.003661602968350053,0.9963383674621582
/content/Dataset/Test/Real/real_217.jpg,1,1,True,0.0001075627951649949,0.9998924732208252
/content/Dataset/Test/Real/real_2170.jpg,1,1,True,0.17152950167655945,0.8284704685211182
/content/Dataset/Test/Real/real_2171.jpg,1,0,False,0.9276142120361328,0.0723857656121254
/content/Dataset/Test/Real/real_2172.jpg,1,1,True,0.00019056590099353343,0.9998094439506531
/content/Dataset/Test/Real/real_2173.jpg,1,1,True,5.752660217694938e-05,0.999942421913147
/content/Dataset/Test/Real/real_2174.jpg,1,1,True,0.0011113043874502182,0.9988886713981628
/content/Dataset/Test/Real/real_2175.jpg,1,1,True,0.026953455060720444,0.9730465412139893
/content/Dataset/Test/Real/real_2176.jpg,1,0,False,0.9987552165985107,0.0012447803746908903
/content/Dataset/Test/Real/real_2177.jpg,1,1,True,0.003479192964732647,0.9965208768844604
/content/Dataset/Test/Real/real_2178.jpg,1,1,True,0.00015822517161723226,0.9998418092727661
/content/Dataset/Test/Real/real_2179.jpg,1,1,True,0.0011941191041842103,0.9988058805465698
/content/Dataset/Test/Real/real_218.jpg,1,1,True,9.17669603950344e-05,0.9999082088470459
/content/Dataset/Test/Real/real_2180.jpg,1,1,True,0.0002230047684861347,0.9997770190238953
/content/Dataset/Test/Real/real_2181.jpg,1,1,True,0.43294134736061096,0.5670586824417114
/content/Dataset/Test/Real/real_2182.jpg,1,0,False,0.8291580677032471,0.17084193229675293
/content/Dataset/Test/Real/real_2183.jpg,1,1,True,0.004115075338631868,0.9958849549293518
/content/Dataset/Test/Real/real_2184.jpg,1,0,False,0.8762074112892151,0.12379257380962372
/content/Dataset/Test/Real/real_2185.jpg,1,0,False,0.8544507622718811,0.14554917812347412
/content/Dataset/Test/Real/real_2186.jpg,1,0,False,0.9979299306869507,0.0020700523164123297
/content/Dataset/Test/Real/real_2187.jpg,1,1,True,0.3984220623970032,0.601577877998352
/content/Dataset/Test/Real/real_2188.jpg,1,1,True,6.808480247855186e-05,0.9999319314956665
/content/Dataset/Test/Real/real_2189.jpg,1,1,True,0.0007375023560598493,0.9992625117301941
/content/Dataset/Test/Real/real_219.jpg,1,1,True,4.4885855459142476e-05,0.9999550580978394
/content/Dataset/Test/Real/real_2190.jpg,1,1,True,0.00018475620890967548,0.9998152852058411
/content/Dataset/Test/Real/real_2191.jpg,1,1,True,0.0019511358113959432,0.9980489015579224
/content/Dataset/Test/Real/real_2192.jpg,1,1,True,0.00017489987658336759,0.9998251795768738
/content/Dataset/Test/Real/real_2193.jpg,1,0,False,0.6484774351119995,0.35152262449264526
/content/Dataset/Test/Real/real_2194.jpg,1,1,True,0.0021263952367007732,0.9978735446929932
/content/Dataset/Test/Real/real_2195.jpg,1,1,True,0.0001128980002249591,0.9998871088027954
/content/Dataset/Test/Real/real_2196.jpg,1,1,True,0.0001691065263003111,0.9998308420181274
/content/Dataset/Test/Real/real_2197.jpg,1,1,True,0.00015081455057952553,0.9998492002487183
/content/Dataset/Test/Real/real_2198.jpg,1,1,True,0.017374200746417046,0.9826258420944214
/content/Dataset/Test/Real/real_2199.jpg,1,1,True,0.00266133900731802,0.997338593006134
/content/Dataset/Test/Real/real_22.jpg,1,1,True,0.16100963950157166,0.838990330696106
/content/Dataset/Test/Real/real_220.jpg,1,1,True,0.00035175352240912616,0.9996482133865356
/content/Dataset/Test/Real/real_2200.jpg,1,1,True,0.00010411875700810924,0.9998958110809326
/content/Dataset/Test/Real/real_2201.jpg,1,1,True,0.0025797728449106216,0.9974201917648315
/content/Dataset/Test/Real/real_2202.jpg,1,1,True,0.0068313078954815865,0.9931687116622925
/content/Dataset/Test/Real/real_2203.jpg,1,1,True,0.0002509579062461853,0.9997490048408508
/content/Dataset/Test/Real/real_2204.jpg,1,1,True,7.016288145678118e-05,0.9999297857284546
/content/Dataset/Test/Real/real_2205.jpg,1,1,True,0.003535615745931864,0.9964643716812134
/content/Dataset/Test/Real/real_2206.jpg,1,0,False,0.8521751165390015,0.14782488346099854
/content/Dataset/Test/Real/real_2207.jpg,1,1,True,0.0006137332529760897,0.999386191368103
/content/Dataset/Test/Real/real_2208.jpg,1,1,True,0.00025527278194203973,0.999744713306427
/content/Dataset/Test/Real/real_2209.jpg,1,0,False,0.5310452580451965,0.4689547121524811
/content/Dataset/Test/Real/real_221.jpg,1,1,True,0.05504850298166275,0.9449514150619507
/content/Dataset/Test/Real/real_2210.jpg,1,1,True,0.007650383282452822,0.9923496246337891
/content/Dataset/Test/Real/real_2211.jpg,1,1,True,0.00869342964142561,0.9913066029548645
/content/Dataset/Test/Real/real_2212.jpg,1,1,True,0.0009011848014779389,0.9990987777709961
/content/Dataset/Test/Real/real_2213.jpg,1,1,True,0.4555390775203705,0.5444608926773071
/content/Dataset/Test/Real/real_2214.jpg,1,1,True,0.2376175969839096,0.7623823881149292
/content/Dataset/Test/Real/real_2215.jpg,1,1,True,0.0901583582162857,0.9098416566848755
/content/Dataset/Test/Real/real_2216.jpg,1,1,True,4.553066901280545e-05,0.9999544620513916
/content/Dataset/Test/Real/real_2217.jpg,1,1,True,0.00015716343477834016,0.9998427629470825
/content/Dataset/Test/Real/real_2218.jpg,1,1,True,0.0010799261508509517,0.9989200830459595
/content/Dataset/Test/Real/real_2219.jpg,1,1,True,0.00012285109551157802,0.9998770952224731
/content/Dataset/Test/Real/real_222.jpg,1,1,True,0.18514549732208252,0.8148545622825623
/content/Dataset/Test/Real/real_2220.jpg,1,0,False,0.677650511264801,0.322349488735199
/content/Dataset/Test/Real/real_2221.jpg,1,1,True,8.673636330058798e-05,0.999913215637207
/content/Dataset/Test/Real/real_2222.jpg,1,1,True,0.05404602736234665,0.9459539651870728
/content/Dataset/Test/Real/real_2223.jpg,1,1,True,0.00017033352924045175,0.9998296499252319
/content/Dataset/Test/Real/real_2224.jpg,1,0,False,0.8031080365180969,0.19689199328422546
/content/Dataset/Test/Real/real_2225.jpg,1,1,True,0.0009847718756645918,0.999015212059021
/content/Dataset/Test/Real/real_2226.jpg,1,1,True,0.1225094199180603,0.8774905800819397
/content/Dataset/Test/Real/real_2227.jpg,1,1,True,0.10175268352031708,0.8982473611831665
/content/Dataset/Test/Real/real_2228.jpg,1,1,True,0.3790910243988037,0.6209089756011963
/content/Dataset/Test/Real/real_2229.jpg,1,1,True,0.0011152585502713919,0.9988847374916077
/content/Dataset/Test/Real/real_223.jpg,1,1,True,0.4284384548664093,0.5715615749359131
/content/Dataset/Test/Real/real_2230.jpg,1,1,True,0.029976092278957367,0.9700239300727844
/content/Dataset/Test/Real/real_2231.jpg,1,1,True,0.003422671463340521,0.9965773224830627
/content/Dataset/Test/Real/real_2232.jpg,1,1,True,0.017958378419280052,0.982041597366333
/content/Dataset/Test/Real/real_2233.jpg,1,1,True,0.00031547393882647157,0.9996845722198486
/content/Dataset/Test/Real/real_2234.jpg,1,1,True,0.004787879530340433,0.9952120780944824
/content/Dataset/Test/Real/real_2235.jpg,1,1,True,0.16516412794589996,0.8348358869552612
/content/Dataset/Test/Real/real_2236.jpg,1,1,True,0.019692106172442436,0.9803078770637512
/content/Dataset/Test/Real/real_2237.jpg,1,1,True,0.2868387699127197,0.713161289691925
/content/Dataset/Test/Real/real_2238.jpg,1,1,True,0.004219661466777325,0.995780348777771
/content/Dataset/Test/Real/real_2239.jpg,1,1,True,0.0010801221942529082,0.9989198446273804
/content/Dataset/Test/Real/real_224.jpg,1,1,True,0.07507158815860748,0.9249284267425537
/content/Dataset/Test/Real/real_2240.jpg,1,1,True,0.00011750702833523974,0.9998824596405029
/content/Dataset/Test/Real/real_2241.jpg,1,1,True,0.001025790348649025,0.9989742040634155
/content/Dataset/Test/Real/real_2242.jpg,1,0,False,0.8498054146766663,0.15019451081752777
/content/Dataset/Test/Real/real_2243.jpg,1,1,True,0.0012477171840146184,0.998752236366272
/content/Dataset/Test/Real/real_2244.jpg,1,0,False,0.6435943841934204,0.356405645608902
/content/Dataset/Test/Real/real_2245.jpg,1,0,False,0.5860399603843689,0.4139600694179535
/content/Dataset/Test/Real/real_2246.jpg,1,0,False,0.9537579417228699,0.04624207690358162
/content/Dataset/Test/Real/real_2247.jpg,1,1,True,0.00018221956270281225,0.9998177886009216
/content/Dataset/Test/Real/real_2248.jpg,1,1,True,5.077722016721964e-05,0.9999492168426514
/content/Dataset/Test/Real/real_2249.jpg,1,1,True,0.0014294323045760393,0.9985705614089966
/content/Dataset/Test/Real/real_225.jpg,1,1,True,0.21457789838314056,0.7854220867156982
/content/Dataset/Test/Real/real_2250.jpg,1,1,True,9.179400512948632e-05,0.9999082088470459
/content/Dataset/Test/Real/real_2251.jpg,1,1,True,0.08636388182640076,0.9136361479759216
/content/Dataset/Test/Real/real_2252.jpg,1,1,True,0.0026590328197926283,0.997340977191925
/content/Dataset/Test/Real/real_2253.jpg,1,1,True,0.0007983255200088024,0.9992017149925232
/content/Dataset/Test/Real/real_2254.jpg,1,1,True,0.023038242012262344,0.9769617915153503
/content/Dataset/Test/Real/real_2255.jpg,1,1,True,0.01206734124571085,0.9879326224327087
/content/Dataset/Test/Real/real_2256.jpg,1,1,True,0.12137365341186523,0.8786263465881348
/content/Dataset/Test/Real/real_2257.jpg,1,0,False,0.5895264148712158,0.4104735553264618
/content/Dataset/Test/Real/real_2258.jpg,1,1,True,0.003564327023923397,0.9964356422424316
/content/Dataset/Test/Real/real_2259.jpg,1,1,True,0.00013857334852218628,0.9998613595962524
/content/Dataset/Test/Real/real_226.jpg,1,1,True,0.002329896204173565,0.9976701140403748
/content/Dataset/Test/Real/real_2260.jpg,1,1,True,0.0002351167640881613,0.9997648596763611
/content/Dataset/Test/Real/real_2261.jpg,1,1,True,0.00036534052924253047,0.9996346235275269
/content/Dataset/Test/Real/real_2262.jpg,1,1,True,0.0002182641183026135,0.9997817873954773
/content/Dataset/Test/Real/real_2263.jpg,1,1,True,0.0001616743247723207,0.9998383522033691
/content/Dataset/Test/Real/real_2264.jpg,1,1,True,0.1981709748506546,0.8018290400505066
/content/Dataset/Test/Real/real_2265.jpg,1,1,True,0.07554838806390762,0.9244515895843506
/content/Dataset/Test/Real/real_2266.jpg,1,1,True,0.001076448243111372,0.9989234805107117
/content/Dataset/Test/Real/real_2267.jpg,1,1,True,0.0014032197650521994,0.998596727848053
/content/Dataset/Test/Real/real_2268.jpg,1,1,True,0.00031605822732672095,0.9996839761734009
/content/Dataset/Test/Real/real_2269.jpg,1,1,True,0.00190039724111557,0.9980996251106262
/content/Dataset/Test/Real/real_227.jpg,1,1,True,0.0002221787435701117,0.9997778534889221
/content/Dataset/Test/Real/real_2270.jpg,1,1,True,0.0062071047723293304,0.9937928915023804
/content/Dataset/Test/Real/real_2271.jpg,1,1,True,0.026449857279658318,0.9735500812530518
/content/Dataset/Test/Real/real_2272.jpg,1,1,True,0.0001956834748852998,0.9998043179512024
/content/Dataset/Test/Real/real_2273.jpg,1,1,True,0.005319701042026281,0.9946802258491516
/content/Dataset/Test/Real/real_2274.jpg,1,1,True,0.00023375754244625568,0.9997662901878357
/content/Dataset/Test/Real/real_2275.jpg,1,1,True,6.854374805698171e-05,0.9999314546585083
/content/Dataset/Test/Real/real_2276.jpg,1,1,True,9.39765595830977e-05,0.999906063079834
/content/Dataset/Test/Real/real_2277.jpg,1,1,True,8.462281402898952e-05,0.999915361404419
/content/Dataset/Test/Real/real_2278.jpg,1,1,True,0.07955213636159897,0.920447826385498
/content/Dataset/Test/Real/real_2279.jpg,1,1,True,0.020492516458034515,0.9795075058937073
/content/Dataset/Test/Real/real_228.jpg,1,1,True,0.002942093415185809,0.9970579147338867
/content/Dataset/Test/Real/real_2280.jpg,1,1,True,0.19690589606761932,0.8030941486358643
/content/Dataset/Test/Real/real_2281.jpg,1,1,True,0.0005834631156176329,0.9994165897369385
/content/Dataset/Test/Real/real_2282.jpg,1,1,True,5.990945646772161e-05,0.999940037727356
/content/Dataset/Test/Real/real_2283.jpg,1,0,False,0.9032164216041565,0.09678357094526291
/content/Dataset/Test/Real/real_2284.jpg,1,1,True,0.03883468359708786,0.9611653685569763
/content/Dataset/Test/Real/real_2285.jpg,1,1,True,5.682613482349552e-05,0.9999431371688843
/content/Dataset/Test/Real/real_2286.jpg,1,1,True,0.011070980690419674,0.9889289736747742
/content/Dataset/Test/Real/real_2287.jpg,1,1,True,0.0004245558229740709,0.9995754361152649
/content/Dataset/Test/Real/real_2288.jpg,1,1,True,0.0020489974413067102,0.9979509711265564
/content/Dataset/Test/Real/real_2289.jpg,1,1,True,0.010039156302809715,0.989960789680481
/content/Dataset/Test/Real/real_229.jpg,1,1,True,0.0016983665991574526,0.99830162525177
/content/Dataset/Test/Real/real_2290.jpg,1,1,True,0.41809335350990295,0.5819066762924194
/content/Dataset/Test/Real/real_2291.jpg,1,1,True,0.005311806686222553,0.9946881532669067
/content/Dataset/Test/Real/real_2292.jpg,1,1,True,0.00010846351506188512,0.9998915195465088
/content/Dataset/Test/Real/real_2293.jpg,1,1,True,0.08173970878124237,0.9182602763175964
/content/Dataset/Test/Real/real_2294.jpg,1,1,True,0.007071374915540218,0.992928683757782
/content/Dataset/Test/Real/real_2295.jpg,1,1,True,0.013402177952229977,0.9865977764129639
/content/Dataset/Test/Real/real_2296.jpg,1,1,True,9.379284165333956e-05,0.9999061822891235
/content/Dataset/Test/Real/real_2297.jpg,1,1,True,0.00013333759852685034,0.9998666048049927
/content/Dataset/Test/Real/real_2298.jpg,1,1,True,0.0003251024754717946,0.999674916267395
/content/Dataset/Test/Real/real_2299.jpg,1,1,True,0.013634014874696732,0.9863660335540771
/content/Dataset/Test/Real/real_23.jpg,1,1,True,0.23845769464969635,0.7615423202514648
/content/Dataset/Test/Real/real_230.jpg,1,1,True,0.001453128643333912,0.9985468983650208
/content/Dataset/Test/Real/real_2300.jpg,1,1,True,0.08939696103334427,0.9106030464172363
/content/Dataset/Test/Real/real_2301.jpg,1,1,True,0.05292978510260582,0.9470701813697815
/content/Dataset/Test/Real/real_2302.jpg,1,1,True,0.003047109115868807,0.9969528913497925
/content/Dataset/Test/Real/real_2303.jpg,1,1,True,0.0007238531252369285,0.9992761015892029
/content/Dataset/Test/Real/real_2304.jpg,1,1,True,0.0025423127226531506,0.9974576830863953
/content/Dataset/Test/Real/real_2305.jpg,1,1,True,0.009601056575775146,0.9903990030288696
/content/Dataset/Test/Real/real_2306.jpg,1,1,True,0.18244433403015137,0.8175557255744934
/content/Dataset/Test/Real/real_2307.jpg,1,1,True,0.00568162277340889,0.994318425655365
/content/Dataset/Test/Real/real_2308.jpg,1,1,True,0.00036522108712233603,0.9996347427368164
/content/Dataset/Test/Real/real_2309.jpg,1,1,True,0.005905498284846544,0.9940945506095886
/content/Dataset/Test/Real/real_231.jpg,1,1,True,0.00039667103555984795,0.9996033310890198
/content/Dataset/Test/Real/real_2310.jpg,1,0,False,0.9755050539970398,0.024494986981153488
/content/Dataset/Test/Real/real_2311.jpg,1,1,True,0.011697308160364628,0.9883026480674744
/content/Dataset/Test/Real/real_2312.jpg,1,1,True,0.3304261565208435,0.6695737838745117
/content/Dataset/Test/Real/real_2313.jpg,1,1,True,0.001364472322165966,0.998635470867157
/content/Dataset/Test/Real/real_2314.jpg,1,1,True,0.012489999644458294,0.9875099658966064
/content/Dataset/Test/Real/real_2315.jpg,1,0,False,0.9789386987686157,0.021061252802610397
/content/Dataset/Test/Real/real_2316.jpg,1,1,True,0.00024068576749414206,0.9997592568397522
/content/Dataset/Test/Real/real_2317.jpg,1,1,True,0.029396718367934227,0.9706032872200012
/content/Dataset/Test/Real/real_2318.jpg,1,1,True,0.0005775830941274762,0.9994224309921265
/content/Dataset/Test/Real/real_2319.jpg,1,1,True,0.0008439923403784633,0.9991559982299805
/content/Dataset/Test/Real/real_232.jpg,1,1,True,0.4617000222206116,0.5382999777793884
/content/Dataset/Test/Real/real_2320.jpg,1,1,True,0.07558558881282806,0.9244144558906555
/content/Dataset/Test/Real/real_2321.jpg,1,1,True,0.0451568178832531,0.9548432230949402
/content/Dataset/Test/Real/real_2322.jpg,1,1,True,0.017290806397795677,0.9827091693878174
/content/Dataset/Test/Real/real_2323.jpg,1,1,True,0.006381922867149115,0.9936181306838989
/content/Dataset/Test/Real/real_2324.jpg,1,1,True,0.3243701159954071,0.6756299138069153
/content/Dataset/Test/Real/real_2325.jpg,1,1,True,0.00029969547176733613,0.9997003078460693
/content/Dataset/Test/Real/real_2326.jpg,1,1,True,0.006129892077296972,0.9938701391220093
/content/Dataset/Test/Real/real_2327.jpg,1,1,True,0.00030392175540328026,0.9996961355209351
/content/Dataset/Test/Real/real_2328.jpg,1,0,False,0.9999197721481323,8.017342770472169e-05
/content/Dataset/Test/Real/real_2329.jpg,1,1,True,7.537109195254743e-05,0.9999246597290039
/content/Dataset/Test/Real/real_233.jpg,1,1,True,4.0149672713596374e-05,0.9999598264694214
/content/Dataset/Test/Real/real_2330.jpg,1,0,False,0.5727595090866089,0.4272405505180359
/content/Dataset/Test/Real/real_2331.jpg,1,1,True,0.0003536214353516698,0.9996464252471924
/content/Dataset/Test/Real/real_2332.jpg,1,1,True,0.12557509541511536,0.8744248747825623
/content/Dataset/Test/Real/real_2333.jpg,1,1,True,6.832754297647625e-05,0.9999316930770874
/content/Dataset/Test/Real/real_2334.jpg,1,1,True,0.001480346079915762,0.9985197186470032
/content/Dataset/Test/Real/real_2335.jpg,1,1,True,0.0001282876473851502,0.9998717308044434
/content/Dataset/Test/Real/real_2336.jpg,1,1,True,0.007578933611512184,0.9924210906028748
/content/Dataset/Test/Real/real_2337.jpg,1,0,False,0.9610531330108643,0.03894689679145813
/content/Dataset/Test/Real/real_2338.jpg,1,1,True,0.01398333627730608,0.9860166907310486
/content/Dataset/Test/Real/real_2339.jpg,1,1,True,0.003741275519132614,0.9962587356567383
/content/Dataset/Test/Real/real_234.jpg,1,1,True,0.0015744129195809364,0.9984256029129028
/content/Dataset/Test/Real/real_2340.jpg,1,1,True,0.000955912284553051,0.9990441203117371
/content/Dataset/Test/Real/real_2341.jpg,1,1,True,0.02541823498904705,0.9745817184448242
/content/Dataset/Test/Real/real_2342.jpg,1,1,True,0.0014556823298335075,0.9985443353652954
/content/Dataset/Test/Real/real_2343.jpg,1,1,True,9.169323311652988e-05,0.9999083280563354
/content/Dataset/Test/Real/real_2344.jpg,1,1,True,8.161141158780083e-05,0.9999183416366577
/content/Dataset/Test/Real/real_2345.jpg,1,0,False,0.7381710410118103,0.2618289887905121
/content/Dataset/Test/Real/real_2346.jpg,1,1,True,0.0018020131392404437,0.9981979727745056
/content/Dataset/Test/Real/real_2347.jpg,1,1,True,0.05536878481507301,0.9446312785148621
/content/Dataset/Test/Real/real_2348.jpg,1,1,True,0.009962176904082298,0.9900377988815308
/content/Dataset/Test/Real/real_2349.jpg,1,1,True,0.0011927197920158505,0.9988073110580444
/content/Dataset/Test/Real/real_235.jpg,1,1,True,0.000703240919392556,0.9992967844009399
/content/Dataset/Test/Real/real_2350.jpg,1,1,True,0.15612077713012695,0.8438792824745178
/content/Dataset/Test/Real/real_2351.jpg,1,1,True,0.1114608645439148,0.8885391354560852
/content/Dataset/Test/Real/real_2352.jpg,1,1,True,0.00018612048006616533,0.9998138546943665
/content/Dataset/Test/Real/real_2353.jpg,1,1,True,0.0002587804920040071,0.99974125623703
/content/Dataset/Test/Real/real_2354.jpg,1,1,True,0.0009208860574290156,0.9990791082382202
/content/Dataset/Test/Real/real_2355.jpg,1,1,True,0.021409615874290466,0.9785903692245483
/content/Dataset/Test/Real/real_2356.jpg,1,1,True,0.0693114772439003,0.9306885004043579
/content/Dataset/Test/Real/real_2357.jpg,1,1,True,0.37492281198501587,0.6250771880149841
/content/Dataset/Test/Real/real_2358.jpg,1,1,True,0.0006599531625397503,0.9993399977684021
/content/Dataset/Test/Real/real_2359.jpg,1,1,True,9.49293898884207e-05,0.9999051094055176
/content/Dataset/Test/Real/real_236.jpg,1,1,True,0.0021413553040474653,0.9978585839271545
/content/Dataset/Test/Real/real_2360.jpg,1,1,True,0.010549952276051044,0.9894500374794006
/content/Dataset/Test/Real/real_2361.jpg,1,1,True,0.0011872630566358566,0.9988127946853638
/content/Dataset/Test/Real/real_2362.jpg,1,1,True,0.0030329551082104445,0.9969670176506042
/content/Dataset/Test/Real/real_2363.jpg,1,1,True,0.25506702065467834,0.744933009147644
/content/Dataset/Test/Real/real_2364.jpg,1,1,True,7.010971603449434e-05,0.9999299049377441
/content/Dataset/Test/Real/real_2365.jpg,1,1,True,0.03952239826321602,0.9604776501655579
/content/Dataset/Test/Real/real_2366.jpg,1,1,True,0.09407790750265121,0.9059221148490906
/content/Dataset/Test/Real/real_2367.jpg,1,0,False,0.9620534777641296,0.03794654458761215
/content/Dataset/Test/Real/real_2368.jpg,1,0,False,0.9803533554077148,0.019646666944026947
/content/Dataset/Test/Real/real_2369.jpg,1,1,True,0.02715456672012806,0.9728454351425171
/content/Dataset/Test/Real/real_237.jpg,1,1,True,7.678230031160638e-05,0.9999232292175293
/content/Dataset/Test/Real/real_2370.jpg,1,1,True,0.07667282968759537,0.9233271479606628
/content/Dataset/Test/Real/real_2371.jpg,1,1,True,0.00043454350088723004,0.9995654225349426
/content/Dataset/Test/Real/real_2372.jpg,1,1,True,0.0031164437532424927,0.9968835711479187
/content/Dataset/Test/Real/real_2373.jpg,1,1,True,0.03614681214094162,0.9638531804084778
/content/Dataset/Test/Real/real_2374.jpg,1,1,True,0.021682515740394592,0.9783174991607666
/content/Dataset/Test/Real/real_2375.jpg,1,1,True,0.09690030664205551,0.9030997157096863
/content/Dataset/Test/Real/real_2376.jpg,1,1,True,0.0008055680082179606,0.9991944432258606
/content/Dataset/Test/Real/real_2377.jpg,1,1,True,0.0003591868153307587,0.9996408224105835
/content/Dataset/Test/Real/real_2378.jpg,1,1,True,0.00010806418140418828,0.9998918771743774
/content/Dataset/Test/Real/real_2379.jpg,1,1,True,0.015184355899691582,0.9848155975341797
/content/Dataset/Test/Real/real_238.jpg,1,1,True,0.002131764544174075,0.9978681802749634
/content/Dataset/Test/Real/real_2380.jpg,1,1,True,9.444370516575873e-05,0.9999055862426758
/content/Dataset/Test/Real/real_2381.jpg,1,1,True,0.0019043772481381893,0.9980955719947815
/content/Dataset/Test/Real/real_2382.jpg,1,1,True,0.0002051944175036624,0.9997947812080383
/content/Dataset/Test/Real/real_2383.jpg,1,1,True,0.0010618855012580752,0.9989381432533264
/content/Dataset/Test/Real/real_2384.jpg,1,1,True,0.001200030092149973,0.9987999200820923
/content/Dataset/Test/Real/real_2385.jpg,1,1,True,8.389549475396052e-05,0.9999160766601562
/content/Dataset/Test/Real/real_2386.jpg,1,1,True,0.3645419180393219,0.6354580521583557
/content/Dataset/Test/Real/real_2387.jpg,1,1,True,0.146199032664299,0.8538009524345398
/content/Dataset/Test/Real/real_2388.jpg,1,1,True,0.08743804693222046,0.9125619530677795
/content/Dataset/Test/Real/real_2389.jpg,1,1,True,0.06716997176408768,0.9328299760818481
/content/Dataset/Test/Real/real_239.jpg,1,1,True,0.001317331800237298,0.9986826777458191
/content/Dataset/Test/Real/real_2390.jpg,1,1,True,5.7427940191701055e-05,0.9999425411224365
/content/Dataset/Test/Real/real_2391.jpg,1,1,True,0.001722048851661384,0.9982779026031494
/content/Dataset/Test/Real/real_2392.jpg,1,1,True,0.00036672045825980604,0.9996333122253418
/content/Dataset/Test/Real/real_2393.jpg,1,1,True,0.00038561891415156424,0.9996143579483032
/content/Dataset/Test/Real/real_2394.jpg,1,1,True,0.4905766248703003,0.5094233751296997
/content/Dataset/Test/Real/real_2395.jpg,1,1,True,0.04470440372824669,0.9552955627441406
/content/Dataset/Test/Real/real_2396.jpg,1,1,True,0.00809407141059637,0.991905927658081
/content/Dataset/Test/Real/real_2397.jpg,1,1,True,0.048111315816640854,0.9518887400627136
/content/Dataset/Test/Real/real_2398.jpg,1,1,True,0.20148825645446777,0.7985117435455322
/content/Dataset/Test/Real/real_2399.jpg,1,0,False,0.9091761112213135,0.09082388132810593
/content/Dataset/Test/Real/real_24.jpg,1,0,False,0.7818517684936523,0.21814826130867004
/content/Dataset/Test/Real/real_240.jpg,1,1,True,0.0009414114756509662,0.9990585446357727
/content/Dataset/Test/Real/real_2400.jpg,1,0,False,0.999758780002594,0.0002412371541140601
/content/Dataset/Test/Real/real_2401.jpg,1,1,True,0.1790207177400589,0.8209792971611023
/content/Dataset/Test/Real/real_2402.jpg,1,1,True,0.0010022225324064493,0.9989977478981018
/content/Dataset/Test/Real/real_2403.jpg,1,1,True,7.725985051365569e-05,0.9999227523803711
/content/Dataset/Test/Real/real_2404.jpg,1,1,True,6.301394023466855e-05,0.9999369382858276
/content/Dataset/Test/Real/real_2405.jpg,1,1,True,0.0001413173886248842,0.9998586177825928
/content/Dataset/Test/Real/real_2406.jpg,1,1,True,0.11646447330713272,0.8835355639457703
/content/Dataset/Test/Real/real_2407.jpg,1,1,True,0.0007808193913660944,0.9992191791534424
/content/Dataset/Test/Real/real_2408.jpg,1,1,True,0.0005605402984656394,0.9994394183158875
/content/Dataset/Test/Real/real_2409.jpg,1,1,True,0.0047584413550794125,0.9952415227890015
/content/Dataset/Test/Real/real_241.jpg,1,1,True,0.0009013307862915099,0.9990986585617065
/content/Dataset/Test/Real/real_2410.jpg,1,1,True,0.0015645273961126804,0.9984354376792908
/content/Dataset/Test/Real/real_2411.jpg,1,1,True,0.1832614243030548,0.8167386054992676
/content/Dataset/Test/Real/real_2412.jpg,1,1,True,0.41552287340164185,0.5844771862030029
/content/Dataset/Test/Real/real_2413.jpg,1,1,True,0.026998331770300865,0.9730015993118286
/content/Dataset/Test/Real/real_2414.jpg,1,1,True,0.0024227742105722427,0.9975772500038147
/content/Dataset/Test/Real/real_2415.jpg,1,1,True,0.010959602892398834,0.9890403747558594
/content/Dataset/Test/Real/real_2416.jpg,1,1,True,0.000640916230622679,0.9993590712547302
/content/Dataset/Test/Real/real_2417.jpg,1,1,True,0.0010596400825306773,0.9989404082298279
/content/Dataset/Test/Real/real_2418.jpg,1,1,True,0.00018070681835524738,0.9998193383216858
/content/Dataset/Test/Real/real_2419.jpg,1,1,True,0.0011037023505195975,0.9988962411880493
/content/Dataset/Test/Real/real_242.jpg,1,1,True,0.00011745595838874578,0.9998825788497925
/content/Dataset/Test/Real/real_2420.jpg,1,1,True,0.00244550290517509,0.9975544810295105
/content/Dataset/Test/Real/real_2421.jpg,1,1,True,0.00019055353186558932,0.9998094439506531
/content/Dataset/Test/Real/real_2422.jpg,1,1,True,0.0016646579606458545,0.9983354210853577
/content/Dataset/Test/Real/real_2423.jpg,1,1,True,0.00015993464330676943,0.9998400211334229
/content/Dataset/Test/Real/real_2424.jpg,1,1,True,0.19317497313022614,0.8068249821662903
/content/Dataset/Test/Real/real_2425.jpg,1,1,True,0.0005400123773142695,0.9994600415229797
/content/Dataset/Test/Real/real_2426.jpg,1,1,True,0.00019481888739392161,0.9998051524162292
/content/Dataset/Test/Real/real_2427.jpg,1,0,False,0.6186844110488892,0.38131555914878845
/content/Dataset/Test/Real/real_2428.jpg,1,1,True,0.0016218932578340173,0.9983780384063721
/content/Dataset/Test/Real/real_2429.jpg,1,1,True,0.0003085383214056492,0.9996914863586426
/content/Dataset/Test/Real/real_243.jpg,1,0,False,0.6782215237617493,0.32177844643592834
/content/Dataset/Test/Real/real_2430.jpg,1,1,True,0.0003553381538949907,0.9996446371078491
/content/Dataset/Test/Real/real_2431.jpg,1,0,False,0.7820826768875122,0.217917338013649
/content/Dataset/Test/Real/real_2432.jpg,1,1,True,0.003943147603422403,0.9960569143295288
/content/Dataset/Test/Real/real_2433.jpg,1,1,True,0.003242730163037777,0.9967573285102844
/content/Dataset/Test/Real/real_2434.jpg,1,1,True,4.4449541746871546e-05,0.9999555349349976
/content/Dataset/Test/Real/real_2435.jpg,1,1,True,0.0009438160923309624,0.9990561604499817
/content/Dataset/Test/Real/real_2436.jpg,1,1,True,0.020709646865725517,0.9792903661727905
/content/Dataset/Test/Real/real_2437.jpg,1,1,True,5.925321966060437e-05,0.9999407529830933
/content/Dataset/Test/Real/real_2438.jpg,1,0,False,0.9717137813568115,0.028286170214414597
/content/Dataset/Test/Real/real_2439.jpg,1,1,True,0.009139073081314564,0.9908609390258789
/content/Dataset/Test/Real/real_244.jpg,1,1,True,0.014483582228422165,0.985516369342804
/content/Dataset/Test/Real/real_2440.jpg,1,1,True,0.0028311428613960743,0.9971688389778137
/content/Dataset/Test/Real/real_2441.jpg,1,1,True,0.0004802423354703933,0.9995198249816895
/content/Dataset/Test/Real/real_2442.jpg,1,1,True,0.0029943902045488358,0.9970056414604187
/content/Dataset/Test/Real/real_2443.jpg,1,1,True,0.10749922692775726,0.8925008177757263
/content/Dataset/Test/Real/real_2444.jpg,1,1,True,0.001035145134665072,0.9989649057388306
/content/Dataset/Test/Real/real_2445.jpg,1,1,True,0.1887800544500351,0.8112199306488037
/content/Dataset/Test/Real/real_2446.jpg,1,1,True,0.4559035301208496,0.5440964698791504
/content/Dataset/Test/Real/real_2447.jpg,1,1,True,0.022782158106565475,0.9772178530693054
/content/Dataset/Test/Real/real_2448.jpg,1,1,True,0.0003300199459772557,0.9996700286865234
/content/Dataset/Test/Real/real_2449.jpg,1,0,False,0.675668478012085,0.3243315517902374
/content/Dataset/Test/Real/real_245.jpg,1,1,True,0.10506885498762131,0.8949310779571533
/content/Dataset/Test/Real/real_2450.jpg,1,0,False,0.9931802749633789,0.006819728761911392
/content/Dataset/Test/Real/real_2451.jpg,1,1,True,0.011088170111179352,0.9889118671417236
/content/Dataset/Test/Real/real_2452.jpg,1,0,False,0.506342887878418,0.4936571419239044
/content/Dataset/Test/Real/real_2453.jpg,1,1,True,0.034840233623981476,0.9651597738265991
/content/Dataset/Test/Real/real_2454.jpg,1,1,True,0.0719355046749115,0.9280645251274109
/content/Dataset/Test/Real/real_2455.jpg,1,1,True,0.0007000410696491599,0.9993000030517578
/content/Dataset/Test/Real/real_2456.jpg,1,1,True,0.0009823620785027742,0.999017596244812
/content/Dataset/Test/Real/real_2457.jpg,1,0,False,0.9956385493278503,0.0043614814057946205
/content/Dataset/Test/Real/real_2458.jpg,1,1,True,0.007329939864575863,0.9926700592041016
/content/Dataset/Test/Real/real_2459.jpg,1,1,True,0.06021164357662201,0.9397883415222168
/content/Dataset/Test/Real/real_246.jpg,1,1,True,7.228032336570323e-05,0.9999277591705322
/content/Dataset/Test/Real/real_2460.jpg,1,1,True,0.02046016789972782,0.9795398712158203
/content/Dataset/Test/Real/real_2461.jpg,1,1,True,0.09795093536376953,0.9020490646362305
/content/Dataset/Test/Real/real_2462.jpg,1,0,False,0.8884870409965515,0.11151295900344849
/content/Dataset/Test/Real/real_2463.jpg,1,1,True,0.09033387899398804,0.909666121006012
/content/Dataset/Test/Real/real_2464.jpg,1,1,True,0.01669931598007679,0.9833006858825684
/content/Dataset/Test/Real/real_2465.jpg,1,1,True,0.0003437986597418785,0.9996562004089355
/content/Dataset/Test/Real/real_2466.jpg,1,1,True,0.11672638356685638,0.8832735419273376
/content/Dataset/Test/Real/real_2467.jpg,1,1,True,9.107816003961489e-05,0.9999089241027832
/content/Dataset/Test/Real/real_2468.jpg,1,1,True,0.0011544384760782123,0.9988455772399902
/content/Dataset/Test/Real/real_2469.jpg,1,1,True,6.173837755341083e-05,0.9999382495880127
/content/Dataset/Test/Real/real_247.jpg,1,1,True,0.00019514239102136344,0.9998049139976501
/content/Dataset/Test/Real/real_2470.jpg,1,1,True,0.0002850645105354488,0.9997149109840393
/content/Dataset/Test/Real/real_2471.jpg,1,1,True,0.0001038862974382937,0.9998960494995117
/content/Dataset/Test/Real/real_2472.jpg,1,1,True,0.0004975404008291662,0.999502420425415
/content/Dataset/Test/Real/real_2473.jpg,1,1,True,0.09375747293233871,0.9062425494194031
/content/Dataset/Test/Real/real_2474.jpg,1,1,True,0.002304837806150317,0.9976951479911804
/content/Dataset/Test/Real/real_2475.jpg,1,1,True,7.53115164116025e-05,0.9999246597290039
/content/Dataset/Test/Real/real_2476.jpg,1,1,True,4.520916263572872e-05,0.9999548196792603
/content/Dataset/Test/Real/real_2477.jpg,1,1,True,0.005100766662508249,0.9948992133140564
/content/Dataset/Test/Real/real_2478.jpg,1,1,True,0.0021914730314165354,0.9978085160255432
/content/Dataset/Test/Real/real_2479.jpg,1,1,True,0.0003957117151003331,0.9996042847633362
/content/Dataset/Test/Real/real_248.jpg,1,1,True,0.00441058399155736,0.9955893754959106
/content/Dataset/Test/Real/real_2480.jpg,1,1,True,0.002596762729808688,0.9974032044410706
/content/Dataset/Test/Real/real_2481.jpg,1,1,True,0.00017587817274034023,0.9998241066932678
/content/Dataset/Test/Real/real_2482.jpg,1,1,True,0.00012015756510663778,0.9998798370361328
/content/Dataset/Test/Real/real_2483.jpg,1,1,True,5.3120649681659415e-05,0.9999468326568604
/content/Dataset/Test/Real/real_2484.jpg,1,1,True,0.0003498577862046659,0.9996501207351685
/content/Dataset/Test/Real/real_2485.jpg,1,1,True,0.10339201986789703,0.8966079950332642
/content/Dataset/Test/Real/real_2486.jpg,1,1,True,0.23199135065078735,0.7680086493492126
/content/Dataset/Test/Real/real_2487.jpg,1,1,True,0.0018949530785903335,0.9981050491333008
/content/Dataset/Test/Real/real_2488.jpg,1,1,True,0.015226771123707294,0.9847732782363892
/content/Dataset/Test/Real/real_2489.jpg,1,1,True,0.0005057932576164603,0.999494194984436
/content/Dataset/Test/Real/real_249.jpg,1,1,True,0.07114715874195099,0.928852915763855
/content/Dataset/Test/Real/real_2490.jpg,1,1,True,0.0016910141566768289,0.9983090162277222
/content/Dataset/Test/Real/real_2491.jpg,1,1,True,0.29305753111839294,0.7069424390792847
/content/Dataset/Test/Real/real_2492.jpg,1,1,True,0.27061936259269714,0.7293806076049805
/content/Dataset/Test/Real/real_2493.jpg,1,0,False,0.889843225479126,0.11015675216913223
/content/Dataset/Test/Real/real_2494.jpg,1,1,True,0.15246374905109406,0.8475362658500671
/content/Dataset/Test/Real/real_2495.jpg,1,1,True,0.009679747745394707,0.9903202652931213
/content/Dataset/Test/Real/real_2496.jpg,1,1,True,0.017627164721488953,0.9823728203773499
/content/Dataset/Test/Real/real_2497.jpg,1,1,True,0.096076101064682,0.9039238691329956
/content/Dataset/Test/Real/real_2498.jpg,1,0,False,0.8577728271484375,0.1422271877527237
/content/Dataset/Test/Real/real_2499.jpg,1,1,True,0.00040077936137095094,0.999599277973175
/content/Dataset/Test/Real/real_25.jpg,1,1,True,0.000622458872385323,0.9993775486946106
/content/Dataset/Test/Real/real_250.jpg,1,1,True,0.0002625861088745296,0.9997374415397644
/content/Dataset/Test/Real/real_2500.jpg,1,1,True,0.24547593295574188,0.7545241117477417
/content/Dataset/Test/Real/real_2501.jpg,1,1,True,0.009947575628757477,0.9900524020195007
/content/Dataset/Test/Real/real_2502.jpg,1,1,True,0.0002156740811187774,0.9997842907905579
/content/Dataset/Test/Real/real_2503.jpg,1,1,True,0.01982755772769451,0.9801724553108215
/content/Dataset/Test/Real/real_2504.jpg,1,1,True,0.0025082998909056187,0.997491717338562
/content/Dataset/Test/Real/real_2505.jpg,1,1,True,0.03251355141401291,0.9674865007400513
/content/Dataset/Test/Real/real_2506.jpg,1,0,False,0.7111864686012268,0.2888135612010956
/content/Dataset/Test/Real/real_2507.jpg,1,0,False,0.7568361163139343,0.24316391348838806
/content/Dataset/Test/Real/real_2508.jpg,1,1,True,0.09044075012207031,0.9095591902732849
/content/Dataset/Test/Real/real_2509.jpg,1,1,True,0.006809498183429241,0.9931904673576355
/content/Dataset/Test/Real/real_251.jpg,1,1,True,0.00013486102398019284,0.9998651742935181
/content/Dataset/Test/Real/real_2510.jpg,1,1,True,0.0005361488438211381,0.9994638562202454
/content/Dataset/Test/Real/real_2511.jpg,1,1,True,0.00018149474635720253,0.9998185038566589
/content/Dataset/Test/Real/real_2512.jpg,1,0,False,0.7733656167984009,0.22663436830043793
/content/Dataset/Test/Real/real_2513.jpg,1,1,True,0.008964893408119678,0.9910351634025574
/content/Dataset/Test/Real/real_2514.jpg,1,1,True,0.0006622712826356292,0.9993377327919006
/content/Dataset/Test/Real/real_2515.jpg,1,1,True,0.0014729088870808482,0.9985270500183105
/content/Dataset/Test/Real/real_2516.jpg,1,1,True,0.0034439987502992153,0.9965560436248779
/content/Dataset/Test/Real/real_2517.jpg,1,1,True,0.10453964024782181,0.8954603672027588
/content/Dataset/Test/Real/real_2518.jpg,1,1,True,0.17361289262771606,0.8263870477676392
/content/Dataset/Test/Real/real_2519.jpg,1,0,False,0.9156584739685059,0.08434157818555832
/content/Dataset/Test/Real/real_252.jpg,1,1,True,0.00012090646487195045,0.9998791217803955
/content/Dataset/Test/Real/real_2520.jpg,1,1,True,0.03947339206933975,0.9605265855789185
/content/Dataset/Test/Real/real_2521.jpg,1,1,True,0.005253112409263849,0.9947468638420105
/content/Dataset/Test/Real/real_2522.jpg,1,1,True,0.05810137093067169,0.9418987035751343
/content/Dataset/Test/Real/real_2523.jpg,1,1,True,0.002965213032439351,0.9970347881317139
/content/Dataset/Test/Real/real_2524.jpg,1,1,True,0.00010501437645871192,0.9998949766159058
/content/Dataset/Test/Real/real_2525.jpg,1,1,True,0.02676684781908989,0.973233163356781
/content/Dataset/Test/Real/real_2526.jpg,1,0,False,0.9226800799369812,0.07731988281011581
/content/Dataset/Test/Real/real_2527.jpg,1,1,True,0.000294502213364467,0.9997054934501648
/content/Dataset/Test/Real/real_2528.jpg,1,1,True,0.0419098399579525,0.9580901265144348
/content/Dataset/Test/Real/real_2529.jpg,1,1,True,9.053695248439908e-05,0.9999094009399414
/content/Dataset/Test/Real/real_253.jpg,1,0,False,0.5450911521911621,0.4549088776111603
/content/Dataset/Test/Real/real_2530.jpg,1,1,True,0.00020758280879817903,0.9997923970222473
/content/Dataset/Test/Real/real_2531.jpg,1,1,True,0.0006173138972371817,0.9993826150894165
/content/Dataset/Test/Real/real_2532.jpg,1,1,True,0.012282852083444595,0.9877172112464905
/content/Dataset/Test/Real/real_2533.jpg,1,1,True,9.524429333396256e-05,0.9999047517776489
/content/Dataset/Test/Real/real_2534.jpg,1,1,True,0.23457498848438263,0.7654250264167786
/content/Dataset/Test/Real/real_2535.jpg,1,1,True,0.0028825935442000628,0.9971174001693726
/content/Dataset/Test/Real/real_2536.jpg,1,1,True,0.0009270394803024828,0.9990729093551636
/content/Dataset/Test/Real/real_2537.jpg,1,1,True,5.008413427276537e-05,0.9999499320983887
/content/Dataset/Test/Real/real_2538.jpg,1,1,True,0.009521443396806717,0.9904786348342896
/content/Dataset/Test/Real/real_2539.jpg,1,1,True,0.0016762815648689866,0.9983237385749817
/content/Dataset/Test/Real/real_254.jpg,1,0,False,0.8765372633934021,0.1234627366065979
/content/Dataset/Test/Real/real_2540.jpg,1,1,True,0.013927812688052654,0.9860721826553345
/content/Dataset/Test/Real/real_2541.jpg,1,1,True,0.005051174201071262,0.9949488639831543
/content/Dataset/Test/Real/real_2542.jpg,1,1,True,7.228922186186537e-05,0.9999277591705322
/content/Dataset/Test/Real/real_2543.jpg,1,1,True,0.008683091960847378,0.9913169145584106
/content/Dataset/Test/Real/real_2544.jpg,1,1,True,0.0006993812276050448,0.9993005990982056
/content/Dataset/Test/Real/real_2545.jpg,1,1,True,0.011987021192908287,0.9880130290985107
/content/Dataset/Test/Real/real_2546.jpg,1,0,False,0.8439227342605591,0.15607723593711853
/content/Dataset/Test/Real/real_2547.jpg,1,0,False,0.9293457269668579,0.07065431028604507
/content/Dataset/Test/Real/real_2548.jpg,1,1,True,0.000991588574834168,0.9990084767341614
/content/Dataset/Test/Real/real_2549.jpg,1,1,True,0.0008006804273463786,0.9991993308067322
/content/Dataset/Test/Real/real_255.jpg,1,1,True,0.0009245996479876339,0.9990754127502441
/content/Dataset/Test/Real/real_2550.jpg,1,1,True,0.2769774794578552,0.7230224609375
/content/Dataset/Test/Real/real_2551.jpg,1,1,True,0.0001397365122102201,0.9998602867126465
/content/Dataset/Test/Real/real_2552.jpg,1,1,True,0.15901443362236023,0.8409855365753174
/content/Dataset/Test/Real/real_2553.jpg,1,1,True,0.06444387882947922,0.9355561137199402
/content/Dataset/Test/Real/real_2554.jpg,1,1,True,0.16434194147586823,0.835658073425293
/content/Dataset/Test/Real/real_2555.jpg,1,1,True,0.00014884103438816965,0.9998511075973511
/content/Dataset/Test/Real/real_2556.jpg,1,1,True,0.0001516512274974957,0.9998483657836914
/content/Dataset/Test/Real/real_2557.jpg,1,1,True,0.00016326252080034465,0.9998366832733154
/content/Dataset/Test/Real/real_2558.jpg,1,1,True,0.00014703741180710495,0.9998528957366943
/content/Dataset/Test/Real/real_2559.jpg,1,1,True,0.02753465063869953,0.9724653959274292
/content/Dataset/Test/Real/real_256.jpg,1,1,True,0.00793405994772911,0.992065966129303
/content/Dataset/Test/Real/real_2560.jpg,1,1,True,0.00012490693188738078,0.9998750686645508
/content/Dataset/Test/Real/real_2561.jpg,1,0,False,0.5286547541618347,0.47134527564048767
/content/Dataset/Test/Real/real_2562.jpg,1,1,True,0.007695479784160852,0.9923045039176941
/content/Dataset/Test/Real/real_2563.jpg,1,0,False,0.9897240400314331,0.010275975801050663
/content/Dataset/Test/Real/real_2564.jpg,1,1,True,0.0006177964969538152,0.9993821382522583
/content/Dataset/Test/Real/real_2565.jpg,1,1,True,0.007486308459192514,0.9925137162208557
/content/Dataset/Test/Real/real_2566.jpg,1,1,True,0.0002710905100684613,0.9997288584709167
/content/Dataset/Test/Real/real_2567.jpg,1,0,False,0.9667999744415283,0.03320007398724556
/content/Dataset/Test/Real/real_2568.jpg,1,1,True,0.0004030450654681772,0.9995970129966736
/content/Dataset/Test/Real/real_2569.jpg,1,1,True,0.317073255777359,0.6829267740249634
/content/Dataset/Test/Real/real_257.jpg,1,1,True,0.024336429312825203,0.9756635427474976
/content/Dataset/Test/Real/real_2570.jpg,1,1,True,0.0008087403839454055,0.9991912245750427
/content/Dataset/Test/Real/real_2571.jpg,1,1,True,0.004627815913408995,0.9953722357749939
/content/Dataset/Test/Real/real_2572.jpg,1,0,False,0.9997655749320984,0.00023448391584679484
/content/Dataset/Test/Real/real_2573.jpg,1,1,True,0.03036126121878624,0.9696387052536011
/content/Dataset/Test/Real/real_2574.jpg,1,1,True,0.0228594820946455,0.9771405458450317
/content/Dataset/Test/Real/real_2575.jpg,1,1,True,0.005091074854135513,0.99490886926651
/content/Dataset/Test/Real/real_2576.jpg,1,1,True,5.4127925977809355e-05,0.999945878982544
/content/Dataset/Test/Real/real_2577.jpg,1,1,True,0.013515749014914036,0.9864842295646667
/content/Dataset/Test/Real/real_2578.jpg,1,1,True,0.00814189575612545,0.9918580651283264
/content/Dataset/Test/Real/real_2579.jpg,1,0,False,0.6963233351707458,0.30367663502693176
/content/Dataset/Test/Real/real_258.jpg,1,1,True,0.0016885261284187436,0.9983115196228027
/content/Dataset/Test/Real/real_2580.jpg,1,1,True,0.0004668471810873598,0.9995331764221191
/content/Dataset/Test/Real/real_2581.jpg,1,1,True,9.137236338574439e-05,0.9999085664749146
/content/Dataset/Test/Real/real_2582.jpg,1,1,True,0.00119431980419904,0.9988056421279907
/content/Dataset/Test/Real/real_2583.jpg,1,1,True,0.008144364692270756,0.9918556213378906
/content/Dataset/Test/Real/real_2584.jpg,1,1,True,0.0009175586747005582,0.9990824460983276
/content/Dataset/Test/Real/real_2585.jpg,1,1,True,0.170437753200531,0.829562246799469
/content/Dataset/Test/Real/real_2586.jpg,1,1,True,0.00071403180481866,0.9992859959602356
/content/Dataset/Test/Real/real_2587.jpg,1,1,True,0.02781994640827179,0.9721800088882446
/content/Dataset/Test/Real/real_2588.jpg,1,1,True,0.0017750257393345237,0.9982250332832336
/content/Dataset/Test/Real/real_2589.jpg,1,1,True,4.8143578169401735e-05,0.9999518394470215
/content/Dataset/Test/Real/real_259.jpg,1,1,True,0.00012218461779411882,0.9998778104782104
/content/Dataset/Test/Real/real_2590.jpg,1,0,False,0.9607559442520142,0.03924408555030823
/content/Dataset/Test/Real/real_2591.jpg,1,1,True,0.02259654551744461,0.977403461933136
/content/Dataset/Test/Real/real_2592.jpg,1,1,True,0.00016391283133998513,0.9998360872268677
/content/Dataset/Test/Real/real_2593.jpg,1,1,True,0.0015756516950204968,0.9984244108200073
/content/Dataset/Test/Real/real_2594.jpg,1,1,True,0.01520486269146204,0.9847951531410217
/content/Dataset/Test/Real/real_2595.jpg,1,1,True,0.027580581605434418,0.9724193811416626
/content/Dataset/Test/Real/real_2596.jpg,1,1,True,3.359384572831914e-05,0.9999663829803467
/content/Dataset/Test/Real/real_2597.jpg,1,1,True,0.0028554245363920927,0.9971445202827454
/content/Dataset/Test/Real/real_2598.jpg,1,1,True,0.0008523964788764715,0.9991475343704224
/content/Dataset/Test/Real/real_2599.jpg,1,1,True,0.16090017557144165,0.8390997648239136
/content/Dataset/Test/Real/real_26.jpg,1,1,True,0.446026474237442,0.5539735555648804
/content/Dataset/Test/Real/real_260.jpg,1,1,True,0.0038045053370296955,0.9961955547332764
/content/Dataset/Test/Real/real_2600.jpg,1,1,True,0.008470412343740463,0.9915295839309692
/content/Dataset/Test/Real/real_2601.jpg,1,1,True,0.045531850308179855,0.9544681906700134
/content/Dataset/Test/Real/real_2602.jpg,1,1,True,0.00011750624980777502,0.9998824596405029
/content/Dataset/Test/Real/real_2603.jpg,1,1,True,0.00040887779323384166,0.9995911717414856
/content/Dataset/Test/Real/real_2604.jpg,1,1,True,0.00011339699995005503,0.9998866319656372
/content/Dataset/Test/Real/real_2605.jpg,1,1,True,0.0006017556297592819,0.9993982315063477
/content/Dataset/Test/Real/real_2606.jpg,1,1,True,0.3268906772136688,0.6731093525886536
/content/Dataset/Test/Real/real_2607.jpg,1,1,True,0.00014178414130583405,0.9998581409454346
/content/Dataset/Test/Real/real_2608.jpg,1,1,True,0.002921758685261011,0.9970782995223999
/content/Dataset/Test/Real/real_2609.jpg,1,1,True,0.0029771889094263315,0.997022807598114
/content/Dataset/Test/Real/real_261.jpg,1,1,True,0.04260452464222908,0.9573954343795776
/content/Dataset/Test/Real/real_2610.jpg,1,1,True,0.0009634927846491337,0.9990365505218506
/content/Dataset/Test/Real/real_2611.jpg,1,1,True,7.988572906469926e-05,0.999920129776001
/content/Dataset/Test/Real/real_2612.jpg,1,1,True,0.05169394984841347,0.9483060240745544
/content/Dataset/Test/Real/real_2613.jpg,1,0,False,0.9998451471328735,0.00015482328308280557
/content/Dataset/Test/Real/real_2614.jpg,1,0,False,0.9691661596298218,0.030833808705210686
/content/Dataset/Test/Real/real_2615.jpg,1,1,True,0.00041672700899653137,0.9995833039283752
/content/Dataset/Test/Real/real_2616.jpg,1,1,True,0.00024170568212866783,0.9997583031654358
/content/Dataset/Test/Real/real_2617.jpg,1,1,True,0.005003191530704498,0.9949967861175537
/content/Dataset/Test/Real/real_2618.jpg,1,1,True,0.13854120671749115,0.8614587783813477
/content/Dataset/Test/Real/real_2619.jpg,1,1,True,0.00026297190925106406,0.9997369647026062
/content/Dataset/Test/Real/real_262.jpg,1,0,False,0.9051246047019958,0.09487533569335938
/content/Dataset/Test/Real/real_2620.jpg,1,1,True,0.0019390364177525043,0.9980610013008118
/content/Dataset/Test/Real/real_2621.jpg,1,1,True,0.000677074771374464,0.9993228912353516
/content/Dataset/Test/Real/real_2622.jpg,1,1,True,0.01547644380480051,0.9845235347747803
/content/Dataset/Test/Real/real_2623.jpg,1,0,False,0.962580144405365,0.03741981461644173
/content/Dataset/Test/Real/real_2624.jpg,1,1,True,0.0018405128503218293,0.9981594681739807
/content/Dataset/Test/Real/real_2625.jpg,1,1,True,0.0012394170043990016,0.9987605810165405
/content/Dataset/Test/Real/real_2626.jpg,1,1,True,0.004228649195283651,0.9957713484764099
/content/Dataset/Test/Real/real_2627.jpg,1,1,True,0.005482970736920834,0.9945170283317566
/content/Dataset/Test/Real/real_2628.jpg,1,1,True,8.600008732173592e-05,0.9999140501022339
/content/Dataset/Test/Real/real_2629.jpg,1,1,True,0.0009056773851625621,0.9990943670272827
/content/Dataset/Test/Real/real_263.jpg,1,1,True,0.055331673473119736,0.9446683526039124
/content/Dataset/Test/Real/real_2630.jpg,1,0,False,0.639516294002533,0.36048367619514465
/content/Dataset/Test/Real/real_2631.jpg,1,1,True,0.10888475179672241,0.8911152482032776
/content/Dataset/Test/Real/real_2632.jpg,1,1,True,0.006557517219334841,0.9934424161911011
/content/Dataset/Test/Real/real_2633.jpg,1,1,True,0.023821262642741203,0.9761787056922913
/content/Dataset/Test/Real/real_2634.jpg,1,1,True,0.3698149025440216,0.630185067653656
/content/Dataset/Test/Real/real_2635.jpg,1,1,True,0.04095027223229408,0.9590497016906738
/content/Dataset/Test/Real/real_2636.jpg,1,1,True,0.07136145979166031,0.9286385178565979
/content/Dataset/Test/Real/real_2637.jpg,1,1,True,9.747836884343997e-05,0.9999024868011475
/content/Dataset/Test/Real/real_2638.jpg,1,1,True,0.33316126465797424,0.6668387651443481
/content/Dataset/Test/Real/real_2639.jpg,1,0,False,0.9449079036712646,0.055092036724090576
/content/Dataset/Test/Real/real_264.jpg,1,1,True,0.0006837433902546763,0.9993162155151367
/content/Dataset/Test/Real/real_2640.jpg,1,0,False,0.5490818023681641,0.45091816782951355
/content/Dataset/Test/Real/real_2641.jpg,1,1,True,0.008587546646595001,0.9914124011993408
/content/Dataset/Test/Real/real_2642.jpg,1,1,True,0.01028393767774105,0.989716112613678
/content/Dataset/Test/Real/real_2643.jpg,1,1,True,0.00014679001469630748,0.9998531341552734
/content/Dataset/Test/Real/real_2644.jpg,1,0,False,0.7003417611122131,0.29965823888778687
/content/Dataset/Test/Real/real_2645.jpg,1,1,True,0.0009055565460585058,0.9990944862365723
/content/Dataset/Test/Real/real_2646.jpg,1,1,True,0.3021397292613983,0.6978603005409241
/content/Dataset/Test/Real/real_2647.jpg,1,1,True,0.009176560677587986,0.9908233880996704
/content/Dataset/Test/Real/real_2648.jpg,1,1,True,0.08865108340978622,0.9113489389419556
/content/Dataset/Test/Real/real_2649.jpg,1,1,True,0.00014500485849566758,0.9998549222946167
/content/Dataset/Test/Real/real_265.jpg,1,1,True,4.18541458202526e-05,0.9999581575393677
/content/Dataset/Test/Real/real_2650.jpg,1,1,True,0.0008032806217670441,0.9991967082023621
/content/Dataset/Test/Real/real_2651.jpg,1,1,True,0.0015661416109651327,0.9984338879585266
/content/Dataset/Test/Real/real_2652.jpg,1,1,True,0.0033400102984160185,0.9966599941253662
/content/Dataset/Test/Real/real_2653.jpg,1,1,True,0.00258844462223351,0.9974115490913391
/content/Dataset/Test/Real/real_2654.jpg,1,0,False,0.5211458802223206,0.47885414958000183
/content/Dataset/Test/Real/real_2655.jpg,1,1,True,0.15289221704006195,0.8471078276634216
/content/Dataset/Test/Real/real_2656.jpg,1,1,True,6.458413554355502e-05,0.9999353885650635
/content/Dataset/Test/Real/real_2657.jpg,1,1,True,0.002284222049638629,0.9977158308029175
/content/Dataset/Test/Real/real_2658.jpg,1,1,True,0.0008920237887650728,0.9991078972816467
/content/Dataset/Test/Real/real_2659.jpg,1,1,True,0.05917322263121605,0.9408267736434937
/content/Dataset/Test/Real/real_266.jpg,1,1,True,0.0007146951975300908,0.9992852807044983
/content/Dataset/Test/Real/real_2660.jpg,1,1,True,0.3082311153411865,0.6917688846588135
/content/Dataset/Test/Real/real_2661.jpg,1,0,False,0.8688843846321106,0.1311156302690506
/content/Dataset/Test/Real/real_2662.jpg,1,1,True,0.04031307250261307,0.9596869349479675
/content/Dataset/Test/Real/real_2663.jpg,1,1,True,0.009153515100479126,0.9908464550971985
/content/Dataset/Test/Real/real_2664.jpg,1,1,True,5.480260369949974e-05,0.9999451637268066
/content/Dataset/Test/Real/real_2665.jpg,1,1,True,6.306244904408231e-05,0.9999369382858276
/content/Dataset/Test/Real/real_2666.jpg,1,1,True,4.330281080910936e-05,0.9999567270278931
/content/Dataset/Test/Real/real_2667.jpg,1,0,False,0.6794483661651611,0.32055169343948364
/content/Dataset/Test/Real/real_2668.jpg,1,1,True,0.16411645710468292,0.8358835577964783
/content/Dataset/Test/Real/real_2669.jpg,1,1,True,0.22076530754566193,0.7792347073554993
/content/Dataset/Test/Real/real_267.jpg,1,0,False,0.626951277256012,0.37304872274398804
/content/Dataset/Test/Real/real_2670.jpg,1,1,True,0.007793718483299017,0.9922062754631042
/content/Dataset/Test/Real/real_2671.jpg,1,1,True,0.012055459432303905,0.987944483757019
/content/Dataset/Test/Real/real_2672.jpg,1,1,True,0.19439725577831268,0.8056027293205261
/content/Dataset/Test/Real/real_2673.jpg,1,1,True,0.0001379089808324352,0.9998620748519897
/content/Dataset/Test/Real/real_2674.jpg,1,1,True,0.035298123955726624,0.9647019505500793
/content/Dataset/Test/Real/real_2675.jpg,1,1,True,0.0023665744811296463,0.9976334571838379
/content/Dataset/Test/Real/real_2676.jpg,1,1,True,0.0021633387077599764,0.9978366494178772
/content/Dataset/Test/Real/real_2677.jpg,1,1,True,9.764210699358955e-05,0.9999023675918579
/content/Dataset/Test/Real/real_2678.jpg,1,1,True,0.0001043047959683463,0.9998956918716431
/content/Dataset/Test/Real/real_2679.jpg,1,1,True,0.016662750393152237,0.9833372235298157
/content/Dataset/Test/Real/real_268.jpg,1,1,True,0.034338127821683884,0.965661883354187
/content/Dataset/Test/Real/real_2680.jpg,1,1,True,0.0015487065538764,0.9984512329101562
/content/Dataset/Test/Real/real_2681.jpg,1,1,True,0.03831347078084946,0.9616865515708923
/content/Dataset/Test/Real/real_2682.jpg,1,1,True,0.0002253460552310571,0.9997746348381042
/content/Dataset/Test/Real/real_2683.jpg,1,1,True,0.004378963261842728,0.9956210255622864
/content/Dataset/Test/Real/real_2684.jpg,1,1,True,0.002164166420698166,0.9978358149528503
/content/Dataset/Test/Real/real_2685.jpg,1,1,True,0.001965062692761421,0.9980348944664001
/content/Dataset/Test/Real/real_2686.jpg,1,1,True,0.0018634924199432135,0.9981365203857422
/content/Dataset/Test/Real/real_2687.jpg,1,1,True,0.000246460665948689,0.9997535347938538
/content/Dataset/Test/Real/real_2688.jpg,1,1,True,0.04678161442279816,0.953218400478363
/content/Dataset/Test/Real/real_2689.jpg,1,1,True,0.02135198749601841,0.9786480665206909
/content/Dataset/Test/Real/real_269.jpg,1,1,True,0.004975348245352507,0.9950246214866638
/content/Dataset/Test/Real/real_2690.jpg,1,1,True,0.0002718379837460816,0.9997281432151794
/content/Dataset/Test/Real/real_2691.jpg,1,1,True,0.010807151906192303,0.9891929030418396
/content/Dataset/Test/Real/real_2692.jpg,1,1,True,0.10643696784973145,0.8935630321502686
/content/Dataset/Test/Real/real_2693.jpg,1,1,True,0.0009684759424999356,0.9990315437316895
/content/Dataset/Test/Real/real_2694.jpg,1,1,True,0.09598112851381302,0.9040188789367676
/content/Dataset/Test/Real/real_2695.jpg,1,1,True,0.0016880222829058766,0.9983119964599609
/content/Dataset/Test/Real/real_2696.jpg,1,1,True,0.01290050521492958,0.9870994687080383
/content/Dataset/Test/Real/real_2697.jpg,1,1,True,0.00122284353710711,0.9987770915031433
/content/Dataset/Test/Real/real_2698.jpg,1,1,True,0.1050579771399498,0.8949419856071472
/content/Dataset/Test/Real/real_2699.jpg,1,1,True,0.001660699606873095,0.9983392953872681
/content/Dataset/Test/Real/real_27.jpg,1,0,False,0.8255141377449036,0.17448589205741882
/content/Dataset/Test/Real/real_270.jpg,1,1,True,0.0002825168485287577,0.9997174143791199
/content/Dataset/Test/Real/real_2700.jpg,1,1,True,0.0006149570690467954,0.9993849992752075
/content/Dataset/Test/Real/real_2701.jpg,1,1,True,0.0026194865349680185,0.9973804354667664
/content/Dataset/Test/Real/real_2702.jpg,1,0,False,0.6468015909194946,0.35319840908050537
/content/Dataset/Test/Real/real_2703.jpg,1,1,True,0.10953009128570557,0.8904699683189392
/content/Dataset/Test/Real/real_2704.jpg,1,1,True,0.013146852143108845,0.9868531227111816
/content/Dataset/Test/Real/real_2705.jpg,1,1,True,0.0023916808422654867,0.9976083040237427
/content/Dataset/Test/Real/real_2706.jpg,1,1,True,0.006808750797063112,0.9931913018226624
/content/Dataset/Test/Real/real_2707.jpg,1,1,True,0.00022080120106693357,0.9997791647911072
/content/Dataset/Test/Real/real_2708.jpg,1,1,True,0.0001367954828310758,0.9998631477355957
/content/Dataset/Test/Real/real_2709.jpg,1,1,True,0.0001479162892792374,0.9998520612716675
/content/Dataset/Test/Real/real_271.jpg,1,1,True,0.00013413475244306028,0.9998658895492554
/content/Dataset/Test/Real/real_2710.jpg,1,1,True,0.0030647744424641132,0.996935248374939
/content/Dataset/Test/Real/real_2711.jpg,1,1,True,0.009819215163588524,0.9901808500289917
/content/Dataset/Test/Real/real_2712.jpg,1,1,True,0.003919477108865976,0.9960805773735046
/content/Dataset/Test/Real/real_2713.jpg,1,0,False,0.998267650604248,0.001732361619360745
/content/Dataset/Test/Real/real_2714.jpg,1,1,True,0.00028534431476145983,0.9997146725654602
/content/Dataset/Test/Real/real_2715.jpg,1,1,True,0.009782047010958195,0.9902179837226868
/content/Dataset/Test/Real/real_2716.jpg,1,1,True,9.749397577252239e-05,0.9999024868011475
/content/Dataset/Test/Real/real_2717.jpg,1,1,True,0.00044045806862413883,0.9995595812797546
/content/Dataset/Test/Real/real_2718.jpg,1,1,True,0.0004549727600533515,0.9995450377464294
/content/Dataset/Test/Real/real_2719.jpg,1,1,True,0.3110107481479645,0.6889892220497131
/content/Dataset/Test/Real/real_272.jpg,1,0,False,0.9984134435653687,0.0015865284949541092
/content/Dataset/Test/Real/real_2720.jpg,1,1,True,0.018457794561982155,0.98154217004776
/content/Dataset/Test/Real/real_2721.jpg,1,1,True,0.0012934438418596983,0.998706579208374
/content/Dataset/Test/Real/real_2722.jpg,1,1,True,0.16388387978076935,0.8361161947250366
/content/Dataset/Test/Real/real_2723.jpg,1,1,True,0.012018811888992786,0.9879811406135559
/content/Dataset/Test/Real/real_2724.jpg,1,1,True,0.00020011438755318522,0.999799907207489
/content/Dataset/Test/Real/real_2725.jpg,1,1,True,0.0007996899075806141,0.9992002844810486
/content/Dataset/Test/Real/real_2726.jpg,1,1,True,0.0001959869114216417,0.9998040795326233
/content/Dataset/Test/Real/real_2727.jpg,1,1,True,0.00677221966907382,0.9932277798652649
/content/Dataset/Test/Real/real_2728.jpg,1,1,True,0.008872508071362972,0.9911275506019592
/content/Dataset/Test/Real/real_2729.jpg,1,1,True,0.024769902229309082,0.9752300381660461
/content/Dataset/Test/Real/real_273.jpg,1,1,True,0.005288779269903898,0.9947112798690796
/content/Dataset/Test/Real/real_2730.jpg,1,1,True,0.00020544913422781974,0.9997945427894592
/content/Dataset/Test/Real/real_2731.jpg,1,0,False,0.5713968276977539,0.42860323190689087
/content/Dataset/Test/Real/real_2732.jpg,1,1,True,0.029659392312169075,0.9703406095504761
/content/Dataset/Test/Real/real_2733.jpg,1,1,True,0.0008573519298806787,0.9991426467895508
/content/Dataset/Test/Real/real_2734.jpg,1,1,True,0.00022172759054228663,0.9997783303260803
/content/Dataset/Test/Real/real_2735.jpg,1,0,False,0.9913390278816223,0.008660992607474327
/content/Dataset/Test/Real/real_2736.jpg,1,0,False,0.8778516054153442,0.12214836478233337
/content/Dataset/Test/Real/real_2737.jpg,1,1,True,0.08614642173051834,0.9138535261154175
/content/Dataset/Test/Real/real_2738.jpg,1,1,True,0.0001458788465242833,0.9998540878295898
/content/Dataset/Test/Real/real_2739.jpg,1,1,True,0.006198621354997158,0.9938014149665833
/content/Dataset/Test/Real/real_274.jpg,1,1,True,0.00011406428529880941,0.9998859167098999
/content/Dataset/Test/Real/real_2740.jpg,1,1,True,0.0012634926242753863,0.998736560344696
/content/Dataset/Test/Real/real_2741.jpg,1,0,False,0.5682966113090515,0.4317033886909485
/content/Dataset/Test/Real/real_2742.jpg,1,1,True,0.00685290340334177,0.993147075176239
/content/Dataset/Test/Real/real_2743.jpg,1,1,True,0.179283007979393,0.8207170367240906
/content/Dataset/Test/Real/real_2744.jpg,1,1,True,0.0003476868732832372,0.9996522665023804
/content/Dataset/Test/Real/real_2745.jpg,1,1,True,0.00016769846843089908,0.999832272529602
/content/Dataset/Test/Real/real_2746.jpg,1,1,True,0.047367263585329056,0.9526327848434448
/content/Dataset/Test/Real/real_2747.jpg,1,1,True,0.010212592780590057,0.9897874593734741
/content/Dataset/Test/Real/real_2748.jpg,1,1,True,0.012376625090837479,0.9876233339309692
/content/Dataset/Test/Real/real_2749.jpg,1,1,True,0.000456737179774791,0.999543309211731
/content/Dataset/Test/Real/real_275.jpg,1,1,True,0.14215539395809174,0.8578446507453918
/content/Dataset/Test/Real/real_2750.jpg,1,1,True,0.08604831993579865,0.9139516949653625
/content/Dataset/Test/Real/real_2751.jpg,1,0,False,0.9864176511764526,0.013582425191998482
/content/Dataset/Test/Real/real_2752.jpg,1,0,False,0.7210636734962463,0.27893638610839844
/content/Dataset/Test/Real/real_2753.jpg,1,1,True,0.013144928961992264,0.986855149269104
/content/Dataset/Test/Real/real_2754.jpg,1,1,True,0.0005201375461183488,0.9994798302650452
/content/Dataset/Test/Real/real_2755.jpg,1,0,False,0.9993085861206055,0.0006913542747497559
/content/Dataset/Test/Real/real_2756.jpg,1,1,True,0.00011046612780774012,0.9998894929885864
/content/Dataset/Test/Real/real_2757.jpg,1,1,True,0.000110803302959539,0.9998891353607178
/content/Dataset/Test/Real/real_2758.jpg,1,1,True,0.000145568439620547,0.9998544454574585
/content/Dataset/Test/Real/real_2759.jpg,1,1,True,0.0001531637681182474,0.9998468160629272
/content/Dataset/Test/Real/real_276.jpg,1,1,True,0.009358538314700127,0.9906414151191711
/content/Dataset/Test/Real/real_2760.jpg,1,1,True,0.00011459566303528845,0.9998854398727417
/content/Dataset/Test/Real/real_2761.jpg,1,1,True,0.0006992245325818658,0.9993007183074951
/content/Dataset/Test/Real/real_2762.jpg,1,1,True,0.00026975295622833073,0.9997302889823914
/content/Dataset/Test/Real/real_2763.jpg,1,1,True,0.00023628714552614838,0.9997636675834656
/content/Dataset/Test/Real/real_2764.jpg,1,1,True,8.231359242927283e-05,0.9999176263809204
/content/Dataset/Test/Real/real_2765.jpg,1,1,True,5.085256998427212e-05,0.9999490976333618
/content/Dataset/Test/Real/real_2766.jpg,1,1,True,4.359832746558823e-05,0.9999563694000244
/content/Dataset/Test/Real/real_2767.jpg,1,1,True,0.010360238142311573,0.9896397590637207
/content/Dataset/Test/Real/real_2768.jpg,1,1,True,0.00024887965992093086,0.9997511506080627
/content/Dataset/Test/Real/real_2769.jpg,1,1,True,0.002602163003757596,0.9973978996276855
/content/Dataset/Test/Real/real_277.jpg,1,1,True,0.0028953461442142725,0.9971047043800354
/content/Dataset/Test/Real/real_2770.jpg,1,1,True,0.009087939746677876,0.9909120798110962
/content/Dataset/Test/Real/real_2771.jpg,1,1,True,0.0017319244798272848,0.9982680082321167
/content/Dataset/Test/Real/real_2772.jpg,1,1,True,0.05512215197086334,0.9448779225349426
/content/Dataset/Test/Real/real_2773.jpg,1,1,True,0.002859733300283551,0.9971402883529663
/content/Dataset/Test/Real/real_2774.jpg,1,1,True,0.00011572650691960007,0.9998842477798462
/content/Dataset/Test/Real/real_2775.jpg,1,1,True,0.0004097467171959579,0.9995902180671692
/content/Dataset/Test/Real/real_2776.jpg,1,1,True,0.005109955556690693,0.9948899745941162
/content/Dataset/Test/Real/real_2777.jpg,1,1,True,0.03368355706334114,0.9663165211677551
/content/Dataset/Test/Real/real_2778.jpg,1,1,True,0.00023386519751511514,0.9997661709785461
/content/Dataset/Test/Real/real_2779.jpg,1,1,True,5.077465539216064e-05,0.9999492168426514
/content/Dataset/Test/Real/real_278.jpg,1,1,True,0.0012538323644548655,0.9987461566925049
/content/Dataset/Test/Real/real_2780.jpg,1,1,True,0.00016250119369942695,0.9998375177383423
/content/Dataset/Test/Real/real_2781.jpg,1,1,True,0.0002987751504406333,0.999701201915741
/content/Dataset/Test/Real/real_2782.jpg,1,1,True,0.00021309693693183362,0.999786913394928
/content/Dataset/Test/Real/real_2783.jpg,1,1,True,0.00017763857613317668,0.9998224377632141
/content/Dataset/Test/Real/real_2784.jpg,1,1,True,6.893488898640499e-05,0.9999310970306396
/content/Dataset/Test/Real/real_2785.jpg,1,1,True,4.787236321135424e-05,0.9999520778656006
/content/Dataset/Test/Real/real_2786.jpg,1,0,False,0.8825088739395142,0.11749113351106644
/content/Dataset/Test/Real/real_2787.jpg,1,1,True,0.05216381326317787,0.94783616065979
/content/Dataset/Test/Real/real_2788.jpg,1,1,True,0.013137532398104668,0.9868624210357666
/content/Dataset/Test/Real/real_2789.jpg,1,0,False,0.9236494898796082,0.07635050266981125
/content/Dataset/Test/Real/real_279.jpg,1,1,True,0.32100364565849304,0.6789963245391846
/content/Dataset/Test/Real/real_2790.jpg,1,1,True,0.0029254837427288294,0.9970744848251343
/content/Dataset/Test/Real/real_2791.jpg,1,1,True,0.002451858017593622,0.9975481629371643
/content/Dataset/Test/Real/real_2792.jpg,1,1,True,0.16465222835540771,0.8353478312492371
/content/Dataset/Test/Real/real_2793.jpg,1,1,True,0.25316983461380005,0.7468301057815552
/content/Dataset/Test/Real/real_2794.jpg,1,1,True,0.207405224442482,0.792594850063324
/content/Dataset/Test/Real/real_2795.jpg,1,1,True,0.015341539867222309,0.9846584796905518
/content/Dataset/Test/Real/real_2796.jpg,1,1,True,0.00011007938883267343,0.9998898506164551
/content/Dataset/Test/Real/real_2797.jpg,1,1,True,0.0001309913204750046,0.9998689889907837
/content/Dataset/Test/Real/real_2798.jpg,1,1,True,0.35558295249938965,0.6444170475006104
/content/Dataset/Test/Real/real_2799.jpg,1,1,True,0.0002292608842253685,0.9997707009315491
/content/Dataset/Test/Real/real_28.jpg,1,1,True,0.2949138879776001,0.7050861120223999
/content/Dataset/Test/Real/real_280.jpg,1,1,True,0.00019682194397319108,0.9998032450675964
/content/Dataset/Test/Real/real_2800.jpg,1,1,True,7.585013372590765e-05,0.9999241828918457
/content/Dataset/Test/Real/real_2801.jpg,1,0,False,0.9874831438064575,0.01251690648496151
/content/Dataset/Test/Real/real_2802.jpg,1,0,False,0.9766001105308533,0.023399917408823967
/content/Dataset/Test/Real/real_2803.jpg,1,1,True,0.435832142829895,0.5641679167747498
/content/Dataset/Test/Real/real_2804.jpg,1,0,False,0.6326666474342346,0.367333322763443
/content/Dataset/Test/Real/real_2805.jpg,1,1,True,0.00012778586824424565,0.9998722076416016
/content/Dataset/Test/Real/real_2806.jpg,1,0,False,0.9652143120765686,0.03478572890162468
/content/Dataset/Test/Real/real_2807.jpg,1,1,True,0.00011332943540764973,0.9998866319656372
/content/Dataset/Test/Real/real_2808.jpg,1,1,True,0.0016939258202910423,0.9983060359954834
/content/Dataset/Test/Real/real_2809.jpg,1,1,True,8.18698899820447e-05,0.9999181032180786
/content/Dataset/Test/Real/real_281.jpg,1,1,True,0.00021428332547657192,0.9997857213020325
/content/Dataset/Test/Real/real_2810.jpg,1,1,True,0.0001440325431758538,0.9998559951782227
/content/Dataset/Test/Real/real_2811.jpg,1,1,True,0.0016840043244883418,0.9983160495758057
/content/Dataset/Test/Real/real_2812.jpg,1,1,True,0.004394057206809521,0.9956058859825134
/content/Dataset/Test/Real/real_2813.jpg,1,1,True,6.552240665769204e-05,0.9999344348907471
/content/Dataset/Test/Real/real_2814.jpg,1,1,True,6.242570816539228e-05,0.9999375343322754
/content/Dataset/Test/Real/real_2815.jpg,1,1,True,0.00012255100591573864,0.9998774528503418
/content/Dataset/Test/Real/real_2816.jpg,1,1,True,0.0011974096996709704,0.9988025426864624
/content/Dataset/Test/Real/real_2817.jpg,1,1,True,0.032856348901987076,0.967143714427948
/content/Dataset/Test/Real/real_2818.jpg,1,1,True,0.14476105570793152,0.8552389740943909
/content/Dataset/Test/Real/real_2819.jpg,1,1,True,0.021486535668373108,0.9785134792327881
/content/Dataset/Test/Real/real_282.jpg,1,1,True,0.015693947672843933,0.9843060970306396
/content/Dataset/Test/Real/real_2820.jpg,1,1,True,0.33418023586273193,0.6658197641372681
/content/Dataset/Test/Real/real_2821.jpg,1,0,False,0.8437539935112,0.15624600648880005
/content/Dataset/Test/Real/real_2822.jpg,1,1,True,0.0014993493678048253,0.9985007047653198
/content/Dataset/Test/Real/real_2823.jpg,1,1,True,0.018520917743444443,0.9814791679382324
/content/Dataset/Test/Real/real_2824.jpg,1,1,True,0.0026821524370461702,0.9973178505897522
/content/Dataset/Test/Real/real_2825.jpg,1,1,True,0.0026750739198178053,0.9973249435424805
/content/Dataset/Test/Real/real_2826.jpg,1,1,True,0.0003063806507270783,0.9996936321258545
/content/Dataset/Test/Real/real_2827.jpg,1,1,True,0.0003653948660939932,0.9996346235275269
/content/Dataset/Test/Real/real_2828.jpg,1,1,True,0.07146032154560089,0.9285397529602051
/content/Dataset/Test/Real/real_2829.jpg,1,1,True,0.007859285920858383,0.9921407103538513
/content/Dataset/Test/Real/real_283.jpg,1,1,True,0.06778737902641296,0.9322125911712646
/content/Dataset/Test/Real/real_2830.jpg,1,1,True,0.0014871039893478155,0.9985129237174988
/content/Dataset/Test/Real/real_2831.jpg,1,1,True,5.7877939980244264e-05,0.9999420642852783
/content/Dataset/Test/Real/real_2832.jpg,1,1,True,9.77660165517591e-05,0.9999022483825684
/content/Dataset/Test/Real/real_2833.jpg,1,1,True,0.01489113550633192,0.9851089119911194
/content/Dataset/Test/Real/real_2834.jpg,1,1,True,0.04492644965648651,0.9550735950469971
/content/Dataset/Test/Real/real_2835.jpg,1,1,True,0.00014597582048736513,0.9998539686203003
/content/Dataset/Test/Real/real_2836.jpg,1,1,True,8.755541784921661e-05,0.9999123811721802
/content/Dataset/Test/Real/real_2837.jpg,1,1,True,0.000581872824113816,0.9994181394577026
/content/Dataset/Test/Real/real_2838.jpg,1,1,True,0.00011657935101538897,0.9998834133148193
/content/Dataset/Test/Real/real_2839.jpg,1,0,False,0.7347460389137268,0.2652539908885956
/content/Dataset/Test/Real/real_284.jpg,1,0,False,0.6938894391059875,0.30611053109169006
/content/Dataset/Test/Real/real_2840.jpg,1,1,True,0.00818015355616808,0.9918198585510254
/content/Dataset/Test/Real/real_2841.jpg,1,1,True,0.0019462190102785826,0.998053789138794
/content/Dataset/Test/Real/real_2842.jpg,1,1,True,0.04806813597679138,0.9519318342208862
/content/Dataset/Test/Real/real_2843.jpg,1,1,True,0.001344656222499907,0.9986553192138672
/content/Dataset/Test/Real/real_2844.jpg,1,1,True,0.0018138273153454065,0.9981861710548401
/content/Dataset/Test/Real/real_2845.jpg,1,1,True,0.01823091320693493,0.9817690849304199
/content/Dataset/Test/Real/real_2846.jpg,1,1,True,0.08326837420463562,0.9167316555976868
/content/Dataset/Test/Real/real_2847.jpg,1,1,True,0.00038645119639113545,0.9996135830879211
/content/Dataset/Test/Real/real_2848.jpg,1,1,True,0.0006810918566770852,0.9993189573287964
/content/Dataset/Test/Real/real_2849.jpg,1,1,True,7.603319681948051e-05,0.9999239444732666
/content/Dataset/Test/Real/real_285.jpg,1,1,True,0.00014622812159359455,0.9998537302017212
/content/Dataset/Test/Real/real_2850.jpg,1,1,True,0.020793918520212173,0.9792060852050781
/content/Dataset/Test/Real/real_2851.jpg,1,1,True,0.005718972533941269,0.9942810535430908
/content/Dataset/Test/Real/real_2852.jpg,1,1,True,0.0007031277054920793,0.9992969036102295
/content/Dataset/Test/Real/real_2853.jpg,1,1,True,0.000126786224427633,0.999873161315918
/content/Dataset/Test/Real/real_2854.jpg,1,0,False,0.952478289604187,0.04752163216471672
/content/Dataset/Test/Real/real_2855.jpg,1,1,True,0.20398417115211487,0.7960157990455627
/content/Dataset/Test/Real/real_2856.jpg,1,1,True,0.0004665562300942838,0.9995334148406982
/content/Dataset/Test/Real/real_2857.jpg,1,1,True,0.00019553313904907554,0.9998044371604919
/content/Dataset/Test/Real/real_2858.jpg,1,0,False,0.5752509236335754,0.42474907636642456
/content/Dataset/Test/Real/real_2859.jpg,1,1,True,0.0001683742884779349,0.9998315572738647
/content/Dataset/Test/Real/real_286.jpg,1,0,False,0.7979816198348999,0.2020183652639389
/content/Dataset/Test/Real/real_2860.jpg,1,1,True,0.058520350605249405,0.9414796233177185
/content/Dataset/Test/Real/real_2861.jpg,1,1,True,0.000672341207973659,0.9993276596069336
/content/Dataset/Test/Real/real_2862.jpg,1,1,True,0.009709622710943222,0.9902903437614441
/content/Dataset/Test/Real/real_2863.jpg,1,0,False,0.6769906878471375,0.32300931215286255
/content/Dataset/Test/Real/real_2864.jpg,1,1,True,0.0034716783557087183,0.9965283274650574
/content/Dataset/Test/Real/real_2865.jpg,1,1,True,0.0011523124994710088,0.9988477230072021
/content/Dataset/Test/Real/real_2866.jpg,1,1,True,0.007935740984976292,0.9920642971992493
/content/Dataset/Test/Real/real_2867.jpg,1,1,True,0.007337430492043495,0.9926625490188599
/content/Dataset/Test/Real/real_2868.jpg,1,0,False,0.6649962067604065,0.3350037932395935
/content/Dataset/Test/Real/real_2869.jpg,1,0,False,0.9144366979598999,0.0855633094906807
/content/Dataset/Test/Real/real_287.jpg,1,0,False,0.5645965933799744,0.435403436422348
/content/Dataset/Test/Real/real_2870.jpg,1,0,False,0.5500326156616211,0.4499673545360565
/content/Dataset/Test/Real/real_2871.jpg,1,1,True,9.735620551509783e-05,0.999902606010437
/content/Dataset/Test/Real/real_2872.jpg,1,1,True,6.295610364759341e-05,0.9999370574951172
/content/Dataset/Test/Real/real_2873.jpg,1,1,True,0.00013143221440259367,0.9998685121536255
/content/Dataset/Test/Real/real_2874.jpg,1,1,True,0.0038449903950095177,0.9961549639701843
/content/Dataset/Test/Real/real_2875.jpg,1,1,True,6.893620593473315e-05,0.9999310970306396
/content/Dataset/Test/Real/real_2876.jpg,1,1,True,0.17010605335235596,0.829893946647644
/content/Dataset/Test/Real/real_2877.jpg,1,1,True,0.003306466154754162,0.99669349193573
/content/Dataset/Test/Real/real_2878.jpg,1,1,True,0.03978966921567917,0.960210382938385
/content/Dataset/Test/Real/real_2879.jpg,1,1,True,0.13255108892917633,0.8674488663673401
/content/Dataset/Test/Real/real_288.jpg,1,1,True,0.00286592124029994,0.9971340894699097
/content/Dataset/Test/Real/real_2880.jpg,1,1,True,0.0011357328621670604,0.9988642930984497
/content/Dataset/Test/Real/real_2881.jpg,1,1,True,0.0017170077189803123,0.9982830286026001
/content/Dataset/Test/Real/real_2882.jpg,1,1,True,0.00057711370754987,0.9994229078292847
/content/Dataset/Test/Real/real_2883.jpg,1,1,True,0.0002961315622087568,0.9997038245201111
/content/Dataset/Test/Real/real_2884.jpg,1,0,False,0.9069138169288635,0.09308622032403946
/content/Dataset/Test/Real/real_2885.jpg,1,1,True,7.615728827659041e-05,0.999923825263977
/content/Dataset/Test/Real/real_2886.jpg,1,1,True,0.015460996888577938,0.9845389723777771
/content/Dataset/Test/Real/real_2887.jpg,1,1,True,0.028154080733656883,0.9718459844589233
/content/Dataset/Test/Real/real_2888.jpg,1,1,True,0.02902928926050663,0.9709706902503967
/content/Dataset/Test/Real/real_2889.jpg,1,1,True,0.055813778191804886,0.9441862106323242
/content/Dataset/Test/Real/real_289.jpg,1,1,True,0.00010416205623187125,0.9998958110809326
/content/Dataset/Test/Real/real_2890.jpg,1,1,True,0.00021435997041407973,0.9997856020927429
/content/Dataset/Test/Real/real_2891.jpg,1,1,True,0.0014891161117702723,0.9985108971595764
/content/Dataset/Test/Real/real_2892.jpg,1,0,False,0.8317390084266663,0.16826099157333374
/content/Dataset/Test/Real/real_2893.jpg,1,1,True,0.001357619185000658,0.9986423850059509
/content/Dataset/Test/Real/real_2894.jpg,1,1,True,0.0013274804223328829,0.9986724853515625
/content/Dataset/Test/Real/real_2895.jpg,1,1,True,0.18845193088054657,0.8115480542182922
/content/Dataset/Test/Real/real_2896.jpg,1,1,True,0.010901818983256817,0.9890981912612915
/content/Dataset/Test/Real/real_2897.jpg,1,1,True,0.030177414417266846,0.9698225259780884
/content/Dataset/Test/Real/real_2898.jpg,1,1,True,0.00037903551128692925,0.9996209144592285
/content/Dataset/Test/Real/real_2899.jpg,1,1,True,0.00010883421055041254,0.9998911619186401
/content/Dataset/Test/Real/real_29.jpg,1,1,True,4.2650885006878525e-05,0.9999573230743408
/content/Dataset/Test/Real/real_290.jpg,1,1,True,0.0005714602884836495,0.9994285702705383
/content/Dataset/Test/Real/real_2900.jpg,1,1,True,0.00036787090357393026,0.9996321201324463
/content/Dataset/Test/Real/real_2901.jpg,1,1,True,0.2638143002986908,0.7361857295036316
/content/Dataset/Test/Real/real_2902.jpg,1,1,True,0.18030714988708496,0.819692850112915
/content/Dataset/Test/Real/real_2903.jpg,1,1,True,0.000125487960758619,0.999874472618103
/content/Dataset/Test/Real/real_2904.jpg,1,1,True,9.514425619272515e-05,0.9999048709869385
/content/Dataset/Test/Real/real_2905.jpg,1,1,True,0.015226070769131184,0.9847739934921265
/content/Dataset/Test/Real/real_2906.jpg,1,0,False,0.8222222924232483,0.1777777075767517
/content/Dataset/Test/Real/real_2907.jpg,1,0,False,0.9418949484825134,0.05810507759451866
/content/Dataset/Test/Real/real_2908.jpg,1,1,True,0.00764587102457881,0.992354154586792
/content/Dataset/Test/Real/real_2909.jpg,1,1,True,6.473144458141178e-05,0.9999352693557739
/content/Dataset/Test/Real/real_291.jpg,1,1,True,0.00017237667634617537,0.9998276233673096
/content/Dataset/Test/Real/real_2910.jpg,1,1,True,0.01872946508228779,0.9812705516815186
/content/Dataset/Test/Real/real_2911.jpg,1,1,True,0.014384141191840172,0.9856158494949341
/content/Dataset/Test/Real/real_2912.jpg,1,0,False,0.9325470924377441,0.06745286285877228
/content/Dataset/Test/Real/real_2913.jpg,1,1,True,0.0021026364993304014,0.9978973865509033
/content/Dataset/Test/Real/real_2914.jpg,1,1,True,0.004288444295525551,0.9957115650177002
/content/Dataset/Test/Real/real_2915.jpg,1,1,True,0.026288457214832306,0.9737115502357483
/content/Dataset/Test/Real/real_2916.jpg,1,1,True,0.0018593232380226254,0.9981406927108765
/content/Dataset/Test/Real/real_2917.jpg,1,1,True,7.819771417416632e-05,0.9999217987060547
/content/Dataset/Test/Real/real_2918.jpg,1,1,True,9.088885417440906e-05,0.9999090433120728
/content/Dataset/Test/Real/real_2919.jpg,1,1,True,0.0005781570798717439,0.9994218349456787
/content/Dataset/Test/Real/real_292.jpg,1,1,True,0.0005603731842711568,0.9994396567344666
/content/Dataset/Test/Real/real_2920.jpg,1,1,True,0.0001165822395705618,0.9998834133148193
/content/Dataset/Test/Real/real_2921.jpg,1,1,True,0.059185102581977844,0.9408149123191833
/content/Dataset/Test/Real/real_2922.jpg,1,1,True,5.9812758991029114e-05,0.9999401569366455
/content/Dataset/Test/Real/real_2923.jpg,1,1,True,0.023609256371855736,0.9763907194137573
/content/Dataset/Test/Real/real_2924.jpg,1,1,True,0.06394094228744507,0.9360589981079102
/content/Dataset/Test/Real/real_2925.jpg,1,1,True,0.019780397415161133,0.9802196621894836
/content/Dataset/Test/Real/real_2926.jpg,1,1,True,0.19503237307071686,0.8049676418304443
/content/Dataset/Test/Real/real_2927.jpg,1,1,True,0.0018069777870550752,0.998193085193634
/content/Dataset/Test/Real/real_2928.jpg,1,1,True,6.962620682315901e-05,0.9999303817749023
/content/Dataset/Test/Real/real_2929.jpg,1,1,True,0.012013264000415802,0.9879867434501648
/content/Dataset/Test/Real/real_293.jpg,1,1,True,0.00023664539912715554,0.9997633099555969
/content/Dataset/Test/Real/real_2930.jpg,1,1,True,0.02299145609140396,0.9770085215568542
/content/Dataset/Test/Real/real_2931.jpg,1,1,True,0.07284247875213623,0.9271575212478638
/content/Dataset/Test/Real/real_2932.jpg,1,1,True,0.24217136204242706,0.7578285932540894
/content/Dataset/Test/Real/real_2933.jpg,1,1,True,0.03051258996129036,0.9694874286651611
/content/Dataset/Test/Real/real_2934.jpg,1,1,True,0.00013437015877570957,0.9998656511306763
/content/Dataset/Test/Real/real_2935.jpg,1,1,True,5.496454468811862e-05,0.9999450445175171
/content/Dataset/Test/Real/real_2936.jpg,1,1,True,0.00012478871212806553,0.9998751878738403
/content/Dataset/Test/Real/real_2937.jpg,1,1,True,0.00022369131329469383,0.999776303768158
/content/Dataset/Test/Real/real_2938.jpg,1,1,True,0.011691886000335217,0.9883081316947937
/content/Dataset/Test/Real/real_2939.jpg,1,1,True,0.034001365303993225,0.9659985899925232
/content/Dataset/Test/Real/real_294.jpg,1,1,True,0.0010672432836145163,0.9989327788352966
/content/Dataset/Test/Real/real_2940.jpg,1,1,True,0.00010026439122157171,0.9998997449874878
/content/Dataset/Test/Real/real_2941.jpg,1,1,True,0.0013734290841966867,0.9986265897750854
/content/Dataset/Test/Real/real_2942.jpg,1,1,True,0.00012668181443586946,0.9998732805252075
/content/Dataset/Test/Real/real_2943.jpg,1,1,True,0.00018888909835368395,0.9998111128807068
/content/Dataset/Test/Real/real_2944.jpg,1,0,False,0.6391561627388,0.36084380745887756
/content/Dataset/Test/Real/real_2945.jpg,1,1,True,0.001153119490481913,0.9988468885421753
/content/Dataset/Test/Real/real_2946.jpg,1,1,True,0.014818953350186348,0.9851810932159424
/content/Dataset/Test/Real/real_2947.jpg,1,1,True,0.00020788644906133413,0.9997921586036682
/content/Dataset/Test/Real/real_2948.jpg,1,1,True,0.012102825567126274,0.9878971576690674
/content/Dataset/Test/Real/real_2949.jpg,1,1,True,0.019672302529215813,0.9803276658058167
/content/Dataset/Test/Real/real_295.jpg,1,1,True,0.013913274742662907,0.9860867261886597
/content/Dataset/Test/Real/real_2950.jpg,1,0,False,0.680966854095459,0.319033145904541
/content/Dataset/Test/Real/real_2951.jpg,1,1,True,0.44934332370758057,0.5506566762924194
/content/Dataset/Test/Real/real_2952.jpg,1,1,True,0.007125097792595625,0.9928748607635498
/content/Dataset/Test/Real/real_2953.jpg,1,1,True,0.0005688195815309882,0.9994311928749084
/content/Dataset/Test/Real/real_2954.jpg,1,0,False,0.7005913257598877,0.2994086444377899
/content/Dataset/Test/Real/real_2955.jpg,1,1,True,0.05592214688658714,0.9440779089927673
/content/Dataset/Test/Real/real_2956.jpg,1,0,False,0.7788188457489014,0.22118112444877625
/content/Dataset/Test/Real/real_2957.jpg,1,1,True,0.0863247886300087,0.9136751890182495
/content/Dataset/Test/Real/real_2958.jpg,1,1,True,0.07461034506559372,0.9253896474838257
/content/Dataset/Test/Real/real_2959.jpg,1,1,True,0.04515482112765312,0.9548451900482178
/content/Dataset/Test/Real/real_296.jpg,1,1,True,0.06714828312397003,0.9328516721725464
/content/Dataset/Test/Real/real_2960.jpg,1,0,False,0.8228689432144165,0.1771310567855835
/content/Dataset/Test/Real/real_2961.jpg,1,0,False,0.6749933362007141,0.3250066339969635
/content/Dataset/Test/Real/real_2962.jpg,1,0,False,0.9395703673362732,0.0604296550154686
/content/Dataset/Test/Real/real_2963.jpg,1,1,True,0.00028138194466009736,0.9997186064720154
/content/Dataset/Test/Real/real_2964.jpg,1,1,True,0.1504029929637909,0.8495969772338867
/content/Dataset/Test/Real/real_2965.jpg,1,1,True,0.00013694503286387771,0.9998630285263062
/content/Dataset/Test/Real/real_2966.jpg,1,1,True,0.0012107302900403738,0.9987892508506775
/content/Dataset/Test/Real/real_2967.jpg,1,1,True,6.862451846245676e-05,0.9999313354492188
/content/Dataset/Test/Real/real_2968.jpg,1,1,True,0.0005309266271069646,0.9994691014289856
/content/Dataset/Test/Real/real_2969.jpg,1,1,True,0.00040006765630096197,0.9995999932289124
/content/Dataset/Test/Real/real_297.jpg,1,1,True,0.0066156331449747086,0.9933843016624451
/content/Dataset/Test/Real/real_2970.jpg,1,1,True,0.009399820119142532,0.9906001091003418
/content/Dataset/Test/Real/real_2971.jpg,1,1,True,0.02053886465728283,0.9794611930847168
/content/Dataset/Test/Real/real_2972.jpg,1,1,True,0.460307240486145,0.5396926999092102
/content/Dataset/Test/Real/real_2973.jpg,1,1,True,0.04402754083275795,0.9559724926948547
/content/Dataset/Test/Real/real_2974.jpg,1,1,True,0.42945176362991333,0.5705482959747314
/content/Dataset/Test/Real/real_2975.jpg,1,1,True,0.00029584794538095593,0.9997041821479797
/content/Dataset/Test/Real/real_2976.jpg,1,1,True,0.00019070858252234757,0.9998093247413635
/content/Dataset/Test/Real/real_2977.jpg,1,1,True,0.00014877889771014452,0.9998512268066406
/content/Dataset/Test/Real/real_2978.jpg,1,1,True,0.010925300419330597,0.9890747666358948
/content/Dataset/Test/Real/real_2979.jpg,1,1,True,0.1015530675649643,0.8984469771385193
/content/Dataset/Test/Real/real_298.jpg,1,1,True,7.073148299241439e-05,0.9999293088912964
/content/Dataset/Test/Real/real_2980.jpg,1,1,True,0.00018875047680921853,0.9998112320899963
/content/Dataset/Test/Real/real_2981.jpg,1,0,False,0.8202478885650635,0.17975206673145294
/content/Dataset/Test/Real/real_2982.jpg,1,1,True,0.03251558914780617,0.9674843549728394
/content/Dataset/Test/Real/real_2983.jpg,1,1,True,0.09100805222988129,0.9089919924736023
/content/Dataset/Test/Real/real_2984.jpg,1,0,False,0.9958292841911316,0.004170694388449192
/content/Dataset/Test/Real/real_2985.jpg,1,1,True,0.014069141820073128,0.9859308004379272
/content/Dataset/Test/Real/real_2986.jpg,1,1,True,0.0004131236346438527,0.9995868802070618
/content/Dataset/Test/Real/real_2987.jpg,1,1,True,0.010167238302528858,0.9898327589035034
/content/Dataset/Test/Real/real_2988.jpg,1,1,True,0.0007696567918173969,0.9992303848266602
/content/Dataset/Test/Real/real_2989.jpg,1,1,True,0.0005712195998057723,0.9994288086891174
/content/Dataset/Test/Real/real_299.jpg,1,1,True,0.000206895187147893,0.9997931122779846
/content/Dataset/Test/Real/real_2990.jpg,1,1,True,8.747329411562532e-05,0.9999125003814697
/content/Dataset/Test/Real/real_2991.jpg,1,1,True,0.11898741871118546,0.8810125589370728
/content/Dataset/Test/Real/real_2992.jpg,1,1,True,0.1957903951406479,0.8042095899581909
/content/Dataset/Test/Real/real_2993.jpg,1,1,True,0.04664085805416107,0.9533591270446777
/content/Dataset/Test/Real/real_2994.jpg,1,1,True,0.0022317320108413696,0.9977682828903198
/content/Dataset/Test/Real/real_2995.jpg,1,1,True,0.01258079707622528,0.9874191880226135
/content/Dataset/Test/Real/real_2996.jpg,1,1,True,0.0003128421085420996,0.9996871948242188
/content/Dataset/Test/Real/real_2997.jpg,1,1,True,4.312547389417887e-05,0.9999568462371826
/content/Dataset/Test/Real/real_2998.jpg,1,1,True,5.362125739338808e-05,0.9999463558197021
/content/Dataset/Test/Real/real_2999.jpg,1,1,True,0.008834080770611763,0.9911659359931946
/content/Dataset/Test/Real/real_3.jpg,1,1,True,0.0007397819426842034,0.9992602467536926
/content/Dataset/Test/Real/real_30.jpg,1,1,True,0.0003494562697596848,0.9996505975723267
/content/Dataset/Test/Real/real_300.jpg,1,1,True,7.223939610412344e-05,0.9999277591705322
/content/Dataset/Test/Real/real_3000.jpg,1,1,True,0.0002568454947322607,0.9997431635856628
/content/Dataset/Test/Real/real_3001.jpg,1,1,True,0.0001079891953850165,0.999891996383667
/content/Dataset/Test/Real/real_3002.jpg,1,1,True,0.00018501217709854245,0.999815046787262
/content/Dataset/Test/Real/real_3003.jpg,1,1,True,0.00433381600305438,0.9956661462783813
/content/Dataset/Test/Real/real_3004.jpg,1,1,True,0.0008566308533772826,0.9991433620452881
/content/Dataset/Test/Real/real_3005.jpg,1,1,True,0.001670720987021923,0.9983293414115906
/content/Dataset/Test/Real/real_3006.jpg,1,1,True,0.00018516305135563016,0.9998148083686829
/content/Dataset/Test/Real/real_3007.jpg,1,1,True,0.000848154304549098,0.9991518259048462
/content/Dataset/Test/Real/real_3008.jpg,1,1,True,0.005958639085292816,0.994041383266449
/content/Dataset/Test/Real/real_3009.jpg,1,1,True,0.0036946709733456373,0.9963053464889526
/content/Dataset/Test/Real/real_301.jpg,1,1,True,0.0001654685620451346,0.9998345375061035
/content/Dataset/Test/Real/real_3010.jpg,1,1,True,0.01583784446120262,0.9841620922088623
/content/Dataset/Test/Real/real_3011.jpg,1,1,True,0.15224649012088776,0.8477535843849182
/content/Dataset/Test/Real/real_3012.jpg,1,1,True,0.3536572754383087,0.6463426947593689
/content/Dataset/Test/Real/real_3013.jpg,1,0,False,0.8966712355613708,0.10332877933979034
/content/Dataset/Test/Real/real_3014.jpg,1,1,True,0.000108347310742829,0.9998916387557983
/content/Dataset/Test/Real/real_3015.jpg,1,1,True,0.004348534159362316,0.9956515431404114
/content/Dataset/Test/Real/real_3016.jpg,1,1,True,0.000106441555544734,0.9998935461044312
/content/Dataset/Test/Real/real_3017.jpg,1,0,False,0.7770814895629883,0.22291849553585052
/content/Dataset/Test/Real/real_3018.jpg,1,1,True,9.52913542278111e-05,0.9999047517776489
/content/Dataset/Test/Real/real_3019.jpg,1,1,True,0.0007684229640290141,0.9992315769195557
/content/Dataset/Test/Real/real_302.jpg,1,1,True,0.16377593576908112,0.8362240195274353
/content/Dataset/Test/Real/real_3020.jpg,1,1,True,0.1776336282491684,0.8223663568496704
/content/Dataset/Test/Real/real_3021.jpg,1,1,True,0.00029461507801897824,0.9997053742408752
/content/Dataset/Test/Real/real_3022.jpg,1,1,True,0.08272714167833328,0.9172728657722473
/content/Dataset/Test/Real/real_3023.jpg,1,1,True,0.00019301580323372036,0.9998070597648621
/content/Dataset/Test/Real/real_3024.jpg,1,1,True,0.38590383529663086,0.6140961647033691
/content/Dataset/Test/Real/real_3025.jpg,1,1,True,4.270440331310965e-05,0.9999573230743408
/content/Dataset/Test/Real/real_3026.jpg,1,1,True,0.0012037232518196106,0.9987962245941162
/content/Dataset/Test/Real/real_3027.jpg,1,0,False,0.8859492540359497,0.1140507310628891
/content/Dataset/Test/Real/real_3028.jpg,1,1,True,8.003541006473824e-05,0.9999200105667114
/content/Dataset/Test/Real/real_3029.jpg,1,1,True,0.006164629012346268,0.99383544921875
/content/Dataset/Test/Real/real_303.jpg,1,1,True,0.00029452721355482936,0.9997054934501648
/content/Dataset/Test/Real/real_3030.jpg,1,1,True,0.00029474205803126097,0.9997052550315857
/content/Dataset/Test/Real/real_3031.jpg,1,1,True,0.00012141064507886767,0.9998785257339478
/content/Dataset/Test/Real/real_3032.jpg,1,1,True,0.027953121811151505,0.9720468521118164
/content/Dataset/Test/Real/real_3033.jpg,1,1,True,0.0004539644287433475,0.9995459914207458
/content/Dataset/Test/Real/real_3034.jpg,1,1,True,0.0003272528119850904,0.9996727705001831
/content/Dataset/Test/Real/real_3035.jpg,1,1,True,0.013159608468413353,0.9868403673171997
/content/Dataset/Test/Real/real_3036.jpg,1,1,True,3.887015918735415e-05,0.9999611377716064
/content/Dataset/Test/Real/real_3037.jpg,1,1,True,8.829121361486614e-05,0.9999116659164429
/content/Dataset/Test/Real/real_3038.jpg,1,1,True,4.668200563173741e-05,0.9999532699584961
/content/Dataset/Test/Real/real_3039.jpg,1,1,True,0.01861482299864292,0.9813852310180664
/content/Dataset/Test/Real/real_304.jpg,1,1,True,0.00035102604306302965,0.999648928642273
/content/Dataset/Test/Real/real_3040.jpg,1,1,True,8.965924644144252e-05,0.9999103546142578
/content/Dataset/Test/Real/real_3041.jpg,1,0,False,0.9999252557754517,7.469001138815656e-05
/content/Dataset/Test/Real/real_3042.jpg,1,1,True,0.0004964540712535381,0.999503493309021
/content/Dataset/Test/Real/real_3043.jpg,1,1,True,0.11556629091501236,0.8844337463378906
/content/Dataset/Test/Real/real_3044.jpg,1,1,True,8.963377331383526e-05,0.9999103546142578
/content/Dataset/Test/Real/real_3045.jpg,1,1,True,0.0002759783819783479,0.9997239708900452
/content/Dataset/Test/Real/real_3046.jpg,1,1,True,0.08214613050222397,0.9178538918495178
/content/Dataset/Test/Real/real_3047.jpg,1,0,False,0.5966895818710327,0.40331047773361206
/content/Dataset/Test/Real/real_3048.jpg,1,1,True,0.00045305013190954924,0.9995469450950623
/content/Dataset/Test/Real/real_3049.jpg,1,1,True,0.0005483321147039533,0.9994516968727112
/content/Dataset/Test/Real/real_305.jpg,1,1,True,0.002340463222935796,0.9976595640182495
/content/Dataset/Test/Real/real_3050.jpg,1,1,True,0.0022367406636476517,0.9977632761001587
/content/Dataset/Test/Real/real_3051.jpg,1,1,True,0.0009478750871494412,0.999052107334137
/content/Dataset/Test/Real/real_3052.jpg,1,0,False,0.9664306044578552,0.03356943652033806
/content/Dataset/Test/Real/real_3053.jpg,1,1,True,0.000312865391606465,0.9996871948242188
/content/Dataset/Test/Real/real_3054.jpg,1,1,True,0.0003583404468372464,0.9996416568756104
/content/Dataset/Test/Real/real_3055.jpg,1,1,True,0.00033578521106392145,0.9996641874313354
/content/Dataset/Test/Real/real_3056.jpg,1,1,True,0.01637060008943081,0.9836294054985046
/content/Dataset/Test/Real/real_3057.jpg,1,1,True,0.00029511775937862694,0.999704897403717
/content/Dataset/Test/Real/real_3058.jpg,1,0,False,0.7530231475830078,0.246976837515831
/content/Dataset/Test/Real/real_3059.jpg,1,0,False,0.9266301989555359,0.07336979359388351
/content/Dataset/Test/Real/real_306.jpg,1,1,True,0.00017064987332560122,0.9998292922973633
/content/Dataset/Test/Real/real_3060.jpg,1,0,False,0.6853489279747009,0.31465110182762146
/content/Dataset/Test/Real/real_3061.jpg,1,0,False,0.7083833813667297,0.29161661863327026
/content/Dataset/Test/Real/real_3062.jpg,1,1,True,0.0004093301831744611,0.9995906949043274
/content/Dataset/Test/Real/real_3063.jpg,1,1,True,0.00048171263188123703,0.9995182752609253
/content/Dataset/Test/Real/real_3064.jpg,1,1,True,7.847649976611137e-05,0.9999215602874756
/content/Dataset/Test/Real/real_3065.jpg,1,1,True,0.11368066072463989,0.8863192796707153
/content/Dataset/Test/Real/real_3066.jpg,1,0,False,0.9984222650527954,0.0015777046792209148
/content/Dataset/Test/Real/real_3067.jpg,1,1,True,0.0022634023334831,0.9977365732192993
/content/Dataset/Test/Real/real_3068.jpg,1,1,True,0.0005576977855525911,0.9994422793388367
/content/Dataset/Test/Real/real_3069.jpg,1,1,True,0.00013732111256103963,0.9998626708984375
/content/Dataset/Test/Real/real_307.jpg,1,1,True,0.001215817523188889,0.9987842440605164
/content/Dataset/Test/Real/real_3070.jpg,1,1,True,0.3642701804637909,0.6357298493385315
/content/Dataset/Test/Real/real_3071.jpg,1,1,True,0.08885718137025833,0.911142885684967
/content/Dataset/Test/Real/real_3072.jpg,1,1,True,0.38097625970840454,0.6190237998962402
/content/Dataset/Test/Real/real_3073.jpg,1,1,True,0.0008445674902759492,0.9991554021835327
/content/Dataset/Test/Real/real_3074.jpg,1,1,True,3.871648368658498e-05,0.999961256980896
/content/Dataset/Test/Real/real_3075.jpg,1,1,True,0.0020853797905147076,0.9979146122932434
/content/Dataset/Test/Real/real_3076.jpg,1,1,True,0.008438467048108578,0.9915615916252136
/content/Dataset/Test/Real/real_3077.jpg,1,1,True,0.0004291816439945251,0.9995707869529724
/content/Dataset/Test/Real/real_3078.jpg,1,1,True,0.00021405320148915052,0.9997859597206116
/content/Dataset/Test/Real/real_3079.jpg,1,1,True,0.0024786475114524364,0.9975213408470154
/content/Dataset/Test/Real/real_308.jpg,1,1,True,0.020966999232769012,0.9790329337120056
/content/Dataset/Test/Real/real_3080.jpg,1,1,True,0.002622413681820035,0.9973776340484619
/content/Dataset/Test/Real/real_3081.jpg,1,1,True,0.00013308049528859556,0.9998668432235718
/content/Dataset/Test/Real/real_3082.jpg,1,1,True,0.0003953274863306433,0.9996046423912048
/content/Dataset/Test/Real/real_3083.jpg,1,1,True,8.014729974092916e-05,0.9999198913574219
/content/Dataset/Test/Real/real_3084.jpg,1,1,True,0.05263358727097511,0.9473663568496704
/content/Dataset/Test/Real/real_3085.jpg,1,1,True,0.007010354660451412,0.9929896593093872
/content/Dataset/Test/Real/real_3086.jpg,1,1,True,0.4972113370895386,0.5027886629104614
/content/Dataset/Test/Real/real_3087.jpg,1,1,True,0.00018047091725748032,0.9998195767402649
/content/Dataset/Test/Real/real_3088.jpg,1,0,False,0.9976292252540588,0.0023707726504653692
/content/Dataset/Test/Real/real_3089.jpg,1,1,True,0.0001489679707447067,0.9998509883880615
/content/Dataset/Test/Real/real_309.jpg,1,1,True,0.0006541140610352159,0.9993458390235901
/content/Dataset/Test/Real/real_3090.jpg,1,1,True,0.0019080935744568706,0.9980918765068054
/content/Dataset/Test/Real/real_3091.jpg,1,1,True,0.0010406139772385359,0.9989594221115112
/content/Dataset/Test/Real/real_3092.jpg,1,1,True,0.040836118161678314,0.9591639637947083
/content/Dataset/Test/Real/real_3093.jpg,1,1,True,0.08216873556375504,0.917831301689148
/content/Dataset/Test/Real/real_3094.jpg,1,1,True,0.0004722463490907103,0.9995278120040894
/content/Dataset/Test/Real/real_3095.jpg,1,1,True,0.001071013743057847,0.998928964138031
/content/Dataset/Test/Real/real_3096.jpg,1,1,True,8.683733904035762e-05,0.9999130964279175
/content/Dataset/Test/Real/real_3097.jpg,1,1,True,0.008234096691012383,0.9917659163475037
/content/Dataset/Test/Real/real_3098.jpg,1,0,False,0.8473663926124573,0.15263362228870392
/content/Dataset/Test/Real/real_3099.jpg,1,1,True,0.00031418688013218343,0.9996858835220337
/content/Dataset/Test/Real/real_31.jpg,1,1,True,5.992237129248679e-05,0.999940037727356
/content/Dataset/Test/Real/real_310.jpg,1,1,True,0.19926492869853973,0.8007350564002991
/content/Dataset/Test/Real/real_3100.jpg,1,1,True,0.00016648204473312944,0.9998334646224976
/content/Dataset/Test/Real/real_3101.jpg,1,1,True,0.07849542796611786,0.921504557132721
/content/Dataset/Test/Real/real_3102.jpg,1,1,True,0.0008662946638651192,0.9991337656974792
/content/Dataset/Test/Real/real_3103.jpg,1,1,True,0.02406359650194645,0.9759364128112793
/content/Dataset/Test/Real/real_3104.jpg,1,1,True,0.025074642151594162,0.9749253988265991
/content/Dataset/Test/Real/real_3105.jpg,1,0,False,0.8480391502380371,0.1519608199596405
/content/Dataset/Test/Real/real_3106.jpg,1,1,True,0.013160983100533485,0.9868389964103699
/content/Dataset/Test/Real/real_3107.jpg,1,1,True,0.010068077594041824,0.9899319410324097
/content/Dataset/Test/Real/real_3108.jpg,1,1,True,0.05197734758257866,0.9480226635932922
/content/Dataset/Test/Real/real_3109.jpg,1,1,True,0.0494689866900444,0.950531005859375
/content/Dataset/Test/Real/real_311.jpg,1,1,True,0.0207284577190876,0.9792714715003967
/content/Dataset/Test/Real/real_3110.jpg,1,1,True,0.006220366805791855,0.9937795996665955
/content/Dataset/Test/Real/real_3111.jpg,1,1,True,0.0011769005795940757,0.9988231062889099
/content/Dataset/Test/Real/real_3112.jpg,1,1,True,0.09658800065517426,0.9034120440483093
/content/Dataset/Test/Real/real_3113.jpg,1,1,True,0.0004085185646545142,0.9995915293693542
/content/Dataset/Test/Real/real_3114.jpg,1,1,True,0.00012018483539577574,0.9998798370361328
/content/Dataset/Test/Real/real_3115.jpg,1,1,True,0.011956264264881611,0.9880437254905701
/content/Dataset/Test/Real/real_3116.jpg,1,1,True,0.00560128316283226,0.9943986535072327
/content/Dataset/Test/Real/real_3117.jpg,1,1,True,0.002574249869212508,0.9974257349967957
/content/Dataset/Test/Real/real_3118.jpg,1,0,False,0.9930631518363953,0.006936850491911173
/content/Dataset/Test/Real/real_3119.jpg,1,1,True,0.047970373183488846,0.9520295858383179
/content/Dataset/Test/Real/real_312.jpg,1,0,False,0.8364794254302979,0.16352055966854095
/content/Dataset/Test/Real/real_3120.jpg,1,1,True,9.679717186372727e-05,0.9999032020568848
/content/Dataset/Test/Real/real_3121.jpg,1,1,True,0.0002591483644209802,0.9997408986091614
/content/Dataset/Test/Real/real_3122.jpg,1,1,True,0.0001217253811773844,0.9998782873153687
/content/Dataset/Test/Real/real_3123.jpg,1,0,False,0.6573461890220642,0.3426537811756134
/content/Dataset/Test/Real/real_3124.jpg,1,0,False,0.6102607846260071,0.38973918557167053
/content/Dataset/Test/Real/real_3125.jpg,1,0,False,0.9205290079116821,0.07947098463773727
/content/Dataset/Test/Real/real_3126.jpg,1,1,True,0.000896136334631592,0.999103844165802
/content/Dataset/Test/Real/real_3127.jpg,1,1,True,0.002256424631923437,0.9977436065673828
/content/Dataset/Test/Real/real_3128.jpg,1,1,True,0.0007659985567443073,0.9992339611053467
/content/Dataset/Test/Real/real_3129.jpg,1,1,True,0.001087027951143682,0.9989129304885864
/content/Dataset/Test/Real/real_313.jpg,1,1,True,0.016215912997722626,0.9837840795516968
/content/Dataset/Test/Real/real_3130.jpg,1,1,True,0.00020105208386667073,0.9997989535331726
/content/Dataset/Test/Real/real_3131.jpg,1,1,True,0.00011227959475945681,0.9998877048492432
/content/Dataset/Test/Real/real_3132.jpg,1,1,True,0.0009047398925758898,0.9990953207015991
/content/Dataset/Test/Real/real_3133.jpg,1,1,True,0.02770562469959259,0.9722943902015686
/content/Dataset/Test/Real/real_3134.jpg,1,1,True,0.4846274256706238,0.5153725743293762
/content/Dataset/Test/Real/real_3135.jpg,1,1,True,0.0018651870777830482,0.9981347322463989
/content/Dataset/Test/Real/real_3136.jpg,1,0,False,0.9996188879013062,0.00038107787258923054
/content/Dataset/Test/Real/real_3137.jpg,1,1,True,0.03484809026122093,0.9651519060134888
/content/Dataset/Test/Real/real_3138.jpg,1,0,False,0.9964260458946228,0.0035739901941269636
/content/Dataset/Test/Real/real_3139.jpg,1,1,True,0.00029247443308122456,0.9997075200080872
/content/Dataset/Test/Real/real_314.jpg,1,1,True,9.159534965874627e-05,0.999908447265625
/content/Dataset/Test/Real/real_3140.jpg,1,1,True,0.00011982426076428965,0.9998801946640015
/content/Dataset/Test/Real/real_3141.jpg,1,1,True,0.0009957270231097937,0.9990043044090271
/content/Dataset/Test/Real/real_3142.jpg,1,1,True,0.001225727261044085,0.9987742304801941
/content/Dataset/Test/Real/real_3143.jpg,1,1,True,0.08678503334522247,0.913214921951294
/content/Dataset/Test/Real/real_3144.jpg,1,1,True,0.027886051684617996,0.9721139073371887
/content/Dataset/Test/Real/real_3145.jpg,1,1,True,0.3285001218318939,0.6714998483657837
/content/Dataset/Test/Real/real_3146.jpg,1,1,True,7.810314127709717e-05,0.9999219179153442
/content/Dataset/Test/Real/real_3147.jpg,1,1,True,0.017510976642370224,0.9824889898300171
/content/Dataset/Test/Real/real_3148.jpg,1,1,True,0.00018376705702394247,0.9998162388801575
/content/Dataset/Test/Real/real_3149.jpg,1,1,True,0.00018768086738418788,0.9998123049736023
/content/Dataset/Test/Real/real_315.jpg,1,1,True,0.006153461057692766,0.9938464760780334
/content/Dataset/Test/Real/real_3150.jpg,1,1,True,0.0004843938513658941,0.9995156526565552
/content/Dataset/Test/Real/real_3151.jpg,1,1,True,0.00013311782095115632,0.9998668432235718
/content/Dataset/Test/Real/real_3152.jpg,1,1,True,5.210915696807206e-05,0.9999479055404663
/content/Dataset/Test/Real/real_3153.jpg,1,1,True,0.11859843879938126,0.881401538848877
/content/Dataset/Test/Real/real_3154.jpg,1,1,True,0.0005723384092561901,0.9994276165962219
/content/Dataset/Test/Real/real_3155.jpg,1,1,True,0.0034263196866959333,0.9965736865997314
/content/Dataset/Test/Real/real_3156.jpg,1,1,True,0.012887924909591675,0.9871121048927307
/content/Dataset/Test/Real/real_3157.jpg,1,1,True,0.0008647733484394848,0.9991351962089539
/content/Dataset/Test/Real/real_3158.jpg,1,1,True,0.01622173935174942,0.9837782382965088
/content/Dataset/Test/Real/real_3159.jpg,1,1,True,0.040598005056381226,0.9594019651412964
/content/Dataset/Test/Real/real_316.jpg,1,1,True,0.17431315779685974,0.8256868720054626
/content/Dataset/Test/Real/real_3160.jpg,1,1,True,0.04227842390537262,0.9577215909957886
/content/Dataset/Test/Real/real_3161.jpg,1,1,True,8.763444202486426e-05,0.9999123811721802
/content/Dataset/Test/Real/real_3162.jpg,1,1,True,0.002754481974989176,0.9972455501556396
/content/Dataset/Test/Real/real_3163.jpg,1,1,True,0.0011781944194808602,0.9988217949867249
/content/Dataset/Test/Real/real_3164.jpg,1,1,True,7.161187386373058e-05,0.99992835521698
/content/Dataset/Test/Real/real_3165.jpg,1,1,True,0.009594841860234737,0.9904051423072815
/content/Dataset/Test/Real/real_3166.jpg,1,1,True,0.0004526175616774708,0.9995473027229309
/content/Dataset/Test/Real/real_3167.jpg,1,1,True,0.0007804183987900615,0.999219536781311
/content/Dataset/Test/Real/real_3168.jpg,1,1,True,0.03364428132772446,0.9663556814193726
/content/Dataset/Test/Real/real_3169.jpg,1,1,True,0.00025491893757134676,0.9997450709342957
/content/Dataset/Test/Real/real_317.jpg,1,1,True,0.00042349216528236866,0.9995765089988708
/content/Dataset/Test/Real/real_3170.jpg,1,1,True,0.0010859341127797961,0.9989141225814819
/content/Dataset/Test/Real/real_3171.jpg,1,1,True,0.0013358689611777663,0.998664140701294
/content/Dataset/Test/Real/real_3172.jpg,1,1,True,0.008558877743780613,0.9914411306381226
/content/Dataset/Test/Real/real_3173.jpg,1,1,True,0.00042498603579588234,0.9995749592781067
/content/Dataset/Test/Real/real_3174.jpg,1,0,False,0.9852958917617798,0.014704124070703983
/content/Dataset/Test/Real/real_3175.jpg,1,1,True,0.2808188199996948,0.7191811203956604
/content/Dataset/Test/Real/real_3176.jpg,1,1,True,0.00011850478767883033,0.9998815059661865
/content/Dataset/Test/Real/real_3177.jpg,1,0,False,0.9394576549530029,0.06054232269525528
/content/Dataset/Test/Real/real_3178.jpg,1,1,True,0.0001007024766295217,0.9998992681503296
/content/Dataset/Test/Real/real_3179.jpg,1,1,True,0.18952642381191254,0.8104735612869263
/content/Dataset/Test/Real/real_318.jpg,1,1,True,6.134669092716649e-05,0.9999386072158813
/content/Dataset/Test/Real/real_3180.jpg,1,1,True,0.3933945298194885,0.6066055297851562
/content/Dataset/Test/Real/real_3181.jpg,1,1,True,0.00038312977994792163,0.9996168613433838
/content/Dataset/Test/Real/real_3182.jpg,1,1,True,0.06353157758712769,0.9364684224128723
/content/Dataset/Test/Real/real_3183.jpg,1,1,True,0.0001300697767874226,0.9998699426651001
/content/Dataset/Test/Real/real_3184.jpg,1,1,True,0.00036481086863204837,0.9996352195739746
/content/Dataset/Test/Real/real_3185.jpg,1,1,True,0.0019193441839888692,0.9980806112289429
/content/Dataset/Test/Real/real_3186.jpg,1,1,True,0.3304145336151123,0.6695855259895325
/content/Dataset/Test/Real/real_3187.jpg,1,0,False,0.9607930183410645,0.039207007735967636
/content/Dataset/Test/Real/real_3188.jpg,1,1,True,0.00014589025522582233,0.9998540878295898
/content/Dataset/Test/Real/real_3189.jpg,1,1,True,0.025686966255307198,0.9743130207061768
/content/Dataset/Test/Real/real_319.jpg,1,1,True,0.00023515937209594995,0.9997648596763611
/content/Dataset/Test/Real/real_3190.jpg,1,1,True,0.0009950995445251465,0.9990049004554749
/content/Dataset/Test/Real/real_3191.jpg,1,1,True,8.739909389987588e-05,0.9999126195907593
/content/Dataset/Test/Real/real_3192.jpg,1,1,True,0.0013728681951761246,0.9986271858215332
/content/Dataset/Test/Real/real_3193.jpg,1,1,True,0.03165499493479729,0.9683449864387512
/content/Dataset/Test/Real/real_3194.jpg,1,1,True,0.0020799993071705103,0.9979199767112732
/content/Dataset/Test/Real/real_3195.jpg,1,1,True,0.12101820111274719,0.8789818286895752
/content/Dataset/Test/Real/real_3196.jpg,1,1,True,0.00010116475459653884,0.9998987913131714
/content/Dataset/Test/Real/real_3197.jpg,1,0,False,0.6522274017333984,0.34777262806892395
/content/Dataset/Test/Real/real_3198.jpg,1,1,True,0.00010146454587811604,0.9998985528945923
/content/Dataset/Test/Real/real_3199.jpg,1,1,True,0.00017795557505451143,0.9998220801353455
/content/Dataset/Test/Real/real_32.jpg,1,1,True,0.32173576951026917,0.6782642602920532
/content/Dataset/Test/Real/real_320.jpg,1,1,True,0.359379380941391,0.6406206488609314
/content/Dataset/Test/Real/real_3200.jpg,1,1,True,0.00012292576138861477,0.9998770952224731
/content/Dataset/Test/Real/real_3201.jpg,1,1,True,8.03841176093556e-05,0.9999196529388428
/content/Dataset/Test/Real/real_3202.jpg,1,1,True,0.03355306759476662,0.9664469957351685
/content/Dataset/Test/Real/real_3203.jpg,1,1,True,0.0025461027398705482,0.9974538683891296
/content/Dataset/Test/Real/real_3204.jpg,1,1,True,0.005094614345580339,0.9949053525924683
/content/Dataset/Test/Real/real_3205.jpg,1,1,True,0.0040650381706655025,0.9959349632263184
/content/Dataset/Test/Real/real_3206.jpg,1,1,True,0.00039277723408304155,0.999607264995575
/content/Dataset/Test/Real/real_3207.jpg,1,1,True,0.0003641311777755618,0.9996358156204224
/content/Dataset/Test/Real/real_3208.jpg,1,1,True,0.003913981840014458,0.9960860013961792
/content/Dataset/Test/Real/real_3209.jpg,1,1,True,0.2447412610054016,0.7552587389945984
/content/Dataset/Test/Real/real_321.jpg,1,1,True,0.3368295431137085,0.6631705164909363
/content/Dataset/Test/Real/real_3210.jpg,1,1,True,0.002989130560308695,0.9970108270645142
/content/Dataset/Test/Real/real_3211.jpg,1,1,True,0.00016625344869680703,0.9998337030410767
/content/Dataset/Test/Real/real_3212.jpg,1,1,True,0.0005502855055965483,0.9994496703147888
/content/Dataset/Test/Real/real_3213.jpg,1,1,True,0.00019876364967785776,0.9998012185096741
/content/Dataset/Test/Real/real_3214.jpg,1,1,True,0.008140193298459053,0.9918598532676697
/content/Dataset/Test/Real/real_3215.jpg,1,1,True,0.0019866619259119034,0.9980132579803467
/content/Dataset/Test/Real/real_3216.jpg,1,1,True,0.00014474915224127471,0.9998552799224854
/content/Dataset/Test/Real/real_3217.jpg,1,1,True,0.00012736738426610827,0.9998725652694702
/content/Dataset/Test/Real/real_3218.jpg,1,1,True,4.5077169488649815e-05,0.9999549388885498
/content/Dataset/Test/Real/real_3219.jpg,1,1,True,0.0007265879539772868,0.9992734789848328
/content/Dataset/Test/Real/real_322.jpg,1,1,True,0.0013763883616775274,0.9986236095428467
/content/Dataset/Test/Real/real_3220.jpg,1,1,True,0.00012048293865518644,0.9998794794082642
/content/Dataset/Test/Real/real_3221.jpg,1,1,True,0.007205792237073183,0.9927942156791687
/content/Dataset/Test/Real/real_3222.jpg,1,1,True,0.04195320978760719,0.9580467939376831
/content/Dataset/Test/Real/real_3223.jpg,1,1,True,0.2234855741262436,0.77651447057724
/content/Dataset/Test/Real/real_3224.jpg,1,1,True,0.01390597503632307,0.9860939979553223
/content/Dataset/Test/Real/real_3225.jpg,1,1,True,0.0005509297479875386,0.9994490742683411
/content/Dataset/Test/Real/real_3226.jpg,1,1,True,0.009354976005852222,0.9906450510025024
/content/Dataset/Test/Real/real_3227.jpg,1,1,True,0.00022794220421928912,0.9997720122337341
/content/Dataset/Test/Real/real_3228.jpg,1,1,True,0.023845059797167778,0.9761549234390259
/content/Dataset/Test/Real/real_3229.jpg,1,1,True,0.012547177262604237,0.9874528050422668
/content/Dataset/Test/Real/real_323.jpg,1,1,True,0.0844598039984703,0.9155402183532715
/content/Dataset/Test/Real/real_3230.jpg,1,1,True,0.0048302533105015755,0.9951696991920471
/content/Dataset/Test/Real/real_3231.jpg,1,0,False,0.9986987113952637,0.0013012902345508337
/content/Dataset/Test/Real/real_3232.jpg,1,1,True,0.4386385381221771,0.5613614320755005
/content/Dataset/Test/Real/real_3233.jpg,1,1,True,0.01723206602036953,0.9827678799629211
/content/Dataset/Test/Real/real_3234.jpg,1,1,True,0.00012514357513282448,0.9998748302459717
/content/Dataset/Test/Real/real_3235.jpg,1,1,True,0.00018868478946387768,0.9998113512992859
/content/Dataset/Test/Real/real_3236.jpg,1,0,False,0.7968454360961914,0.2031545490026474
/content/Dataset/Test/Real/real_3237.jpg,1,1,True,0.0022256814409047365,0.9977743029594421
/content/Dataset/Test/Real/real_3238.jpg,1,1,True,0.004768012557178736,0.9952319264411926
/content/Dataset/Test/Real/real_3239.jpg,1,1,True,0.03995281830430031,0.96004718542099
/content/Dataset/Test/Real/real_324.jpg,1,1,True,0.0032059543300420046,0.9967940449714661
/content/Dataset/Test/Real/real_3240.jpg,1,1,True,0.011661685071885586,0.98833829164505
/content/Dataset/Test/Real/real_3241.jpg,1,1,True,0.00045059039257466793,0.9995493292808533
/content/Dataset/Test/Real/real_3242.jpg,1,1,True,0.0008631800301373005,0.9991368651390076
/content/Dataset/Test/Real/real_3243.jpg,1,0,False,0.5307736396789551,0.4692263901233673
/content/Dataset/Test/Real/real_3244.jpg,1,1,True,0.001139273983426392,0.9988607168197632
/content/Dataset/Test/Real/real_3245.jpg,1,1,True,0.21967743337154388,0.7803225517272949
/content/Dataset/Test/Real/real_3246.jpg,1,1,True,0.006979822646826506,0.9930201172828674
/content/Dataset/Test/Real/real_3247.jpg,1,0,False,0.7520342469215393,0.24796581268310547
/content/Dataset/Test/Real/real_3248.jpg,1,1,True,0.11299759894609451,0.8870024085044861
/content/Dataset/Test/Real/real_3249.jpg,1,1,True,0.0003113543789368123,0.9996886253356934
/content/Dataset/Test/Real/real_325.jpg,1,1,True,0.002925650915130973,0.9970743656158447
/content/Dataset/Test/Real/real_3250.jpg,1,1,True,6.671893788734451e-05,0.9999332427978516
/content/Dataset/Test/Real/real_3251.jpg,1,1,True,0.31336042284965515,0.6866395473480225
/content/Dataset/Test/Real/real_3252.jpg,1,1,True,4.688974513555877e-05,0.9999531507492065
/content/Dataset/Test/Real/real_3253.jpg,1,1,True,0.0019177437061443925,0.9980822801589966
/content/Dataset/Test/Real/real_3254.jpg,1,1,True,0.00012951332610100508,0.9998704195022583
/content/Dataset/Test/Real/real_3255.jpg,1,1,True,0.005640897434204817,0.9943590760231018
/content/Dataset/Test/Real/real_3256.jpg,1,1,True,0.002133964793756604,0.9978660941123962
/content/Dataset/Test/Real/real_3257.jpg,1,1,True,7.657544483663514e-05,0.9999234676361084
/content/Dataset/Test/Real/real_3258.jpg,1,1,True,4.5408996811602265e-05,0.9999545812606812
/content/Dataset/Test/Real/real_3259.jpg,1,1,True,0.0016597936628386378,0.9983401298522949
/content/Dataset/Test/Real/real_326.jpg,1,1,True,0.005008563864976168,0.9949914813041687
/content/Dataset/Test/Real/real_3260.jpg,1,1,True,0.0005248153465799987,0.9994751811027527
/content/Dataset/Test/Real/real_3261.jpg,1,1,True,0.005764109548181295,0.9942359328269958
/content/Dataset/Test/Real/real_3262.jpg,1,1,True,0.4270685911178589,0.5729314088821411
/content/Dataset/Test/Real/real_3263.jpg,1,1,True,0.03666500002145767,0.9633349180221558
/content/Dataset/Test/Real/real_3264.jpg,1,1,True,0.11438612639904022,0.8856138586997986
/content/Dataset/Test/Real/real_3265.jpg,1,0,False,0.7731869220733643,0.22681310772895813
/content/Dataset/Test/Real/real_3266.jpg,1,1,True,0.0002971567737404257,0.9997028708457947
/content/Dataset/Test/Real/real_3267.jpg,1,1,True,0.004212350584566593,0.9957876801490784
/content/Dataset/Test/Real/real_3268.jpg,1,1,True,0.0018072890816256404,0.9981927275657654
/content/Dataset/Test/Real/real_3269.jpg,1,1,True,0.011761072091758251,0.9882389307022095
/content/Dataset/Test/Real/real_327.jpg,1,1,True,0.016176540404558182,0.9838234186172485
/content/Dataset/Test/Real/real_3270.jpg,1,1,True,0.00032833783188834786,0.9996716976165771
/content/Dataset/Test/Real/real_3271.jpg,1,1,True,0.00023109580797608942,0.9997689127922058
/content/Dataset/Test/Real/real_3272.jpg,1,1,True,0.00017666966596152633,0.9998233914375305
/content/Dataset/Test/Real/real_3273.jpg,1,1,True,0.016773980110883713,0.9832260012626648
/content/Dataset/Test/Real/real_3274.jpg,1,1,True,0.00013850809773430228,0.999861478805542
/content/Dataset/Test/Real/real_3275.jpg,1,1,True,7.35935172997415e-05,0.9999264478683472
/content/Dataset/Test/Real/real_3276.jpg,1,1,True,0.028591088950634003,0.9714088439941406
/content/Dataset/Test/Real/real_3277.jpg,1,1,True,0.14890749752521515,0.851092517375946
/content/Dataset/Test/Real/real_3278.jpg,1,1,True,0.0004114925395697355,0.9995885491371155
/content/Dataset/Test/Real/real_3279.jpg,1,1,True,0.0003619442577473819,0.9996380805969238
/content/Dataset/Test/Real/real_328.jpg,1,1,True,0.0001099289656849578,0.9998900890350342
/content/Dataset/Test/Real/real_3280.jpg,1,1,True,0.00011349371197866276,0.9998865127563477
/content/Dataset/Test/Real/real_3281.jpg,1,0,False,0.9698797464370728,0.030120277777314186
/content/Dataset/Test/Real/real_3282.jpg,1,1,True,0.07092443108558655,0.9290755391120911
/content/Dataset/Test/Real/real_3283.jpg,1,1,True,0.0028332110960036516,0.9971668124198914
/content/Dataset/Test/Real/real_3284.jpg,1,0,False,0.8211753964424133,0.17882460355758667
/content/Dataset/Test/Real/real_3285.jpg,1,1,True,0.03612494096159935,0.9638751149177551
/content/Dataset/Test/Real/real_3286.jpg,1,1,True,0.0002140152209904045,0.9997859597206116
/content/Dataset/Test/Real/real_3287.jpg,1,1,True,0.0001583305129315704,0.9998416900634766
/content/Dataset/Test/Real/real_3288.jpg,1,1,True,0.003185590961948037,0.9968144297599792
/content/Dataset/Test/Real/real_3289.jpg,1,1,True,9.525936184218153e-05,0.9999047517776489
/content/Dataset/Test/Real/real_329.jpg,1,1,True,0.00012767357111442834,0.9998723268508911
/content/Dataset/Test/Real/real_3290.jpg,1,1,True,7.873825234128162e-05,0.9999212026596069
/content/Dataset/Test/Real/real_3291.jpg,1,1,True,0.0001293354871449992,0.9998706579208374
/content/Dataset/Test/Real/real_3292.jpg,1,1,True,6.0352369473548606e-05,0.9999396800994873
/content/Dataset/Test/Real/real_3293.jpg,1,1,True,0.2218281477689743,0.7781717777252197
/content/Dataset/Test/Real/real_3294.jpg,1,1,True,0.00909955333918333,0.9909003973007202
/content/Dataset/Test/Real/real_3295.jpg,1,1,True,0.0005788024282082915,0.999421238899231
/content/Dataset/Test/Real/real_3296.jpg,1,1,True,0.00013193651102483273,0.9998680353164673
/content/Dataset/Test/Real/real_3297.jpg,1,1,True,0.12038533389568329,0.8796146512031555
/content/Dataset/Test/Real/real_3298.jpg,1,1,True,0.11440151184797287,0.8855984210968018
/content/Dataset/Test/Real/real_3299.jpg,1,1,True,0.028188418596982956,0.9718116521835327
/content/Dataset/Test/Real/real_33.jpg,1,1,True,0.018826186656951904,0.9811737537384033
/content/Dataset/Test/Real/real_330.jpg,1,1,True,5.289439286570996e-05,0.9999470710754395
/content/Dataset/Test/Real/real_3300.jpg,1,1,True,0.06327494978904724,0.9367250800132751
/content/Dataset/Test/Real/real_3301.jpg,1,1,True,0.0001911298168124631,0.9998088479042053
/content/Dataset/Test/Real/real_3302.jpg,1,1,True,0.005201512947678566,0.9947984218597412
/content/Dataset/Test/Real/real_3303.jpg,1,1,True,0.0007369954837486148,0.9992629885673523
/content/Dataset/Test/Real/real_3304.jpg,1,1,True,0.011074112728238106,0.9889258742332458
/content/Dataset/Test/Real/real_3305.jpg,1,1,True,0.0004560697707347572,0.9995438456535339
/content/Dataset/Test/Real/real_3306.jpg,1,1,True,0.009808260947465897,0.9901916980743408
/content/Dataset/Test/Real/real_3307.jpg,1,1,True,0.00012936275743413717,0.9998706579208374
/content/Dataset/Test/Real/real_3308.jpg,1,1,True,0.1033514067530632,0.896648645401001
/content/Dataset/Test/Real/real_3309.jpg,1,1,True,0.001282087410800159,0.9987179040908813
/content/Dataset/Test/Real/real_331.jpg,1,1,True,0.07465480268001556,0.925345242023468
/content/Dataset/Test/Real/real_3310.jpg,1,1,True,0.00018439277482684702,0.9998156428337097
/content/Dataset/Test/Real/real_3311.jpg,1,1,True,0.0004461141652427614,0.9995538592338562
/content/Dataset/Test/Real/real_3312.jpg,1,1,True,0.0007992393220774829,0.9992007613182068
/content/Dataset/Test/Real/real_3313.jpg,1,1,True,0.025423655286431313,0.9745762944221497
/content/Dataset/Test/Real/real_3314.jpg,1,1,True,0.4909763038158417,0.5090236663818359
/content/Dataset/Test/Real/real_3315.jpg,1,1,True,0.0008498762617819011,0.9991501569747925
/content/Dataset/Test/Real/real_3316.jpg,1,1,True,0.007069399580359459,0.99293053150177
/content/Dataset/Test/Real/real_3317.jpg,1,1,True,0.00034751006751321256,0.9996525049209595
/content/Dataset/Test/Real/real_3318.jpg,1,0,False,0.9515840411186218,0.04841599985957146
/content/Dataset/Test/Real/real_3319.jpg,1,1,True,0.018086731433868408,0.9819132685661316
/content/Dataset/Test/Real/real_332.jpg,1,1,True,0.002274853177368641,0.9977251887321472
/content/Dataset/Test/Real/real_3320.jpg,1,1,True,0.02777876704931259,0.9722212553024292
/content/Dataset/Test/Real/real_3321.jpg,1,1,True,6.685981497867033e-05,0.999933123588562
/content/Dataset/Test/Real/real_3322.jpg,1,1,True,0.0047271777875721455,0.9952728152275085
/content/Dataset/Test/Real/real_3323.jpg,1,1,True,0.05521218851208687,0.9447877407073975
/content/Dataset/Test/Real/real_3324.jpg,1,1,True,0.007344240788370371,0.9926557540893555
/content/Dataset/Test/Real/real_3325.jpg,1,1,True,0.0011084523284807801,0.9988915324211121
/content/Dataset/Test/Real/real_3326.jpg,1,1,True,0.000814945378806442,0.9991850256919861
/content/Dataset/Test/Real/real_3327.jpg,1,1,True,0.019771741703152657,0.9802282452583313
/content/Dataset/Test/Real/real_3328.jpg,1,1,True,0.0005044214776717126,0.9994955062866211
/content/Dataset/Test/Real/real_3329.jpg,1,1,True,0.0001650635531404987,0.9998348951339722
/content/Dataset/Test/Real/real_333.jpg,1,1,True,0.004287051968276501,0.9957129955291748
/content/Dataset/Test/Real/real_3330.jpg,1,1,True,0.0006426030886359513,0.9993574023246765
/content/Dataset/Test/Real/real_3331.jpg,1,1,True,0.00015807572344783694,0.9998419284820557
/content/Dataset/Test/Real/real_3332.jpg,1,1,True,0.002939871745184064,0.9970601201057434
/content/Dataset/Test/Real/real_3333.jpg,1,1,True,0.0008307548123411834,0.9991692304611206
/content/Dataset/Test/Real/real_3334.jpg,1,1,True,0.00028650369495153427,0.9997134804725647
/content/Dataset/Test/Real/real_3335.jpg,1,1,True,3.697093779919669e-05,0.9999630451202393
/content/Dataset/Test/Real/real_3336.jpg,1,1,True,0.0007265075691975653,0.9992734789848328
/content/Dataset/Test/Real/real_3337.jpg,1,1,True,0.0033216066658496857,0.996678352355957
/content/Dataset/Test/Real/real_3338.jpg,1,1,True,0.001467738184146583,0.9985322952270508
/content/Dataset/Test/Real/real_3339.jpg,1,1,True,0.021343911066651344,0.9786560535430908
/content/Dataset/Test/Real/real_334.jpg,1,1,True,7.940299838082865e-05,0.9999206066131592
/content/Dataset/Test/Real/real_3340.jpg,1,1,True,0.00015136633010115474,0.9998486042022705
/content/Dataset/Test/Real/real_3341.jpg,1,1,True,0.0014449979644268751,0.9985550045967102
/content/Dataset/Test/Real/real_3342.jpg,1,1,True,0.00018307307618670166,0.9998169541358948
/content/Dataset/Test/Real/real_3343.jpg,1,1,True,0.002860774751752615,0.9971392154693604
/content/Dataset/Test/Real/real_3344.jpg,1,1,True,0.00019760757277254015,0.9998024106025696
/content/Dataset/Test/Real/real_3345.jpg,1,1,True,0.0002326992544112727,0.9997673630714417
/content/Dataset/Test/Real/real_3346.jpg,1,1,True,0.00025998285855166614,0.9997400641441345
/content/Dataset/Test/Real/real_3347.jpg,1,1,True,0.002589082345366478,0.9974109530448914
/content/Dataset/Test/Real/real_3348.jpg,1,1,True,0.11063624918460846,0.8893637657165527
/content/Dataset/Test/Real/real_3349.jpg,1,1,True,0.004425313789397478,0.9955747127532959
/content/Dataset/Test/Real/real_335.jpg,1,1,True,0.15527673065662384,0.8447232842445374
/content/Dataset/Test/Real/real_3350.jpg,1,0,False,0.8696662187576294,0.130333811044693
/content/Dataset/Test/Real/real_3351.jpg,1,1,True,0.07371552288532257,0.9262844324111938
/content/Dataset/Test/Real/real_3352.jpg,1,1,True,0.0001267145707970485,0.9998732805252075
/content/Dataset/Test/Real/real_3353.jpg,1,1,True,0.0005280639743432403,0.9994719624519348
/content/Dataset/Test/Real/real_3354.jpg,1,1,True,0.003165437374264002,0.9968345761299133
/content/Dataset/Test/Real/real_3355.jpg,1,0,False,0.984398365020752,0.015601592138409615
/content/Dataset/Test/Real/real_3356.jpg,1,1,True,0.004997748415917158,0.9950022101402283
/content/Dataset/Test/Real/real_3357.jpg,1,1,True,0.0015533225378021598,0.9984467625617981
/content/Dataset/Test/Real/real_3358.jpg,1,1,True,0.00016331109509337693,0.9998366832733154
/content/Dataset/Test/Real/real_3359.jpg,1,1,True,0.0018270524451509118,0.9981729984283447
/content/Dataset/Test/Real/real_336.jpg,1,1,True,0.0379064567387104,0.9620935320854187
/content/Dataset/Test/Real/real_3360.jpg,1,1,True,9.27205546759069e-05,0.9999072551727295
/content/Dataset/Test/Real/real_3361.jpg,1,1,True,0.006169590633362532,0.9938303828239441
/content/Dataset/Test/Real/real_3362.jpg,1,1,True,0.0007430454134009778,0.9992569088935852
/content/Dataset/Test/Real/real_3363.jpg,1,1,True,0.00011288421956123784,0.9998871088027954
/content/Dataset/Test/Real/real_3364.jpg,1,1,True,0.0009383636643178761,0.999061644077301
/content/Dataset/Test/Real/real_3365.jpg,1,1,True,0.000992537010461092,0.999007523059845
/content/Dataset/Test/Real/real_3366.jpg,1,0,False,0.9860121607780457,0.01398785412311554
/content/Dataset/Test/Real/real_3367.jpg,1,1,True,0.012753033079206944,0.9872469902038574
/content/Dataset/Test/Real/real_3368.jpg,1,1,True,0.009528901427984238,0.9904711246490479
/content/Dataset/Test/Real/real_3369.jpg,1,1,True,0.00032903600367717445,0.9996709823608398
/content/Dataset/Test/Real/real_337.jpg,1,1,True,0.0008128746412694454,0.999187171459198
/content/Dataset/Test/Real/real_3370.jpg,1,1,True,4.867214011028409e-05,0.9999513626098633
/content/Dataset/Test/Real/real_3371.jpg,1,1,True,0.016334641724824905,0.983665406703949
/content/Dataset/Test/Real/real_3372.jpg,1,1,True,0.00035688624484464526,0.999643087387085
/content/Dataset/Test/Real/real_3373.jpg,1,1,True,0.0022186096757650375,0.9977814555168152
/content/Dataset/Test/Real/real_3374.jpg,1,1,True,0.00010393148113507777,0.9998960494995117
/content/Dataset/Test/Real/real_3375.jpg,1,1,True,0.0011540766572579741,0.9988459348678589
/content/Dataset/Test/Real/real_3376.jpg,1,1,True,7.15964415576309e-05,0.99992835521698
/content/Dataset/Test/Real/real_3377.jpg,1,1,True,0.001964756054803729,0.9980352520942688
/content/Dataset/Test/Real/real_3378.jpg,1,0,False,0.5302339792251587,0.4697660207748413
/content/Dataset/Test/Real/real_3379.jpg,1,1,True,0.12577642500400543,0.8742235898971558
/content/Dataset/Test/Real/real_338.jpg,1,1,True,7.393114356091246e-05,0.9999260902404785
/content/Dataset/Test/Real/real_3380.jpg,1,1,True,0.01743295043706894,0.9825670123100281
/content/Dataset/Test/Real/real_3381.jpg,1,1,True,0.29466116428375244,0.7053388357162476
/content/Dataset/Test/Real/real_3382.jpg,1,0,False,0.9388750195503235,0.06112497299909592
/content/Dataset/Test/Real/real_3383.jpg,1,1,True,0.01997627131640911,0.9800236821174622
/content/Dataset/Test/Real/real_3384.jpg,1,1,True,0.0260001253336668,0.9739998579025269
/content/Dataset/Test/Real/real_3385.jpg,1,1,True,0.001076595624908805,0.9989233613014221
/content/Dataset/Test/Real/real_3386.jpg,1,1,True,0.0023724809288978577,0.9976275563240051
/content/Dataset/Test/Real/real_3387.jpg,1,1,True,0.04386458173394203,0.9561353921890259
/content/Dataset/Test/Real/real_3388.jpg,1,1,True,0.007974909618496895,0.9920251369476318
/content/Dataset/Test/Real/real_3389.jpg,1,1,True,0.00045635420246981084,0.9995436072349548
/content/Dataset/Test/Real/real_339.jpg,1,1,True,0.11307165026664734,0.8869283199310303
/content/Dataset/Test/Real/real_3390.jpg,1,1,True,0.0006029302021488547,0.9993970394134521
/content/Dataset/Test/Real/real_3391.jpg,1,1,True,0.006002921611070633,0.9939970970153809
/content/Dataset/Test/Real/real_3392.jpg,1,1,True,5.6750424846541137e-05,0.9999432563781738
/content/Dataset/Test/Real/real_3393.jpg,1,1,True,0.0004494943132158369,0.9995505213737488
/content/Dataset/Test/Real/real_3394.jpg,1,1,True,0.00011234780686208978,0.9998875856399536
/content/Dataset/Test/Real/real_3395.jpg,1,1,True,0.0017286085058003664,0.9982713460922241
/content/Dataset/Test/Real/real_3396.jpg,1,1,True,0.18176805973052979,0.8182319402694702
/content/Dataset/Test/Real/real_3397.jpg,1,1,True,0.09112626314163208,0.9088736772537231
/content/Dataset/Test/Real/real_3398.jpg,1,1,True,0.008564924821257591,0.9914351105690002
/content/Dataset/Test/Real/real_3399.jpg,1,1,True,0.00031377255800180137,0.9996862411499023
/content/Dataset/Test/Real/real_34.jpg,1,1,True,0.0013460584450513124,0.9986538887023926
/content/Dataset/Test/Real/real_340.jpg,1,1,True,0.0045060222037136555,0.99549400806427
/content/Dataset/Test/Real/real_3400.jpg,1,1,True,0.07002902776002884,0.9299709796905518
/content/Dataset/Test/Real/real_3401.jpg,1,1,True,0.0006056377314962447,0.9993942975997925
/content/Dataset/Test/Real/real_3402.jpg,1,1,True,6.076214776840061e-05,0.9999392032623291
/content/Dataset/Test/Real/real_3403.jpg,1,1,True,0.00032503181137144566,0.9996750354766846
/content/Dataset/Test/Real/real_3404.jpg,1,0,False,0.9102398753166199,0.08976005017757416
/content/Dataset/Test/Real/real_3405.jpg,1,1,True,0.02615675888955593,0.9738432765007019
/content/Dataset/Test/Real/real_3406.jpg,1,1,True,0.00012998346937820315,0.9998699426651001
/content/Dataset/Test/Real/real_3407.jpg,1,1,True,0.00343193206936121,0.9965680837631226
/content/Dataset/Test/Real/real_3408.jpg,1,1,True,6.379299884429201e-05,0.9999362230300903
/content/Dataset/Test/Real/real_3409.jpg,1,1,True,7.751290104351938e-05,0.999922513961792
/content/Dataset/Test/Real/real_341.jpg,1,1,True,0.17439572513103485,0.8256043195724487
/content/Dataset/Test/Real/real_3410.jpg,1,1,True,0.02768869139254093,0.9723113179206848
/content/Dataset/Test/Real/real_3411.jpg,1,1,True,0.001992517150938511,0.9980074763298035
/content/Dataset/Test/Real/real_3412.jpg,1,1,True,0.0013576217461377382,0.9986423850059509
/content/Dataset/Test/Real/real_3413.jpg,1,1,True,0.00013605151616502553,0.9998639822006226
/content/Dataset/Test/Real/real_3414.jpg,1,1,True,0.0007436575251631439,0.9992563128471375
/content/Dataset/Test/Real/real_3415.jpg,1,1,True,0.00047049488057382405,0.9995294809341431
/content/Dataset/Test/Real/real_3416.jpg,1,1,True,4.6035071136429906e-05,0.9999539852142334
/content/Dataset/Test/Real/real_3417.jpg,1,0,False,0.8059282302856445,0.19407178461551666
/content/Dataset/Test/Real/real_3418.jpg,1,1,True,0.3002811670303345,0.6997187733650208
/content/Dataset/Test/Real/real_3419.jpg,1,1,True,0.00027830040198750794,0.9997217059135437
/content/Dataset/Test/Real/real_342.jpg,1,1,True,7.814887794665992e-05,0.9999217987060547
/content/Dataset/Test/Real/real_3420.jpg,1,1,True,0.00010650207696016878,0.9998935461044312
/content/Dataset/Test/Real/real_3421.jpg,1,1,True,0.003767639398574829,0.9962323307991028
/content/Dataset/Test/Real/real_3422.jpg,1,1,True,0.006541650276631117,0.9934583306312561
/content/Dataset/Test/Real/real_3423.jpg,1,1,True,0.000582527369260788,0.9994175434112549
/content/Dataset/Test/Real/real_3424.jpg,1,1,True,0.00015936318959575146,0.9998406171798706
/content/Dataset/Test/Real/real_3425.jpg,1,1,True,0.0006376723758876324,0.9993622899055481
/content/Dataset/Test/Real/real_3426.jpg,1,0,False,0.7142781019210815,0.2857218384742737
/content/Dataset/Test/Real/real_3427.jpg,1,1,True,0.12866254150867462,0.8713374733924866
/content/Dataset/Test/Real/real_3428.jpg,1,1,True,0.03981828689575195,0.9601816534996033
/content/Dataset/Test/Real/real_3429.jpg,1,1,True,0.0003675865300465375,0.9996323585510254
/content/Dataset/Test/Real/real_343.jpg,1,1,True,0.00070158950984478,0.9992984533309937
/content/Dataset/Test/Real/real_3430.jpg,1,1,True,0.004843949805945158,0.9951560497283936
/content/Dataset/Test/Real/real_3431.jpg,1,1,True,0.00033570328378118575,0.999664306640625
/content/Dataset/Test/Real/real_3432.jpg,1,1,True,5.461749969981611e-05,0.9999454021453857
/content/Dataset/Test/Real/real_3433.jpg,1,1,True,0.00017477067012805492,0.9998252987861633
/content/Dataset/Test/Real/real_3434.jpg,1,1,True,0.00019250631157774478,0.9998075366020203
/content/Dataset/Test/Real/real_3435.jpg,1,1,True,0.0004092583549208939,0.9995906949043274
/content/Dataset/Test/Real/real_3436.jpg,1,0,False,0.994168758392334,0.005831243935972452
/content/Dataset/Test/Real/real_3437.jpg,1,1,True,0.00028081247000955045,0.9997192025184631
/content/Dataset/Test/Real/real_3438.jpg,1,1,True,0.40700235962867737,0.5929976105690002
/content/Dataset/Test/Real/real_3439.jpg,1,1,True,0.0452725775539875,0.9547273516654968
/content/Dataset/Test/Real/real_344.jpg,1,1,True,0.0424211211502552,0.9575788378715515
/content/Dataset/Test/Real/real_3440.jpg,1,1,True,0.00020505927386693656,0.9997949004173279
/content/Dataset/Test/Real/real_3441.jpg,1,1,True,0.01175860594958067,0.9882413744926453
/content/Dataset/Test/Real/real_3442.jpg,1,1,True,0.00031642999965697527,0.9996836185455322
/content/Dataset/Test/Real/real_3443.jpg,1,1,True,0.009454376064240932,0.9905456304550171
/content/Dataset/Test/Real/real_3444.jpg,1,1,True,0.00010996501805493608,0.9998899698257446
/content/Dataset/Test/Real/real_3445.jpg,1,1,True,0.0006570366094820201,0.9993429780006409
/content/Dataset/Test/Real/real_3446.jpg,1,1,True,0.0009418462286703289,0.999058187007904
/content/Dataset/Test/Real/real_3447.jpg,1,1,True,8.929047908168286e-05,0.9999107122421265
/content/Dataset/Test/Real/real_3448.jpg,1,1,True,0.0007212861091829836,0.999278724193573
/content/Dataset/Test/Real/real_3449.jpg,1,1,True,5.449815216707066e-05,0.9999455213546753
/content/Dataset/Test/Real/real_345.jpg,1,1,True,0.02216893434524536,0.9778310060501099
/content/Dataset/Test/Real/real_3450.jpg,1,1,True,0.014176404103636742,0.9858236312866211
/content/Dataset/Test/Real/real_3451.jpg,1,1,True,6.072785981814377e-05,0.9999393224716187
/content/Dataset/Test/Real/real_3452.jpg,1,1,True,0.002351091243326664,0.9976488947868347
/content/Dataset/Test/Real/real_3453.jpg,1,0,False,0.880958616733551,0.11904136091470718
/content/Dataset/Test/Real/real_3454.jpg,1,1,True,0.2144964188337326,0.7855035662651062
/content/Dataset/Test/Real/real_3455.jpg,1,1,True,0.03320128098130226,0.966798722743988
/content/Dataset/Test/Real/real_3456.jpg,1,1,True,4.2036866943817586e-05,0.9999579191207886
/content/Dataset/Test/Real/real_3457.jpg,1,1,True,0.0004931088187731802,0.9995068311691284
/content/Dataset/Test/Real/real_3458.jpg,1,1,True,7.880301564000547e-05,0.9999212026596069
/content/Dataset/Test/Real/real_3459.jpg,1,1,True,0.0010603443952277303,0.9989396929740906
/content/Dataset/Test/Real/real_346.jpg,1,1,True,0.00012004119344055653,0.9998799562454224
/content/Dataset/Test/Real/real_3460.jpg,1,1,True,0.0038022431544959545,0.9961977601051331
/content/Dataset/Test/Real/real_3461.jpg,1,1,True,7.55224609747529e-05,0.9999244213104248
/content/Dataset/Test/Real/real_3462.jpg,1,1,True,7.33359920559451e-05,0.9999266862869263
/content/Dataset/Test/Real/real_3463.jpg,1,1,True,0.0004267320910003036,0.999573290348053
/content/Dataset/Test/Real/real_3464.jpg,1,1,True,0.000683728139847517,0.9993163347244263
/content/Dataset/Test/Real/real_3465.jpg,1,1,True,8.954893564805388e-05,0.9999104738235474
/content/Dataset/Test/Real/real_3466.jpg,1,1,True,0.0007162675028666854,0.9992837309837341
/content/Dataset/Test/Real/real_3467.jpg,1,0,False,0.7391796112060547,0.2608203589916229
/content/Dataset/Test/Real/real_3468.jpg,1,1,True,0.040015630424022675,0.959984302520752
/content/Dataset/Test/Real/real_3469.jpg,1,1,True,0.01627304218709469,0.983726978302002
/content/Dataset/Test/Real/real_347.jpg,1,1,True,4.814991552848369e-05,0.9999518394470215
/content/Dataset/Test/Real/real_3470.jpg,1,1,True,0.00035341011243872344,0.9996465444564819
/content/Dataset/Test/Real/real_3471.jpg,1,1,True,0.0001978322834474966,0.9998021721839905
/content/Dataset/Test/Real/real_3472.jpg,1,1,True,4.3669191654771566e-05,0.9999563694000244
/content/Dataset/Test/Real/real_3473.jpg,1,1,True,0.03393544629216194,0.9660645723342896
/content/Dataset/Test/Real/real_3474.jpg,1,1,True,0.0030600111931562424,0.996940016746521
/content/Dataset/Test/Real/real_3475.jpg,1,1,True,0.021478647366166115,0.9785213470458984
/content/Dataset/Test/Real/real_3476.jpg,1,1,True,0.2690988779067993,0.7309011220932007
/content/Dataset/Test/Real/real_3477.jpg,1,1,True,0.1628010869026184,0.8371989727020264
/content/Dataset/Test/Real/real_3478.jpg,1,1,True,0.00019449705723673105,0.9998055100440979
/content/Dataset/Test/Real/real_3479.jpg,1,0,False,0.9882113337516785,0.011788608506321907
/content/Dataset/Test/Real/real_348.jpg,1,1,True,0.001347166020423174,0.9986528158187866
/content/Dataset/Test/Real/real_3480.jpg,1,1,True,0.0032785499934107065,0.9967214465141296
/content/Dataset/Test/Real/real_3481.jpg,1,1,True,0.0004786108329426497,0.9995213747024536
/content/Dataset/Test/Real/real_3482.jpg,1,1,True,0.00529578747227788,0.9947041869163513
/content/Dataset/Test/Real/real_3483.jpg,1,0,False,0.9630594253540039,0.03694053739309311
/content/Dataset/Test/Real/real_3484.jpg,1,1,True,0.309826135635376,0.690173864364624
/content/Dataset/Test/Real/real_3485.jpg,1,1,True,0.31945815682411194,0.6805418729782104
/content/Dataset/Test/Real/real_3486.jpg,1,1,True,0.0003823786391876638,0.9996175765991211
/content/Dataset/Test/Real/real_3487.jpg,1,1,True,0.013726767152547836,0.9862732291221619
/content/Dataset/Test/Real/real_3488.jpg,1,1,True,0.06301511824131012,0.9369848370552063
/content/Dataset/Test/Real/real_3489.jpg,1,1,True,0.0015148230595514178,0.9984851479530334
/content/Dataset/Test/Real/real_349.jpg,1,1,True,0.00016030289407353848,0.9998396635055542
/content/Dataset/Test/Real/real_3490.jpg,1,1,True,0.08700502663850784,0.9129949808120728
/content/Dataset/Test/Real/real_3491.jpg,1,1,True,0.013103142380714417,0.986896812915802
/content/Dataset/Test/Real/real_3492.jpg,1,1,True,0.0009125767974182963,0.9990874528884888
/content/Dataset/Test/Real/real_3493.jpg,1,1,True,0.07263108342885971,0.9273688793182373
/content/Dataset/Test/Real/real_3494.jpg,1,1,True,0.0003536147123668343,0.9996464252471924
/content/Dataset/Test/Real/real_3495.jpg,1,1,True,0.48698195815086365,0.5130180716514587
/content/Dataset/Test/Real/real_3496.jpg,1,1,True,0.0027478549163788557,0.9972521662712097
/content/Dataset/Test/Real/real_3497.jpg,1,1,True,0.00025537112378515303,0.9997445940971375
/content/Dataset/Test/Real/real_3498.jpg,1,0,False,0.8436091542243958,0.15639087557792664
/content/Dataset/Test/Real/real_3499.jpg,1,1,True,0.1042570173740387,0.8957430124282837
/content/Dataset/Test/Real/real_35.jpg,1,1,True,0.15962089598178864,0.8403791189193726
/content/Dataset/Test/Real/real_350.jpg,1,1,True,3.980761539423838e-05,0.99996018409729
/content/Dataset/Test/Real/real_3500.jpg,1,1,True,0.005632988642901182,0.9943669438362122
/content/Dataset/Test/Real/real_3501.jpg,1,1,True,0.2733769714832306,0.7266230583190918
/content/Dataset/Test/Real/real_3502.jpg,1,1,True,0.0012028568889945745,0.9987971782684326
/content/Dataset/Test/Real/real_3503.jpg,1,1,True,0.004204972181469202,0.9957950115203857
/content/Dataset/Test/Real/real_3504.jpg,1,1,True,0.08749856054782867,0.9125013947486877
/content/Dataset/Test/Real/real_3505.jpg,1,1,True,0.022664140909910202,0.9773359298706055
/content/Dataset/Test/Real/real_3506.jpg,1,1,True,0.00016372065874747932,0.9998362064361572
/content/Dataset/Test/Real/real_3507.jpg,1,1,True,0.055457308888435364,0.944542646408081
/content/Dataset/Test/Real/real_3508.jpg,1,1,True,0.007367255166172981,0.9926326870918274
/content/Dataset/Test/Real/real_3509.jpg,1,0,False,0.7230490446090698,0.27695101499557495
/content/Dataset/Test/Real/real_351.jpg,1,1,True,0.0125589519739151,0.9874410629272461
/content/Dataset/Test/Real/real_3510.jpg,1,1,True,0.02836047299206257,0.9716395139694214
/content/Dataset/Test/Real/real_3511.jpg,1,1,True,0.11826926469802856,0.8817307353019714
/content/Dataset/Test/Real/real_3512.jpg,1,1,True,0.00013938386109657586,0.9998606443405151
/content/Dataset/Test/Real/real_3513.jpg,1,1,True,0.015130371786653996,0.9848695993423462
/content/Dataset/Test/Real/real_3514.jpg,1,0,False,0.6734849214553833,0.3265151083469391
/content/Dataset/Test/Real/real_3515.jpg,1,0,False,0.5848920941352844,0.41510793566703796
/content/Dataset/Test/Real/real_3516.jpg,1,0,False,0.9868708848953247,0.01312914676964283
/content/Dataset/Test/Real/real_3517.jpg,1,1,True,0.007253504823893309,0.9927465319633484
/content/Dataset/Test/Real/real_3518.jpg,1,1,True,0.27809709310531616,0.7219028472900391
/content/Dataset/Test/Real/real_3519.jpg,1,1,True,0.002842953195795417,0.997157096862793
/content/Dataset/Test/Real/real_352.jpg,1,1,True,0.06937723606824875,0.9306226968765259
/content/Dataset/Test/Real/real_3520.jpg,1,1,True,0.003935599233955145,0.9960643649101257
/content/Dataset/Test/Real/real_3521.jpg,1,0,False,0.8797709345817566,0.12022902071475983
/content/Dataset/Test/Real/real_3522.jpg,1,0,False,0.6103367209434509,0.3896632492542267
/content/Dataset/Test/Real/real_3523.jpg,1,1,True,0.0012097797589376569,0.9987902045249939
/content/Dataset/Test/Real/real_3524.jpg,1,1,True,0.0036916814278811216,0.9963082671165466
/content/Dataset/Test/Real/real_3525.jpg,1,1,True,0.17666736245155334,0.823332667350769
/content/Dataset/Test/Real/real_3526.jpg,1,1,True,0.4966805577278137,0.5033194422721863
/content/Dataset/Test/Real/real_3527.jpg,1,1,True,0.06791971623897552,0.9320802688598633
/content/Dataset/Test/Real/real_3528.jpg,1,1,True,0.009493990801274776,0.9905059933662415
/content/Dataset/Test/Real/real_3529.jpg,1,1,True,0.0005281717167235911,0.9994718432426453
/content/Dataset/Test/Real/real_353.jpg,1,1,True,4.652215648093261e-05,0.9999535083770752
/content/Dataset/Test/Real/real_3530.jpg,1,1,True,0.0010125971166417003,0.9989873766899109
/content/Dataset/Test/Real/real_3531.jpg,1,1,True,3.3423300919821486e-05,0.9999666213989258
/content/Dataset/Test/Real/real_3532.jpg,1,1,True,0.25112757086753845,0.7488723993301392
/content/Dataset/Test/Real/real_3533.jpg,1,1,True,0.38840386271476746,0.6115961670875549
/content/Dataset/Test/Real/real_3534.jpg,1,1,True,0.0002639505546540022,0.9997360110282898
/content/Dataset/Test/Real/real_3535.jpg,1,1,True,0.0001237934920936823,0.9998761415481567
/content/Dataset/Test/Real/real_3536.jpg,1,1,True,0.00034819921711459756,0.9996517896652222
/content/Dataset/Test/Real/real_3537.jpg,1,0,False,0.9846109747886658,0.015389014035463333
/content/Dataset/Test/Real/real_3538.jpg,1,0,False,0.8097378611564636,0.19026212394237518
/content/Dataset/Test/Real/real_3539.jpg,1,1,True,0.00019818099099211395,0.9998018145561218
/content/Dataset/Test/Real/real_354.jpg,1,1,True,6.036848935764283e-05,0.9999396800994873
/content/Dataset/Test/Real/real_3540.jpg,1,0,False,0.6945651173591614,0.305434912443161
/content/Dataset/Test/Real/real_3541.jpg,1,1,True,0.00018716658814810216,0.99981290102005
/content/Dataset/Test/Real/real_3542.jpg,1,1,True,0.003637066576629877,0.9963629841804504
/content/Dataset/Test/Real/real_3543.jpg,1,0,False,0.5779781341552734,0.4220218360424042
/content/Dataset/Test/Real/real_3544.jpg,1,1,True,0.06735122948884964,0.932648777961731
/content/Dataset/Test/Real/real_3545.jpg,1,1,True,0.3292323648929596,0.6707676649093628
/content/Dataset/Test/Real/real_3546.jpg,1,1,True,0.00231488817371428,0.9976850748062134
/content/Dataset/Test/Real/real_3547.jpg,1,0,False,0.9524672031402588,0.04753284901380539
/content/Dataset/Test/Real/real_3548.jpg,1,1,True,0.10791507363319397,0.8920848965644836
/content/Dataset/Test/Real/real_3549.jpg,1,1,True,0.10299442708492279,0.8970056176185608
/content/Dataset/Test/Real/real_355.jpg,1,0,False,0.6379349231719971,0.36206504702568054
/content/Dataset/Test/Real/real_3550.jpg,1,0,False,0.5730568766593933,0.4269431531429291
/content/Dataset/Test/Real/real_3551.jpg,1,1,True,0.28380557894706726,0.7161944508552551
/content/Dataset/Test/Real/real_3552.jpg,1,1,True,0.04289938509464264,0.9571006298065186
/content/Dataset/Test/Real/real_3553.jpg,1,1,True,0.00023855171457398683,0.9997614026069641
/content/Dataset/Test/Real/real_3554.jpg,1,1,True,0.0001250317000085488,0.9998749494552612
/content/Dataset/Test/Real/real_3555.jpg,1,1,True,0.007477398496121168,0.9925225377082825
/content/Dataset/Test/Real/real_3556.jpg,1,1,True,0.0003448009374551475,0.9996552467346191
/content/Dataset/Test/Real/real_3557.jpg,1,1,True,0.011395266279578209,0.9886047840118408
/content/Dataset/Test/Real/real_3558.jpg,1,0,False,0.6297317147254944,0.3702682554721832
/content/Dataset/Test/Real/real_3559.jpg,1,1,True,0.005742002744227648,0.994257926940918
/content/Dataset/Test/Real/real_356.jpg,1,1,True,0.00030606973450630903,0.9996939897537231
/content/Dataset/Test/Real/real_3560.jpg,1,1,True,0.0010465960949659348,0.9989533424377441
/content/Dataset/Test/Real/real_3561.jpg,1,0,False,0.5167480707168579,0.4832519590854645
/content/Dataset/Test/Real/real_3562.jpg,1,1,True,0.035679735243320465,0.9643203020095825
/content/Dataset/Test/Real/real_3563.jpg,1,0,False,0.8440097570419312,0.15599025785923004
/content/Dataset/Test/Real/real_3564.jpg,1,1,True,0.18844491243362427,0.811555027961731
/content/Dataset/Test/Real/real_3565.jpg,1,1,True,0.00039211579132825136,0.9996078610420227
/content/Dataset/Test/Real/real_3566.jpg,1,1,True,6.407661567209288e-05,0.9999358654022217
/content/Dataset/Test/Real/real_3567.jpg,1,1,True,0.0190119706094265,0.9809880256652832
/content/Dataset/Test/Real/real_3568.jpg,1,0,False,0.9886946082115173,0.011305415071547031
/content/Dataset/Test/Real/real_3569.jpg,1,1,True,0.005340889561921358,0.9946591258049011
/content/Dataset/Test/Real/real_357.jpg,1,1,True,0.00043440103763714433,0.9995655417442322
/content/Dataset/Test/Real/real_3570.jpg,1,1,True,0.0014502614503726363,0.99854975938797
/content/Dataset/Test/Real/real_3571.jpg,1,1,True,0.005708115175366402,0.9942919015884399
/content/Dataset/Test/Real/real_3572.jpg,1,1,True,0.0008340628119185567,0.9991660118103027
/content/Dataset/Test/Real/real_3573.jpg,1,1,True,0.0021044861059635878,0.9978954792022705
/content/Dataset/Test/Real/real_3574.jpg,1,1,True,0.0003106143558397889,0.9996894598007202
/content/Dataset/Test/Real/real_3575.jpg,1,1,True,0.0013491041027009487,0.9986509680747986
/content/Dataset/Test/Real/real_3576.jpg,1,1,True,0.02605525590479374,0.9739447832107544
/content/Dataset/Test/Real/real_3577.jpg,1,1,True,0.027896463871002197,0.9721035361289978
/content/Dataset/Test/Real/real_3578.jpg,1,1,True,0.12283322960138321,0.877166748046875
/content/Dataset/Test/Real/real_3579.jpg,1,1,True,0.04626201465725899,0.9537379741668701
/content/Dataset/Test/Real/real_358.jpg,1,1,True,0.00011041454126825556,0.999889612197876
/content/Dataset/Test/Real/real_3580.jpg,1,0,False,0.9747512340545654,0.025248751044273376
/content/Dataset/Test/Real/real_3581.jpg,1,0,False,0.9325525760650635,0.06744741648435593
/content/Dataset/Test/Real/real_3582.jpg,1,0,False,0.9964239001274109,0.0035761238541454077
/content/Dataset/Test/Real/real_3583.jpg,1,1,True,5.201423482503742e-05,0.9999480247497559
/content/Dataset/Test/Real/real_3584.jpg,1,1,True,0.0005177598213776946,0.9994822144508362
/content/Dataset/Test/Real/real_3585.jpg,1,1,True,0.001596130314283073,0.9984038472175598
/content/Dataset/Test/Real/real_3586.jpg,1,1,True,0.09250160306692123,0.9074984192848206
/content/Dataset/Test/Real/real_3587.jpg,1,1,True,7.186760194599628e-05,0.9999281167984009
/content/Dataset/Test/Real/real_3588.jpg,1,1,True,0.0018564864294603467,0.9981435537338257
/content/Dataset/Test/Real/real_3589.jpg,1,1,True,0.00010256495443172753,0.9998974800109863
/content/Dataset/Test/Real/real_359.jpg,1,0,False,0.9605173468589783,0.03948262706398964
/content/Dataset/Test/Real/real_3590.jpg,1,1,True,0.1419488787651062,0.8580511212348938
/content/Dataset/Test/Real/real_3591.jpg,1,1,True,0.06290757656097412,0.9370924830436707
/content/Dataset/Test/Real/real_3592.jpg,1,0,False,0.7694371342658997,0.23056289553642273
/content/Dataset/Test/Real/real_3593.jpg,1,1,True,0.005358231719583273,0.9946417808532715
/content/Dataset/Test/Real/real_3594.jpg,1,1,True,0.002881730208173394,0.9971182346343994
/content/Dataset/Test/Real/real_3595.jpg,1,1,True,9.948970546247438e-05,0.9999004602432251
/content/Dataset/Test/Real/real_3596.jpg,1,1,True,0.00017973351350519806,0.9998202919960022
/content/Dataset/Test/Real/real_3597.jpg,1,0,False,0.9454675912857056,0.05453243851661682
/content/Dataset/Test/Real/real_3598.jpg,1,1,True,0.025177793577313423,0.9748221635818481
/content/Dataset/Test/Real/real_3599.jpg,1,1,True,0.00026017430354841053,0.9997398257255554
/content/Dataset/Test/Real/real_36.jpg,1,1,True,0.012431551702320576,0.9875684380531311
/content/Dataset/Test/Real/real_360.jpg,1,1,True,0.00032348616514354944,0.9996765851974487
/content/Dataset/Test/Real/real_3600.jpg,1,1,True,0.0006641123327426612,0.9993358254432678
/content/Dataset/Test/Real/real_3601.jpg,1,1,True,0.00021611296688206494,0.9997839331626892
/content/Dataset/Test/Real/real_3602.jpg,1,1,True,0.00011387258564354852,0.999886155128479
/content/Dataset/Test/Real/real_3603.jpg,1,1,True,0.012362918816506863,0.9876370429992676
/content/Dataset/Test/Real/real_3604.jpg,1,1,True,0.00265569263137877,0.9973443150520325
/content/Dataset/Test/Real/real_3605.jpg,1,1,True,4.9361693527316675e-05,0.999950647354126
/content/Dataset/Test/Real/real_3606.jpg,1,1,True,9.586143278283998e-05,0.9999041557312012
/content/Dataset/Test/Real/real_3607.jpg,1,1,True,0.05185313522815704,0.9481468796730042
/content/Dataset/Test/Real/real_3608.jpg,1,0,False,0.5424394011497498,0.45756059885025024
/content/Dataset/Test/Real/real_3609.jpg,1,1,True,0.02094566822052002,0.97905433177948
/content/Dataset/Test/Real/real_361.jpg,1,1,True,0.0006401708233170211,0.9993597865104675
/content/Dataset/Test/Real/real_3610.jpg,1,1,True,0.08026807010173798,0.9197319149971008
/content/Dataset/Test/Real/real_3611.jpg,1,1,True,0.00018515899137128145,0.9998148083686829
/content/Dataset/Test/Real/real_3612.jpg,1,1,True,0.0068443831987679005,0.9931555390357971
/content/Dataset/Test/Real/real_3613.jpg,1,1,True,0.007903906516730785,0.9920960664749146
/content/Dataset/Test/Real/real_3614.jpg,1,1,True,0.0007623298442922533,0.9992376565933228
/content/Dataset/Test/Real/real_3615.jpg,1,1,True,0.028517840430140495,0.9714822173118591
/content/Dataset/Test/Real/real_3616.jpg,1,1,True,0.0005200922605581582,0.9994799494743347
/content/Dataset/Test/Real/real_3617.jpg,1,1,True,0.011831504292786121,0.9881685376167297
/content/Dataset/Test/Real/real_3618.jpg,1,1,True,0.0007091789157129824,0.9992908239364624
/content/Dataset/Test/Real/real_3619.jpg,1,1,True,0.00012722209794446826,0.9998728036880493
/content/Dataset/Test/Real/real_362.jpg,1,1,True,0.0001052965599228628,0.9998947381973267
/content/Dataset/Test/Real/real_3620.jpg,1,1,True,0.0013652639463543892,0.9986347556114197
/content/Dataset/Test/Real/real_3621.jpg,1,1,True,0.000596865895204246,0.9994031190872192
/content/Dataset/Test/Real/real_3622.jpg,1,1,True,6.011789810145274e-05,0.9999399185180664
/content/Dataset/Test/Real/real_3623.jpg,1,1,True,7.487179391318932e-05,0.9999251365661621
/content/Dataset/Test/Real/real_3624.jpg,1,1,True,0.0048585557378828526,0.9951413869857788
/content/Dataset/Test/Real/real_3625.jpg,1,1,True,0.00019924560911022127,0.9998007416725159
/content/Dataset/Test/Real/real_3626.jpg,1,1,True,0.08514636009931564,0.9148536920547485
/content/Dataset/Test/Real/real_3627.jpg,1,1,True,0.27258989214897156,0.727410078048706
/content/Dataset/Test/Real/real_3628.jpg,1,1,True,0.0029677192214876413,0.9970322847366333
/content/Dataset/Test/Real/real_3629.jpg,1,1,True,0.00010762466990854591,0.9998923540115356
/content/Dataset/Test/Real/real_363.jpg,1,1,True,0.45020487904548645,0.5497951507568359
/content/Dataset/Test/Real/real_3630.jpg,1,1,True,0.0027780558448284864,0.9972219467163086
/content/Dataset/Test/Real/real_3631.jpg,1,1,True,0.0045326752588152885,0.9954673051834106
/content/Dataset/Test/Real/real_3632.jpg,1,0,False,0.9464503526687622,0.053549665957689285
/content/Dataset/Test/Real/real_3633.jpg,1,1,True,0.003529110224917531,0.9964709281921387
/content/Dataset/Test/Real/real_3634.jpg,1,1,True,0.002093700924888253,0.9979063272476196
/content/Dataset/Test/Real/real_3635.jpg,1,1,True,0.4654114842414856,0.5345885157585144
/content/Dataset/Test/Real/real_3636.jpg,1,1,True,0.003455197671428323,0.9965447783470154
/content/Dataset/Test/Real/real_3637.jpg,1,1,True,0.004440960939973593,0.9955589771270752
/content/Dataset/Test/Real/real_3638.jpg,1,1,True,0.00026578109827823937,0.9997342228889465
/content/Dataset/Test/Real/real_3639.jpg,1,1,True,0.0004904873785562813,0.9995094537734985
/content/Dataset/Test/Real/real_364.jpg,1,1,True,0.0010610203025862575,0.9989389777183533
/content/Dataset/Test/Real/real_3640.jpg,1,1,True,0.0012055902043357491,0.998794436454773
/content/Dataset/Test/Real/real_3641.jpg,1,1,True,0.3458292484283447,0.6541707515716553
/content/Dataset/Test/Real/real_3642.jpg,1,1,True,0.12959639728069305,0.8704036474227905
/content/Dataset/Test/Real/real_3643.jpg,1,0,False,0.7402294874191284,0.2597704529762268
/content/Dataset/Test/Real/real_3644.jpg,1,0,False,0.7195404171943665,0.28045961260795593
/content/Dataset/Test/Real/real_3645.jpg,1,1,True,0.002678883960470557,0.9973211884498596
/content/Dataset/Test/Real/real_3646.jpg,1,0,False,0.5649636387825012,0.4350363612174988
/content/Dataset/Test/Real/real_3647.jpg,1,1,True,0.0013842890039086342,0.9986157417297363
/content/Dataset/Test/Real/real_3648.jpg,1,1,True,0.0004711137735284865,0.9995288848876953
/content/Dataset/Test/Real/real_3649.jpg,1,1,True,0.047636065632104874,0.952363908290863
/content/Dataset/Test/Real/real_365.jpg,1,1,True,0.0001998220686800778,0.9998001456260681
/content/Dataset/Test/Real/real_3650.jpg,1,0,False,0.8616684079170227,0.1383315771818161
/content/Dataset/Test/Real/real_3651.jpg,1,1,True,0.03610006347298622,0.9638999104499817
/content/Dataset/Test/Real/real_3652.jpg,1,1,True,0.07382224500179291,0.9261777997016907
/content/Dataset/Test/Real/real_3653.jpg,1,1,True,0.0006234626052901149,0.9993765950202942
/content/Dataset/Test/Real/real_3654.jpg,1,1,True,0.00012049453653162345,0.9998794794082642
/content/Dataset/Test/Real/real_3655.jpg,1,0,False,0.9781002998352051,0.021899664774537086
/content/Dataset/Test/Real/real_3656.jpg,1,1,True,0.08614274859428406,0.9138572216033936
/content/Dataset/Test/Real/real_3657.jpg,1,1,True,0.004373407457023859,0.9956265687942505
/content/Dataset/Test/Real/real_3658.jpg,1,1,True,0.000495885091368109,0.9995040893554688
/content/Dataset/Test/Real/real_3659.jpg,1,1,True,0.019511422142386436,0.9804885387420654
/content/Dataset/Test/Real/real_366.jpg,1,1,True,0.00021040164574515074,0.9997896552085876
/content/Dataset/Test/Real/real_3660.jpg,1,1,True,0.0025301401037722826,0.9974699020385742
/content/Dataset/Test/Real/real_3661.jpg,1,1,True,0.09391678869724274,0.9060832262039185
/content/Dataset/Test/Real/real_3662.jpg,1,1,True,0.0012305241543799639,0.9987694621086121
/content/Dataset/Test/Real/real_3663.jpg,1,1,True,0.007711889687925577,0.9922881126403809
/content/Dataset/Test/Real/real_3664.jpg,1,1,True,7.217336678877473e-05,0.9999278783798218
/content/Dataset/Test/Real/real_3665.jpg,1,1,True,0.0008794243331067264,0.9991205334663391
/content/Dataset/Test/Real/real_3666.jpg,1,1,True,6.267707794904709e-05,0.9999372959136963
/content/Dataset/Test/Real/real_3667.jpg,1,1,True,0.06059775874018669,0.9394022226333618
/content/Dataset/Test/Real/real_3668.jpg,1,1,True,0.022588688880205154,0.9774112701416016
/content/Dataset/Test/Real/real_3669.jpg,1,1,True,0.04333178699016571,0.9566681981086731
/content/Dataset/Test/Real/real_367.jpg,1,1,True,0.0002451354230288416,0.9997548460960388
/content/Dataset/Test/Real/real_3670.jpg,1,1,True,0.0004761653544846922,0.9995238780975342
/content/Dataset/Test/Real/real_3671.jpg,1,1,True,0.002403002930805087,0.9975970387458801
/content/Dataset/Test/Real/real_3672.jpg,1,1,True,6.656445475528017e-05,0.9999334812164307
/content/Dataset/Test/Real/real_3673.jpg,1,1,True,0.0007589217857457697,0.9992411136627197
/content/Dataset/Test/Real/real_3674.jpg,1,1,True,0.002639015903696418,0.9973610043525696
/content/Dataset/Test/Real/real_3675.jpg,1,1,True,0.00010231235501123592,0.9998977184295654
/content/Dataset/Test/Real/real_3676.jpg,1,1,True,4.0514096326660365e-05,0.9999594688415527
/content/Dataset/Test/Real/real_3677.jpg,1,0,False,0.6435779929161072,0.3564220070838928
/content/Dataset/Test/Real/real_3678.jpg,1,0,False,0.9284184575080872,0.07158153504133224
/content/Dataset/Test/Real/real_3679.jpg,1,1,True,0.00027762274839915335,0.9997223019599915
/content/Dataset/Test/Real/real_368.jpg,1,1,True,0.09410624206066132,0.9058937430381775
/content/Dataset/Test/Real/real_3680.jpg,1,0,False,0.6661795973777771,0.3338204622268677
/content/Dataset/Test/Real/real_3681.jpg,1,1,True,0.04677451029419899,0.9532254338264465
/content/Dataset/Test/Real/real_3682.jpg,1,1,True,0.05028565973043442,0.9497143030166626
/content/Dataset/Test/Real/real_3683.jpg,1,1,True,0.1789223849773407,0.8210775852203369
/content/Dataset/Test/Real/real_3684.jpg,1,1,True,0.0001656194363022223,0.9998342990875244
/content/Dataset/Test/Real/real_3685.jpg,1,0,False,0.8303842544555664,0.1696157455444336
/content/Dataset/Test/Real/real_3686.jpg,1,1,True,0.005112239625304937,0.9948877692222595
/content/Dataset/Test/Real/real_3687.jpg,1,1,True,0.00010017208114732057,0.9998998641967773
/content/Dataset/Test/Real/real_3688.jpg,1,1,True,0.0016402510227635503,0.998359739780426
/content/Dataset/Test/Real/real_3689.jpg,1,1,True,0.0006181078497320414,0.9993818998336792
/content/Dataset/Test/Real/real_369.jpg,1,1,True,4.4422886276151985e-05,0.9999555349349976
/content/Dataset/Test/Real/real_3690.jpg,1,1,True,0.0001232776849064976,0.9998767375946045
/content/Dataset/Test/Real/real_3691.jpg,1,1,True,0.01926199160516262,0.9807379841804504
/content/Dataset/Test/Real/real_3692.jpg,1,0,False,0.5461949110031128,0.4538051187992096
/content/Dataset/Test/Real/real_3693.jpg,1,0,False,0.8748708367347717,0.12512917816638947
/content/Dataset/Test/Real/real_3694.jpg,1,1,True,0.044717658311128616,0.9552822709083557
/content/Dataset/Test/Real/real_3695.jpg,1,1,True,0.0011736807646229863,0.9988263249397278
/content/Dataset/Test/Real/real_3696.jpg,1,1,True,0.009809145703911781,0.990190863609314
/content/Dataset/Test/Real/real_3697.jpg,1,1,True,0.00042830195161513984,0.9995717406272888
/content/Dataset/Test/Real/real_3698.jpg,1,1,True,0.01135364081710577,0.988646388053894
/content/Dataset/Test/Real/real_3699.jpg,1,0,False,0.976499617099762,0.0235004685819149
/content/Dataset/Test/Real/real_37.jpg,1,1,True,0.0011356183094903827,0.9988644123077393
/content/Dataset/Test/Real/real_370.jpg,1,1,True,4.721077493741177e-05,0.9999527931213379
/content/Dataset/Test/Real/real_3700.jpg,1,1,True,0.038538023829460144,0.9614620208740234
/content/Dataset/Test/Real/real_3701.jpg,1,1,True,0.021475061774253845,0.9785249829292297
/content/Dataset/Test/Real/real_3702.jpg,1,1,True,0.03835846483707428,0.9616415500640869
/content/Dataset/Test/Real/real_3703.jpg,1,1,True,0.0012023539748042822,0.9987976551055908
/content/Dataset/Test/Real/real_3704.jpg,1,1,True,0.0321328267455101,0.9678671360015869
/content/Dataset/Test/Real/real_3705.jpg,1,1,True,0.3484792411327362,0.6515207886695862
/content/Dataset/Test/Real/real_3706.jpg,1,1,True,0.00039036356611177325,0.999609649181366
/content/Dataset/Test/Real/real_3707.jpg,1,0,False,0.5996420979499817,0.4003578722476959
/content/Dataset/Test/Real/real_3708.jpg,1,1,True,0.02630491554737091,0.9736950993537903
/content/Dataset/Test/Real/real_3709.jpg,1,1,True,0.0004940196522511542,0.9995059967041016
/content/Dataset/Test/Real/real_371.jpg,1,1,True,0.0016600270755589008,0.9983400106430054
/content/Dataset/Test/Real/real_3710.jpg,1,1,True,0.08009961247444153,0.9199003577232361
/content/Dataset/Test/Real/real_3711.jpg,1,1,True,0.0004859185719396919,0.999514102935791
/content/Dataset/Test/Real/real_3712.jpg,1,1,True,0.21676164865493774,0.7832383513450623
/content/Dataset/Test/Real/real_3713.jpg,1,1,True,0.001986181829124689,0.9980138540267944
/content/Dataset/Test/Real/real_3714.jpg,1,1,True,0.0015397091628983617,0.9984602928161621
/content/Dataset/Test/Real/real_3715.jpg,1,1,True,0.2667706310749054,0.733229398727417
/content/Dataset/Test/Real/real_3716.jpg,1,1,True,0.02462056837975979,0.9753794074058533
/content/Dataset/Test/Real/real_3717.jpg,1,1,True,0.015545472502708435,0.9844545125961304
/content/Dataset/Test/Real/real_3718.jpg,1,0,False,0.9693289995193481,0.030671054497361183
/content/Dataset/Test/Real/real_3719.jpg,1,1,True,0.10842770338058472,0.8915723562240601
/content/Dataset/Test/Real/real_372.jpg,1,0,False,0.9813970327377319,0.018603015691041946
/content/Dataset/Test/Real/real_3720.jpg,1,1,True,0.09051024168729782,0.9094897508621216
/content/Dataset/Test/Real/real_3721.jpg,1,1,True,0.0002796318440232426,0.9997203946113586
/content/Dataset/Test/Real/real_3722.jpg,1,1,True,0.001432062010280788,0.9985679388046265
/content/Dataset/Test/Real/real_3723.jpg,1,1,True,0.0012369161704555154,0.9987630844116211
/content/Dataset/Test/Real/real_3724.jpg,1,1,True,0.00031571040744893253,0.9996843338012695
/content/Dataset/Test/Real/real_3725.jpg,1,0,False,0.6983199119567871,0.3016800582408905
/content/Dataset/Test/Real/real_3726.jpg,1,1,True,0.005222801119089127,0.9947772026062012
/content/Dataset/Test/Real/real_3727.jpg,1,1,True,0.005954471882432699,0.9940454959869385
/content/Dataset/Test/Real/real_3728.jpg,1,1,True,0.0013280765851959586,0.9986718893051147
/content/Dataset/Test/Real/real_3729.jpg,1,1,True,0.0013463142095133662,0.9986536502838135
/content/Dataset/Test/Real/real_373.jpg,1,1,True,0.006756665650755167,0.9932432770729065
/content/Dataset/Test/Real/real_3730.jpg,1,1,True,0.0004921323852613568,0.9995079040527344
/content/Dataset/Test/Real/real_3731.jpg,1,1,True,5.57756720809266e-05,0.9999442100524902
/content/Dataset/Test/Real/real_3732.jpg,1,1,True,0.007179260719567537,0.9928207993507385
/content/Dataset/Test/Real/real_3733.jpg,1,1,True,6.122174090705812e-05,0.9999387264251709
/content/Dataset/Test/Real/real_3734.jpg,1,1,True,0.0026312661357223988,0.9973686933517456
/content/Dataset/Test/Real/real_3735.jpg,1,1,True,0.0004053190932609141,0.9995947480201721
/content/Dataset/Test/Real/real_3736.jpg,1,1,True,0.18096017837524414,0.8190397620201111
/content/Dataset/Test/Real/real_3737.jpg,1,1,True,0.025403345003724098,0.9745966792106628
/content/Dataset/Test/Real/real_3738.jpg,1,1,True,0.0542372427880764,0.9457627534866333
/content/Dataset/Test/Real/real_3739.jpg,1,1,True,0.008076009340584278,0.991923987865448
/content/Dataset/Test/Real/real_374.jpg,1,1,True,0.0056199729442596436,0.9943800568580627
/content/Dataset/Test/Real/real_3740.jpg,1,1,True,0.003318681148812175,0.996681272983551
/content/Dataset/Test/Real/real_3741.jpg,1,1,True,0.0013309239875525236,0.9986691474914551
/content/Dataset/Test/Real/real_3742.jpg,1,1,True,0.009764445945620537,0.9902355074882507
/content/Dataset/Test/Real/real_3743.jpg,1,1,True,0.0001146172871813178,0.9998853206634521
/content/Dataset/Test/Real/real_3744.jpg,1,1,True,0.005444989074021578,0.9945549964904785
/content/Dataset/Test/Real/real_3745.jpg,1,1,True,0.00024694474996067584,0.9997530579566956
/content/Dataset/Test/Real/real_3746.jpg,1,1,True,0.0006296061328612268,0.9993703961372375
/content/Dataset/Test/Real/real_3747.jpg,1,1,True,0.0005453702178783715,0.99945467710495
/content/Dataset/Test/Real/real_3748.jpg,1,1,True,7.790869130985811e-05,0.9999220371246338
/content/Dataset/Test/Real/real_3749.jpg,1,0,False,0.8525556325912476,0.14744435250759125
/content/Dataset/Test/Real/real_375.jpg,1,1,True,0.0022463707718998194,0.9977536797523499
/content/Dataset/Test/Real/real_3750.jpg,1,1,True,0.0009400491835549474,0.9990599751472473
/content/Dataset/Test/Real/real_3751.jpg,1,0,False,0.9998716115951538,0.0001283762394450605
/content/Dataset/Test/Real/real_3752.jpg,1,1,True,0.07105091214179993,0.9289490580558777
/content/Dataset/Test/Real/real_3753.jpg,1,0,False,0.936967670917511,0.06303232908248901
/content/Dataset/Test/Real/real_3754.jpg,1,1,True,0.08851850777864456,0.9114814400672913
/content/Dataset/Test/Real/real_3755.jpg,1,1,True,0.004842017311602831,0.9951580166816711
/content/Dataset/Test/Real/real_3756.jpg,1,1,True,8.958958642324433e-05,0.9999103546142578
/content/Dataset/Test/Real/real_3757.jpg,1,1,True,0.00013494696759153157,0.9998650550842285
/content/Dataset/Test/Real/real_3758.jpg,1,1,True,0.0001780241436790675,0.9998219609260559
/content/Dataset/Test/Real/real_3759.jpg,1,1,True,0.004837775137275457,0.995162308216095
/content/Dataset/Test/Real/real_376.jpg,1,1,True,0.28488391637802124,0.7151160836219788
/content/Dataset/Test/Real/real_3760.jpg,1,1,True,0.040518857538700104,0.9594811201095581
/content/Dataset/Test/Real/real_3761.jpg,1,1,True,8.910047472454607e-05,0.9999109506607056
/content/Dataset/Test/Real/real_3762.jpg,1,1,True,0.0003023931058123708,0.9996976852416992
/content/Dataset/Test/Real/real_3763.jpg,1,1,True,0.2921120226383209,0.7078879475593567
/content/Dataset/Test/Real/real_3764.jpg,1,1,True,0.00031296443194150925,0.9996870756149292
/content/Dataset/Test/Real/real_3765.jpg,1,1,True,0.07104320079088211,0.9289568066596985
/content/Dataset/Test/Real/real_3766.jpg,1,1,True,0.3417929708957672,0.6582070589065552
/content/Dataset/Test/Real/real_3767.jpg,1,1,True,0.04215928167104721,0.9578406810760498
/content/Dataset/Test/Real/real_3768.jpg,1,1,True,0.012917189858853817,0.987082839012146
/content/Dataset/Test/Real/real_3769.jpg,1,1,True,0.00015331251779571176,0.9998466968536377
/content/Dataset/Test/Real/real_377.jpg,1,1,True,0.0006682350649498403,0.9993317723274231
/content/Dataset/Test/Real/real_3770.jpg,1,1,True,0.0005030756001360714,0.9994969367980957
/content/Dataset/Test/Real/real_3771.jpg,1,1,True,0.029577849432826042,0.9704222083091736
/content/Dataset/Test/Real/real_3772.jpg,1,1,True,0.09289173036813736,0.9071082472801208
/content/Dataset/Test/Real/real_3773.jpg,1,1,True,0.020416248589754105,0.9795837998390198
/content/Dataset/Test/Real/real_3774.jpg,1,0,False,0.5905740857124329,0.40942585468292236
/content/Dataset/Test/Real/real_3775.jpg,1,0,False,0.7957733273506165,0.20422664284706116
/content/Dataset/Test/Real/real_3776.jpg,1,0,False,0.9974513649940491,0.0025485886726528406
/content/Dataset/Test/Real/real_3777.jpg,1,1,True,0.0255219005048275,0.9744781255722046
/content/Dataset/Test/Real/real_3778.jpg,1,1,True,0.4299134612083435,0.5700865387916565
/content/Dataset/Test/Real/real_3779.jpg,1,1,True,0.3066157400608063,0.6933842301368713
/content/Dataset/Test/Real/real_378.jpg,1,1,True,8.242733019869775e-05,0.9999175071716309
/content/Dataset/Test/Real/real_3780.jpg,1,1,True,0.24877186119556427,0.7512281537055969
/content/Dataset/Test/Real/real_3781.jpg,1,1,True,0.032496318221092224,0.9675036668777466
/content/Dataset/Test/Real/real_3782.jpg,1,1,True,0.00016169204900506884,0.9998382329940796
/content/Dataset/Test/Real/real_3783.jpg,1,1,True,0.08242049068212509,0.9175794720649719
/content/Dataset/Test/Real/real_3784.jpg,1,1,True,8.4660503489431e-05,0.999915361404419
/content/Dataset/Test/Real/real_3785.jpg,1,1,True,0.0006343729910440743,0.9993656277656555
/content/Dataset/Test/Real/real_3786.jpg,1,1,True,0.001505116350017488,0.9984948635101318
/content/Dataset/Test/Real/real_3787.jpg,1,1,True,0.0012837016256526113,0.9987163543701172
/content/Dataset/Test/Real/real_3788.jpg,1,1,True,0.002298294333741069,0.9977017045021057
/content/Dataset/Test/Real/real_3789.jpg,1,1,True,0.033816222101449966,0.9661838412284851
/content/Dataset/Test/Real/real_379.jpg,1,0,False,0.773858904838562,0.22614111006259918
/content/Dataset/Test/Real/real_3790.jpg,1,0,False,0.9782456159591675,0.02175440825521946
/content/Dataset/Test/Real/real_3791.jpg,1,1,True,0.03971634805202484,0.9602836966514587
/content/Dataset/Test/Real/real_3792.jpg,1,1,True,0.02762763388454914,0.9723724126815796
/content/Dataset/Test/Real/real_3793.jpg,1,1,True,0.00660843076184392,0.9933916330337524
/content/Dataset/Test/Real/real_3794.jpg,1,1,True,0.00010114826000062749,0.9998987913131714
/content/Dataset/Test/Real/real_3795.jpg,1,1,True,0.002338437596336007,0.9976615905761719
/content/Dataset/Test/Real/real_3796.jpg,1,1,True,0.001962921116501093,0.9980370402336121
/content/Dataset/Test/Real/real_3797.jpg,1,1,True,7.39225433790125e-05,0.9999260902404785
/content/Dataset/Test/Real/real_3798.jpg,1,0,False,0.7406995296478271,0.25930047035217285
/content/Dataset/Test/Real/real_3799.jpg,1,0,False,0.6939690709114075,0.30603089928627014
/content/Dataset/Test/Real/real_38.jpg,1,1,True,0.03731858357787132,0.9626814723014832
/content/Dataset/Test/Real/real_380.jpg,1,1,True,0.11076529324054718,0.889234721660614
/content/Dataset/Test/Real/real_3800.jpg,1,0,False,0.9916203022003174,0.00837972853332758
/content/Dataset/Test/Real/real_3801.jpg,1,1,True,0.015910526737570763,0.9840894937515259
/content/Dataset/Test/Real/real_3802.jpg,1,1,True,0.00021864984591957182,0.9997813105583191
/content/Dataset/Test/Real/real_3803.jpg,1,1,True,0.019064519554376602,0.9809354543685913
/content/Dataset/Test/Real/real_3804.jpg,1,1,True,0.00570564204826951,0.9942943453788757
/content/Dataset/Test/Real/real_3805.jpg,1,1,True,0.025455625727772713,0.97454434633255
/content/Dataset/Test/Real/real_3806.jpg,1,1,True,7.015444862190634e-05,0.9999297857284546
/content/Dataset/Test/Real/real_3807.jpg,1,1,True,0.00039603779441677034,0.9996039271354675
/content/Dataset/Test/Real/real_3808.jpg,1,1,True,0.00042171357199549675,0.9995782971382141
/content/Dataset/Test/Real/real_3809.jpg,1,1,True,0.00013508058327715844,0.999864935874939
/content/Dataset/Test/Real/real_381.jpg,1,1,True,8.605815673945472e-05,0.9999139308929443
/content/Dataset/Test/Real/real_3810.jpg,1,1,True,0.000477960507851094,0.9995220899581909
/content/Dataset/Test/Real/real_3811.jpg,1,1,True,0.00025702331913635135,0.9997429251670837
/content/Dataset/Test/Real/real_3812.jpg,1,1,True,0.0029747693333774805,0.997025191783905
/content/Dataset/Test/Real/real_3813.jpg,1,1,True,0.15947921574115753,0.8405207991600037
/content/Dataset/Test/Real/real_3814.jpg,1,1,True,0.0023519862443208694,0.9976480603218079
/content/Dataset/Test/Real/real_3815.jpg,1,1,True,0.003943466115742922,0.9960565567016602
/content/Dataset/Test/Real/real_3816.jpg,1,1,True,0.010510100051760674,0.9894898533821106
/content/Dataset/Test/Real/real_3817.jpg,1,1,True,5.018319279770367e-05,0.9999498128890991
/content/Dataset/Test/Real/real_3818.jpg,1,1,True,0.12726101279258728,0.8727389574050903
/content/Dataset/Test/Real/real_3819.jpg,1,1,True,0.00014275245484896004,0.9998571872711182
/content/Dataset/Test/Real/real_382.jpg,1,1,True,0.020577447488904,0.9794225096702576
/content/Dataset/Test/Real/real_3820.jpg,1,1,True,0.0005296347662806511,0.9994704127311707
/content/Dataset/Test/Real/real_3821.jpg,1,1,True,0.10466936975717545,0.8953306674957275
/content/Dataset/Test/Real/real_3822.jpg,1,1,True,0.001718828920274973,0.9982812404632568
/content/Dataset/Test/Real/real_3823.jpg,1,1,True,0.0011944967554882169,0.9988055229187012
/content/Dataset/Test/Real/real_3824.jpg,1,1,True,0.2572881877422333,0.7427118420600891
/content/Dataset/Test/Real/real_3825.jpg,1,1,True,0.0007668724865652621,0.9992331266403198
/content/Dataset/Test/Real/real_3826.jpg,1,1,True,0.003989811986684799,0.9960101842880249
/content/Dataset/Test/Real/real_3827.jpg,1,1,True,0.020963221788406372,0.9790367484092712
/content/Dataset/Test/Real/real_3828.jpg,1,1,True,0.000415999093092978,0.9995840191841125
/content/Dataset/Test/Real/real_3829.jpg,1,1,True,0.005244055762887001,0.9947559833526611
/content/Dataset/Test/Real/real_383.jpg,1,1,True,0.0029380929190665483,0.9970619082450867
/content/Dataset/Test/Real/real_3830.jpg,1,0,False,0.9980672001838684,0.0019328532507643104
/content/Dataset/Test/Real/real_3831.jpg,1,1,True,0.04106270521879196,0.9589372873306274
/content/Dataset/Test/Real/real_3832.jpg,1,0,False,0.9941467046737671,0.00585324177518487
/content/Dataset/Test/Real/real_3833.jpg,1,0,False,0.927051305770874,0.07294872403144836
/content/Dataset/Test/Real/real_3834.jpg,1,1,True,0.057983241975307465,0.9420167207717896
/content/Dataset/Test/Real/real_3835.jpg,1,0,False,0.6834685206413269,0.3165314793586731
/content/Dataset/Test/Real/real_3836.jpg,1,1,True,0.002583960071206093,0.9974160194396973
/content/Dataset/Test/Real/real_3837.jpg,1,1,True,0.0005930396728217602,0.9994069337844849
/content/Dataset/Test/Real/real_3838.jpg,1,1,True,0.00020585660240612924,0.9997941851615906
/content/Dataset/Test/Real/real_3839.jpg,1,1,True,0.089287668466568,0.9107123613357544
/content/Dataset/Test/Real/real_384.jpg,1,0,False,0.9661859273910522,0.033814046531915665
/content/Dataset/Test/Real/real_3840.jpg,1,1,True,0.008221403695642948,0.991778552532196
/content/Dataset/Test/Real/real_3841.jpg,1,0,False,0.6889409422874451,0.3110590875148773
/content/Dataset/Test/Real/real_3842.jpg,1,0,False,0.913989245891571,0.08601070195436478
/content/Dataset/Test/Real/real_3843.jpg,1,1,True,0.020492086187005043,0.9795079827308655
/content/Dataset/Test/Real/real_3844.jpg,1,1,True,5.13449776917696e-05,0.9999486207962036
/content/Dataset/Test/Real/real_3845.jpg,1,1,True,0.0010930413845926523,0.9989069700241089
/content/Dataset/Test/Real/real_3846.jpg,1,1,True,0.0004937492194585502,0.9995062351226807
/content/Dataset/Test/Real/real_3847.jpg,1,1,True,0.06754445284605026,0.9324555397033691
/content/Dataset/Test/Real/real_3848.jpg,1,1,True,0.0020394206512719393,0.9979605674743652
/content/Dataset/Test/Real/real_3849.jpg,1,1,True,0.0012547970982268453,0.9987452030181885
/content/Dataset/Test/Real/real_385.jpg,1,1,True,9.066984057426453e-05,0.9999092817306519
/content/Dataset/Test/Real/real_3850.jpg,1,1,True,0.00033859669929370284,0.9996614456176758
/content/Dataset/Test/Real/real_3851.jpg,1,1,True,0.00010671820200514048,0.999893307685852
/content/Dataset/Test/Real/real_3852.jpg,1,1,True,8.094724762486294e-05,0.999919056892395
/content/Dataset/Test/Real/real_3853.jpg,1,1,True,5.7073346397373825e-05,0.9999428987503052
/content/Dataset/Test/Real/real_3854.jpg,1,1,True,6.221188959898427e-05,0.9999377727508545
/content/Dataset/Test/Real/real_3855.jpg,1,1,True,0.015838684514164925,0.9841613173484802
/content/Dataset/Test/Real/real_3856.jpg,1,1,True,0.0002614135737530887,0.9997386336326599
/content/Dataset/Test/Real/real_3857.jpg,1,1,True,0.4331153333187103,0.5668846964836121
/content/Dataset/Test/Real/real_3858.jpg,1,1,True,0.0034817911218851805,0.9965182542800903
/content/Dataset/Test/Real/real_3859.jpg,1,1,True,0.008443147875368595,0.9915568828582764
/content/Dataset/Test/Real/real_386.jpg,1,1,True,0.00013618402590509504,0.9998637437820435
/content/Dataset/Test/Real/real_3860.jpg,1,1,True,0.0016793061513453722,0.9983206391334534
/content/Dataset/Test/Real/real_3861.jpg,1,1,True,0.39789360761642456,0.6021063923835754
/content/Dataset/Test/Real/real_3862.jpg,1,1,True,0.0017617648700252175,0.998238205909729
/content/Dataset/Test/Real/real_3863.jpg,1,1,True,0.06398678570985794,0.9360131621360779
/content/Dataset/Test/Real/real_3864.jpg,1,1,True,0.0020821501966565847,0.9979178309440613
/content/Dataset/Test/Real/real_3865.jpg,1,1,True,0.01594812609255314,0.9840518236160278
/content/Dataset/Test/Real/real_3866.jpg,1,1,True,0.08657048642635345,0.9134295582771301
/content/Dataset/Test/Real/real_3867.jpg,1,1,True,0.030628550797700882,0.9693714380264282
/content/Dataset/Test/Real/real_3868.jpg,1,1,True,0.00012108806549804285,0.9998788833618164
/content/Dataset/Test/Real/real_3869.jpg,1,1,True,0.26372790336608887,0.7362720966339111
/content/Dataset/Test/Real/real_387.jpg,1,0,False,0.9505741000175476,0.049425967037677765
/content/Dataset/Test/Real/real_3870.jpg,1,1,True,0.00011800986976595595,0.9998819828033447
/content/Dataset/Test/Real/real_3871.jpg,1,1,True,0.00032442473457194865,0.9996756315231323
/content/Dataset/Test/Real/real_3872.jpg,1,1,True,0.004311227239668369,0.9956887364387512
/content/Dataset/Test/Real/real_3873.jpg,1,1,True,0.12376761436462402,0.876232385635376
/content/Dataset/Test/Real/real_3874.jpg,1,0,False,0.9852997064590454,0.014700298197567463
/content/Dataset/Test/Real/real_3875.jpg,1,0,False,0.9949797987937927,0.005020250100642443
/content/Dataset/Test/Real/real_3876.jpg,1,0,False,0.6602254509925842,0.33977457880973816
/content/Dataset/Test/Real/real_3877.jpg,1,1,True,0.00091986870393157,0.9990800619125366
/content/Dataset/Test/Real/real_3878.jpg,1,1,True,0.005303725600242615,0.9946962594985962
/content/Dataset/Test/Real/real_3879.jpg,1,1,True,0.054833970963954926,0.9451659917831421
/content/Dataset/Test/Real/real_388.jpg,1,1,True,0.1576656997203827,0.8423343300819397
/content/Dataset/Test/Real/real_3880.jpg,1,1,True,0.009957128204405308,0.9900429248809814
/content/Dataset/Test/Real/real_3881.jpg,1,1,True,0.17012090981006622,0.829879105091095
/content/Dataset/Test/Real/real_3882.jpg,1,1,True,0.023055044934153557,0.9769449234008789
/content/Dataset/Test/Real/real_3883.jpg,1,1,True,0.00011188563803443685,0.9998880624771118
/content/Dataset/Test/Real/real_3884.jpg,1,1,True,0.17126823961734772,0.8287317752838135
/content/Dataset/Test/Real/real_3885.jpg,1,1,True,0.21870452165603638,0.7812954783439636
/content/Dataset/Test/Real/real_3886.jpg,1,1,True,0.0026203766465187073,0.9973796606063843
/content/Dataset/Test/Real/real_3887.jpg,1,1,True,0.16070745885372162,0.8392925262451172
/content/Dataset/Test/Real/real_3888.jpg,1,1,True,8.539974078303203e-05,0.9999146461486816
/content/Dataset/Test/Real/real_3889.jpg,1,1,True,0.00010268150799674913,0.9998973608016968
/content/Dataset/Test/Real/real_389.jpg,1,1,True,0.10007713735103607,0.899922788143158
/content/Dataset/Test/Real/real_3890.jpg,1,1,True,0.00021382026898209006,0.9997861981391907
/content/Dataset/Test/Real/real_3891.jpg,1,1,True,0.0005518979160115123,0.9994481205940247
/content/Dataset/Test/Real/real_3892.jpg,1,0,False,0.9365463256835938,0.06345365196466446
/content/Dataset/Test/Real/real_3893.jpg,1,1,True,0.34951695799827576,0.6504830121994019
/content/Dataset/Test/Real/real_3894.jpg,1,1,True,0.09966886788606644,0.9003310799598694
/content/Dataset/Test/Real/real_3895.jpg,1,0,False,0.7761927247047424,0.22380727529525757
/content/Dataset/Test/Real/real_3896.jpg,1,1,True,0.3899969160556793,0.6100030541419983
/content/Dataset/Test/Real/real_3897.jpg,1,1,True,0.001578160678036511,0.9984219074249268
/content/Dataset/Test/Real/real_3898.jpg,1,1,True,0.023140834644436836,0.9768591523170471
/content/Dataset/Test/Real/real_3899.jpg,1,1,True,0.3057365417480469,0.6942635178565979
/content/Dataset/Test/Real/real_39.jpg,1,1,True,0.3207484185695648,0.6792515516281128
/content/Dataset/Test/Real/real_390.jpg,1,0,False,0.9528205394744873,0.04717950522899628
/content/Dataset/Test/Real/real_3900.jpg,1,1,True,0.0008356331381946802,0.999164342880249
/content/Dataset/Test/Real/real_3901.jpg,1,1,True,0.34124451875686646,0.6587554812431335
/content/Dataset/Test/Real/real_3902.jpg,1,1,True,0.0020082148257642984,0.9979918003082275
/content/Dataset/Test/Real/real_3903.jpg,1,1,True,0.0002522586437407881,0.9997476935386658
/content/Dataset/Test/Real/real_3904.jpg,1,0,False,0.9061470031738281,0.09385295957326889
/content/Dataset/Test/Real/real_3905.jpg,1,0,False,0.562404215335846,0.43759578466415405
/content/Dataset/Test/Real/real_3906.jpg,1,0,False,0.7363550662994385,0.26364487409591675
/content/Dataset/Test/Real/real_3907.jpg,1,1,True,0.00015460289432667196,0.9998453855514526
/content/Dataset/Test/Real/real_3908.jpg,1,1,True,0.00015488517237827182,0.9998451471328735
/content/Dataset/Test/Real/real_3909.jpg,1,1,True,0.00037407386116683483,0.9996259212493896
/content/Dataset/Test/Real/real_391.jpg,1,1,True,0.11138183623552322,0.8886181712150574
/content/Dataset/Test/Real/real_3910.jpg,1,1,True,0.00027137601864524186,0.9997286200523376
/content/Dataset/Test/Real/real_3911.jpg,1,0,False,0.9352303147315979,0.0647696927189827
/content/Dataset/Test/Real/real_3912.jpg,1,1,True,5.567518383031711e-05,0.9999443292617798
/content/Dataset/Test/Real/real_3913.jpg,1,1,True,0.0005220849416218698,0.9994779229164124
/content/Dataset/Test/Real/real_3914.jpg,1,1,True,0.00012013120431220159,0.9998798370361328
/content/Dataset/Test/Real/real_3915.jpg,1,1,True,0.0002671206893865019,0.9997329115867615
/content/Dataset/Test/Real/real_3916.jpg,1,1,True,0.41839727759361267,0.5816027522087097
/content/Dataset/Test/Real/real_3917.jpg,1,1,True,0.17082950472831726,0.8291705250740051
/content/Dataset/Test/Real/real_3918.jpg,1,1,True,0.0002530253550503403,0.9997469782829285
/content/Dataset/Test/Real/real_3919.jpg,1,1,True,0.02738262340426445,0.9726173877716064
/content/Dataset/Test/Real/real_392.jpg,1,1,True,6.844910240033641e-05,0.9999315738677979
/content/Dataset/Test/Real/real_3920.jpg,1,1,True,0.00819632038474083,0.9918036460876465
/content/Dataset/Test/Real/real_3921.jpg,1,1,True,0.0007366423378698528,0.999263346195221
/content/Dataset/Test/Real/real_3922.jpg,1,1,True,0.3981887996196747,0.6018112301826477
/content/Dataset/Test/Real/real_3923.jpg,1,1,True,0.04122508689761162,0.9587748646736145
/content/Dataset/Test/Real/real_3924.jpg,1,1,True,0.013345934450626373,0.9866541028022766
/content/Dataset/Test/Real/real_3925.jpg,1,1,True,0.00022496029851026833,0.9997749924659729
/content/Dataset/Test/Real/real_3926.jpg,1,1,True,0.006773631554096937,0.9932263493537903
/content/Dataset/Test/Real/real_3927.jpg,1,1,True,0.00022954741143621504,0.99977046251297
/content/Dataset/Test/Real/real_3928.jpg,1,1,True,8.999760029837489e-05,0.9999099969863892
/content/Dataset/Test/Real/real_3929.jpg,1,1,True,0.10878711193799973,0.8912128806114197
/content/Dataset/Test/Real/real_393.jpg,1,1,True,0.0003371218335814774,0.9996628761291504
/content/Dataset/Test/Real/real_3930.jpg,1,1,True,0.3980908989906311,0.6019091010093689
/content/Dataset/Test/Real/real_3931.jpg,1,1,True,0.015179252251982689,0.9848207831382751
/content/Dataset/Test/Real/real_3932.jpg,1,1,True,0.00039968491182662547,0.999600350856781
/content/Dataset/Test/Real/real_3933.jpg,1,1,True,0.0020327866077423096,0.9979671835899353
/content/Dataset/Test/Real/real_3934.jpg,1,0,False,0.8987693786621094,0.10123061388731003
/content/Dataset/Test/Real/real_3935.jpg,1,1,True,6.233695603441447e-05,0.9999376535415649
/content/Dataset/Test/Real/real_3936.jpg,1,1,True,7.73234642110765e-05,0.9999226331710815
/content/Dataset/Test/Real/real_3937.jpg,1,1,True,0.0005610451335087419,0.9994389414787292
/content/Dataset/Test/Real/real_3938.jpg,1,1,True,0.2945866286754608,0.7054134011268616
/content/Dataset/Test/Real/real_3939.jpg,1,1,True,0.0014050364261493087,0.9985949397087097
/content/Dataset/Test/Real/real_394.jpg,1,1,True,0.162226602435112,0.8377733826637268
/content/Dataset/Test/Real/real_3940.jpg,1,1,True,0.0029286735225468874,0.9970712661743164
/content/Dataset/Test/Real/real_3941.jpg,1,1,True,0.013140525668859482,0.9868595600128174
/content/Dataset/Test/Real/real_3942.jpg,1,1,True,0.0006859442219138145,0.9993140697479248
/content/Dataset/Test/Real/real_3943.jpg,1,0,False,0.869939386844635,0.1300605982542038
/content/Dataset/Test/Real/real_3944.jpg,1,1,True,0.004419649951159954,0.9955803751945496
/content/Dataset/Test/Real/real_3945.jpg,1,1,True,0.008466108702123165,0.9915339350700378
/content/Dataset/Test/Real/real_3946.jpg,1,1,True,0.015652528032660484,0.9843474626541138
/content/Dataset/Test/Real/real_3947.jpg,1,1,True,0.0005283700884319842,0.9994716048240662
/content/Dataset/Test/Real/real_3948.jpg,1,1,True,0.000131940032588318,0.9998680353164673
/content/Dataset/Test/Real/real_3949.jpg,1,1,True,7.129190635168925e-05,0.9999287128448486
/content/Dataset/Test/Real/real_395.jpg,1,1,True,5.819351281388663e-05,0.9999418258666992
/content/Dataset/Test/Real/real_3950.jpg,1,1,True,0.0008135681855492294,0.9991864562034607
/content/Dataset/Test/Real/real_3951.jpg,1,1,True,0.0433216318488121,0.9566784501075745
/content/Dataset/Test/Real/real_3952.jpg,1,1,True,0.032104093581438065,0.9678959250450134
/content/Dataset/Test/Real/real_3953.jpg,1,1,True,0.055822137743234634,0.9441779255867004
/content/Dataset/Test/Real/real_3954.jpg,1,0,False,0.9980510473251343,0.0019489290425553918
/content/Dataset/Test/Real/real_3955.jpg,1,1,True,0.0009901748271659017,0.9990098476409912
/content/Dataset/Test/Real/real_3956.jpg,1,1,True,0.0002484945871401578,0.9997515082359314
/content/Dataset/Test/Real/real_3957.jpg,1,1,True,0.00033908788464032114,0.9996609687805176
/content/Dataset/Test/Real/real_3958.jpg,1,0,False,0.9939337372779846,0.006066226866096258
/content/Dataset/Test/Real/real_3959.jpg,1,1,True,0.09079872816801071,0.9092012643814087
/content/Dataset/Test/Real/real_396.jpg,1,1,True,0.025739463046193123,0.9742605090141296
/content/Dataset/Test/Real/real_3960.jpg,1,1,True,0.0003384815063327551,0.9996615648269653
/content/Dataset/Test/Real/real_3961.jpg,1,1,True,0.00022285128943622112,0.9997771382331848
/content/Dataset/Test/Real/real_3962.jpg,1,1,True,0.33237224817276,0.66762775182724
/content/Dataset/Test/Real/real_3963.jpg,1,1,True,0.007801137864589691,0.9921988844871521
/content/Dataset/Test/Real/real_3964.jpg,1,1,True,0.00031968049006536603,0.9996802806854248
/content/Dataset/Test/Real/real_3965.jpg,1,1,True,0.001618054579012096,0.9983819723129272
/content/Dataset/Test/Real/real_3966.jpg,1,1,True,0.005182293243706226,0.9948176741600037
/content/Dataset/Test/Real/real_3967.jpg,1,1,True,0.07852935045957565,0.9214706420898438
/content/Dataset/Test/Real/real_3968.jpg,1,1,True,0.00494054239243269,0.9950594902038574
/content/Dataset/Test/Real/real_3969.jpg,1,1,True,0.011925929225981236,0.9880741238594055
/content/Dataset/Test/Real/real_397.jpg,1,1,True,0.00011812165030278265,0.9998818635940552
/content/Dataset/Test/Real/real_3970.jpg,1,1,True,0.008121266029775143,0.9918787479400635
/content/Dataset/Test/Real/real_3971.jpg,1,1,True,0.033720437437295914,0.9662795662879944
/content/Dataset/Test/Real/real_3972.jpg,1,1,True,0.022936683148145676,0.9770632982254028
/content/Dataset/Test/Real/real_3973.jpg,1,1,True,0.021785521879792213,0.9782145023345947
/content/Dataset/Test/Real/real_3974.jpg,1,1,True,0.17487508058547974,0.8251249194145203
/content/Dataset/Test/Real/real_3975.jpg,1,1,True,0.0009302265243604779,0.9990697503089905
/content/Dataset/Test/Real/real_3976.jpg,1,0,False,0.5438510179519653,0.45614904165267944
/content/Dataset/Test/Real/real_3977.jpg,1,1,True,0.002150495769456029,0.9978494644165039
/content/Dataset/Test/Real/real_3978.jpg,1,1,True,0.0016853725537657738,0.998314619064331
/content/Dataset/Test/Real/real_3979.jpg,1,1,True,0.0002245490759378299,0.9997754693031311
/content/Dataset/Test/Real/real_398.jpg,1,1,True,0.0003326588193885982,0.9996674060821533
/content/Dataset/Test/Real/real_3980.jpg,1,1,True,0.00023172175860963762,0.9997683167457581
/content/Dataset/Test/Real/real_3981.jpg,1,1,True,0.0012807034654542804,0.998719334602356
/content/Dataset/Test/Real/real_3982.jpg,1,1,True,0.014081701636314392,0.9859182834625244
/content/Dataset/Test/Real/real_3983.jpg,1,1,True,6.398441473720595e-05,0.9999359846115112
/content/Dataset/Test/Real/real_3984.jpg,1,1,True,0.001145876245573163,0.9988541603088379
/content/Dataset/Test/Real/real_3985.jpg,1,1,True,0.0002844542032107711,0.9997155070304871
/content/Dataset/Test/Real/real_3986.jpg,1,1,True,0.37947285175323486,0.6205270886421204
/content/Dataset/Test/Real/real_3987.jpg,1,1,True,0.0043091969564557076,0.9956907629966736
/content/Dataset/Test/Real/real_3988.jpg,1,0,False,0.9871930480003357,0.012806911952793598
/content/Dataset/Test/Real/real_3989.jpg,1,1,True,0.015510331839323044,0.9844896793365479
/content/Dataset/Test/Real/real_399.jpg,1,1,True,0.0005343150114640594,0.9994656443595886
/content/Dataset/Test/Real/real_3990.jpg,1,1,True,0.0022393898107111454,0.997760534286499
/content/Dataset/Test/Real/real_3991.jpg,1,0,False,0.9942277669906616,0.0057722474448382854
/content/Dataset/Test/Real/real_3992.jpg,1,1,True,8.75621844897978e-05,0.9999123811721802
/content/Dataset/Test/Real/real_3993.jpg,1,1,True,0.0010557540226727724,0.9989442229270935
/content/Dataset/Test/Real/real_3994.jpg,1,1,True,9.219587809639052e-05,0.9999078512191772
/content/Dataset/Test/Real/real_3995.jpg,1,1,True,7.786302012391388e-05,0.9999221563339233
/content/Dataset/Test/Real/real_3996.jpg,1,1,True,0.00011817089398391545,0.9998818635940552
/content/Dataset/Test/Real/real_3997.jpg,1,1,True,0.33471614122390747,0.6652838587760925
/content/Dataset/Test/Real/real_3998.jpg,1,1,True,6.239893264137208e-05,0.9999376535415649
/content/Dataset/Test/Real/real_3999.jpg,1,1,True,0.0013641234254464507,0.9986358284950256
/content/Dataset/Test/Real/real_4.jpg,1,1,True,0.0008874090854078531,0.9991125464439392
/content/Dataset/Test/Real/real_40.jpg,1,1,True,0.040969330817461014,0.9590306878089905
/content/Dataset/Test/Real/real_400.jpg,1,1,True,0.00011415850894991308,0.9998857975006104
/content/Dataset/Test/Real/real_4000.jpg,1,1,True,0.00575402844697237,0.9942459464073181
/content/Dataset/Test/Real/real_4001.jpg,1,1,True,0.0009609473054297268,0.9990390539169312
/content/Dataset/Test/Real/real_4002.jpg,1,0,False,0.9943543672561646,0.005645606201142073
/content/Dataset/Test/Real/real_4003.jpg,1,1,True,0.012598691508173943,0.9874013066291809
/content/Dataset/Test/Real/real_4004.jpg,1,0,False,0.884132981300354,0.11586696654558182
/content/Dataset/Test/Real/real_4005.jpg,1,0,False,0.7843369245529175,0.2156630903482437
/content/Dataset/Test/Real/real_4006.jpg,1,1,True,5.7138808188028634e-05,0.9999428987503052
/content/Dataset/Test/Real/real_4007.jpg,1,1,True,0.001267321058548987,0.9987326264381409
/content/Dataset/Test/Real/real_4008.jpg,1,1,True,0.007378589827567339,0.9926214218139648
/content/Dataset/Test/Real/real_4009.jpg,1,1,True,0.0020464679691940546,0.9979535341262817
/content/Dataset/Test/Real/real_401.jpg,1,1,True,0.0033424431458115578,0.9966576099395752
/content/Dataset/Test/Real/real_4010.jpg,1,1,True,0.004126624669879675,0.9958733916282654
/content/Dataset/Test/Real/real_4011.jpg,1,0,False,0.7853191494941711,0.21468082070350647
/content/Dataset/Test/Real/real_4012.jpg,1,1,True,0.015866270288825035,0.9841337203979492
/content/Dataset/Test/Real/real_4013.jpg,1,1,True,0.004979221150279045,0.9950207471847534
/content/Dataset/Test/Real/real_4014.jpg,1,1,True,0.000523132795933634,0.9994768500328064
/content/Dataset/Test/Real/real_4015.jpg,1,1,True,0.014163482002913952,0.9858365058898926
/content/Dataset/Test/Real/real_4016.jpg,1,1,True,0.37902626395225525,0.6209737658500671
/content/Dataset/Test/Real/real_4017.jpg,1,1,True,0.0022978177294135094,0.9977021813392639
/content/Dataset/Test/Real/real_4018.jpg,1,1,True,0.10347975790500641,0.8965202569961548
/content/Dataset/Test/Real/real_4019.jpg,1,1,True,0.0007672602660022676,0.9992327690124512
/content/Dataset/Test/Real/real_402.jpg,1,1,True,0.0019078173208981752,0.9980921149253845
/content/Dataset/Test/Real/real_4020.jpg,1,1,True,0.03166418895125389,0.9683358073234558
/content/Dataset/Test/Real/real_4021.jpg,1,1,True,0.00831435527652502,0.9916856288909912
/content/Dataset/Test/Real/real_4022.jpg,1,1,True,0.00045368450810201466,0.999546229839325
/content/Dataset/Test/Real/real_4023.jpg,1,1,True,0.0006720245000906289,0.9993280172348022
/content/Dataset/Test/Real/real_4024.jpg,1,1,True,0.010244124568998814,0.9897559285163879
/content/Dataset/Test/Real/real_4025.jpg,1,1,True,0.10563430935144424,0.894365668296814
/content/Dataset/Test/Real/real_4026.jpg,1,1,True,0.1806938648223877,0.8193060755729675
/content/Dataset/Test/Real/real_4027.jpg,1,1,True,0.04423502832651138,0.9557650089263916
/content/Dataset/Test/Real/real_4028.jpg,1,1,True,0.000576920690946281,0.9994231462478638
/content/Dataset/Test/Real/real_4029.jpg,1,1,True,0.0019092888105660677,0.9980906844139099
/content/Dataset/Test/Real/real_403.jpg,1,1,True,0.002100222511216998,0.9978997707366943
/content/Dataset/Test/Real/real_4030.jpg,1,0,False,0.8683644533157349,0.13163553178310394
/content/Dataset/Test/Real/real_4031.jpg,1,0,False,0.710517942905426,0.28948208689689636
/content/Dataset/Test/Real/real_4032.jpg,1,1,True,0.30143919587135315,0.6985607743263245
/content/Dataset/Test/Real/real_4033.jpg,1,1,True,0.4882797300815582,0.5117202997207642
/content/Dataset/Test/Real/real_4034.jpg,1,1,True,0.0028115406166762114,0.9971885085105896
/content/Dataset/Test/Real/real_4035.jpg,1,1,True,0.008325275965034962,0.9916747212409973
/content/Dataset/Test/Real/real_4036.jpg,1,1,True,0.005127857904881239,0.9948721528053284
/content/Dataset/Test/Real/real_4037.jpg,1,0,False,0.8732382655143738,0.12676173448562622
/content/Dataset/Test/Real/real_4038.jpg,1,1,True,0.01942189410328865,0.9805780649185181
/content/Dataset/Test/Real/real_4039.jpg,1,0,False,0.6226205825805664,0.37737947702407837
/content/Dataset/Test/Real/real_404.jpg,1,1,True,0.007946589961647987,0.9920533895492554
/content/Dataset/Test/Real/real_4040.jpg,1,1,True,0.05576254799962044,0.9442374110221863
/content/Dataset/Test/Real/real_4041.jpg,1,0,False,0.6453636288642883,0.35463637113571167
/content/Dataset/Test/Real/real_4042.jpg,1,1,True,0.0077966321259737015,0.9922033548355103
/content/Dataset/Test/Real/real_4043.jpg,1,1,True,0.001540025812573731,0.9984599351882935
/content/Dataset/Test/Real/real_4044.jpg,1,1,True,0.041955530643463135,0.9580445289611816
/content/Dataset/Test/Real/real_4045.jpg,1,1,True,0.0001013412547763437,0.9998986721038818
/content/Dataset/Test/Real/real_4046.jpg,1,1,True,0.04456393048167229,0.9554360508918762
/content/Dataset/Test/Real/real_4047.jpg,1,1,True,0.020783115178346634,0.9792168736457825
/content/Dataset/Test/Real/real_4048.jpg,1,1,True,0.0001203352803713642,0.9998795986175537
/content/Dataset/Test/Real/real_4049.jpg,1,1,True,0.005890507251024246,0.9941095113754272
/content/Dataset/Test/Real/real_405.jpg,1,0,False,0.6144106388092041,0.3855893611907959
/content/Dataset/Test/Real/real_4050.jpg,1,1,True,0.011981770396232605,0.988018274307251
/content/Dataset/Test/Real/real_4051.jpg,1,1,True,0.03430023416876793,0.9656997919082642
/content/Dataset/Test/Real/real_4052.jpg,1,1,True,0.021118218079209328,0.9788818359375
/content/Dataset/Test/Real/real_4053.jpg,1,0,False,0.7537950277328491,0.2462049424648285
/content/Dataset/Test/Real/real_4054.jpg,1,1,True,0.0006770315812900662,0.9993230104446411
/content/Dataset/Test/Real/real_4055.jpg,1,0,False,0.6823073029518127,0.31769272685050964
/content/Dataset/Test/Real/real_4056.jpg,1,1,True,0.011673249304294586,0.9883267283439636
/content/Dataset/Test/Real/real_4057.jpg,1,1,True,0.036417145282030106,0.9635828137397766
/content/Dataset/Test/Real/real_4058.jpg,1,1,True,0.0002606291091069579,0.9997393488883972
/content/Dataset/Test/Real/real_4059.jpg,1,1,True,0.009596074000000954,0.9904038906097412
/content/Dataset/Test/Real/real_406.jpg,1,1,True,0.00027901242719963193,0.9997209906578064
/content/Dataset/Test/Real/real_4060.jpg,1,1,True,0.002871778095141053,0.9971281886100769
/content/Dataset/Test/Real/real_4061.jpg,1,1,True,0.0004050104762427509,0.9995949864387512
/content/Dataset/Test/Real/real_4062.jpg,1,1,True,0.002238508081063628,0.9977614879608154
/content/Dataset/Test/Real/real_4063.jpg,1,1,True,0.006894731894135475,0.9931052327156067
/content/Dataset/Test/Real/real_4064.jpg,1,0,False,0.7872458696365356,0.21275413036346436
/content/Dataset/Test/Real/real_4065.jpg,1,1,True,0.0336015559732914,0.9663984179496765
/content/Dataset/Test/Real/real_4066.jpg,1,1,True,0.038556456565856934,0.9614434838294983
/content/Dataset/Test/Real/real_4067.jpg,1,1,True,0.10949408262968063,0.890505850315094
/content/Dataset/Test/Real/real_4068.jpg,1,1,True,0.0410630963742733,0.958936870098114
/content/Dataset/Test/Real/real_4069.jpg,1,1,True,0.08287735283374786,0.9171226620674133
/content/Dataset/Test/Real/real_407.jpg,1,1,True,5.795084507553838e-05,0.9999420642852783
/content/Dataset/Test/Real/real_4070.jpg,1,1,True,0.021522512659430504,0.9784774780273438
/content/Dataset/Test/Real/real_4071.jpg,1,1,True,0.010923161171376705,0.9890768527984619
/content/Dataset/Test/Real/real_4072.jpg,1,1,True,0.05766729265451431,0.9423326849937439
/content/Dataset/Test/Real/real_4073.jpg,1,1,True,0.039808034896850586,0.9601920247077942
/content/Dataset/Test/Real/real_4074.jpg,1,1,True,0.09345851838588715,0.9065414667129517
/content/Dataset/Test/Real/real_4075.jpg,1,1,True,0.000403969781473279,0.9995960593223572
/content/Dataset/Test/Real/real_4076.jpg,1,1,True,0.005223182495683432,0.9947768449783325
/content/Dataset/Test/Real/real_4077.jpg,1,1,True,0.02134654112160206,0.9786534309387207
/content/Dataset/Test/Real/real_4078.jpg,1,1,True,0.06739157438278198,0.9326084852218628
/content/Dataset/Test/Real/real_4079.jpg,1,1,True,0.002869711723178625,0.9971303343772888
/content/Dataset/Test/Real/real_408.jpg,1,0,False,0.8408017158508301,0.1591983288526535
/content/Dataset/Test/Real/real_4080.jpg,1,1,True,0.07707665860652924,0.9229233264923096
/content/Dataset/Test/Real/real_4081.jpg,1,1,True,0.051192495971918106,0.9488074779510498
/content/Dataset/Test/Real/real_4082.jpg,1,1,True,0.00022620476374868304,0.9997738003730774
/content/Dataset/Test/Real/real_4083.jpg,1,1,True,0.0038425400853157043,0.9961574673652649
/content/Dataset/Test/Real/real_4084.jpg,1,1,True,0.0022468518000096083,0.9977532029151917
/content/Dataset/Test/Real/real_4085.jpg,1,1,True,0.00035054952604696155,0.9996494054794312
/content/Dataset/Test/Real/real_4086.jpg,1,1,True,0.00028053950518369675,0.9997194409370422
/content/Dataset/Test/Real/real_4087.jpg,1,1,True,0.0010856061708182096,0.998914361000061
/content/Dataset/Test/Real/real_4088.jpg,1,1,True,0.000547048170119524,0.9994530081748962
/content/Dataset/Test/Real/real_4089.jpg,1,1,True,0.0001825019426178187,0.9998175501823425
/content/Dataset/Test/Real/real_409.jpg,1,1,True,0.004637380596250296,0.9953626394271851
/content/Dataset/Test/Real/real_4090.jpg,1,1,True,0.07764528691768646,0.9223547577857971
/content/Dataset/Test/Real/real_4091.jpg,1,0,False,0.9985234141349792,0.0014766319654881954
/content/Dataset/Test/Real/real_4092.jpg,1,1,True,0.024679716676473618,0.9753202795982361
/content/Dataset/Test/Real/real_4093.jpg,1,1,True,0.0008839912479743361,0.9991160035133362
/content/Dataset/Test/Real/real_4094.jpg,1,1,True,0.0754508301615715,0.9245491027832031
/content/Dataset/Test/Real/real_4095.jpg,1,1,True,0.33548226952552795,0.6645177006721497
/content/Dataset/Test/Real/real_4096.jpg,1,1,True,0.00016529098502360284,0.9998346567153931
/content/Dataset/Test/Real/real_4097.jpg,1,1,True,0.0030918223783373833,0.9969081282615662
/content/Dataset/Test/Real/real_4098.jpg,1,1,True,0.1930515617132187,0.8069484233856201
/content/Dataset/Test/Real/real_4099.jpg,1,0,False,0.9915044903755188,0.008495540358126163
/content/Dataset/Test/Real/real_41.jpg,1,1,True,0.00020420548389665782,0.9997958540916443
/content/Dataset/Test/Real/real_410.jpg,1,1,True,0.2082219123840332,0.7917780876159668
/content/Dataset/Test/Real/real_4100.jpg,1,1,True,0.010469880886375904,0.9895301461219788
/content/Dataset/Test/Real/real_4101.jpg,1,1,True,0.000213271749089472,0.9997867941856384
/content/Dataset/Test/Real/real_4102.jpg,1,1,True,0.11142545938491821,0.8885746002197266
/content/Dataset/Test/Real/real_4103.jpg,1,1,True,6.0490081523312256e-05,0.9999395608901978
/content/Dataset/Test/Real/real_4104.jpg,1,1,True,0.03391225263476372,0.966087818145752
/content/Dataset/Test/Real/real_4105.jpg,1,1,True,0.014140570536255836,0.9858594536781311
/content/Dataset/Test/Real/real_4106.jpg,1,0,False,0.6432561874389648,0.35674381256103516
/content/Dataset/Test/Real/real_4107.jpg,1,1,True,0.08424222469329834,0.9157578349113464
/content/Dataset/Test/Real/real_4108.jpg,1,0,False,0.8224571943283081,0.1775427609682083
/content/Dataset/Test/Real/real_4109.jpg,1,1,True,0.003768629627302289,0.9962313771247864
/content/Dataset/Test/Real/real_411.jpg,1,1,True,0.005147438962012529,0.994852602481842
/content/Dataset/Test/Real/real_4110.jpg,1,1,True,0.18719492852687836,0.8128051161766052
/content/Dataset/Test/Real/real_4111.jpg,1,1,True,0.004946495406329632,0.9950535893440247
/content/Dataset/Test/Real/real_4112.jpg,1,1,True,0.01015736348927021,0.9898427128791809
/content/Dataset/Test/Real/real_4113.jpg,1,1,True,0.0006967527442611754,0.9993032217025757
/content/Dataset/Test/Real/real_4114.jpg,1,0,False,0.85516357421875,0.1448364108800888
/content/Dataset/Test/Real/real_4115.jpg,1,1,True,0.00045501196291297674,0.9995449185371399
/content/Dataset/Test/Real/real_4116.jpg,1,0,False,0.8343214392662048,0.16567853093147278
/content/Dataset/Test/Real/real_4117.jpg,1,1,True,0.034549519419670105,0.9654504656791687
/content/Dataset/Test/Real/real_4118.jpg,1,1,True,0.2615881562232971,0.7384118437767029
/content/Dataset/Test/Real/real_4119.jpg,1,1,True,0.26237425208091736,0.7376257181167603
/content/Dataset/Test/Real/real_412.jpg,1,1,True,0.0005604185280390084,0.999439537525177
/content/Dataset/Test/Real/real_4120.jpg,1,1,True,0.00192865205463022,0.9980713725090027
/content/Dataset/Test/Real/real_4121.jpg,1,1,True,0.0002092183567583561,0.9997908473014832
/content/Dataset/Test/Real/real_4122.jpg,1,1,True,0.00015644797531422228,0.9998434782028198
/content/Dataset/Test/Real/real_4123.jpg,1,1,True,0.00014034329797141254,0.9998596906661987
/content/Dataset/Test/Real/real_4124.jpg,1,1,True,8.518144022673368e-05,0.9999147653579712
/content/Dataset/Test/Real/real_4125.jpg,1,1,True,0.023021353408694267,0.976978600025177
/content/Dataset/Test/Real/real_4126.jpg,1,1,True,0.000789602636359632,0.9992103576660156
/content/Dataset/Test/Real/real_4127.jpg,1,1,True,0.00039752127486281097,0.9996024966239929
/content/Dataset/Test/Real/real_4128.jpg,1,1,True,0.004814669024199247,0.9951853156089783
/content/Dataset/Test/Real/real_4129.jpg,1,1,True,0.0004564425034914166,0.9995434880256653
/content/Dataset/Test/Real/real_413.jpg,1,1,True,0.061312705278396606,0.938687264919281
/content/Dataset/Test/Real/real_4130.jpg,1,0,False,0.9645694494247437,0.03543049842119217
/content/Dataset/Test/Real/real_4131.jpg,1,1,True,0.006341234315186739,0.993658721446991
/content/Dataset/Test/Real/real_4132.jpg,1,0,False,0.8918678164482117,0.10813222080469131
/content/Dataset/Test/Real/real_4133.jpg,1,1,True,0.2154884785413742,0.7845115065574646
/content/Dataset/Test/Real/real_4134.jpg,1,1,True,0.00477680005133152,0.9952232241630554
/content/Dataset/Test/Real/real_4135.jpg,1,1,True,0.011534666642546654,0.9884653091430664
/content/Dataset/Test/Real/real_4136.jpg,1,1,True,0.018344219774007797,0.9816557765007019
/content/Dataset/Test/Real/real_4137.jpg,1,1,True,0.02079252526164055,0.979207456111908
/content/Dataset/Test/Real/real_4138.jpg,1,1,True,0.09263714402914047,0.9073628783226013
/content/Dataset/Test/Real/real_4139.jpg,1,1,True,5.569775385083631e-05,0.9999443292617798
/content/Dataset/Test/Real/real_414.jpg,1,1,True,0.009982938878238201,0.9900171160697937
/content/Dataset/Test/Real/real_4140.jpg,1,1,True,0.010653692297637463,0.9893463253974915
/content/Dataset/Test/Real/real_4141.jpg,1,1,True,0.08511382341384888,0.9148861765861511
/content/Dataset/Test/Real/real_4142.jpg,1,1,True,0.0011146372416988015,0.9988853335380554
/content/Dataset/Test/Real/real_4143.jpg,1,1,True,0.00017596458201296628,0.9998241066932678
/content/Dataset/Test/Real/real_4144.jpg,1,1,True,0.0005449479795061052,0.9994550347328186
/content/Dataset/Test/Real/real_4145.jpg,1,0,False,0.9814635515213013,0.018536530435085297
/content/Dataset/Test/Real/real_4146.jpg,1,1,True,8.76010162755847e-05,0.9999123811721802
/content/Dataset/Test/Real/real_4147.jpg,1,1,True,0.01714474707841873,0.9828553199768066
/content/Dataset/Test/Real/real_4148.jpg,1,1,True,0.04985407367348671,0.9501459002494812
/content/Dataset/Test/Real/real_4149.jpg,1,1,True,0.0003867373743560165,0.999613344669342
/content/Dataset/Test/Real/real_415.jpg,1,1,True,0.0003506327630020678,0.9996494054794312
/content/Dataset/Test/Real/real_4150.jpg,1,1,True,0.00012353762576822191,0.9998764991760254
/content/Dataset/Test/Real/real_4151.jpg,1,0,False,0.9087091684341431,0.09129084646701813
/content/Dataset/Test/Real/real_4152.jpg,1,0,False,0.5737865567207336,0.42621344327926636
/content/Dataset/Test/Real/real_4153.jpg,1,1,True,0.003849423723295331,0.9961506128311157
/content/Dataset/Test/Real/real_4154.jpg,1,1,True,5.1485549192875624e-05,0.9999485015869141
/content/Dataset/Test/Real/real_4155.jpg,1,1,True,6.063399268896319e-05,0.9999393224716187
/content/Dataset/Test/Real/real_4156.jpg,1,1,True,0.00017411033331882209,0.9998258948326111
/content/Dataset/Test/Real/real_4157.jpg,1,1,True,0.002278190106153488,0.9977218508720398
/content/Dataset/Test/Real/real_4158.jpg,1,1,True,0.012284472584724426,0.9877155423164368
/content/Dataset/Test/Real/real_4159.jpg,1,1,True,0.006009576842188835,0.993990421295166
/content/Dataset/Test/Real/real_416.jpg,1,1,True,0.07081610709428787,0.9291839003562927
/content/Dataset/Test/Real/real_4160.jpg,1,1,True,0.00011889788584085181,0.9998810291290283
/content/Dataset/Test/Real/real_4161.jpg,1,1,True,0.00017930986359715462,0.9998207688331604
/content/Dataset/Test/Real/real_4162.jpg,1,1,True,0.00022661039838567376,0.9997734427452087
/content/Dataset/Test/Real/real_4163.jpg,1,1,True,0.030397139489650726,0.9696028232574463
/content/Dataset/Test/Real/real_4164.jpg,1,1,True,0.010478070005774498,0.9895219206809998
/content/Dataset/Test/Real/real_4165.jpg,1,1,True,0.03426329046487808,0.9657366871833801
/content/Dataset/Test/Real/real_4166.jpg,1,1,True,0.01996608078479767,0.9800338745117188
/content/Dataset/Test/Real/real_4167.jpg,1,1,True,0.00022316003742162138,0.9997768998146057
/content/Dataset/Test/Real/real_4168.jpg,1,1,True,0.00034693392808549106,0.9996531009674072
/content/Dataset/Test/Real/real_4169.jpg,1,1,True,0.0010222800774499774,0.998977780342102
/content/Dataset/Test/Real/real_417.jpg,1,1,True,0.02442222833633423,0.9755777716636658
/content/Dataset/Test/Real/real_4170.jpg,1,1,True,6.801653216825798e-05,0.9999319314956665
/content/Dataset/Test/Real/real_4171.jpg,1,1,True,0.11857150495052338,0.8814284801483154
/content/Dataset/Test/Real/real_4172.jpg,1,1,True,0.00018867850303649902,0.9998113512992859
/content/Dataset/Test/Real/real_4173.jpg,1,1,True,9.017026604851708e-05,0.9999098777770996
/content/Dataset/Test/Real/real_4174.jpg,1,1,True,0.006108235102146864,0.9938918352127075
/content/Dataset/Test/Real/real_4175.jpg,1,1,True,0.1849643886089325,0.8150355815887451
/content/Dataset/Test/Real/real_4176.jpg,1,1,True,0.0005792786832898855,0.9994207620620728
/content/Dataset/Test/Real/real_4177.jpg,1,1,True,0.01127663254737854,0.9887233972549438
/content/Dataset/Test/Real/real_4178.jpg,1,0,False,0.9690923690795898,0.03090759925544262
/content/Dataset/Test/Real/real_4179.jpg,1,0,False,0.917279064655304,0.08272086828947067
/content/Dataset/Test/Real/real_418.jpg,1,1,True,0.0005606022896245122,0.9994394183158875
/content/Dataset/Test/Real/real_4180.jpg,1,1,True,0.00010296731488779187,0.9998970031738281
/content/Dataset/Test/Real/real_4181.jpg,1,1,True,0.13430075347423553,0.8656992316246033
/content/Dataset/Test/Real/real_4182.jpg,1,1,True,0.02835259772837162,0.9716473817825317
/content/Dataset/Test/Real/real_4183.jpg,1,1,True,0.007333645597100258,0.9926663041114807
/content/Dataset/Test/Real/real_4184.jpg,1,1,True,0.16598987579345703,0.834010124206543
/content/Dataset/Test/Real/real_4185.jpg,1,1,True,0.0005093764048069715,0.9994906187057495
/content/Dataset/Test/Real/real_4186.jpg,1,1,True,7.71659761085175e-05,0.9999228715896606
/content/Dataset/Test/Real/real_4187.jpg,1,1,True,0.004957315046340227,0.9950426816940308
/content/Dataset/Test/Real/real_4188.jpg,1,1,True,0.2506040036678314,0.7493959665298462
/content/Dataset/Test/Real/real_4189.jpg,1,1,True,0.10627461224794388,0.8937253355979919
/content/Dataset/Test/Real/real_419.jpg,1,1,True,0.02188766561448574,0.9781122803688049
/content/Dataset/Test/Real/real_4190.jpg,1,1,True,0.0036409234162420034,0.9963590502738953
/content/Dataset/Test/Real/real_4191.jpg,1,1,True,0.0003932286927010864,0.9996067881584167
/content/Dataset/Test/Real/real_4192.jpg,1,1,True,0.0005610676598735154,0.9994389414787292
/content/Dataset/Test/Real/real_4193.jpg,1,1,True,0.0032176768872886896,0.9967823028564453
/content/Dataset/Test/Real/real_4194.jpg,1,0,False,0.9885861277580261,0.011413888074457645
/content/Dataset/Test/Real/real_4195.jpg,1,1,True,0.0009714943007566035,0.9990285634994507
/content/Dataset/Test/Real/real_4196.jpg,1,1,True,0.025896495208144188,0.9741034507751465
/content/Dataset/Test/Real/real_4197.jpg,1,1,True,0.0003636670298874378,0.9996362924575806
/content/Dataset/Test/Real/real_4198.jpg,1,1,True,0.0005524999578483403,0.9994475245475769
/content/Dataset/Test/Real/real_4199.jpg,1,1,True,0.014832909218966961,0.9851670861244202
/content/Dataset/Test/Real/real_42.jpg,1,1,True,0.0034408578649163246,0.9965590834617615
/content/Dataset/Test/Real/real_420.jpg,1,1,True,0.008694584481418133,0.991305410861969
/content/Dataset/Test/Real/real_4200.jpg,1,1,True,7.327475759666413e-05,0.9999266862869263
/content/Dataset/Test/Real/real_4201.jpg,1,0,False,0.809642493724823,0.1903574913740158
/content/Dataset/Test/Real/real_4202.jpg,1,1,True,0.002536654006689787,0.9974633455276489
/content/Dataset/Test/Real/real_4203.jpg,1,1,True,8.042191620916128e-05,0.9999195337295532
/content/Dataset/Test/Real/real_4204.jpg,1,1,True,9.85421211225912e-05,0.9999014139175415
/content/Dataset/Test/Real/real_4205.jpg,1,1,True,0.16427527368068695,0.8357247710227966
/content/Dataset/Test/Real/real_4206.jpg,1,1,True,0.002019511768594384,0.997980535030365
/content/Dataset/Test/Real/real_4207.jpg,1,0,False,0.7923530340194702,0.20764701068401337
/content/Dataset/Test/Real/real_4208.jpg,1,0,False,0.5693778395652771,0.4306221604347229
/content/Dataset/Test/Real/real_4209.jpg,1,0,False,0.5054553747177124,0.49454465508461
/content/Dataset/Test/Real/real_421.jpg,1,0,False,0.9275103807449341,0.07248961925506592
/content/Dataset/Test/Real/real_4210.jpg,1,1,True,0.1675935685634613,0.8324064016342163
/content/Dataset/Test/Real/real_4211.jpg,1,1,True,0.011722267605364323,0.9882777333259583
/content/Dataset/Test/Real/real_4212.jpg,1,1,True,0.49575740098953247,0.5042425990104675
/content/Dataset/Test/Real/real_4213.jpg,1,1,True,9.84825674095191e-05,0.999901533126831
/content/Dataset/Test/Real/real_4214.jpg,1,1,True,0.00043090281542390585,0.9995691180229187
/content/Dataset/Test/Real/real_4215.jpg,1,1,True,0.011048409156501293,0.9889516234397888
/content/Dataset/Test/Real/real_4216.jpg,1,1,True,0.011274033226072788,0.9887259602546692
/content/Dataset/Test/Real/real_4217.jpg,1,1,True,0.01290922611951828,0.9870907068252563
/content/Dataset/Test/Real/real_4218.jpg,1,1,True,0.0017131894128397107,0.998286783695221
/content/Dataset/Test/Real/real_4219.jpg,1,1,True,0.01615922339260578,0.9838407635688782
/content/Dataset/Test/Real/real_422.jpg,1,1,True,9.596559539204463e-05,0.9999040365219116
/content/Dataset/Test/Real/real_4220.jpg,1,1,True,0.04869654029607773,0.9513034224510193
/content/Dataset/Test/Real/real_4221.jpg,1,1,True,0.19144362211227417,0.8085564374923706
/content/Dataset/Test/Real/real_4222.jpg,1,1,True,0.0049462513998150826,0.995053768157959
/content/Dataset/Test/Real/real_4223.jpg,1,1,True,0.0003708519216161221,0.9996291399002075
/content/Dataset/Test/Real/real_4224.jpg,1,1,True,0.0038470362778753042,0.996152937412262
/content/Dataset/Test/Real/real_4225.jpg,1,1,True,7.140001252992079e-05,0.9999285936355591
/content/Dataset/Test/Real/real_4226.jpg,1,1,True,0.3497315049171448,0.6502684950828552
/content/Dataset/Test/Real/real_4227.jpg,1,1,True,5.365153992897831e-05,0.9999463558197021
/content/Dataset/Test/Real/real_4228.jpg,1,1,True,0.00036124102189205587,0.9996387958526611
/content/Dataset/Test/Real/real_4229.jpg,1,1,True,0.286276638507843,0.7137234210968018
/content/Dataset/Test/Real/real_423.jpg,1,1,True,0.00010626347648212686,0.9998937845230103
/content/Dataset/Test/Real/real_4230.jpg,1,0,False,0.7803125381469727,0.21968747675418854
/content/Dataset/Test/Real/real_4231.jpg,1,1,True,0.003696001833304763,0.9963040351867676
/content/Dataset/Test/Real/real_4232.jpg,1,1,True,0.03473243862390518,0.9652675986289978
/content/Dataset/Test/Real/real_4233.jpg,1,1,True,0.00021655065938830376,0.999783456325531
/content/Dataset/Test/Real/real_4234.jpg,1,1,True,0.0003618462651502341,0.9996381998062134
/content/Dataset/Test/Real/real_4235.jpg,1,1,True,0.0029642898589372635,0.9970357418060303
/content/Dataset/Test/Real/real_4236.jpg,1,1,True,0.011929048225283623,0.9880709648132324
/content/Dataset/Test/Real/real_4237.jpg,1,1,True,0.00028476736042648554,0.999715268611908
/content/Dataset/Test/Real/real_4238.jpg,1,1,True,0.18206024169921875,0.8179397583007812
/content/Dataset/Test/Real/real_4239.jpg,1,1,True,0.007207395974546671,0.9927926063537598
/content/Dataset/Test/Real/real_424.jpg,1,1,True,0.0001342717878287658,0.9998656511306763
/content/Dataset/Test/Real/real_4240.jpg,1,1,True,0.04042944312095642,0.9595705270767212
/content/Dataset/Test/Real/real_4241.jpg,1,1,True,0.02049354650080204,0.9795064926147461
/content/Dataset/Test/Real/real_4242.jpg,1,0,False,0.9101616740226746,0.08983836323022842
/content/Dataset/Test/Real/real_4243.jpg,1,1,True,0.32324761152267456,0.6767523884773254
/content/Dataset/Test/Real/real_4244.jpg,1,1,True,0.3325219750404358,0.6674780249595642
/content/Dataset/Test/Real/real_4245.jpg,1,1,True,0.0013192715123295784,0.9986807703971863
/content/Dataset/Test/Real/real_4246.jpg,1,1,True,0.004717699717730284,0.9952822327613831
/content/Dataset/Test/Real/real_4247.jpg,1,1,True,0.11492490023374557,0.8850750923156738
/content/Dataset/Test/Real/real_4248.jpg,1,1,True,0.044222522526979446,0.9557774066925049
/content/Dataset/Test/Real/real_4249.jpg,1,1,True,0.0001028867409331724,0.9998971223831177
/content/Dataset/Test/Real/real_425.jpg,1,1,True,0.03552524745464325,0.9644747376441956
/content/Dataset/Test/Real/real_4250.jpg,1,1,True,0.001942397328093648,0.9980575442314148
/content/Dataset/Test/Real/real_4251.jpg,1,1,True,0.24837999045848846,0.7516199946403503
/content/Dataset/Test/Real/real_4252.jpg,1,1,True,0.0017020198283717036,0.9982979893684387
/content/Dataset/Test/Real/real_4253.jpg,1,1,True,0.0002014961646636948,0.9997984766960144
/content/Dataset/Test/Real/real_4254.jpg,1,1,True,0.003386936616152525,0.996613085269928
/content/Dataset/Test/Real/real_4255.jpg,1,1,True,0.0021052295342087746,0.997894823551178
/content/Dataset/Test/Real/real_4256.jpg,1,1,True,7.595594797749072e-05,0.9999240636825562
/content/Dataset/Test/Real/real_4257.jpg,1,1,True,0.06413880735635757,0.9358612298965454
/content/Dataset/Test/Real/real_4258.jpg,1,0,False,0.7893051505088806,0.21069484949111938
/content/Dataset/Test/Real/real_4259.jpg,1,1,True,0.3457702398300171,0.6542297601699829
/content/Dataset/Test/Real/real_426.jpg,1,1,True,0.0005075555527582765,0.9994924068450928
/content/Dataset/Test/Real/real_4260.jpg,1,1,True,0.0001947431155713275,0.9998052716255188
/content/Dataset/Test/Real/real_4261.jpg,1,1,True,8.664328925078735e-05,0.9999133348464966
/content/Dataset/Test/Real/real_4262.jpg,1,1,True,8.976087701739743e-05,0.9999102354049683
/content/Dataset/Test/Real/real_4263.jpg,1,0,False,0.9398317337036133,0.06016827002167702
/content/Dataset/Test/Real/real_4264.jpg,1,1,True,0.00037027293001301587,0.9996297359466553
/content/Dataset/Test/Real/real_4265.jpg,1,1,True,0.1863996684551239,0.8136003017425537
/content/Dataset/Test/Real/real_4266.jpg,1,0,False,0.9192823767662048,0.08071761578321457
/content/Dataset/Test/Real/real_4267.jpg,1,1,True,0.025501098483800888,0.9744988679885864
/content/Dataset/Test/Real/real_4268.jpg,1,0,False,0.7855558395385742,0.21444419026374817
/content/Dataset/Test/Real/real_4269.jpg,1,0,False,0.6723878979682922,0.32761213183403015
/content/Dataset/Test/Real/real_427.jpg,1,1,True,0.07659488171339035,0.923405110836029
/content/Dataset/Test/Real/real_4270.jpg,1,0,False,0.9734141826629639,0.026585863903164864
/content/Dataset/Test/Real/real_4271.jpg,1,1,True,0.08111818134784698,0.9188818335533142
/content/Dataset/Test/Real/real_4272.jpg,1,1,True,6.549280078615993e-05,0.9999345541000366
/content/Dataset/Test/Real/real_4273.jpg,1,1,True,0.00010002642375184223,0.9998999834060669
/content/Dataset/Test/Real/real_4274.jpg,1,0,False,0.921218752861023,0.07878122478723526
/content/Dataset/Test/Real/real_4275.jpg,1,1,True,0.00013009012036491185,0.9998699426651001
/content/Dataset/Test/Real/real_4276.jpg,1,1,True,0.0006118083838373423,0.9993882179260254
/content/Dataset/Test/Real/real_4277.jpg,1,1,True,7.53828717279248e-05,0.9999246597290039
/content/Dataset/Test/Real/real_4278.jpg,1,1,True,0.05562609061598778,0.9443739056587219
/content/Dataset/Test/Real/real_4279.jpg,1,1,True,0.05748816207051277,0.9425118565559387
/content/Dataset/Test/Real/real_428.jpg,1,1,True,0.0003294729394838214,0.9996705055236816
/content/Dataset/Test/Real/real_4280.jpg,1,1,True,0.061540476977825165,0.9384595155715942
/content/Dataset/Test/Real/real_4281.jpg,1,1,True,0.06536674499511719,0.9346332550048828
/content/Dataset/Test/Real/real_4282.jpg,1,1,True,0.0004608718154486269,0.9995391368865967
/content/Dataset/Test/Real/real_4283.jpg,1,0,False,0.9498063325881958,0.050193630158901215
/content/Dataset/Test/Real/real_4284.jpg,1,1,True,0.0005083447904326022,0.9994916915893555
/content/Dataset/Test/Real/real_4285.jpg,1,1,True,0.20398716628551483,0.7960128784179688
/content/Dataset/Test/Real/real_4286.jpg,1,1,True,0.2197336107492447,0.7802664041519165
/content/Dataset/Test/Real/real_4287.jpg,1,1,True,9.401634451933205e-05,0.9999059438705444
/content/Dataset/Test/Real/real_4288.jpg,1,0,False,0.7755405306816101,0.22445940971374512
/content/Dataset/Test/Real/real_4289.jpg,1,1,True,0.0029066617134958506,0.9970933198928833
/content/Dataset/Test/Real/real_429.jpg,1,1,True,0.00018209050176665187,0.9998179078102112
/content/Dataset/Test/Real/real_4290.jpg,1,1,True,0.00036607860238291323,0.9996339082717896
/content/Dataset/Test/Real/real_4291.jpg,1,1,True,0.000582043721806258,0.9994180202484131
/content/Dataset/Test/Real/real_4292.jpg,1,1,True,0.12457647174596786,0.8754235506057739
/content/Dataset/Test/Real/real_4293.jpg,1,0,False,0.9685028195381165,0.03149709478020668
/content/Dataset/Test/Real/real_4294.jpg,1,1,True,0.3297674059867859,0.6702325940132141
/content/Dataset/Test/Real/real_4295.jpg,1,1,True,0.004173459950834513,0.9958265423774719
/content/Dataset/Test/Real/real_4296.jpg,1,1,True,0.01636359840631485,0.9836364388465881
/content/Dataset/Test/Real/real_4297.jpg,1,1,True,0.0026553694624453783,0.9973446726799011
/content/Dataset/Test/Real/real_4298.jpg,1,1,True,0.021798167377710342,0.9782018661499023
/content/Dataset/Test/Real/real_4299.jpg,1,1,True,0.000489740923512727,0.9995102882385254
/content/Dataset/Test/Real/real_43.jpg,1,0,False,0.594044029712677,0.405955970287323
/content/Dataset/Test/Real/real_430.jpg,1,1,True,6.750722241122276e-05,0.9999325275421143
/content/Dataset/Test/Real/real_4300.jpg,1,1,True,0.0003152826684527099,0.9996846914291382
/content/Dataset/Test/Real/real_4301.jpg,1,1,True,0.2661864757537842,0.733813464641571
/content/Dataset/Test/Real/real_4302.jpg,1,1,True,0.0004086735425516963,0.9995912909507751
/content/Dataset/Test/Real/real_4303.jpg,1,1,True,0.01673874631524086,0.9832612872123718
/content/Dataset/Test/Real/real_4304.jpg,1,1,True,0.00013739131100010127,0.999862551689148
/content/Dataset/Test/Real/real_4305.jpg,1,0,False,0.9666479825973511,0.03335195407271385
/content/Dataset/Test/Real/real_4306.jpg,1,1,True,0.003988546784967184,0.99601149559021
/content/Dataset/Test/Real/real_4307.jpg,1,1,True,0.0013211098266765475,0.9986788630485535
/content/Dataset/Test/Real/real_4308.jpg,1,1,True,0.47348731756210327,0.526512622833252
/content/Dataset/Test/Real/real_4309.jpg,1,1,True,0.0002725490485318005,0.9997274279594421
/content/Dataset/Test/Real/real_431.jpg,1,1,True,0.00018433845252729952,0.9998156428337097
/content/Dataset/Test/Real/real_4310.jpg,1,1,True,0.000427995779318735,0.9995719790458679
/content/Dataset/Test/Real/real_4311.jpg,1,1,True,0.00010968510468956083,0.9998903274536133
/content/Dataset/Test/Real/real_4312.jpg,1,1,True,0.19182142615318298,0.8081785440444946
/content/Dataset/Test/Real/real_4313.jpg,1,1,True,0.00015599500329699367,0.999843955039978
/content/Dataset/Test/Real/real_4314.jpg,1,0,False,0.9596590399742126,0.04034091532230377
/content/Dataset/Test/Real/real_4315.jpg,1,1,True,0.022333180531859398,0.9776667952537537
/content/Dataset/Test/Real/real_4316.jpg,1,1,True,0.00019222676928620785,0.9998077750205994
/content/Dataset/Test/Real/real_4317.jpg,1,1,True,0.007155094761401415,0.9928448796272278
/content/Dataset/Test/Real/real_4318.jpg,1,1,True,0.41637566685676575,0.5836243629455566
/content/Dataset/Test/Real/real_4319.jpg,1,1,True,0.015082775615155697,0.9849172234535217
/content/Dataset/Test/Real/real_432.jpg,1,1,True,0.00010284259042236954,0.9998971223831177
/content/Dataset/Test/Real/real_4320.jpg,1,1,True,0.008129674941301346,0.9918702840805054
/content/Dataset/Test/Real/real_4321.jpg,1,0,False,0.9288480877876282,0.0711519792675972
/content/Dataset/Test/Real/real_4322.jpg,1,0,False,0.9518362283706665,0.04816380888223648
/content/Dataset/Test/Real/real_4323.jpg,1,1,True,0.21406829357147217,0.7859317064285278
/content/Dataset/Test/Real/real_4324.jpg,1,1,True,0.4815204441547394,0.5184795260429382
/content/Dataset/Test/Real/real_4325.jpg,1,0,False,0.9996583461761475,0.00034164043609052896
/content/Dataset/Test/Real/real_4326.jpg,1,1,True,0.0005918781389482319,0.9994081258773804
/content/Dataset/Test/Real/real_4327.jpg,1,1,True,0.0007924840319901705,0.9992075562477112
/content/Dataset/Test/Real/real_4328.jpg,1,1,True,0.011209317483007908,0.9887906312942505
/content/Dataset/Test/Real/real_4329.jpg,1,1,True,0.022143449634313583,0.9778565764427185
/content/Dataset/Test/Real/real_433.jpg,1,1,True,0.004156762734055519,0.995843231678009
/content/Dataset/Test/Real/real_4330.jpg,1,1,True,0.0016825910424813628,0.9983174800872803
/content/Dataset/Test/Real/real_4331.jpg,1,1,True,0.00013584786211140454,0.9998641014099121
/content/Dataset/Test/Real/real_4332.jpg,1,1,True,0.00525951012969017,0.9947405457496643
/content/Dataset/Test/Real/real_4333.jpg,1,1,True,0.0014835267793387175,0.9985164999961853
/content/Dataset/Test/Real/real_4334.jpg,1,1,True,0.0001020811905618757,0.9998979568481445
/content/Dataset/Test/Real/real_4335.jpg,1,1,True,0.2231200784444809,0.7768799066543579
/content/Dataset/Test/Real/real_4336.jpg,1,1,True,0.0026393397711217403,0.9973606467247009
/content/Dataset/Test/Real/real_4337.jpg,1,1,True,0.003928809426724911,0.9960712194442749
/content/Dataset/Test/Real/real_4338.jpg,1,1,True,0.04020076245069504,0.9597992300987244
/content/Dataset/Test/Real/real_4339.jpg,1,1,True,0.004606171511113644,0.9953938722610474
/content/Dataset/Test/Real/real_434.jpg,1,1,True,0.0010117200436070561,0.9989882111549377
/content/Dataset/Test/Real/real_4340.jpg,1,1,True,0.0022190276067703962,0.997780978679657
/content/Dataset/Test/Real/real_4341.jpg,1,1,True,0.001402981230057776,0.9985969662666321
/content/Dataset/Test/Real/real_4342.jpg,1,1,True,0.0804794579744339,0.9195206165313721
/content/Dataset/Test/Real/real_4343.jpg,1,1,True,0.0003136011946480721,0.9996863603591919
/content/Dataset/Test/Real/real_4344.jpg,1,1,True,0.021658070385456085,0.9783419370651245
/content/Dataset/Test/Real/real_4345.jpg,1,1,True,0.0029601845890283585,0.9970397353172302
/content/Dataset/Test/Real/real_4346.jpg,1,1,True,0.0005342180375009775,0.9994657635688782
/content/Dataset/Test/Real/real_4347.jpg,1,1,True,0.0006946225184947252,0.9993053674697876
/content/Dataset/Test/Real/real_4348.jpg,1,1,True,0.00011474699567770585,0.9998852014541626
/content/Dataset/Test/Real/real_4349.jpg,1,1,True,0.0004755818226840347,0.9995244741439819
/content/Dataset/Test/Real/real_435.jpg,1,0,False,0.6415717005729675,0.35842832922935486
/content/Dataset/Test/Real/real_4350.jpg,1,1,True,0.0003296589420642704,0.9996703863143921
/content/Dataset/Test/Real/real_4351.jpg,1,1,True,0.00014720152830705047,0.9998527765274048
/content/Dataset/Test/Real/real_4352.jpg,1,1,True,0.0003656192566268146,0.9996343851089478
/content/Dataset/Test/Real/real_4353.jpg,1,1,True,0.2453162670135498,0.7546837329864502
/content/Dataset/Test/Real/real_4354.jpg,1,1,True,0.0013497215695679188,0.9986502528190613
/content/Dataset/Test/Real/real_4355.jpg,1,1,True,0.02663722075521946,0.9733628034591675
/content/Dataset/Test/Real/real_4356.jpg,1,1,True,0.0010964438552036881,0.9989035129547119
/content/Dataset/Test/Real/real_4357.jpg,1,1,True,0.0042645735666155815,0.9957354068756104
/content/Dataset/Test/Real/real_4358.jpg,1,1,True,8.908721792977303e-05,0.9999109506607056
/content/Dataset/Test/Real/real_4359.jpg,1,1,True,0.00017441774252802134,0.999825656414032
/content/Dataset/Test/Real/real_436.jpg,1,1,True,6.526175275212154e-05,0.9999347925186157
/content/Dataset/Test/Real/real_4360.jpg,1,1,True,0.035742174834012985,0.9642577767372131
/content/Dataset/Test/Real/real_4361.jpg,1,1,True,0.206328347325325,0.7936716675758362
/content/Dataset/Test/Real/real_4362.jpg,1,1,True,0.4246465861797333,0.5753534436225891
/content/Dataset/Test/Real/real_4363.jpg,1,1,True,6.735764327459037e-05,0.9999326467514038
/content/Dataset/Test/Real/real_4364.jpg,1,1,True,0.02769646607339382,0.9723035097122192
/content/Dataset/Test/Real/real_4365.jpg,1,1,True,0.03677365928888321,0.963226318359375
/content/Dataset/Test/Real/real_4366.jpg,1,1,True,0.08491197228431702,0.9150879979133606
/content/Dataset/Test/Real/real_4367.jpg,1,0,False,0.7435414791107178,0.256458580493927
/content/Dataset/Test/Real/real_4368.jpg,1,1,True,0.15761719644069672,0.8423827886581421
/content/Dataset/Test/Real/real_4369.jpg,1,1,True,0.08750463277101517,0.9124953150749207
/content/Dataset/Test/Real/real_437.jpg,1,1,True,0.006930585950613022,0.9930693507194519
/content/Dataset/Test/Real/real_4370.jpg,1,1,True,0.1354800909757614,0.8645199537277222
/content/Dataset/Test/Real/real_4371.jpg,1,1,True,0.00020819112251047045,0.9997918009757996
/content/Dataset/Test/Real/real_4372.jpg,1,0,False,0.8351889848709106,0.16481097042560577
/content/Dataset/Test/Real/real_4373.jpg,1,1,True,0.013881880789995193,0.9861181378364563
/content/Dataset/Test/Real/real_4374.jpg,1,1,True,0.23048725724220276,0.7695127725601196
/content/Dataset/Test/Real/real_4375.jpg,1,1,True,0.0018525761552155018,0.9981474876403809
/content/Dataset/Test/Real/real_4376.jpg,1,1,True,7.065571116982028e-05,0.9999293088912964
/content/Dataset/Test/Real/real_4377.jpg,1,0,False,0.9996125102043152,0.0003874942194670439
/content/Dataset/Test/Real/real_4378.jpg,1,1,True,0.0004580962413456291,0.9995418787002563
/content/Dataset/Test/Real/real_4379.jpg,1,1,True,0.012720953673124313,0.9872790575027466
/content/Dataset/Test/Real/real_438.jpg,1,1,True,0.0005526737659238279,0.9994472861289978
/content/Dataset/Test/Real/real_4380.jpg,1,1,True,0.0006747931474819779,0.9993252754211426
/content/Dataset/Test/Real/real_4381.jpg,1,1,True,0.00013392935215961188,0.9998660087585449
/content/Dataset/Test/Real/real_4382.jpg,1,1,True,0.0004344613116700202,0.9995655417442322
/content/Dataset/Test/Real/real_4383.jpg,1,0,False,0.999908447265625,9.153902647085488e-05
/content/Dataset/Test/Real/real_4384.jpg,1,1,True,0.0001794451236492023,0.9998205304145813
/content/Dataset/Test/Real/real_4385.jpg,1,1,True,0.006877680774778128,0.9931222796440125
/content/Dataset/Test/Real/real_4386.jpg,1,1,True,0.0003407917101867497,0.9996591806411743
/content/Dataset/Test/Real/real_4387.jpg,1,1,True,0.0002994961105287075,0.9997005462646484
/content/Dataset/Test/Real/real_4388.jpg,1,1,True,6.173919973662123e-05,0.9999382495880127
/content/Dataset/Test/Real/real_4389.jpg,1,1,True,0.00018654974701348692,0.9998134970664978
/content/Dataset/Test/Real/real_439.jpg,1,1,True,0.00019226728181820363,0.9998077750205994
/content/Dataset/Test/Real/real_4390.jpg,1,1,True,0.03395384922623634,0.9660462141036987
/content/Dataset/Test/Real/real_4391.jpg,1,1,True,0.005887266248464584,0.9941127896308899
/content/Dataset/Test/Real/real_4392.jpg,1,1,True,0.28505051136016846,0.7149494886398315
/content/Dataset/Test/Real/real_4393.jpg,1,1,True,0.08150147646665573,0.9184984564781189
/content/Dataset/Test/Real/real_4394.jpg,1,1,True,0.00014596983965020627,0.9998539686203003
/content/Dataset/Test/Real/real_4395.jpg,1,1,True,0.060966238379478455,0.9390337467193604
/content/Dataset/Test/Real/real_4396.jpg,1,1,True,0.02582944743335247,0.9741705656051636
/content/Dataset/Test/Real/real_4397.jpg,1,1,True,0.005943880416452885,0.9940561056137085
/content/Dataset/Test/Real/real_4398.jpg,1,1,True,0.016433624550700188,0.9835663437843323
/content/Dataset/Test/Real/real_4399.jpg,1,1,True,0.1271597295999527,0.8728402853012085
/content/Dataset/Test/Real/real_44.jpg,1,1,True,8.389244612772018e-05,0.9999160766601562
/content/Dataset/Test/Real/real_440.jpg,1,1,True,0.00012308797158766538,0.999876856803894
/content/Dataset/Test/Real/real_4400.jpg,1,1,True,0.2768230736255646,0.7231769561767578
/content/Dataset/Test/Real/real_4401.jpg,1,1,True,0.31579482555389404,0.6842051148414612
/content/Dataset/Test/Real/real_4402.jpg,1,1,True,0.020154306665062904,0.9798457026481628
/content/Dataset/Test/Real/real_4403.jpg,1,1,True,0.0012172932038083673,0.9987826943397522
/content/Dataset/Test/Real/real_4404.jpg,1,0,False,0.8477590680122375,0.15224097669124603
/content/Dataset/Test/Real/real_4405.jpg,1,1,True,0.0005838324432261288,0.9994162321090698
/content/Dataset/Test/Real/real_4406.jpg,1,1,True,0.09568990767002106,0.9043100476264954
/content/Dataset/Test/Real/real_4407.jpg,1,1,True,0.01075576152652502,0.9892442226409912
/content/Dataset/Test/Real/real_4408.jpg,1,1,True,3.8218793633859605e-05,0.9999617338180542
/content/Dataset/Test/Real/real_4409.jpg,1,1,True,0.0010120088700205088,0.9989879727363586
/content/Dataset/Test/Real/real_441.jpg,1,1,True,8.779067866271362e-05,0.9999121427536011
/content/Dataset/Test/Real/real_4410.jpg,1,1,True,0.002370756585150957,0.9976292252540588
/content/Dataset/Test/Real/real_4411.jpg,1,1,True,0.0032388465479016304,0.99676114320755
/content/Dataset/Test/Real/real_4412.jpg,1,1,True,0.003935917280614376,0.9960641264915466
/content/Dataset/Test/Real/real_4413.jpg,1,1,True,0.20269343256950378,0.7973065376281738
/content/Dataset/Test/Real/real_4414.jpg,1,1,True,0.0001447542745154351,0.9998552799224854
/content/Dataset/Test/Real/real_4415.jpg,1,1,True,6.573124846909195e-05,0.9999343156814575
/content/Dataset/Test/Real/real_4416.jpg,1,1,True,0.00040701613761484623,0.9995929598808289
/content/Dataset/Test/Real/real_4417.jpg,1,1,True,5.646809222525917e-05,0.9999434947967529
/content/Dataset/Test/Real/real_4418.jpg,1,1,True,0.0014586554607376456,0.9985413551330566
/content/Dataset/Test/Real/real_4419.jpg,1,1,True,0.14713580906391144,0.852864146232605
/content/Dataset/Test/Real/real_442.jpg,1,1,True,0.00021441045100800693,0.9997856020927429
/content/Dataset/Test/Real/real_4420.jpg,1,1,True,0.019856521859765053,0.9801434874534607
/content/Dataset/Test/Real/real_4421.jpg,1,1,True,5.3350115194916725e-05,0.9999465942382812
/content/Dataset/Test/Real/real_4422.jpg,1,1,True,0.009595983661711216,0.9904040098190308
/content/Dataset/Test/Real/real_4423.jpg,1,0,False,0.9858642220497131,0.014135750010609627
/content/Dataset/Test/Real/real_4424.jpg,1,1,True,0.08296053856611252,0.9170395135879517
/content/Dataset/Test/Real/real_4425.jpg,1,1,True,6.653678428847343e-05,0.9999334812164307
/content/Dataset/Test/Real/real_4426.jpg,1,1,True,0.00021809207100886852,0.9997819066047668
/content/Dataset/Test/Real/real_4427.jpg,1,1,True,0.0001963712857104838,0.9998036026954651
/content/Dataset/Test/Real/real_4428.jpg,1,1,True,0.00012135312863392755,0.9998786449432373
/content/Dataset/Test/Real/real_4429.jpg,1,1,True,0.0009267189889214933,0.9990732669830322
/content/Dataset/Test/Real/real_443.jpg,1,0,False,0.9794426560401917,0.020557358860969543
/content/Dataset/Test/Real/real_4430.jpg,1,1,True,0.0003125154471490532,0.9996875524520874
/content/Dataset/Test/Real/real_4431.jpg,1,1,True,0.000763875781558454,0.9992361068725586
/content/Dataset/Test/Real/real_4432.jpg,1,1,True,0.41263869404792786,0.5873613357543945
/content/Dataset/Test/Real/real_4433.jpg,1,0,False,0.9751070737838745,0.02489295043051243
/content/Dataset/Test/Real/real_4434.jpg,1,1,True,0.007572137285023928,0.9924278855323792
/content/Dataset/Test/Real/real_4435.jpg,1,1,True,0.029917482286691666,0.9700825214385986
/content/Dataset/Test/Real/real_4436.jpg,1,1,True,0.0008236823487095535,0.9991763234138489
/content/Dataset/Test/Real/real_4437.jpg,1,1,True,0.023386137560009956,0.9766138195991516
/content/Dataset/Test/Real/real_4438.jpg,1,1,True,0.00013902547652833164,0.9998610019683838
/content/Dataset/Test/Real/real_4439.jpg,1,1,True,6.72370006213896e-05,0.9999327659606934
/content/Dataset/Test/Real/real_444.jpg,1,1,True,0.25564515590667725,0.7443548440933228
/content/Dataset/Test/Real/real_4440.jpg,1,1,True,0.12431026995182037,0.875689685344696
/content/Dataset/Test/Real/real_4441.jpg,1,1,True,0.1286654770374298,0.8713345527648926
/content/Dataset/Test/Real/real_4442.jpg,1,1,True,0.07035158574581146,0.9296483993530273
/content/Dataset/Test/Real/real_4443.jpg,1,1,True,0.00045055217924527824,0.9995494484901428
/content/Dataset/Test/Real/real_4444.jpg,1,1,True,0.0003742229600902647,0.9996258020401001
/content/Dataset/Test/Real/real_4445.jpg,1,1,True,0.0007172214682213962,0.9992827773094177
/content/Dataset/Test/Real/real_4446.jpg,1,1,True,0.0020725629292428493,0.9979274272918701
/content/Dataset/Test/Real/real_4447.jpg,1,1,True,0.059358615428209305,0.9406414031982422
/content/Dataset/Test/Real/real_4448.jpg,1,1,True,0.4299413859844208,0.5700585842132568
/content/Dataset/Test/Real/real_4449.jpg,1,1,True,0.10212912410497665,0.8978708386421204
/content/Dataset/Test/Real/real_445.jpg,1,1,True,0.1970997303724289,0.8029002547264099
/content/Dataset/Test/Real/real_4450.jpg,1,1,True,0.48686710000038147,0.5131329298019409
/content/Dataset/Test/Real/real_4451.jpg,1,1,True,0.0627414658665657,0.9372584819793701
/content/Dataset/Test/Real/real_4452.jpg,1,1,True,0.00868169590830803,0.9913183450698853
/content/Dataset/Test/Real/real_4453.jpg,1,1,True,0.05353531241416931,0.9464646577835083
/content/Dataset/Test/Real/real_4454.jpg,1,1,True,0.2840268611907959,0.7159730792045593
/content/Dataset/Test/Real/real_4455.jpg,1,1,True,0.09254289418458939,0.9074571132659912
/content/Dataset/Test/Real/real_4456.jpg,1,1,True,0.0003150669508613646,0.9996849298477173
/content/Dataset/Test/Real/real_4457.jpg,1,1,True,0.00017776869935914874,0.9998223185539246
/content/Dataset/Test/Real/real_4458.jpg,1,1,True,0.0003035771369468421,0.9996964931488037
/content/Dataset/Test/Real/real_4459.jpg,1,1,True,0.00032368232496082783,0.9996763467788696
/content/Dataset/Test/Real/real_446.jpg,1,1,True,8.363716915482655e-05,0.9999163150787354
/content/Dataset/Test/Real/real_4460.jpg,1,1,True,0.0130586177110672,0.986941397190094
/content/Dataset/Test/Real/real_4461.jpg,1,1,True,0.0002574798127170652,0.9997425675392151
/content/Dataset/Test/Real/real_4462.jpg,1,1,True,0.27442193031311035,0.7255781292915344
/content/Dataset/Test/Real/real_4463.jpg,1,1,True,5.033445268054493e-05,0.9999496936798096
/content/Dataset/Test/Real/real_4464.jpg,1,1,True,0.00013262484571896493,0.99986732006073
/content/Dataset/Test/Real/real_4465.jpg,1,1,True,0.0018775049829855561,0.99812251329422
/content/Dataset/Test/Real/real_4466.jpg,1,1,True,0.05768151953816414,0.9423184990882874
/content/Dataset/Test/Real/real_4467.jpg,1,1,True,0.00013623700942844152,0.9998637437820435
/content/Dataset/Test/Real/real_4468.jpg,1,1,True,0.0005821494269184768,0.9994179010391235
/content/Dataset/Test/Real/real_4469.jpg,1,0,False,0.9972930550575256,0.002706891857087612
/content/Dataset/Test/Real/real_447.jpg,1,1,True,0.09601887315511703,0.9039811491966248
/content/Dataset/Test/Real/real_4470.jpg,1,1,True,0.00014200116856954992,0.999858021736145
/content/Dataset/Test/Real/real_4471.jpg,1,0,False,0.8883146047592163,0.11168539524078369
/content/Dataset/Test/Real/real_4472.jpg,1,1,True,0.011640396900475025,0.9883595705032349
/content/Dataset/Test/Real/real_4473.jpg,1,1,True,0.017138704657554626,0.9828612804412842
/content/Dataset/Test/Real/real_4474.jpg,1,1,True,0.0001001670170808211,0.9998998641967773
/content/Dataset/Test/Real/real_4475.jpg,1,1,True,0.0008886072319000959,0.9991113543510437
/content/Dataset/Test/Real/real_4476.jpg,1,1,True,0.00032225888571701944,0.9996777772903442
/content/Dataset/Test/Real/real_4477.jpg,1,1,True,0.0001971848396351561,0.9998028874397278
/content/Dataset/Test/Real/real_4478.jpg,1,1,True,0.010599897243082523,0.9894000887870789
/content/Dataset/Test/Real/real_4479.jpg,1,1,True,5.0350969104329124e-05,0.9999496936798096
/content/Dataset/Test/Real/real_448.jpg,1,1,True,0.00010003596253227443,0.9998999834060669
/content/Dataset/Test/Real/real_4480.jpg,1,1,True,0.00027627722010947764,0.9997237324714661
/content/Dataset/Test/Real/real_4481.jpg,1,1,True,0.006778422277420759,0.9932215213775635
/content/Dataset/Test/Real/real_4482.jpg,1,1,True,0.05021754652261734,0.9497824907302856
/content/Dataset/Test/Real/real_4483.jpg,1,1,True,0.1269402801990509,0.8730596899986267
/content/Dataset/Test/Real/real_4484.jpg,1,1,True,0.0012991823023185134,0.998700737953186
/content/Dataset/Test/Real/real_4485.jpg,1,1,True,5.7529836340108886e-05,0.999942421913147
/content/Dataset/Test/Real/real_4486.jpg,1,1,True,0.014606223441660404,0.985393762588501
/content/Dataset/Test/Real/real_4487.jpg,1,1,True,0.0037572267465293407,0.9962427616119385
/content/Dataset/Test/Real/real_4488.jpg,1,1,True,0.0035084644332528114,0.9964914917945862
/content/Dataset/Test/Real/real_4489.jpg,1,1,True,0.1552014797925949,0.8447985649108887
/content/Dataset/Test/Real/real_449.jpg,1,1,True,0.000525834911968559,0.9994742274284363
/content/Dataset/Test/Real/real_4490.jpg,1,1,True,0.005392256658524275,0.99460768699646
/content/Dataset/Test/Real/real_4491.jpg,1,1,True,0.015722036361694336,0.9842779040336609
/content/Dataset/Test/Real/real_4492.jpg,1,1,True,0.01589459367096424,0.9841054081916809
/content/Dataset/Test/Real/real_4493.jpg,1,1,True,0.12370236217975616,0.876297652721405
/content/Dataset/Test/Real/real_4494.jpg,1,1,True,0.0006020568544045091,0.9993979930877686
/content/Dataset/Test/Real/real_4495.jpg,1,1,True,0.00061501917662099,0.9993849992752075
/content/Dataset/Test/Real/real_4496.jpg,1,1,True,0.004033831879496574,0.9959661960601807
/content/Dataset/Test/Real/real_4497.jpg,1,1,True,0.00024890905478969216,0.9997510313987732
/content/Dataset/Test/Real/real_4498.jpg,1,1,True,0.00010479390766704455,0.9998952150344849
/content/Dataset/Test/Real/real_4499.jpg,1,1,True,0.0001538423093734309,0.9998461008071899
/content/Dataset/Test/Real/real_45.jpg,1,1,True,0.26346686482429504,0.7365331649780273
/content/Dataset/Test/Real/real_450.jpg,1,1,True,0.001225781161338091,0.9987742304801941
/content/Dataset/Test/Real/real_4500.jpg,1,1,True,0.000482373870909214,0.9995176792144775
/content/Dataset/Test/Real/real_4501.jpg,1,1,True,0.00024221760395448655,0.9997578263282776
/content/Dataset/Test/Real/real_4502.jpg,1,1,True,0.1350220888853073,0.8649779558181763
/content/Dataset/Test/Real/real_4503.jpg,1,1,True,0.009543470107018948,0.9904565215110779
/content/Dataset/Test/Real/real_4504.jpg,1,1,True,0.08413200080394745,0.9158679842948914
/content/Dataset/Test/Real/real_4505.jpg,1,1,True,0.15769265592098236,0.8423073291778564
/content/Dataset/Test/Real/real_4506.jpg,1,1,True,0.002734972396865487,0.9972649812698364
/content/Dataset/Test/Real/real_4507.jpg,1,1,True,0.004350090865045786,0.9956498742103577
/content/Dataset/Test/Real/real_4508.jpg,1,1,True,0.32662200927734375,0.6733779907226562
/content/Dataset/Test/Real/real_4509.jpg,1,0,False,0.9785232543945312,0.021476684138178825
/content/Dataset/Test/Real/real_451.jpg,1,1,True,0.01750737428665161,0.9824925661087036
/content/Dataset/Test/Real/real_4510.jpg,1,1,True,0.016614673659205437,0.9833853244781494
/content/Dataset/Test/Real/real_4511.jpg,1,1,True,7.67068486311473e-05,0.9999232292175293
/content/Dataset/Test/Real/real_4512.jpg,1,1,True,0.4532153904438019,0.5467845797538757
/content/Dataset/Test/Real/real_4513.jpg,1,1,True,0.007711007259786129,0.9922890067100525
/content/Dataset/Test/Real/real_4514.jpg,1,1,True,0.0002241828478872776,0.9997758269309998
/content/Dataset/Test/Real/real_4515.jpg,1,1,True,0.0027476558461785316,0.9972522854804993
/content/Dataset/Test/Real/real_4516.jpg,1,1,True,8.306567906402051e-05,0.9999169111251831
/content/Dataset/Test/Real/real_4517.jpg,1,0,False,0.9928714632987976,0.007128532975912094
/content/Dataset/Test/Real/real_4518.jpg,1,1,True,0.03158936649560928,0.9684106111526489
/content/Dataset/Test/Real/real_4519.jpg,1,1,True,0.00013152752944733948,0.9998685121536255
/content/Dataset/Test/Real/real_452.jpg,1,1,True,0.00097621139138937,0.9990237951278687
/content/Dataset/Test/Real/real_4520.jpg,1,0,False,0.9803522825241089,0.01964772865176201
/content/Dataset/Test/Real/real_4521.jpg,1,1,True,0.00828392431139946,0.9917160868644714
/content/Dataset/Test/Real/real_4522.jpg,1,1,True,0.49560123682022095,0.504398763179779
/content/Dataset/Test/Real/real_4523.jpg,1,1,True,0.012378199025988579,0.9876218438148499
/content/Dataset/Test/Real/real_4524.jpg,1,1,True,0.4130832552909851,0.5869167447090149
/content/Dataset/Test/Real/real_4525.jpg,1,1,True,0.0406106673181057,0.9593893885612488
/content/Dataset/Test/Real/real_4526.jpg,1,1,True,0.00037651852471753955,0.9996234178543091
/content/Dataset/Test/Real/real_4527.jpg,1,1,True,0.1566106528043747,0.8433893918991089
/content/Dataset/Test/Real/real_4528.jpg,1,1,True,7.88760808063671e-05,0.9999210834503174
/content/Dataset/Test/Real/real_4529.jpg,1,0,False,0.7194867730140686,0.2805132269859314
/content/Dataset/Test/Real/real_453.jpg,1,1,True,0.05184268206357956,0.9481573700904846
/content/Dataset/Test/Real/real_4530.jpg,1,1,True,0.018219253048300743,0.9817807674407959
/content/Dataset/Test/Real/real_4531.jpg,1,1,True,0.0007295759278349578,0.9992703795433044
/content/Dataset/Test/Real/real_4532.jpg,1,1,True,0.00025926154921762645,0.9997407793998718
/content/Dataset/Test/Real/real_4533.jpg,1,1,True,0.004432424437254667,0.9955676198005676
/content/Dataset/Test/Real/real_4534.jpg,1,1,True,0.003036921378225088,0.9969630837440491
/content/Dataset/Test/Real/real_4535.jpg,1,1,True,0.00013857467274647206,0.9998613595962524
/content/Dataset/Test/Real/real_4536.jpg,1,1,True,0.0006399896810762584,0.9993600249290466
/content/Dataset/Test/Real/real_4537.jpg,1,1,True,0.0009253416210412979,0.9990745782852173
/content/Dataset/Test/Real/real_4538.jpg,1,0,False,0.6250043511390686,0.37499570846557617
/content/Dataset/Test/Real/real_4539.jpg,1,1,True,0.06531715393066406,0.9346827864646912
/content/Dataset/Test/Real/real_454.jpg,1,1,True,3.769025352085009e-05,0.999962329864502
/content/Dataset/Test/Real/real_4540.jpg,1,1,True,0.00010622193076414987,0.9998937845230103
/content/Dataset/Test/Real/real_4541.jpg,1,1,True,0.00019184207485523075,0.999808132648468
/content/Dataset/Test/Real/real_4542.jpg,1,1,True,0.0005752493161708117,0.9994248151779175
/content/Dataset/Test/Real/real_4543.jpg,1,1,True,0.21687908470630646,0.7831209301948547
/content/Dataset/Test/Real/real_4544.jpg,1,1,True,0.004304985050112009,0.9956949949264526
/content/Dataset/Test/Real/real_4545.jpg,1,1,True,0.0005207225331105292,0.999479353427887
/content/Dataset/Test/Real/real_4546.jpg,1,1,True,0.008815623819828033,0.9911842942237854
/content/Dataset/Test/Real/real_4547.jpg,1,1,True,0.02175363525748253,0.9782463312149048
/content/Dataset/Test/Real/real_4548.jpg,1,1,True,0.020298654213547707,0.9797013998031616
/content/Dataset/Test/Real/real_4549.jpg,1,0,False,0.9681747555732727,0.03182528167963028
/content/Dataset/Test/Real/real_455.jpg,1,1,True,0.01601906679570675,0.9839809536933899
/content/Dataset/Test/Real/real_4550.jpg,1,0,False,0.9992318153381348,0.0007681578863412142
/content/Dataset/Test/Real/real_4551.jpg,1,1,True,0.10302955657243729,0.8969703912734985
/content/Dataset/Test/Real/real_4552.jpg,1,0,False,0.976588249206543,0.023411767557263374
/content/Dataset/Test/Real/real_4553.jpg,1,0,False,0.9911372661590576,0.008862799033522606
/content/Dataset/Test/Real/real_4554.jpg,1,1,True,0.0011531338095664978,0.9988468885421753
/content/Dataset/Test/Real/real_4555.jpg,1,1,True,0.001955647487193346,0.9980443716049194
/content/Dataset/Test/Real/real_4556.jpg,1,1,True,0.0002652366238180548,0.9997346997261047
/content/Dataset/Test/Real/real_4557.jpg,1,1,True,0.00015185090887825936,0.9998481273651123
/content/Dataset/Test/Real/real_4558.jpg,1,1,True,0.0015620653284713626,0.9984379410743713
/content/Dataset/Test/Real/real_4559.jpg,1,1,True,0.061264101415872574,0.9387359023094177
/content/Dataset/Test/Real/real_456.jpg,1,1,True,4.067843474331312e-05,0.9999593496322632
/content/Dataset/Test/Real/real_4560.jpg,1,1,True,4.9418969865655527e-05,0.9999505281448364
/content/Dataset/Test/Real/real_4561.jpg,1,1,True,0.16986005008220673,0.8301399350166321
/content/Dataset/Test/Real/real_4562.jpg,1,1,True,0.0022530092392116785,0.997747004032135
/content/Dataset/Test/Real/real_4563.jpg,1,1,True,0.0012041234876960516,0.9987958669662476
/content/Dataset/Test/Real/real_4564.jpg,1,1,True,0.0005565024330280721,0.9994434714317322
/content/Dataset/Test/Real/real_4565.jpg,1,1,True,0.002054303651675582,0.9979457259178162
/content/Dataset/Test/Real/real_4566.jpg,1,0,False,0.6068190932273865,0.3931809365749359
/content/Dataset/Test/Real/real_4567.jpg,1,1,True,0.025847645476460457,0.9741523265838623
/content/Dataset/Test/Real/real_4568.jpg,1,1,True,0.08902370929718018,0.9109763503074646
/content/Dataset/Test/Real/real_4569.jpg,1,1,True,0.0020185585599392653,0.9979814291000366
/content/Dataset/Test/Real/real_457.jpg,1,1,True,0.02576676569879055,0.9742332100868225
/content/Dataset/Test/Real/real_4570.jpg,1,1,True,0.051774293184280396,0.948225736618042
/content/Dataset/Test/Real/real_4571.jpg,1,1,True,0.008749332278966904,0.9912506341934204
/content/Dataset/Test/Real/real_4572.jpg,1,1,True,0.00013012757699470967,0.9998698234558105
/content/Dataset/Test/Real/real_4573.jpg,1,1,True,0.13526609539985657,0.864733874797821
/content/Dataset/Test/Real/real_4574.jpg,1,1,True,0.00012213765876367688,0.9998778104782104
/content/Dataset/Test/Real/real_4575.jpg,1,1,True,0.00014201307203620672,0.999858021736145
/content/Dataset/Test/Real/real_4576.jpg,1,1,True,0.0009298375807702541,0.9990702271461487
/content/Dataset/Test/Real/real_4577.jpg,1,1,True,0.0001394067076034844,0.9998605251312256
/content/Dataset/Test/Real/real_4578.jpg,1,1,True,0.0008089870098046958,0.9991909861564636
/content/Dataset/Test/Real/real_4579.jpg,1,1,True,0.11188975721597672,0.8881102204322815
/content/Dataset/Test/Real/real_458.jpg,1,1,True,0.48723357915878296,0.5127664804458618
/content/Dataset/Test/Real/real_4580.jpg,1,1,True,0.0010060975328087807,0.9989939332008362
/content/Dataset/Test/Real/real_4581.jpg,1,1,True,0.0011209340300410986,0.9988790154457092
/content/Dataset/Test/Real/real_4582.jpg,1,1,True,0.059021737426519394,0.9409782886505127
/content/Dataset/Test/Real/real_4583.jpg,1,1,True,0.16827411949634552,0.8317258358001709
/content/Dataset/Test/Real/real_4584.jpg,1,1,True,0.09953062236309052,0.9004693627357483
/content/Dataset/Test/Real/real_4585.jpg,1,0,False,0.928159773349762,0.07184014469385147
/content/Dataset/Test/Real/real_4586.jpg,1,1,True,0.02245970442891121,0.9775403141975403
/content/Dataset/Test/Real/real_4587.jpg,1,1,True,0.08221045136451721,0.9177895188331604
/content/Dataset/Test/Real/real_4588.jpg,1,1,True,0.12199591845273972,0.8780040740966797
/content/Dataset/Test/Real/real_4589.jpg,1,1,True,0.02605288103222847,0.9739471673965454
/content/Dataset/Test/Real/real_459.jpg,1,0,False,0.9191647171974182,0.0808352530002594
/content/Dataset/Test/Real/real_4590.jpg,1,1,True,0.022867821156978607,0.9771321415901184
/content/Dataset/Test/Real/real_4591.jpg,1,1,True,0.03373595327138901,0.9662640690803528
/content/Dataset/Test/Real/real_4592.jpg,1,1,True,0.042542703449726105,0.9574573040008545
/content/Dataset/Test/Real/real_4593.jpg,1,1,True,0.0010751145891845226,0.9989249110221863
/content/Dataset/Test/Real/real_4594.jpg,1,1,True,0.28758305311203003,0.7124168872833252
/content/Dataset/Test/Real/real_4595.jpg,1,1,True,0.002153717214241624,0.997846245765686
/content/Dataset/Test/Real/real_4596.jpg,1,1,True,0.0001492272858740762,0.9998507499694824
/content/Dataset/Test/Real/real_4597.jpg,1,1,True,0.0008858479559421539,0.9991140961647034
/content/Dataset/Test/Real/real_4598.jpg,1,0,False,0.9584596157073975,0.04154042899608612
/content/Dataset/Test/Real/real_4599.jpg,1,1,True,0.007958941161632538,0.9920410513877869
/content/Dataset/Test/Real/real_46.jpg,1,1,True,0.0019223371054977179,0.9980776309967041
/content/Dataset/Test/Real/real_460.jpg,1,1,True,0.1500333547592163,0.8499666452407837
/content/Dataset/Test/Real/real_4600.jpg,1,1,True,9.869371569948271e-05,0.999901294708252
/content/Dataset/Test/Real/real_4601.jpg,1,1,True,0.005549435503780842,0.994450569152832
/content/Dataset/Test/Real/real_4602.jpg,1,1,True,0.000856309721712023,0.9991437196731567
/content/Dataset/Test/Real/real_4603.jpg,1,1,True,0.011181488633155823,0.9888184666633606
/content/Dataset/Test/Real/real_4604.jpg,1,1,True,0.00107280642259866,0.9989271759986877
/content/Dataset/Test/Real/real_4605.jpg,1,1,True,0.00010338072752347216,0.9998966455459595
/content/Dataset/Test/Real/real_4606.jpg,1,1,True,0.0036671324633061886,0.9963328838348389
/content/Dataset/Test/Real/real_4607.jpg,1,1,True,0.0006314714555628598,0.9993684887886047
/content/Dataset/Test/Real/real_4608.jpg,1,1,True,0.4921351969242096,0.507864773273468
/content/Dataset/Test/Real/real_4609.jpg,1,1,True,0.00015963055193424225,0.9998403787612915
/content/Dataset/Test/Real/real_461.jpg,1,1,True,0.00010482108336873353,0.9998952150344849
/content/Dataset/Test/Real/real_4610.jpg,1,1,True,0.00440968805924058,0.995590329170227
/content/Dataset/Test/Real/real_4611.jpg,1,1,True,0.00487115141004324,0.995128870010376
/content/Dataset/Test/Real/real_4612.jpg,1,0,False,0.8799271583557129,0.1200728639960289
/content/Dataset/Test/Real/real_4613.jpg,1,1,True,0.002165681915357709,0.9978343844413757
/content/Dataset/Test/Real/real_4614.jpg,1,1,True,0.011116072535514832,0.9888838529586792
/content/Dataset/Test/Real/real_4615.jpg,1,1,True,0.20949077606201172,0.7905092239379883
/content/Dataset/Test/Real/real_4616.jpg,1,1,True,0.00032259916770271957,0.9996774196624756
/content/Dataset/Test/Real/real_4617.jpg,1,0,False,0.9795736074447632,0.020426377654075623
/content/Dataset/Test/Real/real_4618.jpg,1,0,False,0.7646332383155823,0.23536676168441772
/content/Dataset/Test/Real/real_4619.jpg,1,1,True,5.099739064462483e-05,0.9999489784240723
/content/Dataset/Test/Real/real_462.jpg,1,1,True,0.0004914346500299871,0.9995086193084717
/content/Dataset/Test/Real/real_4620.jpg,1,1,True,0.015917040407657623,0.9840829968452454
/content/Dataset/Test/Real/real_4621.jpg,1,0,False,0.9838852882385254,0.01611468754708767
/content/Dataset/Test/Real/real_4622.jpg,1,1,True,0.00015341429389081895,0.9998465776443481
/content/Dataset/Test/Real/real_4623.jpg,1,1,True,0.0009274720796383917,0.9990725517272949
/content/Dataset/Test/Real/real_4624.jpg,1,1,True,4.5917739043943584e-05,0.999954104423523
/content/Dataset/Test/Real/real_4625.jpg,1,1,True,0.003392365062609315,0.9966076612472534
/content/Dataset/Test/Real/real_4626.jpg,1,1,True,0.00012121630425099283,0.9998787641525269
/content/Dataset/Test/Real/real_4627.jpg,1,1,True,0.0008739254553802311,0.999126136302948
/content/Dataset/Test/Real/real_4628.jpg,1,1,True,7.202546839835122e-05,0.9999279975891113
/content/Dataset/Test/Real/real_4629.jpg,1,1,True,0.0005133494269102812,0.9994866847991943
/content/Dataset/Test/Real/real_463.jpg,1,1,True,0.00041568712913431227,0.9995843768119812
/content/Dataset/Test/Real/real_4630.jpg,1,1,True,0.001095580984838307,0.9989044666290283
/content/Dataset/Test/Real/real_4631.jpg,1,1,True,0.040378350764513016,0.9596216082572937
/content/Dataset/Test/Real/real_4632.jpg,1,1,True,5.338706250768155e-05,0.9999465942382812
/content/Dataset/Test/Real/real_4633.jpg,1,1,True,0.00034527856041677296,0.9996547698974609
/content/Dataset/Test/Real/real_4634.jpg,1,1,True,5.918624083278701e-05,0.9999407529830933
/content/Dataset/Test/Real/real_4635.jpg,1,1,True,0.00399302551522851,0.9960070252418518
/content/Dataset/Test/Real/real_4636.jpg,1,1,True,0.08750039339065552,0.9124996066093445
/content/Dataset/Test/Real/real_4637.jpg,1,1,True,0.00011877325596287847,0.9998812675476074
/content/Dataset/Test/Real/real_4638.jpg,1,1,True,0.006468798033893108,0.9935311675071716
/content/Dataset/Test/Real/real_4639.jpg,1,0,False,0.9981386661529541,0.0018613560823723674
/content/Dataset/Test/Real/real_464.jpg,1,1,True,0.010031885467469692,0.9899681806564331
/content/Dataset/Test/Real/real_4640.jpg,1,0,False,0.9981452226638794,0.0018547765212133527
/content/Dataset/Test/Real/real_4641.jpg,1,1,True,0.0022349408827722073,0.997765064239502
/content/Dataset/Test/Real/real_4642.jpg,1,1,True,0.06137177348136902,0.9386282563209534
/content/Dataset/Test/Real/real_4643.jpg,1,0,False,0.9205530881881714,0.07944691181182861
/content/Dataset/Test/Real/real_4644.jpg,1,1,True,0.02192356437444687,0.9780765175819397
/content/Dataset/Test/Real/real_4645.jpg,1,0,False,0.9801163673400879,0.01988367922604084
/content/Dataset/Test/Real/real_4646.jpg,1,0,False,0.9983708262443542,0.0016291426727548242
/content/Dataset/Test/Real/real_4647.jpg,1,0,False,0.6570301651954651,0.34296977519989014
/content/Dataset/Test/Real/real_4648.jpg,1,0,False,0.9975488781929016,0.0024511022493243217
/content/Dataset/Test/Real/real_4649.jpg,1,1,True,0.002422686666250229,0.9975773692131042
/content/Dataset/Test/Real/real_465.jpg,1,1,True,0.0579599104821682,0.9420400857925415
/content/Dataset/Test/Real/real_4650.jpg,1,1,True,0.0006426322506740689,0.9993574023246765
/content/Dataset/Test/Real/real_4651.jpg,1,1,True,0.004187567625194788,0.9958123564720154
/content/Dataset/Test/Real/real_4652.jpg,1,1,True,0.17597083747386932,0.8240292072296143
/content/Dataset/Test/Real/real_4653.jpg,1,0,False,0.5165276527404785,0.48347240686416626
/content/Dataset/Test/Real/real_4654.jpg,1,1,True,0.0006452583475038409,0.9993547797203064
/content/Dataset/Test/Real/real_4655.jpg,1,0,False,0.9368643760681152,0.0631355568766594
/content/Dataset/Test/Real/real_4656.jpg,1,1,True,0.0003301442484371364,0.9996699094772339
/content/Dataset/Test/Real/real_4657.jpg,1,1,True,0.00401273975148797,0.9959872364997864
/content/Dataset/Test/Real/real_4658.jpg,1,1,True,4.76615532534197e-05,0.9999523162841797
/content/Dataset/Test/Real/real_4659.jpg,1,1,True,8.81790547282435e-05,0.9999117851257324
/content/Dataset/Test/Real/real_466.jpg,1,1,True,0.00012787728337571025,0.999872088432312
/content/Dataset/Test/Real/real_4660.jpg,1,1,True,0.14487771689891815,0.8551223278045654
/content/Dataset/Test/Real/real_4661.jpg,1,1,True,0.0009923733305186033,0.9990076422691345
/content/Dataset/Test/Real/real_4662.jpg,1,1,True,0.00028996504261158407,0.9997100234031677
/content/Dataset/Test/Real/real_4663.jpg,1,1,True,0.006875948514789343,0.9931240677833557
/content/Dataset/Test/Real/real_4664.jpg,1,1,True,0.01801285333931446,0.9819871783256531
/content/Dataset/Test/Real/real_4665.jpg,1,1,True,0.030651679262518883,0.9693483710289001
/content/Dataset/Test/Real/real_4666.jpg,1,0,False,0.5199886560440063,0.48001131415367126
/content/Dataset/Test/Real/real_4667.jpg,1,1,True,0.02592109888792038,0.9740789532661438
/content/Dataset/Test/Real/real_4668.jpg,1,1,True,0.02943192608654499,0.970568060874939
/content/Dataset/Test/Real/real_4669.jpg,1,1,True,0.002629705937579274,0.9973702430725098
/content/Dataset/Test/Real/real_467.jpg,1,0,False,0.9104270935058594,0.08957290649414062
/content/Dataset/Test/Real/real_4670.jpg,1,1,True,0.42577192187309265,0.574228048324585
/content/Dataset/Test/Real/real_4671.jpg,1,1,True,0.0009714961634017527,0.9990285634994507
/content/Dataset/Test/Real/real_4672.jpg,1,1,True,0.0010078161722049117,0.9989921450614929
/content/Dataset/Test/Real/real_4673.jpg,1,1,True,0.024782661348581314,0.975217342376709
/content/Dataset/Test/Real/real_4674.jpg,1,0,False,0.8031535744667053,0.1968463957309723
/content/Dataset/Test/Real/real_4675.jpg,1,0,False,0.6227903962135315,0.3772096335887909
/content/Dataset/Test/Real/real_4676.jpg,1,1,True,0.00021865569578949362,0.9997813105583191
/content/Dataset/Test/Real/real_4677.jpg,1,1,True,0.00040912849362939596,0.9995909333229065
/content/Dataset/Test/Real/real_4678.jpg,1,1,True,6.148772808955982e-05,0.9999384880065918
/content/Dataset/Test/Real/real_4679.jpg,1,1,True,0.002157169161364436,0.9978427886962891
/content/Dataset/Test/Real/real_468.jpg,1,1,True,0.4416239559650421,0.5583760142326355
/content/Dataset/Test/Real/real_4680.jpg,1,1,True,0.00022638235532213002,0.9997736811637878
/content/Dataset/Test/Real/real_4681.jpg,1,1,True,0.0009924944024533033,0.999007523059845
/content/Dataset/Test/Real/real_4682.jpg,1,1,True,0.0033996887505054474,0.996600329875946
/content/Dataset/Test/Real/real_4683.jpg,1,0,False,0.6313722729682922,0.36862775683403015
/content/Dataset/Test/Real/real_4684.jpg,1,1,True,0.17852884531021118,0.8214711546897888
/content/Dataset/Test/Real/real_4685.jpg,1,1,True,0.0032219698186963797,0.9967780709266663
/content/Dataset/Test/Real/real_4686.jpg,1,1,True,0.01014395710080862,0.9898560047149658
/content/Dataset/Test/Real/real_4687.jpg,1,1,True,5.6585169659228995e-05,0.9999433755874634
/content/Dataset/Test/Real/real_4688.jpg,1,1,True,4.154460475547239e-05,0.9999583959579468
/content/Dataset/Test/Real/real_4689.jpg,1,1,True,0.0007737911655567586,0.9992262125015259
/content/Dataset/Test/Real/real_469.jpg,1,1,True,0.0963716134428978,0.9036283493041992
/content/Dataset/Test/Real/real_4690.jpg,1,1,True,0.0013656533556059003,0.9986342787742615
/content/Dataset/Test/Real/real_4691.jpg,1,1,True,7.27685255696997e-05,0.999927282333374
/content/Dataset/Test/Real/real_4692.jpg,1,1,True,7.19580493750982e-05,0.9999279975891113
/content/Dataset/Test/Real/real_4693.jpg,1,1,True,0.0003316802904009819,0.9996683597564697
/content/Dataset/Test/Real/real_4694.jpg,1,1,True,0.10509803146123886,0.8949019908905029
/content/Dataset/Test/Real/real_4695.jpg,1,1,True,0.0005987073527649045,0.999401330947876
/content/Dataset/Test/Real/real_4696.jpg,1,0,False,0.8886197805404663,0.1113802120089531
/content/Dataset/Test/Real/real_4697.jpg,1,0,False,0.9144578576087952,0.08554211258888245
/content/Dataset/Test/Real/real_4698.jpg,1,1,True,0.003107294673100114,0.9968926906585693
/content/Dataset/Test/Real/real_4699.jpg,1,1,True,0.00017706140351947397,0.9998229146003723
/content/Dataset/Test/Real/real_47.jpg,1,0,False,0.7434232234954834,0.2565767168998718
/content/Dataset/Test/Real/real_470.jpg,1,1,True,0.0001326712517766282,0.99986732006073
/content/Dataset/Test/Real/real_4700.jpg,1,1,True,0.07819254696369171,0.9218074083328247
/content/Dataset/Test/Real/real_4701.jpg,1,1,True,0.22963082790374756,0.7703691720962524
/content/Dataset/Test/Real/real_4702.jpg,1,1,True,0.21805761754512787,0.7819423675537109
/content/Dataset/Test/Real/real_4703.jpg,1,1,True,0.02605125866830349,0.9739487767219543
/content/Dataset/Test/Real/real_4704.jpg,1,1,True,0.0100829117000103,0.9899170994758606
/content/Dataset/Test/Real/real_4705.jpg,1,1,True,7.955526234582067e-05,0.9999204874038696
/content/Dataset/Test/Real/real_4706.jpg,1,1,True,0.01213175430893898,0.9878683090209961
/content/Dataset/Test/Real/real_4707.jpg,1,1,True,0.004524529445916414,0.9954754710197449
/content/Dataset/Test/Real/real_4708.jpg,1,1,True,0.0005192660028114915,0.9994807839393616
/content/Dataset/Test/Real/real_4709.jpg,1,1,True,0.007749601732939482,0.992250382900238
/content/Dataset/Test/Real/real_471.jpg,1,0,False,0.9665213823318481,0.03347862511873245
/content/Dataset/Test/Real/real_4710.jpg,1,1,True,0.0004937098710797727,0.9995062351226807
/content/Dataset/Test/Real/real_4711.jpg,1,1,True,7.286442269105464e-05,0.9999271631240845
/content/Dataset/Test/Real/real_4712.jpg,1,1,True,0.08356216549873352,0.9164378046989441
/content/Dataset/Test/Real/real_4713.jpg,1,1,True,0.0025172745808959007,0.9974827170372009
/content/Dataset/Test/Real/real_4714.jpg,1,1,True,0.008630801923573017,0.9913691878318787
/content/Dataset/Test/Real/real_4715.jpg,1,1,True,0.19056998193264008,0.8094300031661987
/content/Dataset/Test/Real/real_4716.jpg,1,1,True,0.00017814128659665585,0.9998218417167664
/content/Dataset/Test/Real/real_4717.jpg,1,1,True,0.022002115845680237,0.977997899055481
/content/Dataset/Test/Real/real_4718.jpg,1,1,True,0.004215886350721121,0.9957841038703918
/content/Dataset/Test/Real/real_4719.jpg,1,1,True,0.00010934205783996731,0.9998906850814819
/content/Dataset/Test/Real/real_472.jpg,1,1,True,0.007884318940341473,0.9921156764030457
/content/Dataset/Test/Real/real_4720.jpg,1,1,True,0.001162764267064631,0.9988372921943665
/content/Dataset/Test/Real/real_4721.jpg,1,0,False,0.9374046921730042,0.06259527802467346
/content/Dataset/Test/Real/real_4722.jpg,1,1,True,0.007448873016983271,0.9925510883331299
/content/Dataset/Test/Real/real_4723.jpg,1,1,True,0.02242809720337391,0.9775719046592712
/content/Dataset/Test/Real/real_4724.jpg,1,1,True,0.06608632951974869,0.9339137077331543
/content/Dataset/Test/Real/real_4725.jpg,1,1,True,0.014751873910427094,0.9852480888366699
/content/Dataset/Test/Real/real_4726.jpg,1,1,True,0.3886241316795349,0.6113759279251099
/content/Dataset/Test/Real/real_4727.jpg,1,1,True,0.23140595853328705,0.7685940265655518
/content/Dataset/Test/Real/real_4728.jpg,1,1,True,0.0005852152244187891,0.9994148015975952
/content/Dataset/Test/Real/real_4729.jpg,1,1,True,0.040174733847379684,0.9598252773284912
/content/Dataset/Test/Real/real_473.jpg,1,1,True,7.627400918863714e-05,0.9999237060546875
/content/Dataset/Test/Real/real_4730.jpg,1,1,True,0.37127360701560974,0.6287263631820679
/content/Dataset/Test/Real/real_4731.jpg,1,1,True,7.530197035521269e-05,0.9999246597290039
/content/Dataset/Test/Real/real_4732.jpg,1,1,True,0.00018690619617700577,0.9998131394386292
/content/Dataset/Test/Real/real_4733.jpg,1,0,False,0.5645408034324646,0.4354591369628906
/content/Dataset/Test/Real/real_4734.jpg,1,1,True,0.00046232278691604733,0.9995377063751221
/content/Dataset/Test/Real/real_4735.jpg,1,1,True,0.11240027844905853,0.8875997066497803
/content/Dataset/Test/Real/real_4736.jpg,1,0,False,0.8791300654411316,0.12086988985538483
/content/Dataset/Test/Real/real_4737.jpg,1,1,True,0.010180612094700336,0.989819347858429
/content/Dataset/Test/Real/real_4738.jpg,1,1,True,0.028626415878534317,0.9713735580444336
/content/Dataset/Test/Real/real_4739.jpg,1,1,True,0.00647945748642087,0.9935205578804016
/content/Dataset/Test/Real/real_474.jpg,1,1,True,0.09220334142446518,0.9077966809272766
/content/Dataset/Test/Real/real_4740.jpg,1,1,True,0.006022182758897543,0.9939777851104736
/content/Dataset/Test/Real/real_4741.jpg,1,1,True,6.58150456729345e-05,0.999934196472168
/content/Dataset/Test/Real/real_4742.jpg,1,1,True,0.014617997221648693,0.9853819608688354
/content/Dataset/Test/Real/real_4743.jpg,1,1,True,0.00168532133102417,0.9983147382736206
/content/Dataset/Test/Real/real_4744.jpg,1,1,True,0.1050814539194107,0.8949185609817505
/content/Dataset/Test/Real/real_4745.jpg,1,1,True,0.40851518511772156,0.5914848446846008
/content/Dataset/Test/Real/real_4746.jpg,1,1,True,0.00043738295789808035,0.9995625615119934
/content/Dataset/Test/Real/real_4747.jpg,1,1,True,0.4626791179180145,0.5373209118843079
/content/Dataset/Test/Real/real_4748.jpg,1,1,True,0.012393160723149776,0.9876068234443665
/content/Dataset/Test/Real/real_4749.jpg,1,1,True,0.3293232321739197,0.6706767678260803
/content/Dataset/Test/Real/real_475.jpg,1,0,False,0.998908519744873,0.0010914759477600455
/content/Dataset/Test/Real/real_4750.jpg,1,1,True,0.0012824819423258305,0.9987175464630127
/content/Dataset/Test/Real/real_4751.jpg,1,1,True,0.010754691436886787,0.9892452955245972
/content/Dataset/Test/Real/real_4752.jpg,1,1,True,0.07998236268758774,0.920017659664154
/content/Dataset/Test/Real/real_4753.jpg,1,1,True,0.1589398831129074,0.8410601019859314
/content/Dataset/Test/Real/real_4754.jpg,1,1,True,0.1812027245759964,0.8187972903251648
/content/Dataset/Test/Real/real_4755.jpg,1,1,True,9.483102621743456e-05,0.9999051094055176
/content/Dataset/Test/Real/real_4756.jpg,1,1,True,0.0005695556756108999,0.9994303584098816
/content/Dataset/Test/Real/real_4757.jpg,1,0,False,0.6632313132286072,0.33676865696907043
/content/Dataset/Test/Real/real_4758.jpg,1,1,True,8.597007399657741e-05,0.9999140501022339
/content/Dataset/Test/Real/real_4759.jpg,1,1,True,0.020301003009080887,0.9796990156173706
/content/Dataset/Test/Real/real_476.jpg,1,1,True,0.10596656054258347,0.8940334916114807
/content/Dataset/Test/Real/real_4760.jpg,1,1,True,0.00758016761392355,0.9924197793006897
/content/Dataset/Test/Real/real_4761.jpg,1,0,False,0.9481979012489319,0.051802147179841995
/content/Dataset/Test/Real/real_4762.jpg,1,1,True,0.00019154467736370862,0.9998084902763367
/content/Dataset/Test/Real/real_4763.jpg,1,0,False,0.9216349720954895,0.07836500555276871
/content/Dataset/Test/Real/real_4764.jpg,1,1,True,0.008537651039659977,0.9914622902870178
/content/Dataset/Test/Real/real_4765.jpg,1,1,True,0.20544826984405518,0.7945517301559448
/content/Dataset/Test/Real/real_4766.jpg,1,1,True,0.00012888011406175792,0.9998711347579956
/content/Dataset/Test/Real/real_4767.jpg,1,1,True,0.0024977184366434813,0.9975022673606873
/content/Dataset/Test/Real/real_4768.jpg,1,1,True,0.003884978126734495,0.99611496925354
/content/Dataset/Test/Real/real_4769.jpg,1,1,True,0.00027093858807347715,0.9997290968894958
/content/Dataset/Test/Real/real_477.jpg,1,1,True,0.0007819031598046422,0.9992181062698364
/content/Dataset/Test/Real/real_4770.jpg,1,1,True,0.0005350257270038128,0.9994649291038513
/content/Dataset/Test/Real/real_4771.jpg,1,1,True,0.0005020436947233975,0.9994978904724121
/content/Dataset/Test/Real/real_4772.jpg,1,1,True,0.0002862017136067152,0.9997137188911438
/content/Dataset/Test/Real/real_4773.jpg,1,0,False,0.9309679865837097,0.0690319761633873
/content/Dataset/Test/Real/real_4774.jpg,1,0,False,0.8293552994728088,0.17064468562602997
/content/Dataset/Test/Real/real_4775.jpg,1,0,False,0.9627922773361206,0.03720767796039581
/content/Dataset/Test/Real/real_4776.jpg,1,1,True,0.10034932941198349,0.8996506333351135
/content/Dataset/Test/Real/real_4777.jpg,1,1,True,0.011847279034554958,0.9881526827812195
/content/Dataset/Test/Real/real_4778.jpg,1,1,True,0.15574511885643005,0.8442549109458923
/content/Dataset/Test/Real/real_4779.jpg,1,1,True,0.2805939018726349,0.7194060683250427
/content/Dataset/Test/Real/real_478.jpg,1,1,True,6.084233973524533e-05,0.9999392032623291
/content/Dataset/Test/Real/real_4780.jpg,1,1,True,0.04757259413599968,0.9524273872375488
/content/Dataset/Test/Real/real_4781.jpg,1,1,True,0.040219493210315704,0.9597804546356201
/content/Dataset/Test/Real/real_4782.jpg,1,1,True,0.0012505435151979327,0.9987494945526123
/content/Dataset/Test/Real/real_4783.jpg,1,1,True,0.0005453811609186232,0.99945467710495
/content/Dataset/Test/Real/real_4784.jpg,1,1,True,0.33365705609321594,0.6663429141044617
/content/Dataset/Test/Real/real_4785.jpg,1,0,False,0.8729340434074402,0.127065971493721
/content/Dataset/Test/Real/real_4786.jpg,1,0,False,0.9828438758850098,0.017156146466732025
/content/Dataset/Test/Real/real_4787.jpg,1,1,True,0.4269901514053345,0.5730099081993103
/content/Dataset/Test/Real/real_4788.jpg,1,1,True,0.0009062349563464522,0.999093770980835
/content/Dataset/Test/Real/real_4789.jpg,1,1,True,0.00010817038855748251,0.9998918771743774
/content/Dataset/Test/Real/real_479.jpg,1,0,False,0.861226499080658,0.13877354562282562
/content/Dataset/Test/Real/real_4790.jpg,1,1,True,0.003576952964067459,0.996423065662384
/content/Dataset/Test/Real/real_4791.jpg,1,1,True,0.001141193206422031,0.9988588094711304
/content/Dataset/Test/Real/real_4792.jpg,1,1,True,0.003213615855202079,0.99678635597229
/content/Dataset/Test/Real/real_4793.jpg,1,1,True,0.0127062713727355,0.9872937202453613
/content/Dataset/Test/Real/real_4794.jpg,1,1,True,0.000629712943919003,0.999370276927948
/content/Dataset/Test/Real/real_4795.jpg,1,0,False,0.6316774487495422,0.36832261085510254
/content/Dataset/Test/Real/real_4796.jpg,1,1,True,0.0003077723958995193,0.9996922016143799
/content/Dataset/Test/Real/real_4797.jpg,1,1,True,0.49023938179016113,0.5097605586051941
/content/Dataset/Test/Real/real_4798.jpg,1,1,True,0.0003461423621047288,0.9996538162231445
/content/Dataset/Test/Real/real_4799.jpg,1,1,True,0.07250039279460907,0.9274995923042297
/content/Dataset/Test/Real/real_48.jpg,1,1,True,0.0004226003075018525,0.9995773434638977
/content/Dataset/Test/Real/real_480.jpg,1,1,True,0.0002480845432728529,0.9997518658638
/content/Dataset/Test/Real/real_4800.jpg,1,1,True,0.00015123593038879335,0.9998487234115601
/content/Dataset/Test/Real/real_4801.jpg,1,1,True,0.01350004319101572,0.9864999651908875
/content/Dataset/Test/Real/real_4802.jpg,1,1,True,0.008433720096945763,0.9915662407875061
/content/Dataset/Test/Real/real_4803.jpg,1,1,True,0.05404919013381004,0.9459508657455444
/content/Dataset/Test/Real/real_4804.jpg,1,1,True,0.04041608050465584,0.9595839381217957
/content/Dataset/Test/Real/real_4805.jpg,1,0,False,0.9991515874862671,0.0008483632118441164
/content/Dataset/Test/Real/real_4806.jpg,1,0,False,0.8879882097244263,0.11201181262731552
/content/Dataset/Test/Real/real_4807.jpg,1,1,True,0.0004305110778659582,0.9995694756507874
/content/Dataset/Test/Real/real_4808.jpg,1,1,True,0.02762725204229355,0.9723727107048035
/content/Dataset/Test/Real/real_4809.jpg,1,1,True,0.008916991762816906,0.991083025932312
/content/Dataset/Test/Real/real_481.jpg,1,0,False,0.715247631072998,0.28475239872932434
/content/Dataset/Test/Real/real_4810.jpg,1,1,True,0.0001197898673126474,0.9998801946640015
/content/Dataset/Test/Real/real_4811.jpg,1,1,True,0.33765870332717896,0.662341296672821
/content/Dataset/Test/Real/real_4812.jpg,1,1,True,0.3999005854129791,0.6000994443893433
/content/Dataset/Test/Real/real_4813.jpg,1,1,True,0.02775813825428486,0.9722418785095215
/content/Dataset/Test/Real/real_4814.jpg,1,1,True,0.003483745502308011,0.996516227722168
/content/Dataset/Test/Real/real_4815.jpg,1,1,True,7.526809349656105e-05,0.9999247789382935
/content/Dataset/Test/Real/real_4816.jpg,1,1,True,0.006033657118678093,0.9939663410186768
/content/Dataset/Test/Real/real_4817.jpg,1,1,True,0.016704240813851357,0.983295738697052
/content/Dataset/Test/Real/real_4818.jpg,1,1,True,0.15130417048931122,0.8486958146095276
/content/Dataset/Test/Real/real_4819.jpg,1,1,True,0.06278084963560104,0.9372191429138184
/content/Dataset/Test/Real/real_482.jpg,1,1,True,0.00034599853097461164,0.9996540546417236
/content/Dataset/Test/Real/real_4820.jpg,1,0,False,0.5991083979606628,0.40089157223701477
/content/Dataset/Test/Real/real_4821.jpg,1,1,True,8.56593469507061e-05,0.999914288520813
/content/Dataset/Test/Real/real_4822.jpg,1,1,True,0.003636416979134083,0.9963635802268982
/content/Dataset/Test/Real/real_4823.jpg,1,1,True,0.045659881085157394,0.9543401598930359
/content/Dataset/Test/Real/real_4824.jpg,1,1,True,0.0011746985837817192,0.9988252520561218
/content/Dataset/Test/Real/real_4825.jpg,1,1,True,0.007930059917271137,0.9920699000358582
/content/Dataset/Test/Real/real_4826.jpg,1,1,True,0.45195499062538147,0.5480449795722961
/content/Dataset/Test/Real/real_4827.jpg,1,0,False,0.5106837749481201,0.48931625485420227
/content/Dataset/Test/Real/real_4828.jpg,1,1,True,0.22445043921470642,0.775549590587616
/content/Dataset/Test/Real/real_4829.jpg,1,1,True,0.009186402894556522,0.9908135533332825
/content/Dataset/Test/Real/real_483.jpg,1,1,True,0.004135597962886095,0.9958643913269043
/content/Dataset/Test/Real/real_4830.jpg,1,1,True,0.0006285557174123824,0.9993714690208435
/content/Dataset/Test/Real/real_4831.jpg,1,1,True,0.0017214006511494517,0.9982786178588867
/content/Dataset/Test/Real/real_4832.jpg,1,1,True,0.0005818414501845837,0.9994181394577026
/content/Dataset/Test/Real/real_4833.jpg,1,1,True,0.17381034791469574,0.8261896967887878
/content/Dataset/Test/Real/real_4834.jpg,1,0,False,0.7115550637245178,0.2884449362754822
/content/Dataset/Test/Real/real_4835.jpg,1,0,False,0.9578312039375305,0.04216884449124336
/content/Dataset/Test/Real/real_4836.jpg,1,0,False,0.9676604866981506,0.03233955800533295
/content/Dataset/Test/Real/real_4837.jpg,1,1,True,0.10668457299470901,0.8933154344558716
/content/Dataset/Test/Real/real_4838.jpg,1,0,False,0.9983783960342407,0.0016215984942391515
/content/Dataset/Test/Real/real_4839.jpg,1,0,False,0.9046177268028259,0.09538225084543228
/content/Dataset/Test/Real/real_484.jpg,1,1,True,0.0001609435712452978,0.9998390674591064
/content/Dataset/Test/Real/real_4840.jpg,1,0,False,0.9989545345306396,0.001045443583279848
/content/Dataset/Test/Real/real_4841.jpg,1,1,True,0.003602967830374837,0.996397078037262
/content/Dataset/Test/Real/real_4842.jpg,1,0,False,0.9898399114608765,0.010160119272768497
/content/Dataset/Test/Real/real_4843.jpg,1,1,True,0.006326592061668634,0.9936734437942505
/content/Dataset/Test/Real/real_4844.jpg,1,1,True,0.00303134648129344,0.996968686580658
/content/Dataset/Test/Real/real_4845.jpg,1,1,True,0.025134827941656113,0.974865198135376
/content/Dataset/Test/Real/real_4846.jpg,1,0,False,0.8677534461021423,0.13224661350250244
/content/Dataset/Test/Real/real_4847.jpg,1,1,True,0.14159315824508667,0.8584069013595581
/content/Dataset/Test/Real/real_4848.jpg,1,1,True,0.08761914074420929,0.9123809337615967
/content/Dataset/Test/Real/real_4849.jpg,1,0,False,0.8205941915512085,0.1794058084487915
/content/Dataset/Test/Real/real_485.jpg,1,1,True,0.07374553382396698,0.9262545108795166
/content/Dataset/Test/Real/real_4850.jpg,1,1,True,8.81453524925746e-05,0.999911904335022
/content/Dataset/Test/Real/real_4851.jpg,1,0,False,0.9917100071907043,0.008290030062198639
/content/Dataset/Test/Real/real_4852.jpg,1,0,False,0.9373490810394287,0.06265087425708771
/content/Dataset/Test/Real/real_4853.jpg,1,1,True,0.01706039160490036,0.982939600944519
/content/Dataset/Test/Real/real_4854.jpg,1,1,True,0.03986994922161102,0.9601300358772278
/content/Dataset/Test/Real/real_4855.jpg,1,1,True,0.0017547579482197762,0.9982452392578125
/content/Dataset/Test/Real/real_4856.jpg,1,1,True,0.06331576406955719,0.936684250831604
/content/Dataset/Test/Real/real_4857.jpg,1,1,True,0.005383799318224192,0.9946162104606628
/content/Dataset/Test/Real/real_4858.jpg,1,1,True,0.0005079577094875276,0.9994920492172241
/content/Dataset/Test/Real/real_4859.jpg,1,1,True,0.0027608107775449753,0.9972392320632935
/content/Dataset/Test/Real/real_486.jpg,1,1,True,0.0038408867549151182,0.9961590766906738
/content/Dataset/Test/Real/real_4860.jpg,1,1,True,0.0015251913573592901,0.9984747767448425
/content/Dataset/Test/Real/real_4861.jpg,1,1,True,0.01934824511408806,0.9806517958641052
/content/Dataset/Test/Real/real_4862.jpg,1,1,True,0.33565330505371094,0.6643466949462891
/content/Dataset/Test/Real/real_4863.jpg,1,0,False,0.9418465495109558,0.05815349146723747
/content/Dataset/Test/Real/real_4864.jpg,1,1,True,0.00372869148850441,0.9962712526321411
/content/Dataset/Test/Real/real_4865.jpg,1,0,False,0.817165732383728,0.18283434212207794
/content/Dataset/Test/Real/real_4866.jpg,1,1,True,0.0009126854129135609,0.9990873336791992
/content/Dataset/Test/Real/real_4867.jpg,1,1,True,0.05455449968576431,0.9454454779624939
/content/Dataset/Test/Real/real_4868.jpg,1,1,True,0.0008574189268983901,0.9991425275802612
/content/Dataset/Test/Real/real_4869.jpg,1,0,False,0.9660032391548157,0.03399674594402313
/content/Dataset/Test/Real/real_487.jpg,1,1,True,0.0005660013412125409,0.9994339346885681
/content/Dataset/Test/Real/real_4870.jpg,1,1,True,0.46325209736824036,0.5367478728294373
/content/Dataset/Test/Real/real_4871.jpg,1,1,True,0.47104647755622864,0.528953492641449
/content/Dataset/Test/Real/real_4872.jpg,1,1,True,0.006380552891641855,0.9936193823814392
/content/Dataset/Test/Real/real_4873.jpg,1,1,True,0.000475632754387334,0.9995243549346924
/content/Dataset/Test/Real/real_4874.jpg,1,0,False,0.9750730395317078,0.024926945567131042
/content/Dataset/Test/Real/real_4875.jpg,1,1,True,0.09819230437278748,0.9018077254295349
/content/Dataset/Test/Real/real_4876.jpg,1,1,True,0.009018583223223686,0.99098140001297
/content/Dataset/Test/Real/real_4877.jpg,1,1,True,0.39544618129730225,0.6045538187026978
/content/Dataset/Test/Real/real_4878.jpg,1,1,True,0.009849438443779945,0.9901505708694458
/content/Dataset/Test/Real/real_4879.jpg,1,1,True,0.0025418614968657494,0.9974581599235535
/content/Dataset/Test/Real/real_488.jpg,1,1,True,0.041592661291360855,0.9584073424339294
/content/Dataset/Test/Real/real_4880.jpg,1,1,True,0.08745779097080231,0.9125422239303589
/content/Dataset/Test/Real/real_4881.jpg,1,1,True,0.02447834424674511,0.9755216240882874
/content/Dataset/Test/Real/real_4882.jpg,1,1,True,0.04609821364283562,0.9539018273353577
/content/Dataset/Test/Real/real_4883.jpg,1,0,False,0.5923476815223694,0.4076523184776306
/content/Dataset/Test/Real/real_4884.jpg,1,1,True,0.0218950342386961,0.9781050086021423
/content/Dataset/Test/Real/real_4885.jpg,1,0,False,0.9644216299057007,0.03557838127017021
/content/Dataset/Test/Real/real_4886.jpg,1,1,True,0.00023213704116642475,0.9997678399085999
/content/Dataset/Test/Real/real_4887.jpg,1,1,True,6.885578477522358e-05,0.9999310970306396
/content/Dataset/Test/Real/real_4888.jpg,1,1,True,0.04175655171275139,0.9582434892654419
/content/Dataset/Test/Real/real_4889.jpg,1,0,False,0.9627657532691956,0.037234269082546234
/content/Dataset/Test/Real/real_489.jpg,1,1,True,0.0002800427027978003,0.9997199177742004
/content/Dataset/Test/Real/real_4890.jpg,1,1,True,0.05355429649353027,0.9464457631111145
/content/Dataset/Test/Real/real_4891.jpg,1,1,True,0.0032148626632988453,0.9967851638793945
/content/Dataset/Test/Real/real_4892.jpg,1,1,True,0.0024027444887906313,0.9975972771644592
/content/Dataset/Test/Real/real_4893.jpg,1,0,False,0.9854639172554016,0.014536084607243538
/content/Dataset/Test/Real/real_4894.jpg,1,0,False,0.6780385971069336,0.321961373090744
/content/Dataset/Test/Real/real_4895.jpg,1,0,False,0.986221969127655,0.013777956366539001
/content/Dataset/Test/Real/real_4896.jpg,1,0,False,0.9408926963806152,0.059107303619384766
/content/Dataset/Test/Real/real_4897.jpg,1,1,True,0.08711244910955429,0.9128875732421875
/content/Dataset/Test/Real/real_4898.jpg,1,1,True,0.432031512260437,0.567968487739563
/content/Dataset/Test/Real/real_4899.jpg,1,1,True,0.21992716193199158,0.780072808265686
/content/Dataset/Test/Real/real_49.jpg,1,1,True,0.21168385446071625,0.7883161902427673
/content/Dataset/Test/Real/real_490.jpg,1,0,False,0.6097069382667542,0.39029303193092346
/content/Dataset/Test/Real/real_4900.jpg,1,1,True,0.029263941571116447,0.9707360863685608
/content/Dataset/Test/Real/real_4901.jpg,1,1,True,0.00016788965149316937,0.999832034111023
/content/Dataset/Test/Real/real_4902.jpg,1,1,True,3.760265462915413e-05,0.9999624490737915
/content/Dataset/Test/Real/real_4903.jpg,1,1,True,0.04443631321191788,0.9555637240409851
/content/Dataset/Test/Real/real_4904.jpg,1,0,False,0.7242363691329956,0.27576369047164917
/content/Dataset/Test/Real/real_4905.jpg,1,1,True,0.021446391940116882,0.9785536527633667
/content/Dataset/Test/Real/real_4906.jpg,1,1,True,0.014536029659211636,0.9854639172554016
/content/Dataset/Test/Real/real_4907.jpg,1,0,False,0.8757568597793579,0.12424314767122269
/content/Dataset/Test/Real/real_4908.jpg,1,0,False,0.9443749785423279,0.055625081062316895
/content/Dataset/Test/Real/real_4909.jpg,1,1,True,0.003177747828885913,0.9968222379684448
/content/Dataset/Test/Real/real_491.jpg,1,0,False,0.9219168424606323,0.07808317989110947
/content/Dataset/Test/Real/real_4910.jpg,1,1,True,0.0029653962701559067,0.9970345497131348
/content/Dataset/Test/Real/real_4911.jpg,1,1,True,9.778522507986054e-05,0.9999022483825684
/content/Dataset/Test/Real/real_4912.jpg,1,1,True,0.0006330701871775091,0.9993669390678406
/content/Dataset/Test/Real/real_4913.jpg,1,1,True,6.445431790780276e-05,0.999935507774353
/content/Dataset/Test/Real/real_4914.jpg,1,1,True,0.0004637902311515063,0.9995362758636475
/content/Dataset/Test/Real/real_4915.jpg,1,0,False,0.9968801736831665,0.003119835164397955
/content/Dataset/Test/Real/real_4916.jpg,1,1,True,0.008082017302513123,0.9919180274009705
/content/Dataset/Test/Real/real_4917.jpg,1,1,True,0.00028303073486313224,0.9997169375419617
/content/Dataset/Test/Real/real_4918.jpg,1,1,True,0.1907123327255249,0.8092876672744751
/content/Dataset/Test/Real/real_4919.jpg,1,1,True,0.4717637598514557,0.5282362103462219
/content/Dataset/Test/Real/real_492.jpg,1,1,True,0.04219931364059448,0.9578006863594055
/content/Dataset/Test/Real/real_4920.jpg,1,0,False,0.8443912267684937,0.15560874342918396
/content/Dataset/Test/Real/real_4921.jpg,1,1,True,0.026955492794513702,0.9730445146560669
/content/Dataset/Test/Real/real_4922.jpg,1,0,False,0.8252143263816833,0.17478571832180023
/content/Dataset/Test/Real/real_4923.jpg,1,0,False,0.5589761734008789,0.4410238564014435
/content/Dataset/Test/Real/real_4924.jpg,1,0,False,0.72904372215271,0.2709563076496124
/content/Dataset/Test/Real/real_4925.jpg,1,1,True,0.052225250750780106,0.9477747082710266
/content/Dataset/Test/Real/real_4926.jpg,1,1,True,0.008595508523285389,0.9914044141769409
/content/Dataset/Test/Real/real_4927.jpg,1,0,False,0.9939560294151306,0.006044006906449795
/content/Dataset/Test/Real/real_4928.jpg,1,0,False,0.9859514236450195,0.014048601500689983
/content/Dataset/Test/Real/real_4929.jpg,1,1,True,0.003236067947000265,0.9967639446258545
/content/Dataset/Test/Real/real_493.jpg,1,1,True,0.029486248269677162,0.9705137014389038
/content/Dataset/Test/Real/real_4930.jpg,1,1,True,0.015751074999570847,0.9842489361763
/content/Dataset/Test/Real/real_4931.jpg,1,1,True,0.48307108879089355,0.5169289112091064
/content/Dataset/Test/Real/real_4932.jpg,1,1,True,0.019978530704975128,0.9800214171409607
/content/Dataset/Test/Real/real_4933.jpg,1,0,False,0.530103862285614,0.4698961675167084
/content/Dataset/Test/Real/real_4934.jpg,1,1,True,0.0434611514210701,0.9565389156341553
/content/Dataset/Test/Real/real_4935.jpg,1,1,True,0.04094498232007027,0.9590550661087036
/content/Dataset/Test/Real/real_4936.jpg,1,0,False,0.6044742465019226,0.3955257833003998
/content/Dataset/Test/Real/real_4937.jpg,1,1,True,0.053256720304489136,0.9467432498931885
/content/Dataset/Test/Real/real_4938.jpg,1,1,True,0.00011147266195621341,0.99988853931427
/content/Dataset/Test/Real/real_4939.jpg,1,0,False,0.9003873467445374,0.09961261600255966
/content/Dataset/Test/Real/real_494.jpg,1,1,True,8.12420403235592e-05,0.9999186992645264
/content/Dataset/Test/Real/real_4940.jpg,1,0,False,0.9995567202568054,0.00044320576125755906
/content/Dataset/Test/Real/real_4941.jpg,1,1,True,0.47440099716186523,0.5255990624427795
/content/Dataset/Test/Real/real_4942.jpg,1,1,True,0.05864677578210831,0.9413532614707947
/content/Dataset/Test/Real/real_4943.jpg,1,1,True,0.010725565254688263,0.9892744421958923
/content/Dataset/Test/Real/real_4944.jpg,1,1,True,0.26188698410987854,0.7381129860877991
/content/Dataset/Test/Real/real_4945.jpg,1,1,True,0.000998466624878347,0.9990015625953674
/content/Dataset/Test/Real/real_4946.jpg,1,1,True,0.2049284726381302,0.795071542263031
/content/Dataset/Test/Real/real_4947.jpg,1,1,True,0.007531323935836554,0.9924686551094055
/content/Dataset/Test/Real/real_4948.jpg,1,0,False,0.7091894745826721,0.2908104956150055
/content/Dataset/Test/Real/real_4949.jpg,1,0,False,0.7835645079612732,0.21643546223640442
/content/Dataset/Test/Real/real_495.jpg,1,1,True,0.41818827390670776,0.5818117260932922
/content/Dataset/Test/Real/real_4950.jpg,1,0,False,0.5657445788383484,0.4342554211616516
/content/Dataset/Test/Real/real_4951.jpg,1,1,True,0.006301437970250845,0.9936984777450562
/content/Dataset/Test/Real/real_4952.jpg,1,1,True,0.27869319915771484,0.7213068008422852
/content/Dataset/Test/Real/real_4953.jpg,1,1,True,0.4863831698894501,0.5136168599128723
/content/Dataset/Test/Real/real_4954.jpg,1,1,True,8.012452599359676e-05,0.9999198913574219
/content/Dataset/Test/Real/real_4955.jpg,1,1,True,0.144048810005188,0.8559511303901672
/content/Dataset/Test/Real/real_4956.jpg,1,1,True,0.0038870288990437984,0.9961129426956177
/content/Dataset/Test/Real/real_4957.jpg,1,1,True,0.00013756960106547922,0.9998624324798584
/content/Dataset/Test/Real/real_4958.jpg,1,0,False,0.9996711015701294,0.00032894566538743675
/content/Dataset/Test/Real/real_4959.jpg,1,1,True,0.002875662874430418,0.9971243739128113
/content/Dataset/Test/Real/real_496.jpg,1,1,True,0.005605383310467005,0.9943946599960327
/content/Dataset/Test/Real/real_4960.jpg,1,1,True,0.00018340960377827287,0.9998165965080261
/content/Dataset/Test/Real/real_4961.jpg,1,1,True,0.10078061372041702,0.8992193937301636
/content/Dataset/Test/Real/real_4962.jpg,1,1,True,7.396682485705242e-05,0.999925971031189
/content/Dataset/Test/Real/real_4963.jpg,1,1,True,0.00013264140579849482,0.99986732006073
/content/Dataset/Test/Real/real_4964.jpg,1,1,True,0.014791827648878098,0.9852081537246704
/content/Dataset/Test/Real/real_4965.jpg,1,1,True,6.386627501342446e-05,0.9999361038208008
/content/Dataset/Test/Real/real_4966.jpg,1,1,True,0.2178790271282196,0.7821210026741028
/content/Dataset/Test/Real/real_4967.jpg,1,0,False,0.9997618794441223,0.0002381177037023008
/content/Dataset/Test/Real/real_4968.jpg,1,0,False,0.9725305438041687,0.027469461783766747
/content/Dataset/Test/Real/real_4969.jpg,1,1,True,0.02487414889037609,0.9751258492469788
/content/Dataset/Test/Real/real_497.jpg,1,1,True,0.0026932302862405777,0.9973068237304688
/content/Dataset/Test/Real/real_4970.jpg,1,1,True,0.044376157224178314,0.9556239247322083
/content/Dataset/Test/Real/real_4971.jpg,1,1,True,0.03140879049897194,0.9685912132263184
/content/Dataset/Test/Real/real_4972.jpg,1,1,True,0.2879452109336853,0.7120547890663147
/content/Dataset/Test/Real/real_4973.jpg,1,1,True,0.03778291866183281,0.9622170329093933
/content/Dataset/Test/Real/real_4974.jpg,1,1,True,0.001866965088993311,0.9981330037117004
/content/Dataset/Test/Real/real_4975.jpg,1,1,True,0.047451116144657135,0.9525488615036011
/content/Dataset/Test/Real/real_4976.jpg,1,1,True,0.0004018243052996695,0.9995982050895691
/content/Dataset/Test/Real/real_4977.jpg,1,0,False,0.9528249502182007,0.04717507213354111
/content/Dataset/Test/Real/real_4978.jpg,1,0,False,0.9986452460289001,0.0013547466369345784
/content/Dataset/Test/Real/real_4979.jpg,1,0,False,0.9827104210853577,0.01728961057960987
/content/Dataset/Test/Real/real_498.jpg,1,1,True,8.4326857177075e-05,0.9999157190322876
/content/Dataset/Test/Real/real_4980.jpg,1,1,True,0.3553672432899475,0.6446326971054077
/content/Dataset/Test/Real/real_4981.jpg,1,1,True,0.019567102193832397,0.9804328680038452
/content/Dataset/Test/Real/real_4982.jpg,1,1,True,0.2677873373031616,0.7322126626968384
/content/Dataset/Test/Real/real_4983.jpg,1,1,True,0.0007313806563615799,0.9992685914039612
/content/Dataset/Test/Real/real_4984.jpg,1,1,True,0.0018382207490503788,0.9981617331504822
/content/Dataset/Test/Real/real_4985.jpg,1,1,True,0.17421936988830566,0.8257806301116943
/content/Dataset/Test/Real/real_4986.jpg,1,1,True,0.0001625067670829594,0.9998375177383423
/content/Dataset/Test/Real/real_4987.jpg,1,1,True,0.0016692883800715208,0.9983307719230652
/content/Dataset/Test/Real/real_4988.jpg,1,0,False,0.9902166128158569,0.009783418849110603
/content/Dataset/Test/Real/real_4989.jpg,1,1,True,0.00036493781954050064,0.9996351003646851
/content/Dataset/Test/Real/real_499.jpg,1,1,True,0.0003192793810740113,0.999680757522583
/content/Dataset/Test/Real/real_4990.jpg,1,1,True,0.0008447510772384703,0.9991552829742432
/content/Dataset/Test/Real/real_4991.jpg,1,0,False,0.9929392337799072,0.007060782518237829
/content/Dataset/Test/Real/real_4992.jpg,1,0,False,0.9992210865020752,0.0007789176306687295
/content/Dataset/Test/Real/real_4993.jpg,1,1,True,0.008478609845042229,0.9915213584899902
/content/Dataset/Test/Real/real_4994.jpg,1,1,True,0.08418317884206772,0.9158167839050293
/content/Dataset/Test/Real/real_4995.jpg,1,1,True,0.11222346127033234,0.8877765536308289
/content/Dataset/Test/Real/real_4996.jpg,1,1,True,0.001052409177646041,0.9989475607872009
/content/Dataset/Test/Real/real_4997.jpg,1,1,True,0.042845968157052994,0.9571540355682373
/content/Dataset/Test/Real/real_4998.jpg,1,1,True,0.04751373454928398,0.9524863362312317
/content/Dataset/Test/Real/real_4999.jpg,1,0,False,0.9678902626037598,0.03210970014333725
/content/Dataset/Test/Real/real_5.jpg,1,1,True,0.003133973339572549,0.9968660473823547
/content/Dataset/Test/Real/real_50.jpg,1,1,True,0.00010193255002377555,0.9998980760574341
/content/Dataset/Test/Real/real_500.jpg,1,1,True,0.2098604440689087,0.7901395559310913
/content/Dataset/Test/Real/real_5000.jpg,1,1,True,0.017401231452822685,0.9825987815856934
/content/Dataset/Test/Real/real_5001.jpg,1,0,False,0.881878137588501,0.1181219294667244
/content/Dataset/Test/Real/real_5002.jpg,1,1,True,0.01785646378993988,0.9821435809135437
/content/Dataset/Test/Real/real_5003.jpg,1,1,True,0.08075079321861267,0.9192492365837097
/content/Dataset/Test/Real/real_5004.jpg,1,1,True,0.003735122038051486,0.9962648749351501
/content/Dataset/Test/Real/real_5005.jpg,1,0,False,0.9387649297714233,0.061235036700963974
/content/Dataset/Test/Real/real_5006.jpg,1,1,True,0.0010170857422053814,0.998982846736908
/content/Dataset/Test/Real/real_5007.jpg,1,1,True,0.000824074842967093,0.9991758465766907
/content/Dataset/Test/Real/real_5008.jpg,1,1,True,0.0004674474766943604,0.9995325803756714
/content/Dataset/Test/Real/real_5009.jpg,1,0,False,0.8927761912345886,0.10722384601831436
/content/Dataset/Test/Real/real_501.jpg,1,1,True,0.13352863490581512,0.8664713501930237
/content/Dataset/Test/Real/real_5010.jpg,1,1,True,0.010309872217476368,0.9896901845932007
/content/Dataset/Test/Real/real_5011.jpg,1,1,True,0.12963463366031647,0.8703654408454895
/content/Dataset/Test/Real/real_5012.jpg,1,0,False,0.5471879243850708,0.4528120458126068
/content/Dataset/Test/Real/real_5013.jpg,1,0,False,0.9971386194229126,0.002861354034394026
/content/Dataset/Test/Real/real_5014.jpg,1,1,True,0.00594535656273365,0.9940546154975891
/content/Dataset/Test/Real/real_5015.jpg,1,1,True,0.018153905868530273,0.981846034526825
/content/Dataset/Test/Real/real_5016.jpg,1,0,False,0.5626283288002014,0.43737170100212097
/content/Dataset/Test/Real/real_5017.jpg,1,0,False,0.9595313668251038,0.04046861454844475
/content/Dataset/Test/Real/real_5018.jpg,1,0,False,0.646949827671051,0.35305020213127136
/content/Dataset/Test/Real/real_5019.jpg,1,0,False,0.9944209456443787,0.005579041782766581
/content/Dataset/Test/Real/real_502.jpg,1,1,True,0.00023065184359438717,0.999769389629364
/content/Dataset/Test/Real/real_5020.jpg,1,1,True,0.25984546542167664,0.740154504776001
/content/Dataset/Test/Real/real_5021.jpg,1,1,True,0.030179684981703758,0.9698202610015869
/content/Dataset/Test/Real/real_5022.jpg,1,1,True,0.41988828778266907,0.5801117420196533
/content/Dataset/Test/Real/real_5023.jpg,1,1,True,0.003948030527681112,0.9960519671440125
/content/Dataset/Test/Real/real_5024.jpg,1,1,True,0.0003005813923664391,0.9996994733810425
/content/Dataset/Test/Real/real_5025.jpg,1,1,True,0.007622046861797571,0.9923779964447021
/content/Dataset/Test/Real/real_5026.jpg,1,0,False,0.9956854581832886,0.004314616788178682
/content/Dataset/Test/Real/real_5027.jpg,1,1,True,0.42559191584587097,0.5744081139564514
/content/Dataset/Test/Real/real_5028.jpg,1,1,True,0.00029332024860195816,0.9997066855430603
/content/Dataset/Test/Real/real_5029.jpg,1,1,True,0.00012548088852781802,0.999874472618103
/content/Dataset/Test/Real/real_503.jpg,1,0,False,0.8666189312934875,0.13338102400302887
/content/Dataset/Test/Real/real_5030.jpg,1,1,True,0.22619502246379852,0.7738050222396851
/content/Dataset/Test/Real/real_5031.jpg,1,1,True,0.27637675404548645,0.7236232161521912
/content/Dataset/Test/Real/real_5032.jpg,1,1,True,0.0007517024641856551,0.9992483258247375
/content/Dataset/Test/Real/real_5033.jpg,1,1,True,0.000697097391821444,0.999302864074707
/content/Dataset/Test/Real/real_5034.jpg,1,1,True,0.0001127688810811378,0.999887228012085
/content/Dataset/Test/Real/real_5035.jpg,1,1,True,0.0029113313648849726,0.9970887303352356
/content/Dataset/Test/Real/real_5036.jpg,1,1,True,0.00011429249570937827,0.9998856782913208
/content/Dataset/Test/Real/real_5037.jpg,1,0,False,0.9994390606880188,0.000560924643650651
/content/Dataset/Test/Real/real_5038.jpg,1,1,True,0.0007976229535415769,0.9992024302482605
/content/Dataset/Test/Real/real_5039.jpg,1,1,True,0.000320870109135285,0.9996790885925293
/content/Dataset/Test/Real/real_504.jpg,1,1,True,0.0004452846187632531,0.9995546936988831
/content/Dataset/Test/Real/real_5040.jpg,1,1,True,0.001114278449676931,0.9988856911659241
/content/Dataset/Test/Real/real_5041.jpg,1,1,True,0.008202962577342987,0.9917969703674316
/content/Dataset/Test/Real/real_5042.jpg,1,1,True,0.00526081258431077,0.9947392344474792
/content/Dataset/Test/Real/real_5043.jpg,1,1,True,0.01818181574344635,0.9818181395530701
/content/Dataset/Test/Real/real_5044.jpg,1,1,True,7.216152880573645e-05,0.9999278783798218
/content/Dataset/Test/Real/real_5045.jpg,1,1,True,0.0017836109036579728,0.9982163310050964
/content/Dataset/Test/Real/real_5046.jpg,1,1,True,0.004122735001146793,0.9958772659301758
/content/Dataset/Test/Real/real_5047.jpg,1,1,True,0.015390309505164623,0.9846097230911255
/content/Dataset/Test/Real/real_5048.jpg,1,1,True,8.282080671051517e-05,0.9999171495437622
/content/Dataset/Test/Real/real_5049.jpg,1,1,True,0.04554607719182968,0.9544539451599121
/content/Dataset/Test/Real/real_505.jpg,1,1,True,0.0034438874572515488,0.9965561628341675
/content/Dataset/Test/Real/real_5050.jpg,1,1,True,9.091173706110567e-05,0.9999090433120728
/content/Dataset/Test/Real/real_5051.jpg,1,1,True,0.02491428703069687,0.9750857353210449
/content/Dataset/Test/Real/real_5052.jpg,1,1,True,0.040994253009557724,0.9590057134628296
/content/Dataset/Test/Real/real_5053.jpg,1,0,False,0.6841736435890198,0.3158263564109802
/content/Dataset/Test/Real/real_5054.jpg,1,1,True,0.0034628065768629313,0.9965372085571289
/content/Dataset/Test/Real/real_5055.jpg,1,1,True,0.057143546640872955,0.9428564310073853
/content/Dataset/Test/Real/real_5056.jpg,1,1,True,0.0002487826277501881,0.9997512698173523
/content/Dataset/Test/Real/real_5057.jpg,1,1,True,0.36446553468704224,0.6355344653129578
/content/Dataset/Test/Real/real_5058.jpg,1,1,True,0.0018863830482587218,0.9981136322021484
/content/Dataset/Test/Real/real_5059.jpg,1,1,True,0.001235837466083467,0.998764157295227
/content/Dataset/Test/Real/real_506.jpg,1,0,False,0.9557858109474182,0.04421422258019447
/content/Dataset/Test/Real/real_5060.jpg,1,1,True,0.08200297504663467,0.9179970026016235
/content/Dataset/Test/Real/real_5061.jpg,1,1,True,0.009468194097280502,0.9905318021774292
/content/Dataset/Test/Real/real_5062.jpg,1,1,True,0.04519716650247574,0.9548028111457825
/content/Dataset/Test/Real/real_5063.jpg,1,1,True,0.18630854785442352,0.8136914372444153
/content/Dataset/Test/Real/real_5064.jpg,1,1,True,0.04633238911628723,0.9536675810813904
/content/Dataset/Test/Real/real_5065.jpg,1,1,True,0.0002913922944571823,0.9997085928916931
/content/Dataset/Test/Real/real_5066.jpg,1,1,True,0.0033407851587980986,0.9966592788696289
/content/Dataset/Test/Real/real_5067.jpg,1,1,True,0.03311920538544655,0.9668808579444885
/content/Dataset/Test/Real/real_5068.jpg,1,1,True,0.004072926007211208,0.9959270358085632
/content/Dataset/Test/Real/real_5069.jpg,1,0,False,0.7912955284118652,0.20870442688465118
/content/Dataset/Test/Real/real_507.jpg,1,1,True,0.0002547923068050295,0.9997451901435852
/content/Dataset/Test/Real/real_5070.jpg,1,1,True,0.004191174171864986,0.9958088397979736
/content/Dataset/Test/Real/real_5071.jpg,1,1,True,0.004568132106214762,0.9954319000244141
/content/Dataset/Test/Real/real_5072.jpg,1,1,True,0.00021905175526626408,0.9997809529304504
/content/Dataset/Test/Real/real_5073.jpg,1,1,True,0.005633322987705469,0.9943667054176331
/content/Dataset/Test/Real/real_5074.jpg,1,0,False,0.9903056621551514,0.009694293141365051
/content/Dataset/Test/Real/real_5075.jpg,1,0,False,0.8071050643920898,0.19289496541023254
/content/Dataset/Test/Real/real_5076.jpg,1,1,True,0.0433758907020092,0.9566240906715393
/content/Dataset/Test/Real/real_5077.jpg,1,1,True,0.00014311145059764385,0.9998568296432495
/content/Dataset/Test/Real/real_5078.jpg,1,1,True,0.2036164402961731,0.7963835597038269
/content/Dataset/Test/Real/real_5079.jpg,1,1,True,0.10849487036466599,0.8915051817893982
/content/Dataset/Test/Real/real_508.jpg,1,1,True,0.06721454113721848,0.9327855110168457
/content/Dataset/Test/Real/real_5080.jpg,1,1,True,0.2967449128627777,0.7032550573348999
/content/Dataset/Test/Real/real_5081.jpg,1,0,False,0.5078849196434021,0.4921151101589203
/content/Dataset/Test/Real/real_5082.jpg,1,1,True,0.0012674869503825903,0.9987325072288513
/content/Dataset/Test/Real/real_5083.jpg,1,1,True,0.021309051662683487,0.9786909818649292
/content/Dataset/Test/Real/real_5084.jpg,1,1,True,0.0013230476761236787,0.9986769556999207
/content/Dataset/Test/Real/real_5085.jpg,1,0,False,0.999452531337738,0.0005474816425703466
/content/Dataset/Test/Real/real_5086.jpg,1,0,False,0.9996144771575928,0.0003854435926768929
/content/Dataset/Test/Real/real_5087.jpg,1,1,True,0.00025232453481294215,0.9997476935386658
/content/Dataset/Test/Real/real_5088.jpg,1,1,True,0.02371012233197689,0.9762899279594421
/content/Dataset/Test/Real/real_5089.jpg,1,0,False,0.5263965725898743,0.4736034572124481
/content/Dataset/Test/Real/real_509.jpg,1,1,True,0.0001690668723313138,0.999830961227417
/content/Dataset/Test/Real/real_5090.jpg,1,1,True,0.010885162279009819,0.9891148805618286
/content/Dataset/Test/Real/real_5091.jpg,1,1,True,0.05334581062197685,0.9466542601585388
/content/Dataset/Test/Real/real_5092.jpg,1,1,True,6.866759940749034e-05,0.9999313354492188
/content/Dataset/Test/Real/real_5093.jpg,1,1,True,4.4673277443507686e-05,0.9999552965164185
/content/Dataset/Test/Real/real_5094.jpg,1,1,True,0.00021307599672582,0.999786913394928
/content/Dataset/Test/Real/real_5095.jpg,1,1,True,0.0010438687168061733,0.9989560842514038
/content/Dataset/Test/Real/real_5096.jpg,1,1,True,0.0840514525771141,0.9159485697746277
/content/Dataset/Test/Real/real_5097.jpg,1,1,True,0.0017439313232898712,0.9982560276985168
/content/Dataset/Test/Real/real_5098.jpg,1,0,False,0.6606220006942749,0.3393779993057251
/content/Dataset/Test/Real/real_5099.jpg,1,1,True,4.974322655471042e-05,0.9999502897262573
/content/Dataset/Test/Real/real_51.jpg,1,1,True,0.0006700681988149881,0.9993299245834351
/content/Dataset/Test/Real/real_510.jpg,1,1,True,0.1298808604478836,0.8701191544532776
/content/Dataset/Test/Real/real_5100.jpg,1,1,True,0.03610875830054283,0.9638912677764893
/content/Dataset/Test/Real/real_5101.jpg,1,1,True,0.1609014868736267,0.8390985131263733
/content/Dataset/Test/Real/real_5102.jpg,1,1,True,0.21976521611213684,0.7802347540855408
/content/Dataset/Test/Real/real_5103.jpg,1,1,True,0.11089912056922913,0.8891008496284485
/content/Dataset/Test/Real/real_5104.jpg,1,0,False,0.5108165740966797,0.4891834855079651
/content/Dataset/Test/Real/real_5105.jpg,1,1,True,0.11221590638160706,0.8877841234207153
/content/Dataset/Test/Real/real_5106.jpg,1,1,True,0.01740061119198799,0.9825993776321411
/content/Dataset/Test/Real/real_5107.jpg,1,1,True,0.00012926411000080407,0.999870777130127
/content/Dataset/Test/Real/real_5108.jpg,1,1,True,0.08160325884819031,0.9183967113494873
/content/Dataset/Test/Real/real_5109.jpg,1,1,True,0.0005275370203889906,0.999472439289093
/content/Dataset/Test/Real/real_511.jpg,1,1,True,0.12597253918647766,0.8740274906158447
/content/Dataset/Test/Real/real_5110.jpg,1,0,False,0.8133894801139832,0.18661053478717804
/content/Dataset/Test/Real/real_5111.jpg,1,1,True,0.00166522862855345,0.9983348250389099
/content/Dataset/Test/Real/real_5112.jpg,1,1,True,0.021879490464925766,0.9781205058097839
/content/Dataset/Test/Real/real_5113.jpg,1,1,True,0.010116907767951488,0.9898831248283386
/content/Dataset/Test/Real/real_5114.jpg,1,1,True,0.11286579072475433,0.8871341943740845
/content/Dataset/Test/Real/real_5115.jpg,1,1,True,0.012978758662939072,0.987021267414093
/content/Dataset/Test/Real/real_5116.jpg,1,0,False,0.9868839383125305,0.013116136193275452
/content/Dataset/Test/Real/real_5117.jpg,1,1,True,0.01868198998272419,0.9813180565834045
/content/Dataset/Test/Real/real_5118.jpg,1,1,True,0.007441163063049316,0.9925588369369507
/content/Dataset/Test/Real/real_5119.jpg,1,1,True,0.002000303938984871,0.9979997277259827
/content/Dataset/Test/Real/real_512.jpg,1,0,False,0.979220986366272,0.020779045298695564
/content/Dataset/Test/Real/real_5120.jpg,1,1,True,0.0003317476366646588,0.9996682405471802
/content/Dataset/Test/Real/real_5121.jpg,1,1,True,0.00011634214024525136,0.9998836517333984
/content/Dataset/Test/Real/real_5122.jpg,1,1,True,0.005759711377322674,0.9942402839660645
/content/Dataset/Test/Real/real_5123.jpg,1,1,True,0.0016509293345734477,0.9983490705490112
/content/Dataset/Test/Real/real_5124.jpg,1,1,True,0.20730607211589813,0.7926939129829407
/content/Dataset/Test/Real/real_5125.jpg,1,1,True,0.01940804161131382,0.9805919528007507
/content/Dataset/Test/Real/real_5126.jpg,1,1,True,7.11526008672081e-05,0.9999288320541382
/content/Dataset/Test/Real/real_5127.jpg,1,1,True,0.005277743097394705,0.9947222471237183
/content/Dataset/Test/Real/real_5128.jpg,1,1,True,0.34632062911987305,0.6536793112754822
/content/Dataset/Test/Real/real_5129.jpg,1,0,False,0.9302482008934021,0.0697518140077591
/content/Dataset/Test/Real/real_513.jpg,1,1,True,0.0003670983714982867,0.9996328353881836
/content/Dataset/Test/Real/real_5130.jpg,1,1,True,0.00014419551007449627,0.9998557567596436
/content/Dataset/Test/Real/real_5131.jpg,1,1,True,0.0041666533797979355,0.9958332777023315
/content/Dataset/Test/Real/real_5132.jpg,1,1,True,0.0001360543683404103,0.9998639822006226
/content/Dataset/Test/Real/real_5133.jpg,1,0,False,0.6805962324142456,0.319403737783432
/content/Dataset/Test/Real/real_5134.jpg,1,1,True,0.013937179930508137,0.9860628247261047
/content/Dataset/Test/Real/real_5135.jpg,1,0,False,0.8773971199989319,0.12260288000106812
/content/Dataset/Test/Real/real_5136.jpg,1,1,True,0.0001163308261311613,0.9998836517333984
/content/Dataset/Test/Real/real_5137.jpg,1,1,True,7.161351095419377e-05,0.99992835521698
/content/Dataset/Test/Real/real_5138.jpg,1,1,True,0.00035641566500999033,0.9996435642242432
/content/Dataset/Test/Real/real_5139.jpg,1,1,True,0.0008687131921760738,0.9991312623023987
/content/Dataset/Test/Real/real_514.jpg,1,1,True,0.0015344051644206047,0.9984656572341919
/content/Dataset/Test/Real/real_5140.jpg,1,0,False,0.7565573453903198,0.24344265460968018
/content/Dataset/Test/Real/real_5141.jpg,1,0,False,0.8160075545310974,0.18399247527122498
/content/Dataset/Test/Real/real_5142.jpg,1,0,False,0.936147928237915,0.06385210156440735
/content/Dataset/Test/Real/real_5143.jpg,1,1,True,0.005999943241477013,0.9940000772476196
/content/Dataset/Test/Real/real_5144.jpg,1,1,True,0.0014232492540031672,0.9985767602920532
/content/Dataset/Test/Real/real_5145.jpg,1,0,False,0.8327646851539612,0.16723531484603882
/content/Dataset/Test/Real/real_5146.jpg,1,0,False,0.9803070425987244,0.019692959263920784
/content/Dataset/Test/Real/real_5147.jpg,1,1,True,0.17987221479415894,0.8201277852058411
/content/Dataset/Test/Real/real_5148.jpg,1,1,True,0.0002744894882198423,0.9997255206108093
/content/Dataset/Test/Real/real_5149.jpg,1,1,True,0.13750363886356354,0.8624963164329529
/content/Dataset/Test/Real/real_515.jpg,1,1,True,8.604946197010577e-05,0.9999139308929443
/content/Dataset/Test/Real/real_5150.jpg,1,1,True,0.0006864406168460846,0.9993135929107666
/content/Dataset/Test/Real/real_5151.jpg,1,1,True,0.00024461315479129553,0.9997554421424866
/content/Dataset/Test/Real/real_5152.jpg,1,1,True,9.553864219924435e-05,0.9999043941497803
/content/Dataset/Test/Real/real_5153.jpg,1,1,True,0.00014668618678115308,0.999853253364563
/content/Dataset/Test/Real/real_5154.jpg,1,1,True,0.00027238615439273417,0.9997275471687317
/content/Dataset/Test/Real/real_5155.jpg,1,1,True,0.00013309979112818837,0.9998668432235718
/content/Dataset/Test/Real/real_5156.jpg,1,1,True,0.29602694511413574,0.7039729952812195
/content/Dataset/Test/Real/real_5157.jpg,1,1,True,0.14578184485435486,0.8542181253433228
/content/Dataset/Test/Real/real_5158.jpg,1,1,True,0.0004021048080176115,0.99959796667099
/content/Dataset/Test/Real/real_5159.jpg,1,1,True,0.00031639798544347286,0.9996836185455322
/content/Dataset/Test/Real/real_516.jpg,1,1,True,8.276530570583418e-05,0.9999172687530518
/content/Dataset/Test/Real/real_5160.jpg,1,1,True,0.000159052899107337,0.9998409748077393
/content/Dataset/Test/Real/real_5161.jpg,1,1,True,0.000564834859687835,0.9994351267814636
/content/Dataset/Test/Real/real_5162.jpg,1,0,False,0.9283416867256165,0.07165829092264175
/content/Dataset/Test/Real/real_5163.jpg,1,0,False,0.8947961330413818,0.10520389676094055
/content/Dataset/Test/Real/real_5164.jpg,1,0,False,0.960239827632904,0.039760198444128036
/content/Dataset/Test/Real/real_5165.jpg,1,1,True,0.0008167412015609443,0.9991832375526428
/content/Dataset/Test/Real/real_5166.jpg,1,1,True,0.002053187694400549,0.9979467988014221
/content/Dataset/Test/Real/real_5167.jpg,1,1,True,6.226625555427745e-05,0.9999377727508545
/content/Dataset/Test/Real/real_5168.jpg,1,1,True,6.881732406327501e-05,0.9999312162399292
/content/Dataset/Test/Real/real_5169.jpg,1,1,True,0.3049842119216919,0.6950157284736633
/content/Dataset/Test/Real/real_517.jpg,1,1,True,0.0019772518426179886,0.9980227947235107
/content/Dataset/Test/Real/real_5170.jpg,1,1,True,0.06377971172332764,0.9362202882766724
/content/Dataset/Test/Real/real_5171.jpg,1,0,False,0.7356908321380615,0.26430919766426086
/content/Dataset/Test/Real/real_5172.jpg,1,1,True,0.0007853407878428698,0.9992146492004395
/content/Dataset/Test/Real/real_5173.jpg,1,1,True,0.4120359718799591,0.5879640579223633
/content/Dataset/Test/Real/real_5174.jpg,1,1,True,0.0520874559879303,0.9479125738143921
/content/Dataset/Test/Real/real_5175.jpg,1,1,True,0.002933064242824912,0.9970669150352478
/content/Dataset/Test/Real/real_5176.jpg,1,1,True,0.25932130217552185,0.7406786680221558
/content/Dataset/Test/Real/real_5177.jpg,1,0,False,0.7585445046424866,0.24145551025867462
/content/Dataset/Test/Real/real_5178.jpg,1,1,True,0.03440673276782036,0.9655932784080505
/content/Dataset/Test/Real/real_5179.jpg,1,1,True,0.1890881210565567,0.8109118938446045
/content/Dataset/Test/Real/real_518.jpg,1,1,True,5.170701479073614e-05,0.999948263168335
/content/Dataset/Test/Real/real_5180.jpg,1,1,True,0.0016616942593827844,0.9983382225036621
/content/Dataset/Test/Real/real_5181.jpg,1,1,True,0.00023736829461995512,0.9997625946998596
/content/Dataset/Test/Real/real_5182.jpg,1,1,True,0.0003750943869818002,0.9996248483657837
/content/Dataset/Test/Real/real_5183.jpg,1,1,True,0.007213663309812546,0.9927863478660583
/content/Dataset/Test/Real/real_5184.jpg,1,1,True,0.0013978054048493505,0.9986022114753723
/content/Dataset/Test/Real/real_5185.jpg,1,1,True,0.000717569375410676,0.9992824196815491
/content/Dataset/Test/Real/real_5186.jpg,1,1,True,0.005589893553406,0.9944100975990295
/content/Dataset/Test/Real/real_5187.jpg,1,0,False,0.9188275337219238,0.0811723917722702
/content/Dataset/Test/Real/real_5188.jpg,1,1,True,0.0018453702796250582,0.9981545805931091
/content/Dataset/Test/Real/real_5189.jpg,1,1,True,0.05103381723165512,0.9489662051200867
/content/Dataset/Test/Real/real_519.jpg,1,1,True,0.0010238605318590999,0.9989761114120483
/content/Dataset/Test/Real/real_5190.jpg,1,1,True,5.483000131789595e-05,0.9999451637268066
/content/Dataset/Test/Real/real_5191.jpg,1,1,True,0.0006536700529977679,0.9993463158607483
/content/Dataset/Test/Real/real_5192.jpg,1,1,True,0.19410164654254913,0.8058983683586121
/content/Dataset/Test/Real/real_5193.jpg,1,0,False,0.9158660173416138,0.08413396775722504
/content/Dataset/Test/Real/real_5194.jpg,1,1,True,0.0007508483831770718,0.9992491602897644
/content/Dataset/Test/Real/real_5195.jpg,1,1,True,9.311574103776366e-05,0.9999068975448608
/content/Dataset/Test/Real/real_5196.jpg,1,0,False,0.998441755771637,0.0015582317719236016
/content/Dataset/Test/Real/real_5197.jpg,1,0,False,0.9987657070159912,0.0012343503767624497
/content/Dataset/Test/Real/real_5198.jpg,1,0,False,0.9383959770202637,0.06160401925444603
/content/Dataset/Test/Real/real_5199.jpg,1,1,True,0.07927686721086502,0.9207231402397156
/content/Dataset/Test/Real/real_52.jpg,1,1,True,4.267456097295508e-05,0.9999573230743408
/content/Dataset/Test/Real/real_520.jpg,1,1,True,0.0018777159275487065,0.9981222748756409
/content/Dataset/Test/Real/real_5200.jpg,1,1,True,0.4425272047519684,0.557472825050354
/content/Dataset/Test/Real/real_5201.jpg,1,1,True,0.3050471544265747,0.6949529051780701
/content/Dataset/Test/Real/real_5202.jpg,1,1,True,0.002369687892496586,0.99763023853302
/content/Dataset/Test/Real/real_5203.jpg,1,1,True,0.021960223093628883,0.9780398011207581
/content/Dataset/Test/Real/real_5204.jpg,1,1,True,0.06184781715273857,0.9381521940231323
/content/Dataset/Test/Real/real_5205.jpg,1,1,True,0.20275026559829712,0.7972497940063477
/content/Dataset/Test/Real/real_5206.jpg,1,1,True,0.00010358064173487946,0.9998964071273804
/content/Dataset/Test/Real/real_5207.jpg,1,1,True,0.00013953837333247066,0.999860405921936
/content/Dataset/Test/Real/real_5208.jpg,1,1,True,0.031192701309919357,0.9688073396682739
/content/Dataset/Test/Real/real_5209.jpg,1,1,True,0.00028449081582948565,0.9997155070304871
/content/Dataset/Test/Real/real_521.jpg,1,1,True,8.069031173363328e-05,0.9999192953109741
/content/Dataset/Test/Real/real_5210.jpg,1,1,True,0.00016480138583574444,0.9998351335525513
/content/Dataset/Test/Real/real_5211.jpg,1,1,True,0.020708268508315086,0.9792917370796204
/content/Dataset/Test/Real/real_5212.jpg,1,1,True,0.0024981913156807423,0.997501790523529
/content/Dataset/Test/Real/real_5213.jpg,1,1,True,0.0002619534789118916,0.9997380375862122
/content/Dataset/Test/Real/real_5214.jpg,1,1,True,0.04213275760412216,0.9578672647476196
/content/Dataset/Test/Real/real_5215.jpg,1,1,True,0.00044234938104636967,0.9995576739311218
/content/Dataset/Test/Real/real_5216.jpg,1,1,True,0.0058822897262871265,0.9941177368164062
/content/Dataset/Test/Real/real_5217.jpg,1,1,True,0.4051467478275299,0.5948532223701477
/content/Dataset/Test/Real/real_5218.jpg,1,1,True,0.239414244890213,0.7605857253074646
/content/Dataset/Test/Real/real_5219.jpg,1,1,True,0.00018487479246687144,0.9998151659965515
/content/Dataset/Test/Real/real_522.jpg,1,1,True,7.557102071586996e-05,0.9999244213104248
/content/Dataset/Test/Real/real_5220.jpg,1,1,True,0.4362340569496155,0.5637659430503845
/content/Dataset/Test/Real/real_5221.jpg,1,1,True,0.00040358907426707447,0.9995964169502258
/content/Dataset/Test/Real/real_5222.jpg,1,1,True,0.40116429328918457,0.5988357067108154
/content/Dataset/Test/Real/real_5223.jpg,1,1,True,0.1587727814912796,0.8412272334098816
/content/Dataset/Test/Real/real_5224.jpg,1,0,False,0.9441749453544617,0.05582506209611893
/content/Dataset/Test/Real/real_5225.jpg,1,1,True,0.0005124664749018848,0.9994875192642212
/content/Dataset/Test/Real/real_5226.jpg,1,1,True,0.000406883453251794,0.9995930790901184
/content/Dataset/Test/Real/real_5227.jpg,1,1,True,0.0005189614021219313,0.9994810223579407
/content/Dataset/Test/Real/real_5228.jpg,1,1,True,0.004381879232823849,0.9956181049346924
/content/Dataset/Test/Real/real_5229.jpg,1,0,False,0.8692143559455872,0.13078558444976807
/content/Dataset/Test/Real/real_523.jpg,1,1,True,6.559981557074934e-05,0.9999344348907471
/content/Dataset/Test/Real/real_5230.jpg,1,0,False,0.7110439538955688,0.28895607590675354
/content/Dataset/Test/Real/real_5231.jpg,1,0,False,0.948351263999939,0.051648691296577454
/content/Dataset/Test/Real/real_5232.jpg,1,1,True,0.27966082096099854,0.7203392386436462
/content/Dataset/Test/Real/real_5233.jpg,1,1,True,0.1403728872537613,0.8596271276473999
/content/Dataset/Test/Real/real_5234.jpg,1,1,True,0.031678445637226105,0.9683215022087097
/content/Dataset/Test/Real/real_5235.jpg,1,0,False,0.960773229598999,0.039226729422807693
/content/Dataset/Test/Real/real_5236.jpg,1,0,False,0.9190825819969177,0.08091747760772705
/content/Dataset/Test/Real/real_5237.jpg,1,1,True,0.000732703716494143,0.9992672801017761
/content/Dataset/Test/Real/real_5238.jpg,1,0,False,0.9990136623382568,0.0009863559389486909
/content/Dataset/Test/Real/real_5239.jpg,1,1,True,0.00021550717065110803,0.999784529209137
/content/Dataset/Test/Real/real_524.jpg,1,1,True,0.00012100151070626453,0.999879002571106
/content/Dataset/Test/Real/real_5240.jpg,1,1,True,0.00568667845800519,0.9943133592605591
/content/Dataset/Test/Real/real_5241.jpg,1,1,True,0.11295641213655472,0.8870435953140259
/content/Dataset/Test/Real/real_5242.jpg,1,1,True,0.0018662739312276244,0.9981337189674377
/content/Dataset/Test/Real/real_5243.jpg,1,1,True,9.969275561161339e-05,0.9999003410339355
/content/Dataset/Test/Real/real_5244.jpg,1,0,False,0.8109197616577148,0.18908023834228516
/content/Dataset/Test/Real/real_5245.jpg,1,1,True,0.3702418804168701,0.6297580599784851
/content/Dataset/Test/Real/real_5246.jpg,1,0,False,0.543531596660614,0.4564684331417084
/content/Dataset/Test/Real/real_5247.jpg,1,1,True,0.1080516055226326,0.891948401927948
/content/Dataset/Test/Real/real_5248.jpg,1,1,True,0.027921022847294807,0.9720789790153503
/content/Dataset/Test/Real/real_5249.jpg,1,1,True,0.016667665913701057,0.9833323955535889
/content/Dataset/Test/Real/real_525.jpg,1,1,True,0.0029678139835596085,0.9970321655273438
/content/Dataset/Test/Real/real_5250.jpg,1,1,True,0.29684552550315857,0.7031545042991638
/content/Dataset/Test/Real/real_5251.jpg,1,1,True,0.0006010804208926857,0.999398946762085
/content/Dataset/Test/Real/real_5252.jpg,1,0,False,0.968009889125824,0.03199014440178871
/content/Dataset/Test/Real/real_5253.jpg,1,1,True,0.0025031892582774162,0.9974967837333679
/content/Dataset/Test/Real/real_5254.jpg,1,1,True,0.3348624110221863,0.6651376485824585
/content/Dataset/Test/Real/real_5255.jpg,1,1,True,0.04702693223953247,0.9529730081558228
/content/Dataset/Test/Real/real_5256.jpg,1,1,True,9.19859012356028e-05,0.9999079704284668
/content/Dataset/Test/Real/real_5257.jpg,1,1,True,0.0027179138269275427,0.9972820281982422
/content/Dataset/Test/Real/real_5258.jpg,1,0,False,0.8846429586410522,0.11535707116127014
/content/Dataset/Test/Real/real_5259.jpg,1,1,True,0.01189294084906578,0.9881070852279663
/content/Dataset/Test/Real/real_526.jpg,1,1,True,0.0024427035823464394,0.9975572824478149
/content/Dataset/Test/Real/real_5260.jpg,1,1,True,0.0014891749015077949,0.9985107779502869
/content/Dataset/Test/Real/real_5261.jpg,1,1,True,8.278810855699703e-05,0.9999171495437622
/content/Dataset/Test/Real/real_5262.jpg,1,0,False,0.6517474055290222,0.3482525646686554
/content/Dataset/Test/Real/real_5263.jpg,1,1,True,0.00046025478513911366,0.9995397329330444
/content/Dataset/Test/Real/real_5264.jpg,1,1,True,0.372822642326355,0.6271774172782898
/content/Dataset/Test/Real/real_5265.jpg,1,0,False,0.9922497272491455,0.007750254590064287
/content/Dataset/Test/Real/real_5266.jpg,1,1,True,0.0002976577670779079,0.9997022747993469
/content/Dataset/Test/Real/real_5267.jpg,1,1,True,0.0035745047498494387,0.996425449848175
/content/Dataset/Test/Real/real_5268.jpg,1,1,True,0.0027823683340102434,0.9972176551818848
/content/Dataset/Test/Real/real_5269.jpg,1,1,True,0.0012943902984261513,0.9987056255340576
/content/Dataset/Test/Real/real_527.jpg,1,1,True,0.014754613861441612,0.985245406627655
/content/Dataset/Test/Real/real_5270.jpg,1,0,False,0.5960057377815247,0.40399429202079773
/content/Dataset/Test/Real/real_5271.jpg,1,1,True,0.04210074245929718,0.9578992128372192
/content/Dataset/Test/Real/real_5272.jpg,1,0,False,0.7329990863800049,0.2670009434223175
/content/Dataset/Test/Real/real_5273.jpg,1,1,True,0.18844042718410492,0.8115595579147339
/content/Dataset/Test/Real/real_5274.jpg,1,1,True,0.07336446642875671,0.9266355037689209
/content/Dataset/Test/Real/real_5275.jpg,1,1,True,0.061241403222084045,0.9387586116790771
/content/Dataset/Test/Real/real_5276.jpg,1,1,True,0.04660361632704735,0.9533964395523071
/content/Dataset/Test/Real/real_5277.jpg,1,0,False,0.5313669443130493,0.4686330556869507
/content/Dataset/Test/Real/real_5278.jpg,1,1,True,0.044030241668224335,0.9559697508811951
/content/Dataset/Test/Real/real_5279.jpg,1,1,True,0.00023565383162349463,0.9997643828392029
/content/Dataset/Test/Real/real_528.jpg,1,1,True,0.00015314739721361548,0.9998468160629272
/content/Dataset/Test/Real/real_5280.jpg,1,1,True,0.0010864632204174995,0.9989135265350342
/content/Dataset/Test/Real/real_5281.jpg,1,1,True,0.0001429224357707426,0.9998570680618286
/content/Dataset/Test/Real/real_5282.jpg,1,1,True,0.023438574746251106,0.976561427116394
/content/Dataset/Test/Real/real_5283.jpg,1,1,True,0.0005274543073028326,0.9994725584983826
/content/Dataset/Test/Real/real_5284.jpg,1,1,True,0.02937273494899273,0.9706272482872009
/content/Dataset/Test/Real/real_5285.jpg,1,1,True,0.00421383511275053,0.9957861304283142
/content/Dataset/Test/Real/real_5286.jpg,1,1,True,0.0001888952247099951,0.9998111128807068
/content/Dataset/Test/Real/real_5287.jpg,1,1,True,0.0005025881691835821,0.9994974136352539
/content/Dataset/Test/Real/real_5288.jpg,1,1,True,0.030173633247613907,0.969826340675354
/content/Dataset/Test/Real/real_5289.jpg,1,1,True,4.672284921980463e-05,0.9999532699584961
/content/Dataset/Test/Real/real_529.jpg,1,1,True,7.587110303575173e-05,0.9999240636825562
/content/Dataset/Test/Real/real_5290.jpg,1,1,True,0.00010169158485950902,0.9998983144760132
/content/Dataset/Test/Real/real_5291.jpg,1,1,True,0.006436169147491455,0.9935638308525085
/content/Dataset/Test/Real/real_5292.jpg,1,1,True,0.00023965851869434118,0.9997603297233582
/content/Dataset/Test/Real/real_5293.jpg,1,1,True,0.1668667048215866,0.8331332802772522
/content/Dataset/Test/Real/real_5294.jpg,1,0,False,0.9075188636779785,0.09248112887144089
/content/Dataset/Test/Real/real_5295.jpg,1,0,False,0.5776983499526978,0.42230165004730225
/content/Dataset/Test/Real/real_5296.jpg,1,0,False,0.6008425354957581,0.39915749430656433
/content/Dataset/Test/Real/real_5297.jpg,1,1,True,0.039412546902894974,0.9605873823165894
/content/Dataset/Test/Real/real_5298.jpg,1,0,False,0.8231949210166931,0.1768050640821457
/content/Dataset/Test/Real/real_5299.jpg,1,1,True,0.0025398836005479097,0.9974601864814758
/content/Dataset/Test/Real/real_53.jpg,1,0,False,0.6706847548484802,0.3293152451515198
/content/Dataset/Test/Real/real_530.jpg,1,1,True,0.0005246313521638513,0.9994754195213318
/content/Dataset/Test/Real/real_5300.jpg,1,1,True,0.001260427525267005,0.9987395405769348
/content/Dataset/Test/Real/real_5301.jpg,1,1,True,4.8680776671972126e-05,0.9999513626098633
/content/Dataset/Test/Real/real_5302.jpg,1,1,True,0.00077505485387519,0.9992249011993408
/content/Dataset/Test/Real/real_5303.jpg,1,1,True,0.00014424390974454582,0.9998557567596436
/content/Dataset/Test/Real/real_5304.jpg,1,0,False,0.7900651097297668,0.20993493497371674
/content/Dataset/Test/Real/real_5305.jpg,1,0,False,0.5038948655128479,0.4961051344871521
/content/Dataset/Test/Real/real_5306.jpg,1,1,True,0.06752084195613861,0.932479202747345
/content/Dataset/Test/Real/real_5307.jpg,1,1,True,0.00014868160360492766,0.9998513460159302
/content/Dataset/Test/Real/real_5308.jpg,1,1,True,0.0001530754379928112,0.9998469352722168
/content/Dataset/Test/Real/real_5309.jpg,1,1,True,0.0001588169252499938,0.9998412132263184
/content/Dataset/Test/Real/real_531.jpg,1,1,True,0.003933209925889969,0.9960668683052063
/content/Dataset/Test/Real/real_5310.jpg,1,1,True,0.0008673559641465545,0.9991326928138733
/content/Dataset/Test/Real/real_5311.jpg,1,1,True,0.0002170279185520485,0.9997829794883728
/content/Dataset/Test/Real/real_5312.jpg,1,1,True,0.003050074214115739,0.9969499707221985
/content/Dataset/Test/Real/real_5313.jpg,1,0,False,0.8026217818260193,0.1973782479763031
/content/Dataset/Test/Real/real_5314.jpg,1,0,False,0.6742953658103943,0.3257046043872833
/content/Dataset/Test/Real/real_5315.jpg,1,1,True,0.145903080701828,0.8540969491004944
/content/Dataset/Test/Real/real_5316.jpg,1,0,False,0.9184702038764954,0.08152975142002106
/content/Dataset/Test/Real/real_5317.jpg,1,1,True,0.0005384196410886943,0.9994615912437439
/content/Dataset/Test/Real/real_5318.jpg,1,1,True,0.004948218818753958,0.9950518012046814
/content/Dataset/Test/Real/real_5319.jpg,1,1,True,0.0003723747213371098,0.9996275901794434
/content/Dataset/Test/Real/real_532.jpg,1,1,True,0.0005664117634296417,0.9994335770606995
/content/Dataset/Test/Real/real_5320.jpg,1,1,True,0.00010943070810753852,0.9998905658721924
/content/Dataset/Test/Real/real_5321.jpg,1,1,True,9.093149856198579e-05,0.9999090433120728
/content/Dataset/Test/Real/real_5322.jpg,1,1,True,0.03201504424214363,0.9679849743843079
/content/Dataset/Test/Real/real_5323.jpg,1,0,False,0.9155139327049255,0.08448605239391327
/content/Dataset/Test/Real/real_5324.jpg,1,1,True,0.34023261070251465,0.6597673892974854
/content/Dataset/Test/Real/real_5325.jpg,1,1,True,0.2658132314682007,0.7341867685317993
/content/Dataset/Test/Real/real_5326.jpg,1,1,True,0.0019271381897851825,0.9980728626251221
/content/Dataset/Test/Real/real_5327.jpg,1,0,False,0.9304541349411011,0.06954582035541534
/content/Dataset/Test/Real/real_5328.jpg,1,1,True,0.00034825317561626434,0.9996517896652222
/content/Dataset/Test/Real/real_5329.jpg,1,1,True,0.0019563110545277596,0.9980436563491821
/content/Dataset/Test/Real/real_533.jpg,1,1,True,0.00022290399647317827,0.9997771382331848
/content/Dataset/Test/Real/real_5330.jpg,1,0,False,0.7514764666557312,0.24852348864078522
/content/Dataset/Test/Real/real_5331.jpg,1,1,True,0.00042074863449670374,0.9995792508125305
/content/Dataset/Test/Real/real_5332.jpg,1,0,False,0.6155169010162354,0.38448312878608704
/content/Dataset/Test/Real/real_5333.jpg,1,1,True,0.006628529168665409,0.9933714866638184
/content/Dataset/Test/Real/real_5334.jpg,1,0,False,0.6292105317115784,0.3707895278930664
/content/Dataset/Test/Real/real_5335.jpg,1,1,True,0.000582789711188525,0.9994171857833862
/content/Dataset/Test/Real/real_5336.jpg,1,1,True,0.0001141638495028019,0.9998857975006104
/content/Dataset/Test/Real/real_5337.jpg,1,1,True,0.004591464996337891,0.9954084753990173
/content/Dataset/Test/Real/real_5338.jpg,1,1,True,0.002245298121124506,0.9977547526359558
/content/Dataset/Test/Real/real_5339.jpg,1,1,True,0.00010902388021349907,0.999890923500061
/content/Dataset/Test/Real/real_534.jpg,1,1,True,0.0001646394666749984,0.9998353719711304
/content/Dataset/Test/Real/real_5340.jpg,1,0,False,0.9876419305801392,0.012357993982732296
/content/Dataset/Test/Real/real_5341.jpg,1,1,True,0.24053649604320526,0.7594635486602783
/content/Dataset/Test/Real/real_5342.jpg,1,1,True,0.010887246578931808,0.9891127943992615
/content/Dataset/Test/Real/real_5343.jpg,1,1,True,0.0006954820128157735,0.9993045330047607
/content/Dataset/Test/Real/real_5344.jpg,1,0,False,0.5719290375709534,0.42807096242904663
/content/Dataset/Test/Real/real_5345.jpg,1,1,True,0.007595887873321772,0.992404043674469
/content/Dataset/Test/Real/real_5346.jpg,1,0,False,0.9911496639251709,0.008850332349538803
/content/Dataset/Test/Real/real_5347.jpg,1,1,True,0.33871158957481384,0.6612883806228638
/content/Dataset/Test/Real/real_5348.jpg,1,0,False,0.9899657964706421,0.010034235194325447
/content/Dataset/Test/Real/real_5349.jpg,1,1,True,0.0015072440728545189,0.9984927177429199
/content/Dataset/Test/Real/real_535.jpg,1,1,True,0.0003510665846988559,0.999648928642273
/content/Dataset/Test/Real/real_5350.jpg,1,1,True,0.0006987892556935549,0.9993011951446533
/content/Dataset/Test/Real/real_5351.jpg,1,1,True,0.00045313042937777936,0.9995468258857727
/content/Dataset/Test/Real/real_5352.jpg,1,0,False,0.8786801099777222,0.12131992727518082
/content/Dataset/Test/Real/real_5353.jpg,1,1,True,0.12098941206932068,0.8790105581283569
/content/Dataset/Test/Real/real_5354.jpg,1,1,True,0.00019295579113531858,0.9998070597648621
/content/Dataset/Test/Real/real_5355.jpg,1,1,True,0.0003652489394880831,0.9996347427368164
/content/Dataset/Test/Real/real_5356.jpg,1,1,True,0.00043376110261306167,0.9995662569999695
/content/Dataset/Test/Real/real_5357.jpg,1,0,False,0.8664587140083313,0.13354122638702393
/content/Dataset/Test/Real/real_5358.jpg,1,1,True,0.0006015021353960037,0.9993984699249268
/content/Dataset/Test/Real/real_5359.jpg,1,1,True,0.0003555461880750954,0.99964439868927
/content/Dataset/Test/Real/real_536.jpg,1,0,False,0.9111312627792358,0.08886867761611938
/content/Dataset/Test/Real/real_5360.jpg,1,1,True,0.0009294247720390558,0.9990705847740173
/content/Dataset/Test/Real/real_5361.jpg,1,1,True,8.84749460965395e-05,0.9999115467071533
/content/Dataset/Test/Real/real_5362.jpg,1,0,False,0.8322290182113647,0.16777095198631287
/content/Dataset/Test/Real/real_5363.jpg,1,1,True,7.581918180221692e-05,0.9999241828918457
/content/Dataset/Test/Real/real_5364.jpg,1,0,False,0.9238331317901611,0.07616688311100006
/content/Dataset/Test/Real/real_5365.jpg,1,1,True,0.16305173933506012,0.8369482755661011
/content/Dataset/Test/Real/real_5366.jpg,1,1,True,0.2357311099767685,0.7642689347267151
/content/Dataset/Test/Real/real_5367.jpg,1,1,True,0.000578884850256145,0.9994211196899414
/content/Dataset/Test/Real/real_5368.jpg,1,1,True,0.3553658425807953,0.6446341872215271
/content/Dataset/Test/Real/real_5369.jpg,1,0,False,0.698413610458374,0.301586389541626
/content/Dataset/Test/Real/real_537.jpg,1,1,True,0.0010944886598736048,0.9989055395126343
/content/Dataset/Test/Real/real_5370.jpg,1,1,True,6.895435217302293e-05,0.9999310970306396
/content/Dataset/Test/Real/real_5371.jpg,1,1,True,0.012497024610638618,0.9875029921531677
/content/Dataset/Test/Real/real_5372.jpg,1,1,True,0.4261489510536194,0.5738509893417358
/content/Dataset/Test/Real/real_5373.jpg,1,1,True,0.018371544778347015,0.9816284775733948
/content/Dataset/Test/Real/real_5374.jpg,1,0,False,0.9541894793510437,0.045810550451278687
/content/Dataset/Test/Real/real_5375.jpg,1,0,False,0.9964359998703003,0.003563973354175687
/content/Dataset/Test/Real/real_5376.jpg,1,0,False,0.9940688610076904,0.005931119434535503
/content/Dataset/Test/Real/real_5377.jpg,1,0,False,0.9837919473648071,0.016208048909902573
/content/Dataset/Test/Real/real_5378.jpg,1,0,False,0.8625232577323914,0.13747678697109222
/content/Dataset/Test/Real/real_5379.jpg,1,0,False,0.9597259163856506,0.04027406871318817
/content/Dataset/Test/Real/real_538.jpg,1,1,True,0.0005590170039795339,0.9994409680366516
/content/Dataset/Test/Real/real_5380.jpg,1,1,True,0.0015985287027433515,0.9984014630317688
/content/Dataset/Test/Real/real_5381.jpg,1,0,False,0.7377435564994812,0.2622564435005188
/content/Dataset/Test/Real/real_5382.jpg,1,0,False,0.5450276136398315,0.45497235655784607
/content/Dataset/Test/Real/real_5383.jpg,1,0,False,0.957983136177063,0.042016930878162384
/content/Dataset/Test/Real/real_5384.jpg,1,0,False,0.8185669183731079,0.18143314123153687
/content/Dataset/Test/Real/real_5385.jpg,1,0,False,0.5172092914581299,0.48279067873954773
/content/Dataset/Test/Real/real_5386.jpg,1,0,False,0.5359472036361694,0.46405279636383057
/content/Dataset/Test/Real/real_5387.jpg,1,1,True,0.007546012289822102,0.9924539923667908
/content/Dataset/Test/Real/real_5388.jpg,1,1,True,0.00036337177152745426,0.9996366500854492
/content/Dataset/Test/Real/real_5389.jpg,1,0,False,0.8922353982925415,0.1077645793557167
/content/Dataset/Test/Real/real_539.jpg,1,1,True,0.0002828672295436263,0.9997170567512512
/content/Dataset/Test/Real/real_5390.jpg,1,1,True,0.03654532507061958,0.9634546637535095
/content/Dataset/Test/Real/real_5391.jpg,1,1,True,0.017265036702156067,0.9827349781990051
/content/Dataset/Test/Real/real_5392.jpg,1,1,True,0.19237306714057922,0.8076269626617432
/content/Dataset/Test/Real/real_5393.jpg,1,1,True,0.0006586601375602186,0.9993413090705872
/content/Dataset/Test/Real/real_5394.jpg,1,1,True,0.005387487355619669,0.9946125745773315
/content/Dataset/Test/Real/real_5395.jpg,1,1,True,0.0005652126856148243,0.999434769153595
/content/Dataset/Test/Real/real_5396.jpg,1,1,True,0.004674743860960007,0.9953252077102661
/content/Dataset/Test/Real/real_5397.jpg,1,1,True,0.28671717643737793,0.7132828235626221
/content/Dataset/Test/Real/real_5398.jpg,1,0,False,0.8719128370285034,0.1280871331691742
/content/Dataset/Test/Real/real_5399.jpg,1,1,True,0.0001310872903559357,0.9998688697814941
/content/Dataset/Test/Real/real_54.jpg,1,1,True,0.001958580454811454,0.9980413913726807
/content/Dataset/Test/Real/real_540.jpg,1,1,True,0.00021416485833469778,0.999785840511322
/content/Dataset/Test/Real/real_5400.jpg,1,1,True,0.05471954122185707,0.9452804923057556
/content/Dataset/Test/Real/real_5401.jpg,1,1,True,0.07779516279697418,0.922204852104187
/content/Dataset/Test/Real/real_5402.jpg,1,0,False,0.5544925332069397,0.4455074369907379
/content/Dataset/Test/Real/real_5403.jpg,1,1,True,0.378998339176178,0.6210016012191772
/content/Dataset/Test/Real/real_5404.jpg,1,1,True,0.4900197684764862,0.5099802017211914
/content/Dataset/Test/Real/real_5405.jpg,1,1,True,0.09209950268268585,0.9079004526138306
/content/Dataset/Test/Real/real_5406.jpg,1,0,False,0.975374162197113,0.02462582103908062
/content/Dataset/Test/Real/real_5407.jpg,1,1,True,0.0001640244445297867,0.9998359680175781
/content/Dataset/Test/Real/real_5408.jpg,1,1,True,0.013364431448280811,0.9866355061531067
/content/Dataset/Test/Real/real_5409.jpg,1,1,True,0.01474257092922926,0.9852574467658997
/content/Dataset/Test/Real/real_541.jpg,1,1,True,0.27262482047080994,0.7273751497268677
/content/Dataset/Test/Real/real_5410.jpg,1,1,True,0.01790168508887291,0.9820982813835144
/content/Dataset/Test/Real/real_5411.jpg,1,1,True,0.018560271710157394,0.9814397692680359
/content/Dataset/Test/Real/real_5412.jpg,1,1,True,0.03101011924445629,0.9689898490905762
/content/Dataset/Test/Real/real_542.jpg,1,1,True,0.0008420291705988348,0.9991580247879028
/content/Dataset/Test/Real/real_543.jpg,1,1,True,0.011765623465180397,0.9882344007492065
/content/Dataset/Test/Real/real_544.jpg,1,1,True,0.00047600787365809083,0.9995239973068237
/content/Dataset/Test/Real/real_545.jpg,1,1,True,0.02336246892809868,0.9766374826431274
/content/Dataset/Test/Real/real_546.jpg,1,1,True,0.012487107887864113,0.9875128865242004
/content/Dataset/Test/Real/real_547.jpg,1,1,True,0.0031343514565378428,0.9968655705451965
/content/Dataset/Test/Real/real_548.jpg,1,1,True,0.08150237798690796,0.9184976816177368
/content/Dataset/Test/Real/real_549.jpg,1,1,True,0.3578336238861084,0.6421663761138916
/content/Dataset/Test/Real/real_55.jpg,1,1,True,0.00025047242525033653,0.999749481678009
/content/Dataset/Test/Real/real_550.jpg,1,1,True,0.0002144515747204423,0.9997856020927429
/content/Dataset/Test/Real/real_551.jpg,1,1,True,0.009263001382350922,0.9907370209693909
/content/Dataset/Test/Real/real_552.jpg,1,1,True,0.00016902643255889416,0.999830961227417
/content/Dataset/Test/Real/real_553.jpg,1,1,True,5.312835128279403e-05,0.9999468326568604
/content/Dataset/Test/Real/real_554.jpg,1,1,True,0.0003653726016636938,0.9996346235275269
/content/Dataset/Test/Real/real_555.jpg,1,0,False,0.9841601252555847,0.015839852392673492
/content/Dataset/Test/Real/real_556.jpg,1,1,True,0.0008290632977150381,0.9991710186004639
/content/Dataset/Test/Real/real_557.jpg,1,1,True,0.0001127419964177534,0.999887228012085
/content/Dataset/Test/Real/real_558.jpg,1,1,True,0.009801010601222515,0.9901989698410034
/content/Dataset/Test/Real/real_559.jpg,1,1,True,0.08926450461149216,0.9107354879379272
/content/Dataset/Test/Real/real_56.jpg,1,1,True,0.00011390428699087352,0.9998860359191895
/content/Dataset/Test/Real/real_560.jpg,1,1,True,6.212687731022015e-05,0.999937891960144
/content/Dataset/Test/Real/real_561.jpg,1,1,True,0.0007976517081260681,0.999202311038971
/content/Dataset/Test/Real/real_562.jpg,1,0,False,0.9598641395568848,0.04013587534427643
/content/Dataset/Test/Real/real_563.jpg,1,1,True,0.0026482176035642624,0.9973517656326294
/content/Dataset/Test/Real/real_564.jpg,1,1,True,0.34992697834968567,0.6500730514526367
/content/Dataset/Test/Real/real_565.jpg,1,1,True,0.07911789417266846,0.9208821058273315
/content/Dataset/Test/Real/real_566.jpg,1,1,True,0.14170332252979279,0.8582966923713684
/content/Dataset/Test/Real/real_567.jpg,1,1,True,6.996951560722664e-05,0.9999300241470337
/content/Dataset/Test/Real/real_568.jpg,1,1,True,5.4273481509881094e-05,0.9999457597732544
/content/Dataset/Test/Real/real_569.jpg,1,0,False,0.539191722869873,0.46080830693244934
/content/Dataset/Test/Real/real_57.jpg,1,1,True,0.004451882094144821,0.9955481290817261
/content/Dataset/Test/Real/real_570.jpg,1,1,True,0.009033050388097763,0.9909669756889343
/content/Dataset/Test/Real/real_571.jpg,1,1,True,0.002828793367370963,0.9971712231636047
/content/Dataset/Test/Real/real_572.jpg,1,1,True,0.0002958386321552098,0.9997041821479797
/content/Dataset/Test/Real/real_573.jpg,1,1,True,0.015283660031855106,0.9847162961959839
/content/Dataset/Test/Real/real_574.jpg,1,1,True,7.242555875563994e-05,0.9999275207519531
/content/Dataset/Test/Real/real_575.jpg,1,1,True,0.04178718850016594,0.9582127928733826
/content/Dataset/Test/Real/real_576.jpg,1,1,True,0.0025586963165551424,0.997441291809082
/content/Dataset/Test/Real/real_577.jpg,1,1,True,0.003241427941247821,0.9967586398124695
/content/Dataset/Test/Real/real_578.jpg,1,0,False,0.7065372467041016,0.29346272349357605
/content/Dataset/Test/Real/real_579.jpg,1,1,True,7.978721259860322e-05,0.9999202489852905
/content/Dataset/Test/Real/real_58.jpg,1,1,True,0.00012809940380975604,0.9998718500137329
/content/Dataset/Test/Real/real_580.jpg,1,0,False,0.6126779317855835,0.3873220682144165
/content/Dataset/Test/Real/real_581.jpg,1,1,True,0.005412531550973654,0.9945874214172363
/content/Dataset/Test/Real/real_582.jpg,1,1,True,0.00026022366364486516,0.9997398257255554
/content/Dataset/Test/Real/real_583.jpg,1,1,True,0.3302524983882904,0.6697474718093872
/content/Dataset/Test/Real/real_584.jpg,1,1,True,0.14580632746219635,0.8541936874389648
/content/Dataset/Test/Real/real_585.jpg,1,1,True,0.18442675471305847,0.8155732750892639
/content/Dataset/Test/Real/real_586.jpg,1,1,True,0.35785210132598877,0.6421478986740112
/content/Dataset/Test/Real/real_587.jpg,1,1,True,0.0038395188748836517,0.9961605072021484
/content/Dataset/Test/Real/real_588.jpg,1,1,True,0.4956999123096466,0.5043001174926758
/content/Dataset/Test/Real/real_589.jpg,1,1,True,0.060240015387535095,0.9397600293159485
/content/Dataset/Test/Real/real_59.jpg,1,1,True,0.1085757166147232,0.8914242386817932
/content/Dataset/Test/Real/real_590.jpg,1,1,True,0.000202847077162005,0.9997971653938293
/content/Dataset/Test/Real/real_591.jpg,1,0,False,0.9491379261016846,0.05086212977766991
/content/Dataset/Test/Real/real_592.jpg,1,0,False,0.9978871941566467,0.002112844493240118
/content/Dataset/Test/Real/real_593.jpg,1,0,False,0.5951374173164368,0.40486255288124084
/content/Dataset/Test/Real/real_594.jpg,1,1,True,0.19367095828056335,0.806329071521759
/content/Dataset/Test/Real/real_595.jpg,1,1,True,0.002457460155710578,0.9975426197052002
/content/Dataset/Test/Real/real_596.jpg,1,1,True,0.00034760701237246394,0.9996523857116699
/content/Dataset/Test/Real/real_597.jpg,1,1,True,0.020632321015000343,0.9793676137924194
/content/Dataset/Test/Real/real_598.jpg,1,1,True,0.0032252580858767033,0.9967747330665588
/content/Dataset/Test/Real/real_599.jpg,1,0,False,0.524297297000885,0.4757027328014374
/content/Dataset/Test/Real/real_6.jpg,1,1,True,0.07664205133914948,0.9233579039573669
/content/Dataset/Test/Real/real_60.jpg,1,1,True,0.44134384393692017,0.5586561560630798
/content/Dataset/Test/Real/real_600.jpg,1,1,True,0.0002954141527879983,0.9997045397758484
/content/Dataset/Test/Real/real_601.jpg,1,1,True,0.005834160838276148,0.9941657781600952
/content/Dataset/Test/Real/real_602.jpg,1,1,True,0.0002974033122882247,0.999702513217926
/content/Dataset/Test/Real/real_603.jpg,1,1,True,0.0017012673197314143,0.998298704624176
/content/Dataset/Test/Real/real_604.jpg,1,1,True,0.03881603106856346,0.9611839652061462
/content/Dataset/Test/Real/real_605.jpg,1,1,True,0.0006530314567498863,0.999346911907196
/content/Dataset/Test/Real/real_606.jpg,1,1,True,6.75411502015777e-05,0.9999324083328247
/content/Dataset/Test/Real/real_607.jpg,1,1,True,0.0010172398760914803,0.9989827275276184
/content/Dataset/Test/Real/real_608.jpg,1,1,True,0.00028783458401449025,0.9997121691703796
/content/Dataset/Test/Real/real_609.jpg,1,1,True,0.003962219227105379,0.9960377216339111
/content/Dataset/Test/Real/real_61.jpg,1,0,False,0.9582415223121643,0.041758451610803604
/content/Dataset/Test/Real/real_610.jpg,1,1,True,0.05434704199433327,0.9456529021263123
/content/Dataset/Test/Real/real_611.jpg,1,1,True,0.057497624307870865,0.9425024390220642
/content/Dataset/Test/Real/real_612.jpg,1,1,True,5.41313856956549e-05,0.999945878982544
/content/Dataset/Test/Real/real_613.jpg,1,1,True,4.4079890358261764e-05,0.9999558925628662
/content/Dataset/Test/Real/real_614.jpg,1,1,True,0.0036158552393317223,0.9963841438293457
/content/Dataset/Test/Real/real_615.jpg,1,1,True,0.05642350763082504,0.943576455116272
/content/Dataset/Test/Real/real_616.jpg,1,1,True,0.0006211603758856654,0.9993788003921509
/content/Dataset/Test/Real/real_617.jpg,1,1,True,0.027661561965942383,0.9723384380340576
/content/Dataset/Test/Real/real_618.jpg,1,1,True,0.0028556135948747396,0.9971444010734558
/content/Dataset/Test/Real/real_619.jpg,1,1,True,7.569001900264993e-05,0.9999243021011353
/content/Dataset/Test/Real/real_62.jpg,1,0,False,0.9999532699584961,4.673929652199149e-05
/content/Dataset/Test/Real/real_620.jpg,1,1,True,6.653221498709172e-05,0.9999334812164307
/content/Dataset/Test/Real/real_621.jpg,1,1,True,5.603872341453098e-05,0.9999439716339111
/content/Dataset/Test/Real/real_622.jpg,1,1,True,0.00015017454279586673,0.999849796295166
/content/Dataset/Test/Real/real_623.jpg,1,1,True,0.0008758936892263591,0.9991241097450256
/content/Dataset/Test/Real/real_624.jpg,1,1,True,0.0009515162091702223,0.9990485310554504
/content/Dataset/Test/Real/real_625.jpg,1,1,True,9.319124364992604e-05,0.9999067783355713
/content/Dataset/Test/Real/real_626.jpg,1,1,True,0.00748373894020915,0.9925162196159363
/content/Dataset/Test/Real/real_627.jpg,1,1,True,0.41351190209388733,0.5864881277084351
/content/Dataset/Test/Real/real_628.jpg,1,0,False,0.7666922211647034,0.23330773413181305
/content/Dataset/Test/Real/real_629.jpg,1,1,True,0.07831589132547379,0.9216840863227844
/content/Dataset/Test/Real/real_63.jpg,1,1,True,0.3189204931259155,0.6810794472694397
/content/Dataset/Test/Real/real_630.jpg,1,1,True,0.0012586874654516578,0.9987413287162781
/content/Dataset/Test/Real/real_631.jpg,1,0,False,0.5985333323478699,0.4014666676521301
/content/Dataset/Test/Real/real_632.jpg,1,1,True,0.0006167078390717506,0.9993832111358643
/content/Dataset/Test/Real/real_633.jpg,1,1,True,0.0050477199256420135,0.9949523210525513
/content/Dataset/Test/Real/real_634.jpg,1,1,True,5.050903928349726e-05,0.9999494552612305
/content/Dataset/Test/Real/real_635.jpg,1,1,True,0.000647702778223902,0.9993522763252258
/content/Dataset/Test/Real/real_636.jpg,1,1,True,0.006458154879510403,0.9935418367385864
/content/Dataset/Test/Real/real_637.jpg,1,1,True,0.03405477851629257,0.9659451842308044
/content/Dataset/Test/Real/real_638.jpg,1,1,True,0.0016908628167584538,0.9983091354370117
/content/Dataset/Test/Real/real_639.jpg,1,1,True,0.06542584300041199,0.9345741868019104
/content/Dataset/Test/Real/real_64.jpg,1,1,True,0.05774424597620964,0.9422557353973389
/content/Dataset/Test/Real/real_640.jpg,1,1,True,0.0004958341014571488,0.9995042085647583
/content/Dataset/Test/Real/real_641.jpg,1,1,True,0.019696973264217377,0.9803030490875244
/content/Dataset/Test/Real/real_642.jpg,1,1,True,5.249565583653748e-05,0.9999475479125977
/content/Dataset/Test/Real/real_643.jpg,1,1,True,6.221990042831749e-05,0.9999377727508545
/content/Dataset/Test/Real/real_644.jpg,1,1,True,5.091526691103354e-05,0.9999490976333618
/content/Dataset/Test/Real/real_645.jpg,1,1,True,0.32487550377845764,0.67512446641922
/content/Dataset/Test/Real/real_646.jpg,1,1,True,0.0009207723778672516,0.9990792274475098
/content/Dataset/Test/Real/real_647.jpg,1,1,True,0.0019405233906581998,0.9980594515800476
/content/Dataset/Test/Real/real_648.jpg,1,1,True,0.3759666383266449,0.6240333318710327
/content/Dataset/Test/Real/real_649.jpg,1,1,True,0.13479077816009521,0.86520916223526
/content/Dataset/Test/Real/real_65.jpg,1,1,True,0.2591683268547058,0.740831732749939
/content/Dataset/Test/Real/real_650.jpg,1,0,False,0.9589834213256836,0.04101651906967163
/content/Dataset/Test/Real/real_651.jpg,1,1,True,0.00011906171857845038,0.9998809099197388
/content/Dataset/Test/Real/real_652.jpg,1,1,True,0.004595162812620401,0.995404839515686
/content/Dataset/Test/Real/real_653.jpg,1,1,True,0.004233802203088999,0.9957661628723145
/content/Dataset/Test/Real/real_654.jpg,1,1,True,0.07724704593420029,0.9227529764175415
/content/Dataset/Test/Real/real_655.jpg,1,1,True,0.0011970744235441089,0.998802900314331
/content/Dataset/Test/Real/real_656.jpg,1,1,True,0.0002961925638373941,0.9997038245201111
/content/Dataset/Test/Real/real_657.jpg,1,1,True,5.859645898453891e-05,0.999941349029541
/content/Dataset/Test/Real/real_658.jpg,1,1,True,0.1540600061416626,0.8459399342536926
/content/Dataset/Test/Real/real_659.jpg,1,1,True,0.05344276875257492,0.9465572237968445
/content/Dataset/Test/Real/real_66.jpg,1,0,False,0.7547937631607056,0.24520623683929443
/content/Dataset/Test/Real/real_660.jpg,1,1,True,0.00029408105183392763,0.9997058510780334
/content/Dataset/Test/Real/real_661.jpg,1,1,True,0.0004917861078865826,0.999508261680603
/content/Dataset/Test/Real/real_662.jpg,1,1,True,0.0008380920044146478,0.999161958694458
/content/Dataset/Test/Real/real_663.jpg,1,1,True,0.000156437570694834,0.9998435974121094
/content/Dataset/Test/Real/real_664.jpg,1,1,True,0.001448052003979683,0.9985519051551819
/content/Dataset/Test/Real/real_665.jpg,1,1,True,0.0017265855567529798,0.9982733726501465
/content/Dataset/Test/Real/real_666.jpg,1,1,True,0.005913271568715572,0.994086742401123
/content/Dataset/Test/Real/real_667.jpg,1,1,True,0.0002598737773951143,0.9997400641441345
/content/Dataset/Test/Real/real_668.jpg,1,1,True,0.0005479232640936971,0.9994520545005798
/content/Dataset/Test/Real/real_669.jpg,1,1,True,0.00011669746891129762,0.9998832941055298
/content/Dataset/Test/Real/real_67.jpg,1,0,False,0.6968190670013428,0.3031809628009796
/content/Dataset/Test/Real/real_670.jpg,1,1,True,0.0020909979939460754,0.9979090690612793
/content/Dataset/Test/Real/real_671.jpg,1,1,True,0.006607772782444954,0.9933921694755554
/content/Dataset/Test/Real/real_672.jpg,1,1,True,0.004551466554403305,0.9954485297203064
/content/Dataset/Test/Real/real_673.jpg,1,1,True,0.002056471072137356,0.9979435801506042
/content/Dataset/Test/Real/real_674.jpg,1,1,True,7.086664118105546e-05,0.9999290704727173
/content/Dataset/Test/Real/real_675.jpg,1,1,True,0.00011849315342260525,0.9998815059661865
/content/Dataset/Test/Real/real_676.jpg,1,1,True,0.06214090809226036,0.9378591775894165
/content/Dataset/Test/Real/real_677.jpg,1,1,True,0.014947015792131424,0.9850530028343201
/content/Dataset/Test/Real/real_678.jpg,1,0,False,0.9692985415458679,0.03070148639380932
/content/Dataset/Test/Real/real_679.jpg,1,1,True,0.00860642921179533,0.991393506526947
/content/Dataset/Test/Real/real_68.jpg,1,1,True,0.04719151183962822,0.9528084993362427
/content/Dataset/Test/Real/real_680.jpg,1,1,True,0.0010070945136249065,0.9989928603172302
/content/Dataset/Test/Real/real_681.jpg,1,1,True,6.459503492806107e-05,0.9999353885650635
/content/Dataset/Test/Real/real_682.jpg,1,1,True,8.049065945670009e-05,0.9999195337295532
/content/Dataset/Test/Real/real_683.jpg,1,1,True,7.115688640624285e-05,0.9999288320541382
/content/Dataset/Test/Real/real_684.jpg,1,1,True,0.001591472770087421,0.9984084963798523
/content/Dataset/Test/Real/real_685.jpg,1,1,True,0.00026375759625807405,0.9997362494468689
/content/Dataset/Test/Real/real_686.jpg,1,1,True,0.0008927903836593032,0.9991071820259094
/content/Dataset/Test/Real/real_687.jpg,1,1,True,0.009116096422076225,0.9908838868141174
/content/Dataset/Test/Real/real_688.jpg,1,1,True,0.04170914366841316,0.9582908749580383
/content/Dataset/Test/Real/real_689.jpg,1,1,True,0.4652603566646576,0.5347396731376648
/content/Dataset/Test/Real/real_69.jpg,1,1,True,0.004904903005808592,0.9950951337814331
/content/Dataset/Test/Real/real_690.jpg,1,1,True,0.3476570248603821,0.6523429751396179
/content/Dataset/Test/Real/real_691.jpg,1,1,True,0.004585593938827515,0.9954143762588501
/content/Dataset/Test/Real/real_692.jpg,1,1,True,0.0068190512247383595,0.9931809306144714
/content/Dataset/Test/Real/real_693.jpg,1,1,True,0.16548888385295868,0.8345111608505249
/content/Dataset/Test/Real/real_694.jpg,1,1,True,0.00034937713644467294,0.9996505975723267
/content/Dataset/Test/Real/real_695.jpg,1,1,True,0.00011147712939418852,0.99988853931427
/content/Dataset/Test/Real/real_696.jpg,1,1,True,0.0929713323712349,0.9070286154747009
/content/Dataset/Test/Real/real_697.jpg,1,1,True,0.0011188810458406806,0.9988811612129211
/content/Dataset/Test/Real/real_698.jpg,1,1,True,0.12190353125333786,0.8780964612960815
/content/Dataset/Test/Real/real_699.jpg,1,1,True,0.0944131538271904,0.9055867791175842
/content/Dataset/Test/Real/real_7.jpg,1,1,True,0.0001960818626685068,0.9998039603233337
/content/Dataset/Test/Real/real_70.jpg,1,0,False,0.986241340637207,0.013758662156760693
/content/Dataset/Test/Real/real_700.jpg,1,0,False,0.9538262486457825,0.04617373272776604
/content/Dataset/Test/Real/real_701.jpg,1,1,True,0.06173237785696983,0.9382676482200623
/content/Dataset/Test/Real/real_702.jpg,1,1,True,0.004015936516225338,0.9959840774536133
/content/Dataset/Test/Real/real_703.jpg,1,1,True,0.00040646400884725153,0.9995935559272766
/content/Dataset/Test/Real/real_704.jpg,1,1,True,0.0013855359284207225,0.9986144304275513
/content/Dataset/Test/Real/real_705.jpg,1,1,True,0.2607949674129486,0.739205002784729
/content/Dataset/Test/Real/real_706.jpg,1,1,True,0.00020832318114116788,0.99979168176651
/content/Dataset/Test/Real/real_707.jpg,1,1,True,0.07878993451595306,0.9212100505828857
/content/Dataset/Test/Real/real_708.jpg,1,1,True,0.00017163452866952866,0.9998283386230469
/content/Dataset/Test/Real/real_709.jpg,1,1,True,0.0002901055559050292,0.9997099041938782
/content/Dataset/Test/Real/real_71.jpg,1,1,True,0.0008869856246747077,0.9991130232810974
/content/Dataset/Test/Real/real_710.jpg,1,1,True,6.268777360673994e-05,0.9999372959136963
/content/Dataset/Test/Real/real_711.jpg,1,1,True,0.00010144887346541509,0.9998985528945923
/content/Dataset/Test/Real/real_712.jpg,1,1,True,0.004545148927718401,0.9954547882080078
/content/Dataset/Test/Real/real_713.jpg,1,1,True,0.00014352895959746093,0.9998564720153809
/content/Dataset/Test/Real/real_714.jpg,1,1,True,0.00023460108786821365,0.9997654557228088
/content/Dataset/Test/Real/real_715.jpg,1,1,True,5.703570059267804e-05,0.9999430179595947
/content/Dataset/Test/Real/real_716.jpg,1,0,False,0.9919901490211487,0.008009894751012325
/content/Dataset/Test/Real/real_717.jpg,1,0,False,0.9980410933494568,0.0019589525181800127
/content/Dataset/Test/Real/real_718.jpg,1,0,False,0.9988760352134705,0.0011239744490012527
/content/Dataset/Test/Real/real_719.jpg,1,1,True,7.557505159638822e-05,0.9999244213104248
/content/Dataset/Test/Real/real_72.jpg,1,1,True,0.007062935270369053,0.9929370284080505
/content/Dataset/Test/Real/real_720.jpg,1,1,True,0.0005479635437950492,0.9994520545005798
/content/Dataset/Test/Real/real_721.jpg,1,1,True,4.8084759328048676e-05,0.999951958656311
/content/Dataset/Test/Real/real_722.jpg,1,1,True,0.002168200444430113,0.9978317618370056
/content/Dataset/Test/Real/real_723.jpg,1,0,False,0.7115908265113831,0.28840917348861694
/content/Dataset/Test/Real/real_724.jpg,1,1,True,0.003779517486691475,0.9962205290794373
/content/Dataset/Test/Real/real_725.jpg,1,1,True,0.0030462313443422318,0.9969537258148193
/content/Dataset/Test/Real/real_726.jpg,1,1,True,0.0013401571195572615,0.9986598491668701
/content/Dataset/Test/Real/real_727.jpg,1,1,True,0.00017888615548145026,0.999821126461029
/content/Dataset/Test/Real/real_728.jpg,1,1,True,0.0002571231161709875,0.9997429251670837
/content/Dataset/Test/Real/real_729.jpg,1,1,True,0.004073645453900099,0.9959263801574707
/content/Dataset/Test/Real/real_73.jpg,1,1,True,0.003776121884584427,0.9962239265441895
/content/Dataset/Test/Real/real_730.jpg,1,1,True,0.0007531070150434971,0.9992469549179077
/content/Dataset/Test/Real/real_731.jpg,1,1,True,0.0033312183804810047,0.9966687560081482
/content/Dataset/Test/Real/real_732.jpg,1,1,True,0.0034294426441192627,0.9965705871582031
/content/Dataset/Test/Real/real_733.jpg,1,1,True,7.074834138620645e-05,0.9999291896820068
/content/Dataset/Test/Real/real_734.jpg,1,1,True,0.0017129015177488327,0.9982870221138
/content/Dataset/Test/Real/real_735.jpg,1,0,False,0.6962616443634033,0.30373838543891907
/content/Dataset/Test/Real/real_736.jpg,1,1,True,0.00012153272837167606,0.9998784065246582
/content/Dataset/Test/Real/real_737.jpg,1,1,True,5.859343582415022e-05,0.999941349029541
/content/Dataset/Test/Real/real_738.jpg,1,1,True,0.0015148728853091598,0.9984851479530334
/content/Dataset/Test/Real/real_739.jpg,1,1,True,0.00013554765610024333,0.9998644590377808
/content/Dataset/Test/Real/real_74.jpg,1,1,True,0.0013398348819464445,0.9986602067947388
/content/Dataset/Test/Real/real_740.jpg,1,1,True,0.0004497143963817507,0.9995502829551697
/content/Dataset/Test/Real/real_741.jpg,1,1,True,0.005706042982637882,0.9942939877510071
/content/Dataset/Test/Real/real_742.jpg,1,1,True,0.001784337917342782,0.9982156753540039
/content/Dataset/Test/Real/real_743.jpg,1,1,True,0.0019470953848212957,0.9980529546737671
/content/Dataset/Test/Real/real_744.jpg,1,1,True,0.4788189232349396,0.5211811065673828
/content/Dataset/Test/Real/real_745.jpg,1,1,True,0.11343517154455185,0.8865647912025452
/content/Dataset/Test/Real/real_746.jpg,1,1,True,9.208051778841764e-05,0.9999079704284668
/content/Dataset/Test/Real/real_747.jpg,1,1,True,0.0004786974750459194,0.9995212554931641
/content/Dataset/Test/Real/real_748.jpg,1,1,True,0.00016148881695698947,0.9998384714126587
/content/Dataset/Test/Real/real_749.jpg,1,1,True,0.002427472500130534,0.9975724816322327
/content/Dataset/Test/Real/real_75.jpg,1,1,True,0.012785840779542923,0.9872140884399414
/content/Dataset/Test/Real/real_750.jpg,1,1,True,0.015181489288806915,0.9848184585571289
/content/Dataset/Test/Real/real_751.jpg,1,1,True,6.318000669125468e-05,0.9999368190765381
/content/Dataset/Test/Real/real_752.jpg,1,1,True,0.00017736776499077678,0.9998226761817932
/content/Dataset/Test/Real/real_753.jpg,1,1,True,6.780956027796492e-05,0.9999321699142456
/content/Dataset/Test/Real/real_754.jpg,1,1,True,0.00024371244944632053,0.9997562766075134
/content/Dataset/Test/Real/real_755.jpg,1,1,True,0.0006388236070051789,0.9993612170219421
/content/Dataset/Test/Real/real_756.jpg,1,1,True,0.0008408344583585858,0.9991592168807983
/content/Dataset/Test/Real/real_757.jpg,1,1,True,0.0001576965005369857,0.9998422861099243
/content/Dataset/Test/Real/real_758.jpg,1,1,True,0.0005967649049125612,0.9994032382965088
/content/Dataset/Test/Real/real_759.jpg,1,1,True,0.06204430013895035,0.9379557371139526
/content/Dataset/Test/Real/real_76.jpg,1,1,True,0.0054384502582252026,0.9945616126060486
/content/Dataset/Test/Real/real_760.jpg,1,1,True,0.0022329012863337994,0.9977670907974243
/content/Dataset/Test/Real/real_761.jpg,1,1,True,0.00042298337211832404,0.999576985836029
/content/Dataset/Test/Real/real_762.jpg,1,1,True,0.025135960429906845,0.9748640656471252
/content/Dataset/Test/Real/real_763.jpg,1,1,True,0.0002628992369864136,0.9997370839118958
/content/Dataset/Test/Real/real_764.jpg,1,1,True,0.002460707211866975,0.9975392818450928
/content/Dataset/Test/Real/real_765.jpg,1,1,True,0.00018285796977579594,0.9998171925544739
/content/Dataset/Test/Real/real_766.jpg,1,1,True,0.018011465668678284,0.9819886088371277
/content/Dataset/Test/Real/real_767.jpg,1,1,True,0.00026642935699783266,0.9997335076332092
/content/Dataset/Test/Real/real_768.jpg,1,1,True,0.0004295483522582799,0.9995704293251038
/content/Dataset/Test/Real/real_769.jpg,1,1,True,0.0008311922429129481,0.999168872833252
/content/Dataset/Test/Real/real_77.jpg,1,1,True,0.00025046480004675686,0.999749481678009
/content/Dataset/Test/Real/real_770.jpg,1,1,True,0.04252418875694275,0.9574757814407349
/content/Dataset/Test/Real/real_771.jpg,1,1,True,0.001072984654456377,0.9989269375801086
/content/Dataset/Test/Real/real_772.jpg,1,1,True,0.07717159390449524,0.9228283762931824
/content/Dataset/Test/Real/real_773.jpg,1,1,True,0.00014375921455211937,0.9998562335968018
/content/Dataset/Test/Real/real_774.jpg,1,1,True,0.3038192689418793,0.6961807012557983
/content/Dataset/Test/Real/real_775.jpg,1,1,True,0.24435774981975555,0.7556422352790833
/content/Dataset/Test/Real/real_776.jpg,1,1,True,0.00039521255530416965,0.9996047616004944
/content/Dataset/Test/Real/real_777.jpg,1,1,True,0.17170466482639313,0.8282952904701233
/content/Dataset/Test/Real/real_778.jpg,1,1,True,0.35530680418014526,0.64469313621521
/content/Dataset/Test/Real/real_779.jpg,1,1,True,0.0004662859719246626,0.9995337724685669
/content/Dataset/Test/Real/real_78.jpg,1,1,True,9.147925447905436e-05,0.9999085664749146
/content/Dataset/Test/Real/real_780.jpg,1,1,True,0.02572287805378437,0.974277138710022
/content/Dataset/Test/Real/real_781.jpg,1,1,True,0.003181623062118888,0.9968183040618896
/content/Dataset/Test/Real/real_782.jpg,1,1,True,0.0002872646145988256,0.9997127652168274
/content/Dataset/Test/Real/real_783.jpg,1,1,True,0.00018748754519037902,0.9998125433921814
/content/Dataset/Test/Real/real_784.jpg,1,1,True,0.00017076868971344084,0.9998291730880737
/content/Dataset/Test/Real/real_785.jpg,1,1,True,0.013926737010478973,0.9860732555389404
/content/Dataset/Test/Real/real_786.jpg,1,1,True,0.01676126942038536,0.983238697052002
/content/Dataset/Test/Real/real_787.jpg,1,1,True,0.49982693791389465,0.5001730918884277
/content/Dataset/Test/Real/real_788.jpg,1,1,True,0.0005992876249365509,0.9994007349014282
/content/Dataset/Test/Real/real_789.jpg,1,1,True,0.0009689563303254545,0.9990310668945312
/content/Dataset/Test/Real/real_79.jpg,1,1,True,0.024005359038710594,0.9759947061538696
/content/Dataset/Test/Real/real_790.jpg,1,1,True,0.02435874752700329,0.9756411910057068
/content/Dataset/Test/Real/real_791.jpg,1,1,True,0.0038959637749940157,0.9961040019989014
/content/Dataset/Test/Real/real_792.jpg,1,0,False,0.5093391537666321,0.4906608462333679
/content/Dataset/Test/Real/real_793.jpg,1,0,False,0.5687974095344543,0.43120265007019043
/content/Dataset/Test/Real/real_794.jpg,1,1,True,0.0023334436118602753,0.997666597366333
/content/Dataset/Test/Real/real_795.jpg,1,1,True,0.07028067111968994,0.9297192692756653
/content/Dataset/Test/Real/real_796.jpg,1,1,True,0.025408728048205376,0.9745912551879883
/content/Dataset/Test/Real/real_797.jpg,1,1,True,0.005996310152113438,0.9940037131309509
/content/Dataset/Test/Real/real_798.jpg,1,1,True,0.05891454592347145,0.9410854578018188
/content/Dataset/Test/Real/real_799.jpg,1,1,True,0.001959106419235468,0.9980409741401672
/content/Dataset/Test/Real/real_8.jpg,1,1,True,0.046636663377285004,0.9533633589744568
/content/Dataset/Test/Real/real_80.jpg,1,1,True,0.025885244831442833,0.9741147756576538
/content/Dataset/Test/Real/real_800.jpg,1,1,True,0.00038387597305700183,0.9996161460876465
/content/Dataset/Test/Real/real_801.jpg,1,1,True,0.0010162232210859656,0.9989838004112244
/content/Dataset/Test/Real/real_802.jpg,1,1,True,0.007572502829134464,0.9924275279045105
/content/Dataset/Test/Real/real_803.jpg,1,1,True,0.0050131045281887054,0.994986891746521
/content/Dataset/Test/Real/real_804.jpg,1,1,True,0.13027417659759521,0.8697258234024048
/content/Dataset/Test/Real/real_805.jpg,1,1,True,0.0001751577074173838,0.9998248219490051
/content/Dataset/Test/Real/real_806.jpg,1,1,True,0.19979190826416016,0.8002080917358398
/content/Dataset/Test/Real/real_807.jpg,1,1,True,0.0008000691304914653,0.9991999268531799
/content/Dataset/Test/Real/real_808.jpg,1,1,True,0.00018538370204623789,0.9998146891593933
/content/Dataset/Test/Real/real_809.jpg,1,1,True,0.00017459427181165665,0.9998254179954529
/content/Dataset/Test/Real/real_81.jpg,1,0,False,0.5600667595863342,0.43993330001831055
/content/Dataset/Test/Real/real_810.jpg,1,1,True,0.016101138666272163,0.983898937702179
/content/Dataset/Test/Real/real_811.jpg,1,1,True,7.653441571164876e-05,0.9999234676361084
/content/Dataset/Test/Real/real_812.jpg,1,1,True,0.05758240818977356,0.9424176216125488
/content/Dataset/Test/Real/real_813.jpg,1,1,True,5.9187819715589285e-05,0.9999407529830933
/content/Dataset/Test/Real/real_814.jpg,1,1,True,0.00045110334758646786,0.9995488524436951
/content/Dataset/Test/Real/real_815.jpg,1,1,True,7.258444384206086e-05,0.9999274015426636
/content/Dataset/Test/Real/real_816.jpg,1,1,True,0.03235430270433426,0.9676457643508911
/content/Dataset/Test/Real/real_817.jpg,1,1,True,0.0015359576791524887,0.9984641075134277
/content/Dataset/Test/Real/real_818.jpg,1,1,True,0.0029477528296411037,0.9970521926879883
/content/Dataset/Test/Real/real_819.jpg,1,1,True,0.0033050819765776396,0.9966949224472046
/content/Dataset/Test/Real/real_82.jpg,1,1,True,0.0030001725535839796,0.9969998002052307
/content/Dataset/Test/Real/real_820.jpg,1,1,True,0.01812044344842434,0.9818795323371887
/content/Dataset/Test/Real/real_821.jpg,1,0,False,0.8675588369369507,0.1324411779642105
/content/Dataset/Test/Real/real_822.jpg,1,0,False,0.9956877827644348,0.004312209784984589
/content/Dataset/Test/Real/real_823.jpg,1,1,True,0.10622651875019073,0.8937734365463257
/content/Dataset/Test/Real/real_824.jpg,1,1,True,0.027685675770044327,0.9723143577575684
/content/Dataset/Test/Real/real_825.jpg,1,1,True,0.007205990143120289,0.9927940368652344
/content/Dataset/Test/Real/real_826.jpg,1,1,True,0.003778885118663311,0.9962210655212402
/content/Dataset/Test/Real/real_827.jpg,1,1,True,0.37971577048301697,0.6202842593193054
/content/Dataset/Test/Real/real_828.jpg,1,1,True,0.3408205211162567,0.6591794490814209
/content/Dataset/Test/Real/real_829.jpg,1,0,False,0.8633866906166077,0.13661333918571472
/content/Dataset/Test/Real/real_83.jpg,1,0,False,0.998762845993042,0.001237175427377224
/content/Dataset/Test/Real/real_830.jpg,1,1,True,0.001148949726484716,0.9988510608673096
/content/Dataset/Test/Real/real_831.jpg,1,0,False,0.828369677066803,0.1716303676366806
/content/Dataset/Test/Real/real_832.jpg,1,1,True,0.0004350392264313996,0.9995649456977844
/content/Dataset/Test/Real/real_833.jpg,1,1,True,0.008833921514451504,0.9911660552024841
/content/Dataset/Test/Real/real_834.jpg,1,1,True,8.34891980048269e-05,0.9999165534973145
/content/Dataset/Test/Real/real_835.jpg,1,1,True,0.001326275640167296,0.9986737966537476
/content/Dataset/Test/Real/real_836.jpg,1,1,True,0.08451706916093826,0.9154829978942871
/content/Dataset/Test/Real/real_837.jpg,1,1,True,0.19990281760692596,0.8000972270965576
/content/Dataset/Test/Real/real_838.jpg,1,1,True,0.00012167164095444605,0.9998782873153687
/content/Dataset/Test/Real/real_839.jpg,1,1,True,0.021674182265996933,0.9783258438110352
/content/Dataset/Test/Real/real_84.jpg,1,1,True,0.009335828945040703,0.9906641244888306
/content/Dataset/Test/Real/real_840.jpg,1,0,False,0.6844280362129211,0.31557196378707886
/content/Dataset/Test/Real/real_841.jpg,1,1,True,0.018306061625480652,0.9816939234733582
/content/Dataset/Test/Real/real_842.jpg,1,0,False,0.9995962977409363,0.00040377190453000367
/content/Dataset/Test/Real/real_843.jpg,1,1,True,0.012673025950789452,0.9873269200325012
/content/Dataset/Test/Real/real_844.jpg,1,1,True,0.04585966840386391,0.954140305519104
/content/Dataset/Test/Real/real_845.jpg,1,1,True,0.0008713155402801931,0.9991287589073181
/content/Dataset/Test/Real/real_846.jpg,1,1,True,0.0002551564830355346,0.9997448325157166
/content/Dataset/Test/Real/real_847.jpg,1,1,True,5.643665645038709e-05,0.9999436140060425
/content/Dataset/Test/Real/real_848.jpg,1,1,True,0.1347184032201767,0.8652815818786621
/content/Dataset/Test/Real/real_849.jpg,1,1,True,0.09839697927236557,0.9016029834747314
/content/Dataset/Test/Real/real_85.jpg,1,1,True,0.00023802349460311234,0.9997619986534119
/content/Dataset/Test/Real/real_850.jpg,1,1,True,0.15095044672489166,0.8490495681762695
/content/Dataset/Test/Real/real_851.jpg,1,0,False,0.6400456428527832,0.3599543571472168
/content/Dataset/Test/Real/real_852.jpg,1,1,True,0.00012391124619171023,0.9998760223388672
/content/Dataset/Test/Real/real_853.jpg,1,1,True,0.4079551696777344,0.5920448303222656
/content/Dataset/Test/Real/real_854.jpg,1,1,True,0.0003156390448566526,0.9996843338012695
/content/Dataset/Test/Real/real_855.jpg,1,1,True,0.00012587889796122909,0.9998741149902344
/content/Dataset/Test/Real/real_856.jpg,1,1,True,0.015109185129404068,0.984890878200531
/content/Dataset/Test/Real/real_857.jpg,1,1,True,0.0020272715482860804,0.9979726672172546
/content/Dataset/Test/Real/real_858.jpg,1,1,True,0.047611627727746964,0.952388346195221
/content/Dataset/Test/Real/real_859.jpg,1,1,True,0.00011601555888773873,0.9998840093612671
/content/Dataset/Test/Real/real_86.jpg,1,1,True,0.0029489193111658096,0.9970511198043823
/content/Dataset/Test/Real/real_860.jpg,1,1,True,0.03551848232746124,0.9644815325737
/content/Dataset/Test/Real/real_861.jpg,1,1,True,0.1730271428823471,0.8269728422164917
/content/Dataset/Test/Real/real_862.jpg,1,0,False,0.6193147897720337,0.38068515062332153
/content/Dataset/Test/Real/real_863.jpg,1,1,True,0.0009418883128091693,0.9990580677986145
/content/Dataset/Test/Real/real_864.jpg,1,1,True,0.013394198380410671,0.9866058230400085
/content/Dataset/Test/Real/real_865.jpg,1,1,True,3.761921834666282e-05,0.999962329864502
/content/Dataset/Test/Real/real_866.jpg,1,1,True,9.556196891935542e-05,0.9999043941497803
/content/Dataset/Test/Real/real_867.jpg,1,1,True,4.993828770238906e-05,0.9999500513076782
/content/Dataset/Test/Real/real_868.jpg,1,1,True,8.389644790440798e-05,0.9999160766601562
/content/Dataset/Test/Real/real_869.jpg,1,1,True,0.29354679584503174,0.706453263759613
/content/Dataset/Test/Real/real_87.jpg,1,1,True,0.01012262050062418,0.9898774027824402
/content/Dataset/Test/Real/real_870.jpg,1,0,False,0.9997206330299377,0.0002793451421894133
/content/Dataset/Test/Real/real_871.jpg,1,1,True,0.0005028594168834388,0.9994971752166748
/content/Dataset/Test/Real/real_872.jpg,1,0,False,0.9645652770996094,0.03543472662568092
/content/Dataset/Test/Real/real_873.jpg,1,1,True,0.10501109808683395,0.8949888348579407
/content/Dataset/Test/Real/real_874.jpg,1,1,True,0.00010568583820713684,0.9998942613601685
/content/Dataset/Test/Real/real_875.jpg,1,1,True,0.00038959254743531346,0.9996104836463928
/content/Dataset/Test/Real/real_876.jpg,1,1,True,4.850144614465535e-05,0.9999514818191528
/content/Dataset/Test/Real/real_877.jpg,1,1,True,0.002305460860952735,0.9976945519447327
/content/Dataset/Test/Real/real_878.jpg,1,1,True,0.00504667591303587,0.9949533343315125
/content/Dataset/Test/Real/real_879.jpg,1,0,False,0.6376626491546631,0.3623373806476593
/content/Dataset/Test/Real/real_88.jpg,1,1,True,0.00019275242812000215,0.9998072981834412
/content/Dataset/Test/Real/real_880.jpg,1,1,True,0.014444886706769466,0.9855551719665527
/content/Dataset/Test/Real/real_881.jpg,1,1,True,5.295122537063435e-05,0.9999470710754395
/content/Dataset/Test/Real/real_882.jpg,1,0,False,0.8540768027305603,0.14592325687408447
/content/Dataset/Test/Real/real_883.jpg,1,1,True,0.00017375341849401593,0.9998262524604797
/content/Dataset/Test/Real/real_884.jpg,1,1,True,0.0003324543358758092,0.9996675252914429
/content/Dataset/Test/Real/real_885.jpg,1,1,True,0.1926886886358261,0.8073112964630127
/content/Dataset/Test/Real/real_886.jpg,1,0,False,0.929865837097168,0.07013414800167084
/content/Dataset/Test/Real/real_887.jpg,1,1,True,0.017478512600064278,0.9825214743614197
/content/Dataset/Test/Real/real_888.jpg,1,1,True,0.0011863128747791052,0.9988137483596802
/content/Dataset/Test/Real/real_889.jpg,1,1,True,0.00022935665037948638,0.9997707009315491
/content/Dataset/Test/Real/real_89.jpg,1,1,True,0.11826951056718826,0.8817305564880371
/content/Dataset/Test/Real/real_890.jpg,1,1,True,0.0005341388750821352,0.9994658827781677
/content/Dataset/Test/Real/real_891.jpg,1,1,True,0.003296992741525173,0.9967029690742493
/content/Dataset/Test/Real/real_892.jpg,1,1,True,0.00014657726569566876,0.9998533725738525
/content/Dataset/Test/Real/real_893.jpg,1,1,True,0.001308618695475161,0.9986913800239563
/content/Dataset/Test/Real/real_894.jpg,1,1,True,0.057800646871328354,0.9421993494033813
/content/Dataset/Test/Real/real_895.jpg,1,0,False,0.6635606288909912,0.3364393711090088
/content/Dataset/Test/Real/real_896.jpg,1,1,True,0.00016886612866073847,0.9998310804367065
/content/Dataset/Test/Real/real_897.jpg,1,1,True,5.516687087947503e-05,0.999944806098938
/content/Dataset/Test/Real/real_898.jpg,1,1,True,0.024036433547735214,0.9759635925292969
/content/Dataset/Test/Real/real_899.jpg,1,1,True,0.00011521208944031969,0.9998847246170044
/content/Dataset/Test/Real/real_9.jpg,1,1,True,0.0002485599834471941,0.9997513890266418
/content/Dataset/Test/Real/real_90.jpg,1,1,True,0.00046933835255913436,0.9995306730270386
/content/Dataset/Test/Real/real_900.jpg,1,1,True,0.00014929703320376575,0.9998506307601929
/content/Dataset/Test/Real/real_901.jpg,1,1,True,0.0047004264779388905,0.9952995777130127
/content/Dataset/Test/Real/real_902.jpg,1,1,True,0.0022368980571627617,0.9977630376815796
/content/Dataset/Test/Real/real_903.jpg,1,1,True,0.003381566144526005,0.996618390083313
/content/Dataset/Test/Real/real_904.jpg,1,1,True,0.0009680986404418945,0.9990319013595581
/content/Dataset/Test/Real/real_905.jpg,1,1,True,0.0012306560529395938,0.9987693428993225
/content/Dataset/Test/Real/real_906.jpg,1,0,False,0.8014377951622009,0.1985621452331543
/content/Dataset/Test/Real/real_907.jpg,1,1,True,0.0004904117085970938,0.9995095729827881
/content/Dataset/Test/Real/real_908.jpg,1,1,True,0.024191562086343765,0.9758085012435913
/content/Dataset/Test/Real/real_909.jpg,1,1,True,0.0001340975140919909,0.9998658895492554
/content/Dataset/Test/Real/real_91.jpg,1,1,True,0.022821249440312386,0.9771788120269775
/content/Dataset/Test/Real/real_910.jpg,1,1,True,6.777445378247648e-05,0.9999321699142456
/content/Dataset/Test/Real/real_911.jpg,1,1,True,0.0012117241276428103,0.9987882971763611
/content/Dataset/Test/Real/real_912.jpg,1,1,True,0.039605580270290375,0.9603943824768066
/content/Dataset/Test/Real/real_913.jpg,1,1,True,9.694830805528909e-05,0.9999030828475952
/content/Dataset/Test/Real/real_914.jpg,1,1,True,0.00024921781732700765,0.9997507929801941
/content/Dataset/Test/Real/real_915.jpg,1,1,True,0.0008147789048962295,0.9991852641105652
/content/Dataset/Test/Real/real_916.jpg,1,1,True,0.20298311114311218,0.7970169186592102
/content/Dataset/Test/Real/real_917.jpg,1,1,True,0.0005806631525047123,0.9994193315505981
/content/Dataset/Test/Real/real_918.jpg,1,1,True,0.0010865010553970933,0.9989135265350342
/content/Dataset/Test/Real/real_919.jpg,1,1,True,0.00040177564369514585,0.9995982050895691
/content/Dataset/Test/Real/real_92.jpg,1,1,True,0.00014255901623982936,0.9998574256896973
/content/Dataset/Test/Real/real_920.jpg,1,1,True,0.07455632090568542,0.9254436492919922
/content/Dataset/Test/Real/real_921.jpg,1,1,True,0.0001075694672181271,0.9998924732208252
/content/Dataset/Test/Real/real_922.jpg,1,1,True,0.020634742453694344,0.9793652296066284
/content/Dataset/Test/Real/real_923.jpg,1,1,True,0.000534331367816776,0.9994656443595886
/content/Dataset/Test/Real/real_924.jpg,1,1,True,7.571687456220388e-05,0.9999243021011353
/content/Dataset/Test/Real/real_925.jpg,1,1,True,0.010488576255738735,0.9895114302635193
/content/Dataset/Test/Real/real_926.jpg,1,1,True,0.0006464521284215152,0.9993535876274109
/content/Dataset/Test/Real/real_927.jpg,1,1,True,0.001882275682874024,0.9981178045272827
/content/Dataset/Test/Real/real_928.jpg,1,1,True,0.0005574356764554977,0.9994425177574158
/content/Dataset/Test/Real/real_929.jpg,1,0,False,0.8275874257087708,0.17241254448890686
/content/Dataset/Test/Real/real_93.jpg,1,1,True,0.4463198482990265,0.5536801218986511
/content/Dataset/Test/Real/real_930.jpg,1,1,True,0.00023280555615201592,0.9997672438621521
/content/Dataset/Test/Real/real_931.jpg,1,1,True,0.06654064357280731,0.9334593415260315
/content/Dataset/Test/Real/real_932.jpg,1,1,True,0.0003513930132612586,0.9996485710144043
/content/Dataset/Test/Real/real_933.jpg,1,1,True,0.04740703105926514,0.9525929689407349
/content/Dataset/Test/Real/real_934.jpg,1,0,False,0.9144466519355774,0.08555330336093903
/content/Dataset/Test/Real/real_935.jpg,1,1,True,0.006327860057353973,0.9936721324920654
/content/Dataset/Test/Real/real_936.jpg,1,1,True,5.123180017108098e-05,0.9999487400054932
/content/Dataset/Test/Real/real_937.jpg,1,1,True,5.8173653087578714e-05,0.9999418258666992
/content/Dataset/Test/Real/real_938.jpg,1,1,True,0.00022730199270881712,0.9997727274894714
/content/Dataset/Test/Real/real_939.jpg,1,1,True,4.4490636355476454e-05,0.9999555349349976
/content/Dataset/Test/Real/real_94.jpg,1,0,False,0.9711049199104309,0.02889513038098812
/content/Dataset/Test/Real/real_940.jpg,1,1,True,0.00026679306756705046,0.9997331500053406
/content/Dataset/Test/Real/real_941.jpg,1,1,True,0.011884454637765884,0.9881155490875244
/content/Dataset/Test/Real/real_942.jpg,1,1,True,0.0003690532175824046,0.9996309280395508
/content/Dataset/Test/Real/real_943.jpg,1,1,True,0.00031980607309378684,0.9996801614761353
/content/Dataset/Test/Real/real_944.jpg,1,1,True,0.00010851980186998844,0.9998915195465088
/content/Dataset/Test/Real/real_945.jpg,1,1,True,7.587689469801262e-05,0.9999240636825562
/content/Dataset/Test/Real/real_946.jpg,1,1,True,0.03395118564367294,0.9660488367080688
/content/Dataset/Test/Real/real_947.jpg,1,1,True,5.3666481107939035e-05,0.9999463558197021
/content/Dataset/Test/Real/real_948.jpg,1,1,True,0.06317741423845291,0.9368225336074829
/content/Dataset/Test/Real/real_949.jpg,1,1,True,0.0006897081038914621,0.9993102550506592
/content/Dataset/Test/Real/real_95.jpg,1,0,False,0.9639286994934082,0.036071259528398514
/content/Dataset/Test/Real/real_950.jpg,1,1,True,0.0007350696832872927,0.9992648959159851
/content/Dataset/Test/Real/real_951.jpg,1,1,True,0.004852540325373411,0.9951474070549011
/content/Dataset/Test/Real/real_952.jpg,1,1,True,0.00012433984375093132,0.9998756647109985
/content/Dataset/Test/Real/real_953.jpg,1,1,True,0.0009975110879167914,0.9990025162696838
/content/Dataset/Test/Real/real_954.jpg,1,1,True,0.005597436334937811,0.9944025874137878
/content/Dataset/Test/Real/real_955.jpg,1,1,True,0.0185223538428545,0.981477677822113
/content/Dataset/Test/Real/real_956.jpg,1,1,True,0.0010143077233806252,0.9989857077598572
/content/Dataset/Test/Real/real_957.jpg,1,1,True,0.004083193838596344,0.9959167838096619
/content/Dataset/Test/Real/real_958.jpg,1,1,True,0.0013978120405226946,0.9986022114753723
/content/Dataset/Test/Real/real_959.jpg,1,1,True,0.000976407143753022,0.9990235567092896
/content/Dataset/Test/Real/real_96.jpg,1,0,False,0.8683692812919617,0.13163070380687714
/content/Dataset/Test/Real/real_960.jpg,1,1,True,0.0001846938394010067,0.9998152852058411
/content/Dataset/Test/Real/real_961.jpg,1,1,True,0.0001762960891937837,0.9998237490653992
/content/Dataset/Test/Real/real_962.jpg,1,1,True,0.003776369383558631,0.9962235689163208
/content/Dataset/Test/Real/real_963.jpg,1,1,True,0.04367917776107788,0.9563208222389221
/content/Dataset/Test/Real/real_964.jpg,1,1,True,0.00014543371798936278,0.999854564666748
/content/Dataset/Test/Real/real_965.jpg,1,1,True,0.00014320127957034856,0.9998568296432495
/content/Dataset/Test/Real/real_966.jpg,1,1,True,0.0005456394865177572,0.9994543194770813
/content/Dataset/Test/Real/real_967.jpg,1,0,False,0.6232134103775024,0.37678661942481995
/content/Dataset/Test/Real/real_968.jpg,1,1,True,0.0008417788194492459,0.9991582632064819
/content/Dataset/Test/Real/real_969.jpg,1,1,True,0.23380759358406067,0.7661924362182617
/content/Dataset/Test/Real/real_97.jpg,1,0,False,0.8772245645523071,0.12277542799711227
/content/Dataset/Test/Real/real_970.jpg,1,1,True,0.0029955036006867886,0.9970044493675232
/content/Dataset/Test/Real/real_971.jpg,1,1,True,0.002911226125434041,0.9970888495445251
/content/Dataset/Test/Real/real_972.jpg,1,1,True,0.11365580558776855,0.8863441944122314
/content/Dataset/Test/Real/real_973.jpg,1,1,True,0.005466489586979151,0.9945335388183594
/content/Dataset/Test/Real/real_974.jpg,1,1,True,0.00183423375710845,0.9981657862663269
/content/Dataset/Test/Real/real_975.jpg,1,1,True,0.03483010083436966,0.9651699066162109
/content/Dataset/Test/Real/real_976.jpg,1,0,False,0.9774081110954285,0.02259189262986183
/content/Dataset/Test/Real/real_977.jpg,1,1,True,0.001018101698718965,0.9989818930625916
/content/Dataset/Test/Real/real_978.jpg,1,1,True,0.00041697698179632425,0.9995830655097961
/content/Dataset/Test/Real/real_979.jpg,1,1,True,0.005479087587445974,0.994520902633667
/content/Dataset/Test/Real/real_98.jpg,1,0,False,0.7042584419250488,0.29574158787727356
/content/Dataset/Test/Real/real_980.jpg,1,1,True,0.0019784460309892893,0.9980216026306152
/content/Dataset/Test/Real/real_981.jpg,1,0,False,0.9986623525619507,0.0013376947026699781
/content/Dataset/Test/Real/real_982.jpg,1,1,True,0.018700070679187775,0.9812999367713928
/content/Dataset/Test/Real/real_983.jpg,1,1,True,7.669588376302272e-05,0.9999233484268188
/content/Dataset/Test/Real/real_984.jpg,1,1,True,0.0010142032988369465,0.9989858269691467
/content/Dataset/Test/Real/real_985.jpg,1,1,True,0.009564271196722984,0.9904357194900513
/content/Dataset/Test/Real/real_986.jpg,1,1,True,0.0001751919335220009,0.9998248219490051
/content/Dataset/Test/Real/real_987.jpg,1,1,True,0.0019633909687399864,0.9980365633964539
/content/Dataset/Test/Real/real_988.jpg,1,1,True,6.05604363954626e-05,0.9999394416809082
/content/Dataset/Test/Real/real_989.jpg,1,0,False,0.9986498951911926,0.0013501470675691962
/content/Dataset/Test/Real/real_99.jpg,1,0,False,0.9622517824172974,0.037748198956251144
/content/Dataset/Test/Real/real_990.jpg,1,1,True,0.003880544798448682,0.996119499206543
/content/Dataset/Test/Real/real_991.jpg,1,1,True,0.000541617046110332,0.999458372592926
/content/Dataset/Test/Real/real_992.jpg,1,1,True,0.00564796244725585,0.9943519830703735
/content/Dataset/Test/Real/real_993.jpg,1,1,True,0.001876216847449541,0.998123824596405
/content/Dataset/Test/Real/real_994.jpg,1,1,True,0.0023970124311745167,0.9976029992103577
/content/Dataset/Test/Real/real_995.jpg,1,1,True,0.0031820042058825493,0.996817946434021
/content/Dataset/Test/Real/real_996.jpg,1,1,True,0.0019411128014326096,0.9980588555335999
/content/Dataset/Test/Real/real_997.jpg,1,1,True,8.262738265329972e-05,0.9999173879623413
/content/Dataset/Test/Real/real_998.jpg,1,1,True,0.000936801778152585,0.9990631937980652
/content/Dataset/Test/Real/real_999.jpg,1,1,True,0.06971361488103867,0.9302863478660583
